ID,Model,ModelParameters,TransformationParameters,TransformationRuntime,FitRuntime,PredictRuntime,TotalRuntime,Ensemble,Exceptions,Runs,Generation,ValidationRound,ValidationStartDate,smape,mae,rmse,made,mage,mate,matse,underestimate,mle,overestimate,imle,spl,containment,contour,maxe,oda,dwae,mqae,ewmae,uwmse,smoothness,wasserstein,dwd,custom,smape_weighted,mae_weighted,rmse_weighted,made_weighted,mage_weighted,mate_weighted,matse_weighted,underestimate_weighted,mle_weighted,overestimate_weighted,imle_weighted,spl_weighted,containment_weighted,contour_weighted,maxe_weighted,oda_weighted,dwae_weighted,mqae_weighted,ewmae_weighted,uwmse_weighted,smoothness_weighted,wasserstein_weighted,dwd_weighted,custom_weighted,TotalRuntimeSeconds,Score
d8cd8b66a9a28255be6ed91e0ed0f3ea,WindowRegression,"{""window_size"": 10, ""input_dim"": ""univariate"", ""output_dim"": ""forecast_length"", ""normalize_window"": false, ""max_windows"": 200000, ""fourier_encoding_components"": null, ""scale"": false, ""datepart_method"": null, ""regression_type"": ""User"", ""regression_model"": {""model"": ""xgboost"", ""model_params"": {""booster"": ""gbtree"", ""colsample_bylevel"": 0.54, ""learning_rate"": 0.025, ""max_depth"": 11, ""min_child_weight"": 0.0127, ""n_estimators"": 240, ""tree_method"": ""hist"", ""objective"": ""reg:squarederror"", ""device"": ""cuda""}}}","{""fillna"": null, ""transformations"": {}, ""transformation_params"": {}}",0 days 00:00:00.000184,0 days 00:00:00.300652,0 days 00:00:00.190633,0 days 00:00:00.531535,0,,1,0,0,2023-10-14 21:52:00,0.008975059412337076,2.4092515708717883,3.3451826264254567,0.2795506428653362,2.4092515708717883,32.30566827877192,1.8803052352826314e-05,-93.24888440728319,1.9077297821685415,60.94321612851127,1.5278136958117954,8.052778455769356,1.0,0.40625,10.883366839472728,1.0,1.0782463732985528,1.6365578706341626,8.19234226659027,1.079435839841683,2.17676216888386,1.1168945745002883,0.24964649014335608,0.0,0.008975059412337076,2.4092515708717883,3.3451826264254567,0.2795506428653362,2.4092515708717883,32.30566827877192,1.8803052352826314e-05,-93.24888440728319,1.9077297821685415,60.94321612851127,1.5278136958117954,8.052778455769356,1.0,0.40625,10.883366839472728,1.0,1.0782463732985528,1.6365578706341626,8.19234226659027,1.079435839841683,2.17676216888386,1.1168945745002883,0.24964649014335608,0.0,0.5315,1.0
fe454ace86848609ed6eed68fc31bbad,WindowRegression,"{""window_size"": 10, ""input_dim"": ""univariate"", ""output_dim"": ""forecast_length"", ""normalize_window"": false, ""max_windows"": 200000, ""fourier_encoding_components"": null, ""scale"": false, ""datepart_method"": null, ""regression_type"": ""User"", ""regression_model"": {""model"": ""xgboost"", ""model_params"": {""booster"": ""gbtree"", ""colsample_bylevel"": 0.54, ""learning_rate"": 0.025, ""max_depth"": 11, ""min_child_weight"": 0.0127, ""n_estimators"": 240, ""tree_method"": ""hist"", ""objective"": ""reg:squarederror"", ""device"": ""cuda""}}}","{""fillna"": ""ffill_mean_biased"", ""transformations"": {""0"": null}, ""transformation_params"": {""0"": {}}}",0 days 00:00:00.000199,0 days 00:00:00.300902,0 days 00:00:00.191827,0 days 00:00:00.533362,0,,1,1,0,2023-10-14 21:52:00,0.008975059412337076,2.4092515708717883,3.3451826264254567,0.2795506428653362,2.4092515708717883,32.30566827877192,1.8803052352826314e-05,-93.24888440728319,1.9077297821685415,60.94321612851127,1.5278136958117954,8.052778455769356,1.0,0.40625,10.883366839472728,1.0,1.0782463732985528,1.6365578706341626,8.19234226659027,1.079435839841683,2.17676216888386,1.1168945745002883,0.24964649014335608,0.0,0.008975059412337076,2.4092515708717883,3.3451826264254567,0.2795506428653362,2.4092515708717883,32.30566827877192,1.8803052352826314e-05,-93.24888440728319,1.9077297821685415,60.94321612851127,1.5278136958117954,8.052778455769356,1.0,0.40625,10.883366839472728,1.0,1.0782463732985528,1.6365578706341626,8.19234226659027,1.079435839841683,2.17676216888386,1.1168945745002883,0.24964649014335608,0.0,0.5334,1.0
e9f72fc7741ad5bae0f864558ba26a05,WindowRegression,"{""window_size"": 10, ""input_dim"": ""univariate"", ""output_dim"": ""forecast_length"", ""normalize_window"": false, ""max_windows"": 200000, ""fourier_encoding_components"": null, ""scale"": false, ""datepart_method"": null, ""regression_type"": ""User"", ""regression_model"": {""model"": ""xgboost"", ""model_params"": {""booster"": ""gbtree"", ""colsample_bylevel"": 0.54, ""learning_rate"": 0.025, ""max_depth"": 11, ""min_child_weight"": 0.0127, ""n_estimators"": 240, ""tree_method"": ""hist"", ""objective"": ""reg:squarederror"", ""device"": ""cuda""}}}","{""fillna"": ""ffill"", ""transformations"": {""0"": null}, ""transformation_params"": {""0"": {}}}",0 days 00:00:00.000197,0 days 00:00:00.299255,0 days 00:00:00.191225,0 days 00:00:00.530935,0,,1,2,0,2023-10-14 21:52:00,0.008975059412337076,2.4092515708717883,3.3451826264254567,0.2795506428653362,2.4092515708717883,32.30566827877192,1.8803052352826314e-05,-93.24888440728319,1.9077297821685415,60.94321612851127,1.5278136958117954,8.052778455769356,1.0,0.40625,10.883366839472728,1.0,1.0782463732985528,1.6365578706341626,8.19234226659027,1.079435839841683,2.17676216888386,1.1168945745002883,0.24964649014335608,0.0,0.008975059412337076,2.4092515708717883,3.3451826264254567,0.2795506428653362,2.4092515708717883,32.30566827877192,1.8803052352826314e-05,-93.24888440728319,1.9077297821685415,60.94321612851127,1.5278136958117954,8.052778455769356,1.0,0.40625,10.883366839472728,1.0,1.0782463732985528,1.6365578706341626,8.19234226659027,1.079435839841683,2.17676216888386,1.1168945745002883,0.24964649014335608,0.0,0.5309,1.0
e5ae2de7371edf27a15eeb18d98c909a,WindowRegression,"{""window_size"": 2, ""input_dim"": ""univariate"", ""output_dim"": ""forecast_length"", ""normalize_window"": false, ""max_windows"": 200000, ""fourier_encoding_components"": null, ""scale"": false, ""datepart_method"": null, ""regression_type"": ""User"", ""regression_model"": {""model"": ""xgboost"", ""model_params"": {""booster"": ""gbtree"", ""objective"": ""reg:squarederror"", ""max_depth"": 6, ""eta"": 0.01, ""min_child_weight"": 2, ""subsample"": 1, ""colsample_bylevel"": 1, ""reg_alpha"": 0, ""reg_lambda"": 1, ""n_estimators"": 100, ""tree_method"": ""hist"", ""device"": ""cuda""}}}","{""fillna"": null, ""transformations"": {}, ""transformation_params"": {}}",0 days 00:00:00.000181,0 days 00:00:00.138791,0 days 00:00:00.180175,0 days 00:00:00.357433,0,,1,0,0,2023-10-14 21:52:00,0.009089380841105712,2.4399672889586554,3.3461401036312677,0.2828711521495811,2.4399672889586554,28.16184437675838,1.6391198894229e-05,-92.15987543505616,1.9216943794048753,63.998031058297784,1.5625055192926713,8.052778455769356,1.0,0.390625,10.445556312057306,1.0,1.0792073177602526,1.6571410732650056,8.46379879966631,0.9805727752085254,2.191546193715906,1.0006691132033825,0.2768185101343851,0.0,0.009089380841105712,2.4399672889586554,3.3461401036312677,0.2828711521495811,2.4399672889586554,28.16184437675838,1.6391198894229e-05,-92.15987543505616,1.9216943794048753,63.998031058297784,1.5625055192926713,8.052778455769356,1.0,0.390625,10.445556312057306,1.0,1.0792073177602526,1.6571410732650056,8.46379879966631,0.9805727752085254,2.191546193715906,1.0006691132033825,0.2768185101343851,0.0,0.3574,1.0002862256901155
e6ea9313aa95ef4c63e4ec8ea0503d95,WindowRegression,"{""window_size"": 2, ""input_dim"": ""univariate"", ""output_dim"": ""forecast_length"", ""normalize_window"": false, ""max_windows"": 200000, ""fourier_encoding_components"": null, ""scale"": false, ""datepart_method"": null, ""regression_type"": ""User"", ""regression_model"": {""model"": ""xgboost"", ""model_params"": {""booster"": ""gbtree"", ""objective"": ""reg:squarederror"", ""max_depth"": 6, ""eta"": 0.01, ""min_child_weight"": 2, ""subsample"": 1, ""colsample_bylevel"": 1, ""reg_alpha"": 0, ""reg_lambda"": 1, ""n_estimators"": 100, ""tree_method"": ""hist"", ""device"": ""cuda""}}}","{""fillna"": null, ""transformations"": {""0"": null}, ""transformation_params"": {""0"": {}}}",0 days 00:00:00.000201,0 days 00:00:00.138663,0 days 00:00:00.182995,0 days 00:00:00.360444,0,,1,1,0,2023-10-14 21:52:00,0.009089380841105712,2.4399672889586554,3.3461401036312677,0.2828711521495811,2.4399672889586554,28.16184437675838,1.6391198894229e-05,-92.15987543505616,1.9216943794048753,63.998031058297784,1.5625055192926713,8.052778455769356,1.0,0.390625,10.445556312057306,1.0,1.0792073177602526,1.6571410732650056,8.46379879966631,0.9805727752085254,2.191546193715906,1.0006691132033825,0.2768185101343851,0.0,0.009089380841105712,2.4399672889586554,3.3461401036312677,0.2828711521495811,2.4399672889586554,28.16184437675838,1.6391198894229e-05,-92.15987543505616,1.9216943794048753,63.998031058297784,1.5625055192926713,8.052778455769356,1.0,0.390625,10.445556312057306,1.0,1.0792073177602526,1.6571410732650056,8.46379879966631,0.9805727752085254,2.191546193715906,1.0006691132033825,0.2768185101343851,0.0,0.3604,1.0002862256901155
9bb0744adb98816f9aaa9dd9b49d17a8,WindowRegression,"{""window_size"": 10, ""input_dim"": ""univariate"", ""output_dim"": ""forecast_length"", ""normalize_window"": false, ""max_windows"": 200000, ""fourier_encoding_components"": null, ""scale"": false, ""datepart_method"": null, ""regression_type"": ""User"", ""regression_model"": {""model"": ""LightGBM"", ""model_params"": {""objective"": ""regression"", ""learning_rate"": 0.01, ""num_leaves"": 31, ""max_depth"": -1, ""boosting_type"": ""dart"", ""n_estimators"": 50, ""linear_tree"": false, ""lambda_l1"": 0.0, ""lambda_l2"": 0.0, ""min_data_in_leaf"": 20, ""feature_fraction"": 1.0, ""max_bin"": 255, ""device_type"": ""cuda""}}}","{""fillna"": null, ""transformations"": {""0"": null}, ""transformation_params"": {""0"": {}}}",0 days 00:00:00.000199,0 days 00:00:00.325407,0 days 00:00:00.167240,0 days 00:00:00.529721,0,,1,3,0,2023-10-14 21:52:00,0.008696854046609423,2.3345639269909384,3.349704262026441,0.27622325675457193,2.3345639269909384,33.26833089684442,1.936335636664609e-05,-91.34021111213224,1.8566488877528633,58.07188021528782,1.4486521021874066,8.052778455769356,1.0,0.375,10.916587694118789,1.0,1.0759061817822868,1.5106210755206524,7.8247948108742555,0.931620049310298,2.1658007383477718,1.2675115376903445,0.15853100195637942,0.0,0.008696854046609423,2.3345639269909384,3.349704262026441,0.27622325675457193,2.3345639269909384,33.26833089684442,1.936335636664609e-05,-91.34021111213224,1.8566488877528633,58.07188021528782,1.4486521021874066,8.052778455769356,1.0,0.375,10.916587694118789,1.0,1.0759061817822868,1.5106210755206524,7.8247948108742555,0.931620049310298,2.1658007383477718,1.2675115376903445,0.15853100195637942,0.0,0.5297,1.0013516857242009
3df6a4a61cdf53b073fe125e1463c7e3,WindowRegression,"{""window_size"": 10, ""input_dim"": ""univariate"", ""output_dim"": ""forecast_length"", ""normalize_window"": false, ""max_windows"": 200000, ""fourier_encoding_components"": null, ""scale"": false, ""datepart_method"": null, ""regression_type"": ""User"", ""regression_model"": {""model"": ""LightGBM"", ""model_params"": {""objective"": ""regression"", ""learning_rate"": 0.01, ""num_leaves"": 31, ""max_depth"": 5, ""boosting_type"": ""gbdt"", ""n_estimators"": 100, ""linear_tree"": false, ""lambda_l1"": 1, ""lambda_l2"": 0.0, ""min_data_in_leaf"": 30, ""feature_fraction"": 1.0, ""max_bin"": 255, ""device_type"": ""cuda""}}}","{""fillna"": null, ""transformations"": {}, ""transformation_params"": {}}",0 days 00:00:00.000181,0 days 00:00:00.094814,0 days 00:00:00.166578,0 days 00:00:00.298347,0,,1,0,0,2023-10-14 21:52:00,0.00849891191727912,2.281428831797541,3.3577736906442057,0.2726375490105092,2.281428831797541,38.04040921076012,2.2140876323640926e-05,-92.02592722290137,1.8274651712325207,53.985518012141256,1.378366307356932,8.052778455769356,1.0,0.390625,10.981918174536986,1.0,1.074238193719332,1.4304030402770338,7.608212269043653,0.9243481529573236,2.1536068792190255,1.5802751468746397,0.15106326999402794,0.0,0.00849891191727912,2.281428831797541,3.3577736906442057,0.2726375490105092,2.281428831797541,38.04040921076012,2.2140876323640926e-05,-92.02592722290137,1.8274651712325207,53.985518012141256,1.378366307356932,8.052778455769356,1.0,0.390625,10.981918174536986,1.0,1.074238193719332,1.4304030402770338,7.608212269043653,0.9243481529573236,2.1536068792190255,1.5802751468746397,0.15106326999402794,0.0,0.2983,1.0037639392597837
06e0de550297f1c34ef19b1be21b8415,WindowRegression,"{""window_size"": 10, ""input_dim"": ""univariate"", ""output_dim"": ""forecast_length"", ""normalize_window"": false, ""max_windows"": 200000, ""fourier_encoding_components"": null, ""scale"": false, ""datepart_method"": null, ""regression_type"": ""User"", ""regression_model"": {""model"": ""LightGBM"", ""model_params"": {""objective"": ""regression"", ""learning_rate"": 0.01, ""num_leaves"": 31, ""max_depth"": 5, ""boosting_type"": ""gbdt"", ""n_estimators"": 100, ""linear_tree"": false, ""lambda_l1"": 1, ""lambda_l2"": 0.0, ""min_data_in_leaf"": 30, ""feature_fraction"": 1.0, ""max_bin"": 255, ""device_type"": ""cuda""}}}","{""fillna"": null, ""transformations"": {""0"": null}, ""transformation_params"": {""0"": {}}}",0 days 00:00:00.000194,0 days 00:00:00.094980,0 days 00:00:00.167908,0 days 00:00:00.300327,0,,1,1,0,2023-10-14 21:52:00,0.00849891191727912,2.281428831797541,3.3577736906442057,0.2726375490105092,2.281428831797541,38.04040921076012,2.2140876323640926e-05,-92.02592722290137,1.8274651712325207,53.985518012141256,1.378366307356932,8.052778455769356,1.0,0.390625,10.981918174536986,1.0,1.074238193719332,1.4304030402770338,7.608212269043653,0.9243481529573236,2.1536068792190255,1.5802751468746397,0.15106326999402794,0.0,0.00849891191727912,2.281428831797541,3.3577736906442057,0.2726375490105092,2.281428831797541,38.04040921076012,2.2140876323640926e-05,-92.02592722290137,1.8274651712325207,53.985518012141256,1.378366307356932,8.052778455769356,1.0,0.390625,10.981918174536986,1.0,1.074238193719332,1.4304030402770338,7.608212269043653,0.9243481529573236,2.1536068792190255,1.5802751468746397,0.15106326999402794,0.0,0.3003,1.0037639392597837
76b83302dc39521f2a4f3a604521ff14,WindowRegression,"{""window_size"": 5, ""input_dim"": ""univariate"", ""output_dim"": ""forecast_length"", ""normalize_window"": false, ""max_windows"": 200000, ""fourier_encoding_components"": null, ""scale"": false, ""datepart_method"": null, ""regression_type"": ""User"", ""regression_model"": {""model"": ""LightGBM"", ""model_params"": {""objective"": ""regression"", ""learning_rate"": 0.01, ""num_leaves"": 31, ""max_depth"": 5, ""boosting_type"": ""dart"", ""n_estimators"": 100, ""linear_tree"": false, ""lambda_l1"": 0.1, ""lambda_l2"": 0.0, ""min_data_in_leaf"": 15, ""feature_fraction"": 0.5, ""max_bin"": 255, ""device_type"": ""cuda""}}}","{""fillna"": null, ""transformations"": {""0"": null}, ""transformation_params"": {""0"": {}}}",0 days 00:00:00.000215,0 days 00:00:00.088441,0 days 00:00:00.166729,0 days 00:00:00.292265,0,,1,3,0,2023-10-14 21:52:00,0.008501236828948548,2.2820529154784026,3.358279680271348,0.2726345277333855,2.2820529154784026,38.22300852171611,2.2247155641990506e-05,-92.13719755616694,1.8287273152175862,53.91418903445083,1.3782148797949996,8.052778455769356,1.0,0.390625,10.984770669707359,1.0,1.0742577996460927,1.4308257779837192,7.611274512419509,0.9241082637392878,2.1536120816730246,1.5864056643101085,0.1509672630686065,0.0,0.008501236828948548,2.2820529154784026,3.358279680271348,0.2726345277333855,2.2820529154784026,38.22300852171611,2.2247155641990506e-05,-92.13719755616694,1.8287273152175862,53.91418903445083,1.3782148797949996,8.052778455769356,1.0,0.390625,10.984770669707359,1.0,1.0742577996460927,1.4308257779837192,7.611274512419509,0.9241082637392878,2.1536120816730246,1.5864056643101085,0.1509672630686065,0.0,0.2923,1.0039151984535704
71986e2c58b479ec429726e704873db7,WindowRegression,"{""window_size"": 20, ""input_dim"": ""univariate"", ""output_dim"": ""forecast_length"", ""normalize_window"": false, ""max_windows"": 200000, ""fourier_encoding_components"": null, ""scale"": false, ""datepart_method"": null, ""regression_type"": ""User"", ""regression_model"": {""model"": ""xgboost"", ""model_params"": {""booster"": ""gbtree"", ""objective"": ""reg:squarederror"", ""max_depth"": 9, ""eta"": 0.3, ""min_child_weight"": 2, ""subsample"": 1, ""colsample_bylevel"": 0.9, ""reg_alpha"": 100, ""reg_lambda"": 1, ""n_estimators"": 10, ""tree_method"": ""hist"", ""device"": ""cuda""}}}","{""fillna"": ""ffill_mean_biased"", ""transformations"": {""0"": null}, ""transformation_params"": {""0"": {}}}",0 days 00:00:00.000211,0 days 00:00:00.021891,0 days 00:00:00.165449,0 days 00:00:00.225064,0,,1,1,0,2023-10-14 21:52:00,0.008507711269707447,2.283790870541793,3.359701132876533,0.2726261140478619,2.283790870541793,38.731513080667355,2.2543123450521924e-05,-92.44706439767106,1.8322381574162934,53.7155513170037,1.3777818812030633,8.052778455769356,1.0,0.390625,10.992714329473529,1.0,1.0743123965598504,1.4320030225750358,7.619802281278197,0.9234504559224732,2.153626569381417,1.6034779964074681,0.15071332267726867,0.0,0.008507711269707447,2.283790870541793,3.359701132876533,0.2726261140478619,2.283790870541793,38.731513080667355,2.2543123450521924e-05,-92.44706439767106,1.8322381574162934,53.7155513170037,1.3777818812030633,8.052778455769356,1.0,0.390625,10.992714329473529,1.0,1.0743123965598504,1.4320030225750358,7.619802281278197,0.9234504559224732,2.153626569381417,1.6034779964074681,0.15071332267726867,0.0,0.2251,1.004340123715933
94c77610d8bb09be58c33a840a848f50,WindowRegression,"{""window_size"": 20, ""input_dim"": ""univariate"", ""output_dim"": ""forecast_length"", ""normalize_window"": false, ""max_windows"": 200000, ""fourier_encoding_components"": null, ""scale"": false, ""datepart_method"": null, ""regression_type"": ""User"", ""regression_model"": {""model"": ""xgboost"", ""model_params"": {""booster"": ""gbtree"", ""objective"": ""reg:squarederror"", ""max_depth"": 6, ""eta"": 0.05, ""min_child_weight"": 1, ""subsample"": 1, ""colsample_bylevel"": 1, ""reg_alpha"": 100, ""reg_lambda"": 1, ""n_estimators"": 7, ""tree_method"": ""hist"", ""device"": ""cuda""}}}","{""fillna"": null, ""transformations"": {""0"": null}, ""transformation_params"": {""0"": {}}}",0 days 00:00:00.000201,0 days 00:00:00.018023,0 days 00:00:00.278740,0 days 00:00:00.335145,0,,1,2,0,2023-10-14 21:52:00,0.008507711269707447,2.283790870541793,3.359701132876533,0.2726261140478619,2.283790870541793,38.731513080667355,2.2543123450521924e-05,-92.44706439767106,1.8322381574162934,53.7155513170037,1.3777818812030633,8.052778455769356,1.0,0.390625,10.992714329473529,1.0,1.0743123965598504,1.4320030225750358,7.619802281278197,0.9234504559224732,2.153626569381417,1.6034779964074681,0.15071332267726867,0.0,0.008507711269707447,2.283790870541793,3.359701132876533,0.2726261140478619,2.283790870541793,38.731513080667355,2.2543123450521924e-05,-92.44706439767106,1.8322381574162934,53.7155513170037,1.3777818812030633,8.052778455769356,1.0,0.390625,10.992714329473529,1.0,1.0743123965598504,1.4320030225750358,7.619802281278197,0.9234504559224732,2.153626569381417,1.6034779964074681,0.15071332267726867,0.0,0.3351,1.004340123715933
b9d6ab7afb36027676a3805fb37a593b,WindowRegression,"{""window_size"": 20, ""input_dim"": ""univariate"", ""output_dim"": ""forecast_length"", ""normalize_window"": false, ""max_windows"": 200000, ""fourier_encoding_components"": null, ""scale"": false, ""datepart_method"": null, ""regression_type"": ""User"", ""regression_model"": {""model"": ""xgboost"", ""model_params"": {""booster"": ""gbtree"", ""objective"": ""reg:squarederror"", ""max_depth"": 9, ""eta"": 0.3, ""min_child_weight"": 2, ""subsample"": 1, ""colsample_bylevel"": 0.9, ""reg_alpha"": 100, ""reg_lambda"": 1, ""n_estimators"": 10, ""tree_method"": ""hist"", ""device"": ""cuda""}}}","{""fillna"": null, ""transformations"": {""0"": null}, ""transformation_params"": {""0"": {}}}",0 days 00:00:00.000192,0 days 00:00:00.019467,0 days 00:00:00.165377,0 days 00:00:00.222741,0,,1,3,0,2023-10-14 21:52:00,0.008507711269707447,2.283790870541793,3.359701132876533,0.2726261140478619,2.283790870541793,38.731513080667355,2.2543123450521924e-05,-92.44706439767106,1.8322381574162934,53.7155513170037,1.3777818812030633,8.052778455769356,1.0,0.390625,10.992714329473529,1.0,1.0743123965598504,1.4320030225750358,7.619802281278197,0.9234504559224732,2.153626569381417,1.6034779964074681,0.15071332267726867,0.0,0.008507711269707447,2.283790870541793,3.359701132876533,0.2726261140478619,2.283790870541793,38.731513080667355,2.2543123450521924e-05,-92.44706439767106,1.8322381574162934,53.7155513170037,1.3777818812030633,8.052778455769356,1.0,0.390625,10.992714329473529,1.0,1.0743123965598504,1.4320030225750358,7.619802281278197,0.9234504559224732,2.153626569381417,1.6034779964074681,0.15071332267726867,0.0,0.2227,1.004340123715933
ed15f8d1ee97ca1df6dafd4c7d239672,WindowRegression,"{""window_size"": 90, ""input_dim"": ""univariate"", ""output_dim"": ""forecast_length"", ""normalize_window"": false, ""max_windows"": 200000, ""fourier_encoding_components"": null, ""scale"": false, ""datepart_method"": null, ""regression_type"": ""User"", ""regression_model"": {""model"": ""LightGBM"", ""model_params"": {""objective"": ""regression"", ""learning_rate"": 0.01, ""num_leaves"": 70, ""max_depth"": 10, ""boosting_type"": ""dart"", ""n_estimators"": 50, ""linear_tree"": false, ""lambda_l1"": 0.0, ""lambda_l2"": 1, ""min_data_in_leaf"": 15, ""feature_fraction"": 0.5, ""max_bin"": 255, ""device_type"": ""cuda""}}}","{""fillna"": ""ffill"", ""transformations"": {""0"": null}, ""transformation_params"": {""0"": {}}}",0 days 00:00:00.000203,0 days 00:00:01.012513,0 days 00:00:00.167832,0 days 00:00:01.218134,0,,1,1,0,2023-10-14 21:52:00,0.008524399446495436,2.2882698599399873,3.3618105160780947,0.2747341136461077,2.2882698599399873,38.09608528897661,2.217328178897509e-05,-92.2726781625679,1.833013572827499,54.17659287359129,1.385213832973601,8.052778455769356,1.0,0.375,10.957181566409417,1.0,1.0744530887896322,1.4380649393004676,7.637822084430057,0.9418973871615701,2.161994297247195,1.5430957429899372,0.14101653369768433,0.0,0.008524399446495436,2.2882698599399873,3.3618105160780947,0.2747341136461077,2.2882698599399873,38.09608528897661,2.217328178897509e-05,-92.2726781625679,1.833013572827499,54.17659287359129,1.385213832973601,8.052778455769356,1.0,0.375,10.957181566409417,1.0,1.0744530887896322,1.4380649393004676,7.637822084430057,0.9418973871615701,2.161994297247195,1.5430957429899372,0.14101653369768433,0.0,1.2181,1.0049706971216714
af4957c7902787e6e05df783721243cf,WindowRegression,"{""window_size"": 90, ""input_dim"": ""univariate"", ""output_dim"": ""forecast_length"", ""normalize_window"": false, ""max_windows"": 200000, ""fourier_encoding_components"": null, ""scale"": false, ""datepart_method"": null, ""regression_type"": ""User"", ""regression_model"": {""model"": ""LightGBM"", ""model_params"": {""objective"": ""regression"", ""learning_rate"": 0.01, ""num_leaves"": 70, ""max_depth"": 10, ""boosting_type"": ""dart"", ""n_estimators"": 50, ""linear_tree"": false, ""lambda_l1"": 0.0, ""lambda_l2"": 1, ""min_data_in_leaf"": 15, ""feature_fraction"": 0.5, ""max_bin"": 255, ""device_type"": ""cuda""}}}","{""fillna"": null, ""transformations"": {}, ""transformation_params"": {}}",0 days 00:00:00.000185,0 days 00:00:01.011822,0 days 00:00:00.168907,0 days 00:00:01.218570,0,,1,0,0,2023-10-14 21:52:00,0.008524399447024267,2.288269860081982,3.3618105162463228,0.27473411367904205,2.288269860081982,38.09608530791593,2.217328179999845e-05,-92.2726781765814,1.833013572944782,54.176592868665466,1.3852138330347548,8.052778455769356,1.0,0.375,10.957181566493091,1.0,1.0744530887940922,1.4380649394537344,7.637822085487194,0.9418973872704492,2.1619942973129143,1.543095742754313,0.14101653368820766,0.0,0.008524399447024267,2.288269860081982,3.3618105162463228,0.27473411367904205,2.288269860081982,38.09608530791593,2.217328179999845e-05,-92.2726781765814,1.833013572944782,54.176592868665466,1.3852138330347548,8.052778455769356,1.0,0.375,10.957181566493091,1.0,1.0744530887940922,1.4380649394537344,7.637822085487194,0.9418973872704492,2.1619942973129143,1.543095742754313,0.14101653368820766,0.0,1.2186,1.004970697171961
f23200d1504deecc9146760fccbdf465,WindowRegression,"{""window_size"": 5, ""input_dim"": ""univariate"", ""output_dim"": ""forecast_length"", ""normalize_window"": false, ""max_windows"": 200000, ""fourier_encoding_components"": null, ""scale"": false, ""datepart_method"": null, ""regression_type"": ""User"", ""regression_model"": {""model"": ""xgboost"", ""model_params"": {""booster"": ""gbtree"", ""objective"": ""reg:squarederror"", ""max_depth"": 3, ""eta"": 0.003, ""min_child_weight"": 1, ""subsample"": 1, ""colsample_bylevel"": 0.5, ""reg_alpha"": 0, ""reg_lambda"": 1, ""tree_method"": ""hist"", ""device"": ""cuda""}}}","{""fillna"": null, ""transformations"": {}, ""transformation_params"": {}}",0 days 00:00:00.000194,0 days 00:00:00.084986,0 days 00:00:00.175008,0 days 00:00:00.298427,0,,1,0,0,2023-10-14 21:52:00,0.00860087527298183,2.308812974157888,3.3716984653619804,0.27679255553625426,2.308812974157888,41.59661415807568,2.4210714570747957e-05,-94.68032225209026,1.86225687478646,53.08370809401458,1.3912682042988296,8.052778455769356,1.0,0.359375,10.928776797856699,1.0,1.075098145025027,1.4606872344975945,7.7983829472393404,0.9294123456060579,2.1693384498080963,1.6086130002216943,0.15722990488390834,0.0,0.00860087527298183,2.308812974157888,3.3716984653619804,0.27679255553625426,2.308812974157888,41.59661415807568,2.4210714570747957e-05,-94.68032225209026,1.86225687478646,53.08370809401458,1.3912682042988296,8.052778455769356,1.0,0.359375,10.928776797856699,1.0,1.075098145025027,1.4606872344975945,7.7983829472393404,0.9294123456060579,2.1693384498080963,1.6086130002216943,0.15722990488390834,0.0,0.2984,1.0079265743900079
e8bc928f2d8d48f9ed72c35b0dcca482,WindowRegression,"{""window_size"": 12, ""input_dim"": ""univariate"", ""output_dim"": ""forecast_length"", ""normalize_window"": false, ""max_windows"": 200000, ""fourier_encoding_components"": null, ""scale"": false, ""datepart_method"": null, ""regression_type"": ""User"", ""regression_model"": {""model"": ""LightGBM"", ""model_params"": {""objective"": ""regression"", ""learning_rate"": 0.01, ""num_leaves"": 15, ""max_depth"": -1, ""boosting_type"": ""gbdt"", ""n_estimators"": 100, ""linear_tree"": false, ""lambda_l1"": 0.0, ""lambda_l2"": 10, ""min_data_in_leaf"": 20, ""feature_fraction"": 1.0, ""max_bin"": 255, ""device_type"": ""cuda""}}}","{""fillna"": null, ""transformations"": {""0"": null}, ""transformation_params"": {""0"": {}}}",0 days 00:00:00.000190,0 days 00:00:00.333314,0 days 00:00:00.167556,0 days 00:00:00.538310,0,,1,3,0,2023-10-14 21:52:00,0.00870739139627116,2.3374089663386144,3.382371138412307,0.2792235812532506,2.3374089663386144,43.48099326135343,2.530749048715226e-05,-96.53758355351238,1.8965738359526805,53.056590292158944,1.4082270251282467,8.052778455769356,1.0,0.375,10.957700441274937,1.0,1.075995418783256,1.4953675064703862,7.94334927878931,0.962968887693713,2.177484118448424,1.5805563498172777,0.19010788244042848,0.0,0.00870739139627116,2.3374089663386144,3.382371138412307,0.2792235812532506,2.3374089663386144,43.48099326135343,2.530749048715226e-05,-96.53758355351238,1.8965738359526805,53.056590292158944,1.4082270251282467,8.052778455769356,1.0,0.375,10.957700441274937,1.0,1.075995418783256,1.4953675064703862,7.94334927878931,0.962968887693713,2.177484118448424,1.5805563498172777,0.19010788244042848,0.0,0.5383,1.0111170348946206
c04e957c7ceb00fd784c5698ebc26afa,WindowRegression,"{""window_size"": 5, ""input_dim"": ""univariate"", ""output_dim"": ""forecast_length"", ""normalize_window"": false, ""max_windows"": 200000, ""fourier_encoding_components"": null, ""scale"": false, ""datepart_method"": null, ""regression_type"": ""User"", ""regression_model"": {""model"": ""xgboost"", ""model_params"": {""booster"": ""gbtree"", ""objective"": ""reg:squarederror"", ""max_depth"": 6, ""eta"": 0.03, ""min_child_weight"": 0.5, ""subsample"": 0.5, ""colsample_bylevel"": 0.5, ""reg_alpha"": 0, ""reg_lambda"": 1, ""tree_method"": ""hist"", ""device"": ""cuda""}}}","{""fillna"": null, ""transformations"": {}, ""transformation_params"": {}}",0 days 00:00:00.000186,0 days 00:00:00.148078,0 days 00:00:00.182330,0 days 00:00:00.369255,0,,1,0,0,2023-10-14 21:52:00,0.009210274194981806,2.4723935499701497,3.4772891222515487,0.2796826239514132,2.4723935499701497,45.44180302451059,2.6448751776422782e-05,-101.83749511130009,1.9966456572019566,56.395692086789495,1.5083530214774803,8.052778455769356,1.0,0.453125,11.141309375409037,1.0,1.0802208491649008,1.632815997496167,8.537170514777294,1.1028036471996532,2.192206185741238,1.596273535371378,0.3882420495597188,0.0,0.009210274194981806,2.4723935499701497,3.4772891222515487,0.2796826239514132,2.4723935499701497,45.44180302451059,2.6448751776422782e-05,-101.83749511130009,1.9966456572019566,56.395692086789495,1.5083530214774803,8.052778455769356,1.0,0.453125,11.141309375409037,1.0,1.0802208491649008,1.632815997496167,8.537170514777294,1.1028036471996532,2.192206185741238,1.596273535371378,0.3882420495597188,0.0,0.3693,1.039491564610706
b86a49070c182a6b3dc993acd60ac1ca,WindowRegression,"{""window_size"": 5, ""input_dim"": ""univariate"", ""output_dim"": ""forecast_length"", ""normalize_window"": false, ""max_windows"": 200000, ""fourier_encoding_components"": null, ""scale"": false, ""datepart_method"": null, ""regression_type"": ""User"", ""regression_model"": {""model"": ""LightGBM"", ""model_params"": {""objective"": ""regression"", ""learning_rate"": 0.01, ""num_leaves"": 70, ""max_depth"": -1, ""boosting_type"": ""gbdt"", ""n_estimators"": 100, ""linear_tree"": false, ""lambda_l1"": 0.0, ""lambda_l2"": 0.0, ""min_data_in_leaf"": 20, ""feature_fraction"": 1.0, ""max_bin"": 255, ""device_type"": ""cuda""}}}","{""fillna"": ""time"", ""transformations"": {""0"": null}, ""transformation_params"": {""0"": {}}}",0 days 00:00:00.000194,0 days 00:00:01.202137,0 days 00:00:00.167949,0 days 00:00:01.407425,0,,1,3,0,2023-10-14 21:52:00,0.009215184488774298,2.47370368798596,3.483128872636659,0.2810252281999033,2.47370368798596,34.515170204515016,2.0089061359818983e-05,-96.41610311780823,1.9602709126589195,61.90093291329322,1.54149795326915,8.052778455769356,1.0,0.390625,11.11291423648072,1.0,1.080261779506345,1.6558064424030077,8.436108698768944,0.9752691732017414,2.193849995002482,1.1743443804441904,0.32256521957644185,0.0,0.009215184488774298,2.47370368798596,3.483128872636659,0.2810252281999033,2.47370368798596,34.515170204515016,2.0089061359818983e-05,-96.41610311780823,1.9602709126589195,61.90093291329322,1.54149795326915,8.052778455769356,1.0,0.390625,11.11291423648072,1.0,1.080261779506345,1.6558064424030077,8.436108698768944,0.9752691732017414,2.193849995002482,1.1743443804441904,0.32256521957644185,0.0,1.4074,1.0412372840638022
45bdced91dc2d47343e4838f14c37e0a,WindowRegression,"{""window_size"": 5, ""input_dim"": ""univariate"", ""output_dim"": ""forecast_length"", ""normalize_window"": false, ""max_windows"": 200000, ""fourier_encoding_components"": null, ""scale"": false, ""datepart_method"": null, ""regression_type"": ""User"", ""regression_model"": {""model"": ""xgboost"", ""model_params"": {""booster"": ""gbtree"", ""objective"": ""reg:squarederror"", ""max_depth"": 6, ""eta"": 0.03, ""min_child_weight"": 1, ""subsample"": 1, ""colsample_bylevel"": 1, ""reg_alpha"": 0, ""reg_lambda"": 1, ""tree_method"": ""hist"", ""device"": ""cuda""}}}","{""fillna"": null, ""transformations"": {}, ""transformation_params"": {}}",0 days 00:00:00.000184,0 days 00:00:00.109657,0 days 00:00:00.177119,0 days 00:00:00.325263,0,,1,0,0,2023-10-14 21:52:00,0.00938620945868162,2.5196139499722108,3.5158591415815788,0.2924631700278936,2.5196139499722108,45.644308631435706,2.6566617269744144e-05,-103.4498007148286,2.0401426719728697,57.80549208339289,1.5259637350797954,8.052778455769356,1.0,0.390625,11.1468214483466,1.0,1.0816950951538986,1.691346748652399,8.638289134346973,1.088004268429492,2.2200226192042405,1.5496386960824908,0.47954288211970003,0.0,0.00938620945868162,2.5196139499722108,3.5158591415815788,0.2924631700278936,2.5196139499722108,45.644308631435706,2.6566617269744144e-05,-103.4498007148286,2.0401426719728697,57.80549208339289,1.5259637350797954,8.052778455769356,1.0,0.390625,11.1468214483466,1.0,1.0816950951538986,1.691346748652399,8.638289134346973,1.088004268429492,2.2200226192042405,1.5496386960824908,0.47954288211970003,0.0,0.3253,1.0510215836372738
cbcb89f0ae715cebd09d0482ad716d70,WindowRegression,"{""window_size"": 5, ""input_dim"": ""univariate"", ""output_dim"": ""forecast_length"", ""normalize_window"": false, ""max_windows"": 200000, ""fourier_encoding_components"": null, ""scale"": false, ""datepart_method"": null, ""regression_type"": ""User"", ""regression_model"": {""model"": ""xgboost"", ""model_params"": {""booster"": ""gbtree"", ""objective"": ""reg:squarederror"", ""max_depth"": 6, ""eta"": 0.03, ""min_child_weight"": 1, ""subsample"": 1, ""colsample_bylevel"": 1, ""reg_alpha"": 0.001, ""reg_lambda"": 1, ""n_estimators"": 100, ""grow_policy"": ""lossguide"", ""tree_method"": ""hist"", ""device"": ""cuda""}}}","{""fillna"": ""rolling_mean"", ""transformations"": {""0"": null}, ""transformation_params"": {""0"": {}}}",0 days 00:00:00.000188,0 days 00:00:00.207722,0 days 00:00:00.176285,0 days 00:00:00.422204,0,,1,2,0,2023-10-14 21:52:00,0.009533903683887828,2.5592768997814233,3.538470420254167,0.2960955534292123,2.5592768997814233,47.067516451603296,2.739497503410426e-05,-105.43061901880719,2.0691832774021486,58.363102567203896,1.5559925119353353,8.052778455769356,1.0,0.40625,11.171375733290915,1.0,1.0829318426772478,1.735145401576153,8.872529035200046,1.1703995660781135,2.2215895026327837,1.559014381221306,0.5297148401596967,0.0,0.009533903683887828,2.5592768997814233,3.538470420254167,0.2960955534292123,2.5592768997814233,47.067516451603296,2.739497503410426e-05,-105.43061901880719,2.0691832774021486,58.363102567203896,1.5559925119353353,8.052778455769356,1.0,0.40625,11.171375733290915,1.0,1.0829318426772478,1.735145401576153,8.872529035200046,1.1703995660781135,2.2215895026327837,1.559014381221306,0.5297148401596967,0.0,0.4222,1.0577809391636266
b2181ea06ee056b41a55c6282bff2089,WindowRegression,"{""window_size"": 20, ""input_dim"": ""univariate"", ""output_dim"": ""forecast_length"", ""normalize_window"": false, ""max_windows"": 200000, ""fourier_encoding_components"": null, ""scale"": false, ""datepart_method"": null, ""regression_type"": ""User"", ""regression_model"": {""model"": ""LightGBM"", ""model_params"": {""objective"": ""regression"", ""learning_rate"": 0.1, ""num_leaves"": 31, ""max_depth"": -1, ""boosting_type"": ""gbdt"", ""n_estimators"": 50, ""linear_tree"": false, ""lambda_l1"": 0.0, ""lambda_l2"": 0.1, ""min_data_in_leaf"": 20, ""feature_fraction"": 1.0, ""max_bin"": 255, ""device_type"": ""cuda""}}}","{""fillna"": null, ""transformations"": {""0"": null}, ""transformation_params"": {""0"": {}}}",0 days 00:00:00.000204,0 days 00:00:00.344753,0 days 00:00:00.168432,0 days 00:00:00.550513,0,,1,2,0,2023-10-14 21:52:00,0.009601705849554817,2.5774650811177366,3.5726739898571718,0.2919522327905985,2.5774650811177366,48.468645273551374,2.821048203321052e-05,-106.71320523254326,2.0820621912806816,58.244559958991886,1.5545244026331637,8.052778455769356,1.0,0.40625,10.929546493345697,1.0,1.0834985040934273,1.7512017489897078,8.738894193897753,1.0826666847373538,2.235002452912723,1.6308660693325667,1.1245226841070952,0.0,0.009601705849554817,2.5774650811177366,3.5726739898571718,0.2919522327905985,2.5774650811177366,48.468645273551374,2.821048203321052e-05,-106.71320523254326,2.0820621912806816,58.244559958991886,1.5545244026331637,8.052778455769356,1.0,0.40625,10.929546493345697,1.0,1.0834985040934273,1.7512017489897078,8.738894193897753,1.0826666847373538,2.235002452912723,1.6308660693325667,1.1245226841070952,0.0,0.5505,1.0680056633185389
ae4ecf991c6ae1ea6d0a1bc472fb875b,WindowRegression,"{""window_size"": 10, ""input_dim"": ""univariate"", ""output_dim"": ""forecast_length"", ""normalize_window"": false, ""max_windows"": 200000, ""fourier_encoding_components"": null, ""scale"": false, ""datepart_method"": null, ""regression_type"": ""User"", ""regression_model"": {""model"": ""xgboost"", ""model_params"": {""booster"": ""gbtree"", ""objective"": ""reg:squarederror"", ""max_depth"": 6, ""eta"": 0.03, ""min_child_weight"": 1, ""subsample"": 0.5, ""colsample_bylevel"": 0.5, ""reg_alpha"": 0.001, ""reg_lambda"": 1, ""tree_method"": ""hist"", ""device"": ""cuda""}}}","{""fillna"": null, ""transformations"": {}, ""transformation_params"": {}}",0 days 00:00:00.000208,0 days 00:00:00.490052,0 days 00:00:00.208914,0 days 00:00:00.738497,0,,1,0,0,2023-10-14 21:52:00,0.009634001629762369,2.5861342314583453,3.597307074739046,0.2951841206909372,2.5861342314583453,34.43568155671528,2.004279612880329e-05,-99.97413618502469,2.0274876732258686,65.53845462830941,1.6148964420616785,8.052778455769356,1.0,0.4375,10.91988530549861,1.0,1.0837684913183316,1.7176604914550775,8.82837173414178,1.1125400177604856,2.224668840787084,1.1157111573507004,0.9068159280918159,0.0,0.009634001629762369,2.5861342314583453,3.597307074739046,0.2951841206909372,2.5861342314583453,34.43568155671528,2.004279612880329e-05,-99.97413618502469,2.0274876732258686,65.53845462830941,1.6148964420616785,8.052778455769356,1.0,0.4375,10.91988530549861,1.0,1.0837684913183316,1.7176604914550775,8.82837173414178,1.1125400177604856,2.224668840787084,1.1157111573507004,0.9068159280918159,0.0,0.7385,1.0753694122174131
0f760decfc490502f2782c17cb181970,WindowRegression,"{""window_size"": 5, ""input_dim"": ""univariate"", ""output_dim"": ""forecast_length"", ""normalize_window"": false, ""max_windows"": 200000, ""fourier_encoding_components"": null, ""scale"": false, ""datepart_method"": null, ""regression_type"": ""User"", ""regression_model"": {""model"": ""xgboost"", ""model_params"": {""booster"": ""gbtree"", ""objective"": ""reg:squarederror"", ""max_depth"": 6, ""eta"": 0.3, ""min_child_weight"": 1, ""subsample"": 1, ""colsample_bylevel"": 0.9, ""reg_alpha"": 0, ""reg_lambda"": 5, ""n_estimators"": 100, ""grow_policy"": ""lossguide"", ""tree_method"": ""hist"", ""device"": ""cuda""}}}","{""fillna"": null, ""transformations"": {}, ""transformation_params"": {}}",0 days 00:00:00.000183,0 days 00:00:00.078564,0 days 00:00:00.278108,0 days 00:00:00.395548,0,,1,0,0,2023-10-14 21:52:00,0.010341150325086508,2.7760237958792118,3.6090076759319483,0.2930567897367372,2.7760237958792118,19.180093397040764,1.1163499147102785e-05,-98.42280816665516,2.101335963907614,79.2427147696144,1.8318115787379499,8.052778455769356,1.0,0.421875,11.214192384795751,1.0,1.0896655267303639,1.9830138209142913,9.909542221351657,1.3112979917937653,2.2171196570400253,0.7392470040797701,0.5004993807207919,0.0,0.010341150325086508,2.7760237958792118,3.6090076759319483,0.2930567897367372,2.7760237958792118,19.180093397040764,1.1163499147102785e-05,-98.42280816665516,2.101335963907614,79.2427147696144,1.8318115787379499,8.052778455769356,1.0,0.421875,11.214192384795751,1.0,1.0896655267303639,1.9830138209142913,9.909542221351657,1.3112979917937653,2.2171196570400253,0.7392470040797701,0.5004993807207919,0.0,0.3955,1.078867158827859
aae4b48b17540daad69947938ebfcc9a,WindowRegression,"{""window_size"": 5, ""input_dim"": ""univariate"", ""output_dim"": ""forecast_length"", ""normalize_window"": false, ""max_windows"": 200000, ""fourier_encoding_components"": null, ""scale"": false, ""datepart_method"": null, ""regression_type"": ""User"", ""regression_model"": {""model"": ""xgboost"", ""model_params"": {""booster"": ""gbtree"", ""objective"": ""reg:squarederror"", ""max_depth"": 6, ""eta"": 0.05, ""min_child_weight"": 1, ""subsample"": 1, ""colsample_bylevel"": 1, ""reg_alpha"": 0.001, ""reg_lambda"": 1, ""tree_method"": ""hist"", ""device"": ""cuda""}}}","{""fillna"": null, ""transformations"": {}, ""transformation_params"": {}}",0 days 00:00:00.000183,0 days 00:00:00.086749,0 days 00:00:00.172797,0 days 00:00:00.298291,0,,1,0,0,2023-10-14 21:52:00,0.009742323985735902,2.6152124556599006,3.6144832008619767,0.30359906872131953,2.6152124556599006,40.70653373033201,2.3692655983113426e-05,-104.04006544628282,2.0712251587770742,63.33353171595081,1.6146368303681953,8.052778455769356,1.0,0.390625,10.97852597435849,1.0,1.0846735967067491,1.7700516554206709,9.027847562015339,1.2134961704835643,2.2473551949971573,1.256540261405077,0.9610017932645203,0.0,0.009742323985735902,2.6152124556599006,3.6144832008619767,0.30359906872131953,2.6152124556599006,40.70653373033201,2.3692655983113426e-05,-104.04006544628282,2.0712251587770742,63.33353171595081,1.6146368303681953,8.052778455769356,1.0,0.390625,10.97852597435849,1.0,1.0846735967067491,1.7700516554206709,9.027847562015339,1.2134961704835643,2.2473551949971573,1.256540261405077,0.9610017932645203,0.0,0.2983,1.0805039976918345
0282bcbc796482c0aab957f05baa7dd4,WindowRegression,"{""window_size"": 20, ""input_dim"": ""univariate"", ""output_dim"": ""forecast_length"", ""normalize_window"": false, ""max_windows"": 200000, ""fourier_encoding_components"": null, ""scale"": false, ""datepart_method"": null, ""regression_type"": ""User"", ""regression_model"": {""model"": ""LightGBM"", ""model_params"": {""objective"": ""regression"", ""learning_rate"": 0.1, ""num_leaves"": 31, ""max_depth"": -1, ""boosting_type"": ""gbdt"", ""n_estimators"": 100, ""linear_tree"": false, ""lambda_l1"": 0.0, ""lambda_l2"": 0.0, ""min_data_in_leaf"": 20, ""feature_fraction"": 1.0, ""max_bin"": 255, ""device_type"": ""cuda""}}}","{""fillna"": ""rolling_mean"", ""transformations"": {""0"": null}, ""transformation_params"": {""0"": {}}}",0 days 00:00:00.000194,0 days 00:00:00.625229,0 days 00:00:00.167772,0 days 00:00:00.830332,0,,1,2,0,2023-10-14 21:52:00,0.010236678883528083,2.748027902281933,3.63755182602748,0.2842814610507615,2.748027902281933,35.76684110035421,2.081757850980899e-05,-105.82031342319897,2.1682321265750586,70.05347232284475,1.7271558741298856,8.052778455769356,1.0,0.453125,11.143621401835844,1.0,1.0887981193459415,1.964798425640159,10.112679218611461,1.0744945350511488,2.2620060026790294,1.3099598866173472,0.9806026109527436,0.0,0.010236678883528083,2.748027902281933,3.63755182602748,0.2842814610507615,2.748027902281933,35.76684110035421,2.081757850980899e-05,-105.82031342319897,2.1682321265750586,70.05347232284475,1.7271558741298856,8.052778455769356,1.0,0.453125,11.143621401835844,1.0,1.0887981193459415,1.964798425640159,10.112679218611461,1.0744945350511488,2.2620060026790294,1.3099598866173472,0.9806026109527436,0.0,0.8303,1.087400071162763
0fa87e2fe02d9f220491a11aeea01526,WindowRegression,"{""window_size"": 20, ""input_dim"": ""univariate"", ""output_dim"": ""forecast_length"", ""normalize_window"": false, ""max_windows"": 200000, ""fourier_encoding_components"": null, ""scale"": false, ""datepart_method"": null, ""regression_type"": ""User"", ""regression_model"": {""model"": ""LightGBM"", ""model_params"": {""objective"": ""regression"", ""learning_rate"": 0.1, ""num_leaves"": 31, ""max_depth"": 5, ""boosting_type"": ""gbdt"", ""n_estimators"": 100, ""linear_tree"": false, ""lambda_l1"": 0.0, ""lambda_l2"": 0.0, ""min_data_in_leaf"": 20, ""feature_fraction"": 1.0, ""max_bin"": 255, ""device_type"": ""cuda""}}}","{""fillna"": null, ""transformations"": {}, ""transformation_params"": {}}",0 days 00:00:00.000182,0 days 00:00:00.720552,0 days 00:00:00.168652,0 days 00:00:00.926473,0,,1,0,0,2023-10-14 21:52:00,0.010236678904604543,2.748027907941605,3.637551828572919,0.28428146121525677,2.748027907941605,35.76684047224262,2.0817578144225616e-05,-105.82031329025267,2.168232127546416,70.05347281801005,1.7271558813928447,8.052778455769356,1.0,0.453125,11.143621411818458,1.0,1.0887981195213672,1.9647984327259311,10.112679254227263,1.074494532170861,2.262006004138883,1.3099598748437264,0.9806026134655755,0.0,0.010236678904604543,2.748027907941605,3.637551828572919,0.28428146121525677,2.748027907941605,35.76684047224262,2.0817578144225616e-05,-105.82031329025267,2.168232127546416,70.05347281801005,1.7271558813928447,8.052778455769356,1.0,0.453125,11.143621411818458,1.0,1.0887981195213672,1.9647984327259311,10.112679254227263,1.074494532170861,2.262006004138883,1.3099598748437264,0.9806026134655755,0.0,0.9265,1.0874000719236898
974543be739ebd0f0fa3afbe59ca4a8d,WindowRegression,"{""window_size"": 10, ""input_dim"": ""univariate"", ""output_dim"": ""forecast_length"", ""normalize_window"": false, ""max_windows"": 200000, ""fourier_encoding_components"": null, ""scale"": false, ""datepart_method"": null, ""regression_type"": ""User"", ""regression_model"": {""model"": ""LightGBM"", ""model_params"": {""objective"": ""regression"", ""learning_rate"": 0.1, ""num_leaves"": 1000, ""max_depth"": 5, ""boosting_type"": ""gbdt"", ""n_estimators"": 100, ""linear_tree"": false, ""lambda_l1"": 0.0, ""lambda_l2"": 0.0, ""min_data_in_leaf"": 20, ""feature_fraction"": 1.0, ""max_bin"": 255, ""device_type"": ""cuda""}}}","{""fillna"": null, ""transformations"": {}, ""transformation_params"": {}}",0 days 00:00:00.000189,0 days 00:00:03.920403,0 days 00:00:00.170175,0 days 00:00:04.128084,0,,1,0,0,2023-10-14 21:52:00,0.013080626496085542,3.5115613109790047,4.601527902059081,0.3346023833397226,3.5115613109790047,14.35028340176359,8.352377290351868e-06,-105.19482025044636,2.360754107566767,119.54510365220995,2.4677348581429817,8.052778455769356,1.0,0.359375,14.988264720785082,1.0,1.1122126242857209,2.5516172428130326,12.859433894596975,3.583844541933297,2.318419778520624,0.8286804934871296,1.690373029940915,0.0,0.013080626496085542,3.5115613109790047,4.601527902059081,0.3346023833397226,3.5115613109790047,14.35028340176359,8.352377290351868e-06,-105.19482025044636,2.360754107566767,119.54510365220995,2.4677348581429817,8.052778455769356,1.0,0.359375,14.988264720785082,1.0,1.1122126242857209,2.5516172428130326,12.859433894596975,3.583844541933297,2.318419778520624,0.8286804934871296,1.690373029940915,0.0,4.1281,1.375568516262477
ed15f8d1ee97ca1df6dafd4c7d239672,WindowRegression,"{""window_size"": 90, ""input_dim"": ""univariate"", ""output_dim"": ""forecast_length"", ""normalize_window"": false, ""max_windows"": 200000, ""fourier_encoding_components"": null, ""scale"": false, ""datepart_method"": null, ""regression_type"": ""User"", ""regression_model"": {""model"": ""LightGBM"", ""model_params"": {""objective"": ""regression"", ""learning_rate"": 0.01, ""num_leaves"": 70, ""max_depth"": 10, ""boosting_type"": ""dart"", ""n_estimators"": 50, ""linear_tree"": false, ""lambda_l1"": 0.0, ""lambda_l2"": 1, ""min_data_in_leaf"": 15, ""feature_fraction"": 0.5, ""max_bin"": 255, ""device_type"": ""cuda""}}}","{""fillna"": ""ffill"", ""transformations"": {""0"": null}, ""transformation_params"": {""0"": {}}}",0 days 00:00:00.000203,0 days 00:00:00.944729,0 days 00:00:00.166431,0 days 00:00:01.150084,0,,1,0,2,2023-10-10 21:52:00,0.019754091468521556,5.419512187351302,8.144077349943277,0.8647906808804092,5.419512187351302,56.43715866200364,3.2140578591092843e-05,-145.20581066423983,3.0727114721142224,201.64296932624347,3.7387613956167622,4.480913222246285,1.0,0.5,26.62459726394809,1.0,1.2360260231343896,3.3840123041396444,24.00837223932458,6.527135443065714,2.546053721583988,1.1958470614815462,0.45592204657545976,0.0,0.019754091468521556,5.419512187351302,8.144077349943277,0.8647906808804092,5.419512187351302,56.43715866200364,3.2140578591092843e-05,-145.20581066423983,3.0727114721142224,201.64296932624347,3.7387613956167622,4.480913222246285,1.0,0.5,26.62459726394809,1.0,1.2360260231343896,3.3840123041396444,24.00837223932458,6.527135443065714,2.546053721583988,1.1958470614815462,0.45592204657545976,0.0,1.1501,2.434568829100296
af4957c7902787e6e05df783721243cf,WindowRegression,"{""window_size"": 90, ""input_dim"": ""univariate"", ""output_dim"": ""forecast_length"", ""normalize_window"": false, ""max_windows"": 200000, ""fourier_encoding_components"": null, ""scale"": false, ""datepart_method"": null, ""regression_type"": ""User"", ""regression_model"": {""model"": ""LightGBM"", ""model_params"": {""objective"": ""regression"", ""learning_rate"": 0.01, ""num_leaves"": 70, ""max_depth"": 10, ""boosting_type"": ""dart"", ""n_estimators"": 50, ""linear_tree"": false, ""lambda_l1"": 0.0, ""lambda_l2"": 1, ""min_data_in_leaf"": 15, ""feature_fraction"": 0.5, ""max_bin"": 255, ""device_type"": ""cuda""}}}","{""fillna"": null, ""transformations"": {}, ""transformation_params"": {}}",0 days 00:00:00.000192,0 days 00:00:00.932466,0 days 00:00:00.275930,0 days 00:00:01.248263,0,,1,0,2,2023-10-10 21:52:00,0.019754091468139348,5.419512187246369,8.144077350188251,0.8647906807992644,5.419512187246369,56.43715873534529,3.214057863286042e-05,-145.20581062421115,3.0727114715494777,201.64296935955645,3.738761395821627,4.480913222246285,1.0,0.5,26.62459726619636,1.0,1.2360260231302558,3.38401230385797,24.008372238294513,6.527135443131051,2.5460537213722554,1.1958470635797214,0.4559220471935646,0.0,0.019754091468139348,5.419512187246369,8.144077350188251,0.8647906807992644,5.419512187246369,56.43715873534529,3.214057863286042e-05,-145.20581062421115,3.0727114715494777,201.64296935955645,3.738761395821627,4.480913222246285,1.0,0.5,26.62459726619636,1.0,1.2360260231302558,3.38401230385797,24.008372238294513,6.527135443131051,2.5460537213722554,1.1958470635797214,0.4559220471935646,0.0,1.2483,2.4345688291735277
b9d6ab7afb36027676a3805fb37a593b,WindowRegression,"{""window_size"": 20, ""input_dim"": ""univariate"", ""output_dim"": ""forecast_length"", ""normalize_window"": false, ""max_windows"": 200000, ""fourier_encoding_components"": null, ""scale"": false, ""datepart_method"": null, ""regression_type"": ""User"", ""regression_model"": {""model"": ""xgboost"", ""model_params"": {""booster"": ""gbtree"", ""objective"": ""reg:squarederror"", ""max_depth"": 9, ""eta"": 0.3, ""min_child_weight"": 2, ""subsample"": 1, ""colsample_bylevel"": 0.9, ""reg_alpha"": 100, ""reg_lambda"": 1, ""n_estimators"": 10, ""tree_method"": ""hist"", ""device"": ""cuda""}}}","{""fillna"": null, ""transformations"": {""0"": null}, ""transformation_params"": {""0"": {}}}",0 days 00:00:00.000201,0 days 00:00:00.016025,0 days 00:00:00.163862,0 days 00:00:00.218670,0,,1,0,2,2023-10-10 21:52:00,0.019864801699809195,5.449874898582436,8.178399602191572,0.8645520984683283,5.449874898582436,64.06240755926774,3.6483106054725795e-05,-142.3647929750041,3.052829000093067,206.42720053427183,3.7796287627131515,4.480913222246285,1.0,0.53125,26.936821241088182,1.0,1.2372215229338142,3.4361324473422292,24.077308174428715,6.557555010945673,2.543120748639614,1.5918566019972484,0.4770419933784143,0.0,0.019864801699809195,5.449874898582436,8.178399602191572,0.8645520984683283,5.449874898582436,64.06240755926774,3.6483106054725795e-05,-142.3647929750041,3.052829000093067,206.42720053427183,3.7796287627131515,4.480913222246285,1.0,0.53125,26.936821241088182,1.0,1.2372215229338142,3.4361324473422292,24.077308174428715,6.557555010945673,2.543120748639614,1.5918566019972484,0.4770419933784143,0.0,0.2187,2.4448290319296317
94c77610d8bb09be58c33a840a848f50,WindowRegression,"{""window_size"": 20, ""input_dim"": ""univariate"", ""output_dim"": ""forecast_length"", ""normalize_window"": false, ""max_windows"": 200000, ""fourier_encoding_components"": null, ""scale"": false, ""datepart_method"": null, ""regression_type"": ""User"", ""regression_model"": {""model"": ""xgboost"", ""model_params"": {""booster"": ""gbtree"", ""objective"": ""reg:squarederror"", ""max_depth"": 6, ""eta"": 0.05, ""min_child_weight"": 1, ""subsample"": 1, ""colsample_bylevel"": 1, ""reg_alpha"": 100, ""reg_lambda"": 1, ""n_estimators"": 7, ""tree_method"": ""hist"", ""device"": ""cuda""}}}","{""fillna"": null, ""transformations"": {""0"": null}, ""transformation_params"": {""0"": {}}}",0 days 00:00:00.000203,0 days 00:00:00.014757,0 days 00:00:00.164054,0 days 00:00:00.217165,0,,1,0,2,2023-10-10 21:52:00,0.019864801699809195,5.449874898582436,8.178399602191572,0.8645520984683283,5.449874898582436,64.06240755926774,3.6483106054725795e-05,-142.3647929750041,3.052829000093067,206.42720053427183,3.7796287627131515,4.480913222246285,1.0,0.53125,26.936821241088182,1.0,1.2372215229338142,3.4361324473422292,24.077308174428715,6.557555010945673,2.543120748639614,1.5918566019972484,0.4770419933784143,0.0,0.019864801699809195,5.449874898582436,8.178399602191572,0.8645520984683283,5.449874898582436,64.06240755926774,3.6483106054725795e-05,-142.3647929750041,3.052829000093067,206.42720053427183,3.7796287627131515,4.480913222246285,1.0,0.53125,26.936821241088182,1.0,1.2372215229338142,3.4361324473422292,24.077308174428715,6.557555010945673,2.543120748639614,1.5918566019972484,0.4770419933784143,0.0,0.2172,2.4448290319296317
71986e2c58b479ec429726e704873db7,WindowRegression,"{""window_size"": 20, ""input_dim"": ""univariate"", ""output_dim"": ""forecast_length"", ""normalize_window"": false, ""max_windows"": 200000, ""fourier_encoding_components"": null, ""scale"": false, ""datepart_method"": null, ""regression_type"": ""User"", ""regression_model"": {""model"": ""xgboost"", ""model_params"": {""booster"": ""gbtree"", ""objective"": ""reg:squarederror"", ""max_depth"": 9, ""eta"": 0.3, ""min_child_weight"": 2, ""subsample"": 1, ""colsample_bylevel"": 0.9, ""reg_alpha"": 100, ""reg_lambda"": 1, ""n_estimators"": 10, ""tree_method"": ""hist"", ""device"": ""cuda""}}}","{""fillna"": ""ffill_mean_biased"", ""transformations"": {""0"": null}, ""transformation_params"": {""0"": {}}}",0 days 00:00:00.000205,0 days 00:00:00.016174,0 days 00:00:00.164549,0 days 00:00:00.219590,0,,1,0,2,2023-10-10 21:52:00,0.019864801699809195,5.449874898582436,8.178399602191572,0.8645520984683283,5.449874898582436,64.06240755926774,3.6483106054725795e-05,-142.3647929750041,3.052829000093067,206.42720053427183,3.7796287627131515,4.480913222246285,1.0,0.53125,26.936821241088182,1.0,1.2372215229338142,3.4361324473422292,24.077308174428715,6.557555010945673,2.543120748639614,1.5918566019972484,0.4770419933784143,0.0,0.019864801699809195,5.449874898582436,8.178399602191572,0.8645520984683283,5.449874898582436,64.06240755926774,3.6483106054725795e-05,-142.3647929750041,3.052829000093067,206.42720053427183,3.7796287627131515,4.480913222246285,1.0,0.53125,26.936821241088182,1.0,1.2372215229338142,3.4361324473422292,24.077308174428715,6.557555010945673,2.543120748639614,1.5918566019972484,0.4770419933784143,0.0,0.2196,2.4448290319296317
76b83302dc39521f2a4f3a604521ff14,WindowRegression,"{""window_size"": 5, ""input_dim"": ""univariate"", ""output_dim"": ""forecast_length"", ""normalize_window"": false, ""max_windows"": 200000, ""fourier_encoding_components"": null, ""scale"": false, ""datepart_method"": null, ""regression_type"": ""User"", ""regression_model"": {""model"": ""LightGBM"", ""model_params"": {""objective"": ""regression"", ""learning_rate"": 0.01, ""num_leaves"": 31, ""max_depth"": 5, ""boosting_type"": ""dart"", ""n_estimators"": 100, ""linear_tree"": false, ""lambda_l1"": 0.1, ""lambda_l2"": 0.0, ""min_data_in_leaf"": 15, ""feature_fraction"": 0.5, ""max_bin"": 255, ""device_type"": ""cuda""}}}","{""fillna"": null, ""transformations"": {""0"": null}, ""transformation_params"": {""0"": {}}}",0 days 00:00:00.000203,0 days 00:00:00.065922,0 days 00:00:00.165765,0 days 00:00:00.269825,0,,1,0,2,2023-10-10 21:52:00,0.019889908735640036,5.456765440742743,8.18034283266025,0.8645283965143147,5.456765440742743,65.07013900194579,3.70570022677879e-05,-142.08142460279487,3.0538631270461067,207.15156360474066,3.7901199383512556,4.480913222246285,1.0,0.53125,26.952554336985486,1.0,1.2374926699879947,3.4442987097528306,24.102426159396074,6.559983550334094,2.54310149312365,1.6349411332960448,0.4773271432444477,0.0,0.019889908735640036,5.456765440742743,8.18034283266025,0.8645283965143147,5.456765440742743,65.07013900194579,3.70570022677879e-05,-142.08142460279487,3.0538631270461067,207.15156360474066,3.7901199383512556,4.480913222246285,1.0,0.53125,26.952554336985486,1.0,1.2374926699879947,3.4442987097528306,24.102426159396074,6.559983550334094,2.54310149312365,1.6349411332960448,0.4773271432444477,0.0,0.2698,2.445409936079177
3df6a4a61cdf53b073fe125e1463c7e3,WindowRegression,"{""window_size"": 10, ""input_dim"": ""univariate"", ""output_dim"": ""forecast_length"", ""normalize_window"": false, ""max_windows"": 200000, ""fourier_encoding_components"": null, ""scale"": false, ""datepart_method"": null, ""regression_type"": ""User"", ""regression_model"": {""model"": ""LightGBM"", ""model_params"": {""objective"": ""regression"", ""learning_rate"": 0.01, ""num_leaves"": 31, ""max_depth"": 5, ""boosting_type"": ""gbdt"", ""n_estimators"": 100, ""linear_tree"": false, ""lambda_l1"": 1, ""lambda_l2"": 0.0, ""min_data_in_leaf"": 30, ""feature_fraction"": 1.0, ""max_bin"": 255, ""device_type"": ""cuda""}}}","{""fillna"": null, ""transformations"": {}, ""transformation_params"": {}}",0 days 00:00:00.000200,0 days 00:00:00.070033,0 days 00:00:00.165842,0 days 00:00:00.274062,0,,1,0,2,2023-10-10 21:52:00,0.01989972614015724,5.459459795711325,8.181110795210635,0.8645191285240341,5.459459795711325,65.46418436967724,3.7281408428733696e-05,-141.97062127792378,3.054249992930551,207.43480564760102,3.794221039708275,4.480913222246285,1.0,0.53125,26.95870632678998,1.0,1.2375986783501307,3.4474918996627957,24.11224784918798,6.560956391582245,2.5430939636885252,1.6517881416063764,0.47743864317282386,0.0,0.01989972614015724,5.459459795711325,8.181110795210635,0.8645191285240341,5.459459795711325,65.46418436967724,3.7281408428733696e-05,-141.97062127792378,3.054249992930551,207.43480564760102,3.794221039708275,4.480913222246285,1.0,0.53125,26.95870632678998,1.0,1.2375986783501307,3.4474918996627957,24.11224784918798,6.560956391582245,2.5430939636885252,1.6517881416063764,0.47743864317282386,0.0,0.2741,2.445639508762091
06e0de550297f1c34ef19b1be21b8415,WindowRegression,"{""window_size"": 10, ""input_dim"": ""univariate"", ""output_dim"": ""forecast_length"", ""normalize_window"": false, ""max_windows"": 200000, ""fourier_encoding_components"": null, ""scale"": false, ""datepart_method"": null, ""regression_type"": ""User"", ""regression_model"": {""model"": ""LightGBM"", ""model_params"": {""objective"": ""regression"", ""learning_rate"": 0.01, ""num_leaves"": 31, ""max_depth"": 5, ""boosting_type"": ""gbdt"", ""n_estimators"": 100, ""linear_tree"": false, ""lambda_l1"": 1, ""lambda_l2"": 0.0, ""min_data_in_leaf"": 30, ""feature_fraction"": 1.0, ""max_bin"": 255, ""device_type"": ""cuda""}}}","{""fillna"": null, ""transformations"": {""0"": null}, ""transformation_params"": {""0"": {}}}",0 days 00:00:00.000204,0 days 00:00:00.070074,0 days 00:00:00.165293,0 days 00:00:00.273371,0,,1,0,2,2023-10-10 21:52:00,0.01989972614015724,5.459459795711325,8.181110795210635,0.8645191285240341,5.459459795711325,65.46418436967724,3.7281408428733696e-05,-141.97062127792378,3.054249992930551,207.43480564760102,3.794221039708275,4.480913222246285,1.0,0.53125,26.95870632678998,1.0,1.2375986783501307,3.4474918996627957,24.11224784918798,6.560956391582245,2.5430939636885252,1.6517881416063764,0.47743864317282386,0.0,0.01989972614015724,5.459459795711325,8.181110795210635,0.8645191285240341,5.459459795711325,65.46418436967724,3.7281408428733696e-05,-141.97062127792378,3.054249992930551,207.43480564760102,3.794221039708275,4.480913222246285,1.0,0.53125,26.95870632678998,1.0,1.2375986783501307,3.4474918996627957,24.11224784918798,6.560956391582245,2.5430939636885252,1.6517881416063764,0.47743864317282386,0.0,0.2734,2.445639508762091
f23200d1504deecc9146760fccbdf465,WindowRegression,"{""window_size"": 5, ""input_dim"": ""univariate"", ""output_dim"": ""forecast_length"", ""normalize_window"": false, ""max_windows"": 200000, ""fourier_encoding_components"": null, ""scale"": false, ""datepart_method"": null, ""regression_type"": ""User"", ""regression_model"": {""model"": ""xgboost"", ""model_params"": {""booster"": ""gbtree"", ""objective"": ""reg:squarederror"", ""max_depth"": 3, ""eta"": 0.003, ""min_child_weight"": 1, ""subsample"": 1, ""colsample_bylevel"": 0.5, ""reg_alpha"": 0, ""reg_lambda"": 1, ""tree_method"": ""hist"", ""device"": ""cuda""}}}","{""fillna"": null, ""transformations"": {}, ""transformation_params"": {}}",0 days 00:00:00.000202,0 days 00:00:00.078362,0 days 00:00:00.174177,0 days 00:00:00.292428,0,,1,0,2,2023-10-10 21:52:00,0.019922733412492045,5.4657942563824236,8.230628388393272,0.8719387734813875,5.4657942563824236,64.79509155842243,3.690036461655913e-05,-142.50787042502634,3.0483623642180406,207.30296198344877,3.79894303036415,4.480913222246285,1.0,0.53125,27.138051706453552,1.0,1.2378478695127073,3.425931447917618,24.195099499063296,6.635106183057084,2.556930152160745,1.5782305111052466,0.4503939003575575,0.0,0.019922733412492045,5.4657942563824236,8.230628388393272,0.8719387734813875,5.4657942563824236,64.79509155842243,3.690036461655913e-05,-142.50787042502634,3.0483623642180406,207.30296198344877,3.79894303036415,4.480913222246285,1.0,0.53125,27.138051706453552,1.0,1.2378478695127073,3.425931447917618,24.195099499063296,6.635106183057084,2.556930152160745,1.5782305111052466,0.4503939003575575,0.0,0.2924,2.460442166408185
c04e957c7ceb00fd784c5698ebc26afa,WindowRegression,"{""window_size"": 5, ""input_dim"": ""univariate"", ""output_dim"": ""forecast_length"", ""normalize_window"": false, ""max_windows"": 200000, ""fourier_encoding_components"": null, ""scale"": false, ""datepart_method"": null, ""regression_type"": ""User"", ""regression_model"": {""model"": ""xgboost"", ""model_params"": {""booster"": ""gbtree"", ""objective"": ""reg:squarederror"", ""max_depth"": 6, ""eta"": 0.03, ""min_child_weight"": 0.5, ""subsample"": 0.5, ""colsample_bylevel"": 0.5, ""reg_alpha"": 0, ""reg_lambda"": 1, ""tree_method"": ""hist"", ""device"": ""cuda""}}}","{""fillna"": null, ""transformations"": {}, ""transformation_params"": {}}",0 days 00:00:00.000189,0 days 00:00:00.136111,0 days 00:00:00.179001,0 days 00:00:00.354764,0,,1,0,2,2023-10-10 21:52:00,0.020493528871956667,5.622432931475942,8.231029215611018,0.8862509367317445,5.622432931475942,64.1686846458324,3.6543630133792577e-05,-147.83351148431393,3.2018309873506796,212.00219613014633,3.8923149762563307,4.480913222246285,1.0,0.5,24.935075381028582,1.0,1.243993995241,3.5731322134080847,24.356999196264987,6.876944269864017,2.595033704444027,1.2424192774699734,1.439488393088756,0.0,0.020493528871956667,5.622432931475942,8.231029215611018,0.8862509367317445,5.622432931475942,64.1686846458324,3.6543630133792577e-05,-147.83351148431393,3.2018309873506796,212.00219613014633,3.8923149762563307,4.480913222246285,1.0,0.5,24.935075381028582,1.0,1.243993995241,3.5731322134080847,24.356999196264987,6.876944269864017,2.595033704444027,1.2424192774699734,1.439488393088756,0.0,0.3548,2.460561988630918
e9f72fc7741ad5bae0f864558ba26a05,WindowRegression,"{""window_size"": 10, ""input_dim"": ""univariate"", ""output_dim"": ""forecast_length"", ""normalize_window"": false, ""max_windows"": 200000, ""fourier_encoding_components"": null, ""scale"": false, ""datepart_method"": null, ""regression_type"": ""User"", ""regression_model"": {""model"": ""xgboost"", ""model_params"": {""booster"": ""gbtree"", ""colsample_bylevel"": 0.54, ""learning_rate"": 0.025, ""max_depth"": 11, ""min_child_weight"": 0.0127, ""n_estimators"": 240, ""tree_method"": ""hist"", ""objective"": ""reg:squarederror"", ""device"": ""cuda""}}}","{""fillna"": ""ffill"", ""transformations"": {""0"": null}, ""transformation_params"": {""0"": {}}}",0 days 00:00:00.000207,0 days 00:00:00.216583,0 days 00:00:00.187952,0 days 00:00:00.445840,0,,1,0,2,2023-10-10 21:52:00,0.020055211523492503,5.502240040885738,8.271835702178265,0.8731187652334933,5.502240040885738,69.58409265128648,3.962766821665433e-05,-141.27963498270037,3.051180721691786,210.86372763398685,3.8756727555552812,4.480913222246285,1.0,0.515625,27.75981674560535,1.0,1.2392806356587507,3.426225776043726,24.219204564556307,6.755249747009157,2.588843421028272,1.573149154744827,0.6628016347167472,0.0,0.020055211523492503,5.502240040885738,8.271835702178265,0.8731187652334933,5.502240040885738,69.58409265128648,3.962766821665433e-05,-141.27963498270037,3.051180721691786,210.86372763398685,3.8756727555552812,4.480913222246285,1.0,0.515625,27.75981674560535,1.0,1.2392806356587507,3.426225776043726,24.219204564556307,6.755249747009157,2.588843421028272,1.573149154744827,0.6628016347167472,0.0,0.4458,2.4727605712269454
d8cd8b66a9a28255be6ed91e0ed0f3ea,WindowRegression,"{""window_size"": 10, ""input_dim"": ""univariate"", ""output_dim"": ""forecast_length"", ""normalize_window"": false, ""max_windows"": 200000, ""fourier_encoding_components"": null, ""scale"": false, ""datepart_method"": null, ""regression_type"": ""User"", ""regression_model"": {""model"": ""xgboost"", ""model_params"": {""booster"": ""gbtree"", ""colsample_bylevel"": 0.54, ""learning_rate"": 0.025, ""max_depth"": 11, ""min_child_weight"": 0.0127, ""n_estimators"": 240, ""tree_method"": ""hist"", ""objective"": ""reg:squarederror"", ""device"": ""cuda""}}}","{""fillna"": null, ""transformations"": {}, ""transformation_params"": {}}",0 days 00:00:00.000197,0 days 00:00:00.216891,0 days 00:00:00.187718,0 days 00:00:00.446129,0,,1,0,2,2023-10-10 21:52:00,0.020055211523492503,5.502240040885738,8.271835702178265,0.8731187652334933,5.502240040885738,69.58409265128648,3.962766821665433e-05,-141.27963498270037,3.051180721691786,210.86372763398685,3.8756727555552812,4.480913222246285,1.0,0.515625,27.75981674560535,1.0,1.2392806356587507,3.426225776043726,24.219204564556307,6.755249747009157,2.588843421028272,1.573149154744827,0.6628016347167472,0.0,0.020055211523492503,5.502240040885738,8.271835702178265,0.8731187652334933,5.502240040885738,69.58409265128648,3.962766821665433e-05,-141.27963498270037,3.051180721691786,210.86372763398685,3.8756727555552812,4.480913222246285,1.0,0.515625,27.75981674560535,1.0,1.2392806356587507,3.426225776043726,24.219204564556307,6.755249747009157,2.588843421028272,1.573149154744827,0.6628016347167472,0.0,0.4461,2.4727605712269454
fe454ace86848609ed6eed68fc31bbad,WindowRegression,"{""window_size"": 10, ""input_dim"": ""univariate"", ""output_dim"": ""forecast_length"", ""normalize_window"": false, ""max_windows"": 200000, ""fourier_encoding_components"": null, ""scale"": false, ""datepart_method"": null, ""regression_type"": ""User"", ""regression_model"": {""model"": ""xgboost"", ""model_params"": {""booster"": ""gbtree"", ""colsample_bylevel"": 0.54, ""learning_rate"": 0.025, ""max_depth"": 11, ""min_child_weight"": 0.0127, ""n_estimators"": 240, ""tree_method"": ""hist"", ""objective"": ""reg:squarederror"", ""device"": ""cuda""}}}","{""fillna"": ""ffill_mean_biased"", ""transformations"": {""0"": null}, ""transformation_params"": {""0"": {}}}",0 days 00:00:00.000206,0 days 00:00:00.216854,0 days 00:00:00.187592,0 days 00:00:00.445668,0,,1,0,2,2023-10-10 21:52:00,0.020055211523492503,5.502240040885738,8.271835702178265,0.8731187652334933,5.502240040885738,69.58409265128648,3.962766821665433e-05,-141.27963498270037,3.051180721691786,210.86372763398685,3.8756727555552812,4.480913222246285,1.0,0.515625,27.75981674560535,1.0,1.2392806356587507,3.426225776043726,24.219204564556307,6.755249747009157,2.588843421028272,1.573149154744827,0.6628016347167472,0.0,0.020055211523492503,5.502240040885738,8.271835702178265,0.8731187652334933,5.502240040885738,69.58409265128648,3.962766821665433e-05,-141.27963498270037,3.051180721691786,210.86372763398685,3.8756727555552812,4.480913222246285,1.0,0.515625,27.75981674560535,1.0,1.2392806356587507,3.426225776043726,24.219204564556307,6.755249747009157,2.588843421028272,1.573149154744827,0.6628016347167472,0.0,0.4457,2.4727605712269454
9bb0744adb98816f9aaa9dd9b49d17a8,WindowRegression,"{""window_size"": 10, ""input_dim"": ""univariate"", ""output_dim"": ""forecast_length"", ""normalize_window"": false, ""max_windows"": 200000, ""fourier_encoding_components"": null, ""scale"": false, ""datepart_method"": null, ""regression_type"": ""User"", ""regression_model"": {""model"": ""LightGBM"", ""model_params"": {""objective"": ""regression"", ""learning_rate"": 0.01, ""num_leaves"": 31, ""max_depth"": -1, ""boosting_type"": ""dart"", ""n_estimators"": 50, ""linear_tree"": false, ""lambda_l1"": 0.0, ""lambda_l2"": 0.0, ""min_data_in_leaf"": 20, ""feature_fraction"": 1.0, ""max_bin"": 255, ""device_type"": ""cuda""}}}","{""fillna"": null, ""transformations"": {""0"": null}, ""transformation_params"": {""0"": {}}}",0 days 00:00:00.000202,0 days 00:00:00.301561,0 days 00:00:00.165798,0 days 00:00:00.506013,0,,1,0,2,2023-10-10 21:52:00,0.020087591678734855,5.511089263481665,8.357722539331158,0.8807688401244634,5.511089263481665,69.48396394544034,3.957064559865285e-05,-141.6128744586931,3.0489184938088845,211.09683840413345,3.8532486265470935,4.480913222246285,1.0,0.53125,27.406665609170886,1.0,1.2396282687396492,3.426793436620587,24.323669274773458,6.862850538844289,2.5744848055584137,1.7490507669773911,0.4713008892380612,0.0,0.020087591678734855,5.511089263481665,8.357722539331158,0.8807688401244634,5.511089263481665,69.48396394544034,3.957064559865285e-05,-141.6128744586931,3.0489184938088845,211.09683840413345,3.8532486265470935,4.480913222246285,1.0,0.53125,27.406665609170886,1.0,1.2396282687396492,3.426793436620587,24.323669274773458,6.862850538844289,2.5744848055584137,1.7490507669773911,0.4713008892380612,0.0,0.506,2.4984353539650908
ae4ecf991c6ae1ea6d0a1bc472fb875b,WindowRegression,"{""window_size"": 10, ""input_dim"": ""univariate"", ""output_dim"": ""forecast_length"", ""normalize_window"": false, ""max_windows"": 200000, ""fourier_encoding_components"": null, ""scale"": false, ""datepart_method"": null, ""regression_type"": ""User"", ""regression_model"": {""model"": ""xgboost"", ""model_params"": {""booster"": ""gbtree"", ""objective"": ""reg:squarederror"", ""max_depth"": 6, ""eta"": 0.03, ""min_child_weight"": 1, ""subsample"": 0.5, ""colsample_bylevel"": 0.5, ""reg_alpha"": 0.001, ""reg_lambda"": 1, ""tree_method"": ""hist"", ""device"": ""cuda""}}}","{""fillna"": null, ""transformations"": {}, ""transformation_params"": {}}",0 days 00:00:00.000189,0 days 00:00:00.138371,0 days 00:00:00.179400,0 days 00:00:00.357579,0,,1,0,2,2023-10-10 21:52:00,0.020468211125278198,5.6155362347655,8.36560701382843,0.8984154312579015,5.6155362347655,50.026344315876486,2.8489663357060577e-05,-154.68398735455776,3.2055301352414913,204.71033167043424,3.8357094559539164,4.480913222246285,1.0,0.5625,26.838873270862678,1.0,1.2437240246103125,3.517275365336496,24.691596765547246,6.928622597085569,2.6244702741455277,1.0587925267016536,1.5663620879096911,0.0,0.020468211125278198,5.6155362347655,8.36560701382843,0.8984154312579015,5.6155362347655,50.026344315876486,2.8489663357060577e-05,-154.68398735455776,3.2055301352414913,204.71033167043424,3.8357094559539164,4.480913222246285,1.0,0.5625,26.838873270862678,1.0,1.2437240246103125,3.517275365336496,24.691596765547246,6.928622597085569,2.6244702741455277,1.0587925267016536,1.5663620879096911,0.0,0.3576,2.500792317807659
b2181ea06ee056b41a55c6282bff2089,WindowRegression,"{""window_size"": 20, ""input_dim"": ""univariate"", ""output_dim"": ""forecast_length"", ""normalize_window"": false, ""max_windows"": 200000, ""fourier_encoding_components"": null, ""scale"": false, ""datepart_method"": null, ""regression_type"": ""User"", ""regression_model"": {""model"": ""LightGBM"", ""model_params"": {""objective"": ""regression"", ""learning_rate"": 0.1, ""num_leaves"": 31, ""max_depth"": -1, ""boosting_type"": ""gbdt"", ""n_estimators"": 50, ""linear_tree"": false, ""lambda_l1"": 0.0, ""lambda_l2"": 0.1, ""min_data_in_leaf"": 20, ""feature_fraction"": 1.0, ""max_bin"": 255, ""device_type"": ""cuda""}}}","{""fillna"": null, ""transformations"": {""0"": null}, ""transformation_params"": {""0"": {}}}",0 days 00:00:00.000206,0 days 00:00:00.314568,0 days 00:00:00.166474,0 days 00:00:00.519448,0,,1,0,2,2023-10-10 21:52:00,0.021548251675306038,5.912008824172517,8.538021795263145,0.9096507020438694,5.912008824172517,65.55212528435368,3.733149018243179e-05,-156.4082197313437,3.345542733016405,221.96034501569738,4.126278192160757,4.480913222246285,1.0,0.546875,26.970035118949454,1.0,1.2552770214323874,3.8044484941468304,25.926018418176348,8.718558508180235,2.651129396077898,1.4477061218546547,0.8848127551853701,0.0,0.021548251675306038,5.912008824172517,8.538021795263145,0.9096507020438694,5.912008824172517,65.55212528435368,3.733149018243179e-05,-156.4082197313437,3.345542733016405,221.96034501569738,4.126278192160757,4.480913222246285,1.0,0.546875,26.970035118949454,1.0,1.2552770214323874,3.8044484941468304,25.926018418176348,8.718558508180235,2.651129396077898,1.4477061218546547,0.8848127551853701,0.0,0.5194,2.5523335341444637
0282bcbc796482c0aab957f05baa7dd4,WindowRegression,"{""window_size"": 20, ""input_dim"": ""univariate"", ""output_dim"": ""forecast_length"", ""normalize_window"": false, ""max_windows"": 200000, ""fourier_encoding_components"": null, ""scale"": false, ""datepart_method"": null, ""regression_type"": ""User"", ""regression_model"": {""model"": ""LightGBM"", ""model_params"": {""objective"": ""regression"", ""learning_rate"": 0.1, ""num_leaves"": 31, ""max_depth"": -1, ""boosting_type"": ""gbdt"", ""n_estimators"": 100, ""linear_tree"": false, ""lambda_l1"": 0.0, ""lambda_l2"": 0.0, ""min_data_in_leaf"": 20, ""feature_fraction"": 1.0, ""max_bin"": 255, ""device_type"": ""cuda""}}}","{""fillna"": ""rolling_mean"", ""transformations"": {""0"": null}, ""transformation_params"": {""0"": {}}}",0 days 00:00:00.000208,0 days 00:00:00.609446,0 days 00:00:00.277096,0 days 00:00:00.925355,0,,1,0,1,2023-10-12 21:52:00,0.02351753567978712,6.289507938648853,8.547734277195541,1.1046166239675472,6.289507938648853,48.63551592623844,2.8416230787522424e-05,-225.58201199988252,4.2883343518891195,176.94649607364408,3.6824413015153397,9.170199739033803,1.0,0.46875,23.283514772134367,1.0,1.301697049826333,4.2004028643925135,23.84486137314568,26.071170002590627,2.3827540463777646,2.5401491584660834,0.9935958329294199,0.0,0.02351753567978712,6.289507938648853,8.547734277195541,1.1046166239675472,6.289507938648853,48.63551592623844,2.8416230787522424e-05,-225.58201199988252,4.2883343518891195,176.94649607364408,3.6824413015153397,9.170199739033803,1.0,0.46875,23.283514772134367,1.0,1.301697049826333,4.2004028643925135,23.84486137314568,26.071170002590627,2.3827540463777646,2.5401491584660834,0.9935958329294199,0.0,0.9254,2.5552369576692877
0fa87e2fe02d9f220491a11aeea01526,WindowRegression,"{""window_size"": 20, ""input_dim"": ""univariate"", ""output_dim"": ""forecast_length"", ""normalize_window"": false, ""max_windows"": 200000, ""fourier_encoding_components"": null, ""scale"": false, ""datepart_method"": null, ""regression_type"": ""User"", ""regression_model"": {""model"": ""LightGBM"", ""model_params"": {""objective"": ""regression"", ""learning_rate"": 0.1, ""num_leaves"": 31, ""max_depth"": 5, ""boosting_type"": ""gbdt"", ""n_estimators"": 100, ""linear_tree"": false, ""lambda_l1"": 0.0, ""lambda_l2"": 0.0, ""min_data_in_leaf"": 20, ""feature_fraction"": 1.0, ""max_bin"": 255, ""device_type"": ""cuda""}}}","{""fillna"": null, ""transformations"": {}, ""transformation_params"": {}}",0 days 00:00:00.000200,0 days 00:00:00.609388,0 days 00:00:00.166972,0 days 00:00:00.814697,0,,1,0,1,2023-10-12 21:52:00,0.023517535686806684,6.289507940527415,8.547734284250557,1.1046166242404654,6.289507940527415,48.63551619552163,2.8416230944856284e-05,-225.58201219463808,4.288334353910597,176.94649599911645,3.6824413004856758,9.170199739033803,1.0,0.46875,23.28351486464817,1.0,1.3016970499060017,4.200402862525017,23.84486139905219,26.07116995196283,2.3827540467729764,2.540149159899929,0.9935958268607314,0.0,0.023517535686806684,6.289507940527415,8.547734284250557,1.1046166242404654,6.289507940527415,48.63551619552163,2.8416230944856284e-05,-225.58201219463808,4.288334353910597,176.94649599911645,3.6824413004856758,9.170199739033803,1.0,0.46875,23.28351486464817,1.0,1.3016970499060017,4.200402862525017,23.84486139905219,26.07116995196283,2.3827540467729764,2.540149159899929,0.9935958268607314,0.0,0.8147,2.5552369597782953
aae4b48b17540daad69947938ebfcc9a,WindowRegression,"{""window_size"": 5, ""input_dim"": ""univariate"", ""output_dim"": ""forecast_length"", ""normalize_window"": false, ""max_windows"": 200000, ""fourier_encoding_components"": null, ""scale"": false, ""datepart_method"": null, ""regression_type"": ""User"", ""regression_model"": {""model"": ""xgboost"", ""model_params"": {""booster"": ""gbtree"", ""objective"": ""reg:squarederror"", ""max_depth"": 6, ""eta"": 0.05, ""min_child_weight"": 1, ""subsample"": 1, ""colsample_bylevel"": 1, ""reg_alpha"": 0.001, ""reg_lambda"": 1, ""tree_method"": ""hist"", ""device"": ""cuda""}}}","{""fillna"": null, ""transformations"": {}, ""transformation_params"": {}}",0 days 00:00:00.000206,0 days 00:00:00.083102,0 days 00:00:00.173023,0 days 00:00:00.295751,0,,1,0,1,2023-10-12 21:52:00,0.023418940150093197,6.262984706810073,8.553695474196184,1.1235900856113206,6.262984706810073,51.4873952765156,3.008249586669937e-05,-226.15920825618014,4.274920881768466,174.67181297966454,3.6593346370378175,9.170199739033803,1.0,0.4375,26.186740132336126,1.0,1.3005717277333413,4.2225827118742965,24.115205177613923,22.527089136239372,2.4235112537209433,3.3171219659915447,0.8225008408503081,0.0,0.023418940150093197,6.262984706810073,8.553695474196184,1.1235900856113206,6.262984706810073,51.4873952765156,3.008249586669937e-05,-226.15920825618014,4.274920881768466,174.67181297966454,3.6593346370378175,9.170199739033803,1.0,0.4375,26.186740132336126,1.0,1.3005717277333413,4.2225827118742965,24.115205177613923,22.527089136239372,2.4235112537209433,3.3171219659915447,0.8225008408503081,0.0,0.2958,2.5570189820507228
cbcb89f0ae715cebd09d0482ad716d70,WindowRegression,"{""window_size"": 5, ""input_dim"": ""univariate"", ""output_dim"": ""forecast_length"", ""normalize_window"": false, ""max_windows"": 200000, ""fourier_encoding_components"": null, ""scale"": false, ""datepart_method"": null, ""regression_type"": ""User"", ""regression_model"": {""model"": ""xgboost"", ""model_params"": {""booster"": ""gbtree"", ""objective"": ""reg:squarederror"", ""max_depth"": 6, ""eta"": 0.03, ""min_child_weight"": 1, ""subsample"": 1, ""colsample_bylevel"": 1, ""reg_alpha"": 0.001, ""reg_lambda"": 1, ""n_estimators"": 100, ""grow_policy"": ""lossguide"", ""tree_method"": ""hist"", ""device"": ""cuda""}}}","{""fillna"": ""rolling_mean"", ""transformations"": {""0"": null}, ""transformation_params"": {""0"": {}}}",0 days 00:00:00.000208,0 days 00:00:00.226595,0 days 00:00:00.178108,0 days 00:00:00.444615,0,,1,0,1,2023-10-12 21:52:00,0.023458932230390313,6.273653849989444,8.553820966442396,1.122779817365955,6.273653849989444,47.281780187531695,2.7625284779367613e-05,-224.39781329342804,4.261698645129176,177.11603310589635,3.689030236321045,9.170199739033803,1.0,0.421875,26.226726322489412,1.0,1.3010245129115066,4.230358129215111,24.199007493240316,23.176576846686817,2.4195109784478195,2.995098534784195,0.8166597410576864,0.0,0.023458932230390313,6.273653849989444,8.553820966442396,1.122779817365955,6.273653849989444,47.281780187531695,2.7625284779367613e-05,-224.39781329342804,4.261698645129176,177.11603310589635,3.689030236321045,9.170199739033803,1.0,0.421875,26.226726322489412,1.0,1.3010245129115066,4.230358129215111,24.199007493240316,23.176576846686817,2.4195109784478195,2.995098534784195,0.8166597410576864,0.0,0.4446,2.5570564963691402
9bb0744adb98816f9aaa9dd9b49d17a8,WindowRegression,"{""window_size"": 10, ""input_dim"": ""univariate"", ""output_dim"": ""forecast_length"", ""normalize_window"": false, ""max_windows"": 200000, ""fourier_encoding_components"": null, ""scale"": false, ""datepart_method"": null, ""regression_type"": ""User"", ""regression_model"": {""model"": ""LightGBM"", ""model_params"": {""objective"": ""regression"", ""learning_rate"": 0.01, ""num_leaves"": 31, ""max_depth"": -1, ""boosting_type"": ""dart"", ""n_estimators"": 50, ""linear_tree"": false, ""lambda_l1"": 0.0, ""lambda_l2"": 0.0, ""min_data_in_leaf"": 20, ""feature_fraction"": 1.0, ""max_bin"": 255, ""device_type"": ""cuda""}}}","{""fillna"": null, ""transformations"": {""0"": null}, ""transformation_params"": {""0"": {}}}",0 days 00:00:00.000196,0 days 00:00:00.312454,0 days 00:00:00.166145,0 days 00:00:00.516702,0,,1,0,1,2023-10-12 21:52:00,0.023566155761606436,6.302342855032634,8.569397231087663,1.1186012329788246,6.302342855032634,47.97898651997821,2.8032640919669888e-05,-225.6644646210334,4.277529801190145,177.6854781010552,3.682476097351408,9.170199739033803,1.0,0.484375,25.329938949758798,1.0,1.3022412578088758,4.305350703504465,24.70194692854207,22.929953379386305,2.3983148452040117,2.926375770852565,0.6540643885288578,0.0,0.023566155761606436,6.302342855032634,8.569397231087663,1.1186012329788246,6.302342855032634,47.97898651997821,2.8032640919669888e-05,-225.6644646210334,4.277529801190145,177.6854781010552,3.682476097351408,9.170199739033803,1.0,0.484375,25.329938949758798,1.0,1.3022412578088758,4.305350703504465,24.70194692854207,22.929953379386305,2.3983148452040117,2.926375770852565,0.6540643885288578,0.0,0.5167,2.5617128235072224
ed15f8d1ee97ca1df6dafd4c7d239672,WindowRegression,"{""window_size"": 90, ""input_dim"": ""univariate"", ""output_dim"": ""forecast_length"", ""normalize_window"": false, ""max_windows"": 200000, ""fourier_encoding_components"": null, ""scale"": false, ""datepart_method"": null, ""regression_type"": ""User"", ""regression_model"": {""model"": ""LightGBM"", ""model_params"": {""objective"": ""regression"", ""learning_rate"": 0.01, ""num_leaves"": 70, ""max_depth"": 10, ""boosting_type"": ""dart"", ""n_estimators"": 50, ""linear_tree"": false, ""lambda_l1"": 0.0, ""lambda_l2"": 1, ""min_data_in_leaf"": 15, ""feature_fraction"": 0.5, ""max_bin"": 255, ""device_type"": ""cuda""}}}","{""fillna"": ""ffill"", ""transformations"": {""0"": null}, ""transformation_params"": {""0"": {}}}",0 days 00:00:00.000200,0 days 00:00:00.991871,0 days 00:00:00.168022,0 days 00:00:01.198885,0,,1,0,1,2023-10-12 21:52:00,0.023584185664405774,6.307170083115068,8.569878876555492,1.1184783006554162,6.307170083115068,49.63170285079468,2.89982720595557e-05,-226.6452940850795,4.290182308069792,177.01359123428483,3.675344946302034,9.170199739033803,1.0,0.484375,25.022259108445724,1.0,1.302445876267747,4.31099721880936,24.76705566130105,23.021363193382147,2.39937500212718,3.014921871639301,0.718248128778505,0.0,0.023584185664405774,6.307170083115068,8.569878876555492,1.1184783006554162,6.307170083115068,49.63170285079468,2.89982720595557e-05,-226.6452940850795,4.290182308069792,177.01359123428483,3.675344946302034,9.170199739033803,1.0,0.484375,25.022259108445724,1.0,1.302445876267747,4.31099721880936,24.76705566130105,23.021363193382147,2.39937500212718,3.014921871639301,0.718248128778505,0.0,1.1989,2.5618568053227517
af4957c7902787e6e05df783721243cf,WindowRegression,"{""window_size"": 90, ""input_dim"": ""univariate"", ""output_dim"": ""forecast_length"", ""normalize_window"": false, ""max_windows"": 200000, ""fourier_encoding_components"": null, ""scale"": false, ""datepart_method"": null, ""regression_type"": ""User"", ""regression_model"": {""model"": ""LightGBM"", ""model_params"": {""objective"": ""regression"", ""learning_rate"": 0.01, ""num_leaves"": 70, ""max_depth"": 10, ""boosting_type"": ""dart"", ""n_estimators"": 50, ""linear_tree"": false, ""lambda_l1"": 0.0, ""lambda_l2"": 1, ""min_data_in_leaf"": 15, ""feature_fraction"": 0.5, ""max_bin"": 255, ""device_type"": ""cuda""}}}","{""fillna"": null, ""transformations"": {}, ""transformation_params"": {}}",0 days 00:00:00.000196,0 days 00:00:00.973178,0 days 00:00:00.168190,0 days 00:00:01.180562,0,,1,0,1,2023-10-12 21:52:00,0.023584185666028035,6.307170083548954,8.569878876691103,1.1184783005670564,6.307170083548954,49.63170284811349,2.8998272057989163e-05,-226.64529409762326,4.290182308340876,177.01359124950977,3.6753449466187686,9.170199739033803,1.0,0.484375,25.022259108191065,1.0,1.3024458762861373,4.310997219401274,24.7670556624509,23.02136319180311,2.3993750019944673,3.014921870372127,0.7182481288376813,0.0,0.023584185666028035,6.307170083548954,8.569878876691103,1.1184783005670564,6.307170083548954,49.63170284811349,2.8998272057989163e-05,-226.64529409762326,4.290182308340876,177.01359124950977,3.6753449466187686,9.170199739033803,1.0,0.484375,25.022259108191065,1.0,1.3024458762861373,4.310997219401274,24.7670556624509,23.02136319180311,2.3993750019944673,3.014921870372127,0.7182481288376813,0.0,1.1806,2.561856805363291
3df6a4a61cdf53b073fe125e1463c7e3,WindowRegression,"{""window_size"": 10, ""input_dim"": ""univariate"", ""output_dim"": ""forecast_length"", ""normalize_window"": false, ""max_windows"": 200000, ""fourier_encoding_components"": null, ""scale"": false, ""datepart_method"": null, ""regression_type"": ""User"", ""regression_model"": {""model"": ""LightGBM"", ""model_params"": {""objective"": ""regression"", ""learning_rate"": 0.01, ""num_leaves"": 31, ""max_depth"": 5, ""boosting_type"": ""gbdt"", ""n_estimators"": 100, ""linear_tree"": false, ""lambda_l1"": 1, ""lambda_l2"": 0.0, ""min_data_in_leaf"": 30, ""feature_fraction"": 1.0, ""max_bin"": 255, ""device_type"": ""cuda""}}}","{""fillna"": null, ""transformations"": {}, ""transformation_params"": {}}",0 days 00:00:00.000190,0 days 00:00:00.081816,0 days 00:00:00.164901,0 days 00:00:00.284485,0,,1,0,1,2023-10-12 21:52:00,0.023654626987031423,6.3259976931230995,8.584728622809562,1.1166413041579566,6.3259976931230995,51.89660898854345,3.0321586807978534e-05,-228.3802306742109,4.3143888978563965,176.48362168566746,3.674327124676351,9.170199739033803,1.0,0.453125,25.045893184509623,1.0,1.3032436414588056,4.334504990755469,24.81947276081987,23.208154312806816,2.3949872029634443,3.1298864726696722,0.7145233875736686,0.0,0.023654626987031423,6.3259976931230995,8.584728622809562,1.1166413041579566,6.3259976931230995,51.89660898854345,3.0321586807978534e-05,-228.3802306742109,4.3143888978563965,176.48362168566746,3.674327124676351,9.170199739033803,1.0,0.453125,25.045893184509623,1.0,1.3032436414588056,4.334504990755469,24.81947276081987,23.208154312806816,2.3949872029634443,3.1298864726696722,0.7145233875736686,0.0,0.2845,2.566295948984674
06e0de550297f1c34ef19b1be21b8415,WindowRegression,"{""window_size"": 10, ""input_dim"": ""univariate"", ""output_dim"": ""forecast_length"", ""normalize_window"": false, ""max_windows"": 200000, ""fourier_encoding_components"": null, ""scale"": false, ""datepart_method"": null, ""regression_type"": ""User"", ""regression_model"": {""model"": ""LightGBM"", ""model_params"": {""objective"": ""regression"", ""learning_rate"": 0.01, ""num_leaves"": 31, ""max_depth"": 5, ""boosting_type"": ""gbdt"", ""n_estimators"": 100, ""linear_tree"": false, ""lambda_l1"": 1, ""lambda_l2"": 0.0, ""min_data_in_leaf"": 30, ""feature_fraction"": 1.0, ""max_bin"": 255, ""device_type"": ""cuda""}}}","{""fillna"": null, ""transformations"": {""0"": null}, ""transformation_params"": {""0"": {}}}",0 days 00:00:00.000202,0 days 00:00:00.081576,0 days 00:00:00.275235,0 days 00:00:00.395016,0,,1,0,1,2023-10-12 21:52:00,0.023654626987031423,6.3259976931230995,8.584728622809562,1.1166413041579566,6.3259976931230995,51.89660898854345,3.0321586807978534e-05,-228.3802306742109,4.3143888978563965,176.48362168566746,3.674327124676351,9.170199739033803,1.0,0.453125,25.045893184509623,1.0,1.3032436414588056,4.334504990755469,24.81947276081987,23.208154312806816,2.3949872029634443,3.1298864726696722,0.7145233875736686,0.0,0.023654626987031423,6.3259976931230995,8.584728622809562,1.1166413041579566,6.3259976931230995,51.89660898854345,3.0321586807978534e-05,-228.3802306742109,4.3143888978563965,176.48362168566746,3.674327124676351,9.170199739033803,1.0,0.453125,25.045893184509623,1.0,1.3032436414588056,4.334504990755469,24.81947276081987,23.208154312806816,2.3949872029634443,3.1298864726696722,0.7145233875736686,0.0,0.395,2.566295948984674
76b83302dc39521f2a4f3a604521ff14,WindowRegression,"{""window_size"": 5, ""input_dim"": ""univariate"", ""output_dim"": ""forecast_length"", ""normalize_window"": false, ""max_windows"": 200000, ""fourier_encoding_components"": null, ""scale"": false, ""datepart_method"": null, ""regression_type"": ""User"", ""regression_model"": {""model"": ""LightGBM"", ""model_params"": {""objective"": ""regression"", ""learning_rate"": 0.01, ""num_leaves"": 31, ""max_depth"": 5, ""boosting_type"": ""dart"", ""n_estimators"": 100, ""linear_tree"": false, ""lambda_l1"": 0.1, ""lambda_l2"": 0.0, ""min_data_in_leaf"": 15, ""feature_fraction"": 0.5, ""max_bin"": 255, ""device_type"": ""cuda""}}}","{""fillna"": null, ""transformations"": {""0"": null}, ""transformation_params"": {""0"": {}}}",0 days 00:00:00.000197,0 days 00:00:00.076310,0 days 00:00:00.164922,0 days 00:00:00.278797,0,,1,0,1,2023-10-12 21:52:00,0.02365720772345811,6.326687306658641,8.585076471310053,1.1166475670649594,6.326687306658641,52.13217696445645,3.0459221905339184e-05,-228.52008229530475,4.316277277888647,176.3879053308483,3.6735346157566298,9.170199739033803,1.0,0.453125,25.04957369427575,1.0,1.3032728525549713,4.335186199945518,24.822161467334727,23.216325865167505,2.394981762057955,3.1419386045803788,0.7149325215644081,0.0,0.02365720772345811,6.326687306658641,8.585076471310053,1.1166475670649594,6.326687306658641,52.13217696445645,3.0459221905339184e-05,-228.52008229530475,4.316277277888647,176.3879053308483,3.6735346157566298,9.170199739033803,1.0,0.453125,25.04957369427575,1.0,1.3032728525549713,4.335186199945518,24.822161467334727,23.216325865167505,2.394981762057955,3.1419386045803788,0.7149325215644081,0.0,0.2788,2.5663999338905334
94c77610d8bb09be58c33a840a848f50,WindowRegression,"{""window_size"": 20, ""input_dim"": ""univariate"", ""output_dim"": ""forecast_length"", ""normalize_window"": false, ""max_windows"": 200000, ""fourier_encoding_components"": null, ""scale"": false, ""datepart_method"": null, ""regression_type"": ""User"", ""regression_model"": {""model"": ""xgboost"", ""model_params"": {""booster"": ""gbtree"", ""objective"": ""reg:squarederror"", ""max_depth"": 6, ""eta"": 0.05, ""min_child_weight"": 1, ""subsample"": 1, ""colsample_bylevel"": 1, ""reg_alpha"": 100, ""reg_lambda"": 1, ""n_estimators"": 7, ""tree_method"": ""hist"", ""device"": ""cuda""}}}","{""fillna"": null, ""transformations"": {""0"": null}, ""transformation_params"": {""0"": {}}}",0 days 00:00:00.000200,0 days 00:00:00.016648,0 days 00:00:00.164444,0 days 00:00:00.219597,0,,1,0,1,2023-10-12 21:52:00,0.023664908958807178,6.328745197819842,8.586123789851774,1.116666256345672,6.328745197819842,52.83514062536051,3.0869941874955354e-05,-228.9374166429152,4.321910604247456,176.1022760175547,3.671160817104977,9.170199739033803,1.0,0.453125,25.060556785705558,1.0,1.3033600181479765,4.337219011511344,24.83018489652944,23.24074221753538,2.3949655255545084,3.1779036407268726,0.7161534274528468,0.0,0.023664908958807178,6.328745197819842,8.586123789851774,1.116666256345672,6.328745197819842,52.83514062536051,3.0869941874955354e-05,-228.9374166429152,4.321910604247456,176.1022760175547,3.671160817104977,9.170199739033803,1.0,0.453125,25.060556785705558,1.0,1.3033600181479765,4.337219011511344,24.83018489652944,23.24074221753538,2.3949655255545084,3.1779036407268726,0.7161534274528468,0.0,0.2196,2.566713016510731
71986e2c58b479ec429726e704873db7,WindowRegression,"{""window_size"": 20, ""input_dim"": ""univariate"", ""output_dim"": ""forecast_length"", ""normalize_window"": false, ""max_windows"": 200000, ""fourier_encoding_components"": null, ""scale"": false, ""datepart_method"": null, ""regression_type"": ""User"", ""regression_model"": {""model"": ""xgboost"", ""model_params"": {""booster"": ""gbtree"", ""objective"": ""reg:squarederror"", ""max_depth"": 9, ""eta"": 0.3, ""min_child_weight"": 2, ""subsample"": 1, ""colsample_bylevel"": 0.9, ""reg_alpha"": 100, ""reg_lambda"": 1, ""n_estimators"": 10, ""tree_method"": ""hist"", ""device"": ""cuda""}}}","{""fillna"": ""ffill_mean_biased"", ""transformations"": {""0"": null}, ""transformation_params"": {""0"": {}}}",0 days 00:00:00.000209,0 days 00:00:00.018244,0 days 00:00:00.164883,0 days 00:00:00.221881,0,,1,0,1,2023-10-12 21:52:00,0.023664908958807178,6.328745197819842,8.586123789851774,1.116666256345672,6.328745197819842,52.83514062536051,3.0869941874955354e-05,-228.9374166429152,4.321910604247456,176.1022760175547,3.671160817104977,9.170199739033803,1.0,0.453125,25.060556785705558,1.0,1.3033600181479765,4.337219011511344,24.83018489652944,23.24074221753538,2.3949655255545084,3.1779036407268726,0.7161534274528468,0.0,0.023664908958807178,6.328745197819842,8.586123789851774,1.116666256345672,6.328745197819842,52.83514062536051,3.0869941874955354e-05,-228.9374166429152,4.321910604247456,176.1022760175547,3.671160817104977,9.170199739033803,1.0,0.453125,25.060556785705558,1.0,1.3033600181479765,4.337219011511344,24.83018489652944,23.24074221753538,2.3949655255545084,3.1779036407268726,0.7161534274528468,0.0,0.2219,2.566713016510731
b9d6ab7afb36027676a3805fb37a593b,WindowRegression,"{""window_size"": 20, ""input_dim"": ""univariate"", ""output_dim"": ""forecast_length"", ""normalize_window"": false, ""max_windows"": 200000, ""fourier_encoding_components"": null, ""scale"": false, ""datepart_method"": null, ""regression_type"": ""User"", ""regression_model"": {""model"": ""xgboost"", ""model_params"": {""booster"": ""gbtree"", ""objective"": ""reg:squarederror"", ""max_depth"": 9, ""eta"": 0.3, ""min_child_weight"": 2, ""subsample"": 1, ""colsample_bylevel"": 0.9, ""reg_alpha"": 100, ""reg_lambda"": 1, ""n_estimators"": 10, ""tree_method"": ""hist"", ""device"": ""cuda""}}}","{""fillna"": null, ""transformations"": {""0"": null}, ""transformation_params"": {""0"": {}}}",0 days 00:00:00.000211,0 days 00:00:00.018102,0 days 00:00:00.166998,0 days 00:00:00.223433,0,,1,0,1,2023-10-12 21:52:00,0.023664908958807178,6.328745197819842,8.586123789851774,1.116666256345672,6.328745197819842,52.83514062536051,3.0869941874955354e-05,-228.9374166429152,4.321910604247456,176.1022760175547,3.671160817104977,9.170199739033803,1.0,0.453125,25.060556785705558,1.0,1.3033600181479765,4.337219011511344,24.83018489652944,23.24074221753538,2.3949655255545084,3.1779036407268726,0.7161534274528468,0.0,0.023664908958807178,6.328745197819842,8.586123789851774,1.116666256345672,6.328745197819842,52.83514062536051,3.0869941874955354e-05,-228.9374166429152,4.321910604247456,176.1022760175547,3.671160817104977,9.170199739033803,1.0,0.453125,25.060556785705558,1.0,1.3033600181479765,4.337219011511344,24.83018489652944,23.24074221753538,2.3949655255545084,3.1779036407268726,0.7161534274528468,0.0,0.2234,2.566713016510731
f23200d1504deecc9146760fccbdf465,WindowRegression,"{""window_size"": 5, ""input_dim"": ""univariate"", ""output_dim"": ""forecast_length"", ""normalize_window"": false, ""max_windows"": 200000, ""fourier_encoding_components"": null, ""scale"": false, ""datepart_method"": null, ""regression_type"": ""User"", ""regression_model"": {""model"": ""xgboost"", ""model_params"": {""booster"": ""gbtree"", ""objective"": ""reg:squarederror"", ""max_depth"": 3, ""eta"": 0.003, ""min_child_weight"": 1, ""subsample"": 1, ""colsample_bylevel"": 0.5, ""reg_alpha"": 0, ""reg_lambda"": 1, ""tree_method"": ""hist"", ""device"": ""cuda""}}}","{""fillna"": null, ""transformations"": {}, ""transformation_params"": {}}",0 days 00:00:00.000186,0 days 00:00:00.080299,0 days 00:00:00.176135,0 days 00:00:00.296960,0,,1,0,1,2023-10-12 21:52:00,0.023638371614202028,6.321642881102434,8.586357152469864,1.1224340900591727,6.321642881102434,54.12563936311926,3.162394045530917e-05,-229.35539187683753,4.32511151755647,175.22975251371827,3.659216847566391,9.170199739033803,1.0,0.4375,25.202399648744176,1.0,1.3030591623904788,4.322969502685737,24.793769834627003,23.325250031812534,2.4047440343290627,3.2624481564661396,0.6416848243861127,0.0,0.023638371614202028,6.321642881102434,8.586357152469864,1.1224340900591727,6.321642881102434,54.12563936311926,3.162394045530917e-05,-229.35539187683753,4.32511151755647,175.22975251371827,3.659216847566391,9.170199739033803,1.0,0.4375,25.202399648744176,1.0,1.3030591623904788,4.322969502685737,24.793769834627003,23.325250031812534,2.4047440343290627,3.2624481564661396,0.6416848243861127,0.0,0.297,2.5667827773113063
b2181ea06ee056b41a55c6282bff2089,WindowRegression,"{""window_size"": 20, ""input_dim"": ""univariate"", ""output_dim"": ""forecast_length"", ""normalize_window"": false, ""max_windows"": 200000, ""fourier_encoding_components"": null, ""scale"": false, ""datepart_method"": null, ""regression_type"": ""User"", ""regression_model"": {""model"": ""LightGBM"", ""model_params"": {""objective"": ""regression"", ""learning_rate"": 0.1, ""num_leaves"": 31, ""max_depth"": -1, ""boosting_type"": ""gbdt"", ""n_estimators"": 50, ""linear_tree"": false, ""lambda_l1"": 0.0, ""lambda_l2"": 0.1, ""min_data_in_leaf"": 20, ""feature_fraction"": 1.0, ""max_bin"": 255, ""device_type"": ""cuda""}}}","{""fillna"": null, ""transformations"": {""0"": null}, ""transformation_params"": {""0"": {}}}",0 days 00:00:00.000199,0 days 00:00:00.329378,0 days 00:00:00.166932,0 days 00:00:00.534738,0,,1,0,1,2023-10-12 21:52:00,0.023832557289869796,6.3737098043310425,8.587399031039627,1.1075047011843184,6.3737098043310425,66.42268012324348,3.8808721814948096e-05,-237.1700538002151,4.439426810077057,170.74737367697162,3.6456824313912977,9.170199739033803,1.0,0.4375,24.860720806307654,1.0,1.3052631199039686,4.363430587045783,24.748286624336806,21.55375165529103,2.3695983888822956,4.257495693191083,1.2288422561962038,0.0,0.023832557289869796,6.3737098043310425,8.587399031039627,1.1075047011843184,6.3737098043310425,66.42268012324348,3.8808721814948096e-05,-237.1700538002151,4.439426810077057,170.74737367697162,3.6456824313912977,9.170199739033803,1.0,0.4375,24.860720806307654,1.0,1.3052631199039686,4.363430587045783,24.748286624336806,21.55375165529103,2.3695983888822956,4.257495693191083,1.2288422561962038,0.0,0.5347,2.567094233720751
b86a49070c182a6b3dc993acd60ac1ca,WindowRegression,"{""window_size"": 5, ""input_dim"": ""univariate"", ""output_dim"": ""forecast_length"", ""normalize_window"": false, ""max_windows"": 200000, ""fourier_encoding_components"": null, ""scale"": false, ""datepart_method"": null, ""regression_type"": ""User"", ""regression_model"": {""model"": ""LightGBM"", ""model_params"": {""objective"": ""regression"", ""learning_rate"": 0.01, ""num_leaves"": 70, ""max_depth"": -1, ""boosting_type"": ""gbdt"", ""n_estimators"": 100, ""linear_tree"": false, ""lambda_l1"": 0.0, ""lambda_l2"": 0.0, ""min_data_in_leaf"": 20, ""feature_fraction"": 1.0, ""max_bin"": 255, ""device_type"": ""cuda""}}}","{""fillna"": ""time"", ""transformations"": {""0"": null}, ""transformation_params"": {""0"": {}}}",0 days 00:00:00.000215,0 days 00:00:01.194838,0 days 00:00:00.167247,0 days 00:00:01.400484,0,,1,0,1,2023-10-12 21:52:00,0.023964034370360623,6.408737399773997,8.590528214382239,1.123485696180618,6.408737399773997,53.71115410469429,3.138176951218002e-05,-231.93517384511506,4.397012779111752,178.22401974042077,3.7384538836715633,9.170199739033803,1.0,0.453125,25.86935064035424,1.0,1.3067437227151546,4.37069071489552,25.201055939937845,22.578186959098534,2.423829978606114,3.468025557545975,0.5772258635423549,0.0,0.023964034370360623,6.408737399773997,8.590528214382239,1.123485696180618,6.408737399773997,53.71115410469429,3.138176951218002e-05,-231.93517384511506,4.397012779111752,178.22401974042077,3.7384538836715633,9.170199739033803,1.0,0.453125,25.86935064035424,1.0,1.3067437227151546,4.37069071489552,25.201055939937845,22.578186959098534,2.423829978606114,3.468025557545975,0.5772258635423549,0.0,1.4005,2.568029663469158
aae4b48b17540daad69947938ebfcc9a,WindowRegression,"{""window_size"": 5, ""input_dim"": ""univariate"", ""output_dim"": ""forecast_length"", ""normalize_window"": false, ""max_windows"": 200000, ""fourier_encoding_components"": null, ""scale"": false, ""datepart_method"": null, ""regression_type"": ""User"", ""regression_model"": {""model"": ""xgboost"", ""model_params"": {""booster"": ""gbtree"", ""objective"": ""reg:squarederror"", ""max_depth"": 6, ""eta"": 0.05, ""min_child_weight"": 1, ""subsample"": 1, ""colsample_bylevel"": 1, ""reg_alpha"": 0.001, ""reg_lambda"": 1, ""tree_method"": ""hist"", ""device"": ""cuda""}}}","{""fillna"": null, ""transformations"": {}, ""transformation_params"": {}}",0 days 00:00:00.000191,0 days 00:00:00.071531,0 days 00:00:00.172924,0 days 00:00:00.284189,0,,1,0,2,2023-10-10 21:52:00,0.021030237994702165,5.7697201104467695,8.596050669349758,0.9165202786653088,5.7697201104467695,87.30799813968042,4.9721312028569846e-05,-140.9770444644564,3.115670626816329,228.28504260413683,4.123852512072377,4.480913222246285,1.0,0.5625,29.58650913780002,1.0,1.2497456178900617,3.6313284785100457,25.55996684862989,7.610447851360399,2.649507774479037,2.286402492717365,1.5202506030168494,0.0,0.021030237994702165,5.7697201104467695,8.596050669349758,0.9165202786653088,5.7697201104467695,87.30799813968042,4.9721312028569846e-05,-140.9770444644564,3.115670626816329,228.28504260413683,4.123852512072377,4.480913222246285,1.0,0.5625,29.58650913780002,1.0,1.2497456178900617,3.6313284785100457,25.55996684862989,7.610447851360399,2.649507774479037,2.286402492717365,1.5202506030168494,0.0,0.2842,2.5696805314737605
e9f72fc7741ad5bae0f864558ba26a05,WindowRegression,"{""window_size"": 10, ""input_dim"": ""univariate"", ""output_dim"": ""forecast_length"", ""normalize_window"": false, ""max_windows"": 200000, ""fourier_encoding_components"": null, ""scale"": false, ""datepart_method"": null, ""regression_type"": ""User"", ""regression_model"": {""model"": ""xgboost"", ""model_params"": {""booster"": ""gbtree"", ""colsample_bylevel"": 0.54, ""learning_rate"": 0.025, ""max_depth"": 11, ""min_child_weight"": 0.0127, ""n_estimators"": 240, ""tree_method"": ""hist"", ""objective"": ""reg:squarederror"", ""device"": ""cuda""}}}","{""fillna"": ""ffill"", ""transformations"": {""0"": null}, ""transformation_params"": {""0"": {}}}",0 days 00:00:00.000208,0 days 00:00:00.277618,0 days 00:00:00.187880,0 days 00:00:00.506544,0,,1,0,1,2023-10-12 21:52:00,0.024023787627695165,6.4247395028571646,8.602706573531002,1.1449104459538366,6.4247395028571646,39.38239746130421,2.3009919272237294e-05,-225.28286282208137,4.325722340231294,185.90046536077716,3.820265934260802,9.170199739033803,1.0,0.40625,24.557797770215984,1.0,1.3074195674065854,4.426611119279119,25.34816667441647,22.85121601377856,2.457266481203923,2.346924737676091,0.9641415692868965,0.0,0.024023787627695165,6.4247395028571646,8.602706573531002,1.1449104459538366,6.4247395028571646,39.38239746130421,2.3009919272237294e-05,-225.28286282208137,4.325722340231294,185.90046536077716,3.820265934260802,9.170199739033803,1.0,0.40625,24.557797770215984,1.0,1.3074195674065854,4.426611119279119,25.34816667441647,22.85121601377856,2.457266481203923,2.346924737676091,0.9641415692868965,0.0,0.5065,2.571670229772641
fe454ace86848609ed6eed68fc31bbad,WindowRegression,"{""window_size"": 10, ""input_dim"": ""univariate"", ""output_dim"": ""forecast_length"", ""normalize_window"": false, ""max_windows"": 200000, ""fourier_encoding_components"": null, ""scale"": false, ""datepart_method"": null, ""regression_type"": ""User"", ""regression_model"": {""model"": ""xgboost"", ""model_params"": {""booster"": ""gbtree"", ""colsample_bylevel"": 0.54, ""learning_rate"": 0.025, ""max_depth"": 11, ""min_child_weight"": 0.0127, ""n_estimators"": 240, ""tree_method"": ""hist"", ""objective"": ""reg:squarederror"", ""device"": ""cuda""}}}","{""fillna"": ""ffill_mean_biased"", ""transformations"": {""0"": null}, ""transformation_params"": {""0"": {}}}",0 days 00:00:00.000205,0 days 00:00:00.277385,0 days 00:00:00.187791,0 days 00:00:00.506308,0,,1,0,1,2023-10-12 21:52:00,0.024023787627695165,6.4247395028571646,8.602706573531002,1.1449104459538366,6.4247395028571646,39.38239746130421,2.3009919272237294e-05,-225.28286282208137,4.325722340231294,185.90046536077716,3.820265934260802,9.170199739033803,1.0,0.40625,24.557797770215984,1.0,1.3074195674065854,4.426611119279119,25.34816667441647,22.85121601377856,2.457266481203923,2.346924737676091,0.9641415692868965,0.0,0.024023787627695165,6.4247395028571646,8.602706573531002,1.1449104459538366,6.4247395028571646,39.38239746130421,2.3009919272237294e-05,-225.28286282208137,4.325722340231294,185.90046536077716,3.820265934260802,9.170199739033803,1.0,0.40625,24.557797770215984,1.0,1.3074195674065854,4.426611119279119,25.34816667441647,22.85121601377856,2.457266481203923,2.346924737676091,0.9641415692868965,0.0,0.5063,2.571670229772641
d8cd8b66a9a28255be6ed91e0ed0f3ea,WindowRegression,"{""window_size"": 10, ""input_dim"": ""univariate"", ""output_dim"": ""forecast_length"", ""normalize_window"": false, ""max_windows"": 200000, ""fourier_encoding_components"": null, ""scale"": false, ""datepart_method"": null, ""regression_type"": ""User"", ""regression_model"": {""model"": ""xgboost"", ""model_params"": {""booster"": ""gbtree"", ""colsample_bylevel"": 0.54, ""learning_rate"": 0.025, ""max_depth"": 11, ""min_child_weight"": 0.0127, ""n_estimators"": 240, ""tree_method"": ""hist"", ""objective"": ""reg:squarederror"", ""device"": ""cuda""}}}","{""fillna"": null, ""transformations"": {}, ""transformation_params"": {}}",0 days 00:00:00.000196,0 days 00:00:00.277190,0 days 00:00:00.188401,0 days 00:00:00.506810,0,,1,0,1,2023-10-12 21:52:00,0.024023787627695165,6.4247395028571646,8.602706573531002,1.1449104459538366,6.4247395028571646,39.38239746130421,2.3009919272237294e-05,-225.28286282208137,4.325722340231294,185.90046536077716,3.820265934260802,9.170199739033803,1.0,0.40625,24.557797770215984,1.0,1.3074195674065854,4.426611119279119,25.34816667441647,22.85121601377856,2.457266481203923,2.346924737676091,0.9641415692868965,0.0,0.024023787627695165,6.4247395028571646,8.602706573531002,1.1449104459538366,6.4247395028571646,39.38239746130421,2.3009919272237294e-05,-225.28286282208137,4.325722340231294,185.90046536077716,3.820265934260802,9.170199739033803,1.0,0.40625,24.557797770215984,1.0,1.3074195674065854,4.426611119279119,25.34816667441647,22.85121601377856,2.457266481203923,2.346924737676091,0.9641415692868965,0.0,0.5068,2.571670229772641
45bdced91dc2d47343e4838f14c37e0a,WindowRegression,"{""window_size"": 5, ""input_dim"": ""univariate"", ""output_dim"": ""forecast_length"", ""normalize_window"": false, ""max_windows"": 200000, ""fourier_encoding_components"": null, ""scale"": false, ""datepart_method"": null, ""regression_type"": ""User"", ""regression_model"": {""model"": ""xgboost"", ""model_params"": {""booster"": ""gbtree"", ""objective"": ""reg:squarederror"", ""max_depth"": 6, ""eta"": 0.03, ""min_child_weight"": 1, ""subsample"": 1, ""colsample_bylevel"": 1, ""reg_alpha"": 0, ""reg_lambda"": 1, ""tree_method"": ""hist"", ""device"": ""cuda""}}}","{""fillna"": null, ""transformations"": {}, ""transformation_params"": {}}",0 days 00:00:00.000185,0 days 00:00:00.108624,0 days 00:00:00.177125,0 days 00:00:00.325980,0,,1,0,1,2023-10-12 21:52:00,0.023509263869209672,6.287165321544421,8.611520412296437,1.1219134006163345,6.287165321544421,43.35002543761948,2.5328081835270377e-05,-222.86430300823122,4.249749130262215,179.51427757061174,3.6989783611995497,9.170199739033803,1.0,0.453125,26.327762348642864,1.0,1.3015976969321517,4.229770377361799,24.600750323028908,23.057726660569333,2.4241905740199,2.8202221859090066,0.6830306472742088,0.0,0.023509263869209672,6.287165321544421,8.611520412296437,1.1219134006163345,6.287165321544421,43.35002543761948,2.5328081835270377e-05,-222.86430300823122,4.249749130262215,179.51427757061174,3.6989783611995497,9.170199739033803,1.0,0.453125,26.327762348642864,1.0,1.3015976969321517,4.229770377361799,24.600750323028908,23.057726660569333,2.4241905740199,2.8202221859090066,0.6830306472742088,0.0,0.326,2.5743050152984925
e5ae2de7371edf27a15eeb18d98c909a,WindowRegression,"{""window_size"": 2, ""input_dim"": ""univariate"", ""output_dim"": ""forecast_length"", ""normalize_window"": false, ""max_windows"": 200000, ""fourier_encoding_components"": null, ""scale"": false, ""datepart_method"": null, ""regression_type"": ""User"", ""regression_model"": {""model"": ""xgboost"", ""model_params"": {""booster"": ""gbtree"", ""objective"": ""reg:squarederror"", ""max_depth"": 6, ""eta"": 0.01, ""min_child_weight"": 2, ""subsample"": 1, ""colsample_bylevel"": 1, ""reg_alpha"": 0, ""reg_lambda"": 1, ""n_estimators"": 100, ""tree_method"": ""hist"", ""device"": ""cuda""}}}","{""fillna"": null, ""transformations"": {}, ""transformation_params"": {}}",0 days 00:00:00.000204,0 days 00:00:00.125720,0 days 00:00:00.178735,0 days 00:00:00.343806,0,,1,0,1,2023-10-12 21:52:00,0.023638708413295798,6.3217645361389145,8.613431104702686,1.1270697185240561,6.3217645361389145,45.919610702319915,2.6829411193443217e-05,-225.25627050760522,4.282301288116869,179.3366598052853,3.715921909435596,9.170199739033803,1.0,0.46875,25.488341179549025,1.0,1.3030643163103153,4.280052840051415,24.735453930437544,23.252294397192486,2.4053403760256904,2.689941856695441,0.6770646350149178,0.0,0.023638708413295798,6.3217645361389145,8.613431104702686,1.1270697185240561,6.3217645361389145,45.919610702319915,2.6829411193443217e-05,-225.25627050760522,4.282301288116869,179.3366598052853,3.715921909435596,9.170199739033803,1.0,0.46875,25.488341179549025,1.0,1.3030643163103153,4.280052840051415,24.735453930437544,23.252294397192486,2.4053403760256904,2.689941856695441,0.6770646350149178,0.0,0.3438,2.5748761926061694
e6ea9313aa95ef4c63e4ec8ea0503d95,WindowRegression,"{""window_size"": 2, ""input_dim"": ""univariate"", ""output_dim"": ""forecast_length"", ""normalize_window"": false, ""max_windows"": 200000, ""fourier_encoding_components"": null, ""scale"": false, ""datepart_method"": null, ""regression_type"": ""User"", ""regression_model"": {""model"": ""xgboost"", ""model_params"": {""booster"": ""gbtree"", ""objective"": ""reg:squarederror"", ""max_depth"": 6, ""eta"": 0.01, ""min_child_weight"": 2, ""subsample"": 1, ""colsample_bylevel"": 1, ""reg_alpha"": 0, ""reg_lambda"": 1, ""n_estimators"": 100, ""tree_method"": ""hist"", ""device"": ""cuda""}}}","{""fillna"": null, ""transformations"": {""0"": null}, ""transformation_params"": {""0"": {}}}",0 days 00:00:00.000200,0 days 00:00:00.125635,0 days 00:00:00.180809,0 days 00:00:00.345857,0,,1,0,1,2023-10-12 21:52:00,0.023638708413295798,6.3217645361389145,8.613431104702686,1.1270697185240561,6.3217645361389145,45.919610702319915,2.6829411193443217e-05,-225.25627050760522,4.282301288116869,179.3366598052853,3.715921909435596,9.170199739033803,1.0,0.46875,25.488341179549025,1.0,1.3030643163103153,4.280052840051415,24.735453930437544,23.252294397192486,2.4053403760256904,2.689941856695441,0.6770646350149178,0.0,0.023638708413295798,6.3217645361389145,8.613431104702686,1.1270697185240561,6.3217645361389145,45.919610702319915,2.6829411193443217e-05,-225.25627050760522,4.282301288116869,179.3366598052853,3.715921909435596,9.170199739033803,1.0,0.46875,25.488341179549025,1.0,1.3030643163103153,4.280052840051415,24.735453930437544,23.252294397192486,2.4053403760256904,2.689941856695441,0.6770646350149178,0.0,0.3459,2.5748761926061694
e8bc928f2d8d48f9ed72c35b0dcca482,WindowRegression,"{""window_size"": 12, ""input_dim"": ""univariate"", ""output_dim"": ""forecast_length"", ""normalize_window"": false, ""max_windows"": 200000, ""fourier_encoding_components"": null, ""scale"": false, ""datepart_method"": null, ""regression_type"": ""User"", ""regression_model"": {""model"": ""LightGBM"", ""model_params"": {""objective"": ""regression"", ""learning_rate"": 0.01, ""num_leaves"": 15, ""max_depth"": -1, ""boosting_type"": ""gbdt"", ""n_estimators"": 100, ""linear_tree"": false, ""lambda_l1"": 0.0, ""lambda_l2"": 10, ""min_data_in_leaf"": 20, ""feature_fraction"": 1.0, ""max_bin"": 255, ""device_type"": ""cuda""}}}","{""fillna"": null, ""transformations"": {""0"": null}, ""transformation_params"": {""0"": {}}}",0 days 00:00:00.000208,0 days 00:00:00.321421,0 days 00:00:00.167572,0 days 00:00:00.527559,0,,1,0,1,2023-10-12 21:52:00,0.023733125374382796,6.346961791222725,8.61604830168063,1.13487141098201,6.346961791222725,57.267866125643195,3.345984656569214e-05,-231.7367103819488,4.373280954316451,174.4688442563056,3.653625749451728,9.170199739033803,1.0,0.4375,25.47124757617712,1.0,1.304131359897756,4.316901057013672,24.87110911990787,23.68778838204034,2.4215638217771183,3.436698237854632,0.5482218931590715,0.0,0.023733125374382796,6.346961791222725,8.61604830168063,1.13487141098201,6.346961791222725,57.267866125643195,3.345984656569214e-05,-231.7367103819488,4.373280954316451,174.4688442563056,3.653625749451728,9.170199739033803,1.0,0.4375,25.47124757617712,1.0,1.304131359897756,4.316901057013672,24.87110911990787,23.68778838204034,2.4215638217771183,3.436698237854632,0.5482218931590715,0.0,0.5276,2.575658570512018
45bdced91dc2d47343e4838f14c37e0a,WindowRegression,"{""window_size"": 5, ""input_dim"": ""univariate"", ""output_dim"": ""forecast_length"", ""normalize_window"": false, ""max_windows"": 200000, ""fourier_encoding_components"": null, ""scale"": false, ""datepart_method"": null, ""regression_type"": ""User"", ""regression_model"": {""model"": ""xgboost"", ""model_params"": {""booster"": ""gbtree"", ""objective"": ""reg:squarederror"", ""max_depth"": 6, ""eta"": 0.03, ""min_child_weight"": 1, ""subsample"": 1, ""colsample_bylevel"": 1, ""reg_alpha"": 0, ""reg_lambda"": 1, ""tree_method"": ""hist"", ""device"": ""cuda""}}}","{""fillna"": null, ""transformations"": {}, ""transformation_params"": {}}",0 days 00:00:00.000192,0 days 00:00:00.090223,0 days 00:00:00.174891,0 days 00:00:00.304959,0,,1,0,2,2023-10-10 21:52:00,0.020857237637525568,5.722364947968629,8.644824167007888,0.9148396118577038,5.722364947968629,83.71228957570202,4.76735804199795e-05,-141.2595335471451,3.0898437192978894,224.97182312284713,4.0738012807464195,4.480913222246285,1.0,0.546875,28.820594364704448,1.0,1.2478992714853292,3.5387641896129396,25.12835474981647,7.394990454789684,2.6427757114524986,2.1283115267463146,1.140580582676952,0.0,0.020857237637525568,5.722364947968629,8.644824167007888,0.9148396118577038,5.722364947968629,83.71228957570202,4.76735804199795e-05,-141.2595335471451,3.0898437192978894,224.97182312284713,4.0738012807464195,4.480913222246285,1.0,0.546875,28.820594364704448,1.0,1.2478992714853292,3.5387641896129396,25.12835474981647,7.394990454789684,2.6427757114524986,2.1283115267463146,1.140580582676952,0.0,0.305,2.584260751182198
cbcb89f0ae715cebd09d0482ad716d70,WindowRegression,"{""window_size"": 5, ""input_dim"": ""univariate"", ""output_dim"": ""forecast_length"", ""normalize_window"": false, ""max_windows"": 200000, ""fourier_encoding_components"": null, ""scale"": false, ""datepart_method"": null, ""regression_type"": ""User"", ""regression_model"": {""model"": ""xgboost"", ""model_params"": {""booster"": ""gbtree"", ""objective"": ""reg:squarederror"", ""max_depth"": 6, ""eta"": 0.03, ""min_child_weight"": 1, ""subsample"": 1, ""colsample_bylevel"": 1, ""reg_alpha"": 0.001, ""reg_lambda"": 1, ""n_estimators"": 100, ""grow_policy"": ""lossguide"", ""tree_method"": ""hist"", ""device"": ""cuda""}}}","{""fillna"": ""rolling_mean"", ""transformations"": {""0"": null}, ""transformation_params"": {""0"": {}}}",0 days 00:00:00.000209,0 days 00:00:00.147322,0 days 00:00:00.174981,0 days 00:00:00.362005,0,,1,0,2,2023-10-10 21:52:00,0.02100476883161599,5.762661345574713,8.65733186942517,0.9259495896575441,5.762661345574713,82.77778618497905,4.714138708521129e-05,-143.0162699659013,3.1219426168527313,225.79405615088035,4.10005651291622,4.480913222246285,1.0,0.53125,31.068719870258064,1.0,1.249470574358931,3.6202788454536656,25.818801868889,7.679480304408109,2.664144998709522,2.0967252272041303,1.3951160320285358,0.0,0.02100476883161599,5.762661345574713,8.65733186942517,0.9259495896575441,5.762661345574713,82.77778618497905,4.714138708521129e-05,-143.0162699659013,3.1219426168527313,225.79405615088035,4.10005651291622,4.480913222246285,1.0,0.53125,31.068719870258064,1.0,1.249470574358931,3.6202788454536656,25.818801868889,7.679480304408109,2.664144998709522,2.0967252272041303,1.3951160320285358,0.0,0.362,2.5879997704866975
ae4ecf991c6ae1ea6d0a1bc472fb875b,WindowRegression,"{""window_size"": 10, ""input_dim"": ""univariate"", ""output_dim"": ""forecast_length"", ""normalize_window"": false, ""max_windows"": 200000, ""fourier_encoding_components"": null, ""scale"": false, ""datepart_method"": null, ""regression_type"": ""User"", ""regression_model"": {""model"": ""xgboost"", ""model_params"": {""booster"": ""gbtree"", ""objective"": ""reg:squarederror"", ""max_depth"": 6, ""eta"": 0.03, ""min_child_weight"": 1, ""subsample"": 0.5, ""colsample_bylevel"": 0.5, ""reg_alpha"": 0.001, ""reg_lambda"": 1, ""tree_method"": ""hist"", ""device"": ""cuda""}}}","{""fillna"": null, ""transformations"": {}, ""transformation_params"": {}}",0 days 00:00:00.000191,0 days 00:00:00.146478,0 days 00:00:00.177893,0 days 00:00:00.363535,0,,1,0,1,2023-10-12 21:52:00,0.024020554815738056,6.423908928525179,8.671372326999267,1.1258142960520672,6.423908928525179,54.37511991885549,3.176970424363932e-05,-232.75264567223348,4.394095742682967,178.377525753378,3.7268087164110013,9.170199739033803,1.0,0.453125,25.177315472879854,1.0,1.3073844969105088,4.407615612858165,25.382744925942937,24.785646380136487,2.417722445993654,3.141423483712533,0.5652754409916209,0.0,0.024020554815738056,6.423908928525179,8.671372326999267,1.1258142960520672,6.423908928525179,54.37511991885549,3.176970424363932e-05,-232.75264567223348,4.394095742682967,178.377525753378,3.7268087164110013,9.170199739033803,1.0,0.453125,25.177315472879854,1.0,1.3073844969105088,4.407615612858165,25.382744925942937,24.785646380136487,2.417722445993654,3.141423483712533,0.5652754409916209,0.0,0.3635,2.5921969875424073
b86a49070c182a6b3dc993acd60ac1ca,WindowRegression,"{""window_size"": 5, ""input_dim"": ""univariate"", ""output_dim"": ""forecast_length"", ""normalize_window"": false, ""max_windows"": 200000, ""fourier_encoding_components"": null, ""scale"": false, ""datepart_method"": null, ""regression_type"": ""User"", ""regression_model"": {""model"": ""LightGBM"", ""model_params"": {""objective"": ""regression"", ""learning_rate"": 0.01, ""num_leaves"": 70, ""max_depth"": -1, ""boosting_type"": ""gbdt"", ""n_estimators"": 100, ""linear_tree"": false, ""lambda_l1"": 0.0, ""lambda_l2"": 0.0, ""min_data_in_leaf"": 20, ""feature_fraction"": 1.0, ""max_bin"": 255, ""device_type"": ""cuda""}}}","{""fillna"": ""time"", ""transformations"": {""0"": null}, ""transformation_params"": {""0"": {}}}",0 days 00:00:00.000209,0 days 00:00:01.173197,0 days 00:00:00.167374,0 days 00:00:01.379162,0,,1,0,2,2023-10-10 21:52:00,0.021587957861558142,5.9226452518198585,8.7253914057966,0.9358776756803424,5.9226452518198585,65.14246205982636,3.709818975810221e-05,-156.9534170283223,3.3353236863426643,222.09587908814865,4.101859010275341,4.480913222246285,1.0,0.46875,29.663392629419832,1.0,1.2556895285136418,3.7438803296778738,26.805177572350175,7.526945227979025,2.6599325969078054,1.296749358921421,1.466165373943789,0.0,0.021587957861558142,5.9226452518198585,8.7253914057966,0.9358776756803424,5.9226452518198585,65.14246205982636,3.709818975810221e-05,-156.9534170283223,3.3353236863426643,222.09587908814865,4.101859010275341,4.480913222246285,1.0,0.46875,29.663392629419832,1.0,1.2556895285136418,3.7438803296778738,26.805177572350175,7.526945227979025,2.6599325969078054,1.296749358921421,1.466165373943789,0.0,1.3792,2.608345307329377
c04e957c7ceb00fd784c5698ebc26afa,WindowRegression,"{""window_size"": 5, ""input_dim"": ""univariate"", ""output_dim"": ""forecast_length"", ""normalize_window"": false, ""max_windows"": 200000, ""fourier_encoding_components"": null, ""scale"": false, ""datepart_method"": null, ""regression_type"": ""User"", ""regression_model"": {""model"": ""xgboost"", ""model_params"": {""booster"": ""gbtree"", ""objective"": ""reg:squarederror"", ""max_depth"": 6, ""eta"": 0.03, ""min_child_weight"": 0.5, ""subsample"": 0.5, ""colsample_bylevel"": 0.5, ""reg_alpha"": 0, ""reg_lambda"": 1, ""tree_method"": ""hist"", ""device"": ""cuda""}}}","{""fillna"": null, ""transformations"": {}, ""transformation_params"": {}}",0 days 00:00:00.000185,0 days 00:00:00.142796,0 days 00:00:00.180267,0 days 00:00:00.362838,0,,1,0,1,2023-10-12 21:52:00,0.024602008044936244,6.579343590294172,8.759628882459422,1.1487045560340758,6.579343590294172,63.62787406811185,3.7175802900518724e-05,-242.35293192346944,4.540898654524586,178.7250578553576,3.7879501464547625,9.170199739033803,1.0,0.46875,26.61784363062543,1.0,1.3139313271256614,4.561882528558811,26.02509960303967,23.038493404980738,2.45836493809176,3.901462730562221,2.257657970385165,0.0,0.024602008044936244,6.579343590294172,8.759628882459422,1.1487045560340758,6.579343590294172,63.62787406811185,3.7175802900518724e-05,-242.35293192346944,4.540898654524586,178.7250578553576,3.7879501464547625,9.170199739033803,1.0,0.46875,26.61784363062543,1.0,1.3139313271256614,4.561882528558811,26.02509960303967,23.038493404980738,2.45836493809176,3.901462730562221,2.257657970385165,0.0,0.3628,2.618580167570597
e8bc928f2d8d48f9ed72c35b0dcca482,WindowRegression,"{""window_size"": 12, ""input_dim"": ""univariate"", ""output_dim"": ""forecast_length"", ""normalize_window"": false, ""max_windows"": 200000, ""fourier_encoding_components"": null, ""scale"": false, ""datepart_method"": null, ""regression_type"": ""User"", ""regression_model"": {""model"": ""LightGBM"", ""model_params"": {""objective"": ""regression"", ""learning_rate"": 0.01, ""num_leaves"": 15, ""max_depth"": -1, ""boosting_type"": ""gbdt"", ""n_estimators"": 100, ""linear_tree"": false, ""lambda_l1"": 0.0, ""lambda_l2"": 10, ""min_data_in_leaf"": 20, ""feature_fraction"": 1.0, ""max_bin"": 255, ""device_type"": ""cuda""}}}","{""fillna"": null, ""transformations"": {""0"": null}, ""transformation_params"": {""0"": {}}}",0 days 00:00:00.000204,0 days 00:00:00.307196,0 days 00:00:00.166147,0 days 00:00:00.511493,0,,1,0,2,2023-10-10 21:52:00,0.021134411365781196,5.798422355750233,8.764427333388197,0.9290892042452976,5.798422355750233,95.17688268916027,5.420258834160056e-05,-137.96107403942733,3.066609049801099,233.1379567285876,4.175988459424703,4.480913222246285,1.0,0.515625,28.159874087799835,1.0,1.250863372909339,3.5862087582807836,25.737361192162325,7.767155128013651,2.6611113183812227,2.6994482473860266,1.4868919703170882,0.0,0.021134411365781196,5.798422355750233,8.764427333388197,0.9290892042452976,5.798422355750233,95.17688268916027,5.420258834160056e-05,-137.96107403942733,3.066609049801099,233.1379567285876,4.175988459424703,4.480913222246285,1.0,0.515625,28.159874087799835,1.0,1.250863372909339,3.5862087582807836,25.737361192162325,7.767155128013651,2.6611113183812227,2.6994482473860266,1.4868919703170882,0.0,0.5115,2.620014603732877
e6ea9313aa95ef4c63e4ec8ea0503d95,WindowRegression,"{""window_size"": 2, ""input_dim"": ""univariate"", ""output_dim"": ""forecast_length"", ""normalize_window"": false, ""max_windows"": 200000, ""fourier_encoding_components"": null, ""scale"": false, ""datepart_method"": null, ""regression_type"": ""User"", ""regression_model"": {""model"": ""xgboost"", ""model_params"": {""booster"": ""gbtree"", ""objective"": ""reg:squarederror"", ""max_depth"": 6, ""eta"": 0.01, ""min_child_weight"": 2, ""subsample"": 1, ""colsample_bylevel"": 1, ""reg_alpha"": 0, ""reg_lambda"": 1, ""n_estimators"": 100, ""tree_method"": ""hist"", ""device"": ""cuda""}}}","{""fillna"": null, ""transformations"": {""0"": null}, ""transformation_params"": {""0"": {}}}",0 days 00:00:00.000205,0 days 00:00:00.129421,0 days 00:00:00.178843,0 days 00:00:00.347751,0,,1,0,2,2023-10-10 21:52:00,0.021159571527856805,5.805198635523595,8.778278403029777,0.9257080047377131,5.805198635523595,95.1442661289584,5.418401343206592e-05,-138.19422327227585,3.051761058463768,233.33848940123426,4.194783561906668,4.480913222246285,1.0,0.53125,30.361671742884937,1.0,1.2511271166850533,3.599218422773211,26.115572039472593,7.6057087808664265,2.6459122412638196,2.717856139867989,1.5092951141949265,0.0,0.021159571527856805,5.805198635523595,8.778278403029777,0.9257080047377131,5.805198635523595,95.1442661289584,5.418401343206592e-05,-138.19422327227585,3.051761058463768,233.33848940123426,4.194783561906668,4.480913222246285,1.0,0.53125,30.361671742884937,1.0,1.2511271166850533,3.599218422773211,26.115572039472593,7.6057087808664265,2.6459122412638196,2.717856139867989,1.5092951141949265,0.0,0.3478,2.624155205663594
e5ae2de7371edf27a15eeb18d98c909a,WindowRegression,"{""window_size"": 2, ""input_dim"": ""univariate"", ""output_dim"": ""forecast_length"", ""normalize_window"": false, ""max_windows"": 200000, ""fourier_encoding_components"": null, ""scale"": false, ""datepart_method"": null, ""regression_type"": ""User"", ""regression_model"": {""model"": ""xgboost"", ""model_params"": {""booster"": ""gbtree"", ""objective"": ""reg:squarederror"", ""max_depth"": 6, ""eta"": 0.01, ""min_child_weight"": 2, ""subsample"": 1, ""colsample_bylevel"": 1, ""reg_alpha"": 0, ""reg_lambda"": 1, ""n_estimators"": 100, ""tree_method"": ""hist"", ""device"": ""cuda""}}}","{""fillna"": null, ""transformations"": {}, ""transformation_params"": {}}",0 days 00:00:00.000196,0 days 00:00:00.129400,0 days 00:00:00.178586,0 days 00:00:00.347713,0,,1,0,2,2023-10-10 21:52:00,0.021159571527856805,5.805198635523595,8.778278403029777,0.9257080047377131,5.805198635523595,95.1442661289584,5.418401343206592e-05,-138.19422327227585,3.051761058463768,233.33848940123426,4.194783561906668,4.480913222246285,1.0,0.53125,30.361671742884937,1.0,1.2511271166850533,3.599218422773211,26.115572039472593,7.6057087808664265,2.6459122412638196,2.717856139867989,1.5092951141949265,0.0,0.021159571527856805,5.805198635523595,8.778278403029777,0.9257080047377131,5.805198635523595,95.1442661289584,5.418401343206592e-05,-138.19422327227585,3.051761058463768,233.33848940123426,4.194783561906668,4.480913222246285,1.0,0.53125,30.361671742884937,1.0,1.2511271166850533,3.599218422773211,26.115572039472593,7.6057087808664265,2.6459122412638196,2.717856139867989,1.5092951141949265,0.0,0.3477,2.624155205663594
0f760decfc490502f2782c17cb181970,WindowRegression,"{""window_size"": 5, ""input_dim"": ""univariate"", ""output_dim"": ""forecast_length"", ""normalize_window"": false, ""max_windows"": 200000, ""fourier_encoding_components"": null, ""scale"": false, ""datepart_method"": null, ""regression_type"": ""User"", ""regression_model"": {""model"": ""xgboost"", ""model_params"": {""booster"": ""gbtree"", ""objective"": ""reg:squarederror"", ""max_depth"": 6, ""eta"": 0.3, ""min_child_weight"": 1, ""subsample"": 1, ""colsample_bylevel"": 0.9, ""reg_alpha"": 0, ""reg_lambda"": 5, ""n_estimators"": 100, ""grow_policy"": ""lossguide"", ""tree_method"": ""hist"", ""device"": ""cuda""}}}","{""fillna"": null, ""transformations"": {}, ""transformation_params"": {}}",0 days 00:00:00.000190,0 days 00:00:00.076416,0 days 00:00:00.169182,0 days 00:00:00.284719,0,,1,0,1,2023-10-12 21:52:00,0.024164290709722543,6.462473119523736,8.778894489226714,1.139477545199044,6.462473119523736,48.75823487641537,2.8487931682307194e-05,-231.17825726296724,4.385976895049543,182.42002238655186,3.7918972557801567,9.170199739033803,1.0,0.515625,27.20820240535977,1.0,1.309011855441733,4.343271549722111,24.61064364332244,23.45339972044901,2.432614863585036,3.5546599614736123,2.05525620011013,0.0,0.024164290709722543,6.462473119523736,8.778894489226714,1.139477545199044,6.462473119523736,48.75823487641537,2.8487931682307194e-05,-231.17825726296724,4.385976895049543,182.42002238655186,3.7918972557801567,9.170199739033803,1.0,0.515625,27.20820240535977,1.0,1.309011855441733,4.343271549722111,24.61064364332244,23.45339972044901,2.432614863585036,3.5546599614736123,2.05525620011013,0.0,0.2847,2.624339376833225
0282bcbc796482c0aab957f05baa7dd4,WindowRegression,"{""window_size"": 20, ""input_dim"": ""univariate"", ""output_dim"": ""forecast_length"", ""normalize_window"": false, ""max_windows"": 200000, ""fourier_encoding_components"": null, ""scale"": false, ""datepart_method"": null, ""regression_type"": ""User"", ""regression_model"": {""model"": ""LightGBM"", ""model_params"": {""objective"": ""regression"", ""learning_rate"": 0.1, ""num_leaves"": 31, ""max_depth"": -1, ""boosting_type"": ""gbdt"", ""n_estimators"": 100, ""linear_tree"": false, ""lambda_l1"": 0.0, ""lambda_l2"": 0.0, ""min_data_in_leaf"": 20, ""feature_fraction"": 1.0, ""max_bin"": 255, ""device_type"": ""cuda""}}}","{""fillna"": ""rolling_mean"", ""transformations"": {""0"": null}, ""transformation_params"": {""0"": {}}}",0 days 00:00:00.000206,0 days 00:00:00.595617,0 days 00:00:00.166474,0 days 00:00:00.800406,0,,1,0,2,2023-10-10 21:52:00,0.023206282029749822,6.3667381897479345,9.032387303784335,0.9706196518942123,6.3667381897479345,61.26679973665159,3.48910263848263e-05,-173.1022222036081,3.6412175417233734,234.3690219402597,4.371155429673303,4.480913222246285,1.0,0.46875,28.060072936506913,1.0,1.2727932420306092,4.143776305681765,27.318407013171033,9.230188368102203,2.723905511742067,1.5001943878457316,3.2804443626234403,0.0,0.023206282029749822,6.3667381897479345,9.032387303784335,0.9706196518942123,6.3667381897479345,61.26679973665159,3.48910263848263e-05,-173.1022222036081,3.6412175417233734,234.3690219402597,4.371155429673303,4.480913222246285,1.0,0.46875,28.060072936506913,1.0,1.2727932420306092,4.143776305681765,27.318407013171033,9.230188368102203,2.723905511742067,1.5001943878457316,3.2804443626234403,0.0,0.8004,2.7001178448173464
0fa87e2fe02d9f220491a11aeea01526,WindowRegression,"{""window_size"": 20, ""input_dim"": ""univariate"", ""output_dim"": ""forecast_length"", ""normalize_window"": false, ""max_windows"": 200000, ""fourier_encoding_components"": null, ""scale"": false, ""datepart_method"": null, ""regression_type"": ""User"", ""regression_model"": {""model"": ""LightGBM"", ""model_params"": {""objective"": ""regression"", ""learning_rate"": 0.1, ""num_leaves"": 31, ""max_depth"": 5, ""boosting_type"": ""gbdt"", ""n_estimators"": 100, ""linear_tree"": false, ""lambda_l1"": 0.0, ""lambda_l2"": 0.0, ""min_data_in_leaf"": 20, ""feature_fraction"": 1.0, ""max_bin"": 255, ""device_type"": ""cuda""}}}","{""fillna"": null, ""transformations"": {}, ""transformation_params"": {}}",0 days 00:00:00.000190,0 days 00:00:00.596332,0 days 00:00:00.166403,0 days 00:00:00.801049,0,,1,0,2,2023-10-10 21:52:00,0.02320628203524473,6.3667381912519545,9.032387305694698,0.9706196527736701,6.3667381912519545,61.26679984148723,3.489102644452948e-05,-173.10222219931893,3.6412175418896977,234.36902204080616,4.371155430926928,4.480913222246285,1.0,0.46875,28.06007295368181,1.0,1.2727932420881454,4.1437763077645755,27.31840702790423,9.230188376653745,2.723905512807834,1.5001943906651158,3.280444353841289,0.0,0.02320628203524473,6.3667381912519545,9.032387305694698,0.9706196527736701,6.3667381912519545,61.26679984148723,3.489102644452948e-05,-173.10222219931893,3.6412175418896977,234.36902204080616,4.371155430926928,4.480913222246285,1.0,0.46875,28.06007295368181,1.0,1.2727932420881454,4.1437763077645755,27.31840702790423,9.230188376653745,2.723905512807834,1.5001943906651158,3.280444353841289,0.0,0.801,2.700117845388425
974543be739ebd0f0fa3afbe59ca4a8d,WindowRegression,"{""window_size"": 10, ""input_dim"": ""univariate"", ""output_dim"": ""forecast_length"", ""normalize_window"": false, ""max_windows"": 200000, ""fourier_encoding_components"": null, ""scale"": false, ""datepart_method"": null, ""regression_type"": ""User"", ""regression_model"": {""model"": ""LightGBM"", ""model_params"": {""objective"": ""regression"", ""learning_rate"": 0.1, ""num_leaves"": 1000, ""max_depth"": 5, ""boosting_type"": ""gbdt"", ""n_estimators"": 100, ""linear_tree"": false, ""lambda_l1"": 0.0, ""lambda_l2"": 0.0, ""min_data_in_leaf"": 20, ""feature_fraction"": 1.0, ""max_bin"": 255, ""device_type"": ""cuda""}}}","{""fillna"": null, ""transformations"": {}, ""transformation_params"": {}}",0 days 00:00:00.000190,0 days 00:00:02.865317,0 days 00:00:00.169801,0 days 00:00:03.073729,0,,1,0,1,2023-10-12 21:52:00,0.024843706030731275,6.643750862257093,9.157916118910359,1.1797155912434873,6.643750862257093,56.53834215695679,3.303360822804065e-05,-240.86919867070537,4.546039415360545,184.33085651374859,3.816920258826318,9.170199739033803,1.0,0.46875,24.27638084335922,1.0,1.3166345899409302,4.2559243548451,25.366037965998785,38.68940424725054,2.5438602463364735,3.3310627357272176,4.1614387640235355,0.0,0.024843706030731275,6.643750862257093,9.157916118910359,1.1797155912434873,6.643750862257093,56.53834215695679,3.303360822804065e-05,-240.86919867070537,4.546039415360545,184.33085651374859,3.816920258826318,9.170199739033803,1.0,0.46875,24.27638084335922,1.0,1.3166345899409302,4.2559243548451,25.366037965998785,38.68940424725054,2.5438602463364735,3.3310627357272176,4.1614387640235355,0.0,3.0737,2.73764309504865
0f760decfc490502f2782c17cb181970,WindowRegression,"{""window_size"": 5, ""input_dim"": ""univariate"", ""output_dim"": ""forecast_length"", ""normalize_window"": false, ""max_windows"": 200000, ""fourier_encoding_components"": null, ""scale"": false, ""datepart_method"": null, ""regression_type"": ""User"", ""regression_model"": {""model"": ""xgboost"", ""model_params"": {""booster"": ""gbtree"", ""objective"": ""reg:squarederror"", ""max_depth"": 6, ""eta"": 0.3, ""min_child_weight"": 1, ""subsample"": 1, ""colsample_bylevel"": 0.9, ""reg_alpha"": 0, ""reg_lambda"": 5, ""n_estimators"": 100, ""grow_policy"": ""lossguide"", ""tree_method"": ""hist"", ""device"": ""cuda""}}}","{""fillna"": null, ""transformations"": {}, ""transformation_params"": {}}",0 days 00:00:00.000197,0 days 00:00:00.065675,0 days 00:00:00.170399,0 days 00:00:00.275707,0,,1,0,2,2023-10-10 21:52:00,0.02324484344764578,6.377335482330295,9.258948591058026,0.9865482844998328,6.377335482330295,105.93296135200944,6.032810209514868e-05,-151.10825475856473,3.3554269811494954,257.04121611057417,4.65308325181849,4.480913222246285,1.0,0.5,34.88277296335582,1.0,1.2731985773670005,4.137241297024485,27.926256207537417,10.636363057338697,2.761976188827351,2.5034255942323207,4.877236991377437,0.0,0.02324484344764578,6.377335482330295,9.258948591058026,0.9865482844998328,6.377335482330295,105.93296135200944,6.032810209514868e-05,-151.10825475856473,3.3554269811494954,257.04121611057417,4.65308325181849,4.480913222246285,1.0,0.5,34.88277296335582,1.0,1.2731985773670005,4.137241297024485,27.926256207537417,10.636363057338697,2.761976188827351,2.5034255942323207,4.877236991377437,0.0,0.2757,2.76784547364214
974543be739ebd0f0fa3afbe59ca4a8d,WindowRegression,"{""window_size"": 10, ""input_dim"": ""univariate"", ""output_dim"": ""forecast_length"", ""normalize_window"": false, ""max_windows"": 200000, ""fourier_encoding_components"": null, ""scale"": false, ""datepart_method"": null, ""regression_type"": ""User"", ""regression_model"": {""model"": ""LightGBM"", ""model_params"": {""objective"": ""regression"", ""learning_rate"": 0.1, ""num_leaves"": 1000, ""max_depth"": 5, ""boosting_type"": ""gbdt"", ""n_estimators"": 100, ""linear_tree"": false, ""lambda_l1"": 0.0, ""lambda_l2"": 0.0, ""min_data_in_leaf"": 20, ""feature_fraction"": 1.0, ""max_bin"": 255, ""device_type"": ""cuda""}}}","{""fillna"": null, ""transformations"": {}, ""transformation_params"": {}}",0 days 00:00:00.000191,0 days 00:00:01.928761,0 days 00:00:00.167371,0 days 00:00:02.134577,0,,1,0,2,2023-10-10 21:52:00,0.024631562721513366,6.757626883777789,9.849366325889672,0.9092907831299492,6.757626883777789,16.545593126807944,9.422602923956924e-06,-207.97126371748527,4.140543437232594,224.51685684429322,4.295794817984813,4.480913222246285,1.0,0.578125,31.679060030117398,1.0,1.2876598820350968,4.151836907580218,28.680396324977274,9.78945568301771,2.653827224434125,3.118608135536823,3.1556189240999375,0.0,0.024631562721513366,6.757626883777789,9.849366325889672,0.9092907831299492,6.757626883777789,16.545593126807944,9.422602923956924e-06,-207.97126371748527,4.140543437232594,224.51685684429322,4.295794817984813,4.480913222246285,1.0,0.578125,31.679060030117398,1.0,1.2876598820350968,4.151836907580218,28.680396324977274,9.78945568301771,2.653827224434125,3.118608135536823,3.1556189240999375,0.0,2.1346,2.944343381459671
