ID,Model,ModelParameters,TransformationParameters,TransformationRuntime,FitRuntime,PredictRuntime,TotalRuntime,Ensemble,Exceptions,Runs,Generation,ValidationRound,ValidationStartDate,smape,mae,rmse,made,mage,mate,matse,underestimate,mle,overestimate,imle,spl,containment,contour,maxe,oda,dwae,mqae,ewmae,uwmse,smoothness,wasserstein,dwd,custom,smape_weighted,mae_weighted,rmse_weighted,made_weighted,mage_weighted,mate_weighted,matse_weighted,underestimate_weighted,mle_weighted,overestimate_weighted,imle_weighted,spl_weighted,containment_weighted,contour_weighted,maxe_weighted,oda_weighted,dwae_weighted,mqae_weighted,ewmae_weighted,uwmse_weighted,smoothness_weighted,wasserstein_weighted,dwd_weighted,custom_weighted,TotalRuntimeSeconds,Score
aae4b48b17540daad69947938ebfcc9a,WindowRegression,"{""window_size"": 5, ""input_dim"": ""univariate"", ""output_dim"": ""forecast_length"", ""normalize_window"": false, ""max_windows"": 200000, ""fourier_encoding_components"": null, ""scale"": false, ""datepart_method"": null, ""regression_type"": ""User"", ""regression_model"": {""model"": ""xgboost"", ""model_params"": {""booster"": ""gbtree"", ""objective"": ""reg:squarederror"", ""max_depth"": 6, ""eta"": 0.05, ""min_child_weight"": 1, ""subsample"": 1, ""colsample_bylevel"": 1, ""reg_alpha"": 0.001, ""reg_lambda"": 1, ""tree_method"": ""hist"", ""device"": ""cuda""}}}","{""fillna"": null, ""transformations"": {}, ""transformation_params"": {}}",0 days 00:00:00.000208,0 days 00:00:00.165537,0 days 00:00:00.187080,0 days 00:00:00.394616,0,,1,0,1,2023-10-14 22:56:00,0.009269434744669472,2.489731445312202,2.9499600975114983,0.14973297558261472,2.489731445312202,31.440156249987922,1.828981581053753e-05,-63.95132812499651,1.7014513714464918,95.39148437498443,1.9389526945593802,9.23950428512698,1.0,0.421875,7.123359375000291,1.0,1.093102555063867,1.9916898148145534,9.77491956964936,0.7401535086415648,1.4153919401242998,2.029663380291775,1.6718021037058355,0.0,0.009269434744669472,2.489731445312202,2.9499600975114983,0.14973297558261472,2.489731445312202,31.440156249987922,1.828981581053753e-05,-63.95132812499651,1.7014513714464918,95.39148437498443,1.9389526945593802,9.23950428512698,1.0,0.421875,7.123359375000291,1.0,1.093102555063867,1.9916898148145534,9.77491956964936,0.7401535086415648,1.4153919401242998,2.029663380291775,1.6718021037058355,0.0,0.3946,1.0
fdf654e8925040698298d26e5bb2eea6,WindowRegression,"{""window_size"": 20, ""input_dim"": ""univariate"", ""output_dim"": ""forecast_length"", ""normalize_window"": false, ""max_windows"": 200000, ""fourier_encoding_components"": null, ""scale"": false, ""datepart_method"": null, ""regression_type"": ""User"", ""regression_model"": {""model"": ""LightGBM"", ""model_params"": {""objective"": ""regression"", ""learning_rate"": 0.1, ""num_leaves"": 31, ""max_depth"": -1, ""boosting_type"": ""gbdt"", ""n_estimators"": 100, ""linear_tree"": false, ""lambda_l1"": 0.0, ""lambda_l2"": 0.0, ""min_data_in_leaf"": 20, ""feature_fraction"": 1.0, ""max_bin"": 255, ""device_type"": ""cuda""}}}","{""fillna"": ""ffill"", ""transformations"": {""0"": null}, ""transformation_params"": {""0"": {}}}",0 days 00:00:00.000218,0 days 00:00:00.664928,0 days 00:00:00.175550,0 days 00:00:00.879391,0,,1,0,1,2023-10-14 22:56:00,0.01001562769099821,2.690115028288176,3.322251919314071,0.18656958019977235,2.690115028288176,41.696776804663386,2.4256443307296856e-05,-106.93206930755332,2.132831103638316,65.23529250288993,1.7431344948520393,9.23950428512698,1.0,0.46875,9.823138593572367,1.0,1.1002533222430637,2.017324905193837,8.735032180866511,1.2979633145545821,1.4779732627100999,2.4838125690175765,2.232445041289678,0.0,0.01001562769099821,2.690115028288176,3.322251919314071,0.18656958019977235,2.690115028288176,41.696776804663386,2.4256443307296856e-05,-106.93206930755332,2.132831103638316,65.23529250288993,1.7431344948520393,9.23950428512698,1.0,0.46875,9.823138593572367,1.0,1.1002533222430637,2.017324905193837,8.735032180866511,1.2979633145545821,1.4779732627100999,2.4838125690175765,2.232445041289678,0.0,0.8794,1.1262023246065693
0fa87e2fe02d9f220491a11aeea01526,WindowRegression,"{""window_size"": 20, ""input_dim"": ""univariate"", ""output_dim"": ""forecast_length"", ""normalize_window"": false, ""max_windows"": 200000, ""fourier_encoding_components"": null, ""scale"": false, ""datepart_method"": null, ""regression_type"": ""User"", ""regression_model"": {""model"": ""LightGBM"", ""model_params"": {""objective"": ""regression"", ""learning_rate"": 0.1, ""num_leaves"": 31, ""max_depth"": 5, ""boosting_type"": ""gbdt"", ""n_estimators"": 100, ""linear_tree"": false, ""lambda_l1"": 0.0, ""lambda_l2"": 0.0, ""min_data_in_leaf"": 20, ""feature_fraction"": 1.0, ""max_bin"": 255, ""device_type"": ""cuda""}}}","{""fillna"": null, ""transformations"": {}, ""transformation_params"": {}}",0 days 00:00:00.000195,0 days 00:00:00.664141,0 days 00:00:00.175809,0 days 00:00:00.879041,0,,1,0,1,2023-10-14 22:56:00,0.010015627708109166,2.6901150328893095,3.322251921509171,0.18656958018280317,2.6901150328893095,41.696775024745875,2.4256442271857873e-05,-106.93206856483084,2.1328310970515743,65.23529354008497,1.7431345082101504,9.23950428512698,1.0,0.46875,9.82313858083944,1.0,1.1002533224067235,2.0173249094377415,8.735032202904467,1.297963302260212,1.4779732612080645,2.4838124888765556,2.232445015286617,0.0,0.010015627708109166,2.6901150328893095,3.322251921509171,0.18656958018280317,2.6901150328893095,41.696775024745875,2.4256442271857873e-05,-106.93206856483084,2.1328310970515743,65.23529354008497,1.7431345082101504,9.23950428512698,1.0,0.46875,9.82313858083944,1.0,1.1002533224067235,2.0173249094377415,8.735032202904467,1.297963302260212,1.4779732612080645,2.4838124888765556,2.232445015286617,0.0,0.879,1.126202325350681
0282bcbc796482c0aab957f05baa7dd4,WindowRegression,"{""window_size"": 20, ""input_dim"": ""univariate"", ""output_dim"": ""forecast_length"", ""normalize_window"": false, ""max_windows"": 200000, ""fourier_encoding_components"": null, ""scale"": false, ""datepart_method"": null, ""regression_type"": ""User"", ""regression_model"": {""model"": ""LightGBM"", ""model_params"": {""objective"": ""regression"", ""learning_rate"": 0.1, ""num_leaves"": 31, ""max_depth"": -1, ""boosting_type"": ""gbdt"", ""n_estimators"": 100, ""linear_tree"": false, ""lambda_l1"": 0.0, ""lambda_l2"": 0.0, ""min_data_in_leaf"": 20, ""feature_fraction"": 1.0, ""max_bin"": 255, ""device_type"": ""cuda""}}}","{""fillna"": ""rolling_mean"", ""transformations"": {""0"": null}, ""transformation_params"": {""0"": {}}}",0 days 00:00:00.000213,0 days 00:00:00.663657,0 days 00:00:00.175324,0 days 00:00:00.878199,0,,1,0,1,2023-10-14 22:56:00,0.010015627938063178,2.690115036349141,3.324497099363721,0.18656958080766356,2.690115036349141,42.38934877724023,2.4659336146418035e-05,-107.27835555179263,2.135226975769447,64.8890067745524,1.7394273367430078,9.23950428512698,1.0,0.46875,9.823138727308105,1.0,1.1002533225297877,2.017324914167518,8.734628867923671,1.299131373700297,1.4779732631615088,2.52150430446495,2.2332920521961888,0.0,0.010015627938063178,2.690115036349141,3.324497099363721,0.18656958080766356,2.690115036349141,42.38934877724023,2.4659336146418035e-05,-107.27835555179263,2.135226975769447,64.8890067745524,1.7394273367430078,9.23950428512698,1.0,0.46875,9.823138727308105,1.0,1.1002533225297877,2.017324914167518,8.734628867923671,1.299131373700297,1.4779732631615088,2.52150430446495,2.2332920521961888,0.0,0.8782,1.1269634128841848
b7d4e83d7fb9227fc9d8d44cdf397f45,WindowRegression,"{""window_size"": 20, ""input_dim"": ""univariate"", ""output_dim"": ""forecast_length"", ""normalize_window"": false, ""max_windows"": 200000, ""fourier_encoding_components"": null, ""scale"": false, ""datepart_method"": null, ""regression_type"": ""User"", ""regression_model"": {""model"": ""LightGBM"", ""model_params"": {""objective"": ""regression"", ""learning_rate"": 0.1, ""num_leaves"": 31, ""max_depth"": 5, ""boosting_type"": ""gbdt"", ""n_estimators"": 100, ""linear_tree"": false, ""lambda_l1"": 0.0, ""lambda_l2"": 0.0, ""min_data_in_leaf"": 20, ""feature_fraction"": 1.0, ""max_bin"": 255, ""device_type"": ""cuda""}}}","{""fillna"": null, ""transformations"": {""0"": null}, ""transformation_params"": {""0"": {}}}",0 days 00:00:00.000207,0 days 00:00:00.664074,0 days 00:00:00.175131,0 days 00:00:00.878363,0,,1,0,1,2023-10-14 22:56:00,0.010015627912191434,2.6901150293850264,3.324497103563114,0.18656957978085106,2.6901150293850264,42.38935503929315,2.465933978926871e-05,-107.27835845996742,2.1352270028649585,64.88900342067427,1.7394272971418105,9.23950428512698,1.0,0.46875,9.823138739266142,1.0,1.100253322282078,2.017324905933694,8.734628772071808,1.2991313914595317,1.4779732576989815,2.5215046020205953,2.2332920141560004,0.0,0.010015627912191434,2.6901150293850264,3.324497103563114,0.18656957978085106,2.6901150293850264,42.38935503929315,2.465933978926871e-05,-107.27835845996742,2.1352270028649585,64.88900342067427,1.7394272971418105,9.23950428512698,1.0,0.46875,9.823138739266142,1.0,1.100253322282078,2.017324905933694,8.734628772071808,1.2991313914595317,1.4779732576989815,2.5215046020205953,2.2332920141560004,0.0,0.8784,1.1269634143077272
b2181ea06ee056b41a55c6282bff2089,WindowRegression,"{""window_size"": 20, ""input_dim"": ""univariate"", ""output_dim"": ""forecast_length"", ""normalize_window"": false, ""max_windows"": 200000, ""fourier_encoding_components"": null, ""scale"": false, ""datepart_method"": null, ""regression_type"": ""User"", ""regression_model"": {""model"": ""LightGBM"", ""model_params"": {""objective"": ""regression"", ""learning_rate"": 0.1, ""num_leaves"": 31, ""max_depth"": -1, ""boosting_type"": ""gbdt"", ""n_estimators"": 50, ""linear_tree"": false, ""lambda_l1"": 0.0, ""lambda_l2"": 0.1, ""min_data_in_leaf"": 20, ""feature_fraction"": 1.0, ""max_bin"": 255, ""device_type"": ""cuda""}}}","{""fillna"": null, ""transformations"": {""0"": null}, ""transformation_params"": {""0"": {}}}",0 days 00:00:00.000209,0 days 00:00:00.374962,0 days 00:00:00.175063,0 days 00:00:00.588981,0,,1,0,1,2023-10-14 22:56:00,0.009926348248267405,2.666312742490504,3.382352350454695,0.17379334132772525,2.666312742490504,72.5922436365654,4.222939462608289e-05,-49.025885941413435,1.5517581272787404,121.61812957797883,2.239583455969918,9.23950428512698,1.0,0.453125,8.891379129087,1.0,1.0994063624899724,2.0382271978646544,9.72418183505965,1.1619160646257536,1.43008686737607,2.389136744175359,1.3275252046892174,0.0,0.009926348248267405,2.666312742490504,3.382352350454695,0.17379334132772525,2.666312742490504,72.5922436365654,4.222939462608289e-05,-49.025885941413435,1.5517581272787404,121.61812957797883,2.239583455969918,9.23950428512698,1.0,0.453125,8.891379129087,1.0,1.0994063624899724,2.0382271978646544,9.72418183505965,1.1619160646257536,1.43008686737607,2.389136744175359,1.3275252046892174,0.0,0.589,1.1465756276866086
974543be739ebd0f0fa3afbe59ca4a8d,WindowRegression,"{""window_size"": 10, ""input_dim"": ""univariate"", ""output_dim"": ""forecast_length"", ""normalize_window"": false, ""max_windows"": 200000, ""fourier_encoding_components"": null, ""scale"": false, ""datepart_method"": null, ""regression_type"": ""User"", ""regression_model"": {""model"": ""LightGBM"", ""model_params"": {""objective"": ""regression"", ""learning_rate"": 0.1, ""num_leaves"": 1000, ""max_depth"": 5, ""boosting_type"": ""gbdt"", ""n_estimators"": 100, ""linear_tree"": false, ""lambda_l1"": 0.0, ""lambda_l2"": 0.0, ""min_data_in_leaf"": 20, ""feature_fraction"": 1.0, ""max_bin"": 255, ""device_type"": ""cuda""}}}","{""fillna"": null, ""transformations"": {}, ""transformation_params"": {}}",0 days 00:00:00.000206,0 days 00:00:05.776555,0 days 00:00:00.176505,0 days 00:00:05.992720,0,,1,0,1,2023-10-14 22:56:00,0.012699489858656668,3.4109544783025285,4.289312641934351,0.2516510252410877,3.4109544783025285,28.33198816281947,1.6481687970125682e-05,-123.31653738709065,2.4650885607753716,94.98454922427118,2.248006940576495,9.23950428512698,1.0,0.453125,11.627578778225143,1.0,1.1256011866961102,2.5733518996747553,11.298571873160913,1.8373485420056963,1.7794529942336972,2.0191748883720564,4.513820131273498,0.0,0.012699489858656668,3.4109544783025285,4.289312641934351,0.2516510252410877,3.4109544783025285,28.33198816281947,1.6481687970125682e-05,-123.31653738709065,2.4650885607753716,94.98454922427118,2.248006940576495,9.23950428512698,1.0,0.453125,11.627578778225143,1.0,1.1256011866961102,2.5733518996747553,11.298571873160913,1.8373485420056963,1.7794529942336972,2.0191748883720564,4.513820131273498,0.0,5.9927,1.4540239529181063
2756d74edc249dee30d644f871e4f52a,WindowRegression,"{""window_size"": 10, ""input_dim"": ""univariate"", ""output_dim"": ""forecast_length"", ""normalize_window"": false, ""max_windows"": 200000, ""fourier_encoding_components"": null, ""scale"": false, ""datepart_method"": null, ""regression_type"": ""User"", ""regression_model"": {""model"": ""LightGBM"", ""model_params"": {""objective"": ""regression"", ""learning_rate"": 0.1, ""num_leaves"": 1000, ""max_depth"": 5, ""boosting_type"": ""gbdt"", ""n_estimators"": 100, ""linear_tree"": false, ""lambda_l1"": 0.0, ""lambda_l2"": 0.0, ""min_data_in_leaf"": 20, ""feature_fraction"": 1.0, ""max_bin"": 255, ""device_type"": ""cuda""}}}","{""fillna"": ""time"", ""transformations"": {""0"": null}, ""transformation_params"": {""0"": {}}}",0 days 00:00:00.000202,0 days 00:00:05.778754,0 days 00:00:00.176819,0 days 00:00:05.994515,0,,1,0,1,2023-10-14 22:56:00,0.012681908805562388,3.4062280451499873,4.294692188981004,0.25040157205986596,3.4062280451499873,29.431372028651822,1.712123722208457e-05,-123.7149834591255,2.4673278858203003,94.28361143047368,2.2374832694956366,9.23950428512698,1.0,0.4375,11.627586195805634,1.0,1.1254368440442157,2.5677499012063993,11.320897542214713,1.7909027899766958,1.7782683255095217,2.032168122730584,4.539363199431516,0.0,0.012681908805562388,3.4062280451499873,4.294692188981004,0.25040157205986596,3.4062280451499873,29.431372028651822,1.712123722208457e-05,-123.7149834591255,2.4673278858203003,94.28361143047368,2.2374832694956366,9.23950428512698,1.0,0.4375,11.627586195805634,1.0,1.1254368440442157,2.5677499012063993,11.320897542214713,1.7909027899766958,1.7782683255095217,2.032168122730584,4.539363199431516,0.0,5.9945,1.4558475528546582
b9e2516f3260f9e4202ea6734a9ad656,WindowRegression,"{""window_size"": 10, ""input_dim"": ""univariate"", ""output_dim"": ""forecast_length"", ""normalize_window"": false, ""max_windows"": 200000, ""fourier_encoding_components"": null, ""scale"": false, ""datepart_method"": null, ""regression_type"": ""User"", ""regression_model"": {""model"": ""LightGBM"", ""model_params"": {""objective"": ""regression"", ""learning_rate"": 0.1, ""num_leaves"": 1000, ""max_depth"": 5, ""boosting_type"": ""gbdt"", ""n_estimators"": 100, ""linear_tree"": false, ""lambda_l1"": 0.0, ""lambda_l2"": 0.0, ""min_data_in_leaf"": 20, ""feature_fraction"": 1.0, ""max_bin"": 255, ""device_type"": ""cuda""}}}","{""fillna"": ""ffill"", ""transformations"": {""0"": null}, ""transformation_params"": {""0"": {}}}",0 days 00:00:00.000207,0 days 00:00:05.770328,0 days 00:00:00.177784,0 days 00:00:06.140596,0,,1,0,1,2023-10-14 22:56:00,0.012706270855310665,3.412769506106258,4.297741451413848,0.2504723039696366,3.412769506106258,29.411873241780995,1.710989410986971e-05,-123.91456081629076,2.4722131993546768,94.50268757450976,2.241773716353853,9.23950428512698,1.0,0.453125,11.627581230277428,1.0,1.1256642905921899,2.575503041422592,11.32756350179608,1.8266743645464194,1.7784373527324848,2.0526310229035323,4.51475014938345,0.0,0.012706270855310665,3.412769506106258,4.297741451413848,0.2504723039696366,3.412769506106258,29.411873241780995,1.710989410986971e-05,-123.91456081629076,2.4722131993546768,94.50268757450976,2.241773716353853,9.23950428512698,1.0,0.453125,11.627581230277428,1.0,1.1256642905921899,2.575503041422592,11.32756350179608,1.8266743645464194,1.7784373527324848,2.0526310229035323,4.51475014938345,0.0,6.1406,1.4568812151185704
60fdb3c4f90cfa1df2eef3944c27e9bd,WindowRegression,"{""window_size"": 10, ""input_dim"": ""univariate"", ""output_dim"": ""forecast_length"", ""normalize_window"": false, ""max_windows"": 200000, ""fourier_encoding_components"": null, ""scale"": false, ""datepart_method"": null, ""regression_type"": ""User"", ""regression_model"": {""model"": ""LightGBM"", ""model_params"": {""objective"": ""regression"", ""learning_rate"": 0.1, ""num_leaves"": 1000, ""max_depth"": 5, ""boosting_type"": ""gbdt"", ""n_estimators"": 100, ""linear_tree"": false, ""lambda_l1"": 0.0, ""lambda_l2"": 0.0, ""min_data_in_leaf"": 20, ""feature_fraction"": 1.0, ""max_bin"": 255, ""device_type"": ""cuda""}}}","{""fillna"": null, ""transformations"": {""0"": null}, ""transformation_params"": {""0"": {}}}",0 days 00:00:00.000205,0 days 00:00:05.785994,0 days 00:00:00.176933,0 days 00:00:06.002069,0,,1,0,1,2023-10-14 22:56:00,0.012706273636993969,3.4127702532300077,4.297741893099751,0.2504723210455111,3.4127702532300077,29.41196611401756,1.7109948136830876e-05,-123.91463116036903,2.4722141660181496,94.50266504635147,2.2417737076951494,9.23950428512698,1.0,0.453125,11.627581908480352,1.0,1.1256643165670523,2.575503849841442,11.327568845728479,1.826674328439068,1.7784374192945158,2.0526320382286904,4.514750866189836,0.0,0.012706273636993969,3.4127702532300077,4.297741893099751,0.2504723210455111,3.4127702532300077,29.41196611401756,1.7109948136830876e-05,-123.91463116036903,2.4722141660181496,94.50266504635147,2.2417737076951494,9.23950428512698,1.0,0.453125,11.627581908480352,1.0,1.1256643165670523,2.575503849841442,11.327568845728479,1.826674328439068,1.7784374192945158,2.0526320382286904,4.514750866189836,0.0,6.0021,1.4568813648446304
4c4fcab99b7b7e1f22f672636d6d613c,WindowRegression,"{""window_size"": 10, ""input_dim"": ""univariate"", ""output_dim"": ""forecast_length"", ""normalize_window"": false, ""max_windows"": 200000, ""fourier_encoding_components"": null, ""scale"": false, ""datepart_method"": null, ""regression_type"": ""User"", ""regression_model"": {""model"": ""LightGBM"", ""model_params"": {""objective"": ""regression"", ""learning_rate"": 0.1, ""num_leaves"": 1000, ""max_depth"": 5, ""boosting_type"": ""gbdt"", ""n_estimators"": 100, ""linear_tree"": false, ""lambda_l1"": 0.0, ""lambda_l2"": 0.0, ""min_data_in_leaf"": 20, ""feature_fraction"": 1.0, ""max_bin"": 255, ""device_type"": ""cuda""}}}","{""fillna"": ""ffill_mean_biased"", ""transformations"": {""0"": null}, ""transformation_params"": {""0"": {}}}",0 days 00:00:00.000201,0 days 00:00:05.777858,0 days 00:00:00.176857,0 days 00:00:05.993832,0,,1,0,1,2023-10-14 22:56:00,0.01272064123561158,3.4166334990261475,4.302232163063542,0.25215132522147504,3.4166334990261475,29.8222835479246,1.7348643842740892e-05,-124.24341374279902,2.4718549187828334,94.42113019487442,2.2439820754839115,9.23950428512698,1.0,0.4375,11.627584909008874,1.0,1.1257986200086194,2.5800823142750167,11.324242986832196,1.8460364048435953,1.7841289050761204,2.0296852810288497,4.571288737129673,0.0,0.01272064123561158,3.4166334990261475,4.302232163063542,0.25215132522147504,3.4166334990261475,29.8222835479246,1.7348643842740892e-05,-124.24341374279902,2.4718549187828334,94.42113019487442,2.2439820754839115,9.23950428512698,1.0,0.4375,11.627584909008874,1.0,1.1257986200086194,2.5800823142750167,11.324242986832196,1.8460364048435953,1.7841289050761204,2.0296852810288497,4.571288737129673,0.0,5.9938,1.4584035108450388
e9f72fc7741ad5bae0f864558ba26a05,WindowRegression,"{""window_size"": 10, ""input_dim"": ""univariate"", ""output_dim"": ""forecast_length"", ""normalize_window"": false, ""max_windows"": 200000, ""fourier_encoding_components"": null, ""scale"": false, ""datepart_method"": null, ""regression_type"": ""User"", ""regression_model"": {""model"": ""xgboost"", ""model_params"": {""booster"": ""gbtree"", ""colsample_bylevel"": 0.54, ""learning_rate"": 0.025, ""max_depth"": 11, ""min_child_weight"": 0.0127, ""n_estimators"": 240, ""tree_method"": ""hist"", ""objective"": ""reg:squarederror"", ""device"": ""cuda""}}}","{""fillna"": ""ffill"", ""transformations"": {""0"": null}, ""transformation_params"": {""0"": {}}}",0 days 00:00:00.000210,0 days 00:00:01.717635,0 days 00:00:00.223471,0 days 00:00:01.986282,0,,1,0,1,2023-10-14 22:56:00,0.013682392503663711,3.674696044921859,4.651233999885381,0.20554322539837797,3.674696044921859,108.24539062501208,6.29700514567868e-05,-171.71296875000553,3.099716636130948,63.46757812499345,1.9245035018444496,9.23950428512698,1.0,0.515625,11.639374999998836,1.0,1.1347340158999564,2.7473220486111436,15.581487311721025,2.157351680711187,1.5996771370268554,3.537147889438644,3.098898844596424,0.0,0.013682392503663711,3.674696044921859,4.651233999885381,0.20554322539837797,3.674696044921859,108.24539062501208,6.29700514567868e-05,-171.71296875000553,3.099716636130948,63.46757812499345,1.9245035018444496,9.23950428512698,1.0,0.515625,11.639374999998836,1.0,1.1347340158999564,2.7473220486111436,15.581487311721025,2.157351680711187,1.5996771370268554,3.537147889438644,3.098898844596424,0.0,1.9863,1.576710818498538
d8cd8b66a9a28255be6ed91e0ed0f3ea,WindowRegression,"{""window_size"": 10, ""input_dim"": ""univariate"", ""output_dim"": ""forecast_length"", ""normalize_window"": false, ""max_windows"": 200000, ""fourier_encoding_components"": null, ""scale"": false, ""datepart_method"": null, ""regression_type"": ""User"", ""regression_model"": {""model"": ""xgboost"", ""model_params"": {""booster"": ""gbtree"", ""colsample_bylevel"": 0.54, ""learning_rate"": 0.025, ""max_depth"": 11, ""min_child_weight"": 0.0127, ""n_estimators"": 240, ""tree_method"": ""hist"", ""objective"": ""reg:squarederror"", ""device"": ""cuda""}}}","{""fillna"": null, ""transformations"": {}, ""transformation_params"": {}}",0 days 00:00:00.000202,0 days 00:00:01.718380,0 days 00:00:00.223197,0 days 00:00:01.986137,0,,1,0,1,2023-10-14 22:56:00,0.013682392503663711,3.674696044921859,4.651233999885381,0.20554322539837797,3.674696044921859,108.24539062501208,6.29700514567868e-05,-171.71296875000553,3.099716636130948,63.46757812499345,1.9245035018444496,9.23950428512698,1.0,0.515625,11.639374999998836,1.0,1.1347340158999564,2.7473220486111436,15.581487311721025,2.157351680711187,1.5996771370268554,3.537147889438644,3.098898844596424,0.0,0.013682392503663711,3.674696044921859,4.651233999885381,0.20554322539837797,3.674696044921859,108.24539062501208,6.29700514567868e-05,-171.71296875000553,3.099716636130948,63.46757812499345,1.9245035018444496,9.23950428512698,1.0,0.515625,11.639374999998836,1.0,1.1347340158999564,2.7473220486111436,15.581487311721025,2.157351680711187,1.5996771370268554,3.537147889438644,3.098898844596424,0.0,1.9861,1.576710818498538
927ff06cd2278bd354870f47f7115a52,WindowRegression,"{""window_size"": 20, ""input_dim"": ""univariate"", ""output_dim"": ""forecast_length"", ""normalize_window"": false, ""max_windows"": 200000, ""fourier_encoding_components"": null, ""scale"": false, ""datepart_method"": null, ""regression_type"": ""User"", ""regression_model"": {""model"": ""LightGBM"", ""model_params"": {""colsample_bytree"": 0.947, ""learning_rate"": 0.7024, ""max_bin"": 255, ""min_child_samples"": 15, ""n_estimators"": 5, ""num_leaves"": 35, ""reg_alpha"": 0.00308, ""reg_lambda"": 5.182, ""objective"": ""regression"", ""linear_tree"": false, ""device_type"": ""cuda""}}}","{""fillna"": null, ""transformations"": {""0"": null}, ""transformation_params"": {""0"": {}}}",0 days 00:00:00.000215,0 days 00:00:00.115439,0 days 00:00:00.173553,0 days 00:00:00.327791,0,,1,0,1,2023-10-14 22:56:00,0.014518342956758714,3.899851581143878,5.151178266508066,0.20040342741350725,3.899851581143878,111.98154664416143,6.514350138770753e-05,-68.80447727452338,2.0846338137983413,180.7860239186848,3.178427652067337,9.23950428512698,1.0,0.3125,11.401334879723436,1.0,1.1424729247999377,2.671456317812718,12.853045513106592,4.566149556493613,1.5020316577535004,5.3609216943086775,1.7922686481659895,0.0,0.014518342956758714,3.899851581143878,5.151178266508066,0.20040342741350725,3.899851581143878,111.98154664416143,6.514350138770753e-05,-68.80447727452338,2.0846338137983413,180.7860239186848,3.178427652067337,9.23950428512698,1.0,0.3125,11.401334879723436,1.0,1.1424729247999377,2.671456317812718,12.853045513106592,4.566149556493613,1.5020316577535004,5.3609216943086775,1.7922686481659895,0.0,0.3278,1.7461857436151262
1f5546c13f11b1489bf0bc9a507dc29f,WindowRegression,"{""window_size"": 5, ""input_dim"": ""univariate"", ""output_dim"": ""forecast_length"", ""normalize_window"": false, ""max_windows"": 200000, ""fourier_encoding_components"": null, ""scale"": false, ""datepart_method"": null, ""regression_type"": ""User"", ""regression_model"": {""model"": ""xgboost"", ""model_params"": {""booster"": ""gbtree"", ""objective"": ""reg:squarederror"", ""max_depth"": 6, ""eta"": 0.3, ""min_child_weight"": 1, ""subsample"": 1, ""colsample_bylevel"": 0.9, ""reg_alpha"": 0, ""reg_lambda"": 5, ""n_estimators"": 100, ""grow_policy"": ""lossguide"", ""tree_method"": ""hist"", ""device"": ""cuda""}}}","{""fillna"": null, ""transformations"": {""0"": null}, ""transformation_params"": {""0"": {}}}",0 days 00:00:00.000215,0 days 00:00:00.390650,0 days 00:00:00.187717,0 days 00:00:00.620270,0,,1,0,1,2023-10-14 22:56:00,0.01636096097043802,4.395295410156052,7.432229418879609,0.2593393787547904,4.395295410156052,6.055937500012078,3.5229462778318916e-06,-143.6774218749997,2.683373998191787,137.62148437498763,3.034736978098915,9.23950428512698,1.0,0.359375,28.521562499998254,1.0,1.1593201255929118,2.578668981481382,16.31000517078559,5.506214983861494,1.797449886607416,4.20535525097695,5.788212065112774,0.0,0.01636096097043802,4.395295410156052,7.432229418879609,0.2593393787547904,4.395295410156052,6.055937500012078,3.5229462778318916e-06,-143.6774218749997,2.683373998191787,137.62148437498763,3.034736978098915,9.23950428512698,1.0,0.359375,28.521562499998254,1.0,1.1593201255929118,2.578668981481382,16.31000517078559,5.506214983861494,1.797449886607416,4.20535525097695,5.788212065112774,0.0,0.6203,2.519433881546135
0f760decfc490502f2782c17cb181970,WindowRegression,"{""window_size"": 5, ""input_dim"": ""univariate"", ""output_dim"": ""forecast_length"", ""normalize_window"": false, ""max_windows"": 200000, ""fourier_encoding_components"": null, ""scale"": false, ""datepart_method"": null, ""regression_type"": ""User"", ""regression_model"": {""model"": ""xgboost"", ""model_params"": {""booster"": ""gbtree"", ""objective"": ""reg:squarederror"", ""max_depth"": 6, ""eta"": 0.3, ""min_child_weight"": 1, ""subsample"": 1, ""colsample_bylevel"": 0.9, ""reg_alpha"": 0, ""reg_lambda"": 5, ""n_estimators"": 100, ""grow_policy"": ""lossguide"", ""tree_method"": ""hist"", ""device"": ""cuda""}}}","{""fillna"": null, ""transformations"": {}, ""transformation_params"": {}}",0 days 00:00:00.000199,0 days 00:00:00.390859,0 days 00:00:00.187452,0 days 00:00:00.620096,0,,1,0,1,2023-10-14 22:56:00,0.01636096097043802,4.395295410156052,7.432229418879609,0.2593393787547904,4.395295410156052,6.055937500012078,3.5229462778318916e-06,-143.6774218749997,2.683373998191787,137.62148437498763,3.034736978098915,9.23950428512698,1.0,0.359375,28.521562499998254,1.0,1.1593201255929118,2.578668981481382,16.31000517078559,5.506214983861494,1.797449886607416,4.20535525097695,5.788212065112774,0.0,0.01636096097043802,4.395295410156052,7.432229418879609,0.2593393787547904,4.395295410156052,6.055937500012078,3.5229462778318916e-06,-143.6774218749997,2.683373998191787,137.62148437498763,3.034736978098915,9.23950428512698,1.0,0.359375,28.521562499998254,1.0,1.1593201255929118,2.578668981481382,16.31000517078559,5.506214983861494,1.797449886607416,4.20535525097695,5.788212065112774,0.0,0.6201,2.519433881546135
b2181ea06ee056b41a55c6282bff2089,WindowRegression,"{""window_size"": 20, ""input_dim"": ""univariate"", ""output_dim"": ""forecast_length"", ""normalize_window"": false, ""max_windows"": 200000, ""fourier_encoding_components"": null, ""scale"": false, ""datepart_method"": null, ""regression_type"": ""User"", ""regression_model"": {""model"": ""LightGBM"", ""model_params"": {""objective"": ""regression"", ""learning_rate"": 0.1, ""num_leaves"": 31, ""max_depth"": -1, ""boosting_type"": ""gbdt"", ""n_estimators"": 50, ""linear_tree"": false, ""lambda_l1"": 0.0, ""lambda_l2"": 0.1, ""min_data_in_leaf"": 20, ""feature_fraction"": 1.0, ""max_bin"": 255, ""device_type"": ""cuda""}}}","{""fillna"": null, ""transformations"": {""0"": null}, ""transformation_params"": {""0"": {}}}",0 days 00:00:00.000204,0 days 00:00:00.349588,0 days 00:00:00.171724,0 days 00:00:00.560098,0,,1,0,2,2023-10-12 22:56:00,0.020931419602129103,5.59817537292713,8.16044215284459,1.5479080387581823,5.59817537292713,153.90137240026525,8.992455654092522e-05,-102.19092573353555,2.5819105160116753,256.0922981338008,4.503874270381624,17.439490068909407,1.0,0.46875,23.927570532774553,1.0,1.4571430378768433,3.46871668844829,18.8995070352467,61.36063095743723,2.313461540804922,22.734487790179507,8.073955491985206,0.0,0.020931419602129103,5.59817537292713,8.16044215284459,1.5479080387581823,5.59817537292713,153.90137240026525,8.992455654092522e-05,-102.19092573353555,2.5819105160116753,256.0922981338008,4.503874270381624,17.439490068909407,1.0,0.46875,23.927570532774553,1.0,1.4571430378768433,3.46871668844829,18.8995070352467,61.36063095743723,2.313461540804922,22.734487790179507,8.073955491985206,0.0,0.5601,2.7662889947997957
aae4b48b17540daad69947938ebfcc9a,WindowRegression,"{""window_size"": 5, ""input_dim"": ""univariate"", ""output_dim"": ""forecast_length"", ""normalize_window"": false, ""max_windows"": 200000, ""fourier_encoding_components"": null, ""scale"": false, ""datepart_method"": null, ""regression_type"": ""User"", ""regression_model"": {""model"": ""xgboost"", ""model_params"": {""booster"": ""gbtree"", ""objective"": ""reg:squarederror"", ""max_depth"": 6, ""eta"": 0.05, ""min_child_weight"": 1, ""subsample"": 1, ""colsample_bylevel"": 1, ""reg_alpha"": 0.001, ""reg_lambda"": 1, ""tree_method"": ""hist"", ""device"": ""cuda""}}}","{""fillna"": null, ""transformations"": {}, ""transformation_params"": {}}",0 days 00:00:00.000183,0 days 00:00:00.156020,0 days 00:00:00.182583,0 days 00:00:00.381143,0,,1,0,2,2023-10-12 22:56:00,0.025883291288583958,6.9225500488281,8.29035617786234,1.3842656537980438,6.9225500488281,287.2603906250188,0.00016784621758631727,-77.89140624998981,2.719729589370147,365.1517968750086,6.070204369934344,17.439490068909407,1.0,0.46875,19.64929687500262,1.0,1.5456389312463317,5.4854586226852176,26.530533926300713,58.91903846701142,2.2224176668953897,34.10133346600853,4.610774852565084,0.0,0.025883291288583958,6.9225500488281,8.29035617786234,1.3842656537980438,6.9225500488281,287.2603906250188,0.00016784621758631727,-77.89140624998981,2.719729589370147,365.1517968750086,6.070204369934344,17.439490068909407,1.0,0.46875,19.64929687500262,1.0,1.5456389312463317,5.4854586226852176,26.530533926300713,58.91903846701142,2.2224176668953897,34.10133346600853,4.610774852565084,0.0,0.3811,2.810328243034828
fdf654e8925040698298d26e5bb2eea6,WindowRegression,"{""window_size"": 20, ""input_dim"": ""univariate"", ""output_dim"": ""forecast_length"", ""normalize_window"": false, ""max_windows"": 200000, ""fourier_encoding_components"": null, ""scale"": false, ""datepart_method"": null, ""regression_type"": ""User"", ""regression_model"": {""model"": ""LightGBM"", ""model_params"": {""objective"": ""regression"", ""learning_rate"": 0.1, ""num_leaves"": 31, ""max_depth"": -1, ""boosting_type"": ""gbdt"", ""n_estimators"": 100, ""linear_tree"": false, ""lambda_l1"": 0.0, ""lambda_l2"": 0.0, ""min_data_in_leaf"": 20, ""feature_fraction"": 1.0, ""max_bin"": 255, ""device_type"": ""cuda""}}}","{""fillna"": ""ffill"", ""transformations"": {""0"": null}, ""transformation_params"": {""0"": {}}}",0 days 00:00:00.000208,0 days 00:00:00.637072,0 days 00:00:00.173307,0 days 00:00:00.850239,0,,1,0,2,2023-10-12 22:56:00,0.023662974802398724,6.328359405131664,8.519041510768808,1.6251712059495376,6.328359405131664,34.01242550968891,1.9873456832375566e-05,-185.5012882093688,3.7065166182312925,219.5137137190577,4.3311674282786194,17.439490068909407,1.0,0.453125,24.08964103262042,1.0,1.506577647572079,4.271299574081543,22.438737970016682,83.09141737279565,2.344876525572773,11.567758982919559,11.874018430133708,0.0,0.023662974802398724,6.328359405131664,8.519041510768808,1.6251712059495376,6.328359405131664,34.01242550968891,1.9873456832375566e-05,-185.5012882093688,3.7065166182312925,219.5137137190577,4.3311674282786194,17.439490068909407,1.0,0.453125,24.08964103262042,1.0,1.506577647572079,4.271299574081543,22.438737970016682,83.09141737279565,2.344876525572773,11.567758982919559,11.874018430133708,0.0,0.8502,2.8878497434440646
b7d4e83d7fb9227fc9d8d44cdf397f45,WindowRegression,"{""window_size"": 20, ""input_dim"": ""univariate"", ""output_dim"": ""forecast_length"", ""normalize_window"": false, ""max_windows"": 200000, ""fourier_encoding_components"": null, ""scale"": false, ""datepart_method"": null, ""regression_type"": ""User"", ""regression_model"": {""model"": ""LightGBM"", ""model_params"": {""objective"": ""regression"", ""learning_rate"": 0.1, ""num_leaves"": 31, ""max_depth"": 5, ""boosting_type"": ""gbdt"", ""n_estimators"": 100, ""linear_tree"": false, ""lambda_l1"": 0.0, ""lambda_l2"": 0.0, ""min_data_in_leaf"": 20, ""feature_fraction"": 1.0, ""max_bin"": 255, ""device_type"": ""cuda""}}}","{""fillna"": null, ""transformations"": {""0"": null}, ""transformation_params"": {""0"": {}}}",0 days 00:00:00.000211,0 days 00:00:00.638073,0 days 00:00:00.172070,0 days 00:00:00.848831,0,,1,0,2,2023-10-12 22:56:00,0.023725664503593473,6.345132065164137,8.528512999106447,1.6319020670670685,6.345132065164137,35.0859058143069,2.0500691267278e-05,-185.50127317809893,3.7094098967514917,220.58717899240582,4.347940241218113,17.439490068909407,1.0,0.453125,24.089641534414113,1.0,1.5076941394936723,4.291178244661515,22.55944860649827,83.12381671072534,2.3481379052247897,11.60141643864781,11.937962116397227,0.0,0.023725664503593473,6.345132065164137,8.528512999106447,1.6319020670670685,6.345132065164137,35.0859058143069,2.0500691267278e-05,-185.50127317809893,3.7094098967514917,220.58717899240582,4.347940241218113,17.439490068909407,1.0,0.453125,24.089641534414113,1.0,1.5076941394936723,4.291178244661515,22.55944860649827,83.12381671072534,2.3481379052247897,11.60141643864781,11.937962116397227,0.0,0.8488,2.8910604608858455
0282bcbc796482c0aab957f05baa7dd4,WindowRegression,"{""window_size"": 20, ""input_dim"": ""univariate"", ""output_dim"": ""forecast_length"", ""normalize_window"": false, ""max_windows"": 200000, ""fourier_encoding_components"": null, ""scale"": false, ""datepart_method"": null, ""regression_type"": ""User"", ""regression_model"": {""model"": ""LightGBM"", ""model_params"": {""objective"": ""regression"", ""learning_rate"": 0.1, ""num_leaves"": 31, ""max_depth"": -1, ""boosting_type"": ""gbdt"", ""n_estimators"": 100, ""linear_tree"": false, ""lambda_l1"": 0.0, ""lambda_l2"": 0.0, ""min_data_in_leaf"": 20, ""feature_fraction"": 1.0, ""max_bin"": 255, ""device_type"": ""cuda""}}}","{""fillna"": ""rolling_mean"", ""transformations"": {""0"": null}, ""transformation_params"": {""0"": {}}}",0 days 00:00:00.000209,0 days 00:00:00.635931,0 days 00:00:00.172517,0 days 00:00:00.847399,0,,1,0,2,2023-10-12 22:56:00,0.023725665675945376,6.3451323785928935,8.52851312120888,1.6319020876962302,6.3451323785928935,35.08585559250787,2.050066192268584e-05,-185.50130831871866,3.7094103842223456,220.58716391122653,4.3479401722571644,17.439490068909407,1.0,0.453125,24.089641798498633,1.0,1.5076941603497025,4.2911785656490755,22.559449884720884,83.12381652639881,2.3481379101320794,11.601410412822158,11.937962231469681,0.0,0.023725665675945376,6.3451323785928935,8.52851312120888,1.6319020876962302,6.3451323785928935,35.08585559250787,2.050066192268584e-05,-185.50130831871866,3.7094103842223456,220.58716391122653,4.3479401722571644,17.439490068909407,1.0,0.453125,24.089641798498633,1.0,1.5076941603497025,4.2911785656490755,22.559449884720884,83.12381652639881,2.3481379101320794,11.601410412822158,11.937962231469681,0.0,0.8474,2.891060502277061
0fa87e2fe02d9f220491a11aeea01526,WindowRegression,"{""window_size"": 20, ""input_dim"": ""univariate"", ""output_dim"": ""forecast_length"", ""normalize_window"": false, ""max_windows"": 200000, ""fourier_encoding_components"": null, ""scale"": false, ""datepart_method"": null, ""regression_type"": ""User"", ""regression_model"": {""model"": ""LightGBM"", ""model_params"": {""objective"": ""regression"", ""learning_rate"": 0.1, ""num_leaves"": 31, ""max_depth"": 5, ""boosting_type"": ""gbdt"", ""n_estimators"": 100, ""linear_tree"": false, ""lambda_l1"": 0.0, ""lambda_l2"": 0.0, ""min_data_in_leaf"": 20, ""feature_fraction"": 1.0, ""max_bin"": 255, ""device_type"": ""cuda""}}}","{""fillna"": null, ""transformations"": {}, ""transformation_params"": {}}",0 days 00:00:00.000196,0 days 00:00:00.637269,0 days 00:00:00.172671,0 days 00:00:00.849004,0,,1,0,2,2023-10-12 22:56:00,0.02372566532058698,6.345132283620558,8.528513161585591,1.6319021094013457,6.345132283620558,35.0858816494183,2.0500677147736002e-05,-185.5012922511487,3.709410157415001,220.587173900567,4.347940254076107,17.439490068909407,1.0,0.453125,24.089641647446115,1.0,1.5076941540300977,4.291178417357379,22.559449253279865,83.12382182024925,2.3481379225733385,11.60141306582029,11.937962599992076,0.0,0.02372566532058698,6.345132283620558,8.528513161585591,1.6319021094013457,6.345132283620558,35.0858816494183,2.0500677147736002e-05,-185.5012922511487,3.709410157415001,220.587173900567,4.347940254076107,17.439490068909407,1.0,0.453125,24.089641647446115,1.0,1.5076941540300977,4.291178417357379,22.559449253279865,83.12382182024925,2.3481379225733385,11.60141306582029,11.937962599992076,0.0,0.849,2.891060515964267
71986e2c58b479ec429726e704873db7,WindowRegression,"{""window_size"": 20, ""input_dim"": ""univariate"", ""output_dim"": ""forecast_length"", ""normalize_window"": false, ""max_windows"": 200000, ""fourier_encoding_components"": null, ""scale"": false, ""datepart_method"": null, ""regression_type"": ""User"", ""regression_model"": {""model"": ""xgboost"", ""model_params"": {""booster"": ""gbtree"", ""objective"": ""reg:squarederror"", ""max_depth"": 9, ""eta"": 0.3, ""min_child_weight"": 2, ""subsample"": 1, ""colsample_bylevel"": 0.9, ""reg_alpha"": 100, ""reg_lambda"": 1, ""n_estimators"": 10, ""tree_method"": ""hist"", ""device"": ""cuda""}}}","{""fillna"": ""ffill_mean_biased"", ""transformations"": {""0"": null}, ""transformation_params"": {""0"": {}}}",0 days 00:00:00.000212,0 days 00:00:00.044879,0 days 00:00:00.173025,0 days 00:00:00.258409,0,,1,0,1,2023-10-14 22:56:00,0.032831721957424814,8.819804687499811,9.381704049606371,0.15875217214200563,8.819804687499811,564.4674999999879,0.00032837007945971444,0.0,2.223386417364285,564.4674999999879,8.819804687499811,9.23950428512698,1.0,0.421875,14.375078124998254,1.0,1.300128031800023,7.921524884259135,34.55298498037617,16.890604362684527,1.3830450401707022,22.641240815983473,1.7352251221928578,0.0,0.032831721957424814,8.819804687499811,9.381704049606371,0.15875217214200563,8.819804687499811,564.4674999999879,0.00032837007945971444,0.0,2.223386417364285,564.4674999999879,8.819804687499811,9.23950428512698,1.0,0.421875,14.375078124998254,1.0,1.300128031800023,7.921524884259135,34.55298498037617,16.890604362684527,1.3830450401707022,22.641240815983473,1.7352251221928578,0.0,0.2584,3.180281678223549
60fdb3c4f90cfa1df2eef3944c27e9bd,WindowRegression,"{""window_size"": 10, ""input_dim"": ""univariate"", ""output_dim"": ""forecast_length"", ""normalize_window"": false, ""max_windows"": 200000, ""fourier_encoding_components"": null, ""scale"": false, ""datepart_method"": null, ""regression_type"": ""User"", ""regression_model"": {""model"": ""LightGBM"", ""model_params"": {""objective"": ""regression"", ""learning_rate"": 0.1, ""num_leaves"": 1000, ""max_depth"": 5, ""boosting_type"": ""gbdt"", ""n_estimators"": 100, ""linear_tree"": false, ""lambda_l1"": 0.0, ""lambda_l2"": 0.0, ""min_data_in_leaf"": 20, ""feature_fraction"": 1.0, ""max_bin"": 255, ""device_type"": ""cuda""}}}","{""fillna"": null, ""transformations"": {""0"": null}, ""transformation_params"": {""0"": {}}}",0 days 00:00:00.000209,0 days 00:00:03.908849,0 days 00:00:00.173673,0 days 00:00:04.121610,0,,1,0,2,2023-10-12 22:56:00,0.03264294069615838,8.729281374686309,10.593524562035668,1.9624078827074234,8.729281374686309,122.00816832020428,7.128936057847669e-05,-340.341088150064,6.113085123468041,218.33291982985975,4.687064108701234,17.439490068909407,1.0,0.453125,26.399725643073907,1.0,1.6587699498245352,6.732109360641954,32.230542652987836,74.05498732028926,2.578180532364374,10.032142211137785,26.07931672591308,0.0,0.03264294069615838,8.729281374686309,10.593524562035668,1.9624078827074234,8.729281374686309,122.00816832020428,7.128936057847669e-05,-340.341088150064,6.113085123468041,218.33291982985975,4.687064108701234,17.439490068909407,1.0,0.453125,26.399725643073907,1.0,1.6587699498245352,6.732109360641954,32.230542652987836,74.05498732028926,2.578180532364374,10.032142211137785,26.07931672591308,0.0,4.1216,3.5910738490910643
2756d74edc249dee30d644f871e4f52a,WindowRegression,"{""window_size"": 10, ""input_dim"": ""univariate"", ""output_dim"": ""forecast_length"", ""normalize_window"": false, ""max_windows"": 200000, ""fourier_encoding_components"": null, ""scale"": false, ""datepart_method"": null, ""regression_type"": ""User"", ""regression_model"": {""model"": ""LightGBM"", ""model_params"": {""objective"": ""regression"", ""learning_rate"": 0.1, ""num_leaves"": 1000, ""max_depth"": 5, ""boosting_type"": ""gbdt"", ""n_estimators"": 100, ""linear_tree"": false, ""lambda_l1"": 0.0, ""lambda_l2"": 0.0, ""min_data_in_leaf"": 20, ""feature_fraction"": 1.0, ""max_bin"": 255, ""device_type"": ""cuda""}}}","{""fillna"": ""time"", ""transformations"": {""0"": null}, ""transformation_params"": {""0"": {}}}",0 days 00:00:00.000206,0 days 00:00:03.920515,0 days 00:00:00.173671,0 days 00:00:04.133191,0,,1,0,2,2023-10-12 22:56:00,0.03267816673297669,8.738698631279192,10.59945016280924,1.9633529327668362,8.738698631279192,121.40544765138839,7.093719095181243e-05,-340.34108002662833,6.114524496001839,218.93563237523995,4.696481581220663,17.439490068909407,1.0,0.453125,26.399738104057178,1.0,1.6593394183906047,6.743269536198029,32.24841166983627,74.08025252372092,2.5789067254091247,9.995298419645056,26.122783079305584,0.0,0.03267816673297669,8.738698631279192,10.59945016280924,1.9633529327668362,8.738698631279192,121.40544765138839,7.093719095181243e-05,-340.34108002662833,6.114524496001839,218.93563237523995,4.696481581220663,17.439490068909407,1.0,0.453125,26.399738104057178,1.0,1.6593394183906047,6.743269536198029,32.24841166983627,74.08025252372092,2.5789067254091247,9.995298419645056,26.122783079305584,0.0,4.1332,3.5930825544896803
b9e2516f3260f9e4202ea6734a9ad656,WindowRegression,"{""window_size"": 10, ""input_dim"": ""univariate"", ""output_dim"": ""forecast_length"", ""normalize_window"": false, ""max_windows"": 200000, ""fourier_encoding_components"": null, ""scale"": false, ""datepart_method"": null, ""regression_type"": ""User"", ""regression_model"": {""model"": ""LightGBM"", ""model_params"": {""objective"": ""regression"", ""learning_rate"": 0.1, ""num_leaves"": 1000, ""max_depth"": 5, ""boosting_type"": ""gbdt"", ""n_estimators"": 100, ""linear_tree"": false, ""lambda_l1"": 0.0, ""lambda_l2"": 0.0, ""min_data_in_leaf"": 20, ""feature_fraction"": 1.0, ""max_bin"": 255, ""device_type"": ""cuda""}}}","{""fillna"": ""ffill"", ""transformations"": {""0"": null}, ""transformation_params"": {""0"": {}}}",0 days 00:00:00.000202,0 days 00:00:03.903580,0 days 00:00:00.173369,0 days 00:00:04.116196,0,,1,0,2,2023-10-12 22:56:00,0.0326781661275631,8.738698469836663,10.599450528615213,1.9633530151719023,8.738698469836663,121.4055294857535,7.09372387676238e-05,-340.34111577765,6.11452484747157,218.93558629189647,4.696480988016356,17.439490068909407,1.0,0.453125,26.39974106955924,1.0,1.6593394086297293,6.743268923977464,32.248410461488675,74.08028372727476,2.5789065558427122,9.995306905313178,26.1227860987276,0.0,0.0326781661275631,8.738698469836663,10.599450528615213,1.9633530151719023,8.738698469836663,121.4055294857535,7.09372387676238e-05,-340.34111577765,6.11452484747157,218.93558629189647,4.696480988016356,17.439490068909407,1.0,0.453125,26.39974106955924,1.0,1.6593394086297293,6.743268923977464,32.248410461488675,74.08028372727476,2.5789065558427122,9.995306905313178,26.1227860987276,0.0,4.1162,3.5930826784933823
974543be739ebd0f0fa3afbe59ca4a8d,WindowRegression,"{""window_size"": 10, ""input_dim"": ""univariate"", ""output_dim"": ""forecast_length"", ""normalize_window"": false, ""max_windows"": 200000, ""fourier_encoding_components"": null, ""scale"": false, ""datepart_method"": null, ""regression_type"": ""User"", ""regression_model"": {""model"": ""LightGBM"", ""model_params"": {""objective"": ""regression"", ""learning_rate"": 0.1, ""num_leaves"": 1000, ""max_depth"": 5, ""boosting_type"": ""gbdt"", ""n_estimators"": 100, ""linear_tree"": false, ""lambda_l1"": 0.0, ""lambda_l2"": 0.0, ""min_data_in_leaf"": 20, ""feature_fraction"": 1.0, ""max_bin"": 255, ""device_type"": ""cuda""}}}","{""fillna"": null, ""transformations"": {}, ""transformation_params"": {}}",0 days 00:00:00.000194,0 days 00:00:03.905266,0 days 00:00:00.173926,0 days 00:00:04.118259,0,,1,0,2,2023-10-12 22:56:00,0.032701079217951075,8.744824677945758,10.607117896458151,1.9608942173288908,8.744824677945758,121.79772383077216,7.116639788429455e-05,-340.7332516096503,6.120652058823674,218.93552777887817,4.696909416178116,17.439490068909407,1.0,0.453125,26.39973094054949,1.0,1.659709760130719,6.7505303741142635,32.2720994979888,74.11284941559953,2.5770163418182155,10.028498615224024,26.121542802022564,0.0,0.032701079217951075,8.744824677945758,10.607117896458151,1.9608942173288908,8.744824677945758,121.79772383077216,7.116639788429455e-05,-340.7332516096503,6.120652058823674,218.93552777887817,4.696909416178116,17.439490068909407,1.0,0.453125,26.39973094054949,1.0,1.659709760130719,6.7505303741142635,32.2720994979888,74.11284941559953,2.5770163418182155,10.028498615224024,26.121542802022564,0.0,4.1183,3.5956818213934523
4c4fcab99b7b7e1f22f672636d6d613c,WindowRegression,"{""window_size"": 10, ""input_dim"": ""univariate"", ""output_dim"": ""forecast_length"", ""normalize_window"": false, ""max_windows"": 200000, ""fourier_encoding_components"": null, ""scale"": false, ""datepart_method"": null, ""regression_type"": ""User"", ""regression_model"": {""model"": ""LightGBM"", ""model_params"": {""objective"": ""regression"", ""learning_rate"": 0.1, ""num_leaves"": 1000, ""max_depth"": 5, ""boosting_type"": ""gbdt"", ""n_estimators"": 100, ""linear_tree"": false, ""lambda_l1"": 0.0, ""lambda_l2"": 0.0, ""min_data_in_leaf"": 20, ""feature_fraction"": 1.0, ""max_bin"": 255, ""device_type"": ""cuda""}}}","{""fillna"": ""ffill_mean_biased"", ""transformations"": {""0"": null}, ""transformation_params"": {""0"": {}}}",0 days 00:00:00.000210,0 days 00:00:03.908100,0 days 00:00:00.173505,0 days 00:00:04.120702,0,,1,0,2,2023-10-12 22:56:00,0.03294118231126034,8.809006962049239,10.668629108364959,1.9726441910486268,8.809006962049239,119.94845109278685,7.008586800796537e-05,-341.86244833196906,6.14492276371617,221.9139972391822,4.744366093955627,17.439490068909407,1.0,0.453125,26.399738357926253,1.0,1.6635848553111328,6.805685061324497,32.42796714988501,74.37551374181247,2.584441958767521,9.893613524017967,26.36937154907312,0.0,0.03294118231126034,8.809006962049239,10.668629108364959,1.9726441910486268,8.809006962049239,119.94845109278685,7.008586800796537e-05,-341.86244833196906,6.14492276371617,221.9139972391822,4.744366093955627,17.439490068909407,1.0,0.453125,26.399738357926253,1.0,1.6635848553111328,6.805685061324497,32.42796714988501,74.37551374181247,2.584441958767521,9.893613524017967,26.36937154907312,0.0,4.1207,3.6165333617104545
927ff06cd2278bd354870f47f7115a52,WindowRegression,"{""window_size"": 20, ""input_dim"": ""univariate"", ""output_dim"": ""forecast_length"", ""normalize_window"": false, ""max_windows"": 200000, ""fourier_encoding_components"": null, ""scale"": false, ""datepart_method"": null, ""regression_type"": ""User"", ""regression_model"": {""model"": ""LightGBM"", ""model_params"": {""colsample_bytree"": 0.947, ""learning_rate"": 0.7024, ""max_bin"": 255, ""min_child_samples"": 15, ""n_estimators"": 5, ""num_leaves"": 35, ""reg_alpha"": 0.00308, ""reg_lambda"": 5.182, ""objective"": ""regression"", ""linear_tree"": false, ""device_type"": ""cuda""}}}","{""fillna"": null, ""transformations"": {""0"": null}, ""transformation_params"": {""0"": {}}}",0 days 00:00:00.000204,0 days 00:00:00.091510,0 days 00:00:00.171102,0 days 00:00:00.301336,0,,1,0,2,2023-10-12 22:56:00,0.0332175136575395,8.884647668074763,11.324755457401508,2.1758452199910585,8.884647668074763,92.42221307064028,5.400228987752617e-05,-238.09761884307227,4.808308079944097,330.51983191371255,6.098544586632376,17.439490068909407,1.0,0.40625,28.08133543081567,1.0,1.6681402128232525,6.424081030890698,36.13167008037436,106.97457340476998,2.7353697722553707,17.77386504306114,21.628904062845614,0.0,0.0332175136575395,8.884647668074763,11.324755457401508,2.1758452199910585,8.884647668074763,92.42221307064028,5.400228987752617e-05,-238.09761884307227,4.808308079944097,330.51983191371255,6.098544586632376,17.439490068909407,1.0,0.40625,28.08133543081567,1.0,1.6681402128232525,6.424081030890698,36.13167008037436,106.97457340476998,2.7353697722553707,17.77386504306114,21.628904062845614,0.0,0.3013,3.838952081743325
1f5546c13f11b1489bf0bc9a507dc29f,WindowRegression,"{""window_size"": 5, ""input_dim"": ""univariate"", ""output_dim"": ""forecast_length"", ""normalize_window"": false, ""max_windows"": 200000, ""fourier_encoding_components"": null, ""scale"": false, ""datepart_method"": null, ""regression_type"": ""User"", ""regression_model"": {""model"": ""xgboost"", ""model_params"": {""booster"": ""gbtree"", ""objective"": ""reg:squarederror"", ""max_depth"": 6, ""eta"": 0.3, ""min_child_weight"": 1, ""subsample"": 1, ""colsample_bylevel"": 0.9, ""reg_alpha"": 0, ""reg_lambda"": 5, ""n_estimators"": 100, ""grow_policy"": ""lossguide"", ""tree_method"": ""hist"", ""device"": ""cuda""}}}","{""fillna"": null, ""transformations"": {""0"": null}, ""transformation_params"": {""0"": {}}}",0 days 00:00:00.000206,0 days 00:00:00.371980,0 days 00:00:00.183516,0 days 00:00:00.597719,0,,1,0,2,2023-10-12 22:56:00,0.0367825442963235,9.836311035156143,12.38417051737769,2.4997967036957665,9.836311035156143,91.45249999998123,5.343568662707456e-05,-360.4882031249872,6.61675141828642,269.03570312500597,5.269881913363461,17.439490068909407,1.0,0.515625,31.416093749998254,1.0,1.7244250215084196,7.44223668981478,40.118877674428,64.36484046381055,3.0423772221988417,6.186224637379867,47.70776208352512,0.0,0.0367825442963235,9.836311035156143,12.38417051737769,2.4997967036957665,9.836311035156143,91.45249999998123,5.343568662707456e-05,-360.4882031249872,6.61675141828642,269.03570312500597,5.269881913363461,17.439490068909407,1.0,0.515625,31.416093749998254,1.0,1.7244250215084196,7.44223668981478,40.118877674428,64.36484046381055,3.0423772221988417,6.186224637379867,47.70776208352512,0.0,0.5977,4.1980806885573205
0f760decfc490502f2782c17cb181970,WindowRegression,"{""window_size"": 5, ""input_dim"": ""univariate"", ""output_dim"": ""forecast_length"", ""normalize_window"": false, ""max_windows"": 200000, ""fourier_encoding_components"": null, ""scale"": false, ""datepart_method"": null, ""regression_type"": ""User"", ""regression_model"": {""model"": ""xgboost"", ""model_params"": {""booster"": ""gbtree"", ""objective"": ""reg:squarederror"", ""max_depth"": 6, ""eta"": 0.3, ""min_child_weight"": 1, ""subsample"": 1, ""colsample_bylevel"": 0.9, ""reg_alpha"": 0, ""reg_lambda"": 5, ""n_estimators"": 100, ""grow_policy"": ""lossguide"", ""tree_method"": ""hist"", ""device"": ""cuda""}}}","{""fillna"": null, ""transformations"": {}, ""transformation_params"": {}}",0 days 00:00:00.000191,0 days 00:00:00.371942,0 days 00:00:00.184059,0 days 00:00:00.597740,0,,1,0,2,2023-10-12 22:56:00,0.0367825442963235,9.836311035156143,12.38417051737769,2.4997967036957665,9.836311035156143,91.45249999998123,5.343568662707456e-05,-360.4882031249872,6.61675141828642,269.03570312500597,5.269881913363461,17.439490068909407,1.0,0.515625,31.416093749998254,1.0,1.7244250215084196,7.44223668981478,40.118877674428,64.36484046381055,3.0423772221988417,6.186224637379867,47.70776208352512,0.0,0.0367825442963235,9.836311035156143,12.38417051737769,2.4997967036957665,9.836311035156143,91.45249999998123,5.343568662707456e-05,-360.4882031249872,6.61675141828642,269.03570312500597,5.269881913363461,17.439490068909407,1.0,0.515625,31.416093749998254,1.0,1.7244250215084196,7.44223668981478,40.118877674428,64.36484046381055,3.0423772221988417,6.186224637379867,47.70776208352512,0.0,0.5977,4.1980806885573205
e9f72fc7741ad5bae0f864558ba26a05,WindowRegression,"{""window_size"": 10, ""input_dim"": ""univariate"", ""output_dim"": ""forecast_length"", ""normalize_window"": false, ""max_windows"": 200000, ""fourier_encoding_components"": null, ""scale"": false, ""datepart_method"": null, ""regression_type"": ""User"", ""regression_model"": {""model"": ""xgboost"", ""model_params"": {""booster"": ""gbtree"", ""colsample_bylevel"": 0.54, ""learning_rate"": 0.025, ""max_depth"": 11, ""min_child_weight"": 0.0127, ""n_estimators"": 240, ""tree_method"": ""hist"", ""objective"": ""reg:squarederror"", ""device"": ""cuda""}}}","{""fillna"": ""ffill"", ""transformations"": {""0"": null}, ""transformation_params"": {""0"": {}}}",0 days 00:00:00.000205,0 days 00:00:01.632290,0 days 00:00:00.214839,0 days 00:00:01.891864,0,,1,0,2,2023-10-12 22:56:00,0.046701693644596386,12.491920166015632,14.435466789177847,1.645241536425318,12.491920166015632,740.1744531250188,0.0004324838591242766,-29.654218749990832,2.743574418456751,769.8286718750096,12.152637624423084,17.439490068909407,1.0,0.46875,32.19593750000058,0.90625,3.3678967349142415,10.43333478009252,45.88188167709434,119.47344682439935,2.3419881050442,83.7721455957891,8.104042296298811,0.0,0.046701693644596386,12.491920166015632,14.435466789177847,1.645241536425318,12.491920166015632,740.1744531250188,0.0004324838591242766,-29.654218749990832,2.743574418456751,769.8286718750096,12.152637624423084,17.439490068909407,1.0,0.46875,32.19593750000058,0.90625,3.3678967349142415,10.43333478009252,45.88188167709434,119.47344682439935,2.3419881050442,83.7721455957891,8.104042296298811,0.0,1.8919,4.8934447626444815
d8cd8b66a9a28255be6ed91e0ed0f3ea,WindowRegression,"{""window_size"": 10, ""input_dim"": ""univariate"", ""output_dim"": ""forecast_length"", ""normalize_window"": false, ""max_windows"": 200000, ""fourier_encoding_components"": null, ""scale"": false, ""datepart_method"": null, ""regression_type"": ""User"", ""regression_model"": {""model"": ""xgboost"", ""model_params"": {""booster"": ""gbtree"", ""colsample_bylevel"": 0.54, ""learning_rate"": 0.025, ""max_depth"": 11, ""min_child_weight"": 0.0127, ""n_estimators"": 240, ""tree_method"": ""hist"", ""objective"": ""reg:squarederror"", ""device"": ""cuda""}}}","{""fillna"": null, ""transformations"": {}, ""transformation_params"": {}}",0 days 00:00:00.000191,0 days 00:00:01.630236,0 days 00:00:00.213899,0 days 00:00:01.889214,0,,1,0,2,2023-10-12 22:56:00,0.046701693644596386,12.491920166015632,14.435466789177847,1.645241536425318,12.491920166015632,740.1744531250188,0.0004324838591242766,-29.654218749990832,2.743574418456751,769.8286718750096,12.152637624423084,17.439490068909407,1.0,0.46875,32.19593750000058,0.90625,3.3678967349142415,10.43333478009252,45.88188167709434,119.47344682439935,2.3419881050442,83.7721455957891,8.104042296298811,0.0,0.046701693644596386,12.491920166015632,14.435466789177847,1.645241536425318,12.491920166015632,740.1744531250188,0.0004324838591242766,-29.654218749990832,2.743574418456751,769.8286718750096,12.152637624423084,17.439490068909407,1.0,0.46875,32.19593750000058,0.90625,3.3678967349142415,10.43333478009252,45.88188167709434,119.47344682439935,2.3419881050442,83.7721455957891,8.104042296298811,0.0,1.8892,4.8934447626444815
c04e957c7ceb00fd784c5698ebc26afa,WindowRegression,"{""window_size"": 5, ""input_dim"": ""univariate"", ""output_dim"": ""forecast_length"", ""normalize_window"": false, ""max_windows"": 200000, ""fourier_encoding_components"": null, ""scale"": false, ""datepart_method"": null, ""regression_type"": ""User"", ""regression_model"": {""model"": ""xgboost"", ""model_params"": {""booster"": ""gbtree"", ""objective"": ""reg:squarederror"", ""max_depth"": 6, ""eta"": 0.03, ""min_child_weight"": 0.5, ""subsample"": 0.5, ""colsample_bylevel"": 0.5, ""reg_alpha"": 0, ""reg_lambda"": 1, ""tree_method"": ""hist"", ""device"": ""cuda""}}}","{""fillna"": null, ""transformations"": {}, ""transformation_params"": {}}",0 days 00:00:00.000202,0 days 00:00:00.165665,0 days 00:00:00.185295,0 days 00:00:00.393257,0,,1,0,1,2023-10-14 22:56:00,0.06898165797730182,18.534678955077936,18.777364870754884,0.1737741022950456,18.534678955077936,1186.219453124988,0.0006900644874670723,0.0,2.9595047198184865,1186.219453124988,18.534678955077936,9.23950428512698,1.0,0.4375,23.897499999999127,1.0,1.5654787072542338,17.764502314814646,70.67238749773827,51.018226349229785,1.4590449205901754,47.85428885343294,2.8681233283225023,0.0,0.06898165797730182,18.534678955077936,18.777364870754884,0.1737741022950456,18.534678955077936,1186.219453124988,0.0006900644874670723,0.0,2.9595047198184865,1186.219453124988,18.534678955077936,9.23950428512698,1.0,0.4375,23.897499999999127,1.0,1.5654787072542338,17.764502314814646,70.67238749773827,51.018226349229785,1.4590449205901754,47.85428885343294,2.8681233283225023,0.0,0.3933,6.365294529439544
45bdced91dc2d47343e4838f14c37e0a,WindowRegression,"{""window_size"": 5, ""input_dim"": ""univariate"", ""output_dim"": ""forecast_length"", ""normalize_window"": false, ""max_windows"": 200000, ""fourier_encoding_components"": null, ""scale"": false, ""datepart_method"": null, ""regression_type"": ""User"", ""regression_model"": {""model"": ""xgboost"", ""model_params"": {""booster"": ""gbtree"", ""objective"": ""reg:squarederror"", ""max_depth"": 6, ""eta"": 0.03, ""min_child_weight"": 1, ""subsample"": 1, ""colsample_bylevel"": 1, ""reg_alpha"": 0, ""reg_lambda"": 1, ""tree_method"": ""hist"", ""device"": ""cuda""}}}","{""fillna"": null, ""transformations"": {}, ""transformation_params"": {}}",0 days 00:00:00.000197,0 days 00:00:00.164535,0 days 00:00:00.185908,0 days 00:00:00.392428,0,,1,0,1,2023-10-14 22:56:00,0.07065393028633812,18.98405029296856,19.164456237057244,0.1609135040208768,18.98405029296856,1214.979218749988,0.0007067950282396132,0.0,2.9859416888470793,1214.979218749988,18.98405029296856,9.23950428512698,1.0,0.40625,24.28937500000029,1.0,1.5766725161684019,18.287955729166544,73.00538987316797,53.10409954585676,1.3994946135856392,48.97339508499404,2.368772157647319,0.0,0.07065393028633812,18.98405029296856,19.164456237057244,0.1609135040208768,18.98405029296856,1214.979218749988,0.0007067950282396132,0.0,2.9859416888470793,1214.979218749988,18.98405029296856,9.23950428512698,1.0,0.40625,24.28937500000029,1.0,1.5766725161684019,18.287955729166544,73.00538987316797,53.10409954585676,1.3994946135856392,48.97339508499404,2.368772157647319,0.0,0.3924,6.496513716651228
cbcb89f0ae715cebd09d0482ad716d70,WindowRegression,"{""window_size"": 5, ""input_dim"": ""univariate"", ""output_dim"": ""forecast_length"", ""normalize_window"": false, ""max_windows"": 200000, ""fourier_encoding_components"": null, ""scale"": false, ""datepart_method"": null, ""regression_type"": ""User"", ""regression_model"": {""model"": ""xgboost"", ""model_params"": {""booster"": ""gbtree"", ""objective"": ""reg:squarederror"", ""max_depth"": 6, ""eta"": 0.03, ""min_child_weight"": 1, ""subsample"": 1, ""colsample_bylevel"": 1, ""reg_alpha"": 0.001, ""reg_lambda"": 1, ""n_estimators"": 100, ""grow_policy"": ""lossguide"", ""tree_method"": ""hist"", ""device"": ""cuda""}}}","{""fillna"": ""rolling_mean"", ""transformations"": {""0"": null}, ""transformation_params"": {""0"": {}}}",0 days 00:00:00.000216,0 days 00:00:00.365922,0 days 00:00:00.185947,0 days 00:00:00.593713,0,,1,0,1,2023-10-14 22:56:00,0.07148892353653888,19.208507080077936,19.39485482542111,0.15995566165821878,19.208507080077936,1229.344453124988,0.0007151517771280369,0.0,2.996872660653274,1229.344453124988,19.208507080077936,9.23950428512698,1.0,0.40625,24.30890625000029,1.0,1.5822340625427704,18.49220196759247,73.99644500543265,54.017685022544484,1.3934336839492927,49.44204991601207,2.342781427602227,0.0,0.07148892353653888,19.208507080077936,19.39485482542111,0.15995566165821878,19.208507080077936,1229.344453124988,0.0007151517771280369,0.0,2.996872660653274,1229.344453124988,19.208507080077936,9.23950428512698,1.0,0.40625,24.30890625000029,1.0,1.5822340625427704,18.49220196759247,73.99644500543265,54.017685022544484,1.3934336839492927,49.44204991601207,2.342781427602227,0.0,0.5937,6.574615989477977
ae4ecf991c6ae1ea6d0a1bc472fb875b,WindowRegression,"{""window_size"": 10, ""input_dim"": ""univariate"", ""output_dim"": ""forecast_length"", ""normalize_window"": false, ""max_windows"": 200000, ""fourier_encoding_components"": null, ""scale"": false, ""datepart_method"": null, ""regression_type"": ""User"", ""regression_model"": {""model"": ""xgboost"", ""model_params"": {""booster"": ""gbtree"", ""objective"": ""reg:squarederror"", ""max_depth"": 6, ""eta"": 0.03, ""min_child_weight"": 1, ""subsample"": 0.5, ""colsample_bylevel"": 0.5, ""reg_alpha"": 0.001, ""reg_lambda"": 1, ""tree_method"": ""hist"", ""device"": ""cuda""}}}","{""fillna"": null, ""transformations"": {}, ""transformation_params"": {}}",0 days 00:00:00.000199,0 days 00:00:00.168367,0 days 00:00:00.185992,0 days 00:00:00.396245,0,,1,0,1,2023-10-14 22:56:00,0.07285203124621571,19.575084228515436,19.892494487747108,0.17641975366882373,19.575084228515436,1252.805390624988,0.0007287998080794637,0.0,3.0077542071168115,1252.805390624988,19.575084228515436,9.23950428512698,1.0,0.484375,26.16156249999767,1.0,1.5912752446175253,18.710130208333187,75.43474357739714,52.17055742061706,1.340700904947338,49.88535655961731,2.366787202526699,0.0,0.07285203124621571,19.575084228515436,19.892494487747108,0.17641975366882373,19.575084228515436,1252.805390624988,0.0007287998080794637,0.0,3.0077542071168115,1252.805390624988,19.575084228515436,9.23950428512698,1.0,0.484375,26.16156249999767,1.0,1.5912752446175253,18.710130208333187,75.43474357739714,52.17055742061706,1.340700904947338,49.88535655961731,2.366787202526699,0.0,0.3962,6.743309682231921
71986e2c58b479ec429726e704873db7,WindowRegression,"{""window_size"": 20, ""input_dim"": ""univariate"", ""output_dim"": ""forecast_length"", ""normalize_window"": false, ""max_windows"": 200000, ""fourier_encoding_components"": null, ""scale"": false, ""datepart_method"": null, ""regression_type"": ""User"", ""regression_model"": {""model"": ""xgboost"", ""model_params"": {""booster"": ""gbtree"", ""objective"": ""reg:squarederror"", ""max_depth"": 9, ""eta"": 0.3, ""min_child_weight"": 2, ""subsample"": 1, ""colsample_bylevel"": 0.9, ""reg_alpha"": 100, ""reg_lambda"": 1, ""n_estimators"": 10, ""tree_method"": ""hist"", ""device"": ""cuda""}}}","{""fillna"": ""ffill_mean_biased"", ""transformations"": {""0"": null}, ""transformation_params"": {""0"": {}}}",0 days 00:00:00.000202,0 days 00:00:00.043906,0 days 00:00:00.170229,0 days 00:00:00.254799,0,,1,0,2,2023-10-12 22:56:00,0.13404889992965746,35.87177490234404,37.118154072936946,1.93996370498779,35.87177490234404,2295.7935937500188,0.0013414319678094803,0.0,3.5601448686980746,2295.7935937500188,35.87177490234404,17.439490068909407,1.0,0.46875,56.53828124999927,0.609375,10.903253276069966,33.399156539352084,138.30178645731795,470.6300058982793,2.596260978362572,238.6488129540375,13.013975531705016,0.0,0.13404889992965746,35.87177490234404,37.118154072936946,1.93996370498779,35.87177490234404,2295.7935937500188,0.0013414319678094803,0.0,3.5601448686980746,2295.7935937500188,35.87177490234404,17.439490068909407,1.0,0.46875,56.53828124999927,0.609375,10.903253276069966,33.399156539352084,138.30178645731795,470.6300058982793,2.596260978362572,238.6488129540375,13.013975531705016,0.0,0.2548,12.582595305017433
45bdced91dc2d47343e4838f14c37e0a,WindowRegression,"{""window_size"": 5, ""input_dim"": ""univariate"", ""output_dim"": ""forecast_length"", ""normalize_window"": false, ""max_windows"": 200000, ""fourier_encoding_components"": null, ""scale"": false, ""datepart_method"": null, ""regression_type"": ""User"", ""regression_model"": {""model"": ""xgboost"", ""model_params"": {""booster"": ""gbtree"", ""objective"": ""reg:squarederror"", ""max_depth"": 6, ""eta"": 0.03, ""min_child_weight"": 1, ""subsample"": 1, ""colsample_bylevel"": 1, ""reg_alpha"": 0, ""reg_lambda"": 1, ""tree_method"": ""hist"", ""device"": ""cuda""}}}","{""fillna"": null, ""transformations"": {}, ""transformation_params"": {}}",0 days 00:00:00.000193,0 days 00:00:00.151644,0 days 00:00:00.181164,0 days 00:00:00.374675,0,,1,0,2,2023-10-12 22:56:00,0.13993492833703644,37.44663452148467,38.01737712148807,1.4468931348883163,37.44663452148467,2396.5846093750188,0.0014003241481846825,0.0,3.6322126832996053,2396.5846093750188,37.44663452148467,17.439490068909407,1.0,0.53125,53.82117187500262,0.625,11.157197642801385,35.84722222222243,144.8770410886212,556.5764755551015,2.192721093170976,248.0898825210525,2.2340852994882,0.0,0.13993492833703644,37.44663452148467,38.01737712148807,1.4468931348883163,37.44663452148467,2396.5846093750188,0.0014003241481846825,0.0,3.6322126832996053,2396.5846093750188,37.44663452148467,17.439490068909407,1.0,0.53125,53.82117187500262,0.625,11.157197642801385,35.84722222222243,144.8770410886212,556.5764755551015,2.192721093170976,248.0898825210525,2.2340852994882,0.0,0.3747,12.887420800558772
cbcb89f0ae715cebd09d0482ad716d70,WindowRegression,"{""window_size"": 5, ""input_dim"": ""univariate"", ""output_dim"": ""forecast_length"", ""normalize_window"": false, ""max_windows"": 200000, ""fourier_encoding_components"": null, ""scale"": false, ""datepart_method"": null, ""regression_type"": ""User"", ""regression_model"": {""model"": ""xgboost"", ""model_params"": {""booster"": ""gbtree"", ""objective"": ""reg:squarederror"", ""max_depth"": 6, ""eta"": 0.03, ""min_child_weight"": 1, ""subsample"": 1, ""colsample_bylevel"": 1, ""reg_alpha"": 0.001, ""reg_lambda"": 1, ""n_estimators"": 100, ""grow_policy"": ""lossguide"", ""tree_method"": ""hist"", ""device"": ""cuda""}}}","{""fillna"": ""rolling_mean"", ""transformations"": {""0"": null}, ""transformation_params"": {""0"": {}}}",0 days 00:00:00.000202,0 days 00:00:00.323992,0 days 00:00:00.338096,0 days 00:00:00.704574,0,,1,0,2,2023-10-12 22:56:00,0.13993515618779037,37.44669555664092,38.01744518183417,1.4469053815045887,37.44669555664092,2396.5885156250188,0.0014003264306061678,0.0,3.632214090240609,2396.5885156250188,37.44669555664092,17.439490068909407,1.0,0.53125,53.82117187500262,0.625,11.157244175336132,35.84725839120391,144.87711514625641,556.5775139026408,2.1927349339267694,248.09060507141257,2.234097546104472,0.0,0.13993515618779037,37.44669555664092,38.01744518183417,1.4469053815045887,37.44669555664092,2396.5885156250188,0.0014003264306061678,0.0,3.632214090240609,2396.5885156250188,37.44669555664092,17.439490068909407,1.0,0.53125,53.82117187500262,0.625,11.157244175336132,35.84725839120391,144.87711514625641,556.5775139026408,2.1927349339267694,248.09060507141257,2.234097546104472,0.0,0.7046,12.88744387217461
ae4ecf991c6ae1ea6d0a1bc472fb875b,WindowRegression,"{""window_size"": 10, ""input_dim"": ""univariate"", ""output_dim"": ""forecast_length"", ""normalize_window"": false, ""max_windows"": 200000, ""fourier_encoding_components"": null, ""scale"": false, ""datepart_method"": null, ""regression_type"": ""User"", ""regression_model"": {""model"": ""xgboost"", ""model_params"": {""booster"": ""gbtree"", ""objective"": ""reg:squarederror"", ""max_depth"": 6, ""eta"": 0.03, ""min_child_weight"": 1, ""subsample"": 0.5, ""colsample_bylevel"": 0.5, ""reg_alpha"": 0.001, ""reg_lambda"": 1, ""tree_method"": ""hist"", ""device"": ""cuda""}}}","{""fillna"": null, ""transformations"": {}, ""transformation_params"": {}}",0 days 00:00:00.000185,0 days 00:00:00.158586,0 days 00:00:00.180200,0 days 00:00:00.380796,0,,1,0,2,2023-10-12 22:56:00,0.1473035126857473,39.41901611328154,40.020963101682554,1.3820326057869554,39.41901611328154,2522.8170312500188,0.0014740817396938326,0.0,3.683445088002778,2522.8170312500188,39.41901611328154,17.439490068909407,1.0,0.375,56.54945312500058,0.46875,13.076033227682403,37.4775014467595,149.75322998096237,608.9748281107526,1.9154569684477303,264.3858853269377,4.054884039637057,0.0,0.1473035126857473,39.41901611328154,40.020963101682554,1.3820326057869554,39.41901611328154,2522.8170312500188,0.0014740817396938326,0.0,3.683445088002778,2522.8170312500188,39.41901611328154,17.439490068909407,1.0,0.375,56.54945312500058,0.46875,13.076033227682403,37.4775014467595,149.75322998096237,608.9748281107526,1.9154569684477303,264.3858853269377,4.054884039637057,0.0,0.3808,13.56661167567761
c04e957c7ceb00fd784c5698ebc26afa,WindowRegression,"{""window_size"": 5, ""input_dim"": ""univariate"", ""output_dim"": ""forecast_length"", ""normalize_window"": false, ""max_windows"": 200000, ""fourier_encoding_components"": null, ""scale"": false, ""datepart_method"": null, ""regression_type"": ""User"", ""regression_model"": {""model"": ""xgboost"", ""model_params"": {""booster"": ""gbtree"", ""objective"": ""reg:squarederror"", ""max_depth"": 6, ""eta"": 0.03, ""min_child_weight"": 0.5, ""subsample"": 0.5, ""colsample_bylevel"": 0.5, ""reg_alpha"": 0, ""reg_lambda"": 1, ""tree_method"": ""hist"", ""device"": ""cuda""}}}","{""fillna"": null, ""transformations"": {}, ""transformation_params"": {}}",0 days 00:00:00.000194,0 days 00:00:00.156462,0 days 00:00:00.180020,0 days 00:00:00.378016,0,,1,0,2,2023-10-12 22:56:00,0.17440009653056934,46.67740844726592,47.202207698761804,1.4472661668199358,46.67740844726592,2987.3541406250188,0.0017455107263613886,0.0,3.852945013833234,2987.3541406250188,46.67740844726592,17.439490068909407,1.0,0.5,64.46570312500262,0.265625,18.14785741126445,44.82558883101875,178.8242544020382,821.4602383934563,2.1069896661826784,311.8907731494166,2.0241214722812253,0.0,0.17440009653056934,46.67740844726592,47.202207698761804,1.4472661668199358,46.67740844726592,2987.3541406250188,0.0017455107263613886,0.0,3.852945013833234,2987.3541406250188,46.67740844726592,17.439490068909407,1.0,0.5,64.46570312500262,0.265625,18.14785741126445,44.82558883101875,178.8242544020382,821.4602383934563,2.1069896661826784,311.8907731494166,2.0241214722812253,0.0,0.378,16.000964805788467
3df6a4a61cdf53b073fe125e1463c7e3,WindowRegression,"{""window_size"": 10, ""input_dim"": ""univariate"", ""output_dim"": ""forecast_length"", ""normalize_window"": false, ""max_windows"": 200000, ""fourier_encoding_components"": null, ""scale"": false, ""datepart_method"": null, ""regression_type"": ""User"", ""regression_model"": {""model"": ""LightGBM"", ""model_params"": {""objective"": ""regression"", ""learning_rate"": 0.01, ""num_leaves"": 31, ""max_depth"": 5, ""boosting_type"": ""gbdt"", ""n_estimators"": 100, ""linear_tree"": false, ""lambda_l1"": 1, ""lambda_l2"": 0.0, ""min_data_in_leaf"": 30, ""feature_fraction"": 1.0, ""max_bin"": 255, ""device_type"": ""cuda""}}}","{""fillna"": null, ""transformations"": {}, ""transformation_params"": {}}",0 days 00:00:00.000197,0 days 00:00:00.642604,0 days 00:00:00.176211,0 days 00:00:00.858061,0,,1,0,1,2023-10-14 22:56:00,0.5779130198123966,155.67336397686324,155.68878346184158,0.327805819972585,155.67336397686324,9963.095294519248,0.005795873798803408,0.0,5.054064567942744,9963.095294519248,155.67336397686324,9.23950428512698,1.0,0.28125,159.8263038161931,1.0,3.631070637911998,155.12175674778558,612.3965724680553,3431.29955300387,1.7090053457699288,396.20300717466205,11.421787621385121,0.0,0.5779130198123966,155.67336397686324,155.68878346184158,0.327805819972585,155.67336397686324,9963.095294519248,0.005795873798803408,0.0,5.054064567942744,9963.095294519248,155.67336397686324,9.23950428512698,1.0,0.28125,159.8263038161931,1.0,3.631070637911998,155.12175674778558,612.3965724680553,3431.29955300387,1.7090053457699288,396.20300717466205,11.421787621385121,0.0,0.8581,52.77657267065279
e5ae2de7371edf27a15eeb18d98c909a,WindowRegression,"{""window_size"": 2, ""input_dim"": ""univariate"", ""output_dim"": ""forecast_length"", ""normalize_window"": false, ""max_windows"": 200000, ""fourier_encoding_components"": null, ""scale"": false, ""datepart_method"": null, ""regression_type"": ""User"", ""regression_model"": {""model"": ""xgboost"", ""model_params"": {""booster"": ""gbtree"", ""objective"": ""reg:squarederror"", ""max_depth"": 6, ""eta"": 0.01, ""min_child_weight"": 2, ""subsample"": 1, ""colsample_bylevel"": 1, ""reg_alpha"": 0, ""reg_lambda"": 1, ""n_estimators"": 100, ""tree_method"": ""hist"", ""device"": ""cuda""}}}","{""fillna"": null, ""transformations"": {}, ""transformation_params"": {}}",0 days 00:00:00.000197,0 days 00:00:00.159408,0 days 00:00:00.182932,0 days 00:00:00.383531,0,,1,0,1,2023-10-14 22:56:00,0.5793813498266609,156.06995727539044,156.08819770974287,0.30073460262574025,156.06995727539044,9988.477265624988,0.005810639360804473,0.0,5.056576827765067,9988.477265624988,156.06995727539044,9.23950428512698,1.0,0.328125,163.4300000000003,1.0,3.6353425753471047,155.27197627314794,612.6427294349511,3475.187001003281,1.6852215631871916,398.01379147850344,11.626509683482814,0.0,0.5793813498266609,156.06995727539044,156.08819770974287,0.30073460262574025,156.06995727539044,9988.477265624988,0.005810639360804473,0.0,5.056576827765067,9988.477265624988,156.06995727539044,9.23950428512698,1.0,0.328125,163.4300000000003,1.0,3.6353425753471047,155.27197627314794,612.6427294349511,3475.187001003281,1.6852215631871916,398.01379147850344,11.626509683482814,0.0,0.3835,52.91196916236745
3df6a4a61cdf53b073fe125e1463c7e3,WindowRegression,"{""window_size"": 10, ""input_dim"": ""univariate"", ""output_dim"": ""forecast_length"", ""normalize_window"": false, ""max_windows"": 200000, ""fourier_encoding_components"": null, ""scale"": false, ""datepart_method"": null, ""regression_type"": ""User"", ""regression_model"": {""model"": ""LightGBM"", ""model_params"": {""objective"": ""regression"", ""learning_rate"": 0.01, ""num_leaves"": 31, ""max_depth"": 5, ""boosting_type"": ""gbdt"", ""n_estimators"": 100, ""linear_tree"": false, ""lambda_l1"": 1, ""lambda_l2"": 0.0, ""min_data_in_leaf"": 30, ""feature_fraction"": 1.0, ""max_bin"": 255, ""device_type"": ""cuda""}}}","{""fillna"": null, ""transformations"": {}, ""transformation_params"": {}}",0 days 00:00:00.000203,0 days 00:00:00.617808,0 days 00:00:00.172767,0 days 00:00:00.829384,0,,1,0,2,2023-10-12 22:56:00,1.0799868943157935,290.37061590686875,290.4578040804278,2.2693603636927784,290.37061590686875,18583.7194180396,0.010858465402127315,0.0,5.674298859773783,18583.7194180396,290.37061590686875,17.439490068909407,1.0,0.421875,308.55822992709,0.0,130.11173723121408,288.0851009081517,1136.2953663317767,30449.12761885954,2.4822969886639203,1902.2735038647702,46.264230465579786,0.0,1.0799868943157935,290.37061590686875,290.4578040804278,2.2693603636927784,290.37061590686875,18583.7194180396,0.010858465402127315,0.0,5.674298859773783,18583.7194180396,290.37061590686875,17.439490068909407,1.0,0.421875,308.55822992709,0.0,130.11173723121408,288.0851009081517,1136.2953663317767,30449.12761885954,2.4822969886639203,1902.2735038647702,46.264230465579786,0.0,0.8294,98.46160438761517
e5ae2de7371edf27a15eeb18d98c909a,WindowRegression,"{""window_size"": 2, ""input_dim"": ""univariate"", ""output_dim"": ""forecast_length"", ""normalize_window"": false, ""max_windows"": 200000, ""fourier_encoding_components"": null, ""scale"": false, ""datepart_method"": null, ""regression_type"": ""User"", ""regression_model"": {""model"": ""xgboost"", ""model_params"": {""booster"": ""gbtree"", ""objective"": ""reg:squarederror"", ""max_depth"": 6, ""eta"": 0.01, ""min_child_weight"": 2, ""subsample"": 1, ""colsample_bylevel"": 1, ""reg_alpha"": 0, ""reg_lambda"": 1, ""n_estimators"": 100, ""tree_method"": ""hist"", ""device"": ""cuda""}}}","{""fillna"": null, ""transformations"": {}, ""transformation_params"": {}}",0 days 00:00:00.000189,0 days 00:00:00.142658,0 days 00:00:00.179731,0 days 00:00:00.364132,0,,1,0,2,2023-10-12 22:56:00,1.0849008263361648,291.69819091796904,291.77886390666157,2.0542645587773394,291.69819091796904,18668.68421875002,0.010908110326706683,0.0,5.678866854179258,18668.68421875002,291.69819091796904,17.439490068909407,1.0,0.46875,310.9950000000026,0.0,130.7034693990091,289.78415943287064,1140.6935141309123,30013.31387657522,2.379284190471114,1911.2079639250603,40.04812034479956,0.0,1.0849008263361648,291.69819091796904,291.77886390666157,2.0542645587773394,291.69819091796904,18668.68421875002,0.010908110326706683,0.0,5.678866854179258,18668.68421875002,291.69819091796904,17.439490068909407,1.0,0.46875,310.9950000000026,0.0,130.7034693990091,289.78415943287064,1140.6935141309123,30013.31387657522,2.379284190471114,1911.2079639250603,40.04812034479956,0.0,0.3641,98.90942733523678
f23200d1504deecc9146760fccbdf465,WindowRegression,"{""window_size"": 5, ""input_dim"": ""univariate"", ""output_dim"": ""forecast_length"", ""normalize_window"": false, ""max_windows"": 200000, ""fourier_encoding_components"": null, ""scale"": false, ""datepart_method"": null, ""regression_type"": ""User"", ""regression_model"": {""model"": ""xgboost"", ""model_params"": {""booster"": ""gbtree"", ""objective"": ""reg:squarederror"", ""max_depth"": 3, ""eta"": 0.003, ""min_child_weight"": 1, ""subsample"": 1, ""colsample_bylevel"": 0.5, ""reg_alpha"": 0, ""reg_lambda"": 1, ""tree_method"": ""hist"", ""device"": ""cuda""}}}","{""fillna"": null, ""transformations"": {}, ""transformation_params"": {}}",0 days 00:00:00.000192,0 days 00:00:00.085199,0 days 00:00:00.334052,0 days 00:00:00.461121,0,,1,0,1,2023-10-14 22:56:00,1.141139164966478,308.2609667968748,308.2925064515262,0.4735367218429664,308.2609667968748,19728.701874999988,0.011476861648068139,0.0,5.734084496748046,19728.701874999988,308.2609667968748,9.23950428512698,1.0,0.328125,319.33023437500015,1.0,5.0127660084032994,306.76198495370363,1212.8512055769634,13538.175004279678,1.8995929291014964,785.0649008351752,21.974620558633987,0.0,1.141139164966478,308.2609667968748,308.2925064515262,0.4735367218429664,308.2609667968748,19728.701874999988,0.011476861648068139,0.0,5.734084496748046,19728.701874999988,308.2609667968748,9.23950428512698,1.0,0.328125,319.33023437500015,1.0,5.0127660084032994,306.76198495370363,1212.8512055769634,13538.175004279678,1.8995929291014964,785.0649008351752,21.974620558633987,0.0,0.4611,104.50734798467035
1531e2eea15dff18227b757ac3db472a,WindowRegression,"{""window_size"": 7, ""input_dim"": ""univariate"", ""output_dim"": ""forecast_length"", ""normalize_window"": false, ""max_windows"": 200000, ""fourier_encoding_components"": null, ""scale"": false, ""datepart_method"": null, ""regression_type"": ""User"", ""regression_model"": {""model"": ""LightGBM"", ""model_params"": {""objective"": ""regression"", ""learning_rate"": 0.001, ""num_leaves"": 70, ""max_depth"": -1, ""boosting_type"": ""gbdt"", ""n_estimators"": 100, ""linear_tree"": false, ""lambda_l1"": 0.0, ""lambda_l2"": 0.0, ""min_data_in_leaf"": 15, ""feature_fraction"": 1.0, ""max_bin"": 255, ""device_type"": ""cuda""}}}","{""fillna"": ""ffill_mean_biased"", ""transformations"": {""0"": null}, ""transformation_params"": {""0"": {}}}",0 days 00:00:00.000210,0 days 00:00:01.298754,0 days 00:00:00.174270,0 days 00:00:01.511683,0,,1,0,1,2023-10-14 22:56:00,1.4338004021699875,387.8897963795672,387.91070776542,0.5759388647995651,387.8897963795672,24824.9469682923,0.01444152198055958,0.0,5.963242647849807,24824.9469682923,387.8897963795672,9.23950428512698,1.0,0.265625,398.10126803266394,1.0,5.600038644052692,386.50325500777296,1525.9838736704944,21272.554598555973,2.093965219101134,987.5872365722075,28.41032583093413,0.0,1.4338004021699875,387.8897963795672,387.91070776542,0.5759388647995651,387.8897963795672,24824.9469682923,0.01444152198055958,0.0,5.963242647849807,24824.9469682923,387.8897963795672,9.23950428512698,1.0,0.265625,398.10126803266394,1.0,5.600038644052692,386.50325500777296,1525.9838736704944,21272.554598555973,2.093965219101134,987.5872365722075,28.41032583093413,0.0,1.5117,131.49693383739339
974543be739ebd0f0fa3afbe59ca4a8d,WindowRegression,"{""window_size"": 10, ""input_dim"": ""univariate"", ""output_dim"": ""forecast_length"", ""normalize_window"": false, ""max_windows"": 200000, ""fourier_encoding_components"": null, ""scale"": false, ""datepart_method"": null, ""regression_type"": ""User"", ""regression_model"": {""model"": ""LightGBM"", ""model_params"": {""objective"": ""regression"", ""learning_rate"": 0.1, ""num_leaves"": 1000, ""max_depth"": 5, ""boosting_type"": ""gbdt"", ""n_estimators"": 100, ""linear_tree"": false, ""lambda_l1"": 0.0, ""lambda_l2"": 0.0, ""min_data_in_leaf"": 20, ""feature_fraction"": 1.0, ""max_bin"": 255, ""device_type"": ""cuda""}}}","{""fillna"": null, ""transformations"": {}, ""transformation_params"": {}}",0 days 00:00:00.000186,0 days 00:00:07.727869,0 days 00:00:00.177378,0 days 00:00:07.943875,0,,1,0,0,2023-10-16 22:56:00,1.4590942329938497,412.6544312639053,413.22861211884464,1.8988977772580953,412.6544312639053,26409.883600889938,0.014485550112411018,-26409.883600889938,412.6544312639053,0.0,6.023624457455377,13.28453144922638,1.0,0.609375,457.8349676031139,1.0,6.984862594757807,407.2524880524351,1630.562485142742,34657.828391275274,3.2077342590839906,1554.9600144129372,67.05936539962782,0.0,1.4590942329938497,412.6544312639053,413.22861211884464,1.8988977772580953,412.6544312639053,26409.883600889938,0.014485550112411018,-26409.883600889938,412.6544312639053,0.0,6.023624457455377,13.28453144922638,1.0,0.609375,457.8349676031139,1.0,6.984862594757807,407.2524880524351,1630.562485142742,34657.828391275274,3.2077342590839906,1554.9600144129372,67.05936539962782,0.0,7.9439,140.07939038478264
b9e2516f3260f9e4202ea6734a9ad656,WindowRegression,"{""window_size"": 10, ""input_dim"": ""univariate"", ""output_dim"": ""forecast_length"", ""normalize_window"": false, ""max_windows"": 200000, ""fourier_encoding_components"": null, ""scale"": false, ""datepart_method"": null, ""regression_type"": ""User"", ""regression_model"": {""model"": ""LightGBM"", ""model_params"": {""objective"": ""regression"", ""learning_rate"": 0.1, ""num_leaves"": 1000, ""max_depth"": 5, ""boosting_type"": ""gbdt"", ""n_estimators"": 100, ""linear_tree"": false, ""lambda_l1"": 0.0, ""lambda_l2"": 0.0, ""min_data_in_leaf"": 20, ""feature_fraction"": 1.0, ""max_bin"": 255, ""device_type"": ""cuda""}}}","{""fillna"": ""ffill"", ""transformations"": {""0"": null}, ""transformation_params"": {""0"": {}}}",0 days 00:00:00.000196,0 days 00:00:07.704637,0 days 00:00:00.177278,0 days 00:00:07.920530,0,,1,2,0,2023-10-16 22:56:00,1.4590945275173681,412.65451481520876,413.2286698628735,1.8988978299010206,412.65451481520876,26409.88894817336,0.014485553045341097,-26409.88894817336,412.65451481520876,0.0,6.023624707586555,13.28453144922638,1.0,0.609375,457.83497320520837,1.0,6.984863287386475,407.25563952733825,1630.560305325083,34657.833789685916,3.206747348403644,1554.9651027500208,67.14099883242166,0.0,1.4590945275173681,412.65451481520876,413.2286698628735,1.8988978299010206,412.65451481520876,26409.88894817336,0.014485553045341097,-26409.88894817336,412.65451481520876,0.0,6.023624707586555,13.28453144922638,1.0,0.609375,457.83497320520837,1.0,6.984863287386475,407.25563952733825,1630.560305325083,34657.833789685916,3.206747348403644,1554.9651027500208,67.14099883242166,0.0,7.9205,140.07940995929448
2756d74edc249dee30d644f871e4f52a,WindowRegression,"{""window_size"": 10, ""input_dim"": ""univariate"", ""output_dim"": ""forecast_length"", ""normalize_window"": false, ""max_windows"": 200000, ""fourier_encoding_components"": null, ""scale"": false, ""datepart_method"": null, ""regression_type"": ""User"", ""regression_model"": {""model"": ""LightGBM"", ""model_params"": {""objective"": ""regression"", ""learning_rate"": 0.1, ""num_leaves"": 1000, ""max_depth"": 5, ""boosting_type"": ""gbdt"", ""n_estimators"": 100, ""linear_tree"": false, ""lambda_l1"": 0.0, ""lambda_l2"": 0.0, ""min_data_in_leaf"": 20, ""feature_fraction"": 1.0, ""max_bin"": 255, ""device_type"": ""cuda""}}}","{""fillna"": ""time"", ""transformations"": {""0"": null}, ""transformation_params"": {""0"": {}}}",0 days 00:00:00.000196,0 days 00:00:07.746880,0 days 00:00:00.176085,0 days 00:00:07.961316,0,,1,3,0,2023-10-16 22:56:00,1.4597732639016796,412.84506459598765,413.4283308051897,1.9350426687597766,412.84506459598765,26422.08413414321,0.01449224197968727,-26422.08413414321,412.84506459598765,0.0,6.024064376476574,13.28453144922638,1.0,0.59375,457.47633736194257,1.0,6.986442739873056,407.36640473036107,1630.969996245584,34790.94651199598,3.2405794578596443,1556.0451088889292,65.68070953329836,0.0,1.4597732639016796,412.84506459598765,413.4283308051897,1.9350426687597766,412.84506459598765,26422.08413414321,0.01449224197968727,-26422.08413414321,412.84506459598765,0.0,6.024064376476574,13.28453144922638,1.0,0.59375,457.47633736194257,1.0,6.986442739873056,407.36640473036107,1630.969996245584,34790.94651199598,3.2405794578596443,1556.0451088889292,65.68070953329836,0.0,7.9613,140.14709255014873
60fdb3c4f90cfa1df2eef3944c27e9bd,WindowRegression,"{""window_size"": 10, ""input_dim"": ""univariate"", ""output_dim"": ""forecast_length"", ""normalize_window"": false, ""max_windows"": 200000, ""fourier_encoding_components"": null, ""scale"": false, ""datepart_method"": null, ""regression_type"": ""User"", ""regression_model"": {""model"": ""LightGBM"", ""model_params"": {""objective"": ""regression"", ""learning_rate"": 0.1, ""num_leaves"": 1000, ""max_depth"": 5, ""boosting_type"": ""gbdt"", ""n_estimators"": 100, ""linear_tree"": false, ""lambda_l1"": 0.0, ""lambda_l2"": 0.0, ""min_data_in_leaf"": 20, ""feature_fraction"": 1.0, ""max_bin"": 255, ""device_type"": ""cuda""}}}","{""fillna"": null, ""transformations"": {""0"": null}, ""transformation_params"": {""0"": {}}}",0 days 00:00:00.000196,0 days 00:00:07.724977,0 days 00:00:00.176202,0 days 00:00:07.939625,0,,1,3,0,2023-10-16 22:56:00,1.459817677869742,412.85753002314425,413.4415385977406,1.9384190849452005,412.85753002314425,26422.881921481232,0.014492679557854543,-26422.881921481232,412.85753002314425,0.0,6.024093067452645,13.28453144922638,1.0,0.625,457.85198262203266,1.0,6.9865460523972125,407.3677694596827,1630.9607479345511,34774.2337636287,3.2444088488177814,1556.1510026238757,65.37064865317254,0.0,1.459817677869742,412.85753002314425,413.4415385977406,1.9384190849452005,412.85753002314425,26422.881921481232,0.014492679557854543,-26422.881921481232,412.85753002314425,0.0,6.024093067452645,13.28453144922638,1.0,0.625,457.85198262203266,1.0,6.9865460523972125,407.3677694596827,1630.9607479345511,34774.2337636287,3.2444088488177814,1556.1510026238757,65.37064865317254,0.0,7.9396,140.15156982852344
4c4fcab99b7b7e1f22f672636d6d613c,WindowRegression,"{""window_size"": 10, ""input_dim"": ""univariate"", ""output_dim"": ""forecast_length"", ""normalize_window"": false, ""max_windows"": 200000, ""fourier_encoding_components"": null, ""scale"": false, ""datepart_method"": null, ""regression_type"": ""User"", ""regression_model"": {""model"": ""LightGBM"", ""model_params"": {""objective"": ""regression"", ""learning_rate"": 0.1, ""num_leaves"": 1000, ""max_depth"": 5, ""boosting_type"": ""gbdt"", ""n_estimators"": 100, ""linear_tree"": false, ""lambda_l1"": 0.0, ""lambda_l2"": 0.0, ""min_data_in_leaf"": 20, ""feature_fraction"": 1.0, ""max_bin"": 255, ""device_type"": ""cuda""}}}","{""fillna"": ""ffill_mean_biased"", ""transformations"": {""0"": null}, ""transformation_params"": {""0"": {}}}",0 days 00:00:00.000198,0 days 00:00:07.707225,0 days 00:00:00.176037,0 days 00:00:07.921709,0,,1,1,0,2023-10-16 22:56:00,1.4602273407408088,412.97255870105874,413.54976268032647,1.9162955257090237,412.97255870105874,26430.24375686776,0.014496717449010082,-26430.24375686776,412.97255870105874,0.0,6.024387440355713,13.28453144922638,1.0,0.609375,457.62522829759473,1.0,6.987499329357906,407.5433712354904,1631.4334871073784,34749.6650106384,3.2350188228106345,1556.506910891179,66.30549164868437,0.0,1.4602273407408088,412.97255870105874,413.54976268032647,1.9162955257090237,412.97255870105874,26430.24375686776,0.014496717449010082,-26430.24375686776,412.97255870105874,0.0,6.024387440355713,13.28453144922638,1.0,0.609375,457.62522829759473,1.0,6.987499329357906,407.5433712354904,1631.4334871073784,34749.6650106384,3.2350188228106345,1556.506910891179,66.30549164868437,0.0,7.9217,140.18825645444667
0fa87e2fe02d9f220491a11aeea01526,WindowRegression,"{""window_size"": 20, ""input_dim"": ""univariate"", ""output_dim"": ""forecast_length"", ""normalize_window"": false, ""max_windows"": 200000, ""fourier_encoding_components"": null, ""scale"": false, ""datepart_method"": null, ""regression_type"": ""User"", ""regression_model"": {""model"": ""LightGBM"", ""model_params"": {""objective"": ""regression"", ""learning_rate"": 0.1, ""num_leaves"": 31, ""max_depth"": 5, ""boosting_type"": ""gbdt"", ""n_estimators"": 100, ""linear_tree"": false, ""lambda_l1"": 0.0, ""lambda_l2"": 0.0, ""min_data_in_leaf"": 20, ""feature_fraction"": 1.0, ""max_bin"": 255, ""device_type"": ""cuda""}}}","{""fillna"": null, ""transformations"": {}, ""transformation_params"": {}}",0 days 00:00:00.000184,0 days 00:00:00.691514,0 days 00:00:00.174563,0 days 00:00:00.904003,0,,1,0,0,2023-10-16 22:56:00,1.4655110734383303,414.4560126106056,415.0445632064614,1.948156194959784,414.4560126106056,26525.18480707876,0.014548791640677858,-26525.18480707876,414.4560126106056,0.0,6.0279479953096855,13.28453144922638,1.0,0.578125,462.688886607084,1.0,6.999781521304414,408.7977396702567,1637.7999042718052,34954.22271144585,3.222807469891424,1561.4482012674378,68.86737012656437,0.0,1.4655110734383303,414.4560126106056,415.0445632064614,1.948156194959784,414.4560126106056,26525.18480707876,0.014548791640677858,-26525.18480707876,414.4560126106056,0.0,6.0279479953096855,13.28453144922638,1.0,0.578125,462.688886607084,1.0,6.999781521304414,408.7977396702567,1637.7999042718052,34954.22271144585,3.222807469891424,1561.4482012674378,68.86737012656437,0.0,0.904,140.69497535121954
0282bcbc796482c0aab957f05baa7dd4,WindowRegression,"{""window_size"": 20, ""input_dim"": ""univariate"", ""output_dim"": ""forecast_length"", ""normalize_window"": false, ""max_windows"": 200000, ""fourier_encoding_components"": null, ""scale"": false, ""datepart_method"": null, ""regression_type"": ""User"", ""regression_model"": {""model"": ""LightGBM"", ""model_params"": {""objective"": ""regression"", ""learning_rate"": 0.1, ""num_leaves"": 31, ""max_depth"": -1, ""boosting_type"": ""gbdt"", ""n_estimators"": 100, ""linear_tree"": false, ""lambda_l1"": 0.0, ""lambda_l2"": 0.0, ""min_data_in_leaf"": 20, ""feature_fraction"": 1.0, ""max_bin"": 255, ""device_type"": ""cuda""}}}","{""fillna"": ""rolling_mean"", ""transformations"": {""0"": null}, ""transformation_params"": {""0"": {}}}",0 days 00:00:00.000197,0 days 00:00:00.688939,0 days 00:00:00.175292,0 days 00:00:00.902543,0,,1,2,0,2023-10-16 22:56:00,1.46551107352107,414.4560126338356,415.0445632317654,1.9481561995704662,414.4560126338356,26525.18480856548,0.014548791641493308,-26525.18480856548,414.4560126338356,0.0,6.027947995360449,13.28453144922638,1.0,0.578125,462.6888867147354,1.0,6.999781521496578,408.79773968741705,1637.7999043378386,34954.222724148596,3.2228074712531,1561.4482013820325,68.86737003402695,0.0,1.46551107352107,414.4560126338356,415.0445632317654,1.9481561995704662,414.4560126338356,26525.18480856548,0.014548791641493308,-26525.18480856548,414.4560126338356,0.0,6.027947995360449,13.28453144922638,1.0,0.578125,462.6888867147354,1.0,6.999781521496578,408.79773968741705,1637.7999043378386,34954.222724148596,3.2228074712531,1561.4482013820325,68.86737003402695,0.0,0.9025,140.69497535979727
fdf654e8925040698298d26e5bb2eea6,WindowRegression,"{""window_size"": 20, ""input_dim"": ""univariate"", ""output_dim"": ""forecast_length"", ""normalize_window"": false, ""max_windows"": 200000, ""fourier_encoding_components"": null, ""scale"": false, ""datepart_method"": null, ""regression_type"": ""User"", ""regression_model"": {""model"": ""LightGBM"", ""model_params"": {""objective"": ""regression"", ""learning_rate"": 0.1, ""num_leaves"": 31, ""max_depth"": -1, ""boosting_type"": ""gbdt"", ""n_estimators"": 100, ""linear_tree"": false, ""lambda_l1"": 0.0, ""lambda_l2"": 0.0, ""min_data_in_leaf"": 20, ""feature_fraction"": 1.0, ""max_bin"": 255, ""device_type"": ""cuda""}}}","{""fillna"": ""ffill"", ""transformations"": {""0"": null}, ""transformation_params"": {""0"": {}}}",0 days 00:00:00.000217,0 days 00:00:00.687505,0 days 00:00:00.175948,0 days 00:00:00.901737,0,,1,3,0,2023-10-16 22:56:00,1.4655110752563434,414.4560131210002,415.0445637152624,1.9481561949495807,414.4560131210002,26525.18483974401,0.014548791658594414,-26525.18483974401,414.4560131210002,0.0,6.027947996543842,13.28453144922638,1.0,0.578125,462.6888870246621,1.0,6.999781525526497,408.79774018221906,1637.799906241082,34954.22280333927,3.2228074709871875,1561.4482032285657,68.86737009919996,0.0,1.4655110752563434,414.4560131210002,415.0445637152624,1.9481561949495807,414.4560131210002,26525.18483974401,0.014548791658594414,-26525.18483974401,414.4560131210002,0.0,6.027947996543842,13.28453144922638,1.0,0.578125,462.6888870246621,1.0,6.999781525526497,408.79774018221906,1637.799906241082,34954.22280333927,3.2228074709871875,1561.4482032285657,68.86737009919996,0.0,0.9017,140.69497552369677
b7d4e83d7fb9227fc9d8d44cdf397f45,WindowRegression,"{""window_size"": 20, ""input_dim"": ""univariate"", ""output_dim"": ""forecast_length"", ""normalize_window"": false, ""max_windows"": 200000, ""fourier_encoding_components"": null, ""scale"": false, ""datepart_method"": null, ""regression_type"": ""User"", ""regression_model"": {""model"": ""LightGBM"", ""model_params"": {""objective"": ""regression"", ""learning_rate"": 0.1, ""num_leaves"": 31, ""max_depth"": 5, ""boosting_type"": ""gbdt"", ""n_estimators"": 100, ""linear_tree"": false, ""lambda_l1"": 0.0, ""lambda_l2"": 0.0, ""min_data_in_leaf"": 20, ""feature_fraction"": 1.0, ""max_bin"": 255, ""device_type"": ""cuda""}}}","{""fillna"": null, ""transformations"": {""0"": null}, ""transformation_params"": {""0"": {}}}",0 days 00:00:00.000203,0 days 00:00:00.688299,0 days 00:00:00.175992,0 days 00:00:00.902501,0,,1,1,0,2023-10-16 22:56:00,1.4655110757269876,414.4560132531492,415.04456384626394,1.948156189568907,414.4560132531492,26525.18484820155,0.014548791663233284,-26525.18484820155,414.4560132531492,0.0,6.027947996865435,13.28453144922638,1.0,0.578125,462.68888743335265,1.0,6.999781526619659,408.7977403111986,1637.7999066688265,34954.222835048706,3.222807458317578,1561.4482037815858,68.86737073178051,0.0,1.4655110757269876,414.4560132531492,415.04456384626394,1.948156189568907,414.4560132531492,26525.18484820155,0.014548791663233284,-26525.18484820155,414.4560132531492,0.0,6.027947996865435,13.28453144922638,1.0,0.578125,462.68888743335265,1.0,6.999781526619659,408.7977403111986,1637.7999066688265,34954.222835048706,3.222807458317578,1561.4482037815858,68.86737073178051,0.0,0.9025,140.69497556810467
0f760decfc490502f2782c17cb181970,WindowRegression,"{""window_size"": 5, ""input_dim"": ""univariate"", ""output_dim"": ""forecast_length"", ""normalize_window"": false, ""max_windows"": 200000, ""fourier_encoding_components"": null, ""scale"": false, ""datepart_method"": null, ""regression_type"": ""User"", ""regression_model"": {""model"": ""xgboost"", ""model_params"": {""booster"": ""gbtree"", ""objective"": ""reg:squarederror"", ""max_depth"": 6, ""eta"": 0.3, ""min_child_weight"": 1, ""subsample"": 1, ""colsample_bylevel"": 0.9, ""reg_alpha"": 0, ""reg_lambda"": 5, ""n_estimators"": 100, ""grow_policy"": ""lossguide"", ""tree_method"": ""hist"", ""device"": ""cuda""}}}","{""fillna"": null, ""transformations"": {}, ""transformation_params"": {}}",0 days 00:00:00.000182,0 days 00:00:00.391656,0 days 00:00:00.185070,0 days 00:00:00.617020,0,,1,0,0,2023-10-16 22:56:00,1.4707501724224847,415.9263928222654,416.51190997158517,2.144106483524219,415.9263928222654,26619.289140624987,0.014600406901842167,-26619.289140624987,415.9263928222654,0.0,6.031480324682549,13.28453144922638,1.0,0.59375,458.06992187500146,1.0,7.011934240094665,410.46661024305536,1645.3389818921933,35851.8729164616,3.3526882543870506,1565.203433276591,58.478903183642686,0.0,1.4707501724224847,415.9263928222654,416.51190997158517,2.144106483524219,415.9263928222654,26619.289140624987,0.014600406901842167,-26619.289140624987,415.9263928222654,0.0,6.031480324682549,13.28453144922638,1.0,0.59375,458.06992187500146,1.0,7.011934240094665,410.46661024305536,1645.3389818921933,35851.8729164616,3.3526882543870506,1565.203433276591,58.478903183642686,0.0,0.617,141.19238776244555
1f5546c13f11b1489bf0bc9a507dc29f,WindowRegression,"{""window_size"": 5, ""input_dim"": ""univariate"", ""output_dim"": ""forecast_length"", ""normalize_window"": false, ""max_windows"": 200000, ""fourier_encoding_components"": null, ""scale"": false, ""datepart_method"": null, ""regression_type"": ""User"", ""regression_model"": {""model"": ""xgboost"", ""model_params"": {""booster"": ""gbtree"", ""objective"": ""reg:squarederror"", ""max_depth"": 6, ""eta"": 0.3, ""min_child_weight"": 1, ""subsample"": 1, ""colsample_bylevel"": 0.9, ""reg_alpha"": 0, ""reg_lambda"": 5, ""n_estimators"": 100, ""grow_policy"": ""lossguide"", ""tree_method"": ""hist"", ""device"": ""cuda""}}}","{""fillna"": null, ""transformations"": {""0"": null}, ""transformation_params"": {""0"": {}}}",0 days 00:00:00.000198,0 days 00:00:00.390661,0 days 00:00:00.186887,0 days 00:00:00.618849,0,,1,1,0,2023-10-16 22:56:00,1.4707501724224847,415.9263928222654,416.51190997158517,2.144106483524219,415.9263928222654,26619.289140624987,0.014600406901842167,-26619.289140624987,415.9263928222654,0.0,6.031480324682549,13.28453144922638,1.0,0.59375,458.06992187500146,1.0,7.011934240094665,410.46661024305536,1645.3389818921933,35851.8729164616,3.3526882543870506,1565.203433276591,58.478903183642686,0.0,1.4707501724224847,415.9263928222654,416.51190997158517,2.144106483524219,415.9263928222654,26619.289140624987,0.014600406901842167,-26619.289140624987,415.9263928222654,0.0,6.031480324682549,13.28453144922638,1.0,0.59375,458.06992187500146,1.0,7.011934240094665,410.46661024305536,1645.3389818921933,35851.8729164616,3.3526882543870506,1565.203433276591,58.478903183642686,0.0,0.6188,141.19238776244555
b2181ea06ee056b41a55c6282bff2089,WindowRegression,"{""window_size"": 20, ""input_dim"": ""univariate"", ""output_dim"": ""forecast_length"", ""normalize_window"": false, ""max_windows"": 200000, ""fourier_encoding_components"": null, ""scale"": false, ""datepart_method"": null, ""regression_type"": ""User"", ""regression_model"": {""model"": ""LightGBM"", ""model_params"": {""objective"": ""regression"", ""learning_rate"": 0.1, ""num_leaves"": 31, ""max_depth"": -1, ""boosting_type"": ""gbdt"", ""n_estimators"": 50, ""linear_tree"": false, ""lambda_l1"": 0.0, ""lambda_l2"": 0.1, ""min_data_in_leaf"": 20, ""feature_fraction"": 1.0, ""max_bin"": 255, ""device_type"": ""cuda""}}}","{""fillna"": null, ""transformations"": {""0"": null}, ""transformation_params"": {""0"": {}}}",0 days 00:00:00.000209,0 days 00:00:00.399283,0 days 00:00:00.175427,0 days 00:00:00.612830,0,,1,2,0,2023-10-16 22:56:00,1.4863053955235133,420.2933876166638,420.8756875089079,1.9355262974144583,420.2933876166638,26898.776807466482,0.014753703018743526,-26898.776807466482,420.2933876166638,0.0,6.041936265317177,13.28453144922638,1.0,0.484375,469.38493869320155,1.0,7.047903994145578,414.6668106303153,1660.797753258635,35955.921980276384,3.1207373136320284,1583.4648461300917,73.92349061463257,0.0,1.4863053955235133,420.2933876166638,420.8756875089079,1.9355262974144583,420.2933876166638,26898.776807466482,0.014753703018743526,-26898.776807466482,420.2933876166638,0.0,6.041936265317177,13.28453144922638,1.0,0.484375,469.38493869320155,1.0,7.047903994145578,414.6668106303153,1660.797753258635,35955.921980276384,3.1207373136320284,1583.4648461300917,73.92349061463257,0.0,0.6128,142.67165439422268
d8cd8b66a9a28255be6ed91e0ed0f3ea,WindowRegression,"{""window_size"": 10, ""input_dim"": ""univariate"", ""output_dim"": ""forecast_length"", ""normalize_window"": false, ""max_windows"": 200000, ""fourier_encoding_components"": null, ""scale"": false, ""datepart_method"": null, ""regression_type"": ""User"", ""regression_model"": {""model"": ""xgboost"", ""model_params"": {""booster"": ""gbtree"", ""colsample_bylevel"": 0.54, ""learning_rate"": 0.025, ""max_depth"": 11, ""min_child_weight"": 0.0127, ""n_estimators"": 240, ""tree_method"": ""hist"", ""objective"": ""reg:squarederror"", ""device"": ""cuda""}}}","{""fillna"": null, ""transformations"": {}, ""transformation_params"": {}}",0 days 00:00:00.000185,0 days 00:00:01.873026,0 days 00:00:00.217909,0 days 00:00:02.135460,0,,1,0,0,2023-10-16 22:56:00,1.4887529693045485,420.98013427734355,421.52828108864713,1.946659084609558,420.98013427734355,26942.728593749987,0.014777810122446104,-26942.728593749987,420.98013427734355,0.0,6.0436491407217545,13.28453144922638,1.0,0.546875,465.42734375000146,1.0,7.05354384954029,415.3750188078702,1662.4644609698166,36037.788853195336,3.3118248589710206,1586.6599183223805,62.80143573205151,0.0,1.4887529693045485,420.98013427734355,421.52828108864713,1.946659084609558,420.98013427734355,26942.728593749987,0.014777810122446104,-26942.728593749987,420.98013427734355,0.0,6.0436491407217545,13.28453144922638,1.0,0.546875,465.42734375000146,1.0,7.05354384954029,415.3750188078702,1662.4644609698166,36037.788853195336,3.3118248589710206,1586.6599183223805,62.80143573205151,0.0,2.1355,142.89287554914262
e9f72fc7741ad5bae0f864558ba26a05,WindowRegression,"{""window_size"": 10, ""input_dim"": ""univariate"", ""output_dim"": ""forecast_length"", ""normalize_window"": false, ""max_windows"": 200000, ""fourier_encoding_components"": null, ""scale"": false, ""datepart_method"": null, ""regression_type"": ""User"", ""regression_model"": {""model"": ""xgboost"", ""model_params"": {""booster"": ""gbtree"", ""colsample_bylevel"": 0.54, ""learning_rate"": 0.025, ""max_depth"": 11, ""min_child_weight"": 0.0127, ""n_estimators"": 240, ""tree_method"": ""hist"", ""objective"": ""reg:squarederror"", ""device"": ""cuda""}}}","{""fillna"": ""ffill"", ""transformations"": {""0"": null}, ""transformation_params"": {""0"": {}}}",0 days 00:00:00.000199,0 days 00:00:01.871639,0 days 00:00:00.217995,0 days 00:00:02.133734,0,,1,1,0,2023-10-16 22:56:00,1.4887529693045485,420.98013427734355,421.52828108864713,1.946659084609558,420.98013427734355,26942.728593749987,0.014777810122446104,-26942.728593749987,420.98013427734355,0.0,6.0436491407217545,13.28453144922638,1.0,0.546875,465.42734375000146,1.0,7.05354384954029,415.3750188078702,1662.4644609698166,36037.788853195336,3.3118248589710206,1586.6599183223805,62.80143573205151,0.0,1.4887529693045485,420.98013427734355,421.52828108864713,1.946659084609558,420.98013427734355,26942.728593749987,0.014777810122446104,-26942.728593749987,420.98013427734355,0.0,6.0436491407217545,13.28453144922638,1.0,0.546875,465.42734375000146,1.0,7.05354384954029,415.3750188078702,1662.4644609698166,36037.788853195336,3.3118248589710206,1586.6599183223805,62.80143573205151,0.0,2.1337,142.89287554914262
aae4b48b17540daad69947938ebfcc9a,WindowRegression,"{""window_size"": 5, ""input_dim"": ""univariate"", ""output_dim"": ""forecast_length"", ""normalize_window"": false, ""max_windows"": 200000, ""fourier_encoding_components"": null, ""scale"": false, ""datepart_method"": null, ""regression_type"": ""User"", ""regression_model"": {""model"": ""xgboost"", ""model_params"": {""booster"": ""gbtree"", ""objective"": ""reg:squarederror"", ""max_depth"": 6, ""eta"": 0.05, ""min_child_weight"": 1, ""subsample"": 1, ""colsample_bylevel"": 1, ""reg_alpha"": 0.001, ""reg_lambda"": 1, ""tree_method"": ""hist"", ""device"": ""cuda""}}}","{""fillna"": null, ""transformations"": {}, ""transformation_params"": {}}",0 days 00:00:00.000187,0 days 00:00:00.171175,0 days 00:00:00.351408,0 days 00:00:00.564136,0,,1,0,0,2023-10-16 22:56:00,1.4904805836357768,421.4651806640623,422.02703450737084,1.9130386998146653,421.4651806640623,26973.771562499987,0.014794836872213793,-26973.771562499987,421.4651806640623,0.0,6.044764272094955,13.28453144922638,1.0,0.546875,469.57773437500146,1.0,7.057524540797629,415.83824652777764,1665.981535350344,36237.089553757134,3.2124315435112476,1587.347452187407,68.29587530201636,0.0,1.4904805836357768,421.4651806640623,422.02703450737084,1.9130386998146653,421.4651806640623,26973.771562499987,0.014794836872213793,-26973.771562499987,421.4651806640623,0.0,6.044764272094955,13.28453144922638,1.0,0.546875,469.57773437500146,1.0,7.057524540797629,415.83824652777764,1665.981535350344,36237.089553757134,3.2124315435112476,1587.347452187407,68.29587530201636,0.0,0.5641,143.06194679154498
927ff06cd2278bd354870f47f7115a52,WindowRegression,"{""window_size"": 20, ""input_dim"": ""univariate"", ""output_dim"": ""forecast_length"", ""normalize_window"": false, ""max_windows"": 200000, ""fourier_encoding_components"": null, ""scale"": false, ""datepart_method"": null, ""regression_type"": ""User"", ""regression_model"": {""model"": ""LightGBM"", ""model_params"": {""colsample_bytree"": 0.947, ""learning_rate"": 0.7024, ""max_bin"": 255, ""min_child_samples"": 15, ""n_estimators"": 5, ""num_leaves"": 35, ""reg_alpha"": 0.00308, ""reg_lambda"": 5.182, ""objective"": ""regression"", ""linear_tree"": false, ""device_type"": ""cuda""}}}","{""fillna"": null, ""transformations"": {""0"": null}, ""transformation_params"": {""0"": {}}}",0 days 00:00:00.000192,0 days 00:00:00.141128,0 days 00:00:00.173896,0 days 00:00:00.353091,0,,1,2,0,2023-10-16 22:56:00,1.501584145080944,424.5817573663672,425.15007058079004,1.8914944397708533,424.5817573663672,27173.2324714475,0.014904239133718985,-27173.2324714475,424.5817573663672,0.0,6.052114728631102,13.28453144922638,1.0,0.484375,477.04160111636884,1.0,7.083048376016757,418.7906751904412,1676.4798689513439,36863.06211475096,2.796146737569444,1600.2709136675776,87.91015546723095,0.0,1.501584145080944,424.5817573663672,425.15007058079004,1.8914944397708533,424.5817573663672,27173.2324714475,0.014904239133718985,-27173.2324714475,424.5817573663672,0.0,6.052114728631102,13.28453144922638,1.0,0.484375,477.04160111636884,1.0,7.083048376016757,418.7906751904412,1676.4798689513439,36863.06211475096,2.796146737569444,1600.2709136675776,87.91015546723095,0.0,0.3531,144.120617407481
71986e2c58b479ec429726e704873db7,WindowRegression,"{""window_size"": 20, ""input_dim"": ""univariate"", ""output_dim"": ""forecast_length"", ""normalize_window"": false, ""max_windows"": 200000, ""fourier_encoding_components"": null, ""scale"": false, ""datepart_method"": null, ""regression_type"": ""User"", ""regression_model"": {""model"": ""xgboost"", ""model_params"": {""booster"": ""gbtree"", ""objective"": ""reg:squarederror"", ""max_depth"": 9, ""eta"": 0.3, ""min_child_weight"": 2, ""subsample"": 1, ""colsample_bylevel"": 0.9, ""reg_alpha"": 100, ""reg_lambda"": 1, ""n_estimators"": 10, ""tree_method"": ""hist"", ""device"": ""cuda""}}}","{""fillna"": ""ffill_mean_biased"", ""transformations"": {""0"": null}, ""transformation_params"": {""0"": {}}}",0 days 00:00:00.000211,0 days 00:00:00.049998,0 days 00:00:00.171690,0 days 00:00:00.261141,0,,1,1,0,2023-10-16 22:56:00,1.600007640391622,452.1901562499998,452.7238134182223,1.9414514414472717,452.1901562499998,28940.169999999987,0.015873386234181185,-28940.169999999987,452.1901562499998,0.0,6.115128767189526,13.28453144922638,1.0,0.484375,504.65000000000146,1.0,7.3052599135338365,446.39907407407384,1785.089749575901,41813.18669192525,2.769030813079177,1704.181477154461,91.10740357452174,0.0,1.600007640391622,452.1901562499998,452.7238134182223,1.9414514414472717,452.1901562499998,28940.169999999987,0.015873386234181185,-28940.169999999987,452.1901562499998,0.0,6.115128767189526,13.28453144922638,1.0,0.484375,504.65000000000146,1.0,7.3052599135338365,446.39907407407384,1785.089749575901,41813.18669192525,2.769030813079177,1704.181477154461,91.10740357452174,0.0,0.2611,153.4677753099532
45bdced91dc2d47343e4838f14c37e0a,WindowRegression,"{""window_size"": 5, ""input_dim"": ""univariate"", ""output_dim"": ""forecast_length"", ""normalize_window"": false, ""max_windows"": 200000, ""fourier_encoding_components"": null, ""scale"": false, ""datepart_method"": null, ""regression_type"": ""User"", ""regression_model"": {""model"": ""xgboost"", ""model_params"": {""booster"": ""gbtree"", ""objective"": ""reg:squarederror"", ""max_depth"": 6, ""eta"": 0.03, ""min_child_weight"": 1, ""subsample"": 1, ""colsample_bylevel"": 1, ""reg_alpha"": 0, ""reg_lambda"": 1, ""tree_method"": ""hist"", ""device"": ""cuda""}}}","{""fillna"": null, ""transformations"": {}, ""transformation_params"": {}}",0 days 00:00:00.000198,0 days 00:00:00.170619,0 days 00:00:00.184274,0 days 00:00:00.395319,0,,1,0,0,2023-10-16 22:56:00,1.63972314505774,463.3229687499998,463.84381767773016,1.9615961059412155,463.3229687499998,29652.669999999987,0.016264185171846517,-29652.669999999987,463.3229687499998,0.0,6.139453623211752,13.28453144922638,1.0,0.484375,515.7828125000015,1.0,7.392975106944213,457.53188657407384,1828.8856046610506,43897.61976680943,2.757885107823816,1746.0823793018642,92.39666210213414,0.0,1.63972314505774,463.3229687499998,463.84381767773016,1.9615961059412155,463.3229687499998,29652.669999999987,0.016264185171846517,-29652.669999999987,463.3229687499998,0.0,6.139453623211752,13.28453144922638,1.0,0.484375,515.7828125000015,1.0,7.392975106944213,457.53188657407384,1828.8856046610506,43897.61976680943,2.757885107823816,1746.0823793018642,92.39666210213414,0.0,0.3953,157.23731926713702
cbcb89f0ae715cebd09d0482ad716d70,WindowRegression,"{""window_size"": 5, ""input_dim"": ""univariate"", ""output_dim"": ""forecast_length"", ""normalize_window"": false, ""max_windows"": 200000, ""fourier_encoding_components"": null, ""scale"": false, ""datepart_method"": null, ""regression_type"": ""User"", ""regression_model"": {""model"": ""xgboost"", ""model_params"": {""booster"": ""gbtree"", ""objective"": ""reg:squarederror"", ""max_depth"": 6, ""eta"": 0.03, ""min_child_weight"": 1, ""subsample"": 1, ""colsample_bylevel"": 1, ""reg_alpha"": 0.001, ""reg_lambda"": 1, ""n_estimators"": 100, ""grow_policy"": ""lossguide"", ""tree_method"": ""hist"", ""device"": ""cuda""}}}","{""fillna"": ""rolling_mean"", ""transformations"": {""0"": null}, ""transformation_params"": {""0"": {}}}",0 days 00:00:00.000193,0 days 00:00:00.370832,0 days 00:00:00.186079,0 days 00:00:00.598469,0,,1,2,0,2023-10-16 22:56:00,1.640197039876032,463.4557812499998,463.9759988463504,1.9611154613146933,463.4557812499998,29661.169999999987,0.016268847334611647,-29661.169999999987,463.4557812499998,0.0,6.139741225852935,13.28453144922638,1.0,0.515625,515.7828125000015,1.0,7.394015252888345,457.6794560185183,1829.458409483806,43916.084610654194,2.7753808894587477,1746.554372325109,91.851611095658,0.0,1.640197039876032,463.4557812499998,463.9759988463504,1.9611154613146933,463.4557812499998,29661.169999999987,0.016268847334611647,-29661.169999999987,463.4557812499998,0.0,6.139741225852935,13.28453144922638,1.0,0.515625,515.7828125000015,1.0,7.394015252888345,457.6794560185183,1829.458409483806,43916.084610654194,2.7753808894587477,1746.554372325109,91.851611095658,0.0,0.5985,157.28212704902253
c04e957c7ceb00fd784c5698ebc26afa,WindowRegression,"{""window_size"": 5, ""input_dim"": ""univariate"", ""output_dim"": ""forecast_length"", ""normalize_window"": false, ""max_windows"": 200000, ""fourier_encoding_components"": null, ""scale"": false, ""datepart_method"": null, ""regression_type"": ""User"", ""regression_model"": {""model"": ""xgboost"", ""model_params"": {""booster"": ""gbtree"", ""objective"": ""reg:squarederror"", ""max_depth"": 6, ""eta"": 0.03, ""min_child_weight"": 0.5, ""subsample"": 0.5, ""colsample_bylevel"": 0.5, ""reg_alpha"": 0, ""reg_lambda"": 1, ""tree_method"": ""hist"", ""device"": ""cuda""}}}","{""fillna"": null, ""transformations"": {}, ""transformation_params"": {}}",0 days 00:00:00.000187,0 days 00:00:00.175682,0 days 00:00:00.184598,0 days 00:00:00.400896,0,,1,0,0,2023-10-16 22:56:00,1.6621140611843315,469.5975048828123,470.105765142466,1.9623362986660644,469.5975048828123,30054.240312499987,0.016484442366966428,-30054.240312499987,469.5975048828123,0.0,6.15291814009189,13.28453144922638,1.0,0.5625,520.9742187500015,1.0,7.441956506924216,463.7969415509256,1853.4376589730782,45063.741800267744,2.8632880873253823,1769.7654011018942,88.62318475403858,0.0,1.6621140611843315,469.5975048828123,470.105765142466,1.9623362986660644,469.5975048828123,30054.240312499987,0.016484442366966428,-30054.240312499987,469.5975048828123,0.0,6.15291814009189,13.28453144922638,1.0,0.5625,520.9742187500015,1.0,7.441956506924216,463.7969415509256,1853.4376589730782,45063.741800267744,2.8632880873253823,1769.7654011018942,88.62318475403858,0.0,0.4009,159.36004203549524
ae4ecf991c6ae1ea6d0a1bc472fb875b,WindowRegression,"{""window_size"": 10, ""input_dim"": ""univariate"", ""output_dim"": ""forecast_length"", ""normalize_window"": false, ""max_windows"": 200000, ""fourier_encoding_components"": null, ""scale"": false, ""datepart_method"": null, ""regression_type"": ""User"", ""regression_model"": {""model"": ""xgboost"", ""model_params"": {""booster"": ""gbtree"", ""objective"": ""reg:squarederror"", ""max_depth"": 6, ""eta"": 0.03, ""min_child_weight"": 1, ""subsample"": 0.5, ""colsample_bylevel"": 0.5, ""reg_alpha"": 0.001, ""reg_lambda"": 1, ""tree_method"": ""hist"", ""device"": ""cuda""}}}","{""fillna"": null, ""transformations"": {}, ""transformation_params"": {}}",0 days 00:00:00.000207,0 days 00:00:00.196396,0 days 00:00:00.187984,0 days 00:00:00.425996,0,,1,0,0,2023-10-16 22:56:00,1.6649365717242501,470.38833740234355,470.8864767602282,1.9631676725038754,470.38833740234355,30104.853593749987,0.0165122032322917,-30104.853593749987,470.38833740234355,0.0,6.154620852838374,13.28453144922638,1.0,0.515625,521.8863281250015,1.0,7.448107186206046,464.72027922453685,1856.9764265612662,45196.86826355136,2.9017755672719576,1772.3578356463781,88.24187099422988,0.0,1.6649365717242501,470.38833740234355,470.8864767602282,1.9631676725038754,470.38833740234355,30104.853593749987,0.0165122032322917,-30104.853593749987,470.38833740234355,0.0,6.154620852838374,13.28453144922638,1.0,0.515625,521.8863281250015,1.0,7.448107186206046,464.72027922453685,1856.9764265612662,45196.86826355136,2.9017755672719576,1772.3578356463781,88.24187099422988,0.0,0.426,159.6246936212644
f23200d1504deecc9146760fccbdf465,WindowRegression,"{""window_size"": 5, ""input_dim"": ""univariate"", ""output_dim"": ""forecast_length"", ""normalize_window"": false, ""max_windows"": 200000, ""fourier_encoding_components"": null, ""scale"": false, ""datepart_method"": null, ""regression_type"": ""User"", ""regression_model"": {""model"": ""xgboost"", ""model_params"": {""booster"": ""gbtree"", ""objective"": ""reg:squarederror"", ""max_depth"": 3, ""eta"": 0.003, ""min_child_weight"": 1, ""subsample"": 1, ""colsample_bylevel"": 0.5, ""reg_alpha"": 0, ""reg_lambda"": 1, ""tree_method"": ""hist"", ""device"": ""cuda""}}}","{""fillna"": null, ""transformations"": {}, ""transformation_params"": {}}",0 days 00:00:00.000192,0 days 00:00:00.083039,0 days 00:00:00.179712,0 days 00:00:00.304407,0,,1,0,2,2023-10-12 22:56:00,2.189347414878797,591.9388525390627,592.0377166557721,2.7144257569051833,591.9388525390627,37884.086562500015,0.022135667999312568,0.0,6.384924793240467,37884.086562500015,591.9388525390627,30.603009325835334,0.0,0.40625,615.4207812500026,0.0,265.19852655078523,588.9683622685187,2315.343816836593,122882.85553020658,2.414551975086034,3876.6844873719415,85.48457304881238,0.0,2.189347414878797,591.9388525390627,592.0377166557721,2.7144257569051833,591.9388525390627,37884.086562500015,0.022135667999312568,0.0,6.384924793240467,37884.086562500015,591.9388525390627,30.603009325835334,0.0,0.40625,615.4207812500026,0.0,265.19852655078523,588.9683622685187,2315.343816836593,122882.85553020658,2.414551975086034,3876.6844873719415,85.48457304881238,0.0,0.3044,200.6934660422011
1531e2eea15dff18227b757ac3db472a,WindowRegression,"{""window_size"": 7, ""input_dim"": ""univariate"", ""output_dim"": ""forecast_length"", ""normalize_window"": false, ""max_windows"": 200000, ""fourier_encoding_components"": null, ""scale"": false, ""datepart_method"": null, ""regression_type"": ""User"", ""regression_model"": {""model"": ""LightGBM"", ""model_params"": {""objective"": ""regression"", ""learning_rate"": 0.001, ""num_leaves"": 70, ""max_depth"": -1, ""boosting_type"": ""gbdt"", ""n_estimators"": 100, ""linear_tree"": false, ""lambda_l1"": 0.0, ""lambda_l2"": 0.0, ""min_data_in_leaf"": 15, ""feature_fraction"": 1.0, ""max_bin"": 255, ""device_type"": ""cuda""}}}","{""fillna"": ""ffill_mean_biased"", ""transformations"": {""0"": null}, ""transformation_params"": {""0"": {}}}",0 days 00:00:00.000207,0 days 00:00:01.268956,0 days 00:00:00.172584,0 days 00:00:01.480452,0,,1,0,2,2023-10-12 22:56:00,2.6643133413704962,722.0908285093303,722.1924244022963,3.0765654735997003,722.0908285093303,46213.81302459714,0.027002726340177648,0.0,6.583394922300779,46213.81302459714,722.0908285093303,56.717816016261665,0.0,0.390625,751.2253308280269,0.0,323.4993739254564,718.6091392016604,2825.8146393181764,183186.60074079141,2.584959457281843,4726.768574966825,110.52647804798463,0.0,2.6643133413704962,722.0908285093303,722.1924244022963,3.0765654735997003,722.0908285093303,46213.81302459714,0.027002726340177648,0.0,6.583394922300779,46213.81302459714,722.0908285093303,56.717816016261665,0.0,0.390625,751.2253308280269,0.0,323.4993739254564,718.6091392016604,2825.8146393181764,183186.60074079141,2.584959457281843,4726.768574966825,110.52647804798463,0.0,1.4805,244.81430274650734
3df6a4a61cdf53b073fe125e1463c7e3,WindowRegression,"{""window_size"": 10, ""input_dim"": ""univariate"", ""output_dim"": ""forecast_length"", ""normalize_window"": false, ""max_windows"": 200000, ""fourier_encoding_components"": null, ""scale"": false, ""datepart_method"": null, ""regression_type"": ""User"", ""regression_model"": {""model"": ""LightGBM"", ""model_params"": {""objective"": ""regression"", ""learning_rate"": 0.01, ""num_leaves"": 31, ""max_depth"": 5, ""boosting_type"": ""gbdt"", ""n_estimators"": 100, ""linear_tree"": false, ""lambda_l1"": 1, ""lambda_l2"": 0.0, ""min_data_in_leaf"": 30, ""feature_fraction"": 1.0, ""max_bin"": 255, ""device_type"": ""cuda""}}}","{""fillna"": null, ""transformations"": {}, ""transformation_params"": {}}",0 days 00:00:00.000193,0 days 00:00:00.666728,0 days 00:00:00.174365,0 days 00:00:00.878986,0,,1,0,0,2023-10-16 22:56:00,2.643407006338917,743.2209818009915,743.5457898581418,2.4680675448012277,743.2209818009915,47566.142835263454,0.026089541177345098,-47566.142835263454,743.2209818009915,0.0,6.611900714281286,13.28453144922638,1.0,0.484375,795.6808255509932,1.0,9.33114425024807,737.4298996250654,2929.988566576786,112989.38896828542,2.426892371830264,2799.542972130687,124.81083418917494,0.0,2.643407006338917,743.2209818009915,743.5457898581418,2.4680675448012277,743.2209818009915,47566.142835263454,0.026089541177345098,-47566.142835263454,743.2209818009915,0.0,6.611900714281286,13.28453144922638,1.0,0.484375,795.6808255509932,1.0,9.33114425024807,737.4298996250654,2929.988566576786,112989.38896828542,2.426892371830264,2799.542972130687,124.81083418917494,0.0,0.879,252.05282962483992
e5ae2de7371edf27a15eeb18d98c909a,WindowRegression,"{""window_size"": 2, ""input_dim"": ""univariate"", ""output_dim"": ""forecast_length"", ""normalize_window"": false, ""max_windows"": 200000, ""fourier_encoding_components"": null, ""scale"": false, ""datepart_method"": null, ""regression_type"": ""User"", ""regression_model"": {""model"": ""xgboost"", ""model_params"": {""booster"": ""gbtree"", ""objective"": ""reg:squarederror"", ""max_depth"": 6, ""eta"": 0.01, ""min_child_weight"": 2, ""subsample"": 1, ""colsample_bylevel"": 1, ""reg_alpha"": 0, ""reg_lambda"": 1, ""n_estimators"": 100, ""tree_method"": ""hist"", ""device"": ""cuda""}}}","{""fillna"": null, ""transformations"": {}, ""transformation_params"": {}}",0 days 00:00:00.000183,0 days 00:00:00.165504,0 days 00:00:00.185167,0 days 00:00:00.391171,0,,1,0,0,2023-10-16 22:56:00,2.700098842090791,758.9479687499997,759.2660489553638,2.4965253020470635,758.9479687499997,48572.669999999984,0.026641610997289428,-48572.669999999984,758.9479687499997,0.0,6.632830622378135,13.28453144922638,1.0,0.484375,811.4078125000015,1.0,9.428231514057718,753.1568865740738,2991.8576442554777,117823.86813181969,2.40460028715548,2858.7351072020283,126.63213065290842,0.0,2.700098842090791,758.9479687499997,759.2660489553638,2.4965253020470635,758.9479687499997,48572.669999999984,0.026641610997289428,-48572.669999999984,758.9479687499997,0.0,6.632830622378135,13.28453144922638,1.0,0.484375,811.4078125000015,1.0,9.428231514057718,753.1568865740738,2991.8576442554777,117823.86813181969,2.40460028715548,2858.7351072020283,126.63213065290842,0.0,0.3912,257.38180309484824
f23200d1504deecc9146760fccbdf465,WindowRegression,"{""window_size"": 5, ""input_dim"": ""univariate"", ""output_dim"": ""forecast_length"", ""normalize_window"": false, ""max_windows"": 200000, ""fourier_encoding_components"": null, ""scale"": false, ""datepart_method"": null, ""regression_type"": ""User"", ""regression_model"": {""model"": ""xgboost"", ""model_params"": {""booster"": ""gbtree"", ""objective"": ""reg:squarederror"", ""max_depth"": 3, ""eta"": 0.003, ""min_child_weight"": 1, ""subsample"": 1, ""colsample_bylevel"": 0.5, ""reg_alpha"": 0, ""reg_lambda"": 1, ""tree_method"": ""hist"", ""device"": ""cuda""}}}","{""fillna"": null, ""transformations"": {}, ""transformation_params"": {}}",0 days 00:00:00.000191,0 days 00:00:00.088318,0 days 00:00:00.186110,0 days 00:00:00.316113,0,,1,0,0,2023-10-16 22:56:00,3.9384070647719054,1100.2879956054685,1100.507455638588,3.1146873040295557,1100.2879956054685,70418.43171874998,0.038623787098591135,-70418.43171874998,1100.2879956054685,0.0,7.004036198188307,29.03267276304248,0.0,0.515625,1152.7398437500015,1.0,11.332305232696644,1094.4965494791666,4334.681605058125,247719.42923401282,1.7375948625392326,4143.438378378843,166.1187124314707,0.0,3.9384070647719054,1100.2879956054685,1100.507455638588,3.1146873040295557,1100.2879956054685,70418.43171874998,0.038623787098591135,-70418.43171874998,1100.2879956054685,0.0,7.004036198188307,29.03267276304248,0.0,0.515625,1152.7398437500015,1.0,11.332305232696644,1094.4965494791666,4334.681605058125,247719.42923401282,1.7375948625392326,4143.438378378843,166.1187124314707,0.0,0.3161,373.0584208806568
1531e2eea15dff18227b757ac3db472a,WindowRegression,"{""window_size"": 7, ""input_dim"": ""univariate"", ""output_dim"": ""forecast_length"", ""normalize_window"": false, ""max_windows"": 200000, ""fourier_encoding_components"": null, ""scale"": false, ""datepart_method"": null, ""regression_type"": ""User"", ""regression_model"": {""model"": ""LightGBM"", ""model_params"": {""objective"": ""regression"", ""learning_rate"": 0.001, ""num_leaves"": 70, ""max_depth"": -1, ""boosting_type"": ""gbdt"", ""n_estimators"": 100, ""linear_tree"": false, ""lambda_l1"": 0.0, ""lambda_l2"": 0.0, ""min_data_in_leaf"": 15, ""feature_fraction"": 1.0, ""max_bin"": 255, ""device_type"": ""cuda""}}}","{""fillna"": ""ffill_mean_biased"", ""transformations"": {""0"": null}, ""transformation_params"": {""0"": {}}}",0 days 00:00:00.000197,0 days 00:00:01.319853,0 days 00:00:00.175298,0 days 00:00:01.533474,0,,1,3,0,2023-10-16 22:56:00,4.345694182237752,1211.652709054947,1211.851971647829,3.315688034578589,1211.652709054947,77545.77337951661,0.04253306085214266,-77545.77337951661,1211.652709054947,0.0,7.100401096246872,41.92949524072742,0.0,0.484375,1264.1125528049488,1.0,11.887723262453946,1205.8616268790213,4772.7725031696755,300422.71177449106,1.3579497841499364,4562.593590867645,179.05854553492605,0.0,4.345694182237752,1211.652709054947,1211.851971647829,3.315688034578589,1211.652709054947,77545.77337951661,0.04253306085214266,-77545.77337951661,1211.652709054947,0.0,7.100401096246872,41.92949524072742,0.0,0.484375,1264.1125528049488,1.0,11.887723262453946,1205.8616268790213,4772.7725031696755,300422.71177449106,1.3579497841499364,4562.593590867645,179.05854553492605,0.0,1.5335,410.802835153639
af4957c7902787e6e05df783721243cf,WindowRegression,"{""window_size"": 90, ""input_dim"": ""univariate"", ""output_dim"": ""forecast_length"", ""normalize_window"": false, ""max_windows"": 200000, ""fourier_encoding_components"": null, ""scale"": false, ""datepart_method"": null, ""regression_type"": ""User"", ""regression_model"": {""model"": ""LightGBM"", ""model_params"": {""objective"": ""regression"", ""learning_rate"": 0.01, ""num_leaves"": 70, ""max_depth"": 10, ""boosting_type"": ""dart"", ""n_estimators"": 50, ""linear_tree"": false, ""lambda_l1"": 0.0, ""lambda_l2"": 1, ""min_data_in_leaf"": 15, ""feature_fraction"": 0.5, ""max_bin"": 255, ""device_type"": ""cuda""}}}","{""fillna"": null, ""transformations"": {}, ""transformation_params"": {}}",0 days 00:00:00.000197,0 days 00:00:00.526254,0 days 00:00:00.173619,0 days 00:00:00.738911,0,,1,0,1,2023-10-14 22:56:00,61.59349208547032,12648.33285727173,12648.333626294196,15.538074146558984,12648.33285727173,809493.3028653907,0.47090998185727384,-809493.3028653907,12648.33285727173,0.0,9.445359693408221,957.1444557967052,0.0,0.234375,12655.95457602173,0.0,3538.613522084339,12647.304020466176,49757.64592881802,22132540.434641726,5.303225506345818,32173.924594024742,980.1069206835678,0.0,61.59349208547032,12648.33285727173,12648.333626294196,15.538074146558984,12648.33285727173,809493.3028653907,0.47090998185727384,-809493.3028653907,12648.33285727173,0.0,9.445359693408221,957.1444557967052,0.0,0.234375,12655.95457602173,0.0,3538.613522084339,12647.304020466176,49757.64592881802,22132540.434641726,5.303225506345818,32173.924594024742,980.1069206835678,0.0,0.7389,4287.628716389746
af4957c7902787e6e05df783721243cf,WindowRegression,"{""window_size"": 90, ""input_dim"": ""univariate"", ""output_dim"": ""forecast_length"", ""normalize_window"": false, ""max_windows"": 200000, ""fourier_encoding_components"": null, ""scale"": false, ""datepart_method"": null, ""regression_type"": ""User"", ""regression_model"": {""model"": ""LightGBM"", ""model_params"": {""objective"": ""regression"", ""learning_rate"": 0.01, ""num_leaves"": 70, ""max_depth"": 10, ""boosting_type"": ""dart"", ""n_estimators"": 50, ""linear_tree"": false, ""lambda_l1"": 0.0, ""lambda_l2"": 1, ""min_data_in_leaf"": 15, ""feature_fraction"": 0.5, ""max_bin"": 255, ""device_type"": ""cuda""}}}","{""fillna"": null, ""transformations"": {}, ""transformation_params"": {}}",0 days 00:00:00.000185,0 days 00:00:00.622767,0 days 00:00:00.174959,0 days 00:00:00.836058,0,,1,0,0,2023-10-16 22:56:00,65.72979933922078,14093.009287434847,14093.02642052272,26.62431795162058,14093.009287434847,901952.5943958302,0.49471174135351603,-901952.5943958302,14093.009287434847,0.0,9.553503897177904,1533.6818099314146,0.0,0.46875,14145.46913118485,0.0,4795.918956896779,14087.218205258921,55447.30115501427,40678541.79355907,5.311123832519095,53044.54381831491,1270.549847220706,0.0,65.72979933922078,14093.009287434847,14093.02642052272,26.62431795162058,14093.009287434847,901952.5943958302,0.49471174135351603,-901952.5943958302,14093.009287434847,0.0,9.553503897177904,1533.6818099314146,0.0,0.46875,14145.46913118485,0.0,4795.918956896779,14087.218205258921,55447.30115501427,40678541.79355907,5.311123832519095,53044.54381831491,1270.549847220706,0.0,0.8361,4777.361711574063
76b83302dc39521f2a4f3a604521ff14,WindowRegression,"{""window_size"": 5, ""input_dim"": ""univariate"", ""output_dim"": ""forecast_length"", ""normalize_window"": false, ""max_windows"": 200000, ""fourier_encoding_components"": null, ""scale"": false, ""datepart_method"": null, ""regression_type"": ""User"", ""regression_model"": {""model"": ""LightGBM"", ""model_params"": {""objective"": ""regression"", ""learning_rate"": 0.01, ""num_leaves"": 31, ""max_depth"": 5, ""boosting_type"": ""dart"", ""n_estimators"": 100, ""linear_tree"": false, ""lambda_l1"": 0.1, ""lambda_l2"": 0.0, ""min_data_in_leaf"": 15, ""feature_fraction"": 0.5, ""max_bin"": 255, ""device_type"": ""cuda""}}}","{""fillna"": null, ""transformations"": {""0"": null}, ""transformation_params"": {""0"": {}}}",0 days 00:00:00.000205,0 days 00:00:00.604615,0 days 00:00:00.172015,0 days 00:00:00.815556,0,,1,0,2,2023-10-12 22:56:00,76.23107970040266,14759.571606187987,14759.57517036323,47.27453441477755,14759.571606187987,944612.5827960311,0.5519370378971663,-944612.5827960311,14759.571606187987,0.0,9.59971458262558,2910.1395529237857,0.0,0.359375,14782.687989241105,1.0,54.42873141857914,14756.787920371353,58076.72893876956,77336542.55565643,5.473752242351655,96231.4680306183,2946.638249606294,0.0,76.23107970040266,14759.571606187987,14759.57517036323,47.27453441477755,14759.571606187987,944612.5827960311,0.5519370378971663,-944612.5827960311,14759.571606187987,0.0,9.59971458262558,2910.1395529237857,0.0,0.359375,14782.687989241105,1.0,54.42873141857914,14756.787920371353,58076.72893876956,77336542.55565643,5.473752242351655,96231.4680306183,2946.638249606294,0.0,0.8156,5003.313496617797
76b83302dc39521f2a4f3a604521ff14,WindowRegression,"{""window_size"": 5, ""input_dim"": ""univariate"", ""output_dim"": ""forecast_length"", ""normalize_window"": false, ""max_windows"": 200000, ""fourier_encoding_components"": null, ""scale"": false, ""datepart_method"": null, ""regression_type"": ""User"", ""regression_model"": {""model"": ""LightGBM"", ""model_params"": {""objective"": ""regression"", ""learning_rate"": 0.01, ""num_leaves"": 31, ""max_depth"": 5, ""boosting_type"": ""dart"", ""n_estimators"": 100, ""linear_tree"": false, ""lambda_l1"": 0.1, ""lambda_l2"": 0.0, ""min_data_in_leaf"": 15, ""feature_fraction"": 0.5, ""max_bin"": 255, ""device_type"": ""cuda""}}}","{""fillna"": null, ""transformations"": {""0"": null}, ""transformation_params"": {""0"": {}}}",0 days 00:00:00.000216,0 days 00:00:00.624380,0 days 00:00:00.173802,0 days 00:00:00.837284,0,,1,0,1,2023-10-14 22:56:00,76.59897316017296,14876.39743157832,14876.39786462164,18.286617532446652,14876.39743157832,952089.4356210125,0.553863036627677,-952089.4356210125,14876.39743157832,0.0,9.60759836018774,1131.5367843571184,0.0,0.25,14884.00543799104,0.0,4161.957106044185,14875.550067954196,58524.01188353325,30622152.48582057,5.467832268931676,37841.1383133862,1155.610650978959,0.0,76.59897316017296,14876.39743157832,14876.39786462164,18.286617532446652,14876.39743157832,952089.4356210125,0.553863036627677,-952089.4356210125,14876.39743157832,0.0,9.60759836018774,1131.5367843571184,0.0,0.25,14884.00543799104,0.0,4161.957106044185,14875.550067954196,58524.01188353325,30622152.48582057,5.467832268931676,37841.1383133862,1155.610650978959,0.0,0.8373,5042.914945585516
76b83302dc39521f2a4f3a604521ff14,WindowRegression,"{""window_size"": 5, ""input_dim"": ""univariate"", ""output_dim"": ""forecast_length"", ""normalize_window"": false, ""max_windows"": 200000, ""fourier_encoding_components"": null, ""scale"": false, ""datepart_method"": null, ""regression_type"": ""User"", ""regression_model"": {""model"": ""LightGBM"", ""model_params"": {""objective"": ""regression"", ""learning_rate"": 0.01, ""num_leaves"": 31, ""max_depth"": 5, ""boosting_type"": ""dart"", ""n_estimators"": 100, ""linear_tree"": false, ""lambda_l1"": 0.1, ""lambda_l2"": 0.0, ""min_data_in_leaf"": 15, ""feature_fraction"": 0.5, ""max_bin"": 255, ""device_type"": ""cuda""}}}","{""fillna"": null, ""transformations"": {""0"": null}, ""transformation_params"": {""0"": {}}}",0 days 00:00:00.000196,0 days 00:00:00.644075,0 days 00:00:00.175518,0 days 00:00:00.857821,0,,1,3,0,2023-10-16 22:56:00,79.0872301983969,16145.37193256689,16145.386887738096,30.338038712307785,16145.37193256689,1033303.803684281,0.56675653160051,-1033303.803684281,16145.37193256689,0.0,9.689449729021963,1771.359938615396,0.0,0.46875,16197.831776316893,0.0,5494.34623080169,16139.580850390965,63521.17978975972,53389946.45878812,5.46024465358924,60769.08300054431,1508.2279759046876,0.0,79.0872301983969,16145.37193256689,16145.386887738096,30.338038712307785,16145.37193256689,1033303.803684281,0.56675653160051,-1033303.803684281,16145.37193256689,0.0,9.689449729021963,1771.359938615396,0.0,0.46875,16197.831776316893,0.0,5494.34623080169,16139.580850390965,63521.17978975972,53389946.45878812,5.46024465358924,60769.08300054431,1508.2279759046876,0.0,0.8578,5473.086534749362
af4957c7902787e6e05df783721243cf,WindowRegression,"{""window_size"": 90, ""input_dim"": ""univariate"", ""output_dim"": ""forecast_length"", ""normalize_window"": false, ""max_windows"": 200000, ""fourier_encoding_components"": null, ""scale"": false, ""datepart_method"": null, ""regression_type"": ""User"", ""regression_model"": {""model"": ""LightGBM"", ""model_params"": {""objective"": ""regression"", ""learning_rate"": 0.01, ""num_leaves"": 70, ""max_depth"": 10, ""boosting_type"": ""dart"", ""n_estimators"": 50, ""linear_tree"": false, ""lambda_l1"": 0.0, ""lambda_l2"": 1, ""min_data_in_leaf"": 15, ""feature_fraction"": 0.5, ""max_bin"": 255, ""device_type"": ""cuda""}}}","{""fillna"": null, ""transformations"": {}, ""transformation_params"": {}}",0 days 00:00:00.000198,0 days 00:00:00.597449,0 days 00:00:00.172325,0 days 00:00:00.809228,0,,1,0,2,2023-10-12 22:56:00,200.0,54310.86862823383,54310.87005677596,171.09173380632524,54310.86862823383,3475895.592206965,2.0309654477858916,-3475895.592206965,54310.86862823383,0.0,10.902498030840311,10846.050386289207,0.0,0.46875,54333.6420691243,1.0,104.39539088102138,54307.48620019103,213670.81393230625,1046979172.4343808,6.762522131920507,354147.47321287426,10877.368650172306,0.0,200.0,54310.86862823383,54310.87005677596,171.09173380632524,54310.86862823383,3475895.592206965,2.0309654477858916,-3475895.592206965,54310.86862823383,0.0,10.902498030840311,10846.050386289207,0.0,0.46875,54333.6420691243,1.0,104.39539088102138,54307.48620019103,213670.81393230625,1046979172.4343808,6.762522131920507,354147.47321287426,10877.368650172306,0.0,0.8092,18410.713454256907
