ID,Model,ModelParameters,TransformationParameters,TransformationRuntime,FitRuntime,PredictRuntime,TotalRuntime,Ensemble,Exceptions,Runs,Generation,ValidationRound,ValidationStartDate,smape,mae,rmse,made,mage,mate,matse,underestimate,mle,overestimate,imle,spl,containment,contour,maxe,oda,dwae,mqae,ewmae,uwmse,smoothness,wasserstein,dwd,custom,smape_weighted,mae_weighted,rmse_weighted,made_weighted,mage_weighted,mate_weighted,matse_weighted,underestimate_weighted,mle_weighted,overestimate_weighted,imle_weighted,spl_weighted,containment_weighted,contour_weighted,maxe_weighted,oda_weighted,dwae_weighted,mqae_weighted,ewmae_weighted,uwmse_weighted,smoothness_weighted,wasserstein_weighted,dwd_weighted,custom_weighted,TotalRuntimeSeconds,Score
c8488c7aa33d6aa042829e9a909c9390,WindowRegression,"{""window_size"": 12, ""input_dim"": ""univariate"", ""output_dim"": ""forecast_length"", ""normalize_window"": false, ""max_windows"": 200000, ""fourier_encoding_components"": null, ""scale"": false, ""datepart_method"": null, ""regression_type"": ""User"", ""regression_model"": {""model"": ""xgboost"", ""model_params"": {""booster"": ""gbtree"", ""objective"": ""reg:squarederror"", ""max_depth"": 6, ""eta"": 0.05, ""min_child_weight"": 1, ""subsample"": 1, ""colsample_bylevel"": 1, ""reg_alpha"": 0, ""reg_lambda"": 1, ""tree_method"": ""hist"", ""device"": ""cuda""}}}","{""fillna"": null, ""transformations"": {""0"": null}, ""transformation_params"": {""0"": {}}}",0 days 00:00:00.000198,0 days 00:00:00.173765,0 days 00:00:00.184804,0 days 00:00:00.399659,0,,1,3,0,2023-10-14 21:52:00,0.015506764912245462,4.163079833984625,4.9706838297282,0.2945800581509866,4.163079833984625,149.16617187500378,8.682003773558856e-05,-58.63546875000611,2.068039607911533,207.8016406250099,3.5704216398840214,8.052778455769356,1.0,0.375,12.285546874998545,1.0,1.131809137330038,3.3347063078705372,15.580027517880875,3.953048737928393,2.2402029753051367,5.126569374380423,0.983161481691424,0.0,0.015506764912245462,4.163079833984625,4.9706838297282,0.2945800581509866,4.163079833984625,149.16617187500378,8.682003773558856e-05,-58.63546875000611,2.068039607911533,207.8016406250099,3.5704216398840214,8.052778455769356,1.0,0.375,12.285546874998545,1.0,1.131809137330038,3.3347063078705372,15.580027517880875,3.953048737928393,2.2402029753051367,5.126569374380423,0.983161481691424,0.0,0.3997,1.0
8f80b74842f84fbe100c5a6842873e16,WindowRegression,"{""window_size"": 20, ""input_dim"": ""univariate"", ""output_dim"": ""forecast_length"", ""normalize_window"": false, ""max_windows"": 200000, ""fourier_encoding_components"": null, ""scale"": false, ""datepart_method"": null, ""regression_type"": ""User"", ""regression_model"": {""model"": ""LightGBM"", ""model_params"": {""objective"": ""regression"", ""learning_rate"": 0.1, ""num_leaves"": 31, ""max_depth"": 5, ""boosting_type"": ""gbdt"", ""n_estimators"": 100, ""linear_tree"": false, ""lambda_l1"": 0.0, ""lambda_l2"": 0.0, ""min_data_in_leaf"": 20, ""feature_fraction"": 1.0, ""max_bin"": 255, ""device_type"": ""cuda""}}}","{""fillna"": ""time"", ""transformations"": {""0"": null}, ""transformation_params"": {""0"": {}}}",0 days 00:00:00.000192,0 days 00:00:00.638302,0 days 00:00:00.172291,0 days 00:00:00.848746,0,,1,2,0,2023-10-14 21:52:00,0.015680220895499936,4.209132948128911,5.404148138391254,0.3524513365358164,4.209132948128911,119.86613377668618,6.97663694582947e-05,-194.62532122846824,3.5131006767828996,74.75918745178205,2.1557034050474653,8.052778455769356,1.0,0.453125,17.366204929316154,1.0,1.1331815088212391,3.0456243654433046,15.072773316945584,2.974304528053516,2.393727814127767,3.516372167146421,3.5018497301987583,0.0,0.015680220895499936,4.209132948128911,5.404148138391254,0.3524513365358164,4.209132948128911,119.86613377668618,6.97663694582947e-05,-194.62532122846824,3.5131006767828996,74.75918745178205,2.1557034050474653,8.052778455769356,1.0,0.453125,17.366204929316154,1.0,1.1331815088212391,3.0456243654433046,15.072773316945584,2.974304528053516,2.393727814127767,3.516372167146421,3.5018497301987583,0.0,0.8487,1.0872041601339903
3adc358e59165e0d807a288a48675f22,WindowRegression,"{""window_size"": 20, ""input_dim"": ""univariate"", ""output_dim"": ""forecast_length"", ""normalize_window"": false, ""max_windows"": 200000, ""fourier_encoding_components"": null, ""scale"": false, ""datepart_method"": null, ""regression_type"": ""User"", ""regression_model"": {""model"": ""LightGBM"", ""model_params"": {""objective"": ""regression"", ""learning_rate"": 0.1, ""num_leaves"": 31, ""max_depth"": 5, ""boosting_type"": ""gbdt"", ""n_estimators"": 100, ""linear_tree"": false, ""lambda_l1"": 0.0, ""lambda_l2"": 0.0, ""min_data_in_leaf"": 20, ""feature_fraction"": 1.0, ""max_bin"": 255, ""device_type"": ""cuda""}}}","{""fillna"": ""ffill_mean_biased"", ""transformations"": {""0"": null}, ""transformation_params"": {""0"": {}}}",0 days 00:00:00.000196,0 days 00:00:00.637412,0 days 00:00:00.171174,0 days 00:00:00.846365,0,,1,1,0,2023-10-14 21:52:00,0.01568022094198628,4.20913296060877,5.404148145985096,0.3524513370835532,4.20913296060877,119.86613163994843,6.976636821463704e-05,-194.62532055945485,3.5131006715629836,74.75918891950641,2.1557034284996055,8.052778455769356,1.0,0.453125,17.366205051705037,1.0,1.1331815091929107,3.0456243777237737,15.072773353733732,2.974304568937361,2.3937278146831678,3.516372025385198,3.5018497897538023,0.0,0.01568022094198628,4.20913296060877,5.404148145985096,0.3524513370835532,4.20913296060877,119.86613163994843,6.976636821463704e-05,-194.62532055945485,3.5131006715629836,74.75918891950641,2.1557034284996055,8.052778455769356,1.0,0.453125,17.366205051705037,1.0,1.1331815091929107,3.0456243777237737,15.072773353733732,2.974304568937361,2.3937278146831678,3.516372025385198,3.5018497897538023,0.0,0.8464,1.087204161661716
2719fec3bb2018ff629a1a1bdc0c0a7f,WindowRegression,"{""window_size"": 20, ""input_dim"": ""univariate"", ""output_dim"": ""forecast_length"", ""normalize_window"": false, ""max_windows"": 200000, ""fourier_encoding_components"": null, ""scale"": false, ""datepart_method"": null, ""regression_type"": ""User"", ""regression_model"": {""model"": ""LightGBM"", ""model_params"": {""objective"": ""regression"", ""learning_rate"": 0.1, ""num_leaves"": 31, ""max_depth"": 5, ""boosting_type"": ""gbdt"", ""n_estimators"": 100, ""linear_tree"": false, ""lambda_l1"": 0.0, ""lambda_l2"": 0.0, ""min_data_in_leaf"": 20, ""feature_fraction"": 1.0, ""max_bin"": 255, ""device_type"": ""cuda""}}}","{""fillna"": ""ffill"", ""transformations"": {""0"": null}, ""transformation_params"": {""0"": {}}}",0 days 00:00:00.000209,0 days 00:00:00.639217,0 days 00:00:00.172613,0 days 00:00:00.849659,0,,1,2,0,2023-10-14 21:52:00,0.015680220899698904,4.209132949241393,5.4041481507794416,0.35245133602432505,4.209132949241393,119.86613899571239,6.976637249595428e-05,-194.62532387358078,3.51310070363654,74.75918487786839,2.15570337835297,8.052778455769356,1.0,0.453125,17.36620519861026,1.0,1.1331815088543709,3.0456243564132346,15.072773315471615,2.9743044074351777,2.39372781181378,3.5163723683739185,3.5018497492593057,0.0,0.015680220899698904,4.209132949241393,5.4041481507794416,0.35245133602432505,4.209132949241393,119.86613899571239,6.976637249595428e-05,-194.62532387358078,3.51310070363654,74.75918487786839,2.15570337835297,8.052778455769356,1.0,0.453125,17.36620519861026,1.0,1.1331815088543709,3.0456243564132346,15.072773315471615,2.9743044074351777,2.39372781181378,3.5163723683739185,3.5018497492593057,0.0,0.8497,1.0872041626262403
0fa87e2fe02d9f220491a11aeea01526,WindowRegression,"{""window_size"": 20, ""input_dim"": ""univariate"", ""output_dim"": ""forecast_length"", ""normalize_window"": false, ""max_windows"": 200000, ""fourier_encoding_components"": null, ""scale"": false, ""datepart_method"": null, ""regression_type"": ""User"", ""regression_model"": {""model"": ""LightGBM"", ""model_params"": {""objective"": ""regression"", ""learning_rate"": 0.1, ""num_leaves"": 31, ""max_depth"": 5, ""boosting_type"": ""gbdt"", ""n_estimators"": 100, ""linear_tree"": false, ""lambda_l1"": 0.0, ""lambda_l2"": 0.0, ""min_data_in_leaf"": 20, ""feature_fraction"": 1.0, ""max_bin"": 255, ""device_type"": ""cuda""}}}","{""fillna"": null, ""transformations"": {}, ""transformation_params"": {}}",0 days 00:00:00.000182,0 days 00:00:00.635733,0 days 00:00:00.173516,0 days 00:00:00.847733,0,,1,0,0,2023-10-14 21:52:00,0.015680220948572837,4.209132962381375,5.404148152552352,0.35245133457244004,4.209132962381375,119.86613719279921,6.976637144659445e-05,-194.6253233926036,3.513100704918302,74.75918619980439,2.1557033977232436,8.052778455769356,1.0,0.453125,17.366204903446487,1.0,1.1331815092457018,3.0456243852729163,15.072773299694184,2.9743045604751117,2.3937278080064917,3.5163721518733575,3.501849738485045,0.0,0.015680220948572837,4.209132962381375,5.404148152552352,0.35245133457244004,4.209132962381375,119.86613719279921,6.976637144659445e-05,-194.6253233926036,3.513100704918302,74.75918619980439,2.1557033977232436,8.052778455769356,1.0,0.453125,17.366204903446487,1.0,1.1331815092457018,3.0456243852729163,15.072773299694184,2.9743045604751117,2.3937278080064917,3.5163721518733575,3.501849738485045,0.0,0.8477,1.087204162982914
9aebbd485a76ee621a5e67025c911ac2,WindowRegression,"{""window_size"": 10, ""input_dim"": ""univariate"", ""output_dim"": ""forecast_length"", ""normalize_window"": false, ""max_windows"": 200000, ""fourier_encoding_components"": null, ""scale"": false, ""datepart_method"": null, ""regression_type"": ""User"", ""regression_model"": {""model"": ""xgboost"", ""model_params"": {""booster"": ""gbtree"", ""colsample_bylevel"": 0.54, ""learning_rate"": 0.025, ""max_depth"": 11, ""min_child_weight"": 0.0127, ""n_estimators"": 240, ""tree_method"": ""hist"", ""objective"": ""reg:squarederror"", ""device"": ""cuda""}}}","{""fillna"": null, ""transformations"": {""0"": null}, ""transformation_params"": {""0"": {}}}",0 days 00:00:00.000195,0 days 00:00:01.591607,0 days 00:00:00.216472,0 days 00:00:01.851403,0,,1,1,0,2023-10-14 21:52:00,0.017194316551912107,4.6157934570314865,5.99944138054768,0.3061313610554923,4.6157934570314865,18.175937500003783,1.0579044563484328e-05,-138.61742187500568,2.992171586677863,156.79335937500946,3.0977302657931878,8.052778455769356,1.0,0.53125,18.27234375000262,1.0,1.1452285172569008,3.362401620370562,16.101772117836674,5.289934155580428,2.3393835276522337,1.2675881128255253,2.9017723519121494,0.0,0.017194316551912107,4.6157934570314865,5.99944138054768,0.3061313610554923,4.6157934570314865,18.175937500003783,1.0579044563484328e-05,-138.61742187500568,2.992171586677863,156.79335937500946,3.0977302657931878,8.052778455769356,1.0,0.53125,18.27234375000262,1.0,1.1452285172569008,3.362401620370562,16.101772117836674,5.289934155580428,2.3393835276522337,1.2675881128255253,2.9017723519121494,0.0,1.8514,1.2069649943669285
d8cd8b66a9a28255be6ed91e0ed0f3ea,WindowRegression,"{""window_size"": 10, ""input_dim"": ""univariate"", ""output_dim"": ""forecast_length"", ""normalize_window"": false, ""max_windows"": 200000, ""fourier_encoding_components"": null, ""scale"": false, ""datepart_method"": null, ""regression_type"": ""User"", ""regression_model"": {""model"": ""xgboost"", ""model_params"": {""booster"": ""gbtree"", ""colsample_bylevel"": 0.54, ""learning_rate"": 0.025, ""max_depth"": 11, ""min_child_weight"": 0.0127, ""n_estimators"": 240, ""tree_method"": ""hist"", ""objective"": ""reg:squarederror"", ""device"": ""cuda""}}}","{""fillna"": null, ""transformations"": {}, ""transformation_params"": {}}",0 days 00:00:00.000186,0 days 00:00:01.582885,0 days 00:00:00.220188,0 days 00:00:01.847063,0,,1,0,0,2023-10-14 21:52:00,0.017194316551912107,4.6157934570314865,5.99944138054768,0.3061313610554923,4.6157934570314865,18.175937500003783,1.0579044563484328e-05,-138.61742187500568,2.992171586677863,156.79335937500946,3.0977302657931878,8.052778455769356,1.0,0.53125,18.27234375000262,1.0,1.1452285172569008,3.362401620370562,16.101772117836674,5.289934155580428,2.3393835276522337,1.2675881128255253,2.9017723519121494,0.0,0.017194316551912107,4.6157934570314865,5.99944138054768,0.3061313610554923,4.6157934570314865,18.175937500003783,1.0579044563484328e-05,-138.61742187500568,2.992171586677863,156.79335937500946,3.0977302657931878,8.052778455769356,1.0,0.53125,18.27234375000262,1.0,1.1452285172569008,3.362401620370562,16.101772117836674,5.289934155580428,2.3393835276522337,1.2675881128255253,2.9017723519121494,0.0,1.8471,1.2069649943669285
aae4b48b17540daad69947938ebfcc9a,WindowRegression,"{""window_size"": 5, ""input_dim"": ""univariate"", ""output_dim"": ""forecast_length"", ""normalize_window"": false, ""max_windows"": 200000, ""fourier_encoding_components"": null, ""scale"": false, ""datepart_method"": null, ""regression_type"": ""User"", ""regression_model"": {""model"": ""xgboost"", ""model_params"": {""booster"": ""gbtree"", ""objective"": ""reg:squarederror"", ""max_depth"": 6, ""eta"": 0.05, ""min_child_weight"": 1, ""subsample"": 1, ""colsample_bylevel"": 1, ""reg_alpha"": 0.001, ""reg_lambda"": 1, ""tree_method"": ""hist"", ""device"": ""cuda""}}}","{""fillna"": null, ""transformations"": {}, ""transformation_params"": {}}",0 days 00:00:00.000184,0 days 00:00:00.158472,0 days 00:00:00.184184,0 days 00:00:00.383665,0,,1,0,0,2023-10-14 21:52:00,0.017756349718940977,4.767486572265625,6.086481750230214,0.2948760954078262,4.767486572265625,134.12710937500378,7.806676641846982e-05,-85.49601562499811,2.46467107051053,219.6231250000019,3.8377048099270894,8.052778455769356,1.0,0.4375,19.90906250000262,1.0,1.149689984418506,3.562651909722128,19.87495475680164,5.70204929640758,2.2784519716767457,4.634163346258364,1.4433661869686203,0.0,0.017756349718940977,4.767486572265625,6.086481750230214,0.2948760954078262,4.767486572265625,134.12710937500378,7.806676641846982e-05,-85.49601562499811,2.46467107051053,219.6231250000019,3.8377048099270894,8.052778455769356,1.0,0.4375,19.90906250000262,1.0,1.149689984418506,3.562651909722128,19.87495475680164,5.70204929640758,2.2784519716767457,4.634163346258364,1.4433661869686203,0.0,0.3837,1.224475737891184
5ab1c3a28fb4a80c59d7f90064335398,WindowRegression,"{""window_size"": 5, ""input_dim"": ""univariate"", ""output_dim"": ""forecast_length"", ""normalize_window"": false, ""max_windows"": 200000, ""fourier_encoding_components"": null, ""scale"": false, ""datepart_method"": null, ""regression_type"": ""User"", ""regression_model"": {""model"": ""xgboost"", ""model_params"": {""booster"": ""gbtree"", ""objective"": ""reg:squarederror"", ""max_depth"": 6, ""eta"": 0.05, ""min_child_weight"": 1, ""subsample"": 1, ""colsample_bylevel"": 1, ""reg_alpha"": 0.001, ""reg_lambda"": 1, ""tree_method"": ""hist"", ""device"": ""cuda""}}}","{""fillna"": null, ""transformations"": {""0"": null}, ""transformation_params"": {""0"": {}}}",0 days 00:00:00.000198,0 days 00:00:00.158944,0 days 00:00:00.181546,0 days 00:00:00.381126,0,,1,1,0,2023-10-14 21:52:00,0.017756349718940977,4.767486572265625,6.086481750230214,0.2948760954078262,4.767486572265625,134.12710937500378,7.806676641846982e-05,-85.49601562499811,2.46467107051053,219.6231250000019,3.8377048099270894,8.052778455769356,1.0,0.4375,19.90906250000262,1.0,1.149689984418506,3.562651909722128,19.87495475680164,5.70204929640758,2.2784519716767457,4.634163346258364,1.4433661869686203,0.0,0.017756349718940977,4.767486572265625,6.086481750230214,0.2948760954078262,4.767486572265625,134.12710937500378,7.806676641846982e-05,-85.49601562499811,2.46467107051053,219.6231250000019,3.8377048099270894,8.052778455769356,1.0,0.4375,19.90906250000262,1.0,1.149689984418506,3.562651909722128,19.87495475680164,5.70204929640758,2.2784519716767457,4.634163346258364,1.4433661869686203,0.0,0.3811,1.224475737891184
bc5067fcb62e26c627637c99c31dfad6,WindowRegression,"{""window_size"": 5, ""input_dim"": ""univariate"", ""output_dim"": ""forecast_length"", ""normalize_window"": false, ""max_windows"": 200000, ""fourier_encoding_components"": null, ""scale"": false, ""datepart_method"": null, ""regression_type"": ""User"", ""regression_model"": {""model"": ""xgboost"", ""model_params"": {""booster"": ""gbtree"", ""objective"": ""reg:squarederror"", ""max_depth"": 6, ""eta"": 0.05, ""min_child_weight"": 1, ""subsample"": 1, ""colsample_bylevel"": 1, ""reg_alpha"": 0.001, ""reg_lambda"": 1, ""tree_method"": ""hist"", ""device"": ""cuda""}}}","{""fillna"": ""ffill_mean_biased"", ""transformations"": {""0"": null}, ""transformation_params"": {""0"": {}}}",0 days 00:00:00.000192,0 days 00:00:00.158544,0 days 00:00:00.182372,0 days 00:00:00.381489,0,,1,2,0,2023-10-14 21:52:00,0.017756349718940977,4.767486572265625,6.086481750230214,0.2948760954078262,4.767486572265625,134.12710937500378,7.806676641846982e-05,-85.49601562499811,2.46467107051053,219.6231250000019,3.8377048099270894,8.052778455769356,1.0,0.4375,19.90906250000262,1.0,1.149689984418506,3.562651909722128,19.87495475680164,5.70204929640758,2.2784519716767457,4.634163346258364,1.4433661869686203,0.0,0.017756349718940977,4.767486572265625,6.086481750230214,0.2948760954078262,4.767486572265625,134.12710937500378,7.806676641846982e-05,-85.49601562499811,2.46467107051053,219.6231250000019,3.8377048099270894,8.052778455769356,1.0,0.4375,19.90906250000262,1.0,1.149689984418506,3.562651909722128,19.87495475680164,5.70204929640758,2.2784519716767457,4.634163346258364,1.4433661869686203,0.0,0.3815,1.224475737891184
974543be739ebd0f0fa3afbe59ca4a8d,WindowRegression,"{""window_size"": 10, ""input_dim"": ""univariate"", ""output_dim"": ""forecast_length"", ""normalize_window"": false, ""max_windows"": 200000, ""fourier_encoding_components"": null, ""scale"": false, ""datepart_method"": null, ""regression_type"": ""User"", ""regression_model"": {""model"": ""LightGBM"", ""model_params"": {""objective"": ""regression"", ""learning_rate"": 0.1, ""num_leaves"": 1000, ""max_depth"": 5, ""boosting_type"": ""gbdt"", ""n_estimators"": 100, ""linear_tree"": false, ""lambda_l1"": 0.0, ""lambda_l2"": 0.0, ""min_data_in_leaf"": 20, ""feature_fraction"": 1.0, ""max_bin"": 255, ""device_type"": ""cuda""}}}","{""fillna"": null, ""transformations"": {}, ""transformation_params"": {}}",0 days 00:00:00.000183,0 days 00:00:03.897447,0 days 00:00:00.174158,0 days 00:00:04.110143,0,,1,0,0,2023-10-14 21:52:00,0.01912869037595373,5.134864032731457,6.239153180690403,0.3720377411455916,5.134864032731457,123.40428578358114,7.182570024952984e-05,-226.0177919391972,4.0707686965616485,102.61350615561605,2.6824903444375705,8.052778455769356,1.0,0.53125,13.81911141629098,1.0,1.1604239009765625,3.982993957297839,19.093836018609075,10.503702836213595,2.456547856881181,3.6107008257636974,4.677777473630241,0.0,0.01912869037595373,5.134864032731457,6.239153180690403,0.3720377411455916,5.134864032731457,123.40428578358114,7.182570024952984e-05,-226.0177919391972,4.0707686965616485,102.61350615561605,2.6824903444375705,8.052778455769356,1.0,0.53125,13.81911141629098,1.0,1.1604239009765625,3.982993957297839,19.093836018609075,10.503702836213595,2.456547856881181,3.6107008257636974,4.677777473630241,0.0,4.1101,1.2551901095329903
b9e2516f3260f9e4202ea6734a9ad656,WindowRegression,"{""window_size"": 10, ""input_dim"": ""univariate"", ""output_dim"": ""forecast_length"", ""normalize_window"": false, ""max_windows"": 200000, ""fourier_encoding_components"": null, ""scale"": false, ""datepart_method"": null, ""regression_type"": ""User"", ""regression_model"": {""model"": ""LightGBM"", ""model_params"": {""objective"": ""regression"", ""learning_rate"": 0.1, ""num_leaves"": 1000, ""max_depth"": 5, ""boosting_type"": ""gbdt"", ""n_estimators"": 100, ""linear_tree"": false, ""lambda_l1"": 0.0, ""lambda_l2"": 0.0, ""min_data_in_leaf"": 20, ""feature_fraction"": 1.0, ""max_bin"": 255, ""device_type"": ""cuda""}}}","{""fillna"": ""ffill"", ""transformations"": {""0"": null}, ""transformation_params"": {""0"": {}}}",0 days 00:00:00.000195,0 days 00:00:03.905450,0 days 00:00:00.174220,0 days 00:00:04.118331,0,,1,1,0,2023-10-14 21:52:00,0.019144359704481535,5.139071142474165,6.250744834769033,0.3722777020982355,5.139071142474165,123.29412464359848,7.176158253295866e-05,-226.09733888097253,4.068246370636739,102.80321423737405,2.6855698022152246,8.052778455769356,1.0,0.515625,13.819112806155317,1.0,1.1605462479931552,3.9901050690672557,19.061037670488773,10.49694513925685,2.4515210630499453,3.6073900564286117,4.669573725063159,0.0,0.019144359704481535,5.139071142474165,6.250744834769033,0.3722777020982355,5.139071142474165,123.29412464359848,7.176158253295866e-05,-226.09733888097253,4.068246370636739,102.80321423737405,2.6855698022152246,8.052778455769356,1.0,0.515625,13.819112806155317,1.0,1.1605462479931552,3.9901050690672557,19.061037670488773,10.49694513925685,2.4515210630499453,3.6073900564286117,4.669573725063159,0.0,4.1183,1.2575221134334
0f760decfc490502f2782c17cb181970,WindowRegression,"{""window_size"": 5, ""input_dim"": ""univariate"", ""output_dim"": ""forecast_length"", ""normalize_window"": false, ""max_windows"": 200000, ""fourier_encoding_components"": null, ""scale"": false, ""datepart_method"": null, ""regression_type"": ""User"", ""regression_model"": {""model"": ""xgboost"", ""model_params"": {""booster"": ""gbtree"", ""objective"": ""reg:squarederror"", ""max_depth"": 6, ""eta"": 0.3, ""min_child_weight"": 1, ""subsample"": 1, ""colsample_bylevel"": 0.9, ""reg_alpha"": 0, ""reg_lambda"": 5, ""n_estimators"": 100, ""grow_policy"": ""lossguide"", ""tree_method"": ""hist"", ""device"": ""cuda""}}}","{""fillna"": null, ""transformations"": {}, ""transformation_params"": {}}",0 days 00:00:00.000183,0 days 00:00:00.369357,0 days 00:00:00.185578,0 days 00:00:00.596026,0,,1,0,0,2023-10-14 21:52:00,0.022335309012028237,5.9958752441406205,7.321485751509804,0.4511619329379214,5.9958752441406205,106.43148437499622,6.194692384701678e-05,-245.08374999999796,4.4827110178826235,138.65226562500175,3.2450286149682173,8.052778455769356,1.0,0.421875,17.785546874998545,1.0,1.185199807940295,4.66066550925933,21.311019871266332,16.9495747553956,2.5586667856246246,3.29131256026205,5.378539265069096,0.0,0.022335309012028237,5.9958752441406205,7.321485751509804,0.4511619329379214,5.9958752441406205,106.43148437499622,6.194692384701678e-05,-245.08374999999796,4.4827110178826235,138.65226562500175,3.2450286149682173,8.052778455769356,1.0,0.421875,17.785546874998545,1.0,1.185199807940295,4.66066550925933,21.311019871266332,16.9495747553956,2.5586667856246246,3.29131256026205,5.378539265069096,0.0,0.596,1.4729333030039344
bb234f89863254877d51f713fbe7f222,WindowRegression,"{""window_size"": 24, ""input_dim"": ""univariate"", ""output_dim"": ""forecast_length"", ""normalize_window"": false, ""max_windows"": 200000, ""fourier_encoding_components"": null, ""scale"": false, ""datepart_method"": null, ""regression_type"": ""User"", ""regression_model"": {""model"": ""LightGBM"", ""model_params"": {""colsample_bytree"": 0.1645, ""learning_rate"": 0.0203, ""max_bin"": 255, ""min_child_samples"": 16, ""n_estimators"": 1794, ""num_leaves"": 15, ""reg_alpha"": 0.00098, ""reg_lambda"": 0.686, ""objective"": ""regression"", ""linear_tree"": false, ""device_type"": ""cuda""}}}","{""fillna"": ""time"", ""transformations"": {""0"": null}, ""transformation_params"": {""0"": {}}}",0 days 00:00:00.000198,0 days 00:00:06.836449,0 days 00:00:00.338631,0 days 00:00:07.216155,0,,1,3,0,2023-10-14 21:52:00,0.02415215194620386,6.483055009070711,8.187874988206733,0.3560010412303994,6.483055009070711,244.67581886792686,0.00014241006228208472,-329.7956697242262,5.622750190772322,85.11985085629931,2.6521550521228003,8.052778455769356,1.0,0.390625,25.918124392028403,1.0,1.1989918058667153,4.742800509026791,22.90376009574463,5.928016198847855,2.3933088968680876,9.464381960380948,3.3643117275333094,0.0,0.02415215194620386,6.483055009070711,8.187874988206733,0.3560010412303994,6.483055009070711,244.67581886792686,0.00014241006228208472,-329.7956697242262,5.622750190772322,85.11985085629931,2.6521550521228003,8.052778455769356,1.0,0.390625,25.918124392028403,1.0,1.1989918058667153,4.742800509026791,22.90376009574463,5.928016198847855,2.3933088968680876,9.464381960380948,3.3643117275333094,0.0,7.2162,1.6472331109127194
aae4b48b17540daad69947938ebfcc9a,WindowRegression,"{""window_size"": 5, ""input_dim"": ""univariate"", ""output_dim"": ""forecast_length"", ""normalize_window"": false, ""max_windows"": 200000, ""fourier_encoding_components"": null, ""scale"": false, ""datepart_method"": null, ""regression_type"": ""User"", ""regression_model"": {""model"": ""xgboost"", ""model_params"": {""booster"": ""gbtree"", ""objective"": ""reg:squarederror"", ""max_depth"": 6, ""eta"": 0.05, ""min_child_weight"": 1, ""subsample"": 1, ""colsample_bylevel"": 1, ""reg_alpha"": 0.001, ""reg_lambda"": 1, ""tree_method"": ""hist"", ""device"": ""cuda""}}}","{""fillna"": null, ""transformations"": {}, ""transformation_params"": {}}",0 days 00:00:00.000204,0 days 00:00:00.155096,0 days 00:00:00.182225,0 days 00:00:00.379057,0,,1,0,1,2023-10-12 21:52:00,0.034837608973764415,9.317401123047432,11.361066041767751,1.323695353471875,9.317401123047432,176.03882812501615,0.00010285405371564534,-210.13742187500975,4.596624026602814,386.1762500000259,6.823616137525516,9.170199739033803,1.0,0.625,30.095937500002037,1.0,1.4243315586528154,7.226986400463459,35.67032382037521,28.050918910535877,2.898454360420545,8.004389446500227,14.286364467963478,0.0,0.034837608973764415,9.317401123047432,11.361066041767751,1.323695353471875,9.317401123047432,176.03882812501615,0.00010285405371564534,-210.13742187500975,4.596624026602814,386.1762500000259,6.823616137525516,9.170199739033803,1.0,0.625,30.095937500002037,1.0,1.4243315586528154,7.226986400463459,35.67032382037521,28.050918910535877,2.898454360420545,8.004389446500227,14.286364467963478,0.0,0.3791,2.285614299952162
5ab1c3a28fb4a80c59d7f90064335398,WindowRegression,"{""window_size"": 5, ""input_dim"": ""univariate"", ""output_dim"": ""forecast_length"", ""normalize_window"": false, ""max_windows"": 200000, ""fourier_encoding_components"": null, ""scale"": false, ""datepart_method"": null, ""regression_type"": ""User"", ""regression_model"": {""model"": ""xgboost"", ""model_params"": {""booster"": ""gbtree"", ""objective"": ""reg:squarederror"", ""max_depth"": 6, ""eta"": 0.05, ""min_child_weight"": 1, ""subsample"": 1, ""colsample_bylevel"": 1, ""reg_alpha"": 0.001, ""reg_lambda"": 1, ""tree_method"": ""hist"", ""device"": ""cuda""}}}","{""fillna"": null, ""transformations"": {""0"": null}, ""transformation_params"": {""0"": {}}}",0 days 00:00:00.000214,0 days 00:00:00.155511,0 days 00:00:00.181759,0 days 00:00:00.379051,0,,1,0,1,2023-10-12 21:52:00,0.034837608973764415,9.317401123047432,11.361066041767751,1.323695353471875,9.317401123047432,176.03882812501615,0.00010285405371564534,-210.13742187500975,4.596624026602814,386.1762500000259,6.823616137525516,9.170199739033803,1.0,0.625,30.095937500002037,1.0,1.4243315586528154,7.226986400463459,35.67032382037521,28.050918910535877,2.898454360420545,8.004389446500227,14.286364467963478,0.0,0.034837608973764415,9.317401123047432,11.361066041767751,1.323695353471875,9.317401123047432,176.03882812501615,0.00010285405371564534,-210.13742187500975,4.596624026602814,386.1762500000259,6.823616137525516,9.170199739033803,1.0,0.625,30.095937500002037,1.0,1.4243315586528154,7.226986400463459,35.67032382037521,28.050918910535877,2.898454360420545,8.004389446500227,14.286364467963478,0.0,0.3791,2.285614299952162
bc5067fcb62e26c627637c99c31dfad6,WindowRegression,"{""window_size"": 5, ""input_dim"": ""univariate"", ""output_dim"": ""forecast_length"", ""normalize_window"": false, ""max_windows"": 200000, ""fourier_encoding_components"": null, ""scale"": false, ""datepart_method"": null, ""regression_type"": ""User"", ""regression_model"": {""model"": ""xgboost"", ""model_params"": {""booster"": ""gbtree"", ""objective"": ""reg:squarederror"", ""max_depth"": 6, ""eta"": 0.05, ""min_child_weight"": 1, ""subsample"": 1, ""colsample_bylevel"": 1, ""reg_alpha"": 0.001, ""reg_lambda"": 1, ""tree_method"": ""hist"", ""device"": ""cuda""}}}","{""fillna"": ""ffill_mean_biased"", ""transformations"": {""0"": null}, ""transformation_params"": {""0"": {}}}",0 days 00:00:00.000209,0 days 00:00:00.155171,0 days 00:00:00.181540,0 days 00:00:00.378419,0,,1,0,1,2023-10-12 21:52:00,0.034837608973764415,9.317401123047432,11.361066041767751,1.323695353471875,9.317401123047432,176.03882812501615,0.00010285405371564534,-210.13742187500975,4.596624026602814,386.1762500000259,6.823616137525516,9.170199739033803,1.0,0.625,30.095937500002037,1.0,1.4243315586528154,7.226986400463459,35.67032382037521,28.050918910535877,2.898454360420545,8.004389446500227,14.286364467963478,0.0,0.034837608973764415,9.317401123047432,11.361066041767751,1.323695353471875,9.317401123047432,176.03882812501615,0.00010285405371564534,-210.13742187500975,4.596624026602814,386.1762500000259,6.823616137525516,9.170199739033803,1.0,0.625,30.095937500002037,1.0,1.4243315586528154,7.226986400463459,35.67032382037521,28.050918910535877,2.898454360420545,8.004389446500227,14.286364467963478,0.0,0.3784,2.285614299952162
c8488c7aa33d6aa042829e9a909c9390,WindowRegression,"{""window_size"": 12, ""input_dim"": ""univariate"", ""output_dim"": ""forecast_length"", ""normalize_window"": false, ""max_windows"": 200000, ""fourier_encoding_components"": null, ""scale"": false, ""datepart_method"": null, ""regression_type"": ""User"", ""regression_model"": {""model"": ""xgboost"", ""model_params"": {""booster"": ""gbtree"", ""objective"": ""reg:squarederror"", ""max_depth"": 6, ""eta"": 0.05, ""min_child_weight"": 1, ""subsample"": 1, ""colsample_bylevel"": 1, ""reg_alpha"": 0, ""reg_lambda"": 1, ""tree_method"": ""hist"", ""device"": ""cuda""}}}","{""fillna"": null, ""transformations"": {""0"": null}, ""transformation_params"": {""0"": {}}}",0 days 00:00:00.000207,0 days 00:00:00.160199,0 days 00:00:00.182358,0 days 00:00:00.384357,0,,1,0,1,2023-10-12 21:52:00,0.03428758343322946,9.170522460937775,11.395653149255557,1.1841144387553668,9.170522460937775,284.36890625001615,0.00016614797468276314,-151.27226562500073,3.7734172004267004,435.6411718750169,7.438319667562105,9.170199739033803,1.0,0.515625,27.294999999998254,1.0,1.4186274121561373,7.105334201389066,36.83602540532834,25.104212606786685,2.791361066798249,14.420594370538138,8.359985853908347,0.0,0.03428758343322946,9.170522460937775,11.395653149255557,1.1841144387553668,9.170522460937775,284.36890625001615,0.00016614797468276314,-151.27226562500073,3.7734172004267004,435.6411718750169,7.438319667562105,9.170199739033803,1.0,0.515625,27.294999999998254,1.0,1.4186274121561373,7.105334201389066,36.83602540532834,25.104212606786685,2.791361066798249,14.420594370538138,8.359985853908347,0.0,0.3844,2.29257251911729
bb234f89863254877d51f713fbe7f222,WindowRegression,"{""window_size"": 24, ""input_dim"": ""univariate"", ""output_dim"": ""forecast_length"", ""normalize_window"": false, ""max_windows"": 200000, ""fourier_encoding_components"": null, ""scale"": false, ""datepart_method"": null, ""regression_type"": ""User"", ""regression_model"": {""model"": ""LightGBM"", ""model_params"": {""colsample_bytree"": 0.1645, ""learning_rate"": 0.0203, ""max_bin"": 255, ""min_child_samples"": 16, ""n_estimators"": 1794, ""num_leaves"": 15, ""reg_alpha"": 0.00098, ""reg_lambda"": 0.686, ""objective"": ""regression"", ""linear_tree"": false, ""device_type"": ""cuda""}}}","{""fillna"": ""time"", ""transformations"": {""0"": null}, ""transformation_params"": {""0"": {}}}",0 days 00:00:00.000212,0 days 00:00:06.842866,0 days 00:00:00.182292,0 days 00:00:07.066165,0,,1,0,1,2023-10-12 21:52:00,0.0356741860975286,9.540926367909663,11.651301239201809,1.1634562442727787,9.540926367909663,279.898354810397,0.00016353596946319532,-165.3604663679107,4.019733590304587,445.2588211783077,7.6269806378284475,9.170199739033803,1.0,0.515625,25.687182239154936,1.0,1.4329687639793818,7.429567057401949,36.329613121020394,38.53256051218143,2.7113753963046077,14.9341956369508,7.308033687957435,0.0,0.0356741860975286,9.540926367909663,11.651301239201809,1.1634562442727787,9.540926367909663,279.898354810397,0.00016353596946319532,-165.3604663679107,4.019733590304587,445.2588211783077,7.6269806378284475,9.170199739033803,1.0,0.515625,25.687182239154936,1.0,1.4329687639793818,7.429567057401949,36.329613121020394,38.53256051218143,2.7113753963046077,14.9341956369508,7.308033687957435,0.0,7.0662,2.3440036900997
9aebbd485a76ee621a5e67025c911ac2,WindowRegression,"{""window_size"": 10, ""input_dim"": ""univariate"", ""output_dim"": ""forecast_length"", ""normalize_window"": false, ""max_windows"": 200000, ""fourier_encoding_components"": null, ""scale"": false, ""datepart_method"": null, ""regression_type"": ""User"", ""regression_model"": {""model"": ""xgboost"", ""model_params"": {""booster"": ""gbtree"", ""colsample_bylevel"": 0.54, ""learning_rate"": 0.025, ""max_depth"": 11, ""min_child_weight"": 0.0127, ""n_estimators"": 240, ""tree_method"": ""hist"", ""objective"": ""reg:squarederror"", ""device"": ""cuda""}}}","{""fillna"": null, ""transformations"": {""0"": null}, ""transformation_params"": {""0"": {}}}",0 days 00:00:00.000210,0 days 00:00:01.595061,0 days 00:00:00.212082,0 days 00:00:01.851360,0,,1,0,1,2023-10-12 21:52:00,0.03800910356742237,10.16496215820331,12.070619827603128,1.3688788777264107,10.16496215820331,32.76929687501615,1.9146088717503107e-05,-308.8941406249978,5.98969519613024,341.66343750001397,6.381385553827037,9.170199739033803,1.0,0.59375,27.05695312500029,1.0,1.4568110176906868,8.122656250000107,39.864820576697284,33.133212421649844,2.985414220089247,5.0989379821468335,18.290928890506308,0.0,0.03800910356742237,10.16496215820331,12.070619827603128,1.3688788777264107,10.16496215820331,32.76929687501615,1.9146088717503107e-05,-308.8941406249978,5.98969519613024,341.66343750001397,6.381385553827037,9.170199739033803,1.0,0.59375,27.05695312500029,1.0,1.4568110176906868,8.122656250000107,39.864820576697284,33.133212421649844,2.985414220089247,5.0989379821468335,18.290928890506308,0.0,1.8514,2.4283620204150376
d8cd8b66a9a28255be6ed91e0ed0f3ea,WindowRegression,"{""window_size"": 10, ""input_dim"": ""univariate"", ""output_dim"": ""forecast_length"", ""normalize_window"": false, ""max_windows"": 200000, ""fourier_encoding_components"": null, ""scale"": false, ""datepart_method"": null, ""regression_type"": ""User"", ""regression_model"": {""model"": ""xgboost"", ""model_params"": {""booster"": ""gbtree"", ""colsample_bylevel"": 0.54, ""learning_rate"": 0.025, ""max_depth"": 11, ""min_child_weight"": 0.0127, ""n_estimators"": 240, ""tree_method"": ""hist"", ""objective"": ""reg:squarederror"", ""device"": ""cuda""}}}","{""fillna"": null, ""transformations"": {}, ""transformation_params"": {}}",0 days 00:00:00.000203,0 days 00:00:01.591917,0 days 00:00:00.212299,0 days 00:00:01.848562,0,,1,0,1,2023-10-12 21:52:00,0.03800910356742237,10.16496215820331,12.070619827603128,1.3688788777264107,10.16496215820331,32.76929687501615,1.9146088717503107e-05,-308.8941406249978,5.98969519613024,341.66343750001397,6.381385553827037,9.170199739033803,1.0,0.59375,27.05695312500029,1.0,1.4568110176906868,8.122656250000107,39.864820576697284,33.133212421649844,2.985414220089247,5.0989379821468335,18.290928890506308,0.0,0.03800910356742237,10.16496215820331,12.070619827603128,1.3688788777264107,10.16496215820331,32.76929687501615,1.9146088717503107e-05,-308.8941406249978,5.98969519613024,341.66343750001397,6.381385553827037,9.170199739033803,1.0,0.59375,27.05695312500029,1.0,1.4568110176906868,8.122656250000107,39.864820576697284,33.133212421649844,2.985414220089247,5.0989379821468335,18.290928890506308,0.0,1.8486,2.4283620204150376
aae4b48b17540daad69947938ebfcc9a,WindowRegression,"{""window_size"": 5, ""input_dim"": ""univariate"", ""output_dim"": ""forecast_length"", ""normalize_window"": false, ""max_windows"": 200000, ""fourier_encoding_components"": null, ""scale"": false, ""datepart_method"": null, ""regression_type"": ""User"", ""regression_model"": {""model"": ""xgboost"", ""model_params"": {""booster"": ""gbtree"", ""objective"": ""reg:squarederror"", ""max_depth"": 6, ""eta"": 0.05, ""min_child_weight"": 1, ""subsample"": 1, ""colsample_bylevel"": 1, ""reg_alpha"": 0.001, ""reg_lambda"": 1, ""tree_method"": ""hist"", ""device"": ""cuda""}}}","{""fillna"": null, ""transformations"": {}, ""transformation_params"": {}}",0 days 00:00:00.000194,0 days 00:00:00.150930,0 days 00:00:00.181716,0 days 00:00:00.374514,0,,1,0,2,2023-10-10 21:52:00,0.03185722134985499,8.739694824218702,12.749876363954982,0.8695764300163283,8.739694824218702,265.2826562499722,0.00015107667118962286,-147.02890625001237,3.6217842220830763,412.3115624999846,7.033347345442414,4.480913222246285,1.0,0.578125,41.19093749999956,1.0,1.360545757740126,5.361605902777835,43.5114850527002,23.20199325584991,2.69155738299824,5.925212055210126,4.797350522115711,0.0,0.03185722134985499,8.739694824218702,12.749876363954982,0.8695764300163283,8.739694824218702,265.2826562499722,0.00015107667118962286,-147.02890625001237,3.6217842220830763,412.3115624999846,7.033347345442414,4.480913222246285,1.0,0.578125,41.19093749999956,1.0,1.360545757740126,5.361605902777835,43.5114850527002,23.20199325584991,2.69155738299824,5.925212055210126,4.797350522115711,0.0,0.3745,2.5650145534708355
bc5067fcb62e26c627637c99c31dfad6,WindowRegression,"{""window_size"": 5, ""input_dim"": ""univariate"", ""output_dim"": ""forecast_length"", ""normalize_window"": false, ""max_windows"": 200000, ""fourier_encoding_components"": null, ""scale"": false, ""datepart_method"": null, ""regression_type"": ""User"", ""regression_model"": {""model"": ""xgboost"", ""model_params"": {""booster"": ""gbtree"", ""objective"": ""reg:squarederror"", ""max_depth"": 6, ""eta"": 0.05, ""min_child_weight"": 1, ""subsample"": 1, ""colsample_bylevel"": 1, ""reg_alpha"": 0.001, ""reg_lambda"": 1, ""tree_method"": ""hist"", ""device"": ""cuda""}}}","{""fillna"": ""ffill_mean_biased"", ""transformations"": {""0"": null}, ""transformation_params"": {""0"": {}}}",0 days 00:00:00.000225,0 days 00:00:00.151191,0 days 00:00:00.181653,0 days 00:00:00.374616,0,,1,0,2,2023-10-10 21:52:00,0.03185722134985499,8.739694824218702,12.749876363954982,0.8695764300163283,8.739694824218702,265.2826562499722,0.00015107667118962286,-147.02890625001237,3.6217842220830763,412.3115624999846,7.033347345442414,4.480913222246285,1.0,0.578125,41.19093749999956,1.0,1.360545757740126,5.361605902777835,43.5114850527002,23.20199325584991,2.69155738299824,5.925212055210126,4.797350522115711,0.0,0.03185722134985499,8.739694824218702,12.749876363954982,0.8695764300163283,8.739694824218702,265.2826562499722,0.00015107667118962286,-147.02890625001237,3.6217842220830763,412.3115624999846,7.033347345442414,4.480913222246285,1.0,0.578125,41.19093749999956,1.0,1.360545757740126,5.361605902777835,43.5114850527002,23.20199325584991,2.69155738299824,5.925212055210126,4.797350522115711,0.0,0.3746,2.5650145534708355
5ab1c3a28fb4a80c59d7f90064335398,WindowRegression,"{""window_size"": 5, ""input_dim"": ""univariate"", ""output_dim"": ""forecast_length"", ""normalize_window"": false, ""max_windows"": 200000, ""fourier_encoding_components"": null, ""scale"": false, ""datepart_method"": null, ""regression_type"": ""User"", ""regression_model"": {""model"": ""xgboost"", ""model_params"": {""booster"": ""gbtree"", ""objective"": ""reg:squarederror"", ""max_depth"": 6, ""eta"": 0.05, ""min_child_weight"": 1, ""subsample"": 1, ""colsample_bylevel"": 1, ""reg_alpha"": 0.001, ""reg_lambda"": 1, ""tree_method"": ""hist"", ""device"": ""cuda""}}}","{""fillna"": null, ""transformations"": {""0"": null}, ""transformation_params"": {""0"": {}}}",0 days 00:00:00.000210,0 days 00:00:00.150990,0 days 00:00:00.181792,0 days 00:00:00.374667,0,,1,0,2,2023-10-10 21:52:00,0.03185722134985499,8.739694824218702,12.749876363954982,0.8695764300163283,8.739694824218702,265.2826562499722,0.00015107667118962286,-147.02890625001237,3.6217842220830763,412.3115624999846,7.033347345442414,4.480913222246285,1.0,0.578125,41.19093749999956,1.0,1.360545757740126,5.361605902777835,43.5114850527002,23.20199325584991,2.69155738299824,5.925212055210126,4.797350522115711,0.0,0.03185722134985499,8.739694824218702,12.749876363954982,0.8695764300163283,8.739694824218702,265.2826562499722,0.00015107667118962286,-147.02890625001237,3.6217842220830763,412.3115624999846,7.033347345442414,4.480913222246285,1.0,0.578125,41.19093749999956,1.0,1.360545757740126,5.361605902777835,43.5114850527002,23.20199325584991,2.69155738299824,5.925212055210126,4.797350522115711,0.0,0.3747,2.5650145534708355
c8488c7aa33d6aa042829e9a909c9390,WindowRegression,"{""window_size"": 12, ""input_dim"": ""univariate"", ""output_dim"": ""forecast_length"", ""normalize_window"": false, ""max_windows"": 200000, ""fourier_encoding_components"": null, ""scale"": false, ""datepart_method"": null, ""regression_type"": ""User"", ""regression_model"": {""model"": ""xgboost"", ""model_params"": {""booster"": ""gbtree"", ""objective"": ""reg:squarederror"", ""max_depth"": 6, ""eta"": 0.05, ""min_child_weight"": 1, ""subsample"": 1, ""colsample_bylevel"": 1, ""reg_alpha"": 0, ""reg_lambda"": 1, ""tree_method"": ""hist"", ""device"": ""cuda""}}}","{""fillna"": null, ""transformations"": {""0"": null}, ""transformation_params"": {""0"": {}}}",0 days 00:00:00.000212,0 days 00:00:00.154760,0 days 00:00:00.181728,0 days 00:00:00.378150,0,,1,0,2,2023-10-10 21:52:00,0.03815918978129618,10.469290771484054,13.416460691695352,0.7510056337786932,10.469290771484054,562.5580468749722,0.00032037298734193263,-53.73828125000364,2.7626803751357665,616.2963281249758,9.890610637269997,4.480913222246285,1.0,0.59375,42.346406249998836,1.0,1.4210965624361966,7.713104745370166,52.43698309386423,28.216613637048845,2.469112520377356,21.166478969120426,3.0444502493073577,0.0,0.03815918978129618,10.469290771484054,13.416460691695352,0.7510056337786932,10.469290771484054,562.5580468749722,0.00032037298734193263,-53.73828125000364,2.7626803751357665,616.2963281249758,9.890610637269997,4.480913222246285,1.0,0.59375,42.346406249998836,1.0,1.4210965624361966,7.713104745370166,52.43698309386423,28.216613637048845,2.469112520377356,21.166478969120426,3.0444502493073577,0.0,0.3782,2.6991176971376536
d8cd8b66a9a28255be6ed91e0ed0f3ea,WindowRegression,"{""window_size"": 10, ""input_dim"": ""univariate"", ""output_dim"": ""forecast_length"", ""normalize_window"": false, ""max_windows"": 200000, ""fourier_encoding_components"": null, ""scale"": false, ""datepart_method"": null, ""regression_type"": ""User"", ""regression_model"": {""model"": ""xgboost"", ""model_params"": {""booster"": ""gbtree"", ""colsample_bylevel"": 0.54, ""learning_rate"": 0.025, ""max_depth"": 11, ""min_child_weight"": 0.0127, ""n_estimators"": 240, ""tree_method"": ""hist"", ""objective"": ""reg:squarederror"", ""device"": ""cuda""}}}","{""fillna"": null, ""transformations"": {}, ""transformation_params"": {}}",0 days 00:00:00.000198,0 days 00:00:01.380969,0 days 00:00:00.215603,0 days 00:00:01.640904,0,,1,0,2,2023-10-10 21:52:00,0.03951227625413976,10.841102294921882,14.39455365586067,0.892131925119353,10.841102294921882,467.9486718749722,0.0002664935907753423,-112.94093750001412,3.513303900869291,580.8896093749863,9.503485426196974,4.480913222246285,1.0,0.5625,45.852265624998836,1.0,1.4337792754669243,7.495567129629678,53.157346880574636,35.195547250352426,2.636066840021261,15.120061514856793,3.3712101804054737,0.0,0.03951227625413976,10.841102294921882,14.39455365586067,0.892131925119353,10.841102294921882,467.9486718749722,0.0002664935907753423,-112.94093750001412,3.513303900869291,580.8896093749863,9.503485426196974,4.480913222246285,1.0,0.5625,45.852265624998836,1.0,1.4337792754669243,7.495567129629678,53.157346880574636,35.195547250352426,2.636066840021261,15.120061514856793,3.3712101804054737,0.0,1.6409,2.8958900121088114
9aebbd485a76ee621a5e67025c911ac2,WindowRegression,"{""window_size"": 10, ""input_dim"": ""univariate"", ""output_dim"": ""forecast_length"", ""normalize_window"": false, ""max_windows"": 200000, ""fourier_encoding_components"": null, ""scale"": false, ""datepart_method"": null, ""regression_type"": ""User"", ""regression_model"": {""model"": ""xgboost"", ""model_params"": {""booster"": ""gbtree"", ""colsample_bylevel"": 0.54, ""learning_rate"": 0.025, ""max_depth"": 11, ""min_child_weight"": 0.0127, ""n_estimators"": 240, ""tree_method"": ""hist"", ""objective"": ""reg:squarederror"", ""device"": ""cuda""}}}","{""fillna"": null, ""transformations"": {""0"": null}, ""transformation_params"": {""0"": {}}}",0 days 00:00:00.000213,0 days 00:00:01.380690,0 days 00:00:00.214733,0 days 00:00:01.639685,0,,1,0,2,2023-10-10 21:52:00,0.03951227625413976,10.841102294921882,14.39455365586067,0.892131925119353,10.841102294921882,467.9486718749722,0.0002664935907753423,-112.94093750001412,3.513303900869291,580.8896093749863,9.503485426196974,4.480913222246285,1.0,0.5625,45.852265624998836,1.0,1.4337792754669243,7.495567129629678,53.157346880574636,35.195547250352426,2.636066840021261,15.120061514856793,3.3712101804054737,0.0,0.03951227625413976,10.841102294921882,14.39455365586067,0.892131925119353,10.841102294921882,467.9486718749722,0.0002664935907753423,-112.94093750001412,3.513303900869291,580.8896093749863,9.503485426196974,4.480913222246285,1.0,0.5625,45.852265624998836,1.0,1.4337792754669243,7.495567129629678,53.157346880574636,35.195547250352426,2.636066840021261,15.120061514856793,3.3712101804054737,0.0,1.6397,2.8958900121088114
0f760decfc490502f2782c17cb181970,WindowRegression,"{""window_size"": 5, ""input_dim"": ""univariate"", ""output_dim"": ""forecast_length"", ""normalize_window"": false, ""max_windows"": 200000, ""fourier_encoding_components"": null, ""scale"": false, ""datepart_method"": null, ""regression_type"": ""User"", ""regression_model"": {""model"": ""xgboost"", ""model_params"": {""booster"": ""gbtree"", ""objective"": ""reg:squarederror"", ""max_depth"": 6, ""eta"": 0.3, ""min_child_weight"": 1, ""subsample"": 1, ""colsample_bylevel"": 0.9, ""reg_alpha"": 0, ""reg_lambda"": 5, ""n_estimators"": 100, ""grow_policy"": ""lossguide"", ""tree_method"": ""hist"", ""device"": ""cuda""}}}","{""fillna"": null, ""transformations"": {}, ""transformation_params"": {}}",0 days 00:00:00.000198,0 days 00:00:00.348652,0 days 00:00:00.182632,0 days 00:00:00.573324,0,,1,0,2,2023-10-10 21:52:00,0.042273846006375626,11.598536376953064,15.175667409592656,1.1820862305109976,11.598536376953064,67.4799218749722,3.8429357249048135e-05,-337.41320312501193,6.436556957903409,404.89312499998414,7.374742233605721,4.480913222246285,1.0,0.578125,45.69835937499738,1.0,1.45927485153549,8.243561921296363,50.945569875549964,42.32172665388078,2.990043628812611,5.179829752477414,13.965332572787046,0.0,0.042273846006375626,11.598536376953064,15.175667409592656,1.1820862305109976,11.598536376953064,67.4799218749722,3.8429357249048135e-05,-337.41320312501193,6.436556957903409,404.89312499998414,7.374742233605721,4.480913222246285,1.0,0.578125,45.69835937499738,1.0,1.45927485153549,8.243561921296363,50.945569875549964,42.32172665388078,2.990043628812611,5.179829752477414,13.965332572787046,0.0,0.5733,3.05303413563169
0f760decfc490502f2782c17cb181970,WindowRegression,"{""window_size"": 5, ""input_dim"": ""univariate"", ""output_dim"": ""forecast_length"", ""normalize_window"": false, ""max_windows"": 200000, ""fourier_encoding_components"": null, ""scale"": false, ""datepart_method"": null, ""regression_type"": ""User"", ""regression_model"": {""model"": ""xgboost"", ""model_params"": {""booster"": ""gbtree"", ""objective"": ""reg:squarederror"", ""max_depth"": 6, ""eta"": 0.3, ""min_child_weight"": 1, ""subsample"": 1, ""colsample_bylevel"": 0.9, ""reg_alpha"": 0, ""reg_lambda"": 5, ""n_estimators"": 100, ""grow_policy"": ""lossguide"", ""tree_method"": ""hist"", ""device"": ""cuda""}}}","{""fillna"": null, ""transformations"": {}, ""transformation_params"": {}}",0 days 00:00:00.000200,0 days 00:00:00.373489,0 days 00:00:00.183899,0 days 00:00:00.599158,0,,1,0,1,2023-10-12 21:52:00,0.04989295413719687,13.343021240234691,16.069260004726004,1.9209665851540472,13.343021240234691,18.629140624983847,1.0884431866120294e-05,-436.29125000000204,8.038786284566624,417.6621093750182,7.730533925394378,9.170199739033803,1.0,0.546875,39.414140624998254,1.0,1.572635721948134,10.429963831018743,56.18381794400642,99.03693953533649,3.355260305023312,3.721508240161977,32.926191397915616,0.0,0.04989295413719687,13.343021240234691,16.069260004726004,1.9209665851540472,13.343021240234691,18.629140624983847,1.0884431866120294e-05,-436.29125000000204,8.038786284566624,417.6621093750182,7.730533925394378,9.170199739033803,1.0,0.546875,39.414140624998254,1.0,1.572635721948134,10.429963831018743,56.18381794400642,99.03693953533649,3.355260305023312,3.721508240161977,32.926191397915616,0.0,0.5992,3.2328067032991474
71986e2c58b479ec429726e704873db7,WindowRegression,"{""window_size"": 20, ""input_dim"": ""univariate"", ""output_dim"": ""forecast_length"", ""normalize_window"": false, ""max_windows"": 200000, ""fourier_encoding_components"": null, ""scale"": false, ""datepart_method"": null, ""regression_type"": ""User"", ""regression_model"": {""model"": ""xgboost"", ""model_params"": {""booster"": ""gbtree"", ""objective"": ""reg:squarederror"", ""max_depth"": 9, ""eta"": 0.3, ""min_child_weight"": 2, ""subsample"": 1, ""colsample_bylevel"": 0.9, ""reg_alpha"": 100, ""reg_lambda"": 1, ""n_estimators"": 10, ""tree_method"": ""hist"", ""device"": ""cuda""}}}","{""fillna"": ""ffill_mean_biased"", ""transformations"": {""0"": null}, ""transformation_params"": {""0"": {}}}",0 days 00:00:00.000202,0 days 00:00:00.041437,0 days 00:00:00.168646,0 days 00:00:00.250391,0,,1,0,2,2023-10-10 21:52:00,0.043173199148435974,11.846282958984318,16.19738318824624,0.9393850234493337,11.846282958984318,622.6244531249722,0.00035458039778802925,-67.76882812501208,2.8977375837667845,690.3932812499843,11.100417777074853,4.480913222246285,1.0,0.546875,48.957734374998836,1.0,1.4675179831425478,7.969321469907435,56.31040128008541,36.7954967502107,2.654239992289329,25.66782913915768,4.077271604094555,0.0,0.043173199148435974,11.846282958984318,16.19738318824624,0.9393850234493337,11.846282958984318,622.6244531249722,0.00035458039778802925,-67.76882812501208,2.8977375837667845,690.3932812499843,11.100417777074853,4.480913222246285,1.0,0.546875,48.957734374998836,1.0,1.4675179831425478,7.969321469907435,56.31040128008541,36.7954967502107,2.654239992289329,25.66782913915768,4.077271604094555,0.0,0.2504,3.2585824693524956
71986e2c58b479ec429726e704873db7,WindowRegression,"{""window_size"": 20, ""input_dim"": ""univariate"", ""output_dim"": ""forecast_length"", ""normalize_window"": false, ""max_windows"": 200000, ""fourier_encoding_components"": null, ""scale"": false, ""datepart_method"": null, ""regression_type"": ""User"", ""regression_model"": {""model"": ""xgboost"", ""model_params"": {""booster"": ""gbtree"", ""objective"": ""reg:squarederror"", ""max_depth"": 9, ""eta"": 0.3, ""min_child_weight"": 2, ""subsample"": 1, ""colsample_bylevel"": 0.9, ""reg_alpha"": 100, ""reg_lambda"": 1, ""n_estimators"": 10, ""tree_method"": ""hist"", ""device"": ""cuda""}}}","{""fillna"": ""ffill_mean_biased"", ""transformations"": {""0"": null}, ""transformation_params"": {""0"": {}}}",0 days 00:00:00.000214,0 days 00:00:00.044224,0 days 00:00:00.168280,0 days 00:00:00.251827,0,,1,1,0,2023-10-14 21:52:00,0.059888062250800324,16.083223876953184,17.156469915826825,0.32356740345231916,16.083223876953184,1029.3263281250038,0.0005991046731757215,0.0,2.739032741987598,1029.3263281250038,16.083223876953184,8.052778455769356,1.0,0.40625,30.451562499998545,1.0,1.4441453986285362,14.635010127314807,68.71349378012064,44.42180058138407,2.188369903747379,32.953142539667304,0.8079576852325939,0.0,0.059888062250800324,16.083223876953184,17.156469915826825,0.32356740345231916,16.083223876953184,1029.3263281250038,0.0005991046731757215,0.0,2.739032741987598,1029.3263281250038,16.083223876953184,8.052778455769356,1.0,0.40625,30.451562499998545,1.0,1.4441453986285362,14.635010127314807,68.71349378012064,44.42180058138407,2.188369903747379,32.953142539667304,0.8079576852325939,0.0,0.2518,3.451531117955847
974543be739ebd0f0fa3afbe59ca4a8d,WindowRegression,"{""window_size"": 10, ""input_dim"": ""univariate"", ""output_dim"": ""forecast_length"", ""normalize_window"": false, ""max_windows"": 200000, ""fourier_encoding_components"": null, ""scale"": false, ""datepart_method"": null, ""regression_type"": ""User"", ""regression_model"": {""model"": ""LightGBM"", ""model_params"": {""objective"": ""regression"", ""learning_rate"": 0.1, ""num_leaves"": 1000, ""max_depth"": 5, ""boosting_type"": ""gbdt"", ""n_estimators"": 100, ""linear_tree"": false, ""lambda_l1"": 0.0, ""lambda_l2"": 0.0, ""min_data_in_leaf"": 20, ""feature_fraction"": 1.0, ""max_bin"": 255, ""device_type"": ""cuda""}}}","{""fillna"": null, ""transformations"": {}, ""transformation_params"": {}}",0 days 00:00:00.000195,0 days 00:00:01.953049,0 days 00:00:00.171079,0 days 00:00:02.163354,0,,1,0,2,2023-10-10 21:52:00,0.04892962596400035,13.423983457365239,18.146924046974373,1.2475525222714952,13.423983457365239,435.7492937710849,0.0002481562636123954,-211.69282375014518,4.988377770975363,647.4421175212301,10.71643368982998,4.480913222246285,1.0,0.59375,56.624744378455944,1.0,1.5189627718102565,9.373620639715227,69.56250199109493,41.28642954838226,3.099889109554974,14.741633057119413,12.939730095514726,0.0,0.04892962596400035,13.423983457365239,18.146924046974373,1.2475525222714952,13.423983457365239,435.7492937710849,0.0002481562636123954,-211.69282375014518,4.988377770975363,647.4421175212301,10.71643368982998,4.480913222246285,1.0,0.59375,56.624744378455944,1.0,1.5189627718102565,9.373620639715227,69.56250199109493,41.28642954838226,3.099889109554974,14.741633057119413,12.939730095514726,0.0,2.1634,3.650790247096979
b9e2516f3260f9e4202ea6734a9ad656,WindowRegression,"{""window_size"": 10, ""input_dim"": ""univariate"", ""output_dim"": ""forecast_length"", ""normalize_window"": false, ""max_windows"": 200000, ""fourier_encoding_components"": null, ""scale"": false, ""datepart_method"": null, ""regression_type"": ""User"", ""regression_model"": {""model"": ""LightGBM"", ""model_params"": {""objective"": ""regression"", ""learning_rate"": 0.1, ""num_leaves"": 1000, ""max_depth"": 5, ""boosting_type"": ""gbdt"", ""n_estimators"": 100, ""linear_tree"": false, ""lambda_l1"": 0.0, ""lambda_l2"": 0.0, ""min_data_in_leaf"": 20, ""feature_fraction"": 1.0, ""max_bin"": 255, ""device_type"": ""cuda""}}}","{""fillna"": ""ffill"", ""transformations"": {""0"": null}, ""transformation_params"": {""0"": {}}}",0 days 00:00:00.000205,0 days 00:00:01.955698,0 days 00:00:00.171166,0 days 00:00:02.165906,0,,1,0,2,2023-10-10 21:52:00,0.04908721369232213,13.467266211225592,18.193713741866734,1.2511292478963119,13.467266211225592,438.51941170309874,0.0002497338269626997,-211.69281290766958,4.992653382407591,650.2122246107683,10.75971658949436,4.480913222246285,1.0,0.59375,56.624745258955954,1.0,1.520349579034206,9.403153344222758,69.72814212473862,41.452012350087976,3.1038433102062046,14.861094797742364,13.03761794823999,0.0,0.04908721369232213,13.467266211225592,18.193713741866734,1.2511292478963119,13.467266211225592,438.51941170309874,0.0002497338269626997,-211.69281290766958,4.992653382407591,650.2122246107683,10.75971658949436,4.480913222246285,1.0,0.59375,56.624745258955954,1.0,1.520349579034206,9.403153344222758,69.72814212473862,41.452012350087976,3.1038433102062046,14.861094797742364,13.03761794823999,0.0,2.1659,3.6602033774619653
3adc358e59165e0d807a288a48675f22,WindowRegression,"{""window_size"": 20, ""input_dim"": ""univariate"", ""output_dim"": ""forecast_length"", ""normalize_window"": false, ""max_windows"": 200000, ""fourier_encoding_components"": null, ""scale"": false, ""datepart_method"": null, ""regression_type"": ""User"", ""regression_model"": {""model"": ""LightGBM"", ""model_params"": {""objective"": ""regression"", ""learning_rate"": 0.1, ""num_leaves"": 31, ""max_depth"": 5, ""boosting_type"": ""gbdt"", ""n_estimators"": 100, ""linear_tree"": false, ""lambda_l1"": 0.0, ""lambda_l2"": 0.0, ""min_data_in_leaf"": 20, ""feature_fraction"": 1.0, ""max_bin"": 255, ""device_type"": ""cuda""}}}","{""fillna"": ""ffill_mean_biased"", ""transformations"": {""0"": null}, ""transformation_params"": {""0"": {}}}",0 days 00:00:00.000207,0 days 00:00:00.626931,0 days 00:00:00.171297,0 days 00:00:00.837181,0,,1,0,1,2023-10-12 21:52:00,0.05713108319539972,15.278781317483322,18.730014997206563,2.306934928231984,15.278781317483322,50.906966828144505,2.9743369439633785e-05,-463.46751874539405,8.638284904051533,514.3744855735385,9.096024286766562,9.170199739033803,1.0,0.484375,49.92936173787166,1.0,1.6391789111268442,11.983730050970363,59.837716325961054,65.27156946176372,3.4650462549082777,5.8388268591217525,40.157145386899494,0.0,0.05713108319539972,15.278781317483322,18.730014997206563,2.306934928231984,15.278781317483322,50.906966828144505,2.9743369439633785e-05,-463.46751874539405,8.638284904051533,514.3744855735385,9.096024286766562,9.170199739033803,1.0,0.484375,49.92936173787166,1.0,1.6391789111268442,11.983730050970363,59.837716325961054,65.27156946176372,3.4650462549082777,5.8388268591217525,40.157145386899494,0.0,0.8372,3.76809622957466
8f80b74842f84fbe100c5a6842873e16,WindowRegression,"{""window_size"": 20, ""input_dim"": ""univariate"", ""output_dim"": ""forecast_length"", ""normalize_window"": false, ""max_windows"": 200000, ""fourier_encoding_components"": null, ""scale"": false, ""datepart_method"": null, ""regression_type"": ""User"", ""regression_model"": {""model"": ""LightGBM"", ""model_params"": {""objective"": ""regression"", ""learning_rate"": 0.1, ""num_leaves"": 31, ""max_depth"": 5, ""boosting_type"": ""gbdt"", ""n_estimators"": 100, ""linear_tree"": false, ""lambda_l1"": 0.0, ""lambda_l2"": 0.0, ""min_data_in_leaf"": 20, ""feature_fraction"": 1.0, ""max_bin"": 255, ""device_type"": ""cuda""}}}","{""fillna"": ""time"", ""transformations"": {""0"": null}, ""transformation_params"": {""0"": {}}}",0 days 00:00:00.000210,0 days 00:00:00.627820,0 days 00:00:00.171585,0 days 00:00:00.838456,0,,1,0,1,2023-10-12 21:52:00,0.05716375853897286,15.287536918429907,18.738542219107156,2.30809966335584,15.287536918429907,52.99331092012653,3.096235589615374e-05,-462.7045259296938,8.62740389481711,515.6978368498203,9.116115422800938,9.170199739033803,1.0,0.484375,49.92935966041114,1.0,1.6394737556761076,11.994106981706594,59.95578319762772,65.30684651267177,3.4661582051480053,5.861469412382604,40.119325031952194,0.0,0.05716375853897286,15.287536918429907,18.738542219107156,2.30809966335584,15.287536918429907,52.99331092012653,3.096235589615374e-05,-462.7045259296938,8.62740389481711,515.6978368498203,9.116115422800938,9.170199739033803,1.0,0.484375,49.92935966041114,1.0,1.6394737556761076,11.994106981706594,59.95578319762772,65.30684651267177,3.4661582051480053,5.861469412382604,40.119325031952194,0.0,0.8385,3.769811732349066
0fa87e2fe02d9f220491a11aeea01526,WindowRegression,"{""window_size"": 20, ""input_dim"": ""univariate"", ""output_dim"": ""forecast_length"", ""normalize_window"": false, ""max_windows"": 200000, ""fourier_encoding_components"": null, ""scale"": false, ""datepart_method"": null, ""regression_type"": ""User"", ""regression_model"": {""model"": ""LightGBM"", ""model_params"": {""objective"": ""regression"", ""learning_rate"": 0.1, ""num_leaves"": 31, ""max_depth"": 5, ""boosting_type"": ""gbdt"", ""n_estimators"": 100, ""linear_tree"": false, ""lambda_l1"": 0.0, ""lambda_l2"": 0.0, ""min_data_in_leaf"": 20, ""feature_fraction"": 1.0, ""max_bin"": 255, ""device_type"": ""cuda""}}}","{""fillna"": null, ""transformations"": {}, ""transformation_params"": {}}",0 days 00:00:00.000197,0 days 00:00:00.627385,0 days 00:00:00.170597,0 days 00:00:00.837177,0,,1,0,1,2023-10-12 21:52:00,0.05717430681816127,15.290340451671796,18.74581447662595,2.3107320169207464,15.290340451671796,51.64682121696387,3.0175643522913537e-05,-463.4674838450155,8.638520823185221,515.1143050619794,9.107583876943526,9.170199739033803,1.0,0.484375,49.92936006550008,1.0,1.6395681533510214,11.99742978496498,59.96891688507882,65.3369418087047,3.4676702005859505,5.8335958998581825,40.15385473285698,0.0,0.05717430681816127,15.290340451671796,18.74581447662595,2.3107320169207464,15.290340451671796,51.64682121696387,3.0175643522913537e-05,-463.4674838450155,8.638520823185221,515.1143050619794,9.107583876943526,9.170199739033803,1.0,0.484375,49.92936006550008,1.0,1.6395681533510214,11.99742978496498,59.96891688507882,65.3369418087047,3.4676702005859505,5.8335958998581825,40.15385473285698,0.0,0.8372,3.771274761937731
2719fec3bb2018ff629a1a1bdc0c0a7f,WindowRegression,"{""window_size"": 20, ""input_dim"": ""univariate"", ""output_dim"": ""forecast_length"", ""normalize_window"": false, ""max_windows"": 200000, ""fourier_encoding_components"": null, ""scale"": false, ""datepart_method"": null, ""regression_type"": ""User"", ""regression_model"": {""model"": ""LightGBM"", ""model_params"": {""objective"": ""regression"", ""learning_rate"": 0.1, ""num_leaves"": 31, ""max_depth"": 5, ""boosting_type"": ""gbdt"", ""n_estimators"": 100, ""linear_tree"": false, ""lambda_l1"": 0.0, ""lambda_l2"": 0.0, ""min_data_in_leaf"": 20, ""feature_fraction"": 1.0, ""max_bin"": 255, ""device_type"": ""cuda""}}}","{""fillna"": ""ffill"", ""transformations"": {""0"": null}, ""transformation_params"": {""0"": {}}}",0 days 00:00:00.000201,0 days 00:00:00.627857,0 days 00:00:00.171009,0 days 00:00:00.837806,0,,1,0,1,2023-10-12 21:52:00,0.0572083577997824,15.299457920045086,18.750842692109426,2.3107320518923604,15.299457920045086,52.230308973910724,3.0516557409552303e-05,-463.4674989544874,8.639325256463788,515.6978079283981,9.116701144216552,9.170199739033803,1.0,0.484375,49.929360724705475,1.0,1.639875109755177,12.008235593748598,60.02990757348472,65.35775893575253,3.4676702184682022,5.845675278332891,40.15486269164699,0.0,0.0572083577997824,15.299457920045086,18.750842692109426,2.3107320518923604,15.299457920045086,52.230308973910724,3.0516557409552303e-05,-463.4674989544874,8.639325256463788,515.6978079283981,9.116701144216552,9.170199739033803,1.0,0.484375,49.929360724705475,1.0,1.639875109755177,12.008235593748598,60.02990757348472,65.35775893575253,3.4676702184682022,5.845675278332891,40.15486269164699,0.0,0.8378,3.7722863361306835
0fa87e2fe02d9f220491a11aeea01526,WindowRegression,"{""window_size"": 20, ""input_dim"": ""univariate"", ""output_dim"": ""forecast_length"", ""normalize_window"": false, ""max_windows"": 200000, ""fourier_encoding_components"": null, ""scale"": false, ""datepart_method"": null, ""regression_type"": ""User"", ""regression_model"": {""model"": ""LightGBM"", ""model_params"": {""objective"": ""regression"", ""learning_rate"": 0.1, ""num_leaves"": 31, ""max_depth"": 5, ""boosting_type"": ""gbdt"", ""n_estimators"": 100, ""linear_tree"": false, ""lambda_l1"": 0.0, ""lambda_l2"": 0.0, ""min_data_in_leaf"": 20, ""feature_fraction"": 1.0, ""max_bin"": 255, ""device_type"": ""cuda""}}}","{""fillna"": null, ""transformations"": {}, ""transformation_params"": {}}",0 days 00:00:00.000199,0 days 00:00:00.607049,0 days 00:00:00.170086,0 days 00:00:00.816052,0,,1,0,2,2023-10-10 21:52:00,0.049599569853002595,13.60906861812174,19.15113371620761,0.9798752179392768,13.60906861812174,645.5016962248301,0.0003676088323731593,-112.73934766748062,3.5551809746387875,758.2410438923107,12.368289445497188,4.480913222246285,1.0,0.5,63.476841060833976,1.0,1.524884184543994,8.836042829786392,73.55564659324884,66.47183552171805,2.7457413238780317,19.01191964794986,10.16845403345692,0.0,0.049599569853002595,13.60906861812174,19.15113371620761,0.9798752179392768,13.60906861812174,645.5016962248301,0.0003676088323731593,-112.73934766748062,3.5551809746387875,758.2410438923107,12.368289445497188,4.480913222246285,1.0,0.5,63.476841060833976,1.0,1.524884184543994,8.836042829786392,73.55564659324884,66.47183552171805,2.7457413238780317,19.01191964794986,10.16845403345692,0.0,0.8161,3.8528167093771493
2719fec3bb2018ff629a1a1bdc0c0a7f,WindowRegression,"{""window_size"": 20, ""input_dim"": ""univariate"", ""output_dim"": ""forecast_length"", ""normalize_window"": false, ""max_windows"": 200000, ""fourier_encoding_components"": null, ""scale"": false, ""datepart_method"": null, ""regression_type"": ""User"", ""regression_model"": {""model"": ""LightGBM"", ""model_params"": {""objective"": ""regression"", ""learning_rate"": 0.1, ""num_leaves"": 31, ""max_depth"": 5, ""boosting_type"": ""gbdt"", ""n_estimators"": 100, ""linear_tree"": false, ""lambda_l1"": 0.0, ""lambda_l2"": 0.0, ""min_data_in_leaf"": 20, ""feature_fraction"": 1.0, ""max_bin"": 255, ""device_type"": ""cuda""}}}","{""fillna"": ""ffill"", ""transformations"": {""0"": null}, ""transformation_params"": {""0"": {}}}",0 days 00:00:00.000206,0 days 00:00:00.607298,0 days 00:00:00.169984,0 days 00:00:00.816150,0,,1,0,2,2023-10-10 21:52:00,0.049599569922454276,13.609068637210214,19.15113381619295,0.9798752245719886,13.609068637210214,645.5017031717107,0.00036760883632936065,-112.73934480487151,3.5551809293063936,758.2410479765822,12.368289493809515,4.480913222246285,1.0,0.5,63.476841579264146,1.0,1.524884185153504,8.836042812264672,73.55564674951422,66.47183617798807,2.745741335177417,19.011919983798393,10.16845447270085,0.0,0.049599569922454276,13.609068637210214,19.15113381619295,0.9798752245719886,13.609068637210214,645.5017031717107,0.00036760883632936065,-112.73934480487151,3.5551809293063936,758.2410479765822,12.368289493809515,4.480913222246285,1.0,0.5,63.476841579264146,1.0,1.524884185153504,8.836042812264672,73.55564674951422,66.47183617798807,2.745741335177417,19.011919983798393,10.16845447270085,0.0,0.8162,3.8528167294921563
3adc358e59165e0d807a288a48675f22,WindowRegression,"{""window_size"": 20, ""input_dim"": ""univariate"", ""output_dim"": ""forecast_length"", ""normalize_window"": false, ""max_windows"": 200000, ""fourier_encoding_components"": null, ""scale"": false, ""datepart_method"": null, ""regression_type"": ""User"", ""regression_model"": {""model"": ""LightGBM"", ""model_params"": {""objective"": ""regression"", ""learning_rate"": 0.1, ""num_leaves"": 31, ""max_depth"": 5, ""boosting_type"": ""gbdt"", ""n_estimators"": 100, ""linear_tree"": false, ""lambda_l1"": 0.0, ""lambda_l2"": 0.0, ""min_data_in_leaf"": 20, ""feature_fraction"": 1.0, ""max_bin"": 255, ""device_type"": ""cuda""}}}","{""fillna"": ""ffill_mean_biased"", ""transformations"": {""0"": null}, ""transformation_params"": {""0"": {}}}",0 days 00:00:00.000209,0 days 00:00:00.607790,0 days 00:00:00.170494,0 days 00:00:00.817226,0,,1,0,2,2023-10-10 21:52:00,0.04959956989251629,13.609068628947512,19.151133816267787,0.9798752264376287,13.609068628947512,645.5017023837936,0.0003676088358806472,-112.73934493442357,3.555180932431043,758.2410473182172,12.368289485520137,4.480913222246285,1.0,0.5,63.476842253028735,1.0,1.5248841848896695,8.83604280933637,73.55564689926283,66.47183621477782,2.7457413378452125,19.011919786327,10.168454373389928,0.0,0.04959956989251629,13.609068628947512,19.151133816267787,0.9798752264376287,13.609068628947512,645.5017023837936,0.0003676088358806472,-112.73934493442357,3.555180932431043,758.2410473182172,12.368289485520137,4.480913222246285,1.0,0.5,63.476842253028735,1.0,1.5248841848896695,8.83604280933637,73.55564689926283,66.47183621477782,2.7457413378452125,19.011919786327,10.168454373389928,0.0,0.8172,3.8528167295072118
8f80b74842f84fbe100c5a6842873e16,WindowRegression,"{""window_size"": 20, ""input_dim"": ""univariate"", ""output_dim"": ""forecast_length"", ""normalize_window"": false, ""max_windows"": 200000, ""fourier_encoding_components"": null, ""scale"": false, ""datepart_method"": null, ""regression_type"": ""User"", ""regression_model"": {""model"": ""LightGBM"", ""model_params"": {""objective"": ""regression"", ""learning_rate"": 0.1, ""num_leaves"": 31, ""max_depth"": 5, ""boosting_type"": ""gbdt"", ""n_estimators"": 100, ""linear_tree"": false, ""lambda_l1"": 0.0, ""lambda_l2"": 0.0, ""min_data_in_leaf"": 20, ""feature_fraction"": 1.0, ""max_bin"": 255, ""device_type"": ""cuda""}}}","{""fillna"": ""time"", ""transformations"": {""0"": null}, ""transformation_params"": {""0"": {}}}",0 days 00:00:00.000205,0 days 00:00:00.608237,0 days 00:00:00.170500,0 days 00:00:00.817656,0,,1,0,2,2023-10-10 21:52:00,0.049599570435472584,13.6090687780125,19.151134053695102,0.9798752237133774,13.6090687780125,645.5017215161897,0.00036760884677641684,-112.73934013830512,3.555180876554389,758.2410616544948,12.368289690356686,4.480913222246285,1.0,0.5,63.47684205239784,1.0,1.5248841896494325,8.836042901696635,73.55564765854547,66.47183791423737,2.7457413287874584,19.011920763665536,10.168454287471612,0.0,0.049599570435472584,13.6090687780125,19.151134053695102,0.9798752237133774,13.6090687780125,645.5017215161897,0.00036760884677641684,-112.73934013830512,3.555180876554389,758.2410616544948,12.368289690356686,4.480913222246285,1.0,0.5,63.47684205239784,1.0,1.5248841896494325,8.836042901696635,73.55564765854547,66.47183791423737,2.7457413287874584,19.011920763665536,10.168454287471612,0.0,0.8177,3.8528167772727353
bb234f89863254877d51f713fbe7f222,WindowRegression,"{""window_size"": 24, ""input_dim"": ""univariate"", ""output_dim"": ""forecast_length"", ""normalize_window"": false, ""max_windows"": 200000, ""fourier_encoding_components"": null, ""scale"": false, ""datepart_method"": null, ""regression_type"": ""User"", ""regression_model"": {""model"": ""LightGBM"", ""model_params"": {""colsample_bytree"": 0.1645, ""learning_rate"": 0.0203, ""max_bin"": 255, ""min_child_samples"": 16, ""n_estimators"": 1794, ""num_leaves"": 15, ""reg_alpha"": 0.00098, ""reg_lambda"": 0.686, ""objective"": ""regression"", ""linear_tree"": false, ""device_type"": ""cuda""}}}","{""fillna"": ""time"", ""transformations"": {""0"": null}, ""transformation_params"": {""0"": {}}}",0 days 00:00:00.000213,0 days 00:00:06.721961,0 days 00:00:00.182783,0 days 00:00:06.946066,0,,1,0,2,2023-10-10 21:52:00,0.057869572977962934,15.876733066928125,20.26257430829893,1.0742892397243875,15.876733066928125,121.52042958026504,6.920505939604314e-05,-447.2952433515675,8.168371576264775,568.8156729318325,10.245637980613278,4.480913222246285,1.0,0.5,52.83928063307394,1.0,1.595650458347149,11.464905727653012,76.09897487219749,75.46622791739979,2.768526514863541,7.1650644724008625,10.507636923327807,0.0,0.057869572977962934,15.876733066928125,20.26257430829893,1.0742892397243875,15.876733066928125,121.52042958026504,6.920505939604314e-05,-447.2952433515675,8.168371576264775,568.8156729318325,10.245637980613278,4.480913222246285,1.0,0.5,52.83928063307394,1.0,1.595650458347149,11.464905727653012,76.09897487219749,75.46622791739979,2.768526514863541,7.1650644724008625,10.507636923327807,0.0,6.9461,4.076415841843414
c04e957c7ceb00fd784c5698ebc26afa,WindowRegression,"{""window_size"": 5, ""input_dim"": ""univariate"", ""output_dim"": ""forecast_length"", ""normalize_window"": false, ""max_windows"": 200000, ""fourier_encoding_components"": null, ""scale"": false, ""datepart_method"": null, ""regression_type"": ""User"", ""regression_model"": {""model"": ""xgboost"", ""model_params"": {""booster"": ""gbtree"", ""objective"": ""reg:squarederror"", ""max_depth"": 6, ""eta"": 0.03, ""min_child_weight"": 0.5, ""subsample"": 0.5, ""colsample_bylevel"": 0.5, ""reg_alpha"": 0, ""reg_lambda"": 1, ""tree_method"": ""hist"", ""device"": ""cuda""}}}","{""fillna"": null, ""transformations"": {}, ""transformation_params"": {}}",0 days 00:00:00.000195,0 days 00:00:00.159600,0 days 00:00:00.181051,0 days 00:00:00.382386,0,,1,0,2,2023-10-10 21:52:00,0.06580990538165936,18.05941650390588,20.696251570594182,0.8901122571379187,18.05941650390588,1104.0482812499722,0.0006287479985374573,-25.877187500002037,3.0847483588098683,1129.9254687499742,17.751566656706352,4.480913222246285,1.0,0.515625,52.682343749998836,1.0,1.660919448421148,14.839072627314467,81.76207381493293,77.98308676136386,2.4859461225764203,48.12984892020136,1.0641208591720888,0.0,0.06580990538165936,18.05941650390588,20.696251570594182,0.8901122571379187,18.05941650390588,1104.0482812499722,0.0006287479985374573,-25.877187500002037,3.0847483588098683,1129.9254687499742,17.751566656706352,4.480913222246285,1.0,0.515625,52.682343749998836,1.0,1.660919448421148,14.839072627314467,81.76207381493293,77.98308676136386,2.4859461225764203,48.12984892020136,1.0641208591720888,0.0,0.3824,4.163662843896041
45bdced91dc2d47343e4838f14c37e0a,WindowRegression,"{""window_size"": 5, ""input_dim"": ""univariate"", ""output_dim"": ""forecast_length"", ""normalize_window"": false, ""max_windows"": 200000, ""fourier_encoding_components"": null, ""scale"": false, ""datepart_method"": null, ""regression_type"": ""User"", ""regression_model"": {""model"": ""xgboost"", ""model_params"": {""booster"": ""gbtree"", ""objective"": ""reg:squarederror"", ""max_depth"": 6, ""eta"": 0.03, ""min_child_weight"": 1, ""subsample"": 1, ""colsample_bylevel"": 1, ""reg_alpha"": 0, ""reg_lambda"": 1, ""tree_method"": ""hist"", ""device"": ""cuda""}}}","{""fillna"": null, ""transformations"": {}, ""transformation_params"": {}}",0 days 00:00:00.000199,0 days 00:00:00.154776,0 days 00:00:00.181046,0 days 00:00:00.377525,0,,1,0,2,2023-10-10 21:52:00,0.06950287100589321,19.072733154296486,21.886812332236687,0.7901342937219361,19.072733154296486,1186.2103906249722,0.0006755387618604705,-17.222265625001455,3.068031229313317,1203.4326562499737,18.86186333795667,4.480913222246285,1.0,0.5,56.115937499998836,1.0,1.690364377564896,15.511316550925484,88.84718415512049,79.97969415386967,2.4298238333808175,50.01622059796574,1.600254741537131,0.0,0.06950287100589321,19.072733154296486,21.886812332236687,0.7901342937219361,19.072733154296486,1186.2103906249722,0.0006755387618604705,-17.222265625001455,3.068031229313317,1203.4326562499737,18.86186333795667,4.480913222246285,1.0,0.5,56.115937499998836,1.0,1.690364377564896,15.511316550925484,88.84718415512049,79.97969415386967,2.4298238333808175,50.01622059796574,1.600254741537131,0.0,0.3775,4.403179337486342
b9e2516f3260f9e4202ea6734a9ad656,WindowRegression,"{""window_size"": 10, ""input_dim"": ""univariate"", ""output_dim"": ""forecast_length"", ""normalize_window"": false, ""max_windows"": 200000, ""fourier_encoding_components"": null, ""scale"": false, ""datepart_method"": null, ""regression_type"": ""User"", ""regression_model"": {""model"": ""LightGBM"", ""model_params"": {""objective"": ""regression"", ""learning_rate"": 0.1, ""num_leaves"": 1000, ""max_depth"": 5, ""boosting_type"": ""gbdt"", ""n_estimators"": 100, ""linear_tree"": false, ""lambda_l1"": 0.0, ""lambda_l2"": 0.0, ""min_data_in_leaf"": 20, ""feature_fraction"": 1.0, ""max_bin"": 255, ""device_type"": ""cuda""}}}","{""fillna"": ""ffill"", ""transformations"": {""0"": null}, ""transformation_params"": {""0"": {}}}",0 days 00:00:00.000218,0 days 00:00:02.928324,0 days 00:00:00.171738,0 days 00:00:03.139035,0,,1,0,1,2023-10-12 21:52:00,0.06763104758476234,18.084387280607814,22.718333070447738,2.6185259535253986,18.084387280607814,42.499655874820746,2.4831237146960265e-05,-599.9502209168604,10.818934185330166,557.4505650420397,9.933775232734366,9.170199739033803,1.0,0.515625,68.33447274765058,1.0,1.7310893336006916,13.383488528793587,68.59818604282114,83.94629710279425,3.6410125734928567,9.172904121409447,57.833829801455074,0.0,0.06763104758476234,18.084387280607814,22.718333070447738,2.6185259535253986,18.084387280607814,42.499655874820746,2.4831237146960265e-05,-599.9502209168604,10.818934185330166,557.4505650420397,9.933775232734366,9.170199739033803,1.0,0.515625,68.33447274765058,1.0,1.7310893336006916,13.383488528793587,68.59818604282114,83.94629710279425,3.6410125734928567,9.172904121409447,57.833829801455074,0.0,3.139,4.570464316112012
974543be739ebd0f0fa3afbe59ca4a8d,WindowRegression,"{""window_size"": 10, ""input_dim"": ""univariate"", ""output_dim"": ""forecast_length"", ""normalize_window"": false, ""max_windows"": 200000, ""fourier_encoding_components"": null, ""scale"": false, ""datepart_method"": null, ""regression_type"": ""User"", ""regression_model"": {""model"": ""LightGBM"", ""model_params"": {""objective"": ""regression"", ""learning_rate"": 0.1, ""num_leaves"": 1000, ""max_depth"": 5, ""boosting_type"": ""gbdt"", ""n_estimators"": 100, ""linear_tree"": false, ""lambda_l1"": 0.0, ""lambda_l2"": 0.0, ""min_data_in_leaf"": 20, ""feature_fraction"": 1.0, ""max_bin"": 255, ""device_type"": ""cuda""}}}","{""fillna"": null, ""transformations"": {}, ""transformation_params"": {}}",0 days 00:00:00.000194,0 days 00:00:02.926467,0 days 00:00:00.171781,0 days 00:00:03.137284,0,,1,0,1,2023-10-12 21:52:00,0.06768566398173097,18.09899947896804,22.727530427995326,2.621752596763913,18.09899947896804,41.564532889002294,2.4284873649551608e-05,-599.9502497714784,10.820372216577404,558.3857168824761,9.948387027653489,9.170199739033803,1.0,0.515625,68.33447361233266,1.0,1.7315552523603377,13.400806555280319,68.62506657199329,83.99245696735134,3.642311097090427,9.096536377952678,57.98496010211678,0.0,0.06768566398173097,18.09899947896804,22.727530427995326,2.621752596763913,18.09899947896804,41.564532889002294,2.4284873649551608e-05,-599.9502497714784,10.820372216577404,558.3857168824761,9.948387027653489,9.170199739033803,1.0,0.515625,68.33447361233266,1.0,1.7315552523603377,13.400806555280319,68.62506657199329,83.99245696735134,3.642311097090427,9.096536377952678,57.98496010211678,0.0,3.1373,4.572314636482941
71986e2c58b479ec429726e704873db7,WindowRegression,"{""window_size"": 20, ""input_dim"": ""univariate"", ""output_dim"": ""forecast_length"", ""normalize_window"": false, ""max_windows"": 200000, ""fourier_encoding_components"": null, ""scale"": false, ""datepart_method"": null, ""regression_type"": ""User"", ""regression_model"": {""model"": ""xgboost"", ""model_params"": {""booster"": ""gbtree"", ""objective"": ""reg:squarederror"", ""max_depth"": 9, ""eta"": 0.3, ""min_child_weight"": 2, ""subsample"": 1, ""colsample_bylevel"": 0.9, ""reg_alpha"": 100, ""reg_lambda"": 1, ""n_estimators"": 10, ""tree_method"": ""hist"", ""device"": ""cuda""}}}","{""fillna"": ""ffill_mean_biased"", ""transformations"": {""0"": null}, ""transformation_params"": {""0"": {}}}",0 days 00:00:00.000211,0 days 00:00:00.045742,0 days 00:00:00.169339,0 days 00:00:00.255637,0,,1,0,1,2023-10-12 21:52:00,0.08451554713426511,22.611202392578377,24.88779756853291,1.2079533507375153,22.611202392578377,1447.1169531250162,0.000845505769464902,0.0,3.027576519641805,1447.1169531250162,22.611202392578377,9.170199739033803,1.0,0.46875,44.783203125,1.0,1.8698848090779767,19.746495949074248,86.75475042409438,73.35102383659735,2.6691111810739185,81.98382174443414,6.261041206466808,0.0,0.08451554713426511,22.611202392578377,24.88779756853291,1.2079533507375153,22.611202392578377,1447.1169531250162,0.000845505769464902,0.0,3.027576519641805,1447.1169531250162,22.611202392578377,9.170199739033803,1.0,0.46875,44.783203125,1.0,1.8698848090779767,19.746495949074248,86.75475042409438,73.35102383659735,2.6691111810739185,81.98382174443414,6.261041206466808,0.0,0.2556,5.006916235485811
ae4ecf991c6ae1ea6d0a1bc472fb875b,WindowRegression,"{""window_size"": 10, ""input_dim"": ""univariate"", ""output_dim"": ""forecast_length"", ""normalize_window"": false, ""max_windows"": 200000, ""fourier_encoding_components"": null, ""scale"": false, ""datepart_method"": null, ""regression_type"": ""User"", ""regression_model"": {""model"": ""xgboost"", ""model_params"": {""booster"": ""gbtree"", ""objective"": ""reg:squarederror"", ""max_depth"": 6, ""eta"": 0.03, ""min_child_weight"": 1, ""subsample"": 0.5, ""colsample_bylevel"": 0.5, ""reg_alpha"": 0.001, ""reg_lambda"": 1, ""tree_method"": ""hist"", ""device"": ""cuda""}}}","{""fillna"": null, ""transformations"": {}, ""transformation_params"": {}}",0 days 00:00:00.000192,0 days 00:00:00.165752,0 days 00:00:00.181998,0 days 00:00:00.389507,0,,1,0,2,2023-10-10 21:52:00,0.08096220805390676,22.220050048827773,25.314262739199282,0.904216529435077,22.220050048827773,1411.2846093749722,0.0008037170009509069,-5.399296875002619,3.038959759922796,1416.6839062499748,22.164688974547254,4.480913222246285,1.0,0.5625,62.828828124998836,1.0,1.7787136445705984,18.27676649305532,99.13367672209834,121.49214315124408,2.5155168596361706,63.44082231484331,1.2952247261355199,0.0,0.08096220805390676,22.220050048827773,25.314262739199282,0.904216529435077,22.220050048827773,1411.2846093749722,0.0008037170009509069,-5.399296875002619,3.038959759922796,1416.6839062499748,22.164688974547254,4.480913222246285,1.0,0.5625,62.828828124998836,1.0,1.7787136445705984,18.27676649305532,99.13367672209834,121.49214315124408,2.5155168596361706,63.44082231484331,1.2952247261355199,0.0,0.3895,5.092712312097203
ae4ecf991c6ae1ea6d0a1bc472fb875b,WindowRegression,"{""window_size"": 10, ""input_dim"": ""univariate"", ""output_dim"": ""forecast_length"", ""normalize_window"": false, ""max_windows"": 200000, ""fourier_encoding_components"": null, ""scale"": false, ""datepart_method"": null, ""regression_type"": ""User"", ""regression_model"": {""model"": ""xgboost"", ""model_params"": {""booster"": ""gbtree"", ""objective"": ""reg:squarederror"", ""max_depth"": 6, ""eta"": 0.03, ""min_child_weight"": 1, ""subsample"": 0.5, ""colsample_bylevel"": 0.5, ""reg_alpha"": 0.001, ""reg_lambda"": 1, ""tree_method"": ""hist"", ""device"": ""cuda""}}}","{""fillna"": null, ""transformations"": {}, ""transformation_params"": {}}",0 days 00:00:00.000187,0 days 00:00:00.170234,0 days 00:00:00.332638,0 days 00:00:00.544297,0,,1,0,0,2023-10-14 21:52:00,0.09460545022007341,25.408663330078184,26.036562235941414,0.2923959079584538,25.408663330078184,1626.1544531250038,0.0009464799505783029,0.0,3.2437972206395065,1626.1544531250038,25.408663330078184,8.052778455769356,1.0,0.46875,40.008203124998545,1.0,1.6477218613340574,23.97147424768513,97.04575334739285,94.9311247263187,2.1352906858951104,57.23727110619213,1.5100254061052503,0.0,0.09460545022007341,25.408663330078184,26.036562235941414,0.2923959079584538,25.408663330078184,1626.1544531250038,0.0009464799505783029,0.0,3.2437972206395065,1626.1544531250038,25.408663330078184,8.052778455769356,1.0,0.46875,40.008203124998545,1.0,1.6477218613340574,23.97147424768513,97.04575334739285,94.9311247263187,2.1352906858951104,57.23727110619213,1.5100254061052503,0.0,0.5443,5.238024209108691
c04e957c7ceb00fd784c5698ebc26afa,WindowRegression,"{""window_size"": 5, ""input_dim"": ""univariate"", ""output_dim"": ""forecast_length"", ""normalize_window"": false, ""max_windows"": 200000, ""fourier_encoding_components"": null, ""scale"": false, ""datepart_method"": null, ""regression_type"": ""User"", ""regression_model"": {""model"": ""xgboost"", ""model_params"": {""booster"": ""gbtree"", ""objective"": ""reg:squarederror"", ""max_depth"": 6, ""eta"": 0.03, ""min_child_weight"": 0.5, ""subsample"": 0.5, ""colsample_bylevel"": 0.5, ""reg_alpha"": 0, ""reg_lambda"": 1, ""tree_method"": ""hist"", ""device"": ""cuda""}}}","{""fillna"": null, ""transformations"": {}, ""transformation_params"": {}}",0 days 00:00:00.000193,0 days 00:00:00.159873,0 days 00:00:00.178638,0 days 00:00:00.379250,0,,1,0,0,2023-10-14 21:52:00,0.0962359791438247,25.84692626953131,26.40339948327167,0.23517560564518875,25.84692626953131,1654.2032812500038,0.0009628053699789707,0.0,3.262670415780339,1654.2032812500038,25.84692626953131,8.052778455769356,1.0,0.578125,37.533593749998545,1.0,1.6566738966944508,24.611296296296267,99.92524977231867,93.52394270662867,1.984760814026546,57.77905512708626,2.697715922346806,0.0,0.0962359791438247,25.84692626953131,26.40339948327167,0.23517560564518875,25.84692626953131,1654.2032812500038,0.0009628053699789707,0.0,3.262670415780339,1654.2032812500038,25.84692626953131,8.052778455769356,1.0,0.578125,37.533593749998545,1.0,1.6566738966944508,24.611296296296267,99.92524977231867,93.52394270662867,1.984760814026546,57.77905512708626,2.697715922346806,0.0,0.3792,5.3118243661688345
45bdced91dc2d47343e4838f14c37e0a,WindowRegression,"{""window_size"": 5, ""input_dim"": ""univariate"", ""output_dim"": ""forecast_length"", ""normalize_window"": false, ""max_windows"": 200000, ""fourier_encoding_components"": null, ""scale"": false, ""datepart_method"": null, ""regression_type"": ""User"", ""regression_model"": {""model"": ""xgboost"", ""model_params"": {""booster"": ""gbtree"", ""objective"": ""reg:squarederror"", ""max_depth"": 6, ""eta"": 0.03, ""min_child_weight"": 1, ""subsample"": 1, ""colsample_bylevel"": 1, ""reg_alpha"": 0, ""reg_lambda"": 1, ""tree_method"": ""hist"", ""device"": ""cuda""}}}","{""fillna"": null, ""transformations"": {}, ""transformation_params"": {}}",0 days 00:00:00.000186,0 days 00:00:00.156614,0 days 00:00:00.183477,0 days 00:00:00.381586,0,,1,0,0,2023-10-14 21:52:00,0.09736278108786044,26.150118408203184,26.627257576097687,0.27945867610948916,26.150118408203184,1673.6075781250038,0.0009740993635550194,0.0,3.2789578248219415,1673.6075781250038,26.150118408203184,8.052778455769356,1.0,0.40625,35.214453125001455,1.0,1.662838749429551,24.969502314814843,102.4852587294921,99.0565019203453,2.0450323373095083,57.828346607439826,3.197788598604091,0.0,0.09736278108786044,26.150118408203184,26.627257576097687,0.27945867610948916,26.150118408203184,1673.6075781250038,0.0009740993635550194,0.0,3.2789578248219415,1673.6075781250038,26.150118408203184,8.052778455769356,1.0,0.40625,35.214453125001455,1.0,1.662838749429551,24.969502314814843,102.4852587294921,99.0565019203453,2.0450323373095083,57.828346607439826,3.197788598604091,0.0,0.3816,5.356860039427147
d32570a555aa4084c8c08f8d0c9cfcb7,WindowRegression,"{""window_size"": 24, ""input_dim"": ""univariate"", ""output_dim"": ""forecast_length"", ""normalize_window"": false, ""max_windows"": 200000, ""fourier_encoding_components"": null, ""scale"": false, ""datepart_method"": null, ""regression_type"": ""User"", ""regression_model"": {""model"": ""xgboost"", ""model_params"": {""booster"": ""gbtree"", ""objective"": ""reg:squarederror"", ""max_depth"": 6, ""eta"": 0.03, ""min_child_weight"": 1, ""subsample"": 0.9, ""colsample_bylevel"": 1, ""reg_alpha"": 0, ""reg_lambda"": 0.11, ""tree_method"": ""hist"", ""device"": ""cuda""}}}","{""fillna"": ""time"", ""transformations"": {""0"": null}, ""transformation_params"": {""0"": {}}}",0 days 00:00:00.000203,0 days 00:00:00.180600,0 days 00:00:00.184895,0 days 00:00:00.406660,0,,1,3,0,2023-10-14 21:52:00,0.09969227526137908,26.775850830078184,27.10773920793799,0.299442632820498,26.775850830078184,1713.6544531250038,0.0009974080746051755,0.0,3.311590060406137,1713.6544531250038,26.775850830078184,8.052778455769356,1.0,0.5,38.305078124998545,1.0,1.6754901507891027,25.635866608796277,104.34527910792426,102.08053962530569,2.1346124769419634,59.374587183037406,1.7220803619227956,0.0,0.09969227526137908,26.775850830078184,27.10773920793799,0.299442632820498,26.775850830078184,1713.6544531250038,0.0009974080746051755,0.0,3.311590060406137,1713.6544531250038,26.775850830078184,8.052778455769356,1.0,0.5,38.305078124998545,1.0,1.6754901507891027,25.635866608796277,104.34527910792426,102.08053962530569,2.1346124769419634,59.374587183037406,1.7220803619227956,0.0,0.4067,5.453523124084972
d32570a555aa4084c8c08f8d0c9cfcb7,WindowRegression,"{""window_size"": 24, ""input_dim"": ""univariate"", ""output_dim"": ""forecast_length"", ""normalize_window"": false, ""max_windows"": 200000, ""fourier_encoding_components"": null, ""scale"": false, ""datepart_method"": null, ""regression_type"": ""User"", ""regression_model"": {""model"": ""xgboost"", ""model_params"": {""booster"": ""gbtree"", ""objective"": ""reg:squarederror"", ""max_depth"": 6, ""eta"": 0.03, ""min_child_weight"": 1, ""subsample"": 0.9, ""colsample_bylevel"": 1, ""reg_alpha"": 0, ""reg_lambda"": 0.11, ""tree_method"": ""hist"", ""device"": ""cuda""}}}","{""fillna"": ""time"", ""transformations"": {""0"": null}, ""transformation_params"": {""0"": {}}}",0 days 00:00:00.000233,0 days 00:00:00.177518,0 days 00:00:00.339825,0 days 00:00:00.560009,0,,1,0,2,2023-10-10 21:52:00,0.08220945361102776,22.561563720702736,27.762444869804295,0.9489669750273717,22.561563720702736,1401.3978906249722,0.0007980865817638697,-21.271093750001455,3.1779948267054694,1422.6689843749737,22.30127612322067,4.480913222246285,1.0,0.484375,89.01437499999884,1.0,1.7880378490288957,17.118878761573797,109.28458751276013,121.75696585190833,2.7179926739958575,57.298392650167116,2.216739907973901,0.0,0.08220945361102776,22.561563720702736,27.762444869804295,0.9489669750273717,22.561563720702736,1401.3978906249722,0.0007980865817638697,-21.271093750001455,3.1779948267054694,1422.6689843749737,22.30127612322067,4.480913222246285,1.0,0.484375,89.01437499999884,1.0,1.7880378490288957,17.118878761573797,109.28458751276013,121.75696585190833,2.7179926739958575,57.298392650167116,2.216739907973901,0.0,0.56,5.5852365229438385
2e0b8564a570dfb0fb9ed3b4667d9e95,WindowRegression,"{""window_size"": 60, ""input_dim"": ""univariate"", ""output_dim"": ""forecast_length"", ""normalize_window"": false, ""max_windows"": 200000, ""fourier_encoding_components"": null, ""scale"": false, ""datepart_method"": null, ""regression_type"": ""User"", ""regression_model"": {""model"": ""xgboost"", ""model_params"": {""booster"": ""gbtree"", ""objective"": ""reg:squarederror"", ""max_depth"": 3, ""eta"": 0.3, ""min_child_weight"": 1, ""subsample"": 1, ""colsample_bylevel"": 1, ""reg_alpha"": 0, ""reg_lambda"": 1, ""n_estimators"": 7, ""tree_method"": ""hist"", ""device"": ""cuda""}}}","{""fillna"": ""ffill_mean_biased"", ""transformations"": {""0"": null}, ""transformation_params"": {""0"": {}}}",0 days 00:00:00.000197,0 days 00:00:00.022376,0 days 00:00:00.170092,0 days 00:00:00.232739,0,,1,2,0,2023-10-14 21:52:00,0.12842704794274992,34.49725585937506,35.17488608423595,0.2896067475858148,34.49725585937506,2207.824375000004,0.0012850326125663182,0.0,3.550149039219831,2207.824375000004,34.49725585937506,8.052778455769356,1.0,0.359375,54.220546874999854,1.0,1.8243992088378422,32.322968750000186,129.13895192784446,183.79648356178805,1.922138292109168,80.24346912383794,6.678827918602247,0.0,0.12842704794274992,34.49725585937506,35.17488608423595,0.2896067475858148,34.49725585937506,2207.824375000004,0.0012850326125663182,0.0,3.550149039219831,2207.824375000004,34.49725585937506,8.052778455769356,1.0,0.359375,54.220546874999854,1.0,1.8243992088378422,32.322968750000186,129.13895192784446,183.79648356178805,1.922138292109168,80.24346912383794,6.678827918602247,0.0,0.2327,7.076468206218486
ae4ecf991c6ae1ea6d0a1bc472fb875b,WindowRegression,"{""window_size"": 10, ""input_dim"": ""univariate"", ""output_dim"": ""forecast_length"", ""normalize_window"": false, ""max_windows"": 200000, ""fourier_encoding_components"": null, ""scale"": false, ""datepart_method"": null, ""regression_type"": ""User"", ""regression_model"": {""model"": ""xgboost"", ""model_params"": {""booster"": ""gbtree"", ""objective"": ""reg:squarederror"", ""max_depth"": 6, ""eta"": 0.03, ""min_child_weight"": 1, ""subsample"": 0.5, ""colsample_bylevel"": 0.5, ""reg_alpha"": 0.001, ""reg_lambda"": 1, ""tree_method"": ""hist"", ""device"": ""cuda""}}}","{""fillna"": null, ""transformations"": {}, ""transformation_params"": {}}",0 days 00:00:00.000193,0 days 00:00:00.170509,0 days 00:00:00.181330,0 days 00:00:00.393614,0,,1,0,1,2023-10-12 21:52:00,0.13617836367633693,36.44109741210963,37.72590376633705,0.8839237772531425,36.44109741210963,2332.230234375016,0.001362650140077658,0.0,3.5824925888069226,2332.230234375016,36.44109741210963,9.170199739033803,1.0,0.546875,54.55750000000262,1.0,2.2412959024691004,33.86746672453713,144.0131728327927,231.2140065037114,2.19856998470037,128.41737332179088,4.6066459449772506,0.0,0.13617836367633693,36.44109741210963,37.72590376633705,0.8839237772531425,36.44109741210963,2332.230234375016,0.001362650140077658,0.0,3.5824925888069226,2332.230234375016,36.44109741210963,9.170199739033803,1.0,0.546875,54.55750000000262,1.0,2.2412959024691004,33.86746672453713,144.0131728327927,231.2140065037114,2.19856998470037,128.41737332179088,4.6066459449772506,0.0,0.3936,7.589680828361985
2e0b8564a570dfb0fb9ed3b4667d9e95,WindowRegression,"{""window_size"": 60, ""input_dim"": ""univariate"", ""output_dim"": ""forecast_length"", ""normalize_window"": false, ""max_windows"": 200000, ""fourier_encoding_components"": null, ""scale"": false, ""datepart_method"": null, ""regression_type"": ""User"", ""regression_model"": {""model"": ""xgboost"", ""model_params"": {""booster"": ""gbtree"", ""objective"": ""reg:squarederror"", ""max_depth"": 3, ""eta"": 0.3, ""min_child_weight"": 1, ""subsample"": 1, ""colsample_bylevel"": 1, ""reg_alpha"": 0, ""reg_lambda"": 1, ""n_estimators"": 7, ""tree_method"": ""hist"", ""device"": ""cuda""}}}","{""fillna"": ""ffill_mean_biased"", ""transformations"": {""0"": null}, ""transformation_params"": {""0"": {}}}",0 days 00:00:00.000207,0 days 00:00:00.019098,0 days 00:00:00.167990,0 days 00:00:00.227688,0,,1,0,2,2023-10-10 21:52:00,0.13220145882402715,36.292380371093316,38.1746305263,0.68103097347281,36.292380371093316,2322.712343749972,0.0013227689061366204,0.0,3.5671829415454024,2322.712343749972,36.292380371093316,4.480913222246285,1.0,0.5,75.43820312499884,1.0,2.1293677780431337,32.531096643518104,159.07211720692777,220.12653138919956,1.9233066535825762,105.58073113907126,12.52892818091795,0.0,0.13220145882402715,36.292380371093316,38.1746305263,0.68103097347281,36.292380371093316,2322.712343749972,0.0013227689061366204,0.0,3.5671829415454024,2322.712343749972,36.292380371093316,4.480913222246285,1.0,0.5,75.43820312499884,1.0,2.1293677780431337,32.531096643518104,159.07211720692777,220.12653138919956,1.9233066535825762,105.58073113907126,12.52892818091795,0.0,0.2277,7.679955481776722
45bdced91dc2d47343e4838f14c37e0a,WindowRegression,"{""window_size"": 5, ""input_dim"": ""univariate"", ""output_dim"": ""forecast_length"", ""normalize_window"": false, ""max_windows"": 200000, ""fourier_encoding_components"": null, ""scale"": false, ""datepart_method"": null, ""regression_type"": ""User"", ""regression_model"": {""model"": ""xgboost"", ""model_params"": {""booster"": ""gbtree"", ""objective"": ""reg:squarederror"", ""max_depth"": 6, ""eta"": 0.03, ""min_child_weight"": 1, ""subsample"": 1, ""colsample_bylevel"": 1, ""reg_alpha"": 0, ""reg_lambda"": 1, ""tree_method"": ""hist"", ""device"": ""cuda""}}}","{""fillna"": null, ""transformations"": {}, ""transformation_params"": {}}",0 days 00:00:00.000196,0 days 00:00:00.157621,0 days 00:00:00.180873,0 days 00:00:00.380818,0,,1,0,1,2023-10-12 21:52:00,0.1415345063124508,37.8768579101565,39.08650359631874,1.0986539110724933,37.8768579101565,2424.118906250016,0.0014163378548480536,0.0,3.6232808924444697,2424.118906250016,37.8768579101565,9.170199739033803,1.0,0.5625,56.77796875000058,1.0,2.276384743815045,35.19302372685194,147.52878055308955,222.91395615169586,2.6428342900941204,135.60038907872388,7.205559471410294,0.0,0.1415345063124508,37.8768579101565,39.08650359631874,1.0986539110724933,37.8768579101565,2424.118906250016,0.0014163378548480536,0.0,3.6232808924444697,2424.118906250016,37.8768579101565,9.170199739033803,1.0,0.5625,56.77796875000058,1.0,2.276384743815045,35.19302372685194,147.52878055308955,222.91395615169586,2.6428342900941204,135.60038907872388,7.205559471410294,0.0,0.3808,7.863405707390569
c04e957c7ceb00fd784c5698ebc26afa,WindowRegression,"{""window_size"": 5, ""input_dim"": ""univariate"", ""output_dim"": ""forecast_length"", ""normalize_window"": false, ""max_windows"": 200000, ""fourier_encoding_components"": null, ""scale"": false, ""datepart_method"": null, ""regression_type"": ""User"", ""regression_model"": {""model"": ""xgboost"", ""model_params"": {""booster"": ""gbtree"", ""objective"": ""reg:squarederror"", ""max_depth"": 6, ""eta"": 0.03, ""min_child_weight"": 0.5, ""subsample"": 0.5, ""colsample_bylevel"": 0.5, ""reg_alpha"": 0, ""reg_lambda"": 1, ""tree_method"": ""hist"", ""device"": ""cuda""}}}","{""fillna"": null, ""transformations"": {}, ""transformation_params"": {}}",0 days 00:00:00.000193,0 days 00:00:00.161941,0 days 00:00:00.180155,0 days 00:00:00.383824,0,,1,0,1,2023-10-12 21:52:00,0.15295032955600535,40.934108886719,42.40240782563395,1.2227753429877466,40.934108886719,2619.782968750016,0.0015306583272628352,0.0,3.6950249303801757,2619.782968750016,40.934108886719,9.170199739033803,1.0,0.609375,65.62390625000262,1.0,2.3493560886879603,37.93689959490756,159.8660917903598,268.8840243408451,2.8123365537439344,145.57485870324805,15.22076213238817,0.0,0.15295032955600535,40.934108886719,42.40240782563395,1.2227753429877466,40.934108886719,2619.782968750016,0.0015306583272628352,0.0,3.6950249303801757,2619.782968750016,40.934108886719,9.170199739033803,1.0,0.609375,65.62390625000262,1.0,2.3493560886879603,37.93689959490756,159.8660917903598,268.8840243408451,2.8123365537439344,145.57485870324805,15.22076213238817,0.0,0.3838,8.530497870743178
d32570a555aa4084c8c08f8d0c9cfcb7,WindowRegression,"{""window_size"": 24, ""input_dim"": ""univariate"", ""output_dim"": ""forecast_length"", ""normalize_window"": false, ""max_windows"": 200000, ""fourier_encoding_components"": null, ""scale"": false, ""datepart_method"": null, ""regression_type"": ""User"", ""regression_model"": {""model"": ""xgboost"", ""model_params"": {""booster"": ""gbtree"", ""objective"": ""reg:squarederror"", ""max_depth"": 6, ""eta"": 0.03, ""min_child_weight"": 1, ""subsample"": 0.9, ""colsample_bylevel"": 1, ""reg_alpha"": 0, ""reg_lambda"": 0.11, ""tree_method"": ""hist"", ""device"": ""cuda""}}}","{""fillna"": ""time"", ""transformations"": {""0"": null}, ""transformation_params"": {""0"": {}}}",0 days 00:00:00.000212,0 days 00:00:00.181014,0 days 00:00:00.182405,0 days 00:00:00.405795,0,,1,0,1,2023-10-12 21:52:00,0.15606622083109745,41.768825683594,42.853003739704256,1.0905034663410595,41.768825683594,2673.204843750016,0.0015618710799229381,0.0,3.729154764621743,2673.204843750016,41.768825683594,9.170199739033803,1.0,0.53125,62.24695312500262,1.0,2.36888874169218,39.12650752314827,164.81282568773827,263.66798819198533,2.5263902309670514,149.02697785759548,5.439076658832026,0.0,0.15606622083109745,41.768825683594,42.853003739704256,1.0905034663410595,41.768825683594,2673.204843750016,0.0015618710799229381,0.0,3.729154764621743,2673.204843750016,41.768825683594,9.170199739033803,1.0,0.53125,62.24695312500262,1.0,2.36888874169218,39.12650752314827,164.81282568773827,263.66798819198533,2.5263902309670514,149.02697785759548,5.439076658832026,0.0,0.4058,8.621148559764157
2e0b8564a570dfb0fb9ed3b4667d9e95,WindowRegression,"{""window_size"": 60, ""input_dim"": ""univariate"", ""output_dim"": ""forecast_length"", ""normalize_window"": false, ""max_windows"": 200000, ""fourier_encoding_components"": null, ""scale"": false, ""datepart_method"": null, ""regression_type"": ""User"", ""regression_model"": {""model"": ""xgboost"", ""model_params"": {""booster"": ""gbtree"", ""objective"": ""reg:squarederror"", ""max_depth"": 3, ""eta"": 0.3, ""min_child_weight"": 1, ""subsample"": 1, ""colsample_bylevel"": 1, ""reg_alpha"": 0, ""reg_lambda"": 1, ""n_estimators"": 7, ""tree_method"": ""hist"", ""device"": ""cuda""}}}","{""fillna"": ""ffill_mean_biased"", ""transformations"": {""0"": null}, ""transformation_params"": {""0"": {}}}",0 days 00:00:00.000204,0 days 00:00:00.021082,0 days 00:00:00.169365,0 days 00:00:00.232670,0,,1,0,1,2023-10-12 21:52:00,0.23843331910179122,63.84017578125025,64.74996324907272,1.2260171104766902,63.84017578125025,4085.771250000016,0.002387190031274826,0.0,4.157458240359082,4085.771250000016,63.84017578125025,9.170199739033803,1.0,0.453125,84.31726562500262,1.0,2.836987624475717,60.88409432870389,250.8378249301035,718.1239258219425,2.486952855970751,229.3827999535447,4.563008301613752,0.0,0.23843331910179122,63.84017578125025,64.74996324907272,1.2260171104766902,63.84017578125025,4085.771250000016,0.002387190031274826,0.0,4.157458240359082,4085.771250000016,63.84017578125025,9.170199739033803,1.0,0.453125,84.31726562500262,1.0,2.836987624475717,60.88409432870389,250.8378249301035,718.1239258219425,2.486952855970751,229.3827999535447,4.563008301613752,0.0,0.2327,13.026369301910174
3df6a4a61cdf53b073fe125e1463c7e3,WindowRegression,"{""window_size"": 10, ""input_dim"": ""univariate"", ""output_dim"": ""forecast_length"", ""normalize_window"": false, ""max_windows"": 200000, ""fourier_encoding_components"": null, ""scale"": false, ""datepart_method"": null, ""regression_type"": ""User"", ""regression_model"": {""model"": ""LightGBM"", ""model_params"": {""objective"": ""regression"", ""learning_rate"": 0.01, ""num_leaves"": 31, ""max_depth"": 5, ""boosting_type"": ""gbdt"", ""n_estimators"": 100, ""linear_tree"": false, ""lambda_l1"": 1, ""lambda_l2"": 0.0, ""min_data_in_leaf"": 30, ""feature_fraction"": 1.0, ""max_bin"": 255, ""device_type"": ""cuda""}}}","{""fillna"": null, ""transformations"": {}, ""transformation_params"": {}}",0 days 00:00:00.000190,0 days 00:00:00.588265,0 days 00:00:00.170830,0 days 00:00:00.797981,0,,1,0,2,2023-10-10 21:52:00,0.5016383664719578,137.97583424202588,138.43610526476292,0.8446934738038281,137.97583424202588,8830.453391489656,0.005028883238504261,0.0,4.931213325060936,8830.453391489656,137.97583424202588,4.480913222246285,1.0,0.546875,189.68136353581576,1.0,3.7995126456838415,134.74903011692643,558.3023353218293,3186.102025559761,1.9008323333270134,427.2392768725189,21.5349915887658,0.0,0.5016383664719578,137.97583424202588,138.43610526476292,0.8446934738038281,137.97583424202588,8830.453391489656,0.005028883238504261,0.0,4.931213325060936,8830.453391489656,137.97583424202588,4.480913222246285,1.0,0.546875,189.68136353581576,1.0,3.7995126456838415,134.74903011692643,558.3023353218293,3186.102025559761,1.9008323333270134,427.2392768725189,21.5349915887658,0.0,0.798,27.85051514176324
e5ae2de7371edf27a15eeb18d98c909a,WindowRegression,"{""window_size"": 2, ""input_dim"": ""univariate"", ""output_dim"": ""forecast_length"", ""normalize_window"": false, ""max_windows"": 200000, ""fourier_encoding_components"": null, ""scale"": false, ""datepart_method"": null, ""regression_type"": ""User"", ""regression_model"": {""model"": ""xgboost"", ""model_params"": {""booster"": ""gbtree"", ""objective"": ""reg:squarederror"", ""max_depth"": 6, ""eta"": 0.01, ""min_child_weight"": 2, ""subsample"": 1, ""colsample_bylevel"": 1, ""reg_alpha"": 0, ""reg_lambda"": 1, ""n_estimators"": 100, ""tree_method"": ""hist"", ""device"": ""cuda""}}}","{""fillna"": null, ""transformations"": {}, ""transformation_params"": {}}",0 days 00:00:00.000196,0 days 00:00:00.145136,0 days 00:00:00.179011,0 days 00:00:00.365733,0,,1,0,2,2023-10-10 21:52:00,0.5031958708328014,138.40450195312457,138.9924082831049,0.8187417792076612,138.40450195312457,8857.888124999972,0.005044507132928054,0.0,4.933436657891242,8857.888124999972,138.40450195312457,4.480913222246285,1.0,0.5,177.86281249999956,1.0,3.805002057506605,134.22324942129592,563.9184241532155,3318.588436535962,1.598988918082414,427.20437552724906,22.026538709364825,0.0,0.5031958708328014,138.40450195312457,138.9924082831049,0.8187417792076612,138.40450195312457,8857.888124999972,0.005044507132928054,0.0,4.933436657891242,8857.888124999972,138.40450195312457,4.480913222246285,1.0,0.5,177.86281249999956,1.0,3.805002057506605,134.22324942129592,563.9184241532155,3318.588436535962,1.598988918082414,427.20437552724906,22.026538709364825,0.0,0.3657,27.962431939813218
e7c9e40538638d03b66b3d2f031253e8,WindowRegression,"{""window_size"": 5, ""input_dim"": ""univariate"", ""output_dim"": ""forecast_length"", ""normalize_window"": false, ""max_windows"": 200000, ""fourier_encoding_components"": null, ""scale"": false, ""datepart_method"": null, ""regression_type"": ""User"", ""regression_model"": {""model"": ""xgboost"", ""model_params"": {""booster"": ""gbtree"", ""objective"": ""reg:squarederror"", ""max_depth"": 3, ""eta"": 0.01, ""min_child_weight"": 1, ""subsample"": 1, ""colsample_bylevel"": 1, ""reg_alpha"": 100, ""reg_lambda"": 1, ""n_estimators"": 100, ""tree_method"": ""hist"", ""device"": ""cuda""}}}","{""fillna"": ""rolling_mean"", ""transformations"": {""0"": null}, ""transformation_params"": {""0"": {}}}",0 days 00:00:00.000216,0 days 00:00:00.071349,0 days 00:00:00.177330,0 days 00:00:00.290438,0,,1,0,2,2023-10-10 21:52:00,0.5058505686402383,139.13628295898394,139.71670319156343,0.8042487891766044,139.13628295898394,8904.722109374972,0.005071178768978225,0.0,4.938733375952651,8904.722109374972,139.13628295898394,4.480913222246285,1.0,0.453125,177.31398437499956,1.0,3.8143548083085346,135.0381004050922,567.7520196149212,3289.407150295209,1.5156841596574264,428.5886237468875,22.699385926362464,0.0,0.5058505686402383,139.13628295898394,139.71670319156343,0.8042487891766044,139.13628295898394,8904.722109374972,0.005071178768978225,0.0,4.938733375952651,8904.722109374972,139.13628295898394,4.480913222246285,1.0,0.453125,177.31398437499956,1.0,3.8143548083085346,135.0381004050922,567.7520196149212,3289.407150295209,1.5156841596574264,428.5886237468875,22.699385926362464,0.0,0.2904,28.10814527288154
e7c9e40538638d03b66b3d2f031253e8,WindowRegression,"{""window_size"": 5, ""input_dim"": ""univariate"", ""output_dim"": ""forecast_length"", ""normalize_window"": false, ""max_windows"": 200000, ""fourier_encoding_components"": null, ""scale"": false, ""datepart_method"": null, ""regression_type"": ""User"", ""regression_model"": {""model"": ""xgboost"", ""model_params"": {""booster"": ""gbtree"", ""objective"": ""reg:squarederror"", ""max_depth"": 3, ""eta"": 0.01, ""min_child_weight"": 1, ""subsample"": 1, ""colsample_bylevel"": 1, ""reg_alpha"": 100, ""reg_lambda"": 1, ""n_estimators"": 100, ""tree_method"": ""hist"", ""device"": ""cuda""}}}","{""fillna"": ""rolling_mean"", ""transformations"": {""0"": null}, ""transformation_params"": {""0"": {}}}",0 days 00:00:00.000204,0 days 00:00:00.075926,0 days 00:00:00.180356,0 days 00:00:00.297115,0,,1,3,0,2023-10-14 21:52:00,0.7395464392021409,199.26693969726568,199.81669305744603,0.38967014175552267,199.26693969726568,12753.084140625004,0.007422750295301636,0.0,5.296923792002216,12753.084140625004,199.26693969726568,8.052778455769356,1.0,0.390625,222.91523437499927,1.0,3.80128323582752,195.450836226852,753.0822901831755,5114.4023243991705,0.2661488749215065,454.01129565473644,19.87651776238521,0.0,0.7395464392021409,199.26693969726568,199.81669305744603,0.38967014175552267,199.26693969726568,12753.084140625004,0.007422750295301636,0.0,5.296923792002216,12753.084140625004,199.26693969726568,8.052778455769356,1.0,0.390625,222.91523437499927,1.0,3.80128323582752,195.450836226852,753.0822901831755,5114.4023243991705,0.2661488749215065,454.01129565473644,19.87651776238521,0.0,0.2971,40.199034962232176
e5ae2de7371edf27a15eeb18d98c909a,WindowRegression,"{""window_size"": 2, ""input_dim"": ""univariate"", ""output_dim"": ""forecast_length"", ""normalize_window"": false, ""max_windows"": 200000, ""fourier_encoding_components"": null, ""scale"": false, ""datepart_method"": null, ""regression_type"": ""User"", ""regression_model"": {""model"": ""xgboost"", ""model_params"": {""booster"": ""gbtree"", ""objective"": ""reg:squarederror"", ""max_depth"": 6, ""eta"": 0.01, ""min_child_weight"": 2, ""subsample"": 1, ""colsample_bylevel"": 1, ""reg_alpha"": 0, ""reg_lambda"": 1, ""n_estimators"": 100, ""tree_method"": ""hist"", ""device"": ""cuda""}}}","{""fillna"": null, ""transformations"": {}, ""transformation_params"": {}}",0 days 00:00:00.000181,0 days 00:00:00.144263,0 days 00:00:00.180432,0 days 00:00:00.366265,0,,1,0,0,2023-10-14 21:52:00,0.7779425929635576,209.65469604492193,209.77675945200895,0.4424876211090575,209.65469604492193,13417.900546875004,0.0078096971797884905,0.0,5.349643006104456,13417.900546875004,209.65469604492193,8.052778455769356,1.0,0.375,223.18789062499854,0.453125,39.277723665114756,207.73240596064824,811.2873967035812,5479.290290546601,1.1608715059557446,467.35214913241055,17.667802162619093,0.0,0.7779425929635576,209.65469604492193,209.77675945200895,0.4424876211090575,209.65469604492193,13417.900546875004,0.0078096971797884905,0.0,5.349643006104456,13417.900546875004,209.65469604492193,8.052778455769356,1.0,0.375,223.18789062499854,0.453125,39.277723665114756,207.73240596064824,811.2873967035812,5479.290290546601,1.1608715059557446,467.35214913241055,17.667802162619093,0.0,0.3663,42.20279676558701
3df6a4a61cdf53b073fe125e1463c7e3,WindowRegression,"{""window_size"": 10, ""input_dim"": ""univariate"", ""output_dim"": ""forecast_length"", ""normalize_window"": false, ""max_windows"": 200000, ""fourier_encoding_components"": null, ""scale"": false, ""datepart_method"": null, ""regression_type"": ""User"", ""regression_model"": {""model"": ""LightGBM"", ""model_params"": {""objective"": ""regression"", ""learning_rate"": 0.01, ""num_leaves"": 31, ""max_depth"": 5, ""boosting_type"": ""gbdt"", ""n_estimators"": 100, ""linear_tree"": false, ""lambda_l1"": 1, ""lambda_l2"": 0.0, ""min_data_in_leaf"": 30, ""feature_fraction"": 1.0, ""max_bin"": 255, ""device_type"": ""cuda""}}}","{""fillna"": null, ""transformations"": {}, ""transformation_params"": {}}",0 days 00:00:00.000180,0 days 00:00:00.626459,0 days 00:00:00.171372,0 days 00:00:00.835820,0,,1,0,0,2023-10-14 21:52:00,0.7812374592066642,210.54617299464786,210.65556461426885,0.43686213910718896,210.54617299464786,13474.955071657463,0.007842904950238951,0.0,5.353929953673188,13474.955071657463,210.54617299464786,8.052778455769356,1.0,0.390625,223.62432401109618,0.328125,44.16608956322913,208.68205091108143,815.8395068528746,5514.882693356402,1.0828568409048838,468.8566020047867,17.849854741894543,0.0,0.7812374592066642,210.54617299464786,210.65556461426885,0.43686213910718896,210.54617299464786,13474.955071657463,0.007842904950238951,0.0,5.353929953673188,13474.955071657463,210.54617299464786,8.052778455769356,1.0,0.390625,223.62432401109618,0.328125,44.16608956322913,208.68205091108143,815.8395068528746,5514.882693356402,1.0828568409048838,468.8566020047867,17.849854741894543,0.0,0.8358,42.37959440397311
f23200d1504deecc9146760fccbdf465,WindowRegression,"{""window_size"": 5, ""input_dim"": ""univariate"", ""output_dim"": ""forecast_length"", ""normalize_window"": false, ""max_windows"": 200000, ""fourier_encoding_components"": null, ""scale"": false, ""datepart_method"": null, ""regression_type"": ""User"", ""regression_model"": {""model"": ""xgboost"", ""model_params"": {""booster"": ""gbtree"", ""objective"": ""reg:squarederror"", ""max_depth"": 3, ""eta"": 0.003, ""min_child_weight"": 1, ""subsample"": 1, ""colsample_bylevel"": 0.5, ""reg_alpha"": 0, ""reg_lambda"": 1, ""tree_method"": ""hist"", ""device"": ""cuda""}}}","{""fillna"": null, ""transformations"": {}, ""transformation_params"": {}}",0 days 00:00:00.000195,0 days 00:00:00.080317,0 days 00:00:00.177352,0 days 00:00:00.299366,0,,1,0,2,2023-10-10 21:52:00,1.0004234708876534,275.85808471679644,276.31417650482143,0.9489000490077302,275.85808471679644,17654.917421874972,0.010054355576533582,0.0,5.621945322984761,17654.917421874972,275.85808471679644,4.480913222246285,1.0,0.484375,325.85695312499956,0.0,86.23299848979995,270.6262789351848,1112.6485796038824,13065.308279774814,1.1279242485342837,857.0219249217411,22.609076454741228,0.0,1.0004234708876534,275.85808471679644,276.31417650482143,0.9489000490077302,275.85808471679644,17654.917421874972,0.010054355576533582,0.0,5.621945322984761,17654.917421874972,275.85808471679644,4.480913222246285,1.0,0.484375,325.85695312499956,0.0,86.23299848979995,270.6262789351848,1112.6485796038824,13065.308279774814,1.1279242485342837,857.0219249217411,22.609076454741228,0.0,0.2994,55.58876524237319
9fb532fdbad922e28d847f5a5f56189a,WindowRegression,"{""window_size"": 10, ""input_dim"": ""univariate"", ""output_dim"": ""forecast_length"", ""normalize_window"": false, ""max_windows"": 200000, ""fourier_encoding_components"": null, ""scale"": false, ""datepart_method"": null, ""regression_type"": ""User"", ""regression_model"": {""model"": ""xgboost"", ""model_params"": {""booster"": ""gbtree"", ""objective"": ""reg:squarederror"", ""max_depth"": 6, ""eta"": 0.003, ""min_child_weight"": 5, ""subsample"": 1, ""colsample_bylevel"": 1, ""reg_alpha"": 0, ""reg_lambda"": 1, ""grow_policy"": ""lossguide"", ""tree_method"": ""hist"", ""device"": ""cuda""}}}","{""fillna"": ""ffill"", ""transformations"": {""0"": null}, ""transformation_params"": {""0"": {}}}",0 days 00:00:00.000211,0 days 00:00:00.263483,0 days 00:00:00.178627,0 days 00:00:00.483755,0,,1,0,2,2023-10-10 21:52:00,1.0065718694371486,277.56221679687457,277.9752508868036,0.9494358137865627,277.56221679687457,17763.981874999972,0.010116467041927367,0.0,5.628241150739531,17763.981874999972,277.56221679687457,4.480913222246285,1.0,0.484375,326.07765624999956,0.0,86.75131554170906,272.5197627314811,1117.8416909172206,13191.420082604922,1.2918780649167283,863.4991451643749,21.816148742661696,0.0,1.0065718694371486,277.56221679687457,277.9752508868036,0.9494358137865627,277.56221679687457,17763.981874999972,0.010116467041927367,0.0,5.628241150739531,17763.981874999972,277.56221679687457,4.480913222246285,1.0,0.484375,326.07765624999956,0.0,86.75131554170906,272.5197627314811,1117.8416909172206,13191.420082604922,1.2918780649167283,863.4991451643749,21.816148742661696,0.0,0.4838,55.922939460425
e7c9e40538638d03b66b3d2f031253e8,WindowRegression,"{""window_size"": 5, ""input_dim"": ""univariate"", ""output_dim"": ""forecast_length"", ""normalize_window"": false, ""max_windows"": 200000, ""fourier_encoding_components"": null, ""scale"": false, ""datepart_method"": null, ""regression_type"": ""User"", ""regression_model"": {""model"": ""xgboost"", ""model_params"": {""booster"": ""gbtree"", ""objective"": ""reg:squarederror"", ""max_depth"": 3, ""eta"": 0.01, ""min_child_weight"": 1, ""subsample"": 1, ""colsample_bylevel"": 1, ""reg_alpha"": 100, ""reg_lambda"": 1, ""n_estimators"": 100, ""tree_method"": ""hist"", ""device"": ""cuda""}}}","{""fillna"": ""rolling_mean"", ""transformations"": {""0"": null}, ""transformation_params"": {""0"": {}}}",0 days 00:00:00.000211,0 days 00:00:00.072455,0 days 00:00:00.336248,0 days 00:00:00.450858,0,,1,0,1,2023-10-12 21:52:00,1.1377885305140807,306.0147973632815,306.22205317086514,1.2322843299504584,306.0147973632815,19584.947031250016,0.011442880047688756,0.0,5.726224042599709,19584.947031250016,306.0147973632815,9.170199739033803,1.0,0.4375,336.7606250000026,1.0,5.8980198602211935,302.91285879629646,1202.4846305577494,18401.52355397053,2.095425771706701,1096.3864930368438,15.853666255573884,0.0,1.1377885305140807,306.0147973632815,306.22205317086514,1.2322843299504584,306.0147973632815,19584.947031250016,0.011442880047688756,0.0,5.726224042599709,19584.947031250016,306.0147973632815,9.170199739033803,1.0,0.4375,336.7606250000026,1.0,5.8980198602211935,302.91285879629646,1202.4846305577494,18401.52355397053,2.095425771706701,1096.3864930368438,15.853666255573884,0.0,0.4509,61.60561879623906
e5ae2de7371edf27a15eeb18d98c909a,WindowRegression,"{""window_size"": 2, ""input_dim"": ""univariate"", ""output_dim"": ""forecast_length"", ""normalize_window"": false, ""max_windows"": 200000, ""fourier_encoding_components"": null, ""scale"": false, ""datepart_method"": null, ""regression_type"": ""User"", ""regression_model"": {""model"": ""xgboost"", ""model_params"": {""booster"": ""gbtree"", ""objective"": ""reg:squarederror"", ""max_depth"": 6, ""eta"": 0.01, ""min_child_weight"": 2, ""subsample"": 1, ""colsample_bylevel"": 1, ""reg_alpha"": 0, ""reg_lambda"": 1, ""n_estimators"": 100, ""tree_method"": ""hist"", ""device"": ""cuda""}}}","{""fillna"": null, ""transformations"": {}, ""transformation_params"": {}}",0 days 00:00:00.000195,0 days 00:00:00.156417,0 days 00:00:00.179583,0 days 00:00:00.377529,0,,1,0,1,2023-10-12 21:52:00,1.1886811818367875,319.786159667969,319.9332876762272,1.511154773638981,319.786159667969,20466.314218750016,0.011957835691349112,0.0,5.7703157128365525,20466.314218750016,319.786159667969,9.170199739033803,1.0,0.515625,344.26242187499884,1.0,6.025538472605442,317.09071903935205,1256.6526804748041,19647.00319027479,2.8059158850687416,1146.493735537217,31.760211880635335,0.0,1.1886811818367875,319.786159667969,319.9332876762272,1.511154773638981,319.786159667969,20466.314218750016,0.011957835691349112,0.0,5.7703157128365525,20466.314218750016,319.786159667969,9.170199739033803,1.0,0.515625,344.26242187499884,1.0,6.025538472605442,317.09071903935205,1256.6526804748041,19647.00319027479,2.8059158850687416,1146.493735537217,31.760211880635335,0.0,0.3775,64.36403896035394
3df6a4a61cdf53b073fe125e1463c7e3,WindowRegression,"{""window_size"": 10, ""input_dim"": ""univariate"", ""output_dim"": ""forecast_length"", ""normalize_window"": false, ""max_windows"": 200000, ""fourier_encoding_components"": null, ""scale"": false, ""datepart_method"": null, ""regression_type"": ""User"", ""regression_model"": {""model"": ""LightGBM"", ""model_params"": {""objective"": ""regression"", ""learning_rate"": 0.01, ""num_leaves"": 31, ""max_depth"": 5, ""boosting_type"": ""gbdt"", ""n_estimators"": 100, ""linear_tree"": false, ""lambda_l1"": 1, ""lambda_l2"": 0.0, ""min_data_in_leaf"": 30, ""feature_fraction"": 1.0, ""max_bin"": 255, ""device_type"": ""cuda""}}}","{""fillna"": null, ""transformations"": {}, ""transformation_params"": {}}",0 days 00:00:00.000197,0 days 00:00:00.606201,0 days 00:00:00.171068,0 days 00:00:00.816061,0,,1,0,1,2023-10-12 21:52:00,1.2307944678352918,331.1890512390498,331.4439156041715,1.9658473650749728,331.1890512390498,21196.099279299186,0.012384226576917233,0.0,5.804933459617261,21196.099279299186,331.1890512390498,9.170199739033803,1.0,0.484375,359.26012679905034,1.0,6.129118221238834,327.57614989361946,1308.2746973969286,20882.064230601078,3.096294853092314,1183.2095791186048,40.041050283402875,0.0,1.2307944678352918,331.1890512390498,331.4439156041715,1.9658473650749728,331.1890512390498,21196.099279299186,0.012384226576917233,0.0,5.804933459617261,21196.099279299186,331.1890512390498,9.170199739033803,1.0,0.484375,359.26012679905034,1.0,6.129118221238834,327.57614989361946,1308.2746973969286,20882.064230601078,3.096294853092314,1183.2095791186048,40.041050283402875,0.0,0.8161,66.67974205518821
f23200d1504deecc9146760fccbdf465,WindowRegression,"{""window_size"": 5, ""input_dim"": ""univariate"", ""output_dim"": ""forecast_length"", ""normalize_window"": false, ""max_windows"": 200000, ""fourier_encoding_components"": null, ""scale"": false, ""datepart_method"": null, ""regression_type"": ""User"", ""regression_model"": {""model"": ""xgboost"", ""model_params"": {""booster"": ""gbtree"", ""objective"": ""reg:squarederror"", ""max_depth"": 3, ""eta"": 0.003, ""min_child_weight"": 1, ""subsample"": 1, ""colsample_bylevel"": 0.5, ""reg_alpha"": 0, ""reg_lambda"": 1, ""tree_method"": ""hist"", ""device"": ""cuda""}}}","{""fillna"": null, ""transformations"": {}, ""transformation_params"": {}}",0 days 00:00:00.000184,0 days 00:00:00.083179,0 days 00:00:00.179076,0 days 00:00:00.303558,0,,1,0,0,2023-10-14 21:52:00,1.5615649965831695,422.50335937500006,422.7793586533942,0.620691091492929,422.50335937500006,27040.215000000004,0.01573837055123775,0.0,6.047912992916649,27040.215000000004,422.50335937500006,8.052778455769356,1.0,0.375,447.9305468750026,0.0,109.84303837483832,418.4736950231483,1630.5458594425081,22057.37302538,1.4957911209812136,944.2159143567534,5.96774197843926,0.0,1.5615649965831695,422.50335937500006,422.7793586533942,0.620691091492929,422.50335937500006,27040.215000000004,0.01573837055123775,0.0,6.047912992916649,27040.215000000004,422.50335937500006,8.052778455769356,1.0,0.375,447.9305468750026,0.0,109.84303837483832,418.4736950231483,1630.5458594425081,22057.37302538,1.4957911209812136,944.2159143567534,5.96774197843926,0.0,0.3036,85.05456656182294
9fb532fdbad922e28d847f5a5f56189a,WindowRegression,"{""window_size"": 10, ""input_dim"": ""univariate"", ""output_dim"": ""forecast_length"", ""normalize_window"": false, ""max_windows"": 200000, ""fourier_encoding_components"": null, ""scale"": false, ""datepart_method"": null, ""regression_type"": ""User"", ""regression_model"": {""model"": ""xgboost"", ""model_params"": {""booster"": ""gbtree"", ""objective"": ""reg:squarederror"", ""max_depth"": 6, ""eta"": 0.003, ""min_child_weight"": 5, ""subsample"": 1, ""colsample_bylevel"": 1, ""reg_alpha"": 0, ""reg_lambda"": 1, ""grow_policy"": ""lossguide"", ""tree_method"": ""hist"", ""device"": ""cuda""}}}","{""fillna"": ""ffill"", ""transformations"": {""0"": null}, ""transformation_params"": {""0"": {}}}",0 days 00:00:00.000198,0 days 00:00:00.293028,0 days 00:00:00.181996,0 days 00:00:00.516234,0,,1,2,0,2023-10-14 21:52:00,1.5825450959035543,428.22549682617193,428.37098352035935,0.6518700023369397,428.22549682617193,27406.431796875004,0.015951521802117452,0.0,6.061644830357882,27406.431796875004,428.22549682617193,8.052778455769356,1.0,0.328125,446.77773437499854,0.0,111.29568043358773,425.3358550347224,1661.8339225096295,22507.624661216872,1.7603531342154812,951.8688523334662,4.218697755488104,0.0,1.5825450959035543,428.22549682617193,428.37098352035935,0.6518700023369397,428.22549682617193,27406.431796875004,0.015951521802117452,0.0,6.061644830357882,27406.431796875004,428.22549682617193,8.052778455769356,1.0,0.328125,446.77773437499854,0.0,111.29568043358773,425.3358550347224,1661.8339225096295,22507.624661216872,1.7603531342154812,951.8688523334662,4.218697755488104,0.0,0.5162,86.1794872082586
9fb532fdbad922e28d847f5a5f56189a,WindowRegression,"{""window_size"": 10, ""input_dim"": ""univariate"", ""output_dim"": ""forecast_length"", ""normalize_window"": false, ""max_windows"": 200000, ""fourier_encoding_components"": null, ""scale"": false, ""datepart_method"": null, ""regression_type"": ""User"", ""regression_model"": {""model"": ""xgboost"", ""model_params"": {""booster"": ""gbtree"", ""objective"": ""reg:squarederror"", ""max_depth"": 6, ""eta"": 0.003, ""min_child_weight"": 5, ""subsample"": 1, ""colsample_bylevel"": 1, ""reg_alpha"": 0, ""reg_lambda"": 1, ""grow_policy"": ""lossguide"", ""tree_method"": ""hist"", ""device"": ""cuda""}}}","{""fillna"": ""ffill"", ""transformations"": {""0"": null}, ""transformation_params"": {""0"": {}}}",0 days 00:00:00.000211,0 days 00:00:00.321736,0 days 00:00:00.180094,0 days 00:00:00.543546,0,,1,0,1,2023-10-12 21:52:00,2.420033776840378,655.1092187500003,655.2240355045975,1.8146620033184244,655.1092187500003,41926.99000000002,0.024496646152023065,0.0,6.4861528828406705,41926.99000000002,655.1092187500003,21.159373745356426,0.0,0.453125,687.9168750000026,1.0,8.563272371425084,651.686689814815,2575.572501940576,84190.40655924141,2.5085881370906002,2348.9077179311794,51.74010244152971,0.0,2.420033776840378,655.1092187500003,655.2240355045975,1.8146620033184244,655.1092187500003,41926.99000000002,0.024496646152023065,0.0,6.4861528828406705,41926.99000000002,655.1092187500003,21.159373745356426,0.0,0.453125,687.9168750000026,1.0,8.563272371425084,651.686689814815,2575.572501940576,84190.40655924141,2.5085881370906002,2348.9077179311794,51.74010244152971,0.0,0.5435,131.81768504081774
f23200d1504deecc9146760fccbdf465,WindowRegression,"{""window_size"": 5, ""input_dim"": ""univariate"", ""output_dim"": ""forecast_length"", ""normalize_window"": false, ""max_windows"": 200000, ""fourier_encoding_components"": null, ""scale"": false, ""datepart_method"": null, ""regression_type"": ""User"", ""regression_model"": {""model"": ""xgboost"", ""model_params"": {""booster"": ""gbtree"", ""objective"": ""reg:squarederror"", ""max_depth"": 3, ""eta"": 0.003, ""min_child_weight"": 1, ""subsample"": 1, ""colsample_bylevel"": 0.5, ""reg_alpha"": 0, ""reg_lambda"": 1, ""tree_method"": ""hist"", ""device"": ""cuda""}}}","{""fillna"": null, ""transformations"": {}, ""transformation_params"": {}}",0 days 00:00:00.000194,0 days 00:00:00.081308,0 days 00:00:00.177774,0 days 00:00:00.300639,0,,1,0,1,2023-10-12 21:52:00,2.4244393698673545,656.3164636230472,656.4313322214863,1.8183106595966503,656.3164636230472,42004.25367187502,0.024541788930704002,0.0,6.487991444635204,42004.25367187502,656.3164636230472,21.2926638547965,0.0,0.421875,689.1668750000026,1.0,8.571051500058337,652.8860170717593,2580.323232431465,84505.0606933114,2.524219172295023,2353.242138159559,52.175243652976874,0.0,2.4244393698673545,656.3164636230472,656.4313322214863,1.8183106595966503,656.3164636230472,42004.25367187502,0.024541788930704002,0.0,6.487991444635204,42004.25367187502,656.3164636230472,21.2926638547965,0.0,0.421875,689.1668750000026,1.0,8.571051500058337,652.8860170717593,2580.323232431465,84505.0606933114,2.524219172295023,2353.242138159559,52.175243652976874,0.0,0.3006,132.06056846656858
8a02ac12c7086460a20a66df2f77f35e,WindowRegression,"{""window_size"": 20, ""input_dim"": ""univariate"", ""output_dim"": ""forecast_length"", ""normalize_window"": false, ""max_windows"": 200000, ""fourier_encoding_components"": null, ""scale"": false, ""datepart_method"": null, ""regression_type"": ""User"", ""regression_model"": {""model"": ""xgboost"", ""model_params"": {""base_score"": 0.5, ""booster"": ""gbtree"", ""colsample_bylevel"": 0.692, ""learning_rate"": 0.022, ""max_bin"": 256, ""max_depth"": 14, ""max_leaves"": 0, ""min_child_weight"": 0.024, ""n_estimators"": 162, ""tree_method"": ""hist"", ""objective"": ""reg:squarederror"", ""device"": ""cuda""}}}","{""fillna"": ""ffill_mean_biased"", ""transformations"": {""0"": null}, ""transformation_params"": {""0"": {}}}",0 days 00:00:00.000224,0 days 00:00:00.090415,0 days 00:00:00.178312,0 days 00:00:00.311462,0,,1,0,2,2023-10-10 21:52:00,2.501068970327637,677.7394799804692,677.9196142929547,1.595613428019653,677.7394799804692,43375.32671875003,0.024701954002813737,-43375.32671875003,677.7394799804692,0.0,6.519965272074131,63.87424063865162,0.0,0.484375,704.2547656250026,1.0,8.185310021592356,674.6699696180559,2639.1374271350614,79469.97717336683,2.727680093929866,2160.7135495299726,53.26164932762812,0.0,2.501068970327637,677.7394799804692,677.9196142929547,1.595613428019653,677.7394799804692,43375.32671875003,0.024701954002813737,-43375.32671875003,677.7394799804692,0.0,6.519965272074131,63.87424063865162,0.0,0.484375,704.2547656250026,1.0,8.185310021592356,674.6699696180559,2639.1374271350614,79469.97717336683,2.727680093929866,2160.7135495299726,53.26164932762812,0.0,0.3115,136.3835716604055
8a02ac12c7086460a20a66df2f77f35e,WindowRegression,"{""window_size"": 20, ""input_dim"": ""univariate"", ""output_dim"": ""forecast_length"", ""normalize_window"": false, ""max_windows"": 200000, ""fourier_encoding_components"": null, ""scale"": false, ""datepart_method"": null, ""regression_type"": ""User"", ""regression_model"": {""model"": ""xgboost"", ""model_params"": {""base_score"": 0.5, ""booster"": ""gbtree"", ""colsample_bylevel"": 0.692, ""learning_rate"": 0.022, ""max_bin"": 256, ""max_depth"": 14, ""max_leaves"": 0, ""min_child_weight"": 0.024, ""n_estimators"": 162, ""tree_method"": ""hist"", ""objective"": ""reg:squarederror"", ""device"": ""cuda""}}}","{""fillna"": ""ffill_mean_biased"", ""transformations"": {""0"": null}, ""transformation_params"": {""0"": {}}}",0 days 00:00:00.000208,0 days 00:00:00.106793,0 days 00:00:00.181050,0 days 00:00:00.330321,0,,1,0,1,2023-10-12 21:52:00,2.636309028588972,695.8521459960934,695.9120097223009,2.1233686221048167,695.8521459960934,44534.53734374998,0.02602015558125923,-44534.53734374998,695.8521459960934,0.0,6.546487458919254,54.63666170788649,0.0,0.546875,714.5826562500006,0.0,231.238486545099,693.2354484953701,2738.366568386682,95527.26941810623,2.846217028502394,2497.245751933383,58.15550976111183,0.0,2.636309028588972,695.8521459960934,695.9120097223009,2.1233686221048167,695.8521459960934,44534.53734374998,0.02602015558125923,-44534.53734374998,695.8521459960934,0.0,6.546487458919254,54.63666170788649,0.0,0.546875,714.5826562500006,0.0,231.238486545099,693.2354484953701,2738.366568386682,95527.26941810623,2.846217028502394,2497.245751933383,58.15550976111183,0.0,0.3303,140.00327390775803
8a02ac12c7086460a20a66df2f77f35e,WindowRegression,"{""window_size"": 20, ""input_dim"": ""univariate"", ""output_dim"": ""forecast_length"", ""normalize_window"": false, ""max_windows"": 200000, ""fourier_encoding_components"": null, ""scale"": false, ""datepart_method"": null, ""regression_type"": ""User"", ""regression_model"": {""model"": ""xgboost"", ""model_params"": {""base_score"": 0.5, ""booster"": ""gbtree"", ""colsample_bylevel"": 0.692, ""learning_rate"": 0.022, ""max_bin"": 256, ""max_depth"": 14, ""max_leaves"": 0, ""min_child_weight"": 0.024, ""n_estimators"": 162, ""tree_method"": ""hist"", ""objective"": ""reg:squarederror"", ""device"": ""cuda""}}}","{""fillna"": ""ffill_mean_biased"", ""transformations"": {""0"": null}, ""transformation_params"": {""0"": {}}}",0 days 00:00:00.000195,0 days 00:00:00.110652,0 days 00:00:00.182992,0 days 00:00:00.335599,0,,1,3,0,2023-10-14 21:52:00,2.7739961765020604,734.5029882812499,734.5180212297317,1.0338193639011093,734.5029882812499,47008.191249999996,0.027360445648673723,-47008.191249999996,734.5029882812499,0.0,6.600534264010319,29.66862699154094,0.0,0.359375,748.2801562500026,1.0,7.111690015962275,732.9680381944444,2887.4215086427903,64209.543336609866,2.9938918533406444,1612.0569454366387,48.29343684085608,0.0,2.7739961765020604,734.5029882812499,734.5180212297317,1.0338193639011093,734.5029882812499,47008.191249999996,0.027360445648673723,-47008.191249999996,734.5029882812499,0.0,6.600534264010319,29.66862699154094,0.0,0.359375,748.2801562500026,1.0,7.111690015962275,732.9680381944444,2887.4215086427903,64209.543336609866,2.9938918533406444,1612.0569454366387,48.29343684085608,0.0,0.3356,147.7700144267465
af4957c7902787e6e05df783721243cf,WindowRegression,"{""window_size"": 90, ""input_dim"": ""univariate"", ""output_dim"": ""forecast_length"", ""normalize_window"": false, ""max_windows"": 200000, ""fourier_encoding_components"": null, ""scale"": false, ""datepart_method"": null, ""regression_type"": ""User"", ""regression_model"": {""model"": ""LightGBM"", ""model_params"": {""objective"": ""regression"", ""learning_rate"": 0.01, ""num_leaves"": 70, ""max_depth"": 10, ""boosting_type"": ""dart"", ""n_estimators"": 50, ""linear_tree"": false, ""lambda_l1"": 0.0, ""lambda_l2"": 1, ""min_data_in_leaf"": 15, ""feature_fraction"": 0.5, ""max_bin"": 255, ""device_type"": ""cuda""}}}","{""fillna"": null, ""transformations"": {}, ""transformation_params"": {}}",0 days 00:00:00.000179,0 days 00:00:00.566114,0 days 00:00:00.171086,0 days 00:00:00.775358,0,,1,0,0,2023-10-14 21:52:00,61.2651012170853,12590.188425751157,12590.194718978619,13.418988450072563,12590.188425751157,805772.0592480741,0.4689881070945659,-805772.0592480741,12590.188425751157,0.0,9.44075201718011,829.8819273559463,0.0,0.359375,12608.544575231812,1.0,29.168295034978357,12587.27423721573,49554.37273557988,18906250.916784335,5.322222375717796,27604.09734375644,844.1566516672434,0.0,61.2651012170853,12590.188425751157,12590.194718978619,13.418988450072563,12590.188425751157,805772.0592480741,0.4689881070945659,-805772.0592480741,12590.188425751157,0.0,9.44075201718011,829.8819273559463,0.0,0.359375,12608.544575231812,1.0,29.168295034978357,12587.27423721573,49554.37273557988,18906250.916784335,5.322222375717796,27604.09734375644,844.1566516672434,0.0,0.7754,2532.8898699370825
af4957c7902787e6e05df783721243cf,WindowRegression,"{""window_size"": 90, ""input_dim"": ""univariate"", ""output_dim"": ""forecast_length"", ""normalize_window"": false, ""max_windows"": 200000, ""fourier_encoding_components"": null, ""scale"": false, ""datepart_method"": null, ""regression_type"": ""User"", ""regression_model"": {""model"": ""LightGBM"", ""model_params"": {""objective"": ""regression"", ""learning_rate"": 0.01, ""num_leaves"": 70, ""max_depth"": 10, ""boosting_type"": ""dart"", ""n_estimators"": 50, ""linear_tree"": false, ""lambda_l1"": 0.0, ""lambda_l2"": 1, ""min_data_in_leaf"": 15, ""feature_fraction"": 0.5, ""max_bin"": 255, ""device_type"": ""cuda""}}}","{""fillna"": null, ""transformations"": {}, ""transformation_params"": {}}",0 days 00:00:00.000198,0 days 00:00:00.521217,0 days 00:00:00.171318,0 days 00:00:00.731987,0,,1,0,1,2023-10-12 21:52:00,200.0,54427.93401210259,54427.93539418895,94.55172104197105,54427.93401210259,3483387.7767745657,2.0352359608435715,-3483387.7767745657,54427.93401210259,0.0,10.904651141278194,5987.115839938684,0.0,0.4375,54453.35635585259,0.0,18085.19262429278,54424.530059556295,214118.00596149324,578483090.286707,6.7616265290405435,195304.28865894888,5976.350202705921,0.0,200.0,54427.93401210259,54427.93539418895,94.55172104197105,54427.93401210259,3483387.7767745657,2.0352359608435715,-3483387.7767745657,54427.93401210259,0.0,10.904651141278194,5987.115839938684,0.0,0.4375,54453.35635585259,0.0,18085.19262429278,54424.530059556295,214118.00596149324,578483090.286707,6.7616265290405435,195304.28865894888,5976.350202705921,0.0,0.732,10949.78825019436
af4957c7902787e6e05df783721243cf,WindowRegression,"{""window_size"": 90, ""input_dim"": ""univariate"", ""output_dim"": ""forecast_length"", ""normalize_window"": false, ""max_windows"": 200000, ""fourier_encoding_components"": null, ""scale"": false, ""datepart_method"": null, ""regression_type"": ""User"", ""regression_model"": {""model"": ""LightGBM"", ""model_params"": {""objective"": ""regression"", ""learning_rate"": 0.01, ""num_leaves"": 70, ""max_depth"": 10, ""boosting_type"": ""dart"", ""n_estimators"": 50, ""linear_tree"": false, ""lambda_l1"": 0.0, ""lambda_l2"": 1, ""min_data_in_leaf"": 15, ""feature_fraction"": 0.5, ""max_bin"": 255, ""device_type"": ""cuda""}}}","{""fillna"": null, ""transformations"": {}, ""transformation_params"": {}}",0 days 00:00:00.000193,0 days 00:00:00.365199,0 days 00:00:00.169470,0 days 00:00:00.574138,0,,1,0,2,2023-10-10 21:52:00,200.0,55275.724779575525,55275.72702904972,84.66118504165641,55275.724779575525,3537646.3858928336,2.0146655924731047,-3537646.3858928336,55275.724779575525,0.0,10.920107168143023,5380.708991735322,0.0,0.5,55302.03669130249,1.0,73.37461448788845,55272.52820337539,217424.09672328277,526295695.9290949,6.782047392107,174958.18879666325,5369.511247423306,0.0,200.0,55275.724779575525,55275.72702904972,84.66118504165641,55275.724779575525,3537646.3858928336,2.0146655924731047,-3537646.3858928336,55275.724779575525,0.0,10.920107168143023,5380.708991735322,0.0,0.5,55302.03669130249,1.0,73.37461448788845,55272.52820337539,217424.09672328277,526295695.9290949,6.782047392107,174958.18879666325,5369.511247423306,0.0,0.5741,11120.346600695428
