start_position,origin_id,n_predictions,single_origin_sample,duration_ms
0,142305,1,1,3.4427500213496387
1,142306,1,0,2.635313954669982
2,142307,1,0,2.618773956783116
3,142308,1,0,2.5829770020209253
4,142309,1,0,2.598546037916094
5,142310,1,0,2.5942579959519207
6,142311,1,0,2.573309000581503
7,142312,1,1,2.5867639924399555
8,142313,1,0,2.5722269783727825
9,142314,1,0,2.571817021816969
10,142315,1,0,2.572618017438799
11,142316,1,0,2.5637319777160883
12,142317,1,0,2.5694919750094414
13,142318,1,0,2.558061038143933
14,142319,1,1,2.5704840081743896
15,142320,1,0,2.569611999206245
16,142321,1,0,2.568019030150026
17,142322,1,0,2.5721369893290102
18,142323,1,0,2.551648998633027
19,142324,1,0,2.6397930341772735
20,142325,1,0,2.5669679744169116
21,142326,1,0,2.5503060314804316
22,142327,1,1,2.5616579805500805
23,142328,1,0,2.551498997490853
24,142329,1,0,2.5581420050002635
25,142330,1,0,2.560314955189824
26,142331,1,0,2.549875993281603
27,142332,1,0,2.557910978794098
28,142333,1,0,2.55068700062111
29,142334,1,1,2.5624990230426192
30,142335,1,0,2.5613780017010868
31,142336,1,0,2.5574900209903717
32,142337,1,0,2.5710659683682024
33,142338,1,0,2.545889001339674
34,142339,1,0,2.5587420095689595
35,142340,1,0,2.5459090247750282
36,142341,1,0,2.546409028582275
37,142342,1,1,2.555265964474529
38,142343,1,0,2.5534419692121446
39,142344,1,0,2.5678190286271274
40,142345,1,0,2.5626500137150288
41,142346,1,0,2.556457999162376
42,142347,1,0,2.5554869789630175
43,142348,1,0,2.6301039615646005
44,142349,1,1,2.5620890082791448
45,142350,1,0,2.548213000409305
46,142351,1,0,2.56162800360471
47,142352,1,0,2.5671779876574874
48,142353,1,0,2.556547988206148
49,142354,1,0,2.5778579874895513
50,142355,1,0,2.5517199537716806
51,142356,1,0,2.560234977863729
52,142357,1,1,2.567067975178361
53,142358,1,0,2.5491740088909864
54,142359,1,0,2.5557170156389475
55,142360,1,0,2.54695100011304
56,142361,1,0,2.5454480201005936
57,142362,1,0,2.5395869743078947
58,142363,1,0,2.553411992266774
59,142364,1,1,2.5535329477861524
60,142365,1,0,2.541599969845265
61,142366,1,0,2.5583119713701308
62,142367,1,0,2.5419609737582505
63,142368,1,0,2.553212980274111
64,142369,1,0,2.5516790337860584
65,142370,1,0,2.544627001043409
66,142371,1,0,2.561147033702582
67,142372,1,1,2.542613015975803
68,142373,1,0,2.65136401867494
69,142374,1,0,2.551248006056994
70,142375,1,0,2.5422319886274636
71,142376,1,0,2.5523510412313044
72,142377,1,0,2.54017801489681
73,142378,1,0,2.55243998253718
74,142379,1,1,2.5414100382477045
75,142380,1,0,2.5469399988651276
76,142381,1,0,2.542220987379551
77,142382,1,0,2.532544021960348
78,142383,1,0,2.555987040977925
79,142384,1,0,2.550106029957533
80,142385,1,0,2.56729795364663
81,142386,1,1,2.5340570136904716
82,142387,1,0,2.549274009652436
83,142388,1,0,2.555406012106687
84,142389,1,0,2.5360200088471174
85,142390,1,0,2.5547550176270306
86,142391,1,0,2.5583819951862097
87,142392,1,0,2.554945007432252
88,142393,1,0,2.694092981982976
89,142394,1,1,2.544276008848101
90,142395,1,0,2.5496850139461458
91,142396,1,0,2.5494949659332633
92,142397,1,0,2.5509269908070564
93,142398,1,0,2.6302249752916396
94,142399,1,0,2.54195200977847
95,142400,1,0,2.556547988206148
96,142401,1,1,2.5927249807864428
97,142402,1,0,2.5495250010862947
98,142403,1,0,2.550457022152841
99,142404,1,0,2.538264961913228
100,142405,1,0,2.5485240039415658
101,142406,1,0,2.548283024225384
102,142407,1,0,2.610797993838787
103,142408,1,0,2.550718025304377
104,142409,1,1,2.548203046899289
105,142410,1,0,2.5520300259813666
106,142411,1,0,2.5332850054837763
107,142412,1,0,2.549955970607698
108,142413,1,0,2.5350989890284836
109,142414,1,0,2.550447010435164
110,142415,1,0,2.5383949978277087
111,142416,1,1,2.5431030080653727
112,142417,1,0,2.5463789934292436
113,142418,1,0,2.5316019891761243
114,142419,1,0,2.546300005633384
115,142420,1,0,2.537903026677668
116,142421,1,0,2.5384140317328274
117,142422,1,0,2.5454380083829165
118,142423,1,0,2.54527700599283
119,142424,1,1,2.5520900380797684
120,142425,1,0,2.540607994887978
121,142426,1,0,2.5583909591659904
122,142427,1,0,2.54017801489681
123,142428,1,0,2.546460018493235
124,142429,1,0,2.5578010245226324
125,142430,1,0,2.5622289977036417
126,142431,1,1,2.554284001234919
127,142432,1,0,2.537293010391295
128,142433,1,0,2.5358700077049434
129,142434,1,0,2.538905944675207
130,142435,1,0,2.5484630023129284
131,142436,1,0,2.5459480239078403
132,142437,1,0,2.5272740167565644
133,142438,1,0,2.5904609938152134
134,142439,1,1,2.5459090247750282
135,142440,1,0,2.5483029894530773
136,142441,1,0,2.545788011047989
137,142442,1,0,2.542603004258126
138,142443,1,0,2.555586979724467
139,142444,1,0,2.53966695163399
140,142445,1,0,2.551297948230058
141,142446,1,1,2.535188978072256
142,142447,1,0,2.5900810142047703
143,142448,1,0,2.548324002418667
144,142449,1,0,2.5403480394743383
145,142450,1,0,2.5481120101176202
146,142451,1,0,2.5425730273127556
147,142452,1,0,2.5493449647910893
148,142453,1,1,2.5366009795106947
149,142454,1,0,2.5442260084673762
150,142455,1,0,2.5465089711360633
151,142456,1,0,2.534777973778546
152,142457,1,0,2.539827022701502
153,142458,1,0,2.5303990114480257
154,142459,1,0,2.543593989685178
155,142460,1,0,2.529178047552705
156,142461,1,1,2.5427730288356543
157,142462,1,0,2.547781972680241
158,142463,1,0,2.546468982473016
159,142464,1,0,2.5482329656369984
160,142465,1,0,2.540638030041009
161,142466,1,0,2.560366003308445
162,142467,1,0,2.541230001952499
163,142468,1,1,2.5500660412944853
164,142469,1,0,2.556328021455556
165,142470,1,0,2.5367409689351916
166,142471,1,0,2.5492950226180255
167,142472,1,0,2.540658984798938
168,142473,1,0,2.545398019719869
169,142474,1,0,2.540958987083286
170,142475,1,0,2.55408399971202
171,142476,1,1,2.547301002778113
172,142477,1,0,2.5381239829584956
173,142478,1,0,2.5538330082781613
174,142479,1,0,2.536971995141357
175,142480,1,0,2.546910021919757
176,142481,1,0,2.554373990278691
177,142482,1,0,2.531000995077193
178,142483,1,1,2.5479019968770444
179,142484,1,0,2.547492040321231
180,142485,1,0,2.549784956499934
181,142486,1,0,2.5330940261483192
182,142487,1,0,2.547151001635939
183,142488,1,0,2.550147008150816
184,142489,1,0,2.5381939485669136
185,142490,1,0,2.5487940292805433
186,142491,1,1,2.5390259688720107
187,142492,1,0,2.5528109981678426
188,142493,1,0,2.5368310161866248
189,142494,1,0,2.551248006056994
190,142495,1,0,2.558131003752351
191,142496,1,0,2.5376330013386905
192,142497,1,0,2.606341033242643
193,142498,1,1,2.576636034063995
194,142499,1,0,2.549134020227939
195,142500,1,0,2.543554990552366
196,142501,1,0,2.5384549517184496
197,142502,1,0,2.551830024458468
198,142503,1,0,2.5386549532413483
199,142504,1,0,2.5474409922026098
200,142505,1,0,2.533274993766099
201,142506,1,1,2.557289961259812
202,142507,1,0,2.559954999014735
203,142508,1,0,2.544046030379832
204,142509,1,0,2.5522399810142815
205,142510,1,0,2.543684036936611
206,142511,1,0,2.5569890276528895
207,142512,1,0,2.536530955694616
208,142513,1,1,2.563601010479033
209,142514,1,0,2.548202988691628
210,142515,1,0,2.5457480223849416
211,142516,1,0,2.551348996348679
212,142517,1,0,2.532784012146294
213,142518,1,0,2.545698022004217
214,142519,1,0,2.5381239829584956
215,142520,1,0,2.540429006330669
216,142521,1,1,2.5511280400678515
217,142522,1,0,2.534808008931577
218,142523,1,0,2.5457380106672645
219,142524,1,0,2.538644999731332
220,142525,1,0,2.548484015278518
221,142526,1,0,2.5447370135225356
222,142527,1,0,2.5392360403202474
223,142528,1,1,2.5509779807180166
224,142529,1,0,2.539285982493311
225,142530,1,0,2.546199015341699
226,142531,1,0,2.5359700084663928
227,142532,1,0,2.5459990138188004
228,142533,1,0,2.5472110137343407
229,142534,1,0,2.534527040552348
230,142535,1,1,2.5503660435788333
231,142536,1,0,2.529758960008621
232,142537,1,0,2.549485012423247
233,142538,1,0,2.5438449811190367
234,142539,1,0,2.6462950045242906
235,142540,1,0,2.5437549920752645
236,142541,1,0,2.531091042328626
237,142542,1,0,2.5431729736737907
238,142543,1,1,2.5321629946120083
239,142544,1,0,2.5552359875291586
240,142545,1,0,2.546339004766196
241,142546,1,0,2.5504970108158886
242,142547,1,0,2.6213289820589125
243,142548,1,0,2.5361099978908896
244,142549,1,0,2.54609901458025
245,142550,1,1,2.546589996200055
246,142551,1,0,2.541499969083816
247,142552,1,0,2.553883008658886
248,142553,1,0,2.5425629573874176
249,142554,1,0,2.5479919859208167
250,142555,1,0,2.530940982978791
251,142556,1,0,2.539376961067319
252,142557,1,0,2.537874039262533
253,142558,1,1,2.529878984205425
254,142559,1,0,2.5767459883354604
255,142560,1,0,2.5707550230436027
256,142561,1,0,2.580883970949799
257,142562,1,0,2.531562000513077
258,142563,1,0,2.5402680039405823
259,142564,1,0,2.5405490305274725
260,142565,1,1,2.5359499850310385
261,142566,1,0,2.5455779978074133
262,142567,1,0,2.537583000957966
263,142568,1,0,2.5502259959466755
264,142569,1,0,2.5421419995836914
265,142570,1,0,2.5541139766573906
266,142571,1,0,2.548273012507707
267,142572,1,0,2.5494250003248453
268,142573,1,1,2.5488139945082366
269,142574,1,0,2.542502013966441
270,142575,1,0,2.5418809964321554
271,142576,1,0,2.5338760460726917
272,142577,1,0,2.5399980368092656
273,142578,1,0,2.548373013269156
274,142579,1,0,2.530450001358986
275,142580,1,1,2.543083974160254
276,142581,1,0,2.533835999201983
277,142582,1,0,2.543383976444602
278,142583,1,0,2.5406579952687025
279,142584,1,0,2.5340570136904716
280,142585,1,0,2.54911498632282
281,142586,1,0,2.532843966037035
282,142587,1,0,2.560785971581936
283,142588,1,1,2.546049014199525
284,142589,1,0,2.5420610327273607
285,142590,1,0,2.532784012146294
286,142591,1,0,2.534226980060339
287,142592,1,0,2.545317984186113
288,142593,1,0,2.5345279718749225
289,142594,1,0,2.552861988078803
290,142595,1,1,2.5295880041085184
291,142596,1,0,2.5673280470073223
292,142597,1,0,2.5476819719187915
293,142598,1,0,2.5367020280100405
294,142599,1,0,2.544515999034047
295,142600,1,0,2.5315220118500292
296,142601,1,0,2.5404479820281267
297,142602,1,1,2.535920008085668
298,142603,1,0,2.5445459759794176
299,142604,1,0,2.5457589654251933
300,142605,1,0,2.5357099948450923
301,142606,1,0,2.548223012126982
302,142607,1,0,2.5379639700986445
303,142608,1,0,2.5408490328118205
304,142609,1,0,2.52977799391374
305,142610,1,1,2.552189980633557
306,142611,1,0,2.533425053115934
307,142612,1,0,2.5358700077049434
308,142613,1,0,2.5476919836364686
309,142614,1,0,2.542833040934056
310,142615,1,0,2.546268980950117
311,142616,1,0,2.5369219947606325
312,142617,1,1,2.5386749766767025
313,142618,1,0,2.531030972022563
314,142619,1,0,2.5337859988212585
315,142620,1,0,2.542070986237377
316,142621,1,0,2.58302700240165
317,142622,1,0,2.5418110308237374
318,142623,1,0,2.5375530240125954
319,142624,1,0,2.551559009589255
320,142625,1,1,2.5358700077049434
321,142626,1,0,2.5336560211144388
322,142627,1,0,2.5510480045340955
323,142628,1,0,2.530630968976766
324,142629,1,0,2.547590993344784
325,142630,1,0,2.534055965952575
326,142631,1,0,2.5401979801245034
327,142632,1,1,2.536471001803875
328,142633,1,0,2.5336960097774863
329,142634,1,0,2.5504069635644555
330,142635,1,0,2.5357799604535103
331,142636,1,0,2.550425997469574
332,142637,1,0,2.5367210037074983
333,142638,1,0,2.548582968302071
334,142639,1,0,2.5437839794903994
335,142640,1,1,2.532553975470364
336,142641,1,0,2.548073010984808
337,142642,1,0,2.544265997130424
338,142643,1,0,2.55310203647241
339,142644,1,0,2.53317499300465
340,142645,1,0,2.5502769858576357
341,142646,1,0,2.54555803257972
342,142647,1,1,2.5363609893247485
343,142648,1,0,2.543213020544499
344,142649,1,0,2.5436150026507676
345,142650,1,0,2.5446360232308507
346,142651,1,0,2.5360399740748107
347,142652,1,0,2.5504070217721164
348,142653,1,0,2.5458689779043198
349,142654,1,0,2.534808008931577
350,142655,1,1,2.5454380083829165
351,142656,1,0,2.5369420181959867
352,142657,1,0,2.5408290093764663
353,142658,1,0,2.530049008782953
354,142659,1,0,2.5711749913170934
355,142660,1,0,2.5687210145406425
356,142661,1,0,2.5245389551855624
357,142662,1,1,2.5409000227227807
358,142663,1,0,2.547251002397388
359,142664,1,0,2.5394470430910587
360,142665,1,0,2.525620977394283
361,142666,1,0,2.535519015509635
362,142667,1,0,2.5512180291116238
363,142668,1,0,2.549575990997255
364,142669,1,1,2.536100975703448
365,142670,1,0,2.5311409845016897
366,142671,1,0,2.5968229747377336
367,142672,1,0,2.5309910415671766
368,142673,1,0,2.5523710064589977
369,142674,1,0,2.5425729691050947
370,142675,1,0,2.536460990086198
371,142676,1,0,2.546119038015604
372,142677,1,1,2.5210330495610833
373,142678,1,0,2.5474820286035538
374,142679,1,0,2.537983004003763
375,142680,1,0,2.5392560055479407
376,142681,1,0,2.5463589699938893
377,142682,1,0,2.5290080229751766
378,142683,1,0,2.5429929955862463
379,142684,1,1,2.532253973186016
380,142685,1,0,2.64585402328521
381,142686,1,0,2.544426009990275
382,142687,1,0,2.533926977775991
383,142688,1,0,2.5413899566046894
384,142689,1,0,2.5357899721711874
385,142690,1,0,2.5392459938302636
386,142691,1,0,2.5230160099454224
387,142692,1,1,2.535630017518997
388,142693,1,0,2.531311009079218
389,142694,1,0,2.5410589878447354
390,142695,1,0,2.5446960353292525
391,142696,1,0,2.8454239945858717
392,142697,1,0,2.5324029847979546
393,142698,1,0,2.5434840354137123
394,142699,1,1,2.5274850195273757
395,142700,1,0,2.5371619849465787
396,142701,1,0,2.5230160099454224
397,142702,1,0,2.5417510187253356
398,142703,1,0,2.5184270343743265
399,142704,1,0,2.533185004722327
400,142705,1,0,2.5376229896210134
401,142706,1,0,2.5293579674325883
402,142707,1,1,2.5311110075563192
403,142708,1,0,2.535909996367991
404,142709,1,0,2.5294979568570852
405,142710,1,0,2.5272640050388873
406,142711,1,0,2.533365972340107
407,142712,1,0,2.524398034438491
408,142713,1,0,2.5294279912486672
409,142714,1,1,2.535168023314327
410,142715,1,0,2.525080053601414
411,142716,1,0,2.5452369591221213
412,142717,1,0,2.52545002149418
413,142718,1,0,2.5381239829584956
414,142719,1,0,2.5296679814346135
415,142720,1,0,2.5419919984415174
416,142721,1,0,2.6964879943989217
417,142722,1,1,2.5323639856651425
418,142723,1,0,2.545477997045964
419,142724,1,0,2.5281860143877566
420,142725,1,0,2.5399879668839276
421,142726,1,0,2.5372119853273034
422,142727,1,0,2.53222300671041
423,142728,1,0,2.5410099769942462
424,142729,1,1,2.532073005568236
425,142730,1,0,2.5318929692730308
426,142731,1,0,2.5272740167565644
427,142732,1,0,2.544795977883041
428,142733,1,0,2.5368320057168603
429,142734,1,0,2.5268030003644526
430,142735,1,0,2.5372530217282474
431,142736,1,0,2.5336159742437303
432,142737,1,1,2.539787965361029
433,142738,1,0,2.530170022509992
434,142739,1,0,2.5385449989698827
435,142740,1,0,2.5361900334246457
436,142741,1,0,2.5585819967091084
437,142742,1,0,2.5455880095250905
438,142743,1,0,2.530338999349624
439,142744,1,1,2.5407890207134187
440,142745,1,0,2.532484009861946
441,142746,1,0,2.7585930074565113
442,142747,1,0,2.551237994339317
443,142748,1,0,2.5345070171169937
444,142749,1,0,2.5531419669277966
445,142750,1,0,2.5413900148123503
446,142751,1,1,2.5407789507880807
447,142752,1,0,2.5422319886274636
448,142753,1,0,2.542502013966441
449,142754,1,0,2.5487940292805433
450,142755,1,0,2.5316120008938015
451,142756,1,0,2.5417309952899814
452,142757,1,0,2.534297003876418
453,142758,1,0,2.5438450393266976
454,142759,1,1,2.5380540173500776
455,142760,1,0,2.533926977775991
456,142761,1,0,2.5389959919266403
457,142762,1,0,2.526752999983728
458,142763,1,0,2.5440549943596125
459,142764,1,0,2.5360709987580776
460,142765,1,0,2.544315007980913
461,142766,1,1,2.531142032239586
462,142767,1,0,2.528476994484663
463,142768,1,0,2.5422010221518576
464,142769,1,0,2.530070021748543
465,142770,1,0,2.6653099921531975
466,142771,1,0,2.528726006858051
467,142772,1,0,2.5419709854759276
468,142773,1,0,2.5318319676443934
469,142774,1,1,2.5258419918827713
470,142775,1,0,2.5386959896422923
471,142776,1,0,2.5218839873559773
472,142777,1,0,2.5309610064141452
473,142778,1,0,2.527915989048779
474,142779,1,0,2.537432999815792
475,142780,1,0,2.5529020349495113
476,142781,1,1,2.5270640035159886
477,142782,1,0,2.5434140115976334
478,142783,1,0,2.5345870526507497
479,142784,1,0,2.5499460170976818
480,142785,1,0,2.53598002018407
481,142786,1,0,2.5471000117249787
482,142787,1,0,2.5456779985688627
483,142788,1,0,2.5366609916090965
484,142789,1,1,2.5612669996917248
485,142790,1,0,2.537994005251676
486,142791,1,0,2.544617047533393
487,142792,1,0,2.537812979426235
488,142793,1,0,2.54339404636994
489,142794,1,0,2.5467100203968585
490,142795,1,0,2.5352679658681154
491,142796,1,1,2.5402390165254474
492,142797,1,0,2.534867962822318
493,142798,1,0,2.5372420204803348
494,142799,1,0,2.5403479812666774
495,142800,1,0,2.5449370150454342
496,142801,1,0,2.536742016673088
497,142802,1,0,2.5319219566881657
498,142803,1,0,2.546039002481848
499,142804,1,1,2.539927023462951
500,142805,1,0,2.5450870161876082
501,142806,1,0,2.534317027311772
502,142807,1,0,2.545488008763641
503,142808,1,0,2.5943079963326454
504,142809,1,0,2.5389049551449716
505,142810,1,0,2.5485039805062115
506,142811,1,1,2.540879009757191
507,142812,1,0,2.554234000854194
508,142813,1,0,2.5390760274603963
509,142814,1,0,2.5449469685554504
510,142815,1,0,2.5477619492448866
511,142816,1,0,2.5334759848192334
512,142817,1,0,2.540439018048346
513,142818,1,1,2.5294979568570852
514,142819,1,0,2.5533929583616555
515,142820,1,0,2.634303004015237
516,142821,1,0,2.529748948290944
517,142822,1,0,2.5468409876339138
518,142823,1,0,2.534676983486861
519,142824,1,0,2.5435839779675007
520,142825,1,0,2.5284159928560257
521,142826,1,1,2.5346979964524508
522,142827,1,0,2.543533977586776
523,142828,1,0,2.543042995966971
524,142829,1,0,2.557880012318492
525,142830,1,0,2.537602966185659
526,142831,1,0,2.649430010933429
527,142832,1,0,2.548693970311433
528,142833,1,1,2.529297024011612
529,142834,1,0,2.533825987484306
530,142835,1,0,2.523366012610495
531,142836,1,0,2.5691509945318103
532,142837,1,0,2.5247299927286804
533,142838,1,0,2.5365810142830014
534,142839,1,0,2.530630968976766
535,142840,1,0,2.543774025980383
536,142841,1,1,2.5390759692527354
537,142842,1,0,2.5277850218117237
538,142843,1,0,2.5389459915459156
539,142844,1,0,2.529968973249197
540,142845,1,0,2.590532007161528
541,142846,1,0,2.5254100328311324
542,142847,1,0,2.5348380440846086
543,142848,1,1,2.5447459775023162
544,142849,1,0,2.53183301538229
545,142850,1,0,2.5377540150657296
546,142851,1,0,2.5226050056517124
547,142852,1,0,2.547101001255214
548,142853,1,0,2.533185004722327
549,142854,1,0,2.54071899689734
550,142855,1,0,2.5366009795106947
551,142856,1,1,2.527003991417587
552,142857,1,0,2.5394069962203503
553,142858,1,0,2.5394069962203503
554,142859,1,0,2.5324730086140335
555,142860,1,0,2.5281760026700795
556,142861,1,0,2.5374930119141936
557,142862,1,0,2.540547982789576
558,142863,1,1,2.5287269963882864
559,142864,1,0,2.5387450004927814
560,142865,1,0,2.52761400770396
561,142866,1,0,2.573660050984472
562,142867,1,0,2.56000499939546
563,142868,1,0,2.5389650254510343
564,142869,1,0,2.5336960097774863
565,142870,1,0,2.5417309952899814
566,142871,1,1,2.5474720168858767
567,142872,1,0,2.527644974179566
568,142873,1,0,2.534727973397821
569,142874,1,0,2.5356089463457465
570,142875,1,0,2.5553960003890097
571,142876,1,0,2.54154100548476
572,142877,1,0,2.525870979297906
573,142878,1,1,2.535459992941469
574,142879,1,0,2.5215729838237166
575,142880,1,0,2.5432539987377822
576,142881,1,0,2.527585020288825
577,142882,1,0,2.5321629946120083
578,142883,1,0,2.5255399523302913
579,142884,1,0,2.5354799581691623
580,142885,1,1,2.531892037950456
581,142886,1,0,2.524668991100043
582,142887,1,0,2.537833002861589
583,142888,1,0,2.538745990023017
584,142889,1,0,2.5386150227859616
585,142890,1,0,2.519690024200827
586,142891,1,0,2.535078034270555
587,142892,1,0,2.5306909810751677
588,142893,1,1,2.5254699867218733
589,142894,1,0,2.5362810119986534
590,142895,1,0,2.5716859963722527
591,142896,1,0,2.5405079941265285
592,142897,1,0,2.5380539591424167
593,142898,1,0,2.535299048759043
594,142899,1,0,2.5305699673481286
595,142900,1,1,2.526762953493744
596,142901,1,0,2.5337759871035814
597,142902,1,0,2.524368988815695
598,142903,1,0,2.541840949561447
599,142904,1,0,2.529968973249197
600,142905,1,0,2.5368210044689476
601,142906,1,0,2.5251000188291073
602,142907,1,0,2.5428530061617494
603,142908,1,1,2.5455979630351067
604,142909,1,0,2.530439989641309
605,142910,1,0,2.543624024838209
606,142911,1,0,2.5402780156582594
607,142912,1,0,2.548203046899289
608,142913,1,0,2.529959019739181
609,142914,1,0,2.5388450012542307
610,142915,1,1,2.5381739833392203
611,142916,1,0,2.529698016587645
612,142917,1,0,2.5426119682379067
613,142918,1,0,2.5302990106865764
614,142919,1,0,2.549414988607168
615,142920,1,0,2.579931984655559
616,142921,1,0,2.5389560032635927
617,142922,1,0,2.5462290504947305
618,142923,1,1,2.5318830157630146
619,142924,1,0,2.5393960531800985
620,142925,1,0,2.532413986045867
621,142926,1,0,2.5435639545321465
622,142927,1,0,2.531783015001565
623,142928,1,0,2.543724956922233
624,142929,1,0,2.547371026594192
625,142930,1,1,2.526752999983728
626,142931,1,0,2.5446760118938982
627,142932,1,0,2.529788005631417
628,142933,1,0,2.538986038416624
629,142934,1,0,2.528696961235255
630,142935,1,0,2.5422220351174474
631,142936,1,0,2.5523199583403766
632,142937,1,0,2.5332350051030517
633,142938,1,1,2.5379839935339987
634,142939,1,0,2.53263401100412
635,142940,1,0,2.5439750170335174
636,142941,1,0,2.528987010009587
637,142942,1,0,2.5410890229977667
638,142943,1,0,2.526752999983728
639,142944,1,0,2.5274549843743443
640,142945,1,1,2.5371829979121685
641,142946,1,0,2.5296389940194786
642,142947,1,0,2.5441250181756914
643,142948,1,0,2.5708649773150682
644,142949,1,0,2.5870949611999094
645,142950,1,0,2.536279964260757
646,142951,1,0,2.5392770185135305
647,142952,1,0,2.5376129779033363
648,142953,1,1,2.527884964365512
649,142954,1,0,2.5406090426258743
650,142955,1,0,2.5285559822805226
651,142956,1,0,2.537944004870951
652,142957,1,0,2.521062968298793
653,142958,1,0,2.538565022405237
654,142959,1,0,2.5364310131408274
655,142960,1,1,2.5292979553341866
656,142961,1,0,2.5430130190216005
657,142962,1,0,2.528345969039947
658,142963,1,0,2.5355189573019743
659,142964,1,0,2.523306990042329
660,142965,1,0,2.5357300182804465
661,142966,1,0,2.540067012887448
662,142967,1,1,2.527624019421637
663,142968,1,0,2.5434939889237285
664,142969,1,0,2.533494960516691
665,142970,1,0,2.5390260270796716
666,142971,1,0,2.531231031753123
667,142972,1,0,2.5389359798282385
668,142973,1,0,2.52586102578789
669,142974,1,0,2.525570977013558
670,142975,1,1,2.5534830056130886
671,142976,1,0,2.532613987568766
672,142977,1,0,2.6396430330350995
673,142978,1,0,2.523556991945952
674,142979,1,0,2.5409699883311987
675,142980,1,0,2.532674989197403
676,142981,1,0,2.521162969060242
677,142982,1,1,2.532553975470364
678,142983,1,0,2.5199599913321435
679,142984,1,0,2.5309609482064843
680,142985,1,0,2.5187479914166033
681,142986,1,0,2.5325939641334116
682,142987,1,0,2.5354590034112334
683,142988,1,0,2.539426030125469
684,142989,1,0,2.5389950023964047
685,142990,1,1,2.5332050281576812
686,142991,1,0,2.5604060501791537
687,142992,1,0,2.5270740152336657
688,142993,1,0,2.5329850031994283
689,142994,1,0,2.5252799969166517
690,142995,1,0,2.594128018245101
691,142996,1,0,2.5385349872522056
692,142997,1,1,2.5225149584002793
693,142998,1,0,2.541219990234822
694,142999,1,0,2.5288870092481375
695,143000,1,0,2.5399079895578325
696,143001,1,0,2.5277850218117237
697,143002,1,0,2.5370020302943885
698,143003,1,0,2.5396569981239736
699,143004,1,0,2.5295490049757063
700,143005,1,1,2.5344170280732214
701,143006,1,0,2.5258910027332604
702,143007,1,0,2.5326539762318134
703,143008,1,0,2.522634982597083
704,143009,1,0,2.5281860143877566
705,143010,1,0,2.522084047086537
706,143011,1,0,2.5413609691895545
707,143012,1,1,2.5312110083177686
708,143013,1,0,2.5261620176024735
709,143014,1,0,2.541701018344611
710,143015,1,0,2.527153992559761
711,143016,1,0,2.5398170109838247
712,143017,1,0,2.5231059989891946
713,143018,1,0,2.5330149801447988
714,143019,1,0,2.528957964386791
715,143020,1,1,2.5373229873366654
716,143021,1,0,2.542121976148337
717,143022,1,0,2.5351590011268854
718,143023,1,0,2.546339004766196
719,143024,1,0,2.5353290257044137
720,143025,1,0,2.5374030228704214
721,143026,1,0,2.542271977290511
722,143027,1,1,2.5350190117023885
723,143028,1,0,2.550095960032195
724,143029,1,0,2.530519966967404
725,143030,1,0,2.5481730117462575
726,143031,1,0,2.533466031309217
727,143032,1,0,2.5654149940237403
728,143033,1,0,2.5422120233997703
729,143034,1,1,2.5263919960707426
730,143035,1,0,2.5415499694645405
731,143036,1,0,2.530220022890717
732,143037,1,0,2.537182008381933
733,143038,1,0,2.5340259890072048
734,143039,1,0,2.5444059865549207
735,143040,1,0,2.5298779946751893
736,143041,1,0,2.528426004573703
737,143042,1,1,2.537602966185659
738,143043,1,0,2.529899007640779
739,143044,1,0,2.6813700096681714
740,143045,1,0,2.5326639879494905
741,143046,1,0,2.5383150205016136
742,143047,1,0,2.548081974964589
743,143048,1,0,2.542102010920644
744,143049,1,1,2.547912998124957
745,143050,1,0,2.537933993153274
746,143051,1,0,2.5473510031588376
747,143052,1,0,2.530469966586679
748,143053,1,0,2.548342978116125
749,143054,1,0,2.5415400159545243
750,143055,1,0,2.5300789857283235
751,143056,1,0,2.5420619640499353
752,143057,1,1,2.5357099948450923
753,143058,1,0,2.545838011428714
754,143059,1,0,2.5300990091636777
755,143060,1,0,2.542453003115952
756,143061,1,0,2.539246983360499
757,143062,1,0,2.529137011151761
758,143063,1,0,2.55109800491482
759,143064,1,1,2.5352289667353034
760,143065,1,0,2.542823029216379
761,143066,1,0,2.5295689702033997
762,143067,1,0,2.5404790067113936
763,143068,1,0,2.541641006246209
764,143069,1,0,2.533154038246721
765,143070,1,0,2.5527209509164095
766,143071,1,0,2.54234200110659
767,143072,1,1,2.558241947554052
768,143073,1,0,2.546478994190693
769,143074,1,0,2.5448669912293553
770,143075,1,0,2.5405490305274725
771,143076,1,0,2.535579027608037
772,143077,1,0,2.5486930389888585
773,143078,1,0,2.533394959755242
774,143079,1,1,2.556808991357684
775,143080,1,0,2.5412599788978696
776,143081,1,0,2.5495750014670193
777,143082,1,0,2.545066992752254
778,143083,1,0,2.540798974223435
779,143084,1,0,2.545317984186113
780,143085,1,0,2.5298690306954086
781,143086,1,0,2.5382249732501805
782,143087,1,1,2.53814400639385
783,143088,1,0,2.538294007536024
784,143089,1,0,2.5400680024176836
785,143090,1,0,2.536812040489167
786,143091,1,0,2.5521700154058635
787,143092,1,0,2.5537830078974366
788,143093,1,0,2.537522988859564
789,143094,1,1,2.5799020077101886
790,143095,1,0,2.530770027078688
791,143096,1,0,2.540948975365609
792,143097,1,0,2.5325040332973003
793,143098,1,0,2.5398180005140603
794,143099,1,0,2.5305599556304514
795,143100,1,0,2.53533897921443
796,143101,1,0,2.5261619593948126
797,143102,1,1,2.5318919797427952
798,143103,1,0,2.5451569817960262
799,143104,1,0,2.5342570152133703
800,143105,1,0,2.538384054787457
801,143106,1,0,2.5336460093967617
802,143107,1,0,2.5391760282218456
803,143108,1,0,2.530520025175065
804,143109,1,1,2.54113000119105
805,143110,1,0,2.5470610125921667
806,143111,1,0,2.5306909810751677
807,143112,1,0,2.5363409658893943
808,143113,1,0,2.5465289945714176
809,143114,1,0,2.548954973462969
810,143115,1,0,2.5363399763591588
811,143116,1,1,2.5420509628020227
812,143117,1,0,2.5434239651076496
813,143118,1,0,2.531592035666108
814,143119,1,0,2.6554809883236885
815,143120,1,0,2.5325239985249937
816,143121,1,0,2.53935600630939
817,143122,1,0,2.5319720152765512
818,143123,1,0,2.6426780386827886
819,143124,1,1,2.538955013733357
820,143125,1,0,2.52509000711143
821,143126,1,0,2.538484986871481
822,143127,1,0,2.526191994547844
823,143128,1,0,2.5413900148123503
824,143129,1,0,2.526982978451997
825,143130,1,0,2.5278960238210857
826,143131,1,1,2.5508569669909775
827,143132,1,0,2.5329950149171054
828,143133,1,0,2.541460038628429
829,143134,1,0,2.521383052226156
830,143135,1,0,2.547380980104208
831,143136,1,0,2.5251699844375253
832,143137,1,0,2.5381349842064083
833,143138,1,0,2.544666000176221
834,143139,1,1,2.5312110083177686
835,143140,1,0,2.5437749573029578
836,143141,1,0,2.525000018067658
837,143142,1,0,2.53381603397429
838,143143,1,0,2.5293479557149112
839,143144,1,0,2.639501995872706
840,143145,1,0,2.542682981584221
841,143146,1,1,2.5309300399385393
842,143147,1,0,2.5421319878660142
843,143148,1,0,2.533024991862476
844,143149,1,0,2.532032027374953
845,143150,1,0,2.539216016884893
846,143151,1,0,2.527073957026005
847,143152,1,0,2.533474995288998
848,143153,1,0,2.538474975153804
849,143154,1,1,2.5352780357934535
850,143155,1,0,2.5213430053554475
851,143156,1,0,2.538205008022487
852,143157,1,0,2.5300789857283235
853,143158,1,0,2.536491025239229
854,143159,1,0,2.53953697392717
855,143160,1,0,2.524379000533372
856,143161,1,1,2.5355700054205954
857,143162,1,0,2.5222739786840975
858,143163,1,0,2.539857989177108
859,143164,1,0,2.527564996853471
860,143165,1,0,2.540318004321307
861,143166,1,0,2.527014003135264
862,143167,1,0,2.5319120031781495
863,143168,1,0,2.537171996664256
864,143169,1,1,2.619986014906317
865,143170,1,0,2.555406012106687
866,143171,1,0,2.5246290024369955
867,143172,1,0,2.544335031416267
868,143173,1,0,2.5389049551449716
869,143174,1,0,2.524840005207807
870,143175,1,0,2.5309809716418386
871,143176,1,1,2.5215829955413938
872,143177,1,0,2.528376004192978
873,143178,1,0,2.5220640236511827
874,143179,1,0,2.545868046581745
875,143180,1,0,2.5362399755977094
876,143181,1,0,2.534226980060339
877,143182,1,0,2.531582023948431
878,143183,1,1,2.5275240186601877
879,143184,1,0,2.5367509806528687
880,143185,1,0,2.5270929909311235
881,143186,1,0,2.5338060222566128
882,143187,1,0,2.523275965359062
883,143188,1,0,2.5345879839733243
884,143189,1,0,2.5409790105186403
885,143190,1,0,2.5313410442322493
886,143191,1,1,2.542603004258126
887,143192,1,0,2.5339570129290223
888,143193,1,0,2.538244007155299
889,143194,1,0,2.66784499399364
890,143195,1,0,2.5383949978277087
891,143196,1,0,2.5381339946761727
892,143197,1,0,2.5276149972341955
893,143198,1,1,2.548143034800887
894,143199,1,0,2.5381739833392203
895,143200,1,0,2.538344997446984
896,143201,1,0,2.5284760049544275
897,143202,1,0,2.5342870503664017
898,143203,1,0,2.544395043514669
899,143204,1,0,2.534767030738294
900,143205,1,0,2.5450470275245607
901,143206,1,1,2.5283860159106553
902,143207,1,0,2.5471409899182618
903,143208,1,0,2.5341970031149685
904,143209,1,0,2.558331994805485
905,143210,1,0,2.538685977924615
906,143211,1,0,2.532073005568236
907,143212,1,0,2.5416610296815634
908,143213,1,1,2.5391860399395227
909,143214,1,0,2.5462990161031485
910,143215,1,0,2.5301200221292675
911,143216,1,0,2.535830019041896
912,143217,1,0,2.541018999181688
913,143218,1,0,2.5431039975956082
914,143219,1,0,2.54568801028654
915,143220,1,0,2.5451169931329787
916,143221,1,1,2.552170946728438
917,143222,1,0,2.5277449749410152
918,143223,1,0,2.5387360365130007
919,143224,1,0,2.533194958232343
920,143225,1,0,2.5318419793620706
921,143226,1,0,2.536541025619954
922,143227,1,0,2.5308409822173417
923,143228,1,1,2.540247980505228
924,143229,1,0,2.5300690322183073
925,143230,1,0,2.539195993449539
926,143231,1,0,2.547982963733375
927,143232,1,0,2.577656996436417
928,143233,1,0,2.57630500709638
929,143234,1,0,2.5328740011900663
930,143235,1,0,2.550157019868493
931,143236,1,1,2.5367619819007814
932,143237,1,0,2.5535119930282235
933,143238,1,0,2.5532220024615526
934,143239,1,0,2.5403890176676214
935,143240,1,0,2.5550349964760244
936,143241,1,0,2.531021018512547
937,143242,1,0,2.5481129996478558
938,143243,1,1,2.5392959942109883
939,143244,1,0,2.605198009405285
940,143245,1,0,2.5435640127398074
941,143246,1,0,2.5391060044057667
942,143247,1,0,2.5519999908283353
943,143248,1,0,2.5456779985688627
944,143249,1,0,2.5435540010221303
945,143250,1,1,2.561778004746884
946,143251,1,0,2.533446007873863
947,143252,1,0,2.552882011514157
948,143253,1,0,2.533395017962903
949,143254,1,0,2.5588629650883377
950,143255,1,0,2.526822965592146
951,143256,1,0,2.5430030073039234
952,143257,1,0,2.5357900303788483
953,143258,1,1,2.5429230299778283
954,143259,1,0,2.5539639755152166
955,143260,1,0,2.5454669957980514
956,143261,1,0,2.5462799821980298
957,143262,1,0,2.5397579884156585
958,143263,1,0,2.5437340373173356
959,143264,1,0,2.5525609962642193
960,143265,1,1,2.542332047596574
961,143266,1,0,2.5442260084673762
962,143267,1,0,2.536390966270119
963,143268,1,0,2.5433339760638773
964,143269,1,0,2.9478739597834647
965,143270,1,0,2.543243987020105
966,143271,1,0,2.5337260449305177
967,143272,1,0,2.5387859786860645
968,143273,1,1,2.531512000132352
969,143274,1,0,2.542271977290511
970,143275,1,0,2.5336359976790845
971,143276,1,0,2.5428319931961596
972,143277,1,0,2.525490999687463
973,143278,1,0,2.5408290093764663
974,143279,1,0,2.5395970442332327
975,143280,1,1,2.529558027163148
976,143281,1,0,2.548213000409305
977,143282,1,0,2.531801990699023
978,143283,1,0,2.5446360232308507
979,143284,1,0,2.529227000195533
980,143285,1,0,2.5378140271641314
981,143286,1,0,2.540707995649427
982,143287,1,0,2.530109020881355
983,143288,1,1,2.540547982789576
984,143289,1,0,2.5259910034947097
985,143290,1,0,2.5355489924550056
986,143291,1,0,2.535438979975879
987,143292,1,0,2.5437449803575873
988,143293,1,0,3.340340976137668
989,143294,1,0,3.3890309859998524
990,143295,1,1,2.6801369967870414
991,143296,1,0,2.5390259688720107
992,143297,1,0,2.5305699673481286
993,143298,1,0,2.52148398431018
994,143299,1,0,2.537421998567879
995,143300,1,0,2.5222949916496873
996,143301,1,0,2.5303399888798594
997,143302,1,0,2.529978984966874
998,143303,1,1,2.5376330013386905
999,143304,1,0,2.5292779901064932
1000,143305,1,0,2.5220949901267886
1001,143306,1,0,2.538513974286616
1002,143307,1,0,2.527725009713322
1003,143308,1,0,2.536341024097055
1004,143309,1,0,2.518868015613407
1005,143310,1,1,2.529819030314684
1006,143311,1,0,2.5267029996030033
1007,143312,1,0,2.5305800372734666
1008,143313,1,0,2.536821993999183
1009,143314,1,0,2.5263320421800017
1010,143315,1,0,2.538444008678198
1011,143316,1,0,2.5241479743272066
1012,143317,1,0,2.535087987780571
1013,143318,1,1,2.5306199677288532
1014,143319,1,0,2.5303189759142697
1015,143320,1,0,2.52467900281772
1016,143321,1,0,2.530300000216812
1017,143322,1,0,2.5372030213475227
1018,143323,1,0,2.535219013225287
1019,143324,1,0,2.537972992286086
1020,143325,1,1,2.535669016651809
1021,143326,1,0,2.53598002018407
1022,143327,1,0,2.524599025491625
1023,143328,1,0,2.547179989051074
1024,143329,1,0,2.534086990635842
1025,143330,1,0,2.5291480123996735
1026,143331,1,0,2.5411099777556956
1027,143332,1,1,2.53129203338176
1028,143333,1,0,2.5312910438515246
1029,143334,1,0,2.543795038945973
1030,143335,1,0,2.534366969484836
1031,143336,1,0,2.5280449772253633
1032,143337,1,0,2.5504169752821326
1033,143338,1,0,2.563641988672316
1034,143339,1,0,2.5369119830429554
1035,143340,1,1,2.532623999286443
1036,143341,1,0,2.527644974179566
1037,143342,1,0,2.5317019899375737
1038,143343,1,0,2.5301490095444024
1039,143344,1,0,2.537442953325808
1040,143345,1,0,2.5358099956065416
1041,143346,1,0,2.527504984755069
1042,143347,1,1,2.5472109555266798
1043,143348,1,0,2.532804966904223
1044,143349,1,0,2.5408799992874265
1045,143350,1,0,2.532012003939599
1046,143351,1,0,2.539617009460926
1047,143352,1,0,2.531431964598596
1048,143353,1,0,2.5276250089518726
1049,143354,1,0,2.5319730048067868
1050,143355,1,1,2.5280859554186463
1051,143356,1,0,2.5346879847347736
1052,143357,1,0,2.5233470369130373
1053,143358,1,0,2.5325040332973003
1054,143359,1,0,2.5195999769493937
1055,143360,1,0,2.5301399873569608
1056,143361,1,0,2.5263720308430493
1057,143362,1,1,2.516494016163051
1058,143363,1,0,2.5343470042571425
1059,143364,1,0,2.543944981880486
1060,143365,1,0,2.5344480527564883
1061,143366,1,0,2.523386967368424
1062,143367,1,0,2.5389359798282385
1063,143368,1,0,2.519840025343001
1064,143369,1,0,2.528175013139844
1065,143370,1,1,2.53199297003448
1066,143371,1,0,2.520731999538839
1067,143372,1,0,2.5302190333604813
1068,143373,1,0,2.52748402999714
1069,143374,1,0,2.536771004088223
1070,143375,1,0,2.5319429696537554
1071,143376,1,0,2.5332050281576812
1072,143377,1,1,2.5546439574100077
1073,143378,1,0,2.5569790159352124
1074,143379,1,0,2.532153041101992
1075,143380,1,0,2.537714026402682
1076,143381,1,0,2.534016966819763
1077,143382,1,0,2.521923976019025
1078,143383,1,0,2.5352389784529805
1079,143384,1,0,2.5347979972139
1080,143385,1,1,2.529037999920547
1081,143386,1,0,2.5368009810335934
1082,143387,1,0,2.532072947360575
1083,143388,1,0,2.5351279764436185
1084,143389,1,0,2.5246290024369955
1085,143390,1,0,2.533124992623925
1086,143391,1,0,2.5238169473595917
1087,143392,1,1,2.54058901919052
1088,143393,1,0,2.546820032875985
1089,143394,1,0,2.5334959500469267
1090,143395,1,0,2.538705011829734
1091,143396,1,0,2.52923701191321
1092,143397,1,0,2.537042018957436
1093,143398,1,0,2.5299290427938104
1094,143399,1,1,2.53999704727903
1095,143400,1,0,2.5473310379311442
1096,143401,1,0,2.5292979553341866
1097,143402,1,0,2.539306995458901
1098,143403,1,0,2.5494250003248453
1099,143404,1,0,2.5371030205860734
1100,143405,1,0,2.5331649812869728
1101,143406,1,0,2.5370820076204836
1102,143407,1,1,2.545538009144366
1103,143408,1,0,2.5267729652114213
1104,143409,1,0,2.5381750310771167
1105,143410,1,0,2.531361998990178
1106,143411,1,0,2.5337960105389357
1107,143412,1,0,2.5339669664390385
1108,143413,1,0,2.5408900110051036
1109,143414,1,1,2.53142201108858
1110,143415,1,0,2.6290719979442656
1111,143416,1,0,2.543093985877931
1112,143417,1,0,2.5302389985881746
1113,143418,1,0,2.5358200073242188
1114,143419,1,0,2.529718040022999
1115,143420,1,0,2.5379640283063054
1116,143421,1,0,2.5304899900220335
1117,143422,1,1,2.5288669858127832
1118,143423,1,0,2.5412890245206654
1119,143424,1,0,2.5282360147684813
1120,143425,1,0,2.5332249933853745
1121,143426,1,0,2.5246490258723497
1122,143427,1,0,2.5450369575992227
1123,143428,1,0,2.533115039113909
1124,143429,1,1,2.537111984565854
1125,143430,1,0,2.5331450160592794
1126,143431,1,0,2.528687007725239
1127,143432,1,0,2.5440449826419353
1128,143433,1,0,2.522434981074184
1129,143434,1,0,2.534858009312302
1130,143435,1,0,2.52241495763883
1131,143436,1,0,2.535899984650314
1132,143437,1,1,2.530839992687106
1133,143438,1,0,2.5208719889633358
1134,143439,1,0,2.5364610482938588
1135,143440,1,0,2.5333359953947365
1136,143441,1,0,2.536941959988326
1137,143442,1,0,2.5393259711563587
1138,143443,1,0,2.5345070171169937
1139,143444,1,1,2.524729003198445
1140,143445,1,0,2.539717999752611
1141,143446,1,0,2.5435740244574845
1142,143447,1,0,2.5348979979753494
1143,143448,1,0,2.5386650231666863
1144,143449,1,0,2.52521998481825
1145,143450,1,0,2.5317519903182983
1146,143451,1,0,2.531852980609983
1147,143452,1,1,2.535588981118053
1148,143453,1,0,2.532665035687387
1149,143454,1,0,2.5306299794465303
1150,143455,1,0,2.5396269629709423
1151,143456,1,0,2.5257510133087635
1152,143457,1,0,2.5323739973828197
1153,143458,1,0,2.522756054531783
1154,143459,1,1,2.5290169869549572
1155,143460,1,0,2.5178659707307816
1156,143461,1,0,2.526833035517484
1157,143462,1,0,2.529558027163148
1158,143463,1,0,2.5206419522874057
1159,143464,1,0,2.5374230463057756
1160,143465,1,0,2.527403994463384
1161,143466,1,1,2.5317820254713297
1162,143467,1,0,2.5320129934698343
1163,143468,1,0,2.537663036491722
1164,143469,1,0,2.524999959859997
1165,143470,1,0,2.5392259703949094
1166,143471,1,0,2.53832497401163
1167,143472,1,0,2.528226003050804
1168,143473,1,0,2.5431440444663167
1169,143474,1,1,2.530450001358986
1170,143475,1,0,2.534536994062364
1171,143476,1,0,2.524919982533902
1172,143477,1,0,2.5338460109196603
1173,143478,1,0,2.5389459915459156
1174,143479,1,0,2.5279049878008664
1175,143480,1,0,2.537662978284061
1176,143481,1,1,2.5334160309284925
1177,143482,1,0,2.536631014663726
1178,143483,1,0,2.5277549866586924
1179,143484,1,0,2.5423619663342834
1180,143485,1,0,2.5366009795106947
1181,143486,1,0,2.5327440234832466
1182,143487,1,0,2.545388008002192
1183,143488,1,0,2.5263020070269704
1184,143489,1,1,2.5317019899375737
1185,143490,1,0,2.524529001675546
1186,143491,1,0,2.540537971071899
1187,143492,1,0,2.5468499516136944
1188,143493,1,0,2.536760992370546
1189,143494,1,0,2.5390060036443174
1190,143495,1,0,2.5268730241805315
1191,143496,1,1,2.539927954785526
1192,143497,1,0,2.526122028939426
1193,143498,1,0,2.532934013288468
1194,143499,1,0,2.5270030018873513
1195,143500,1,0,2.5337960105389357
1196,143501,1,0,2.541450026910752
1197,143502,1,0,2.5313509977422655
1198,143503,1,0,2.5456779985688627
1199,143504,1,1,2.5290169869549572
1200,143505,1,0,2.5352989905513823
1201,143506,1,0,2.528115001041442
1202,143507,1,0,2.549255033954978
1203,143508,1,0,2.5381550076417625
1204,143509,1,0,2.5309600168839097
1205,143510,1,0,2.550917968619615
1206,143511,1,1,2.536760992370546
1207,143512,1,0,2.5477520539425313
1208,143513,1,0,2.528887998778373
1209,143514,1,0,2.5348479975946248
1210,143515,1,0,2.548442978877574
1211,143516,1,0,2.5388459907844663
1212,143517,1,0,2.5950699928216636
1213,143518,1,0,2.536310988944024
1214,143519,1,1,2.545698022004217
1215,143520,1,0,2.5441450416110456
1216,143521,1,0,2.5338369887322187
1217,143522,1,0,2.5330649805255234
1218,143523,1,0,2.524929994251579
1219,143524,1,0,2.536610991228372
1220,143525,1,0,2.5228559970855713
1221,143526,1,1,2.5439049932174385
1222,143527,1,0,2.5315320235677063
1223,143528,1,0,2.5535430177114904
1224,143529,1,0,2.5418110308237374
1225,143530,1,0,2.525331045035273
1226,143531,1,0,2.53276398871094
1227,143532,1,0,2.534147002734244
1228,143533,1,0,2.5427530054003
1229,143534,1,1,2.5339460116811097
1230,143535,1,0,2.5398069992661476
1231,143536,1,0,2.528426004573703
1232,143537,1,0,2.5466199731454253
1233,143538,1,0,2.544846967794001
1234,143539,1,0,2.5285559822805226
1235,143540,1,0,2.5418809964321554
1236,143541,1,1,2.5273339706473053
1237,143542,1,0,2.57156603038311
1238,143543,1,0,2.537494001444429
1239,143544,1,0,2.545007038861513
1240,143545,1,0,2.531321020796895
1241,143546,1,0,2.5339460116811097
1242,143547,1,0,2.5526410317979753
1243,143548,1,1,2.5398170109838247
1244,143549,1,0,2.54434603266418
1245,143550,1,0,2.539696986787021
1246,143551,1,0,2.5431440444663167
1247,143552,1,0,2.54532799590379
1248,143553,1,0,2.5345280300825834
1249,143554,1,0,2.54030799260363
1250,143555,1,0,2.537544001825154
1251,143556,1,1,2.5489539839327335
1252,143557,1,0,2.5262520066462457
1253,143558,1,0,2.5394560070708394
1254,143559,1,0,2.5468399981036782
1255,143560,1,0,2.5372320087626576
1256,143561,1,0,2.6427690172567964
1257,143562,1,0,2.526592987123877
1258,143563,1,1,2.532913989853114
1259,143564,1,0,2.520592010114342
1260,143565,1,0,2.518026973120868
1261,143566,1,0,2.5332149816676974
1262,143567,1,0,2.5467999512329698
1263,143568,1,0,2.530209021642804
1264,143569,1,0,2.5232259649783373
1265,143570,1,0,2.529558027163148
1266,143571,1,1,2.513688988983631
1267,143572,1,0,2.5308410404250026
1268,143573,1,0,2.5283460272476077
1269,143574,1,0,2.523556991945952
1270,143575,1,0,2.5330749922432005
1271,143576,1,0,2.5238069938495755
1272,143577,1,0,2.5389959919266403
1273,143578,1,1,2.522874972783029
1274,143579,1,0,2.5364509783685207
1275,143580,1,0,2.5250400067307055
1276,143581,1,0,2.530731027945876
1277,143582,1,0,2.5264029973186553
1278,143583,1,0,2.5308110052719712
1279,143584,1,0,2.5316019891761243
1280,143585,1,0,2.5201410171575844
1281,143586,1,1,2.5376330013386905
1282,143587,1,0,2.525379997678101
1283,143588,1,0,2.5367920170538127
1284,143589,1,0,2.5322840083390474
1285,143590,1,0,2.535999985411763
1286,143591,1,0,2.533195016440004
1287,143592,1,0,2.5257710367441177
1288,143593,1,1,2.531572012230754
1289,143594,1,0,2.5260020047426224
1290,143595,1,0,2.5312219513580203
1291,143596,1,0,2.5250199832953513
1292,143597,1,0,2.5349180214107037
1293,143598,1,0,2.538666012696922
1294,143599,1,0,2.530380035750568
1295,143600,1,0,2.5264829746447504
1296,143601,1,1,2.5291969650425017
1297,143602,1,0,2.532303042244166
1298,143603,1,0,2.5186680140905082
1299,143604,1,0,2.5314519880339503
1300,143605,1,0,2.521052025258541
1301,143606,1,0,2.5315419770777225
1302,143607,1,0,2.547221025452018
1303,143608,1,1,2.5262419949285686
1304,143609,1,0,2.5285970186814666
1305,143610,1,0,2.5165839469991624
1306,143611,1,0,2.5309710181318223
1307,143612,1,0,2.5272640050388873
1308,143613,1,0,2.5389749789610505
1309,143614,1,0,2.5267029996030033
1310,143615,1,1,2.5357789709232748
1311,143616,1,0,2.538154018111527
1312,143617,1,0,2.5253199855796993
1313,143618,1,0,2.539547043852508
1314,143619,1,0,2.5321030407212675
1315,143620,1,0,2.532492973841727
1316,143621,1,0,2.523386967368424
1317,143622,1,0,2.5286569725722075
1318,143623,1,1,2.5353889795951545
1319,143624,1,0,2.5288169854320586
1320,143625,1,0,2.5293469661846757
1321,143626,1,0,2.5291869533248246
1322,143627,1,0,2.537271997425705
1323,143628,1,0,2.526382973883301
1324,143629,1,0,2.539937966503203
1325,143630,1,1,2.5324939633719623
1326,143631,1,0,2.540968998800963
1327,143632,1,0,2.5394970434717834
1328,143633,1,0,2.529267978388816
1329,143634,1,0,2.5487940292805433
1330,143635,1,0,2.5446669897064567
1331,143636,1,0,2.539596986025572
1332,143637,1,0,2.5409990339539945
1333,143638,1,1,2.5408290093764663
1334,143639,1,0,2.545177994761616
1335,143640,1,0,2.5224449927918613
1336,143641,1,0,2.532745013013482
1337,143642,1,0,2.5229660095646977
1338,143643,1,0,2.5379229919053614
1339,143644,1,0,2.5270729674957693
1340,143645,1,1,2.5322739966213703
1341,143646,1,0,2.535038976930082
1342,143647,1,0,2.526062016841024
1343,143648,1,0,2.529216988477856
1344,143649,1,0,2.5281250127591193
1345,143650,1,0,2.539627021178603
1346,143651,1,0,2.520170994102955
1347,143652,1,0,2.532073005568236
1348,143653,1,1,2.524818992242217
1349,143654,1,0,2.5354590034112334
1350,143655,1,0,2.5290169869549572
1351,143656,1,0,2.5225759600289166
1352,143657,1,0,2.538063970860094
1353,143658,1,0,2.5297690299339592
1354,143659,1,0,2.5314210215583444
1355,143660,1,1,2.524429000914097
1356,143661,1,0,2.5256709777750075
1357,143662,1,0,2.5227959849871695
1358,143663,1,0,2.5289769982919097
1359,143664,1,0,2.5319430278614163
1360,143665,1,0,2.5261419941671193
1361,143666,1,0,2.537854015827179
1362,143667,1,0,2.5259009562432766
1363,143668,1,1,2.5312320212833583
1364,143669,1,0,2.5184369878843427
1365,143670,1,0,2.5265219737775624
1366,143671,1,0,2.520341018680483
1367,143672,1,0,2.5335460086353123
1368,143673,1,0,2.534647996071726
1369,143674,1,0,2.5164539692923427
1370,143675,1,1,2.536882006097585
1371,143676,1,0,2.529558027163148
1372,143677,1,0,2.5279659894295037
1373,143678,1,0,2.522265014704317
1374,143679,1,0,2.5333550292998552
1375,143680,1,0,2.52212502527982
1376,143681,1,0,2.530379977542907
1377,143682,1,0,2.530278987251222
1378,143683,1,1,2.5320830172859132
1379,143684,1,0,2.5302499998360872
1380,143685,1,0,2.523676957935095
1381,143686,1,0,2.537313033826649
1382,143687,1,0,2.52333702519536
1383,143688,1,0,2.5334350066259503
1384,143689,1,0,2.5239179958589375
1385,143690,1,1,2.5230360333807766
1386,143691,1,0,2.5318629923276603
1387,143692,1,0,2.522655006032437
1388,143693,1,0,2.5373619864694774
1389,143694,1,0,2.528065990190953
1390,143695,1,0,2.5456480216234922
1391,143696,1,0,2.5280549889430404
1392,143697,1,1,2.5383540196344256
1393,143698,1,0,2.5358590064570308
1394,143699,1,0,2.5242389529012144
1395,143700,1,0,2.5422010221518576
1396,143701,1,0,2.528006036300212
1397,143702,1,0,2.5389650254510343
1398,143703,1,0,2.5305800372734666
1399,143704,1,0,2.538083994295448
1400,143705,1,1,2.5278250104747713
1401,143706,1,0,2.5299389963038266
1402,143707,1,0,2.638370031490922
1403,143708,1,0,2.539045992307365
1404,143709,1,0,2.542663016356528
1405,143710,1,0,2.517296001315117
1406,143711,1,0,2.5299889966845512
1407,143712,1,1,2.5249189930036664
1408,143713,1,0,2.5188179570250213
1409,143714,1,0,2.5309610064141452
1410,143715,1,0,2.5259919930249453
1411,143716,1,0,2.5429429952055216
1412,143717,1,0,2.521232992876321
1413,143718,1,0,2.5345770409330726
1414,143719,1,0,2.5252500199712813
1415,143720,1,1,2.540407993365079
1416,143721,1,0,2.5346779730170965
1417,143722,1,0,2.5333259836770594
1418,143723,1,0,2.5438149459660053
1419,143724,1,0,2.5402879691682756
1420,143725,1,0,2.55150900920853
1421,143726,1,0,2.5359299615956843
1422,143727,1,1,2.5847299839369953
1423,143728,1,0,2.5633309851400554
1424,143729,1,0,2.5416709831915796
1425,143730,1,0,2.547801996115595
1426,143731,1,0,2.5349680217914283
1427,143732,1,0,2.5453580310568213
1428,143733,1,0,2.541290014050901
1429,143734,1,0,2.5356599944643676
1430,143735,1,1,2.5414410047233105
1431,143736,1,0,2.5332049699500203
1432,143737,1,0,2.544805989600718
1433,143738,1,0,2.5332060176879168
1434,143739,1,0,2.5487939710728824
1435,143740,1,0,2.5464699720032513
1436,143741,1,0,2.5347680202685297
1437,143742,1,1,2.544235030654818
1438,143743,1,0,2.5324239977635443
1439,143744,1,0,2.5405180058442056
1440,143745,1,0,2.533024991862476
1441,143746,1,0,2.5341869913972914
1442,143747,1,0,2.528526005335152
1443,143748,1,0,2.533805964048952
1444,143749,1,0,2.5436250143684447
1445,143750,1,1,2.5336960097774863
1446,143751,1,0,2.538344997446984
1447,143752,1,0,2.528926997911185
1448,143753,1,0,2.5346080074086785
1449,143754,1,0,2.5245589786209166
1450,143755,1,0,2.543063019402325
1451,143756,1,0,2.534508006647229
1452,143757,1,1,2.527173957787454
1453,143758,1,0,2.538505010306835
1454,143759,1,0,2.533606020733714
1455,143760,1,0,2.537452965043485
1456,143761,1,0,2.524919982533902
1457,143762,1,0,2.5324830203317106
1458,143763,1,0,2.536811982281506
1459,143764,1,1,2.529198012780398
1460,143765,1,0,2.5373719981871545
1461,143766,1,0,2.523817995097488
1462,143767,1,0,2.539276028983295
1463,143768,1,0,2.52521998481825
1464,143769,1,0,2.5286260060966015
1465,143770,1,0,2.52661295235157
1466,143771,1,0,2.5370229850523174
1467,143772,1,1,2.548052987549454
1468,143773,1,0,2.5330850039608777
1469,143774,1,0,2.5323639856651425
1470,143775,1,0,2.5303399888798594
1471,143776,1,0,2.5364719913341105
1472,143777,1,0,2.5239879614673555
1473,143778,1,0,2.5326639879494905
1474,143779,1,1,2.5367920170538127
1475,143780,1,0,2.533195016440004
1476,143781,1,0,2.5292179780080914
1477,143782,1,0,2.531132020521909
1478,143783,1,0,2.5462789926677942
1479,143784,1,0,2.5247600278817117
1480,143785,1,0,2.538494998589158
1481,143786,1,0,2.533265040256083
1482,143787,1,1,2.54373496863991
1483,143788,1,0,2.542191999964416
1484,143789,1,0,2.5310610071755946
1485,143790,1,0,2.5396670098416507
1486,143791,1,0,2.527373959310353
1487,143792,1,0,2.5453779962845147
1488,143793,1,0,2.5314110098406672
1489,143794,1,1,2.5555460015311837
1490,143795,1,0,2.5369920185767114
1491,143796,1,0,2.525459975004196
1492,143797,1,0,2.5423920014873147
1493,143798,1,0,2.533986000344157
1494,143799,1,0,2.5400379672646523
1495,143800,1,0,2.5308309704996645
1496,143801,1,0,2.537704014685005
1497,143802,1,1,2.535048988647759
1498,143803,1,0,2.5308700278401375
1499,143804,1,0,2.5426529464311898
1500,143805,1,0,2.537923981435597
1501,143806,1,0,2.534647996071726
1502,143807,1,0,2.5267929886467755
1503,143808,1,0,2.5315610109828413
1504,143809,1,1,2.5205310084857047
1505,143810,1,0,2.5354790268465877
1506,143811,1,0,2.536700980272144
1507,143812,1,0,2.526592987123877
1508,143813,1,0,2.533226041123271
1509,143814,1,0,2.5250299950130284
1510,143815,1,0,2.5374229880981147
1511,143816,1,0,2.521443006116897
1512,143817,1,1,2.5936070014722645
1513,143818,1,0,2.537574036978185
1514,143819,1,0,2.525920979678631
1515,143820,1,0,2.5402680039405823
1516,143821,1,0,2.531282021664083
1517,143822,1,0,2.5427330401726067
1518,143823,1,0,2.525411022361368
1519,143824,1,1,2.543132985010743
1520,143825,1,0,2.532334008719772
1521,143826,1,0,2.517535991501063
1522,143827,1,0,2.529498015064746
1523,143828,1,0,2.522895985748619
1524,143829,1,0,2.53317499300465
1525,143830,1,0,2.523606992326677
1526,143831,1,1,2.5225550052709877
1527,143832,1,0,2.5264620198868215
1528,143833,1,0,2.5887980009429157
1529,143834,1,0,2.54329398740083
1530,143835,1,0,2.5275650550611317
1531,143836,1,0,2.543084032367915
1532,143837,1,0,2.5356289697811007
1533,143838,1,0,2.5437650037929416
1534,143839,1,1,2.5730489869602025
1535,143840,1,0,2.5361599982716143
1536,143841,1,0,2.565656031947583
1537,143842,1,0,2.591071999631822
1538,143843,1,0,2.545928000472486
1539,143844,1,0,2.536771004088223
1540,143845,1,0,2.545889001339674
1541,143846,1,1,2.5461289915256202
1542,143847,1,0,2.5343370507471263
1543,143848,1,0,2.5419510202482343
1544,143849,1,0,2.5361310108564794
1545,143850,1,0,2.531571954023093
1546,143851,1,0,2.5306400493718684
1547,143852,1,0,2.5483029894530773
1548,143853,1,0,2.644571999553591
1549,143854,1,1,2.527624019421637
1550,143855,1,0,2.533446007873863
1551,143856,1,0,2.516913984436542
1552,143857,1,0,2.536951971706003
1553,143858,1,0,2.5276849628426135
1554,143859,1,0,2.541370049584657
1555,143860,1,0,2.5333560188300908
1556,143861,1,1,2.53855501068756
1557,143862,1,0,2.531100995838642
1558,143863,1,0,2.5324439629912376
1559,143864,1,0,2.5375430122949183
1560,143865,1,0,2.529327990487218
1561,143866,1,0,2.5579609791748226
1562,143867,1,0,2.5757140247151256
1563,143868,1,0,2.5297690299339592
1564,143869,1,1,2.5344069581478834
1565,143870,1,0,2.5244689895771444
1566,143871,1,0,2.5281860143877566
1567,143872,1,0,2.5255209766328335
1568,143873,1,0,2.5299889966845512
1569,143874,1,0,2.5189690059050918
1570,143875,1,0,2.5291269994340837
1571,143876,1,1,2.5264130090363324
1572,143877,1,0,2.5222449912689626
1573,143878,1,0,2.529759018216282
1574,143879,1,0,2.5252500199712813
1575,143880,1,0,2.5312909856438637
1576,143881,1,0,2.521153015550226
1577,143882,1,0,2.525851014070213
1578,143883,1,0,2.526031981687993
1579,143884,1,1,2.53657199209556
1580,143885,1,0,2.535669016651809
1581,143886,1,0,2.521793998312205
1582,143887,1,0,2.54906399641186
1583,143888,1,0,2.5274939835071564
1584,143889,1,0,2.5437939912080765
1585,143890,1,0,2.517225977499038
1586,143891,1,1,2.5834980187937617
1587,143892,1,0,2.5379539583809674
1588,143893,1,0,2.5182870449498296
1589,143894,1,0,2.53142201108858
1590,143895,1,0,2.5203709956258535
1591,143896,1,0,2.540398039855063
1592,143897,1,0,2.5256009539589286
1593,143898,1,0,2.5309710181318223
1594,143899,1,1,2.5279750116169453
1595,143900,1,0,2.535589039325714
1596,143901,1,0,2.53078097011894
1597,143902,1,0,2.5241379626095295
1598,143903,1,0,2.529348013922572
1599,143904,1,0,2.530278987251222
1600,143905,1,0,2.5371620431542397
1601,143906,1,1,2.515912987291813
1602,143907,1,0,2.531000995077193
1603,143908,1,0,2.5263320421800017
1604,143909,1,0,2.5260820402763784
1605,143910,1,0,2.5362010346725583
1606,143911,1,0,2.539105946198106
1607,143912,1,0,2.538924978580326
1608,143913,1,1,2.522023976780474
1609,143914,1,0,2.535639039706439
1610,143915,1,0,2.5255110231228173
1611,143916,1,0,2.5787099730223417
1612,143917,1,0,2.5310610071755946
1613,143918,1,0,2.5163739919662476
1614,143919,1,0,2.5285769952461123
1615,143920,1,0,2.517746004741639
1616,143921,1,1,2.5307000032626092
1617,143922,1,0,2.5149310240522027
1618,143923,1,0,2.525700954720378
1619,143924,1,0,2.5231059989891946
1620,143925,1,0,2.5187290157191455
1621,143926,1,0,2.5242280098609626
1622,143927,1,0,2.521212969440967
1623,143928,1,1,2.5265919975936413
1624,143929,1,0,2.5162240490317345
1625,143930,1,0,2.519279019907117
1626,143931,1,0,2.5079880142584443
1627,143932,1,0,2.516143023967743
1628,143933,1,0,2.514249994419515
1629,143934,1,0,2.5218340451829135
1630,143935,1,0,2.5191089953295887
1631,143936,1,1,2.5186080019921064
1632,143937,1,0,2.516494016163051
1633,143938,1,0,2.5128679699264467
1634,143939,1,0,2.5230959872715175
1635,143940,1,0,2.5181170203723013
1636,143941,1,0,2.5596939958631992
1637,143942,1,0,2.5286469608545303
1638,143943,1,1,2.5296990061178803
1639,143944,1,0,2.5240679970011115
1640,143945,1,0,2.5275549851357937
1641,143946,1,0,2.5296990061178803
1642,143947,1,0,2.5252310442738235
1643,143948,1,0,2.5374730466865003
1644,143949,1,0,2.529788005631417
1645,143950,1,0,2.5459990138188004
1646,143951,1,1,2.525871037505567
1647,143952,1,0,2.5341070140711963
1648,143953,1,0,2.5490240077488124
1649,143954,1,0,2.5844400515779853
1650,143955,1,0,2.5436339783482254
1651,143956,1,0,2.5297789834439754
1652,143957,1,0,2.5367619819007814
1653,143958,1,1,2.52743496093899
1654,143959,1,0,2.5268630124628544
1655,143960,1,0,2.5368520291522145
1656,143961,1,0,2.527575008571148
1657,143962,1,0,2.5389649672433734
1658,143963,1,0,2.532273007091135
1659,143964,1,0,2.5478319730609655
1660,143965,1,0,2.537042018957436
1661,143966,1,1,2.5632810429669917
1662,143967,1,0,2.5435540010221303
1663,143968,1,0,2.526392985600978
1664,143969,1,0,2.5430229725316167
1665,143970,1,0,2.5331349461339414
1666,143971,1,0,2.544816001318395
1667,143972,1,0,2.5316919782198966
1668,143973,1,1,2.537522988859564
1669,143974,1,0,2.545767987612635
1670,143975,1,0,2.5410089874640107
1671,143976,1,0,2.5384139735251665
1672,143977,1,0,2.523326955270022
1673,143978,1,0,2.539746987167746
1674,143979,1,0,2.5324129965156317
1675,143980,1,1,2.544656046666205
1676,143981,1,0,2.5334549718536437
1677,143982,1,0,2.5352679658681154
1678,143983,1,0,2.5415810523554683
1679,143984,1,0,2.534788043703884
1680,143985,1,0,2.5439950404688716
1681,143986,1,0,2.527514996472746
1682,143987,1,0,2.5463300407864153
1683,143988,1,1,2.528045035433024
1684,143989,1,0,2.5400170125067234
1685,143990,1,0,2.532713988330215
1686,143991,1,0,2.5291169877164066
1687,143992,1,0,2.5413400144316256
1688,143993,1,0,2.5295180385001004
1689,143994,1,0,2.5426819920539856
1690,143995,1,1,2.5318519910797477
1691,143996,1,0,2.5369220529682934
1692,143997,1,0,2.543374022934586
1693,143998,1,0,2.5264329742640257
1694,143999,1,0,2.651144051924348
1695,144000,1,0,2.5247600278817117
1696,144001,1,0,2.527944976463914
1697,144002,1,0,2.516613982152194
1698,144003,1,1,2.520110982004553
1699,144004,1,0,2.5456480216234922
1700,144005,1,0,2.522194990888238
1701,144006,1,0,2.537032007239759
1702,144007,1,0,2.5290079647675157
1703,144008,1,0,2.532353042624891
1704,144009,1,0,2.5245390133932233
1705,144010,1,1,2.5287060416303575
1706,144011,1,0,2.5300689740106463
1707,144012,1,0,2.5265029980801046
1708,144013,1,0,2.532052982132882
1709,144014,1,0,2.5305799790658057
1710,144015,1,0,2.536661981139332
1711,144016,1,0,2.5329350028187037
1712,144017,1,0,2.539937966503203
1713,144018,1,1,2.533655962906778
1714,144019,1,0,2.535830019041896
1715,144020,1,0,2.5326639879494905
1716,144021,1,0,2.5307800387963653
1717,144022,1,0,2.5425119674764574
1718,144023,1,0,2.5349080096930265
1719,144024,1,0,2.5439650053158402
1720,144025,1,1,2.5281059788540006
1721,144026,1,0,2.5294380029663444
1722,144027,1,0,2.538055006880313
1723,144028,1,0,2.5439250166527927
1724,144029,1,0,2.53340502968058
1725,144030,1,0,2.521163027267903
1726,144031,1,0,2.537933993153274
1727,144032,1,0,2.534167026169598
1728,144033,1,1,2.5556660257279873
1729,144034,1,0,2.5286569725722075
1730,144035,1,0,2.5182479876093566
1731,144036,1,0,2.529418037738651
1732,144037,1,0,2.5238979724235833
1733,144038,1,0,2.5328940246254206
1734,144039,1,0,2.5213430053554475
1735,144040,1,1,2.5348479975946248
1736,144041,1,0,2.518547000363469
1737,144042,1,0,2.553332014940679
1738,144043,1,0,2.5499059702269733
1739,144044,1,0,2.530128986109048
1740,144045,1,0,2.5360099971294403
1741,144046,1,0,2.53235298441723
1742,144047,1,1,2.53696198342368
1743,144048,1,0,2.531150996219367
1744,144049,1,0,2.538523986004293
1745,144050,1,0,2.535648993216455
1746,144051,1,0,2.528055978473276
1747,144052,1,0,2.536250976845622
1748,144053,1,0,2.5258110254071653
1749,144054,1,0,2.5385350454598665
1750,144055,1,1,2.5236469809897244
1751,144056,1,0,2.531081030610949
1752,144057,1,0,2.523808041587472
1753,144058,1,0,2.535919949878007
1754,144059,1,0,2.530169964302331
1755,144060,1,0,2.5222139665856957
1756,144061,1,0,2.5211129686795175
1757,144062,1,1,2.516083011869341
1758,144063,1,0,2.5385949993506074
1759,144064,1,0,2.5253899511881173
1760,144065,1,0,2.5283860159106553
1761,144066,1,0,2.524598967283964
1762,144067,1,0,2.545538009144366
1763,144068,1,0,2.532372949644923
1764,144069,1,0,2.521473972592503
1765,144070,1,1,2.5288970209658146
1766,144071,1,0,2.5269229663535953
1767,144072,1,0,2.527875010855496
1768,144073,1,0,2.52521998481825
1769,144074,1,0,2.5291279889643192
1770,144075,1,0,2.5258410023525357
1771,144076,1,0,2.52148398431018
1772,144077,1,1,2.5342569570057094
1773,144078,1,0,2.5312410434708
1774,144079,1,0,2.530640980694443
1775,144080,1,0,2.530258963815868
1776,144081,1,0,2.5313220103271306
1777,144082,1,0,2.528696961235255
1778,144083,1,0,2.5403780164197087
1779,144084,1,0,2.5355800171382725
1780,144085,1,1,2.5239979731850326
1781,144086,1,0,2.529818972107023
1782,144087,1,0,2.5198700022883713
1783,144088,1,0,2.537854015827179
1784,144089,1,0,2.5265730218961835
1785,144090,1,0,2.5324730086140335
1786,144091,1,0,2.555706014391035
1787,144092,1,1,2.547151001635939
1788,144093,1,0,2.544847026001662
1789,144094,1,0,2.5377930141985416
1790,144095,1,0,2.54030799260363
1791,144096,1,0,2.532843966037035
1792,144097,1,0,2.5388660142198205
1793,144098,1,0,2.529829042032361
1794,144099,1,0,2.541199966799468
1795,144100,1,1,2.5372630334459245
1796,144101,1,0,2.524299023207277
1797,144102,1,0,2.531000995077193
1798,144103,1,0,2.531641977839172
1799,144104,1,0,2.533055027015507
1800,144105,1,0,2.5304000009782612
1801,144106,1,0,2.5376230478286743
1802,144107,1,1,2.5467710220254958
1803,144108,1,0,2.533965976908803
1804,144109,1,0,2.535509003791958
1805,144110,1,0,2.524879004340619
1806,144111,1,0,2.53451697062701
1807,144112,1,0,2.530469966586679
1808,144113,1,0,2.5347479968331754
1809,144114,1,0,2.528856974095106
1810,144115,1,1,2.5344580062665045
1811,144116,1,0,2.540738962125033
1812,144117,1,0,2.5775679969228804
1813,144118,1,0,2.57950002560392
1814,144119,1,0,2.5310610071755946
1815,144120,1,0,2.5366810150444508
1816,144121,1,0,2.5327440234832466
1817,144122,1,1,2.5254099746234715
1818,144123,1,0,2.5493749999441206
1819,144124,1,0,2.5292469654232264
1820,144125,1,0,2.5378139689564705
1821,144126,1,0,2.5225250283256173
1822,144127,1,0,2.537452965043485
1823,144128,1,0,2.524990006349981
1824,144129,1,1,2.5376330013386905
1825,144130,1,0,2.5237579829990864
1826,144131,1,0,2.5248300516977906
1827,144132,1,0,2.538644999731332
1828,144133,1,0,2.536129963118583
1829,144134,1,0,2.535097999498248
1830,144135,1,0,2.52995896153152
1831,144136,1,0,2.5394969852641225
1832,144137,1,1,2.5333650410175323
1833,144138,1,0,2.5323130539618433
1834,144139,1,0,2.5458490126766264
1835,144140,1,0,2.529708028305322
1836,144141,1,0,2.536502026487142
1837,144142,1,0,2.530300000216812
1838,144143,1,0,2.540919987950474
1839,144144,1,1,2.528837008867413
1840,144145,1,0,2.654039009939879
1841,144146,1,0,2.5316120008938015
1842,144147,1,0,2.526052005123347
1843,144148,1,0,2.5447560474276543
1844,144149,1,0,2.5304100126959383
1845,144150,1,0,2.532222948502749
1846,144151,1,0,2.536010986659676
1847,144152,1,1,2.5246490258723497
1848,144153,1,0,2.5275549851357937
1849,144154,1,0,2.51970998942852
1850,144155,1,0,2.541248977649957
1851,144156,1,0,2.5346579495817423
1852,144157,1,0,2.5327340117655694
1853,144158,1,0,2.5287659955210984
1854,144159,1,1,2.5309209595434368
1855,144160,1,0,2.5367120397277176
1856,144161,1,0,2.5284659932367504
1857,144162,1,0,2.531571954023093
1858,144163,1,0,2.5372119853273034
1859,144164,1,0,2.5319730048067868
1860,144165,1,0,2.5294580264016986
1861,144166,1,0,2.5315420352853835
1862,144167,1,1,2.522905997466296
1863,144168,1,0,2.5221139658242464
1864,144169,1,0,2.53463804256171
1865,144170,1,0,2.517535991501063
1866,144171,1,0,2.534467028453946
1867,144172,1,0,2.5207719882018864
1868,144173,1,0,2.530871017370373
1869,144174,1,1,2.5218339869752526
1870,144175,1,0,2.5349679635837674
1871,144176,1,0,2.5237880181521177
1872,144177,1,0,2.5197399663738906
1873,144178,1,0,2.530620025936514
1874,144179,1,0,2.5224650162272155
1875,144180,1,0,2.530979982111603
1876,144181,1,0,2.523456991184503
1877,144182,1,1,2.531090984120965
1878,144183,1,0,2.5315519887953997
1879,144184,1,0,2.554634993430227
1880,144185,1,0,2.5446470244787633
1881,144186,1,0,2.5302389985881746
1882,144187,1,0,2.544365997891873
1883,144188,1,0,2.5312609504908323
1884,144189,1,1,2.5371320080012083
1885,144190,1,0,2.5351690128445625
1886,144191,1,0,2.5555070023983717
1887,144192,1,0,2.5510579580441117
1888,144193,1,0,2.543454000260681
1889,144194,1,0,2.544585964642465
1890,144195,1,0,2.5333049707114697
1891,144196,1,1,2.5412400136701763
1892,144197,1,0,2.529037999920547
1893,144198,1,0,2.545627998188138
1894,144199,1,0,2.539836976211518
1895,144200,1,0,2.529969031456858
1896,144201,1,0,2.536330954171717
1897,144202,1,0,2.5370919611305
1898,144203,1,0,2.554073987994343
1899,144204,1,1,2.535129024181515
1900,144205,1,0,2.5378940044902265
1901,144206,1,0,2.537533000577241
1902,144207,1,0,2.535899984650314
1903,144208,1,0,2.5458679883740842
1904,144209,1,0,2.5417510187253356
1905,144210,1,0,2.5464289938099682
1906,144211,1,1,2.5341660366393626
1907,144212,1,0,2.5390960508957505
1908,144213,1,0,2.536700980272144
1909,144214,1,0,2.5347680202685297
1910,144215,1,0,2.541910973377526
1911,144216,1,0,2.5734090013429523
1912,144217,1,0,2.5416010175831616
1913,144218,1,0,2.5297380052506924
1914,144219,1,1,2.545207040384412
1915,144220,1,0,2.544295974075794
1916,144221,1,0,2.5326039758510888
1917,144222,1,0,2.5480619515292346
1918,144223,1,0,2.5393659598194063
1919,144224,1,0,2.538864966481924
1920,144225,1,0,2.525340998545289
1921,144226,1,1,2.540968998800963
1922,144227,1,0,2.537663036491722
1923,144228,1,0,2.5308110052719712
1924,144229,1,0,2.542121976148337
1925,144230,1,0,2.5325140450149775
1926,144231,1,0,2.541230001952499
1927,144232,1,0,2.5357690174132586
1928,144233,1,0,2.5461489567533135
1929,144234,1,1,2.5303399888798594
1930,144235,1,0,2.535770006943494
1931,144236,1,0,2.542813017498702
1932,144237,1,0,2.530520025175065
1933,144238,1,0,2.5415910058654845
1934,144239,1,0,2.533245016820729
1935,144240,1,0,2.5639819796197116
1936,144241,1,1,2.5425420026294887
1937,144242,1,0,2.549555036239326
1938,144243,1,0,2.5516790337860584
1939,144244,1,0,2.5389260263182223
1940,144245,1,0,2.543273032642901
1941,144246,1,0,2.533525985199958
1942,144247,1,0,2.5388249778188765
1943,144248,1,0,2.5345380418002605
1944,144249,1,1,2.5423220358788967
1945,144250,1,0,2.5437839794903994
1946,144251,1,0,2.537101972848177
1947,144252,1,0,2.540258050430566
1948,144253,1,0,2.5314619997516274
1949,144254,1,0,2.5427530054003
1950,144255,1,0,2.5364909670315683
1951,144256,1,1,2.540168003179133
1952,144257,1,0,2.538073982577771
1953,144258,1,0,2.527575008571148
1954,144259,1,0,2.5390759692527354
1955,144260,1,0,2.5372420204803348
1956,144261,1,0,2.538934990298003
1957,144262,1,0,2.5552459992468357
1958,144263,1,0,2.5334450183436275
1959,144264,1,1,2.5376739795319736
1960,144265,1,0,2.5260919937863946
1961,144266,1,0,2.5409990339539945
1962,144267,1,0,2.5265730218961835
1963,144268,1,0,2.533395017962903
1964,144269,1,0,2.533395017962903
1965,144270,1,0,2.5359399733133614
1966,144271,1,1,2.536321000661701
1967,144272,1,0,2.5381940067745745
1968,144273,1,0,2.5390160153619945
1969,144274,1,0,2.5285669835284352
1970,144275,1,0,2.5378039572387934
1971,144276,1,0,2.532623999286443
1972,144277,1,0,2.5372119853273034
1973,144278,1,1,2.5285360170528293
1974,144279,1,0,2.528687007725239
1975,144280,1,0,2.538644999731332
1976,144281,1,0,2.5265730218961835
1977,144282,1,0,2.5437840376980603
1978,144283,1,0,2.5305600138381124
1979,144284,1,0,2.537042018957436
1980,144285,1,0,2.5280650006607175
1981,144286,1,1,2.5322530418634415
1982,144287,1,0,2.542402013204992
1983,144288,1,0,2.535008010454476
1984,144289,1,0,2.546239993534982
1985,144290,1,0,2.530661004129797
1986,144291,1,0,2.6331599801778793
1987,144292,1,0,2.5282249553129077
1988,144293,1,1,2.520381996873766
1989,144294,1,0,2.5332249933853745
1990,144295,1,0,2.5204619741998613
1991,144296,1,0,2.5337159750051796
1992,144297,1,0,2.5217229849658906
1993,144298,1,0,2.532613987568766
1994,144299,1,0,2.529728051740676
1995,144300,1,0,2.5353090022690594
1996,144301,1,1,2.5388459907844663
1997,144302,1,0,2.5259419926442206
1998,144303,1,0,2.535829960834235
1999,144304,1,0,2.5349080096930265
2000,144305,1,0,2.540889021474868
2001,144306,1,0,2.5262730196118355
2002,144307,1,0,2.533966035116464
2003,144308,1,1,2.5353889795951545
2004,144309,1,0,2.524818992242217
2005,144310,1,0,2.5337759871035814
2006,144311,1,0,2.5300600100308657
2007,144312,1,0,2.528987010009587
2008,144313,1,0,2.5202909600920975
2009,144314,1,0,2.5405880296602845
2010,144315,1,0,2.5214829947799444
2011,144316,1,1,2.5784189929254353
2012,144317,1,0,2.534558007027954
2013,144318,1,0,2.522826020140201
2014,144319,1,0,2.5353689561598003
2015,144320,1,0,2.534937986638397
2016,144321,1,0,2.5389959919266403
2017,144322,1,0,2.5331649812869728
2018,144323,1,1,2.5401379680261016
2019,144324,1,0,2.537672990001738
2020,144325,1,0,2.5280160480178893
2021,144326,1,0,2.5354399695061147
2022,144327,1,0,2.5317519903182983
2023,144328,1,0,2.5422920007258654
2024,144329,1,0,2.5360400322824717
2025,144330,1,0,2.5369019713252783
2026,144331,1,1,2.536882006097585
2027,144332,1,0,2.525048970710486
2028,144333,1,0,2.5368109927512705
2029,144334,1,0,2.5229259626939893
2030,144335,1,0,2.534017025027424
2031,144336,1,0,2.526983036659658
2032,144337,1,0,2.5347780319862068
2033,144338,1,1,2.5312520447187126
2034,144339,1,0,2.538154018111527
2035,144340,1,0,2.566326002124697
2036,144341,1,0,2.5343369925394654
2037,144342,1,0,2.5465799844823778
2038,144343,1,0,2.524379000533372
2039,144344,1,0,2.5357090053148568
2040,144345,1,1,2.5257510133087635
2041,144346,1,0,2.5355590041726828
2042,144347,1,0,2.5393759715370834
2043,144348,1,0,2.530990052036941
2044,144349,1,0,2.5372030213475227
2045,144350,1,0,2.5284169823862612
2046,144351,1,0,2.5350889773108065
2047,144352,1,0,2.5395970442332327
2048,144353,1,1,2.5409989757463336
2049,144354,1,0,2.533535996917635
2050,144355,1,0,2.5378239806741476
2051,144356,1,0,2.541770983953029
2052,144357,1,0,2.5298289838247
2053,144358,1,0,2.5476310402154922
2054,144359,1,0,2.541349967941642
2055,144360,1,1,2.543954993598163
2056,144361,1,0,2.53461702959612
2057,144362,1,0,2.5450969696976244
2058,144363,1,0,2.546930976677686
2059,144364,1,0,2.5350379873998463
2060,144365,1,0,2.571646007709205
2061,144366,1,0,2.529488003347069
2062,144367,1,0,2.539206005167216
2063,144368,1,1,2.5332250515930355
2064,144369,1,0,2.5409790105186403
2065,144370,1,0,2.5393260293640196
2066,144371,1,0,2.5322340079583228
2067,144372,1,0,2.546039002481848
2068,144373,1,0,2.5324440211988986
2069,144374,1,0,2.5436640135012567
2070,144375,1,1,2.5324539747089148
2071,144376,1,0,2.5346269831061363
2072,144377,1,0,2.5416709831915796
2073,144378,1,0,2.5286860181950033
2074,144379,1,0,2.54906399641186
2075,144380,1,0,2.5326040340587497
2076,144381,1,0,2.5497549795545638
2077,144382,1,0,2.5358700077049434
2078,144383,1,1,2.5445870123803616
2079,144384,1,0,2.54370499169454
2080,144385,1,0,2.5352080119773746
2081,144386,1,0,2.5477830204181373
2082,144387,1,0,2.5473409914411604
2083,144388,1,0,2.557200030423701
2084,144389,1,0,2.5368319475091994
2085,144390,1,1,2.5406189961358905
2086,144391,1,0,2.5426920037716627
2087,144392,1,0,2.525701012928039
2088,144393,1,0,2.545127004850656
2089,144394,1,0,2.527084026951343
2090,144395,1,0,2.539676963351667
2091,144396,1,0,2.5276850210502744
2092,144397,1,0,2.538205008022487
2093,144398,1,1,2.532393962610513
2094,144399,1,0,2.530118974391371
2095,144400,1,0,2.5457979645580053
2096,144401,1,0,2.5459189782850444
2097,144402,1,0,2.538715023547411
2098,144403,1,0,2.5251100305467844
2099,144404,1,0,2.5348379858769476
2100,144405,1,1,2.525490999687463
2101,144406,1,0,2.5383850443176925
2102,144407,1,0,2.53935600630939
2103,144408,1,0,2.529217046685517
2104,144409,1,0,2.544015005696565
2105,144410,1,0,2.529066987335682
2106,144411,1,0,2.537994005251676
2107,144412,1,1,2.5286070303991437
2108,144413,1,0,2.5346779730170965
2109,144414,1,0,2.5335749960504472
2110,144415,1,0,2.536541025619954
2111,144416,1,0,2.5478830211795866
2112,144417,1,0,2.532463986426592
2113,144418,1,0,2.5512879947200418
2114,144419,1,0,2.529809018597007
2115,144420,1,1,2.5419610319659114
2116,144421,1,0,2.5494759902358055
2117,144422,1,0,2.537714026402682
2118,144423,1,0,2.5422319886274636
2119,144424,1,0,2.534307015594095
2120,144425,1,0,2.5464300415478647
2121,144426,1,0,2.5246390141546726
2122,144427,1,1,2.5383749743923545
2123,144428,1,0,2.5395069969817996
2124,144429,1,0,2.52900697523728
2125,144430,1,0,2.5425919448025525
2126,144431,1,0,2.532833954319358
2127,144432,1,0,2.551008015871048
2128,144433,1,0,2.5323230074718595
2129,144434,1,0,2.5395170086994767
2130,144435,1,1,2.5418910081498325
2131,144436,1,0,2.5386950001120567
2132,144437,1,0,2.636135963257402
2133,144438,1,0,2.525010029785335
2134,144439,1,0,2.531081030610949
2135,144440,1,0,2.5230360333807766
2136,144441,1,0,2.5368419592268765
2137,144442,1,1,2.5342869921587408
2138,144443,1,0,2.5287559838034213
2139,144444,1,0,2.5387550122104585
2140,144445,1,0,2.528476994484663
2141,144446,1,0,2.535909996367991
2142,144447,1,0,2.5334959500469267
2143,144448,1,0,2.537662978284061
2144,144449,1,0,2.53637001151219
2145,144450,1,1,2.5349879870191216
2146,144451,1,0,2.5481029879301786
2147,144452,1,0,2.5348280323669314
2148,144453,1,0,2.537121996283531
2149,144454,1,0,2.528926997911185
2150,144455,1,0,2.5399370351806283
2151,144456,1,0,2.527053002268076
2152,144457,1,1,2.5444659986533225
2153,144458,1,0,2.5391060044057667
2154,144459,1,0,2.536630956456065
2155,144460,1,0,2.5439850287511945
2156,144461,1,0,2.5419709854759276
2157,144462,1,0,2.5389159563928843
2158,144463,1,0,2.534227038268
2159,144464,1,0,2.539136039558798
2160,144465,1,1,2.5349880452267826
2161,144466,1,0,2.5254409993067384
2162,144467,1,0,2.5409290101379156
2163,144468,1,0,2.5359499850310385
2164,144469,1,0,2.538705011829734
2165,144470,1,0,2.5248799938708544
2166,144471,1,0,2.5400579907000065
2167,144472,1,1,2.5366710033267736
2168,144473,1,0,2.5311409845016897
2169,144474,1,0,2.536742016673088
2170,144475,1,0,2.5289670447818935
2171,144476,1,0,2.5425730273127556
2172,144477,1,0,2.5310710188932717
2173,144478,1,0,2.5393260293640196
2174,144479,1,0,2.529307035729289
2175,144480,1,1,2.5234869681298733
2176,144481,1,0,2.5446860236115754
2177,144482,1,0,2.5259509566240013
2178,144483,1,0,2.5434039998799562
2179,144484,1,0,2.533035003580153
2180,144485,1,0,2.5434039998799562
2181,144486,1,0,2.535289037041366
2182,144487,1,1,2.5362009764648974
2183,144488,1,0,2.5363300228491426
2184,144489,1,0,2.5319320266135037
2185,144490,1,0,2.5354590034112334
2186,144491,1,0,2.5291380006819963
2187,144492,1,0,2.539686975069344
2188,144493,1,0,2.5236979709006846
2189,144494,1,1,2.535087987780571
2190,144495,1,0,2.5343470042571425
2191,144496,1,0,2.5418309960514307
2192,144497,1,0,2.548343036323786
2193,144498,1,0,2.524729003198445
2194,144499,1,0,2.5354090030305088
2195,144500,1,0,2.5317429681308568
2196,144501,1,0,2.544857037719339
2197,144502,1,1,2.52668303437531
2198,144503,1,0,2.5318630505353212
2199,144504,1,0,2.5430729729123414
2200,144505,1,0,2.537933993153274
2201,144506,1,0,2.546339004766196
2202,144507,1,0,2.578909043222666
2203,144508,1,0,2.5605550035834312
2204,144509,1,1,2.538985980208963
2205,144510,1,0,2.5339869898743927
2206,144511,1,0,2.540439018048346
2207,144512,1,0,2.5247990270145237
2208,144513,1,0,2.537633990868926
2209,144514,1,0,2.5299889966845512
2210,144515,1,0,2.53515801159665
2211,144516,1,0,2.5253010098822415
2212,144517,1,1,2.5355799589306116
2213,144518,1,0,2.535308012738824
2214,144519,1,0,2.5332249933853745
2215,144520,1,0,2.5464299833402038
2216,144521,1,0,2.5292380014434457
2217,144522,1,0,2.5337159750051796
2218,144523,1,0,2.529338002204895
2219,144524,1,1,2.544146031141281
2220,144525,1,0,2.53374595195055
2221,144526,1,0,2.530950994696468
2222,144527,1,0,2.537714026402682
2223,144528,1,0,2.5316319661214948
2224,144529,1,0,2.543053007684648
2225,144530,1,0,2.5321129942312837
2226,144531,1,0,2.5399670121259987
2227,144532,1,1,2.5347379851154983
2228,144533,1,0,2.533815975766629
2229,144534,1,0,2.547732030507177
2230,144535,1,0,2.53562000580132
2231,144536,1,0,2.546359959524125
2232,144537,1,0,2.530910016503185
2233,144538,1,0,2.543373964726925
2234,144539,1,1,2.535119012463838
2235,144540,1,0,2.530669968109578
2236,144541,1,0,2.543383976444602
2237,144542,1,0,2.526011026930064
2238,144543,1,0,2.5461289915256202
2239,144544,1,0,2.5308409822173417
2240,144545,1,0,2.540257992222905
2241,144546,1,0,2.5263020070269704
2242,144547,1,1,2.5471910485066473
2243,144548,1,0,2.532954968046397
2244,144549,1,0,2.535738982260227
2245,144550,1,0,2.5438349694013596
2246,144551,1,0,2.5362109881825745
2247,144552,1,0,2.537352964282036
2248,144553,1,0,2.5288070319220424
2249,144554,1,1,2.536652027629316
2250,144555,1,0,2.5389950023964047
2251,144556,1,0,2.5344270397908986
2252,144557,1,0,2.5362910237163305
2253,144558,1,0,2.53358599729836
2254,144559,1,0,2.5391560047864914
2255,144560,1,0,2.5263619609177113
2256,144561,1,1,2.541630994528532
2257,144562,1,0,2.5438740267418325
2258,144563,1,0,2.543934970162809
2259,144564,1,0,2.5429429952055216
2260,144565,1,0,2.57385999429971
2261,144566,1,0,2.5346979964524508
2262,144567,1,0,2.529588993638754
2263,144568,1,0,2.546039002481848
2264,144569,1,1,2.5393959949724376
2265,144570,1,0,2.532563987188041
2266,144571,1,0,2.5480419863015413
2267,144572,1,0,2.536191022954881
2268,144573,1,0,2.540348970796913
2269,144574,1,0,2.5284159928560257
2270,144575,1,0,2.5515889865346253
2271,144576,1,1,2.5439849705435336
2272,144577,1,0,2.534787985496223
2273,144578,1,0,2.537452965043485
2274,144579,1,0,2.527174015995115
2275,144580,1,0,2.5418309960514307
2276,144581,1,0,2.5275349617004395
2277,144582,1,0,2.547531039454043
2278,144583,1,0,2.6475670165382326
2279,144584,1,1,2.5376229896210134
2280,144585,1,0,2.5394659605808556
2281,144586,1,0,2.5316920364275575
2282,144587,1,0,2.544827002566308
2283,144588,1,0,2.534777973778546
2284,144589,1,0,2.5352180236950517
2285,144590,1,0,2.55192001350224
2286,144591,1,1,2.5230860337615013
2287,144592,1,0,2.535659004934132
2288,144593,1,0,2.5339460116811097
2289,144594,1,0,2.5339459534734488
2290,144595,1,0,2.5240080431103706
2291,144596,1,0,2.5323540321551263
2292,144597,1,0,2.5274839717894793
2293,144598,1,0,2.5344270397908986
2294,144599,1,1,2.5427530054003
2295,144600,1,0,2.542141010053456
2296,144601,1,0,2.539957989938557
2297,144602,1,0,2.5262520066462457
2298,144603,1,0,2.545638009905815
2299,144604,1,0,2.534366969484836
2300,144605,1,0,2.5356090045534074
2301,144606,1,1,2.534858009312302
2302,144607,1,0,2.529498015064746
2303,144608,1,0,2.53819499630481
2304,144609,1,0,2.5325529859401286
2305,144610,1,0,2.5406780187040567
2306,144611,1,0,2.5323230074718595
2307,144612,1,0,2.543654991313815
2308,144613,1,0,2.5424830382689834
2309,144614,1,1,2.5360010331496596
2310,144615,1,0,2.5474909925833344
2311,144616,1,0,2.529087010771036
2312,144617,1,0,2.539045992307365
2313,144618,1,0,2.5280159898102283
2314,144619,1,0,2.5378030259162188
2315,144620,1,0,2.543794980738312
2316,144621,1,1,2.5198899675160646
2317,144622,1,0,2.533446007873863
2318,144623,1,0,2.5272939819842577
2319,144624,1,0,2.536049985792488
2320,144625,1,0,2.530640980694443
2321,144626,1,0,2.5328040355816483
2322,144627,1,0,2.5256609660573304
2323,144628,1,1,2.5364410248585045
2324,144629,1,0,2.533124992623925
2325,144630,1,0,2.528136014007032
2326,144631,1,0,2.5338970008306205
2327,144632,1,0,2.5300090201199055
2328,144633,1,0,2.5486540398560464
2329,144634,1,0,2.5180259835906327
2330,144635,1,0,2.5443859631195664
2331,144636,1,1,2.5458079762756824
2332,144637,1,0,2.5258020032197237
2333,144638,1,0,2.537271997425705
2334,144639,1,0,2.5352980010211468
2335,144640,1,0,2.541450026910752
2336,144641,1,0,2.531222009565681
2337,144642,1,0,2.5370820076204836
2338,144643,1,1,2.5276750093325973
2339,144644,1,0,2.529206976760179
2340,144645,1,0,2.529408026020974
2341,144646,1,0,2.5355599937029183
2342,144647,1,0,2.550046017859131
2343,144648,1,0,2.544726012274623
2344,144649,1,0,2.5445359642617404
2345,144650,1,0,2.532003039959818
2346,144651,1,1,2.5413300027139485
2347,144652,1,0,2.5543050142005086
2348,144653,1,0,2.5441150064580142
2349,144654,1,0,2.544756978750229
2350,144655,1,0,2.530931029468775
2351,144656,1,0,2.5339359999634326
2352,144657,1,0,2.536150044761598
2353,144658,1,1,2.5296779931522906
2354,144659,1,0,2.5406989734619856
2355,144660,1,0,2.536972053349018
2356,144661,1,0,2.5432740221731365
2357,144662,1,0,2.5310409837402403
2358,144663,1,0,2.54141102777794
2359,144664,1,0,2.5362599990330637
2360,144665,1,0,2.542341942898929
2361,144666,1,1,2.5437839794903994
2362,144667,1,0,2.5392560055479407
2363,144668,1,0,2.5433640112169087
2364,144669,1,0,2.5320430286228657
2365,144670,1,0,2.53773300210014
2366,144671,1,0,2.533366030547768
2367,144672,1,0,2.5418910081498325
2368,144673,1,1,2.5377839920111
2369,144674,1,0,2.529847959522158
2370,144675,1,0,2.539426030125469
2371,144676,1,0,2.525560965295881
2372,144677,1,0,2.5374030228704214
2373,144678,1,0,2.536401036195457
2374,144679,1,0,2.5423719780519605
2375,144680,1,0,2.544886025134474
2376,144681,1,1,2.5307710166089237
2377,144682,1,0,2.5446059880778193
2378,144683,1,0,2.542332047596574
2379,144684,1,0,2.553822996560484
2380,144685,1,0,2.533856953959912
2381,144686,1,0,2.5398669531568885
2382,144687,1,0,2.5420519523322582
2383,144688,1,1,2.5360900326631963
2384,144689,1,0,2.5427030050195754
2385,144690,1,0,2.537411986850202
2386,144691,1,0,2.547221025452018
2387,144692,1,0,2.546889998484403
2388,144693,1,0,2.540247980505228
2389,144694,1,0,2.537662978284061
2390,144695,1,0,2.533114980906248
2391,144696,1,1,2.5483030476607382
2392,144697,1,0,2.5302499998360872
2393,144698,1,0,2.5408389628864825
2394,144699,1,0,2.5289769982919097
2395,144700,1,0,2.5373530224896967
2396,144701,1,0,2.5255809887312353
2397,144702,1,0,2.5373930111527443
2398,144703,1,1,2.5407179491594434
2399,144704,1,0,2.5359810097143054
2400,144705,1,0,2.5379740400239825
2401,144706,1,0,2.533676044549793
2402,144707,1,0,2.5391459930688143
2403,144708,1,0,2.5422119651921093
2404,144709,1,0,2.5367820053361356
2405,144710,1,1,2.546850999351591
2406,144711,1,0,2.5387450004927814
2407,144712,1,0,2.5409989757463336
2408,144713,1,0,2.5283959694206715
2409,144714,1,0,2.577016013674438
2410,144715,1,0,2.531361998990178
2411,144716,1,0,2.5419010198675096
2412,144717,1,0,2.5368620408698916
2413,144718,1,1,2.523537026718259
2414,144719,1,0,2.540968998800963
2415,144720,1,0,2.519599045626819
2416,144721,1,0,2.533956023398787
2417,144722,1,0,2.528697019442916
2418,144723,1,0,2.542963018640876
2419,144724,1,0,2.5541330105625093
2420,144725,1,1,2.53356498433277
2421,144726,1,0,2.5431030080653727
2422,144727,1,0,2.5438640150241554
2423,144728,1,0,2.544586022850126
2424,144729,1,0,2.63248902047053
2425,144730,1,0,2.524818992242217
2426,144731,1,0,2.5555460015311837
2427,144732,1,0,2.5267029996030033
2428,144733,1,1,2.5494450237601995
2429,144734,1,0,2.525340998545289
2430,144735,1,0,2.540028013754636
2431,144736,1,0,2.5279749534092844
2432,144737,1,0,2.532052982132882
2433,144738,1,0,2.539847046136856
2434,144739,1,0,2.5630510062910616
2435,144740,1,1,2.5402280152775347
2436,144741,1,0,2.521793998312205
2437,144742,1,0,2.5429530069231987
2438,144743,1,0,2.526692987885326
2439,144744,1,0,2.5402980390936136
2440,144745,1,0,2.532003039959818
2441,144746,1,0,2.517876971978694
2442,144747,1,0,2.5330139906145632
2443,144748,1,1,2.521041955333203
2444,144749,1,0,2.5264830328524113
2445,144750,1,0,2.5097510078921914
2446,144751,1,0,2.53005902050063
2447,144752,1,0,2.525570977013558
2448,144753,1,0,2.5367719936184585
2449,144754,1,0,2.5344379828311503
2450,144755,1,1,2.529908961150795
2451,144756,1,0,2.53855501068756
2452,144757,1,0,2.5226750294677913
2453,144758,1,0,2.5392159586772323
2454,144759,1,0,2.532313985284418
2455,144760,1,0,2.5358800194226205
2456,144761,1,0,2.5259609683416784
2457,144762,1,0,2.537794003728777
2458,144763,1,1,2.540368994232267
2459,144764,1,0,2.554886043071747
2460,144765,1,0,2.5371420197188854
2461,144766,1,0,2.5278659886680543
2462,144767,1,0,2.534317027311772
2463,144768,1,0,2.526352007407695
2464,144769,1,0,2.5314519880339503
2465,144770,1,1,2.5377930141985416
2466,144771,1,0,2.5275249499827623
2467,144772,1,0,2.527574950363487
2468,144773,1,0,2.522734983358532
2469,144774,1,0,2.539546985644847
2470,144775,1,0,2.524107985664159
2471,144776,1,0,2.5372320087626576
2472,144777,1,1,2.522715018130839
2473,144778,1,0,2.5373530224896967
2474,144779,1,0,2.5429229717701674
2475,144780,1,0,2.5290169869549572
2476,144781,1,0,2.5262419949285686
2477,144782,1,0,2.525229996535927
2478,144783,1,0,2.53773300210014
2479,144784,1,0,2.5249699829146266
2480,144785,1,1,2.5373329990543425
2481,144786,1,0,2.5283860159106553
2482,144787,1,0,2.5257309898734093
2483,144788,1,0,2.5323029840365052
2484,144789,1,0,2.576374972704798
2485,144790,1,0,2.5336159742437303
2486,144791,1,0,2.524459036067128
2487,144792,1,1,2.538115018978715
2488,144793,1,0,2.5303500005975366
2489,144794,1,0,2.527734963223338
2490,144795,1,0,2.5364410248585045
2491,144796,1,0,2.520079957321286
2492,144797,1,0,2.5316820247098804
2493,144798,1,0,2.5246990262530744
2494,144799,1,0,2.5356400292366743
2495,144800,1,1,2.525981981307268
2496,144801,1,0,2.5327940238639712
2497,144802,1,0,2.5353390374220908
2498,144803,1,0,2.524439012631774
2499,144804,1,0,2.5368720525875688
2500,144805,1,0,2.5250299950130284
2501,144806,1,0,2.5298689724877477
2502,144807,1,1,2.5248900055885315
2503,144808,1,0,2.527083968743682
2504,144809,1,0,2.5426119682379067
2505,144810,1,0,2.535829960834235
2506,144811,1,0,2.532293030526489
2507,144812,1,0,2.5283769937232137
2508,144813,1,0,2.5328549672849476
2509,144814,1,0,2.5253909989260137
2510,144815,1,1,2.534247003495693
2511,144816,1,0,2.5303299771621823
2512,144817,1,0,2.5449470267631114
2513,144818,1,0,2.533515973482281
2514,144819,1,0,2.5329639902338386
2515,144820,1,0,2.539066015742719
2516,144821,1,0,2.5285359588451684
2517,144822,1,1,2.5318120024167
2518,144823,1,0,2.5335560203529894
2519,144824,1,0,2.5378939462825656
2520,144825,1,0,2.5237679947167635
2521,144826,1,0,2.53397598862648
2522,144827,1,0,2.538494998589158
2523,144828,1,0,2.537252032198012
2524,144829,1,0,2.539126027841121
2525,144830,1,1,2.5322429719381034
2526,144831,1,0,2.539275970775634
2527,144832,1,0,2.5342159788124263
2528,144833,1,0,2.5420510210096836
2529,144834,1,0,2.5331550277769566
2530,144835,1,0,2.527864999137819
2531,144836,1,0,2.5363710010424256
2532,144837,1,1,2.5256910012103617
2533,144838,1,0,2.5390260270796716
2534,144839,1,0,2.5351489894092083
2535,144840,1,0,2.5399080477654934
2536,144841,1,0,2.5250589824281633
2537,144842,1,0,2.538074040785432
2538,144843,1,0,2.5370020302943885
2539,144844,1,0,2.52620194805786
2540,144845,1,1,2.5357500417158008
2541,144846,1,0,2.53101100679487
2542,144847,1,0,2.5405390188097954
2543,144848,1,0,2.5442260084673762
2544,144849,1,0,2.5429329834878445
2545,144850,1,0,2.539265959057957
2546,144851,1,0,2.5256110238842666
2547,144852,1,1,2.531381032895297
2548,144853,1,0,2.522745984606445
2549,144854,1,0,2.5410489761270583
2550,144855,1,0,2.541280002333224
2551,144856,1,0,2.5356700061820447
2552,144857,1,0,2.5362809537909925
2553,144858,1,0,2.530539990402758
2554,144859,1,1,2.5421520113013685
2555,144860,1,0,2.5296990061178803
2556,144861,1,0,2.5473610148765147
2557,144862,1,0,2.53142201108858
2558,144863,1,0,2.544265997130424
2559,144864,1,0,2.526673022657633
2560,144865,1,0,2.5361800217069685
2561,144866,1,0,2.531321020796895
2562,144867,1,1,2.5300190318375826
2563,144868,1,0,2.5382040184922516
2564,144869,1,0,2.53142201108858
2565,144870,1,0,2.5427729706279933
2566,144871,1,0,2.533596009016037
2567,144872,1,0,2.533815975766629
2568,144873,1,0,2.5322629953734577
2569,144874,1,1,2.5278559769503772
2570,144875,1,0,2.6369179831817746
2571,144876,1,0,2.535237988922745
2572,144877,1,0,2.5466399965807796
2573,144878,1,0,2.5521700154058635
2574,144879,1,0,2.5441660545766354
2575,144880,1,0,2.5451770052313805
2576,144881,1,0,2.5403080508112907
2577,144882,1,1,2.5343969464302063
2578,144883,1,0,2.5339869898743927
2579,144884,1,0,2.55086796823889
2580,144885,1,0,2.535568957682699
2581,144886,1,0,2.532704034820199
2582,144887,1,0,2.552600984927267
2583,144888,1,0,2.543463953770697
2584,144889,1,1,2.540899033192545
2585,144890,1,0,2.539276028983295
2586,144891,1,0,2.550386998336762
2587,144892,1,0,2.5439150049351156
2588,144893,1,0,2.5522400392219424
2589,144894,1,0,2.5462089688517153
2590,144895,1,0,2.551148005295545
2591,144896,1,0,2.584250003565103
2592,144897,1,1,2.5600649532862008
2593,144898,1,0,2.5450169923715293
2594,144899,1,0,2.559293992817402
2595,144900,1,0,2.5391060044057667
2596,144901,1,0,2.5455279974266887
2597,144902,1,0,2.5371229858137667
2598,144903,1,0,2.5515180313959718
2599,144904,1,1,2.556628955062479
2600,144905,1,0,2.5427830405533314
2601,144906,1,0,2.544687013141811
2602,144907,1,0,2.5405879714526236
2603,144908,1,0,2.550806966610253
2604,144909,1,0,2.5444659986533225
2605,144910,1,0,2.546399016864598
2606,144911,1,0,2.541499969083816
2607,144912,1,1,2.5382039602845907
2608,144913,1,0,2.547781972680241
2609,144914,1,0,2.5541940121911466
2610,144915,1,0,2.561417000833899
2611,144916,1,0,2.540579007472843
2612,144917,1,0,2.548854041378945
2613,144918,1,0,2.556307998020202
2614,144919,1,1,2.539846987929195
2615,144920,1,0,2.5548950070515275
2616,144921,1,0,2.535849984269589
2617,144922,1,0,2.541310037486255
2618,144923,1,0,2.530439989641309
2619,144924,1,0,2.5415400159545243
2620,144925,1,0,2.5409290101379156
2621,144926,1,1,2.5394660187885165
2622,144927,1,0,2.5466399965807796
2623,144928,1,0,2.5301899877376854
2624,144929,1,0,2.5360399740748107
2625,144930,1,0,2.533035003580153
2626,144931,1,0,2.5413399562239647
2627,144932,1,0,2.538003958761692
2628,144933,1,0,2.528626995626837
2629,144934,1,1,2.5418109726160765
2630,144935,1,0,2.5393470423296094
2631,144936,1,0,2.535798994358629
2632,144937,1,0,2.534597006160766
2633,144938,1,0,2.5439560413360596
2634,144939,1,0,2.5453370180912316
2635,144940,1,0,2.5289469631388783
2636,144941,1,1,2.537121996283531
2637,144942,1,0,2.527324017137289
2638,144943,1,0,2.543384034652263
2639,144944,1,0,2.521463029552251
2640,144945,1,0,2.5337660335935652
2641,144946,1,0,2.5328840129077435
2642,144947,1,0,2.539585984777659
2643,144948,1,0,2.5422319886274636
2644,144949,1,1,2.5370919611305
2645,144950,1,0,2.548774005845189
2646,144951,1,0,2.536671992857009
2647,144952,1,0,2.5435940478928387
2648,144953,1,0,2.5292470236308873
2649,144954,1,0,2.5396060082130134
2650,144955,1,0,2.5441250181756914
2651,144956,1,1,2.5389259681105614
2652,144957,1,0,2.5451669935137033
2653,144958,1,0,2.534397004637867
2654,144959,1,0,2.5363810127601027
2655,144960,1,0,2.5389359798282385
2656,144961,1,0,2.5370919611305
2657,144962,1,0,2.5357489939779043
2658,144963,1,0,2.5324539747089148
2659,144964,1,1,2.5614179903641343
2660,144965,1,0,2.534878032747656
2661,144966,1,0,2.5373329990543425
2662,144967,1,0,2.5353990495204926
2663,144968,1,0,2.5358800194226205
2664,144969,1,0,2.535699983127415
2665,144970,1,0,2.531791978981346
2666,144971,1,1,2.5463099591434
2667,144972,1,0,2.538975968491286
2668,144973,1,0,2.544015005696565
2669,144974,1,0,2.5312610086984932
2670,144975,1,0,2.5425420026294887
2671,144976,1,0,2.540999965276569
2672,144977,1,0,2.5293779908679426
2673,144978,1,0,2.5402680039405823
2674,144979,1,1,2.5275640073232353
2675,144980,1,0,2.5380540173500776
2676,144981,1,0,2.523477014619857
2677,144982,1,0,2.5469610118307173
2678,144983,1,0,2.5307410396635532
2679,144984,1,0,2.538676024414599
2680,144985,1,0,2.540488028898835
2681,144986,1,1,2.526261960156262
2682,144987,1,0,2.5402879691682756
2683,144988,1,0,2.5305000017397106
2684,144989,1,0,2.5340570136904716
2685,144990,1,0,2.5297479587607086
2686,144991,1,0,2.540028013754636
2687,144992,1,0,2.5426120264455676
2688,144993,1,1,2.544716000556946
2689,144994,1,0,2.5507070240564644
2690,144995,1,0,2.5361209991388023
2691,144996,1,0,2.544725954066962
2692,144997,1,0,2.5282560382038355
2693,144998,1,0,2.556266961619258
2694,144999,1,0,2.5418210425414145
2695,145000,1,0,2.5373430107720196
2696,145001,1,1,2.5399670121259987
2697,145002,1,0,2.535509003791958
2698,145003,1,0,2.54507694626227
2699,145004,1,0,2.541280002333224
2700,145005,1,0,2.545547962654382
2701,145006,1,0,2.5453679845668375
2702,145007,1,0,2.538435044698417
2703,145008,1,1,2.5525609962642193
2704,145009,1,0,2.5375629775226116
2705,145010,1,0,2.546800998970866
2706,145011,1,0,2.5368520291522145
2707,145012,1,0,2.5473409914411604
2708,145013,1,0,2.544496033806354
2709,145014,1,0,2.5378240388818085
2710,145015,1,0,2.5552360457368195
2711,145016,1,1,2.5461489567533135
2712,145017,1,0,2.5438150041736662
2713,145018,1,0,2.5382949970662594
2714,145019,1,0,2.540257992222905
2715,145020,1,0,2.5493749999441206
2716,145021,1,0,2.6495909551158547
2717,145022,1,0,2.542541944421828
2718,145023,1,1,2.532464044634253
2719,145024,1,0,2.5511489948257804
2720,145025,1,0,2.545007038861513
2721,145026,1,0,2.5292569771409035
2722,145027,1,0,2.5424730265513062
2723,145028,1,0,2.5346679612994194
2724,145029,1,0,2.5364410248585045
2725,145030,1,0,2.527995966374874
2726,145031,1,1,2.545868046581745
2727,145032,1,0,2.5372729869559407
2728,145033,1,0,2.5293880025856197
2729,145034,1,0,2.5391560047864914
2730,145035,1,0,2.539025037549436
2731,145036,1,0,2.5449669919908047
2732,145037,1,0,2.5368009810335934
2733,145038,1,1,2.5436150026507676
2734,145039,1,0,2.529247954953462
2735,145040,1,0,2.5325139868073165
2736,145041,1,0,2.5363299646414816
2737,145042,1,0,2.5346879847347736
2738,145043,1,0,2.55339196883142
2739,145044,1,0,2.5397670106031
2740,145045,1,0,2.5412000250071287
2741,145046,1,1,2.5311910430900753
2742,145047,1,0,2.5317230029031634
2743,145048,1,0,2.536752028390765
2744,145049,1,0,2.5303600123152137
2745,145050,1,0,2.5364619796164334
2746,145051,1,0,2.5254609645344317
2747,145052,1,0,2.5481029879301786
2748,145053,1,1,2.529398014303297
2749,145054,1,0,2.5402780156582594
2750,145055,1,0,2.5433539994992316
2751,145056,1,0,2.538564964197576
2752,145057,1,0,2.54934502299875
2753,145058,1,0,2.530809957534075
2754,145059,1,0,2.5491639971733093
2755,145060,1,0,2.534808008931577
2756,145061,1,1,2.538073982577771
2757,145062,1,0,2.537342021241784
2758,145063,1,0,2.531983016524464
2759,145064,1,0,2.5440349709242582
2760,145065,1,0,2.5281059788540006
2761,145066,1,0,2.5436640135012567
2762,145067,1,0,2.5295079685747623
2763,145068,1,1,2.5327540352009237
2764,145069,1,0,2.533685998059809
2765,145070,1,0,2.5235670036636293
2766,145071,1,0,2.5368010392412543
2767,145072,1,0,2.526812953874469
2768,145073,1,0,2.5380339939147234
2769,145074,1,0,2.529317978769541
2770,145075,1,1,2.540188026614487
2771,145076,1,0,2.538484986871481
2772,145077,1,0,2.542301022913307
2773,145078,1,0,2.5369920185767114
2774,145079,1,0,2.5302190333604813
2775,145080,1,0,2.5457279989495873
2776,145081,1,0,2.5316019891761243
2777,145082,1,0,2.545718045439571
2778,145083,1,1,2.537032007239759
2779,145084,1,0,2.540429006330669
2780,145085,1,0,2.5413999683223665
2781,145086,1,0,2.5189879816025496
2782,145087,1,0,2.5457279989495873
2783,145088,1,0,2.5300090201199055
2784,145089,1,0,2.540739020332694
2785,145090,1,1,2.533916966058314
2786,145091,1,0,2.5356790283694863
2787,145092,1,0,2.5384650216437876
2788,145093,1,0,2.530278987251222
2789,145094,1,0,2.5421319878660142
2790,145095,1,0,2.5332249933853745
2791,145096,1,0,2.536471001803875
2792,145097,1,0,2.533596009016037
2793,145098,1,1,2.5395669508725405
2794,145099,1,0,2.530669968109578
2795,145100,1,0,2.540899033192545
2796,145101,1,0,2.545447030570358
2797,145102,1,0,2.528015000279993
2798,145103,1,0,2.539456996601075
2799,145104,1,0,2.5301399873569608
2800,145105,1,1,2.539266017265618
2801,145106,1,0,2.535288978833705
2802,145107,1,0,2.5491350097581744
2803,145108,1,0,2.5502769858576357
2804,145109,1,0,2.537583000957966
2805,145110,1,0,2.5484029902145267
2806,145111,1,0,2.541760972235352
2807,145112,1,0,2.543053007684648
2808,145113,1,1,2.5927850510925055
2809,145114,1,0,2.5387659552507102
2810,145115,1,0,2.548081974964589
2811,145116,1,0,2.5413500261493027
2812,145117,1,0,2.554425038397312
2813,145118,1,0,2.5422420003451407
2814,145119,1,0,2.5421209866181016
2815,145120,1,1,2.545557974372059
2816,145121,1,0,2.543513954151422
2817,145122,1,0,2.552269957959652
2818,145123,1,0,2.5476919836364686
2819,145124,1,0,2.552300982642919
2820,145125,1,0,2.535718958824873
2821,145126,1,0,2.543203008826822
2822,145127,1,0,2.5514379958622158
2823,145128,1,1,2.5450370158068836
2824,145129,1,0,2.5491740088909864
2825,145130,1,0,2.540980000048876
2826,145131,1,0,2.5492749991826713
2827,145132,1,0,2.547050011344254
2828,145133,1,0,2.537101972848177
2829,145134,1,0,2.546689996961504
2830,145135,1,1,2.5357099948450923
2831,145136,1,0,2.5467610103078187
2832,145137,1,0,2.528766985051334
2833,145138,1,0,2.5693129864521325
2834,145139,1,0,2.5311720091849566
2835,145140,1,0,2.5292080244980752
2836,145141,1,0,2.537222986575216
2837,145142,1,1,2.525351010262966
2838,145143,1,0,2.5450169923715293
2839,145144,1,0,2.5318320258520544
2840,145145,1,0,2.5397069985046983
2841,145146,1,0,2.5268440367653966
2842,145147,1,0,2.5482529890723526
2843,145148,1,0,2.5480620097368956
2844,145149,1,0,2.53461702959612
2845,145150,1,1,2.5472919805906713
2846,145151,1,0,2.5303299771621823
2847,145152,1,0,2.537232998292893
2848,145153,1,0,2.5279250112362206
2849,145154,1,0,2.5382739841006696
2850,145155,1,0,2.5394370313733816
2851,145156,1,0,2.533185004722327
2852,145157,1,1,2.5342070148326457
2853,145158,1,0,2.5399079895578325
2854,145159,1,0,2.5387349887751043
2855,145160,1,0,2.5483929784968495
2856,145161,1,0,2.5386250345036387
2857,145162,1,0,2.5395569973625243
2858,145163,1,0,2.5635110214352608
2859,145164,1,0,2.5432430556975305
2860,145165,1,1,2.53556901589036
2861,145166,1,0,2.54514702828601
2862,145167,1,0,2.657936012838036
2863,145168,1,0,2.5332149816676974
2864,145169,1,0,2.545547962654382
2865,145170,1,0,2.5313820224255323
2866,145171,1,0,2.539637964218855
2867,145172,1,1,2.5401980383321643
2868,145173,1,0,2.5380939478054643
2869,145174,1,0,2.5234270142391324
2870,145175,1,0,2.535369014367461
2871,145176,1,0,2.542262023780495
2872,145177,1,0,2.5269329780712724
2873,145178,1,0,2.5460189790464938
2874,145179,1,0,2.5321129942312837
2875,145180,1,1,2.536191022954881
2876,145181,1,0,2.5367720518261194
2877,145182,1,0,2.5395770207978785
2878,145183,1,0,2.5480829644948244
2879,145184,1,0,2.5353290257044137
2880,145185,1,0,2.5494550354778767
2881,145186,1,0,2.530119032599032
2882,145187,1,1,2.5615469785407186
2883,145188,1,0,2.5318519910797477
2884,145189,1,0,2.5380339939147234
2885,145190,1,0,2.555986982770264
2886,145191,1,0,2.5561570073477924
2887,145192,1,0,2.6435399777255952
2888,145193,1,0,2.535428968258202
2889,145194,1,0,2.545659022871405
2890,145195,1,1,2.5782479788176715
2891,145196,1,0,2.527484961319715
2892,145197,1,0,2.5514079607091844
2893,145198,1,0,2.53235298441723
2894,145199,1,0,2.556538034696132
2895,145200,1,0,2.5369420181959867
2896,145201,1,0,2.5402780156582594
2897,145202,1,1,2.5373930111527443
2898,145203,1,0,2.530128986109048
2899,145204,1,0,2.5452470290474594
2900,145205,1,0,2.5289070326834917
2901,145206,1,0,2.534666971769184
2902,145207,1,0,2.5305800372734666
2903,145208,1,0,2.545767987612635
2904,145209,1,1,2.542982983868569
2905,145210,1,0,2.5271240156143904
2906,145211,1,0,2.5406790082342923
2907,145212,1,0,2.533255028538406
2908,145213,1,0,2.537683001719415
2909,145214,1,0,2.5353189557790756
2910,145215,1,0,2.539938024710864
2911,145216,1,0,2.548432967159897
2912,145217,1,1,2.533305960241705
2913,145218,1,0,2.5424319901503623
2914,145219,1,0,2.531380974687636
2915,145220,1,0,2.5406290078535676
2916,145221,1,0,2.532844024244696
2917,145222,1,0,2.5390959926880896
2918,145223,1,0,2.5352489901706576
2919,145224,1,1,2.535438979975879
2920,145225,1,0,2.548513002693653
2921,145226,1,0,2.528997021727264
2922,145227,1,0,2.542792004533112
2923,145228,1,0,2.5330749922432005
2924,145229,1,0,2.5390860391780734
2925,145230,1,0,2.527885022573173
2926,145231,1,0,2.5342159788124263
2927,145232,1,1,2.536871994379908
2928,145233,1,0,2.5302799767814577
2929,145234,1,0,2.5434839772060513
2930,145235,1,0,2.52884702058509
2931,145236,1,0,2.5453069829382002
2932,145237,1,0,2.527575008571148
2933,145238,1,0,2.545708033721894
2934,145239,1,1,2.538895991165191
2935,145240,1,0,2.5338869891129434
2936,145241,1,0,2.54865299211815
2937,145242,1,0,2.523967996239662
2938,145243,1,0,2.546468982473016
2939,145244,1,0,2.535729028750211
2940,145245,1,0,2.538424974773079
2941,145246,1,0,2.5407689972780645
2942,145247,1,1,2.5321129942312837
2943,145248,1,0,2.5432329857721925
2944,145249,1,0,2.533254970330745
2945,145250,1,0,2.5498360046185553
2946,145251,1,0,2.5338660343550146
2947,145252,1,0,2.5423519546166062
2948,145253,1,0,2.540579007472843
2949,145254,1,1,2.53018899820745
2950,145255,1,0,2.548834017943591
2951,145256,1,0,2.531030972022563
2952,145257,1,0,2.537212974857539
2953,145258,1,0,2.5242080446332693
2954,145259,1,0,2.5478519964963198
2955,145260,1,0,2.536380954552442
2956,145261,1,0,2.5304199662059546
2957,145262,1,1,2.5409600348211825
2958,145263,1,0,2.5376530247740448
2959,145264,1,0,2.5519600021652877
2960,145265,1,0,2.5293880025856197
2961,145266,1,0,2.5373119860887527
2962,145267,1,0,2.5319120031781495
2963,145268,1,0,2.539426030125469
2964,145269,1,1,2.537121996283531
2965,145270,1,0,2.532292972318828
2966,145271,1,0,2.542652015108615
2967,145272,1,0,2.531651989556849
2968,145273,1,0,2.541920985095203
2969,145274,1,0,2.5307010510005057
2970,145275,1,0,2.549625001847744
2971,145276,1,0,2.533474995288998
2972,145277,1,1,2.549464988987893
2973,145278,1,0,2.546268980950117
2974,145279,1,0,2.5389150250703096
2975,145280,1,0,2.5404589832760394
2976,145281,1,0,2.5312320212833583
2977,145282,1,0,2.5352590018883348
2978,145283,1,0,2.5436049909330904
2979,145284,1,1,2.533616032451391
2980,145285,1,0,2.567718969658017
2981,145286,1,0,2.580792992375791
2982,145287,1,0,2.545196970459074
2983,145288,1,0,2.5391560047864914
2984,145289,1,0,2.5455279974266887
2985,145290,1,0,2.542621979955584
2986,145291,1,1,2.538955013733357
2987,145292,1,0,2.543843991588801
2988,145293,1,0,2.528996963519603
2989,145294,1,0,2.5397069985046983
2990,145295,1,0,2.539366018027067
2991,145296,1,0,2.5376129779033363
2992,145297,1,0,2.5371930096298456
2993,145298,1,0,2.5342670269310474
2994,145299,1,1,2.545767987612635
2995,145300,1,0,2.5368619826622307
2996,145301,1,0,2.542080997955054
2997,145302,1,0,2.532073005568236
2998,145303,1,0,2.546670031733811
2999,145304,1,0,2.5448559899814427
3000,145305,1,0,2.5307000032626092
3001,145306,1,1,2.539617009460926
3002,145307,1,0,2.5365320034325123
3003,145308,1,0,2.544004993978888
3004,145309,1,0,2.528276003431529
3005,145310,1,0,2.5383650208823383
3006,145311,1,0,2.5370519724674523
3007,145312,1,0,2.5309209595434368
3008,145313,1,0,2.63738795183599
3009,145314,1,1,2.5333649828098714
3010,145315,1,0,2.539957989938557
3011,145316,1,0,2.5433539994992316
3012,145317,1,0,2.5307010510005057
3013,145318,1,0,2.539116016123444
3014,145319,1,0,2.5318629923276603
3015,145320,1,0,2.5365009787492454
3016,145321,1,1,2.529066987335682
3017,145322,1,0,2.5410900125280023
3018,145323,1,0,2.532554033678025
3019,145324,1,0,2.5466200313530862
3020,145325,1,0,2.5423720362596214
3021,145326,1,0,2.5262319832108915
3022,145327,1,0,2.547151001635939
3023,145328,1,0,2.5368109927512705
3024,145329,1,1,2.540107991080731
3025,145330,1,0,2.5275549851357937
3026,145331,1,0,2.5393759715370834
3027,145332,1,0,2.5447470252402127
3028,145333,1,0,2.529087010771036
3029,145334,1,0,2.5392359821125865
3030,145335,1,0,2.54288298310712
3031,145336,1,1,2.5443650083616376
3032,145337,1,0,2.533324994146824
3033,145338,1,0,2.5391060044057667
3034,145339,1,0,2.54450598731637
3035,145340,1,0,2.5347979972139
3036,145341,1,0,2.5422420003451407
3037,145342,1,0,2.5372430100105703
3038,145343,1,0,2.5480130570940673
3039,145344,1,1,2.5400070007890463
3040,145345,1,0,2.5477519957348704
3041,145346,1,0,2.547071024309844
3042,145347,1,0,2.540088025853038
3043,145348,1,0,2.54329398740083
3044,145349,1,0,2.5371130323037505
3045,145350,1,0,2.541029010899365
3046,145351,1,1,2.536710991989821
3047,145352,1,0,2.5414800038561225
3048,145353,1,0,2.5450970279052854
3049,145354,1,0,2.5340759893879294
3050,145355,1,0,2.5562469963915646
3051,145356,1,0,2.5332049699500203
3052,145357,1,0,2.5387159548699856
3053,145358,1,1,2.5319629930891097
3054,145359,1,0,2.536331012379378
3055,145360,1,0,2.5463090278208256
3056,145361,1,0,2.5330049684271216
3057,145362,1,0,2.5592329911887646
3058,145363,1,0,2.5373129756189883
3059,145364,1,0,2.5523099466226995
3060,145365,1,0,2.5355489924550056
3061,145366,1,1,2.541369991376996
3062,145367,1,0,2.5395069969817996
3063,145368,1,0,2.5619579828344285
3064,145369,1,0,2.544185030274093
3065,145370,1,0,2.5329149793833494
3066,145371,1,0,2.5389849906787276
3067,145372,1,0,2.5324540329165757
3068,145373,1,1,2.535588981118053
3069,145374,1,0,2.5545950047671795
3070,145375,1,0,2.5378340505994856
3071,145376,1,0,2.5386149645783007
3072,145377,1,0,2.529087010771036
3073,145378,1,0,2.5403390172868967
3074,145379,1,0,2.53896601498127
3075,145380,1,0,2.545878989621997
3076,145381,1,1,2.539456996601075
3077,145382,1,0,2.53142201108858
3078,145383,1,0,2.545728988479823
3079,145384,1,0,2.527553995605558
3080,145385,1,0,2.533325052354485
3081,145386,1,0,2.524840005207807
3082,145387,1,0,2.5823760079219937
3083,145388,1,1,2.5244990247301757
3084,145389,1,0,2.5270539917983115
3085,145390,1,0,2.538004016969353
3086,145391,1,0,2.524228999391198
3087,145392,1,0,2.533825987484306
3088,145393,1,0,2.533124992623925
3089,145394,1,0,2.5582410162314773
3090,145395,1,0,2.5322330184280872
3091,145396,1,1,2.534106024540961
3092,145397,1,0,2.538223983719945
3093,145398,1,0,2.520862966775894
3094,145399,1,0,2.533685998059809
3095,145400,1,0,2.5256110238842666
3096,145401,1,0,2.530459954869002
3097,145402,1,0,2.523777016904205
3098,145403,1,1,2.543303999118507
3099,145404,1,0,2.5308409822173417
3100,145405,1,0,2.529659017454833
3101,145406,1,0,2.5423619663342834
3102,145407,1,0,2.5325940223410726
3103,145408,1,0,2.53760302439332
3104,145409,1,0,2.5303500005975366
3105,145410,1,0,2.5345879839733243
3106,145411,1,1,2.5353189557790756
3107,145412,1,0,2.5288669858127832
3108,145413,1,0,2.5423619663342834
3109,145414,1,0,2.5314909871667624
3110,145415,1,0,2.5336359976790845
3111,145416,1,0,2.523396979086101
3112,145417,1,0,2.539195993449539
3113,145418,1,1,2.524779993109405
3114,145419,1,0,2.529659017454833
3115,145420,1,0,2.5250499602407217
3116,145421,1,0,2.5290269986726344
3117,145422,1,0,2.526352007407695
3118,145423,1,0,2.525330986827612
3119,145424,1,0,2.5288870092481375
3120,145425,1,1,2.522164024412632
3121,145426,1,0,2.533305960241705
3122,145427,1,0,2.5284860166721046
3123,145428,1,0,2.537121996283531
3124,145429,1,0,2.528726006858051
3125,145430,1,0,2.520630951039493
3126,145431,1,0,2.535578969400376
3127,145432,1,0,2.525010029785335
3128,145433,1,1,2.5425220374017954
3129,145434,1,0,2.521793998312205
3130,145435,1,0,2.5347890332341194
3131,145436,1,0,2.5255599757656455
3132,145437,1,0,2.531752979848534
3133,145438,1,0,2.5351690128445625
3134,145439,1,0,2.5254799984395504
3135,145440,1,1,2.5345569592900574
3136,145441,1,0,2.5208420120179653
3137,145442,1,0,2.5350789655931294
3138,145443,1,0,2.5296990061178803
3139,145444,1,0,2.5473609566688538
3140,145445,1,0,2.525421034079045
3141,145446,1,0,2.5259220274165273
3142,145447,1,0,2.5330749922432005
3143,145448,1,1,2.530609956011176
3144,145449,1,0,2.5314619997516274
3145,145450,1,0,2.5211030151695013
3146,145451,1,0,2.5226150173693895
3147,145452,1,0,2.516934007871896
3148,145453,1,0,2.5265529984608293
3149,145454,1,0,2.5205310084857047
3150,145455,1,1,2.5176360504701734
3151,145456,1,0,2.5283959694206715
3152,145457,1,0,2.5189979933202267
3153,145458,1,0,2.5364119792357087
3154,145459,1,0,2.6309159584343433
3155,145460,1,0,2.5411100359633565
3156,145461,1,0,2.518498047720641
3157,145462,1,0,2.5202110409736633
3158,145463,1,1,2.530320023652166
3159,145464,1,0,2.5241089751943946
3160,145465,1,0,2.5214230408892035
3161,145466,1,0,2.517526037991047
3162,145467,1,0,2.530679979827255
3163,145468,1,0,2.5153220049105585
3164,145469,1,0,2.5242390111088753
3165,145470,1,1,2.514460007660091
3166,145471,1,0,2.5262419949285686
3167,145472,1,0,2.5340860011056066
3168,145473,1,0,2.515141968615353
3169,145474,1,0,2.533185004722327
3170,145475,1,0,2.520882000681013
3171,145476,1,0,2.5213030166924
3172,145477,1,0,2.5147710111923516
3173,145478,1,1,2.523177012335509
3174,145479,1,0,2.522424969356507
3175,145480,1,0,2.5230959872715175
3176,145481,1,0,2.5137700140476227
3177,145482,1,0,2.5112649891525507
3178,145483,1,0,2.5284060393460095
3179,145484,1,0,2.517616027034819
3180,145485,1,1,2.5314119993709028
3181,145486,1,0,2.525251009501517
3182,145487,1,0,2.523557050153613
3183,145488,1,0,2.5169450091198087
3184,145489,1,0,2.5375530240125954
3185,145490,1,0,2.5271139456890523
3186,145491,1,0,2.524038020055741
3187,145492,1,0,2.5281960261054337
3188,145493,1,1,2.523177012335509
3189,145494,1,0,2.5369820068590343
3190,145495,1,0,2.517396002076566
3191,145496,1,0,2.5249700411222875
3192,145497,1,0,2.523016999475658
3193,145498,1,0,2.531282021664083
3194,145499,1,0,2.5347979972139
3195,145500,1,1,2.5253210333175957
3196,145501,1,0,2.525240008253604
3197,145502,1,0,2.5208420120179653
3198,145503,1,0,2.536951971706003
3199,145504,1,0,2.515282016247511
3200,145505,1,0,2.522916009183973
3201,145506,1,0,2.515201980713755
3202,145507,1,1,2.5368519709445536
3203,145508,1,0,2.5355289690196514
3204,145509,1,0,2.521493996027857
3205,145510,1,0,2.5273439823649824
3206,145511,1,0,2.531550999265164
3207,145512,1,0,2.613483986351639
3208,145513,1,0,2.512766979634762
3209,145514,1,0,2.5399280129931867
3210,145515,1,1,2.5234370259568095
3211,145516,1,0,2.519630012102425
3212,145517,1,0,2.5300589622929692
3213,145518,1,0,2.519770001526922
3214,145519,1,0,2.536010986659676
3215,145520,1,0,2.523756993468851
3216,145521,1,0,2.529717981815338
3217,145522,1,1,2.517225977499038
3218,145523,1,0,2.528567041736096
3219,145524,1,0,2.5243290001526475
3220,145525,1,0,2.529198012780398
3221,145526,1,0,2.531320962589234
3222,145527,1,0,2.526542986743152
3223,145528,1,0,2.5363009772263467
3224,145529,1,0,2.5309710181318223
3225,145530,1,1,2.5287659955210984
3226,145531,1,0,2.5270030018873513
3227,145532,1,0,2.534097002353519
3228,145533,1,0,2.530610014218837
3229,145534,1,0,2.536700980272144
3230,145535,1,0,2.5420209858566523
3231,145536,1,0,2.5287559838034213
3232,145537,1,1,2.5699729449115694
3233,145538,1,0,2.5277649983763695
3234,145539,1,0,2.537332009524107
3235,145540,1,0,2.541600028052926
3236,145541,1,0,2.5222140247933567
3237,145542,1,0,2.533264982048422
3238,145543,1,0,2.529608958866447
3239,145544,1,0,2.540578949265182
3240,145545,1,1,2.524579002056271
3241,145546,1,0,2.5299289845861495
3242,145547,1,0,2.5237479712814093
3243,145548,1,0,2.530899946577847
3244,145549,1,0,2.5312319630756974
3245,145550,1,0,2.5381839950568974
3246,145551,1,0,2.5414000265300274
3247,145552,1,1,2.524579002056271
3248,145553,1,0,2.5322330184280872
3249,145554,1,0,2.53142201108858
3250,145555,1,0,2.5426819920539856
3251,145556,1,0,2.5270640035159886
3252,145557,1,0,2.5421720347367227
3253,145558,1,0,2.5334060192108154
3254,145559,1,0,2.5311409845016897
3255,145560,1,1,2.5354399695061147
3256,145561,1,0,2.5310509954579175
3257,145562,1,0,2.6031550369225442
3258,145563,1,0,2.5312709622085094
3259,145564,1,0,2.5191690074279904
3260,145565,1,0,2.5310609489679337
3261,145566,1,0,2.516274049412459
3262,145567,1,1,2.532212994992733
3263,145568,1,0,2.52012099372223
3264,145569,1,0,2.5253199855796993
3265,145570,1,0,2.527735021430999
3266,145571,1,0,2.5309610064141452
3267,145572,1,0,2.5352389784529805
3268,145573,1,0,2.5254610227420926
3269,145574,1,1,2.551139041315764
3270,145575,1,0,2.5302490103058517
3271,145576,1,0,2.5464289938099682
3272,145577,1,0,2.537352964282036
3273,145578,1,0,2.5525710079818964
3274,145579,1,0,2.5419919984415174
3275,145580,1,0,2.5316819665022194
3276,145581,1,0,2.5368420174345374
3277,145582,1,1,2.529909019358456
3278,145583,1,0,2.5462289922870696
3279,145584,1,0,2.523787028621882
3280,145585,1,0,2.5427129585295916
3281,145586,1,0,2.5339960120618343
3282,145587,1,0,2.5292980135418475
3283,145588,1,0,2.544907038100064
3284,145589,1,1,2.5378339923918247
3285,145590,1,0,2.5527310208417475
3286,145591,1,0,2.53427802817896
3287,145592,1,0,2.5469009997323155
3288,145593,1,0,2.583788998890668
3289,145594,1,0,2.5665160501375794
3290,145595,1,0,2.621107967570424
3291,145596,1,0,2.5316820247098804
3292,145597,1,1,2.5373530224896967
3293,145598,1,0,2.6165989693254232
3294,145599,1,0,2.525480987969786
3295,145600,1,0,2.536541025619954
3296,145601,1,0,2.5622990215197206
3297,145602,1,0,2.5454279966652393
3298,145603,1,0,2.53183301538229
3299,145604,1,1,2.5661360123194754
3300,145605,1,0,2.7010359917767346
3301,145606,1,0,2.5694830110296607
3302,145607,1,0,2.53047002479434
3303,145608,1,0,2.5294580264016986
3304,145609,1,0,2.533947001211345
3305,145610,1,0,2.5318420375697315
3306,145611,1,0,2.5331549695692956
3307,145612,1,1,2.557931002229452
3308,145613,1,0,2.578469051513821
3309,145614,1,0,2.577346982434392
3310,145615,1,0,2.539677021559328
3311,145616,1,0,2.527403994463384
3312,145617,1,0,2.5391060044057667
3313,145618,1,0,2.5260020047426224
3314,145619,1,1,2.5385349872522056
3315,145620,1,0,2.526212949305773
3316,145621,1,0,2.539977023843676
3317,145622,1,0,2.5239880196750164
3318,145623,1,0,2.5405289488844573
3319,145624,1,0,2.54329398740083
3320,145625,1,0,2.5323330191895366
3321,145626,1,0,2.542021975386888
3322,145627,1,1,2.5304999435320497
3323,145628,1,0,2.5523799704387784
3324,145629,1,0,2.523957984521985
3325,145630,1,0,2.5404979824088514
3326,145631,1,0,2.5455779978074133
3327,145632,1,0,2.5230160099454224
3328,145633,1,0,2.536971995141357
3329,145634,1,1,2.527313947211951
3330,145635,1,0,2.540007990319282
3331,145636,1,0,2.529979043174535
3332,145637,1,0,2.539677021559328
3333,145638,1,0,2.53335596062243
3334,145639,1,0,2.5363009772263467
3335,145640,1,0,2.53222300671041
3336,145641,1,0,2.5215439964085817
3337,145642,1,1,2.5353090022690594
3338,145643,1,0,2.5284570292569697
3339,145644,1,0,2.5423120241612196
3340,145645,1,0,2.531491976696998
3341,145646,1,0,2.5439749588258564
3342,145647,1,0,2.534046012442559
3343,145648,1,0,2.5247190496884286
3344,145649,1,1,2.535219013225287
3345,145650,1,0,2.5229559978470206
3346,145651,1,0,2.5380440056324005
3347,145652,1,0,2.5283860159106553
3348,145653,1,0,2.5475919828750193
3349,145654,1,0,2.54030799260363
3350,145655,1,0,2.5280360132455826
3351,145656,1,1,2.5373530224896967
3352,145657,1,0,2.5249599711969495
3353,145658,1,0,2.541290014050901
3354,145659,1,0,2.5239179958589375
3355,145660,1,0,2.542021975386888
3356,145661,1,0,2.5181869859807193
3357,145662,1,0,2.5312520447187126
3358,145663,1,0,2.539826964493841
3359,145664,1,1,2.5253010098822415
3360,145665,1,0,2.53492797492072
3361,145666,1,0,2.525480987969786
3362,145667,1,0,2.54257203778252
3363,145668,1,0,2.525240008253604
3364,145669,1,0,2.5348480558022857
3365,145670,1,0,2.524920040741563
3366,145671,1,1,2.5225860299542546
3367,145672,1,0,2.5283159920945764
3368,145673,1,0,2.527384029235691
3369,145674,1,0,2.531230973545462
3370,145675,1,0,2.5840900489129126
3371,145676,1,0,2.574771991930902
3372,145677,1,0,2.546739997342229
3373,145678,1,0,2.5293680373579264
3374,145679,1,1,2.533856953959912
3375,145680,1,0,2.5277750100940466
3376,145681,1,0,2.5388560025021434
3377,145682,1,0,2.5261309929192066
3378,145683,1,0,2.5381239829584956
3379,145684,1,0,2.5255809887312353
3380,145685,1,0,2.531171019654721
3381,145686,1,1,2.5330049684271216
3382,145687,1,0,2.5243390118703246
3383,145688,1,0,2.546108968090266
3384,145689,1,0,2.5271140038967133
3385,145690,1,0,2.536299987696111
3386,145691,1,0,2.528856974095106
3387,145692,1,0,2.5332250515930355
3388,145693,1,0,2.531030972022563
3389,145694,1,1,2.531351987272501
3390,145695,1,0,2.5376739795319736
3391,145696,1,0,2.521111979149282
3392,145697,1,0,2.537021995522082
3393,145698,1,0,2.53158196574077
3394,145699,1,0,2.5368419592268765
3395,145700,1,0,2.521804010029882
3396,145701,1,1,2.5323439622297883
3397,145702,1,0,2.545828989241272
3398,145703,1,0,2.5233469787053764
3399,145704,1,0,2.5358200073242188
3400,145705,1,0,2.5260719703510404
3401,145706,1,0,2.544365997891873
3402,145707,1,0,2.5219839881174266
3403,145708,1,0,2.5355389807373285
3404,145709,1,1,2.5244890130124986
3405,145710,1,0,2.5250199832953513
3406,145711,1,0,2.53520900150761
3407,145712,1,0,2.527725009713322
3408,145713,1,0,2.5417799479328096
3409,145714,1,0,2.525812014937401
3410,145715,1,0,2.5347780319862068
3411,145716,1,1,2.5281349662691355
3412,145717,1,0,2.53397598862648
3413,145718,1,0,2.5322629953734577
3414,145719,1,0,2.524309034924954
3415,145720,1,0,2.540739020332694
3416,145721,1,0,2.5198099901899695
3417,145722,1,0,2.527453994844109
3418,145723,1,1,2.5243290001526475
3419,145724,1,0,2.5378940044902265
3420,145725,1,0,2.5265630101785064
3421,145726,1,0,2.5393670075573027
3422,145727,1,0,2.5382040184922516
3423,145728,1,0,2.5252799969166517
3424,145729,1,0,2.5369120412506163
3425,145730,1,0,2.5180369848385453
3426,145731,1,1,2.536811982281506
3427,145732,1,0,2.526752999983728
3428,145733,1,0,2.5418209843337536
3429,145734,1,0,2.5387760251760483
3430,145735,1,0,2.5301489513367414
3431,145736,1,0,2.5438040029257536
3432,145737,1,0,2.534937986638397
3433,145738,1,1,2.5468500098213553
3434,145739,1,0,2.5355389807373285
3435,145740,1,0,2.539617009460926
3436,145741,1,0,2.522564958781004
3437,145742,1,0,2.531763049773872
3438,145743,1,0,2.535638981498778
3439,145744,1,0,2.5249290047213435
3440,145745,1,0,2.5465000071562827
3441,145746,1,1,2.5275250081904233
3442,145747,1,0,2.5346570182591677
3443,145748,1,0,2.533735998440534
3444,145749,1,0,2.5259320391342044
3445,145750,1,0,2.535359002649784
3446,145751,1,0,2.6250550290569663
3447,145752,1,0,2.5370619841851294
3448,145753,1,1,2.5295979576185346
3449,145754,1,0,2.5337859988212585
3450,145755,1,0,2.5242489646188915
3451,145756,1,0,2.531181031372398
3452,145757,1,0,2.5308210169896483
3453,145758,1,0,2.528195967897773
3454,145759,1,0,2.5425220374017954
3455,145760,1,0,2.5224749697372317
3456,145761,1,1,2.549997007008642
3457,145762,1,0,2.5234969798475504
3458,145763,1,0,2.5323639856651425
3459,145764,1,0,2.522435039281845
3460,145765,1,0,2.5273539940826595
3461,145766,1,0,2.5321129942312837
3462,145767,1,0,2.518358000088483
3463,145768,1,1,2.533185004722327
3464,145769,1,0,2.5218139635398984
3465,145770,1,0,2.5283059803768992
3466,145771,1,0,2.5141899823211133
3467,145772,1,0,2.5398580473847687
3468,145773,1,0,2.5337159750051796
3469,145774,1,0,2.5267830351367593
3470,145775,1,0,2.5333260418847203
3471,145776,1,1,2.5181870441883802
3472,145777,1,0,2.5366509798914194
3473,145778,1,0,2.5198000366799533
3474,145779,1,0,2.5283360155299306
3475,145780,1,0,2.518568013329059
3476,145781,1,0,2.5290269986726344
3477,145782,1,0,2.5198200019076467
3478,145783,1,1,2.533285995014012
3479,145784,1,0,2.5432940456084907
3480,145785,1,0,2.5162940146401525
3481,145786,1,0,2.524429000914097
3482,145787,1,0,2.5341869913972914
3483,145788,1,0,2.5414000265300274
3484,145789,1,0,2.5246890145353973
3485,145790,1,1,2.529718040022999
3486,145791,1,0,2.5725880404934287
3487,145792,1,0,2.553192025516182
3488,145793,1,0,2.539135981351137
3489,145794,1,0,2.5224650162272155
3490,145795,1,0,2.534216968342662
3491,145796,1,0,2.5276350206695497
3492,145797,1,0,2.5326039758510888
3493,145798,1,1,2.537994005251676
3494,145799,1,0,2.5316719547845423
3495,145800,1,0,2.5357090053148568
3496,145801,1,0,2.53129203338176
3497,145802,1,0,2.5349979987367988
3498,145803,1,0,2.525871037505567
3499,145804,1,0,2.5477420422248542
3500,145805,1,1,2.5417309952899814
3501,145806,1,0,2.522445982322097
3502,145807,1,0,2.531982958316803
3503,145808,1,0,2.523887960705906
3504,145809,1,0,2.5446360232308507
3505,145810,1,0,2.5333749945275486
3506,145811,1,0,2.5383650208823383
3507,145812,1,0,2.5342869921587408
3508,145813,1,1,2.531912992708385
3509,145814,1,0,2.54234200110659
3510,145815,1,0,2.526673022657633
3511,145816,1,0,2.545809024013579
3512,145817,1,0,2.5265130097977817
3513,145818,1,0,2.5365310139022768
3514,145819,1,0,2.5259009562432766
3515,145820,1,1,2.5370820076204836
3516,145821,1,0,2.536341024097055
3517,145822,1,0,2.5253199855796993
3518,145823,1,0,2.5435740244574845
3519,145824,1,0,2.5277449749410152
3520,145825,1,0,2.534877974539995
3521,145826,1,0,2.5244189891964197
3522,145827,1,0,2.541391004342586
3523,145828,1,1,2.528526005335152
3524,145829,1,0,2.5242689880542457
3525,145830,1,0,2.538415021263063
3526,145831,1,0,2.5323830195702612
3527,145832,1,0,2.5481830234639347
3528,145833,1,0,2.527954988181591
3529,145834,1,0,2.5428830413147807
3530,145835,1,1,2.5337059632875025
3531,145836,1,0,2.54311301978305
3532,145837,1,0,2.5410500238649547
3533,145838,1,0,2.5308509939350188
3534,145839,1,0,2.5417510187253356
3535,145840,1,0,2.534577972255647
3536,145841,1,0,2.545388008002192
3537,145842,1,0,2.520270994864404
3538,145843,1,1,2.541630994528532
3539,145844,1,0,2.533244958613068
3540,145845,1,0,2.5285360170528293
3541,145846,1,0,2.5449160020798445
3542,145847,1,0,2.529188001062721
3543,145848,1,0,2.5397069985046983
3544,145849,1,0,2.5272240163758397
3545,145850,1,1,2.5374130345880985
3546,145851,1,0,2.5325939641334116
3547,145852,1,0,2.5378840509802103
3548,145853,1,0,2.5388760259374976
3549,145854,1,0,2.5243989657610655
3550,145855,1,0,2.5361310108564794
3551,145856,1,0,2.5305100134573877
3552,145857,1,0,2.540168003179133
3553,145858,1,1,2.531311009079218
3554,145859,1,0,2.5439750170335174
3555,145860,1,0,2.543463953770697
3556,145861,1,0,2.528285956941545
3557,145862,1,0,2.5486639933660626
3558,145863,1,0,2.534577972255647
3559,145864,1,0,2.5451770052313805
3560,145865,1,1,2.5338560226373374
3561,145866,1,0,2.539826964493841
3562,145867,1,0,2.5410900125280023
3563,145868,1,0,2.5326540344394743
3564,145869,1,0,2.536560990847647
3565,145870,1,0,2.525069983676076
3566,145871,1,0,2.534428029321134
3567,145872,1,1,2.5397269637323916
3568,145873,1,0,2.545698022004217
3569,145874,1,0,2.5397169520147145
3570,145875,1,0,2.531962003558874
3571,145876,1,0,2.5395170086994767
3572,145877,1,0,2.5318730040453374
3573,145878,1,0,2.544276008848101
3574,145879,1,0,2.5290369521826506
3575,145880,1,1,2.5366510380990803
3576,145881,1,0,2.527603995986283
3577,145882,1,0,2.540057001169771
3578,145883,1,0,2.5432739639654756
3579,145884,1,0,2.5369920185767114
3580,145885,1,0,2.5405289488844573
3581,145886,1,0,2.570284006651491
3582,145887,1,1,2.53533897921443
3583,145888,1,0,2.528887998778373
3584,145889,1,0,2.5362710002809763
3585,145890,1,0,2.526672964449972
3586,145891,1,0,2.5277850218117237
3587,145892,1,0,2.548101998399943
3588,145893,1,0,2.5248689926229417
3589,145894,1,0,2.5354890385642648
3590,145895,1,1,2.53165204776451
3591,145896,1,0,2.5360810104757547
3592,145897,1,0,2.6387610123492777
3593,145898,1,0,2.527103992179036
3594,145899,1,0,2.5359500432386994
3595,145900,1,0,2.527083968743682
3596,145901,1,0,2.5393259711563587
3597,145902,1,1,2.519620000384748
3598,145903,1,0,2.541369991376996
3599,145904,1,0,2.528435958083719
3600,145905,1,0,2.521032001823187
3601,145906,1,0,2.528115001041442
3602,145907,1,0,2.5247189914807677
3603,145908,1,0,2.534247003495693
3604,145909,1,0,2.5246490258723497
3605,145910,1,1,2.528856974095106
3606,145911,1,0,2.56876100320369
3607,145912,1,0,2.523717994336039
3608,145913,1,0,2.54128995584324
3609,145914,1,0,2.528536948375404
3610,145915,1,0,2.5360199506394565
3611,145916,1,0,2.5229259626939893
3612,145917,1,1,2.5420020101591945
3613,145918,1,0,2.5307199684903026
3614,145919,1,0,2.532282960601151
3615,145920,1,0,2.5291169877164066
3616,145921,1,0,2.5320429704152048
3617,145922,1,0,2.5379140279255807
3618,145923,1,0,2.530679979827255
3619,145924,1,0,2.5300499983131886
3620,145925,1,1,2.5190789601765573
3621,145926,1,0,2.5316320243291557
3622,145927,1,0,2.523776958696544
3623,145928,1,0,2.5399680016562343
3624,145929,1,0,2.542513015214354
3625,145930,1,0,2.521783986594528
3626,145931,1,0,2.546048955991864
3627,145932,1,1,2.5280360132455826
3628,145933,1,0,2.545968978665769
3629,145934,1,0,2.5316730025224388
3630,145935,1,0,2.53438699292019
3631,145936,1,0,2.5646729627624154
3632,145937,1,0,2.528356038965285
3633,145938,1,0,2.545516996178776
3634,145939,1,1,2.5273339706473053
3635,145940,1,0,2.543283044360578
3636,145941,1,0,2.5258520036004484
3637,145942,1,0,2.5435140123590827
3638,145943,1,0,2.5414599804207683
3639,145944,1,0,2.5388250360265374
3640,145945,1,0,2.54434603266418
3641,145946,1,0,2.529728983063251
3642,145947,1,1,2.5416610296815634
3643,145948,1,0,2.5389749789610505
3644,145949,1,0,2.5377239799126983
3645,145950,1,0,2.5357400299981236
3646,145951,1,0,2.5261020055040717
3647,145952,1,0,2.5338869891129434
3648,145953,1,0,2.5251900078728795
3649,145954,1,1,2.53294495632872
3650,145955,1,0,2.524237963370979
3651,145956,1,0,2.5346369948238134
3652,145957,1,0,2.528175013139844
3653,145958,1,0,2.540027955546975
3654,145959,1,0,2.5372130330652
3655,145960,1,0,2.5227160076610744
3656,145961,1,0,2.563370973803103
3657,145962,1,1,2.5295490049757063
3658,145963,1,0,2.5297380052506924
3659,145964,1,0,2.5206119753420353
3660,145965,1,0,2.533255028538406
3661,145966,1,0,2.51970998942852
3662,145967,1,0,2.5216140202246606
3663,145968,1,0,2.5359599967487156
3664,145969,1,1,2.5206420104950666
3665,145970,1,0,2.5366509798914194
3666,145971,1,0,2.5253299972973764
3667,145972,1,0,2.5387759669683874
3668,145973,1,0,2.526383032090962
3669,145974,1,0,2.5287570315413177
3670,145975,1,0,2.5272840284742415
3671,145976,1,0,2.5243889540433884
3672,145977,1,1,2.5269329780712724
3673,145978,1,0,2.520059992093593
3674,145979,1,0,2.538975968491286
3675,145980,1,0,2.5196399656124413
3676,145981,1,0,2.5267329765483737
3677,145982,1,0,2.5159530341625214
3678,145983,1,0,2.534947998356074
3679,145984,1,1,2.529146964661777
3680,145985,1,0,2.519990026485175
3681,145986,1,0,2.5293080252595246
3682,145987,1,0,2.520671987440437
3683,145988,1,0,2.535199047997594
3684,145989,1,0,2.5191379827447236
3685,145990,1,0,2.5343979941681027
3686,145991,1,0,2.534376981202513
3687,145992,1,1,2.536882006097585
3688,145993,1,0,2.5301300338469446
3689,145994,1,0,2.516293025109917
3690,145995,1,0,2.525920979678631
3691,145996,1,0,2.51429999480024
3692,145997,1,0,2.522505004890263
3693,145998,1,0,2.5149310240522027
3694,145999,1,1,2.5268830358982086
3695,146000,1,0,2.5148209533654153
3696,146001,1,0,2.5318629923276603
3697,146002,1,0,2.5150009896606207
3698,146003,1,0,2.521574031561613
3699,146004,1,0,2.541641006246209
3700,146005,1,0,2.521323040127754
3701,146006,1,1,2.5384449982084334
3702,146007,1,0,2.524920040741563
3703,146008,1,0,2.529678982682526
3704,146009,1,0,2.5167050189338624
3705,146010,1,0,2.5321939610876143
3706,146011,1,0,2.5401279563084245
3707,146012,1,0,2.5239879614673555
3708,146013,1,0,2.5275840307585895
3709,146014,1,1,2.519568952266127
3710,146015,1,0,2.5337660335935652
3711,146016,1,0,2.520971989724785
3712,146017,1,0,2.534616971388459
3713,146018,1,0,2.515543019399047
3714,146019,1,0,2.5360199506394565
3715,146020,1,0,2.5261620176024735
3716,146021,1,1,2.5133080198429525
3717,146022,1,0,2.527725009713322
3718,146023,1,0,2.518658002372831
3719,146024,1,0,2.52848700620234
3720,146025,1,0,2.522575028706342
3721,146026,1,0,2.5369529612362385
3722,146027,1,0,2.527003991417587
3723,146028,1,0,2.537442953325808
3724,146029,1,1,2.5318419793620706
3725,146030,1,0,2.520121051929891
3726,146031,1,0,2.5457889423705637
3727,146032,1,0,2.5379739818163216
3728,146033,1,0,2.5442149490118027
3729,146034,1,0,2.526944037526846
3730,146035,1,0,2.53369496203959
3731,146036,1,1,2.534536994062364
3732,146037,1,0,2.5319919805042446
3733,146038,1,0,2.5334759848192334
3734,146039,1,0,2.527504984755069
3735,146040,1,0,2.5467199739068747
3736,146041,1,0,2.534236991778016
3737,146042,1,0,2.6163990260101855
3738,146043,1,0,2.724749967455864
3739,146044,1,1,2.5827260105870664
3740,146045,1,0,2.577096049208194
3741,146046,1,0,2.6170609635300934
3742,146047,1,0,2.606009948067367
3743,146048,1,0,2.5379839935339987
3744,146049,1,0,2.6052590110339224
3745,146050,1,0,2.5764460442587733
3746,146051,1,1,2.6202970184385777
3747,146052,1,0,2.5697220116853714
3748,146053,1,0,2.5290580233559012
3749,146054,1,0,2.6137540116906166
3750,146055,1,0,2.5228559970855713
3751,146056,1,0,2.5400680024176836
3752,146057,1,0,2.5706749875098467
3753,146058,1,0,2.621789986733347
3754,146059,1,1,2.572026976849884
3755,146060,1,0,2.56039499072358
3756,146061,1,0,2.5375629775226116
3757,146062,1,0,2.568410011008382
3758,146063,1,0,2.577988023404032
3759,146064,1,0,2.524278999771923
3760,146065,1,0,2.553172002080828
3761,146066,1,1,2.5679499958641827
3762,146067,1,0,2.579980995506048
3763,146068,1,0,2.5453170528635383
3764,146069,1,0,2.528146025724709
3765,146070,1,0,2.581995038781315
3766,146071,1,0,2.5769160129129887
3767,146072,1,0,2.5764050078578293
3768,146073,1,0,2.616760029923171
3769,146074,1,1,2.5655250065028667
3770,146075,1,0,2.5450470275245607
3771,146076,1,0,2.5261620176024735
3772,146077,1,0,2.517525979783386
3773,146078,1,0,2.5326640461571515
3774,146079,1,0,2.5642120162956417
3775,146080,1,0,2.6253360556438565
3776,146081,1,1,2.617341000586748
3777,146082,1,0,2.6013010065071285
3778,146083,1,0,2.6184130110777915
3779,146084,1,0,2.742843993473798
3780,146085,1,0,2.6429080171510577
3781,146086,1,0,2.5449669919908047
3782,146087,1,0,2.599967992864549
3783,146088,1,1,2.6213479577563703
3784,146089,1,0,2.5957610341720283
3785,146090,1,0,2.551829966250807
3786,146091,1,0,2.6206670445390046
3787,146092,1,0,2.5368320057168603
3788,146093,1,0,2.606571011710912
3789,146094,1,0,2.6145249721594155
3790,146095,1,0,2.613363030832261
3791,146096,1,1,2.586452988907695
3792,146097,1,0,2.57468200288713
3793,146098,1,0,2.609807997941971
3794,146099,1,0,2.6158980326727033
3795,146100,1,0,2.5779579882510006
3796,146101,1,0,2.603975997772068
3797,146102,1,0,2.5733799557201564
3798,146103,1,1,2.535680017899722
3799,146104,1,0,2.574210986495018
3800,146105,1,0,2.579931984655559
3801,146106,1,0,2.557760977651924
3802,146107,1,0,2.5415910058654845
3803,146108,1,0,2.5377830024808645
3804,146109,1,0,2.5435949792154133
3805,146110,1,0,2.562760026194155
3806,146111,1,1,2.6086149737238884
3807,146112,1,0,2.5670179747976363
3808,146113,1,0,2.6168799959123135
3809,146114,1,0,2.6187129551544785
3810,146115,1,0,2.5251199840568006
3811,146116,1,0,2.5257119559682906
3812,146117,1,0,2.5289369514212012
3813,146118,1,1,2.519970992580056
3814,146119,1,0,2.529117977246642
3815,146120,1,0,2.5216430076397955
3816,146121,1,0,2.52668303437531
3817,146122,1,0,2.522265014704317
3818,146123,1,0,2.6101869880221784
3819,146124,1,0,2.52632301999256
3820,146125,1,0,2.530770027078688
3821,146126,1,1,2.524749026633799
3822,146127,1,0,2.5181070086546242
3823,146128,1,0,2.537303022108972
3824,146129,1,0,2.5377029669471085
3825,146130,1,0,2.5275739608332515
3826,146131,1,0,2.5346979964524508
3827,146132,1,0,2.52107298001647
3828,146133,1,1,2.527814998757094
3829,146134,1,0,2.523136034142226
3830,146135,1,0,2.560206048656255
3831,146136,1,0,2.5108339614234865
3832,146137,1,0,2.5311409845016897
3833,146138,1,0,2.520971989724785
3834,146139,1,0,2.5320930290035903
3835,146140,1,0,2.532885002437979
3836,146141,1,1,2.515031024813652
3837,146142,1,0,2.532704034820199
3838,146143,1,0,2.524889016058296
3839,146144,1,0,2.535849984269589
3840,146145,1,0,2.5211729807779193
3841,146146,1,0,2.533735998440534
3842,146147,1,0,2.532123005948961
3843,146148,1,1,2.5341970031149685
3844,146149,1,0,2.5445559876970947
3845,146150,1,0,2.5279049878008664
3846,146151,1,0,2.5381840532645583
3847,146152,1,0,2.529909019358456
3848,146153,1,0,2.541300025768578
3849,146154,1,0,2.521623973734677
3850,146155,1,1,2.5341769796796143
3851,146156,1,0,2.5398069992661476
3852,146157,1,0,2.5223350385203958
3853,146158,1,0,2.5307710166089237
3854,146159,1,0,2.529348013922572
3855,146160,1,0,2.5830770027823746
3856,146161,1,0,2.5246490258723497
3857,146162,1,0,2.530439989641309
3858,146163,1,1,2.5379129801876843
3859,146164,1,0,2.5246989680454135
3860,146165,1,0,2.5430929963476956
3861,146166,1,0,2.5532220024615526
3862,146167,1,0,2.533244958613068
3863,146168,1,0,2.5193089968524873
3864,146169,1,0,2.544395043514669
3865,146170,1,1,2.5302190333604813
3866,146171,1,0,2.5259110261686146
3867,146172,1,0,2.536491025239229
3868,146173,1,0,2.525150019209832
3869,146174,1,0,2.545488008763641
3870,146175,1,0,2.5197500362992287
3871,146176,1,0,2.5324939633719623
3872,146177,1,0,2.5203609839081764
3873,146178,1,1,2.5367619819007814
3874,146179,1,0,2.5393369724042714
3875,146180,1,0,2.5269240140914917
3876,146181,1,0,2.5309300399385393
3877,146182,1,0,2.528856974095106
3878,146183,1,0,2.5325940223410726
3879,146184,1,0,2.517825982067734
3880,146185,1,1,2.695435017812997
3881,146186,1,0,2.533965976908803
3882,146187,1,0,2.525561023503542
3883,146188,1,0,2.539135981351137
3884,146189,1,0,2.622310013975948
3885,146190,1,0,2.527884964365512
3886,146191,1,0,2.529788005631417
3887,146192,1,0,2.514399995561689
3888,146193,1,1,2.5269329780712724
3889,146194,1,0,2.5143600068986416
3890,146195,1,0,2.5229660095646977
3891,146196,1,0,2.5158729986287653
3892,146197,1,0,2.531181031372398
3893,146198,1,0,2.5223149568773806
3894,146199,1,0,2.5337859988212585
3895,146200,1,1,2.524449024349451
3896,146201,1,0,2.514038991648704
3897,146202,1,0,2.533665974624455
3898,146203,1,0,2.517807006370276
3899,146204,1,0,2.533185004722327
3900,146205,1,0,2.521362970583141
3901,146206,1,0,2.541721041779965
3902,146207,1,0,2.520129957702011
3903,146208,1,1,2.5323739973828197
3904,146209,1,0,2.526181982830167
3905,146210,1,0,2.515563042834401
3906,146211,1,0,2.5301589630544186
3907,146212,1,0,2.51942896284163
3908,146213,1,0,2.538895991165191
3909,146214,1,0,2.521293004974723
3910,146215,1,1,2.531150996219367
3911,146216,1,0,2.5164440157823265
3912,146217,1,0,2.5244189891964197
3913,146218,1,0,2.524317998904735
3914,146219,1,0,2.524257986806333
3915,146220,1,0,2.5320230051875114
3916,146221,1,0,2.5130680296570063
3917,146222,1,0,2.5318519910797477
3918,146223,1,1,2.520752022974193
3919,146224,1,0,2.52738397102803
3920,146225,1,0,2.522173977922648
3921,146226,1,0,2.5264820433221757
3922,146227,1,0,2.526903001125902
3923,146228,1,0,2.541721041779965
3924,146229,1,0,2.5428429944440722
3925,146230,1,1,2.5195900234393775
3926,146231,1,0,2.5351590011268854
3927,146232,1,0,2.5234270142391324
3928,146233,1,0,2.524417999666184
3929,146234,1,0,2.5144100072793663
3930,146235,1,0,2.5961609790101647
3931,146236,1,0,2.5354690151289105
3932,146237,1,1,2.51792703056708
3933,146238,1,0,2.530119032599032
3934,146239,1,0,2.5234869681298733
3935,146240,1,0,2.530380035750568
3936,146241,1,0,2.5249000173062086
3937,146242,1,0,2.536400977987796
3938,146243,1,0,2.5312519865110517
3939,146244,1,0,2.5299389963038266
3940,146245,1,1,2.529708028305322
3941,146246,1,0,2.5189979933202267
3942,146247,1,0,2.542913018260151
3943,146248,1,0,2.522425027564168
3944,146249,1,0,2.5365210021845996
3945,146250,1,0,2.5237170048058033
3946,146251,1,0,2.533505961764604
3947,146252,1,1,2.5438350276090205
3948,146253,1,0,2.5204410194419324
3949,146254,1,0,2.5272240163758397
3950,146255,1,0,2.5221440009772778
3951,146256,1,0,2.531000995077193
3952,146257,1,0,2.525762014556676
3953,146258,1,0,2.52532004378736
3954,146259,1,0,2.520801965147257
3955,146260,1,1,2.5686309672892094
3956,146261,1,0,2.524729003198445
3957,146262,1,0,2.5163139798678458
3958,146263,1,0,2.5393670075573027
3959,146264,1,0,2.5226050056517124
3960,146265,1,0,2.5330950156785548
3961,146266,1,0,2.5234969798475504
3962,146267,1,1,2.53299402538687
3963,146268,1,0,2.525851014070213
3964,146269,1,0,2.5252700434066355
3965,146270,1,0,2.5320930290035903
3966,146271,1,0,2.522715018130839
3967,146272,1,0,2.5261419941671193
3968,146273,1,0,2.52089201239869
3969,146274,1,0,2.5435740244574845
3970,146275,1,1,2.519870991818607
3971,146276,1,0,2.5425119674764574
3972,146277,1,0,2.537794003728777
3973,146278,1,0,2.5159429642371833
3974,146279,1,0,2.5338460109196603
3975,146280,1,0,2.5231270119547844
3976,146281,1,0,2.532313985284418
3977,146282,1,1,2.5268130120821297
3978,146283,1,0,2.5385349872522056
3979,146284,1,0,2.5286159943789244
3980,146285,1,0,2.6254660333506763
3981,146286,1,0,2.540418994612992
3982,146287,1,0,2.536400977987796
3983,146288,1,0,2.5568290147930384
3984,146289,1,0,2.527634962461889
3985,146290,1,1,2.5362310116179287
3986,146291,1,0,2.5438550510443747
3987,146292,1,0,2.5314719532616436
3988,146293,1,0,2.532152982894331
3989,146294,1,0,2.52387800719589
3990,146295,1,0,2.533245016820729
3991,146296,1,0,2.519128960557282
3992,146297,1,1,2.5320330169051886
3993,146298,1,0,2.5217639631591737
3994,146299,1,0,2.53616098780185
3995,146300,1,0,2.5379640283063054
3996,146301,1,0,2.528996963519603
3997,146302,1,0,2.5319430278614163
3998,146303,1,0,2.5253110215999186
3999,146304,1,1,2.5354689569212496
4000,146305,1,0,2.5255410000681877
4001,146306,1,0,2.529408026020974
4002,146307,1,0,2.523967996239662
4003,146308,1,0,2.5399979786016047
4004,146309,1,0,2.7089709765277803
4005,146310,1,0,2.523686969652772
4006,146311,1,0,2.531501988414675
4007,146312,1,1,2.518937981221825
4008,146313,1,0,2.5297690299339592
4009,146314,1,0,2.535999985411763
4010,146315,1,0,2.532323997002095
4011,146316,1,0,2.533296006731689
4012,146317,1,0,2.523807983379811
4013,146318,1,0,2.5358700077049434
4014,146319,1,1,2.5246089790016413
4015,146320,1,0,2.5320930290035903
4016,146321,1,0,2.5238769594579935
4017,146322,1,0,2.533055027015507
4018,146323,1,0,2.535840030759573
4019,146324,1,0,2.532684011384845
4020,146325,1,0,2.540729008615017
4021,146326,1,0,2.5364210014231503
4022,146327,1,1,2.53199297003448
4023,146328,1,0,2.540468005463481
4024,146329,1,0,2.5321730063296854
4025,146330,1,0,2.5376330013386905
4026,146331,1,0,2.5251199840568006
4027,146332,1,0,2.5347479968331754
4028,146333,1,0,2.527164004277438
4029,146334,1,1,2.563861955422908
4030,146335,1,0,2.6294029667042196
4031,146336,1,0,2.5249699829146266
4032,146337,1,0,2.5351879885420203
4033,146338,1,0,2.520101028494537
4034,146339,1,0,2.5292669888585806
4035,146340,1,0,2.520662033930421
4036,146341,1,0,2.526341995690018
4037,146342,1,1,2.520330948755145
4038,146343,1,0,2.5331649812869728
4039,146344,1,0,2.523767005186528
4040,146345,1,0,2.5249190512113273
4041,146346,1,0,2.5291169877164066
4042,146347,1,0,2.515522006433457
4043,146348,1,0,2.5438250158913434
4044,146349,1,1,2.5251900078728795
4045,146350,1,0,2.5449469685554504
4046,146351,1,0,2.5278449757024646
4047,146352,1,0,2.5357999838888645
4048,146353,1,0,2.526132040657103
4049,146354,1,0,2.5292179780080914
4050,146355,1,0,2.538624976295978
4051,146356,1,0,2.528426004573703
4052,146357,1,1,2.5370020302943885
4053,146358,1,0,2.523306990042329
4054,146359,1,0,2.5639819796197116
4055,146360,1,0,2.5337659753859043
4056,146361,1,0,2.532544021960348
4057,146362,1,0,2.536390966270119
4058,146363,1,0,2.5272839702665806
4059,146364,1,1,2.5387760251760483
4060,146365,1,0,2.521093003451824
4061,146366,1,0,2.5321029825136065
4062,146367,1,0,2.5192589964717627
4063,146368,1,0,2.540499030146748
4064,146369,1,0,2.5339570129290223
4065,146370,1,0,2.519620000384748
4066,146371,1,1,2.5290269986726344
4067,146372,1,0,2.526281983591616
4068,146373,1,0,2.534777973778546
4069,146374,1,0,2.5220949901267886
4070,146375,1,0,2.5376430130563676
4071,146376,1,0,2.521704009268433
4072,146377,1,0,2.5362009764648974
4073,146378,1,0,2.530631027184427
4074,146379,1,1,2.519820991437882
4075,146380,1,0,2.5290679768659174
4076,146381,1,0,2.519620000384748
4077,146382,1,0,2.5354790268465877
4078,146383,1,0,2.524459036067128
4079,146384,1,0,2.5280059780925512
4080,146385,1,0,2.5174259790219367
4081,146386,1,1,2.5321929715573788
4082,146387,1,0,2.5439650053158402
4083,146388,1,0,2.527435019146651
4084,146389,1,0,2.528226003050804
4085,146390,1,0,2.5237079826183617
4086,146391,1,0,2.533254970330745
4087,146392,1,0,2.5154530303552747
4088,146393,1,0,2.532784012146294
4089,146394,1,1,2.5242689880542457
4090,146395,1,0,2.527153992559761
4091,146396,1,0,2.534106024540961
4092,146397,1,0,2.5144199607893825
4093,146398,1,0,2.5317429681308568
4094,146399,1,0,2.5273539940826595
4095,146400,1,0,2.528837008867413
4096,146401,1,1,2.519909990951419
4097,146402,1,0,2.5280960253439844
4098,146403,1,0,2.524139010347426
4099,146404,1,0,2.5322330184280872
4100,146405,1,0,2.5229359744116664
4101,146406,1,0,2.515651984140277
4102,146407,1,0,2.528537006583065
4103,146408,1,0,2.5385449989698827
4104,146409,1,1,2.534157014451921
4105,146410,1,0,2.5198000366799533
4106,146411,1,0,2.534937986638397
4107,146412,1,0,2.5216939975507557
4108,146413,1,0,2.5316320243291557
4109,146414,1,0,2.5372119853273034
4110,146415,1,0,2.5224449927918613
4111,146416,1,1,2.5279050460085273
4112,146417,1,0,2.5261520058847964
4113,146418,1,0,2.5336259859614074
4114,146419,1,0,2.5325330207124352
4115,146420,1,0,2.5549260317347944
4116,146421,1,0,2.5188979925587773
4117,146422,1,0,2.5206810096278787
4118,146423,1,0,2.531441976316273
4119,146424,1,1,2.5313219521194696
4120,146425,1,0,2.527313947211951
4121,146426,1,0,2.5202810065820813
4122,146427,1,0,2.5247189914807677
4123,146428,1,0,2.5243890122510493
4124,146429,1,0,2.5330139906145632
4125,146430,1,0,2.5295979576185346
4126,146431,1,1,2.525721036363393
4127,146432,1,0,2.533505961764604
4128,146433,1,0,2.523256989661604
4129,146434,1,0,2.586242975667119
4130,146435,1,0,2.5275940424762666
4131,146436,1,0,2.532413986045867
4132,146437,1,0,2.524518989957869
4133,146438,1,0,2.5388450012542307
4134,146439,1,1,2.5409790105186403
4135,146440,1,0,2.5262720300816
4136,146441,1,0,2.535770006943494
4137,146442,1,0,2.5254100328311324
4138,146443,1,0,2.551709010731429
4139,146444,1,0,2.5212629698216915
4140,146445,1,0,2.5323129957541823
4141,146446,1,1,2.5386049528606236
4142,146447,1,0,2.5366819463670254
4143,146448,1,0,2.538865024689585
4144,146449,1,0,2.527084026951343
4145,146450,1,0,2.5319429696537554
4146,146451,1,0,2.541370049584657
4147,146452,1,0,2.536641957703978
4148,146453,1,1,2.5334449601359665
4149,146454,1,0,2.5484130019322038
4150,146455,1,0,2.563129994086921
4151,146456,1,0,2.5542040239088237
4152,146457,1,0,2.5343470042571425
4153,146458,1,0,2.5238670059479773
4154,146459,1,0,2.5388060021214187
4155,146460,1,0,2.526392985600978
4156,146461,1,1,2.5226050056517124
4157,146462,1,0,2.5333960074931383
4158,146463,1,0,2.5184680125676095
4159,146464,1,0,2.5270830374211073
4160,146465,1,0,2.5177160277962685
4161,146466,1,0,2.5334960082545877
4162,146467,1,0,2.5213229819200933
4163,146468,1,1,2.539415960200131
4164,146469,1,0,2.531090984120965
4165,146470,1,0,2.520882000681013
4166,146471,1,0,2.5337060214951634
4167,146472,1,0,2.5323439622297883
4168,146473,1,0,2.542732981964946
4169,146474,1,0,2.5233670021407306
4170,146475,1,0,2.5321630528196692
4171,146476,1,1,2.524779993109405
4172,146477,1,0,2.536091022193432
4173,146478,1,0,2.5370819494128227
4174,146479,1,0,2.5317520485259593
4175,146480,1,0,2.5378839927725494
4176,146481,1,0,2.631167008075863
4177,146482,1,0,2.52936698962003
4178,146483,1,1,2.520331006962806
4179,146484,1,0,2.5964119704440236
4180,146485,1,0,2.5606860290281475
4181,146486,1,0,2.5235969806089997
4182,146487,1,0,2.5339359999634326
4183,146488,1,0,2.5214330526068807
4184,146489,1,0,2.5248599704355
4185,146490,1,0,2.5140990037471056
4186,146491,1,1,2.527926000766456
4187,146492,1,0,2.5204220437444746
4188,146493,1,0,2.5244889548048377
4189,146494,1,0,2.54234200110659
4190,146495,1,0,2.52604199340567
4191,146496,1,0,2.5336460093967617
4192,146497,1,0,2.525851014070213
4193,146498,1,1,2.5398970465175807
4194,146499,1,0,2.5376429548487067
4195,146500,1,0,2.5334160309284925
4196,146501,1,0,2.5444459752179682
4197,146502,1,0,2.5372530217282474
4198,146503,1,0,2.5425530038774014
4199,146504,1,0,2.532764046918601
4200,146505,1,0,2.5333049707114697
4201,146506,1,1,2.526742988266051
4202,146507,1,0,2.534878032747656
4203,146508,1,0,2.5408290093764663
4204,146509,1,0,2.522835973650217
4205,146510,1,0,2.537583000957966
4206,146511,1,0,2.5271030026488006
4207,146512,1,0,2.536971995141357
4208,146513,1,1,2.5293270009569824
4209,146514,1,0,2.543122973293066
4210,146515,1,0,2.5395670090802014
4211,146516,1,0,2.5333749945275486
4212,146517,1,0,2.5387160130776465
4213,146518,1,0,2.530389989260584
4214,146519,1,0,2.537271997425705
4215,146520,1,1,2.5337059632875025
4216,146521,1,0,2.5375629775226116
4217,146522,1,0,2.5409889640286565
4218,146523,1,0,2.5386250345036387
4219,146524,1,0,2.5392959942109883
4220,146525,1,0,2.530530036892742
4221,146526,1,0,2.5324129965156317
4222,146527,1,0,2.5251699844375253
4223,146528,1,1,2.532313985284418
4224,146529,1,0,2.5212629698216915
4225,146530,1,0,2.531562000513077
4226,146531,1,0,2.5375030236318707
4227,146532,1,0,2.5331350043416023
4228,146533,1,0,2.5383339961990714
4229,146534,1,0,2.5885479990392923
4230,146535,1,1,2.530469966586679
4231,146536,1,0,2.5309809716418386
4232,146537,1,0,2.5346779730170965
4233,146538,1,0,2.5302100111730397
4234,146539,1,0,2.5320430286228657
4235,146540,1,0,2.536411047913134
4236,146541,1,0,2.525770978536457
4237,146542,1,0,2.5345280300825834
4238,146543,1,1,2.5274750078096986
4239,146544,1,0,2.5346879847347736
4240,146545,1,0,2.5314519880339503
4241,146546,1,0,2.5202410179190338
4242,146547,1,0,2.5444560451433063
4243,146548,1,0,2.534157014451921
4244,146549,1,0,2.5319720152765512
4245,146550,1,1,2.5204020203091204
4246,146551,1,0,2.5267830351367593
4247,146552,1,0,2.5237880181521177
4248,146553,1,0,2.5263229617848992
4249,146554,1,0,2.522845985367894
4250,146555,1,0,2.5200009695254266
4251,146556,1,0,2.5221139658242464
4252,146557,1,0,2.5174960028380156
4253,146558,1,1,2.527024014852941
4254,146559,1,0,2.5774060050025582
4255,146560,1,0,2.5281960261054337
4256,146561,1,0,2.515843021683395
4257,146562,1,0,2.5276350206695497
4258,146563,1,0,2.5266429875046015
4259,146564,1,0,2.5206520222127438
4260,146565,1,1,2.5343470042571425
4261,146566,1,0,2.5292079662904143
4262,146567,1,0,2.5370519724674523
4263,146568,1,0,2.521864022128284
4264,146569,1,0,2.5371420197188854
4265,146570,1,0,2.5284969597123563
4266,146571,1,0,2.5413809926249087
4267,146572,1,0,2.5336560211144388
4268,146573,1,1,2.5187080027535558
4269,146574,1,0,2.5292980135418475
4270,146575,1,0,2.5222839904017746
4271,146576,1,0,2.532684011384845
4272,146577,1,0,2.535699983127415
4273,146578,1,0,2.543934970162809
4274,146579,1,0,2.5240580434910953
4275,146580,1,1,2.520873036701232
4276,146581,1,0,2.5302499998360872
4277,146582,1,0,2.564713009633124
4278,146583,1,0,2.5427730288356543
4279,146584,1,0,2.5623589754104614
4280,146585,1,0,2.5789199862629175
4281,146586,1,0,2.5319220148958266
4282,146587,1,1,2.5330540374852717
4283,146588,1,0,2.5462089688517153
4284,146589,1,0,2.5358099956065416
4285,146590,1,0,2.5401980383321643
4286,146591,1,0,2.5311409845016897
4287,146592,1,0,2.5388450012542307
4288,146593,1,0,2.5414700503461063
4289,146594,1,0,2.532694023102522
4290,146595,1,1,2.5363710010424256
4291,146596,1,0,2.531773003283888
4292,146597,1,0,2.540499030146748
4293,146598,1,0,2.5259419926442206
4294,146599,1,0,2.5433640112169087
4295,146600,1,0,2.534077037125826
4296,146601,1,0,2.531352045480162
4297,146602,1,1,2.5305599556304514
4298,146603,1,0,2.5255309883505106
4299,146604,1,0,2.5470309774391353
4300,146605,1,0,2.5281449779868126
4301,146606,1,0,2.541349967941642
4302,146607,1,0,2.528756973333657
4303,146608,1,0,2.5330149801447988
4304,146609,1,0,2.7941989828832448
4305,146610,1,1,2.528126002289355
4306,146611,1,0,2.534597006160766
4307,146612,1,0,2.529037999920547
4308,146613,1,0,2.5313220103271306
4309,146614,1,0,2.5453470298089087
4310,146615,1,0,2.582887012977153
4311,146616,1,0,2.539206005167216
4312,146617,1,1,2.526903001125902
4313,146618,1,0,2.5312219513580203
4314,146619,1,0,2.5229559978470206
4315,146620,1,0,2.536821993999183
4316,146621,1,0,2.534247003495693
4317,146622,1,0,2.5300889974460006
4318,146623,1,0,2.5424729683436453
4319,146624,1,0,2.532783953938633
4320,146625,1,1,2.537042018957436
4321,146626,1,0,2.5147009873762727
4322,146627,1,0,2.6450619916431606
4323,146628,1,0,2.537933993153274
4324,146629,1,0,2.5198510265909135
4325,146630,1,0,2.531540987547487
4326,146631,1,0,2.5202410179190338
4327,146632,1,1,2.5271939812228084
4328,146633,1,0,2.5204019621014595
4329,146634,1,0,2.5281659909524024
4330,146635,1,0,2.5169849977828562
4331,146636,1,0,2.5255410000681877
4332,146637,1,0,2.5285769952461123
4333,146638,1,0,2.517735993023962
4334,146639,1,0,2.5375530240125954
4335,146640,1,1,2.522265014704317
4336,146641,1,0,2.531591977458447
4337,146642,1,0,2.5173359899781644
4338,146643,1,0,2.5461390032432973
4339,146644,1,0,2.526212017983198
4340,146645,1,0,2.519409987144172
4341,146646,1,0,2.53005902050063
4342,146647,1,1,2.5195899652317166
4343,146648,1,0,2.5291970232501626
4344,146649,1,0,2.517946995794773
4345,146650,1,0,2.531731966882944
4346,146651,1,0,2.517825982067734
4347,146652,1,0,2.5316319661214948
4348,146653,1,0,2.532863989472389
4349,146654,1,0,2.526673022657633
4350,146655,1,1,2.5347780319862068
4351,146656,1,0,2.5308309704996645
4352,146657,1,0,2.5348479975946248
4353,146658,1,0,2.5176560156978667
4354,146659,1,0,2.5335660320706666
4355,146660,1,0,2.520470996387303
4356,146661,1,0,2.5234269560314715
4357,146662,1,1,2.5250500184483826
4358,146663,1,0,2.521372982300818
4359,146664,1,0,2.5310710188932717
4360,146665,1,0,2.5164239923469722
4361,146666,1,0,2.527885022573173
4362,146667,1,0,2.5199310039170086
4363,146668,1,0,2.528516051825136
4364,146669,1,1,2.5193789624609053
4365,146670,1,0,2.528997021727264
4366,146671,1,0,2.5210219901055098
4367,146672,1,0,2.5198710500262678
4368,146673,1,0,2.537121996283531
4369,146674,1,0,2.5273149949498475
4370,146675,1,0,2.5318519910797477
4371,146676,1,0,2.520410984288901
4372,146677,1,1,2.522023976780474
4373,146678,1,0,2.514791034627706
4374,146679,1,0,2.5255110231228173
4375,146680,1,0,2.519989968277514
4376,146681,1,0,2.5121860089711845
4377,146682,1,0,2.5364210014231503
4378,146683,1,0,2.5161830126307905
4379,146684,1,1,2.518867957405746
4380,146685,1,0,2.5153320166282356
4381,146686,1,0,2.5313509977422655
4382,146687,1,0,2.5170650333166122
4383,146688,1,0,2.5286460295319557
4384,146689,1,0,2.5241979747079313
4385,146690,1,0,2.51710502197966
4386,146691,1,0,2.5319329579360783
4387,146692,1,1,2.5239780079573393
4388,146693,1,0,2.529707970097661
4389,146694,1,0,2.5297979591414332
4390,146695,1,0,2.5318030384369195
4391,146696,1,0,2.518898982089013
4392,146697,1,0,2.586483955383301
4393,146698,1,0,2.5357590056955814
4394,146699,1,1,2.528156037442386
4395,146700,1,0,2.534046012442559
4396,146701,1,0,2.519801026210189
4397,146702,1,0,2.530389989260584
4398,146703,1,0,2.5239780079573393
4399,146704,1,0,2.5341460132040083
4400,146705,1,0,2.5268830358982086
4401,146706,1,0,2.533675986342132
4402,146707,1,1,2.525941003113985
4403,146708,1,0,2.5214729830622673
4404,146709,1,0,2.6624039746820927
4405,146710,1,0,2.525551011785865
4406,146711,1,0,2.5318419793620706
4407,146712,1,0,2.5246890145353973
4408,146713,1,0,2.53194198012352
4409,146714,1,1,2.5285970186814666
4410,146715,1,0,2.5204609846696258
4411,146716,1,0,2.528526005335152
4412,146717,1,0,2.522424969356507
4413,146718,1,0,2.52807600190863
4414,146719,1,0,2.526052005123347
4415,146720,1,0,2.5290880003012717
4416,146721,1,0,2.5254200445488095
4417,146722,1,1,2.5298289838247
4418,146723,1,0,2.5336359976790845
4419,146724,1,0,2.52604199340567
4420,146725,1,0,2.5416810531169176
4421,146726,1,0,2.5402079918421805
4422,146727,1,0,2.5383849861100316
4423,146728,1,0,2.547492040321231
4424,146729,1,1,2.525571035221219
4425,146730,1,0,2.5357299600727856
4426,146731,1,0,2.5293679791502655
4427,146732,1,0,2.551387995481491
4428,146733,1,0,2.5334859965369105
4429,146734,1,0,2.628711983561516
4430,146735,1,0,2.5449569802731276
4431,146736,1,1,2.5285770534537733
4432,146737,1,0,2.536860993131995
4433,146738,1,0,2.5261820410378277
4434,146739,1,0,2.545226947404444
4435,146740,1,0,2.5323840091004968
4436,146741,1,0,2.5397670106031
4437,146742,1,0,2.5231859763152897
4438,146743,1,0,2.5403090403415263
4439,146744,1,1,2.541920985095203
4440,146745,1,0,2.5278349639847875
4441,146746,1,0,2.5433239643462002
4442,146747,1,0,2.5265730218961835
4443,146748,1,0,2.535279025323689
4444,146749,1,0,2.5258620153181255
4445,146750,1,0,2.530820027459413
4446,146751,1,1,2.5305700255557895
4447,146752,1,0,2.523456991184503
4448,146753,1,0,2.5327340117655694
4449,146754,1,0,2.5246889563277364
4450,146755,1,0,2.5380440056324005
4451,146756,1,0,2.5192589964717627
4452,146757,1,0,2.534147002734244
4453,146758,1,0,2.5301299756392837
4454,146759,1,1,2.5546649703755975
4455,146760,1,0,2.5361099978908896
4456,146761,1,0,2.521532995160669
4457,146762,1,0,2.534877974539995
4458,146763,1,0,2.524929994251579
4459,146764,1,0,2.5376739795319736
4460,146765,1,0,2.532152982894331
4461,146766,1,1,2.536652027629316
4462,146767,1,0,2.531572012230754
4463,146768,1,0,2.526623022276908
4464,146769,1,0,2.534798055421561
4465,146770,1,0,2.527063013985753
4466,146771,1,0,2.54370499169454
4467,146772,1,0,2.529888995923102
4468,146773,1,0,2.645422995556146
4469,146774,1,1,2.5296290405094624
4470,146775,1,0,2.5213630287908018
4471,146776,1,0,2.5281159905716777
4472,146777,1,0,2.5223750271834433
4473,146778,1,0,2.5336359976790845
4474,146779,1,0,2.520100970286876
4475,146780,1,0,2.5383050087839365
4476,146781,1,1,2.5355800171382725
4477,146782,1,0,2.5271839695051312
4478,146783,1,0,2.5330850039608777
4479,146784,1,0,2.5773270172066987
4480,146785,1,0,2.538575034122914
4481,146786,1,0,2.5292779901064932
4482,146787,1,0,2.5365910260006785
4483,146788,1,0,2.5288070319220424
4484,146789,1,1,2.5310710188932717
4485,146790,1,0,2.5375530240125954
4486,146791,1,0,2.527735021430999
4487,146792,1,0,2.5381140294484794
4488,146793,1,0,2.5241479743272066
4489,146794,1,0,2.5373230455443263
4490,146795,1,0,2.524449024349451
4491,146796,1,1,2.543784969020635
4492,146797,1,0,2.524198032915592
4493,146798,1,0,2.5246990262530744
4494,146799,1,0,2.5490240077488124
4495,146800,1,0,2.5221940013580024
4496,146801,1,0,2.5326540344394743
4497,146802,1,0,2.529198012780398
4498,146803,1,0,2.534958010073751
4499,146804,1,1,2.5316319661214948
4500,146805,1,0,2.5250400067307055
4501,146806,1,0,2.5353290257044137
4502,146807,1,0,2.5233159540221095
4503,146808,1,0,2.5366409681737423
4504,146809,1,0,2.589940035250038
4505,146810,1,0,2.540429006330669
4506,146811,1,1,2.524829003959894
4507,146812,1,0,2.5392360403202474
4508,146813,1,0,2.5432839756831527
4509,146814,1,0,2.5220339884981513
4510,146815,1,0,2.5353789678774774
4511,146816,1,0,2.5273539940826595
4512,146817,1,0,2.5402989704161882
4513,146818,1,1,2.5264330324716866
4514,146819,1,0,2.534488041419536
4515,146820,1,0,2.521522983442992
4516,146821,1,0,2.5326740578748286
4517,146822,1,0,2.547231037169695
4518,146823,1,0,2.537962980568409
4519,146824,1,0,2.5521700154058635
4520,146825,1,0,2.5406780187040567
4521,146826,1,1,2.5381549494341016
4522,146827,1,0,2.5390759692527354
4523,146828,1,0,2.5423719780519605
4524,146829,1,0,2.544795977883041
4525,146830,1,0,2.536331012379378
4526,146831,1,0,2.5550160207785666
4527,146832,1,0,2.530801051761955
4528,146833,1,1,2.543282986152917
4529,146834,1,0,2.5855120038613677
4530,146835,1,0,2.5337859988212585
4531,146836,1,0,2.541018999181688
4532,146837,1,0,2.5334350066259503
4533,146838,1,0,2.556948980782181
4534,146839,1,0,2.530160010792315
4535,146840,1,0,2.5303399888798594
4536,146841,1,1,2.5306810275651515
4537,146842,1,0,2.5376740377396345
4538,146843,1,0,2.5433439877815545
4539,146844,1,0,2.573709993157536
4540,146845,1,0,2.5744109880179167
4541,146846,1,0,2.527184027712792
4542,146847,1,0,2.535017963964492
4543,146848,1,1,2.5309810298494995
4544,146849,1,0,2.5402880273759365
4545,146850,1,0,2.534307015594095
4546,146851,1,0,2.529857971239835
4547,146852,1,0,2.5401479797437787
4548,146853,1,0,2.524038020055741
4549,146854,1,0,2.5366710033267736
4550,146855,1,0,2.558682987000793
4551,146856,1,1,2.5300190318375826
4552,146857,1,0,2.540188026614487
4553,146858,1,0,2.526752999983728
4554,146859,1,0,2.5497060269117355
4555,146860,1,0,2.5260619586333632
4556,146861,1,0,2.537171996664256
4557,146862,1,0,2.528547018300742
4558,146863,1,1,2.540579007472843
4559,146864,1,0,2.534297003876418
4560,146865,1,0,2.5357399717904627
4561,146866,1,0,2.5438150041736662
4562,146867,1,0,2.532905025873333
4563,146868,1,0,2.550536999478936
4564,146869,1,0,2.5340659776702523
4565,146870,1,0,2.548994030803442
4566,146871,1,1,2.537463034968823
4567,146872,1,0,2.5364410248585045
4568,146873,1,0,2.538855012971908
4569,146874,1,0,2.5251199840568006
4570,146875,1,0,2.5424830382689834
4571,146876,1,0,2.53101100679487
4572,146877,1,0,2.5466500082984567
4573,146878,1,1,2.5306500028818846
4574,146879,1,0,2.5239380192942917
4575,146880,1,0,2.529498015064746
4576,146881,1,0,2.5244890130124986
4577,146882,1,0,2.53616098780185
4578,146883,1,0,2.524929994251579
4579,146884,1,0,2.5593439931981266
4580,146885,1,1,2.531722013372928
4581,146886,1,0,2.5296390522271395
4582,146887,1,0,2.532133017666638
4583,146888,1,0,2.526442985981703
4584,146889,1,0,2.533324994146824
4585,146890,1,0,2.5218839873559773
4586,146891,1,0,2.5339460116811097
4587,146892,1,0,2.5268130120821297
4588,146893,1,1,2.53655097912997
4589,146894,1,0,2.5210529565811157
4590,146895,1,0,2.534947998356074
4591,146896,1,0,2.5347979972139
4592,146897,1,0,2.5261419941671193
4593,146898,1,0,2.5349080096930265
4594,146899,1,0,2.534487983211875
4595,146900,1,1,2.5406189961358905
4596,146901,1,0,2.526132040657103
4597,146902,1,0,2.53832497401163
4598,146903,1,0,2.5400379672646523
4599,146904,1,0,2.5277449749410152
4600,146905,1,0,2.5341169675812125
4601,146906,1,0,2.5240079849027097
4602,146907,1,0,2.5287570315413177
4603,146908,1,1,2.5394459953531623
4604,146909,1,0,2.532684011384845
4605,146910,1,0,2.5181680102832615
4606,146911,1,0,2.5277649983763695
4607,146912,1,0,2.532512997277081
4608,146913,1,0,2.525140007492155
4609,146914,1,0,2.5391759700141847
4610,146915,1,1,2.537212974857539
4611,146916,1,0,2.545988012570888
4612,146917,1,0,2.5251699844375253
4613,146918,1,0,2.538564964197576
4614,146919,1,0,2.6319180033169687
4615,146920,1,0,2.520671987440437
4616,146921,1,0,2.527393982745707
4617,146922,1,0,2.5194899644702673
4618,146923,1,1,2.535048988647759
4619,146924,1,0,2.525870979297906
4620,146925,1,0,2.536200045142323
4621,146926,1,0,2.523947972804308
4622,146927,1,0,2.522766008041799
4623,146928,1,0,2.5350890355184674
4624,146929,1,0,2.522895985748619
4625,146930,1,1,2.5300190318375826
4626,146931,1,0,2.5224959827028215
4627,146932,1,0,2.5323639856651425
4628,146933,1,0,2.5179670192301273
4629,146934,1,0,2.6885929983109236
4630,146935,1,0,2.5383649626746774
4631,146936,1,0,2.523807983379811
4632,146937,1,0,2.5329639902338386
4633,146938,1,1,2.525560965295881
4634,146939,1,0,2.5343470042571425
4635,146940,1,0,2.532713988330215
4636,146941,1,0,2.528766985051334
4637,146942,1,0,2.5305699673481286
4638,146943,1,0,2.533194958232343
4639,146944,1,0,2.5343270390294492
4640,146945,1,1,2.52789503429085
4641,146946,1,0,2.532473998144269
4642,146947,1,0,2.5326540344394743
4643,146948,1,0,2.541430003475398
4644,146949,1,0,2.538574975915253
4645,146950,1,0,2.526382973883301
4646,146951,1,0,2.5346280308440328
4647,146952,1,1,2.52936698962003
4648,146953,1,0,2.536240965127945
4649,146954,1,0,2.523756993468851
4650,146955,1,0,2.5394369731657207
4651,146956,1,0,2.539024979341775
4652,146957,1,0,2.5271439808420837
4653,146958,1,0,2.582326007541269
4654,146959,1,0,2.5280059780925512
4655,146960,1,1,2.540067012887448
4656,146961,1,0,2.522845985367894
4657,146962,1,0,2.5338460109196603
4658,146963,1,0,2.5379639700986445
4659,146964,1,0,2.5266630109399557
4660,146965,1,0,2.545077004469931
4661,146966,1,0,2.526052005123347
4662,146967,1,1,2.543474023696035
4663,146968,1,0,2.5276250089518726
4664,146969,1,0,2.534787985496223
4665,146970,1,0,2.529066987335682
4666,146971,1,0,2.5350789655931294
4667,146972,1,0,2.53356498433277
4668,146973,1,0,2.526383032090962
4669,146974,1,0,2.534226980060339
4670,146975,1,1,2.5254510110244155
4671,146976,1,0,2.529968973249197
4672,146977,1,0,2.5261309929192066
4673,146978,1,0,2.536631014663726
4674,146979,1,0,2.5397269637323916
4675,146980,1,0,2.530641038902104
4676,146981,1,0,2.5357799604535103
4677,146982,1,1,2.521143003832549
4678,146983,1,0,2.561847970355302
4679,146984,1,0,2.524710027500987
4680,146985,1,0,2.541209978517145
4681,146986,1,0,2.529658959247172
4682,146987,1,0,2.534066967200488
4683,146988,1,0,2.530389989260584
4684,146989,1,0,2.519469999242574
4685,146990,1,1,2.5298380060121417
4686,146991,1,0,2.5202109827660024
4687,146992,1,0,2.533124992623925
4688,146993,1,0,2.5270439800806344
4689,146994,1,0,2.546039002481848
4690,146995,1,0,2.5209920131601393
4691,146996,1,0,2.525920979678631
4692,146997,1,1,2.529878984205425
4693,146998,1,0,2.5251699844375253
4694,146999,1,0,2.5346080074086785
4695,147000,1,0,2.5222149561159313
4696,147001,1,0,2.5311409845016897
4697,147002,1,0,2.521554008126259
4698,147003,1,0,2.534186001867056
4699,147004,1,0,2.537342021241784
4700,147005,1,1,2.5198300136253238
4701,147006,1,0,2.5248689926229417
4702,147007,1,0,2.520090958569199
4703,147008,1,0,2.539185981731862
4704,147009,1,0,2.529899007640779
4705,147010,1,0,2.5345380418002605
4706,147011,1,0,2.5299990084022284
4707,147012,1,1,2.531923004426062
4708,147013,1,0,2.534647996071726
4709,147014,1,0,2.5307409814558923
4710,147015,1,0,2.5381140294484794
4711,147016,1,0,2.5340570136904716
4712,147017,1,0,2.531651989556849
4713,147018,1,0,2.526052005123347
4714,147019,1,0,2.5264720316044986
4715,147020,1,1,2.52480898052454
4716,147021,1,0,2.5316320243291557
4717,147022,1,0,2.5352679658681154
4718,147023,1,0,2.5297990068793297
4719,147024,1,0,2.5469899992458522
4720,147025,1,0,2.5228559970855713
4721,147026,1,0,2.527654985897243
4722,147027,1,1,2.5191089953295887
4723,147028,1,0,2.536592015530914
4724,147029,1,0,2.542532980442047
4725,147030,1,0,2.5438949814997613
4726,147031,1,0,2.5522199575789273
4727,147032,1,0,2.525059971958399
4728,147033,1,0,2.593918005004525
4729,147034,1,1,2.534727973397821
4730,147035,1,0,2.5421520113013685
4731,147036,1,0,2.5404480402357876
4732,147037,1,0,2.525379997678101
4733,147038,1,0,2.5406790082342923
4734,147039,1,0,2.529759018216282
4735,147040,1,0,2.5390859809704125
4736,147041,1,0,2.5292080244980752
4737,147042,1,1,2.538735046982765
4738,147043,1,0,2.5313019868917763
4739,147044,1,0,2.5365109904669225
4740,147045,1,0,2.538383996579796
4741,147046,1,0,2.5329950149171054
4742,147047,1,0,2.543804992455989
4743,147048,1,0,2.5300089619122446
4744,147049,1,1,2.5417410070076585
4745,147050,1,0,2.5296990061178803
4746,147051,1,0,2.5343779707327485
4747,147052,1,0,2.5388459907844663
4748,147053,1,0,2.5269530015066266
4749,147054,1,0,2.5364309549331665
4750,147055,1,0,2.5288170436397195
4751,147056,1,0,2.533035003580153
4752,147057,1,1,2.5252100313082337
4753,147058,1,0,2.581625012680888
4754,147059,1,0,2.5344269815832376
4755,147060,1,0,2.5276949745602906
4756,147061,1,0,2.5297889951616526
4757,147062,1,0,2.532694023102522
4758,147063,1,0,2.544777002185583
4759,147064,1,1,2.5364210014231503
4760,147065,1,0,2.640163991600275
4761,147066,1,0,2.529056975618005
4762,147067,1,0,2.5216939975507557
4763,147068,1,0,2.535539970267564
4764,147069,1,0,2.519390021916479
4765,147070,1,0,2.5280049885623157
4766,147071,1,0,2.5219939998351038
4767,147072,1,1,2.5376430130563676
4768,147073,1,0,2.521734044421464
4769,147074,1,0,2.5593540049158037
4770,147075,1,0,2.5382040184922516
4771,147076,1,0,2.5223149568773806
4772,147077,1,0,2.581754990387708
4773,147078,1,0,2.5200999807566404
4774,147079,1,1,2.52954795723781
4775,147080,1,0,2.529749006498605
4776,147081,1,0,2.5173260364681482
4777,147082,1,0,2.53142201108858
4778,147083,1,0,2.5853620027191937
4779,147084,1,0,2.5392970419488847
4780,147085,1,0,2.5151819572784007
4781,147086,1,0,2.5328740011900663
4782,147087,1,1,2.5215339846909046
4783,147088,1,0,2.534877974539995
4784,147089,1,0,2.5283260038122535
4785,147090,1,0,2.514080028049648
4786,147091,1,0,2.5374030228704214
4787,147092,1,0,2.5215839850716293
4788,147093,1,0,2.5313920341432095
4789,147094,1,1,2.516974986065179
4790,147095,1,0,2.533675986342132
4791,147096,1,0,2.527954988181591
4792,147097,1,0,2.5324129965156317
4793,147098,1,0,2.5324340094812214
4794,147099,1,0,2.5276050437241793
4795,147100,1,0,2.5360709987580776
4796,147101,1,1,2.5239280075766146
4797,147102,1,0,2.5398170109838247
4798,147103,1,0,2.5283159920945764
4799,147104,1,0,2.546439995057881
4800,147105,1,0,2.5279949768446386
4801,147106,1,0,2.5306110037490726
4802,147107,1,0,2.534077037125826
4803,147108,1,0,2.5654450291767716
4804,147109,1,1,2.540509041864425
4805,147110,1,0,2.519630012102425
4806,147111,1,0,2.5347780319862068
4807,147112,1,0,2.531282021664083
4808,147113,1,0,2.528104989323765
4809,147114,1,0,2.5679199607111514
4810,147115,1,0,2.5243389536626637
4811,147116,1,1,2.537163032684475
4812,147117,1,0,2.515441970899701
4813,147118,1,0,2.545697963796556
4814,147119,1,0,2.531031030230224
4815,147120,1,0,2.5315110106021166
4816,147121,1,0,2.531142032239586
4817,147122,1,0,2.5263320421800017
4818,147123,1,0,2.531030972022563
4819,147124,1,1,2.533245016820729
4820,147125,1,0,2.5340470019727945
4821,147126,1,0,2.5253909989260137
4822,147127,1,0,2.535188978072256
4823,147128,1,0,2.5266229640692472
4824,147129,1,0,2.518518012948334
4825,147130,1,0,2.523927018046379
4826,147131,1,1,2.517135057132691
4827,147132,1,0,2.529488003347069
4828,147133,1,0,2.547631971538067
4829,147134,1,0,2.533025050070137
4830,147135,1,0,2.5207920116372406
4831,147136,1,0,2.5286470190621912
4832,147137,1,0,2.5109840207733214
4833,147138,1,0,2.5150009896606207
4834,147139,1,1,2.520191017538309
4835,147140,1,0,2.513157029170543
4836,147141,1,0,2.517216023989022
4837,147142,1,0,2.5180570082738996
4838,147143,1,0,2.5283959694206715
4839,147144,1,0,2.5290169869549572
4840,147145,1,0,2.5256910012103617
4841,147146,1,1,2.5218140217475593
4842,147147,1,0,2.5342479930259287
4843,147148,1,0,2.5283059803768992
4844,147149,1,0,2.5189589941874146
4845,147150,1,0,2.5333359953947365
4846,147151,1,0,2.523195988032967
4847,147152,1,0,2.5270930491387844
4848,147153,1,0,2.5166539708152413
4849,147154,1,1,2.5234270142391324
4850,147155,1,0,2.5194889749400318
4851,147156,1,0,2.5240679970011115
4852,147157,1,0,2.527034026570618
4853,147158,1,0,2.537032007239759
4854,147159,1,0,2.52807600190863
4855,147160,1,0,2.525490999687463
4856,147161,1,1,2.5421109749004245
4857,147162,1,0,2.5227359728887677
4858,147163,1,0,2.5277140084654093
4859,147164,1,0,2.5269530015066266
4860,147165,1,0,2.527603995986283
4861,147166,1,0,2.5318629923276603
4862,147167,1,0,2.519018016755581
4863,147168,1,1,2.5280260015279055
4864,147169,1,0,2.524589013773948
4865,147170,1,0,2.5259919930249453
4866,147171,1,0,2.514240040909499
4867,147172,1,0,2.5310610071755946
4868,147173,1,0,2.5172659661620855
4869,147174,1,0,2.5327850016765296
4870,147175,1,0,2.5246390141546726
4871,147176,1,1,2.523547038435936
4872,147177,1,0,2.5277750100940466
4873,147178,1,0,2.524940005969256
4874,147179,1,0,2.531572012230754
4875,147180,1,0,2.525010029785335
4876,147181,1,0,2.532303042244166
4877,147182,1,0,2.5202009710483253
4878,147183,1,1,2.530760015361011
4879,147184,1,0,2.535530016757548
4880,147185,1,0,2.521302958484739
4881,147186,1,0,2.534857951104641
4882,147187,1,0,2.5328240008093417
4883,147188,1,0,2.540018002036959
4884,147189,1,0,2.5280160480178893
4885,147190,1,0,2.5366010377183557
4886,147191,1,1,2.532784012146294
4887,147192,1,0,2.523738017771393
4888,147193,1,0,2.5366409681737423
4889,147194,1,0,2.5381239829584956
4890,147195,1,0,2.5506970123387873
4891,147196,1,0,2.5296579697169363
4892,147197,1,0,2.53381603397429
4893,147198,1,1,2.5332350051030517
4894,147199,1,0,2.5314110098406672
4895,147200,1,0,2.5354790268465877
4896,147201,1,0,2.526652009692043
4897,147202,1,0,2.5420909514650702
4898,147203,1,0,2.536502026487142
4899,147204,1,0,2.545899013057351
4900,147205,1,0,2.532554033678025
4901,147206,1,1,2.5395159609615803
4902,147207,1,0,2.542913018260151
4903,147208,1,0,2.5266329757869244
4904,147209,1,0,2.541851019486785
4905,147210,1,0,2.528034965507686
4906,147211,1,0,2.642437000758946
4907,147212,1,0,2.5315520470030606
4908,147213,1,1,2.5269240140914917
4909,147214,1,0,2.5365319452248514
4910,147215,1,0,2.5287270545959473
4911,147216,1,0,2.5337960105389357
4912,147217,1,0,2.5295979576185346
4913,147218,1,0,2.5285269948653877
4914,147219,1,0,2.5227650185115635
4915,147220,1,0,2.5284760049544275
4916,147221,1,1,2.530128986109048
4917,147222,1,0,2.528937009628862
4918,147223,1,0,2.5438349694013596
4919,147224,1,0,2.533335005864501
4920,147225,1,0,2.5357099948450923
4921,147226,1,0,2.5752029614523053
4922,147227,1,0,2.5424830382689834
4923,147228,1,1,2.5403479812666774
4924,147229,1,0,2.5379129801876843
4925,147230,1,0,2.5288769975304604
4926,147231,1,0,2.517866960261017
4927,147232,1,0,2.5320829590782523
4928,147233,1,0,2.576384984422475
4929,147234,1,0,2.532784012146294
4930,147235,1,0,2.630083996336907
4931,147236,1,1,2.565865986980498
4932,147237,1,0,2.564763999544084
4933,147238,1,0,2.563590998761356
4934,147239,1,0,2.5845100171864033
4935,147240,1,0,2.5422319886274636
4936,147241,1,0,2.527104050386697
4937,147242,1,0,2.5356889818795025
4938,147243,1,1,2.5293680373579264
4939,147244,1,0,2.5348979979753494
4940,147245,1,0,2.523546980228275
4941,147246,1,0,2.532283018808812
4942,147247,1,0,2.5198899675160646
4943,147248,1,0,2.5265130097977817
4944,147249,1,0,2.5416809949092567
4945,147250,1,1,2.5271240156143904
4946,147251,1,0,2.5421910104341805
4947,147252,1,0,2.5245589786209166
4948,147253,1,0,2.53345601959154
4949,147254,1,0,2.523145987652242
4950,147255,1,0,2.531091042328626
4951,147256,1,0,2.5235979701392353
4952,147257,1,0,2.520752022974193
4953,147258,1,1,2.5355389807373285
4954,147259,1,0,2.533324994146824
4955,147260,1,0,2.531160949729383
4956,147261,1,0,2.510452992282808
4957,147262,1,0,2.5231160107068717
4958,147263,1,0,2.5232560001313686
4959,147264,1,0,2.528146025724709
4960,147265,1,1,2.5234369677491486
4961,147266,1,0,2.5232860352844
4962,147267,1,0,2.5291170459240675
4963,147268,1,0,2.5346179609186947
4964,147269,1,0,2.529296965803951
4965,147270,1,0,2.5146600091829896
4966,147271,1,0,2.529959019739181
4967,147272,1,0,2.5162840029224753
4968,147273,1,1,2.5288870092481375
4969,147274,1,0,2.525240008253604
4970,147275,1,0,2.5192589964717627
4971,147276,1,0,2.5188589934259653
4972,147277,1,0,2.516504959203303
4973,147278,1,0,2.606811001896858
4974,147279,1,0,2.524017996620387
4975,147280,1,1,2.519148983992636
4976,147281,1,0,2.5184869882650673
4977,147282,1,0,2.528906974475831
4978,147283,1,0,2.732975990511477
4979,147284,1,0,2.7883879956789315
4980,147285,1,0,2.52212502527982
4981,147286,1,0,2.533526043407619
4982,147287,1,0,2.5207720464095473
4983,147288,1,1,2.529066987335682
4984,147289,1,0,2.511654980480671
4985,147290,1,0,2.524889016058296
4986,147291,1,0,2.520922978874296
4987,147292,1,0,2.5253110215999186
4988,147293,1,0,2.529407967813313
4989,147294,1,0,2.5130980066023767
4990,147295,1,1,2.532564045395702
4991,147296,1,0,2.51213600859046
4992,147297,1,0,2.525449963286519
4993,147298,1,0,2.5124259991571307
4994,147299,1,0,2.5238280068151653
4995,147300,1,0,2.5095209712162614
4996,147301,1,0,2.526804048102349
4997,147302,1,0,2.515491971280426
4998,147303,1,1,2.5224650162272155
4999,147304,1,0,2.52591201569885
5000,147305,1,0,2.5135489995591342
5001,147306,1,0,2.5311209610663354
5002,147307,1,0,2.5334450183436275
5003,147308,1,0,2.7923950110562146
5004,147309,1,0,2.537373045925051
5005,147310,1,1,2.5146399857476354
5006,147311,1,0,2.5251099723391235
5007,147312,1,0,2.514069026801735
5008,147313,1,0,2.5277749518863857
5009,147314,1,0,2.5172859895974398
5010,147315,1,0,2.5254510110244155
5011,147316,1,0,2.5270130136050284
5012,147317,1,1,2.594278019387275
5013,147318,1,0,2.5233469787053764
5014,147319,1,0,2.5166249834001064
5015,147320,1,0,2.5331649812869728
5016,147321,1,0,2.5109840207733214
5017,147322,1,0,2.522495051380247
5018,147323,1,0,2.5834880070760846
5019,147324,1,0,2.5233670021407306
5020,147325,1,1,2.531161007937044
5021,147326,1,0,2.511254046112299
5022,147327,1,0,2.5383850443176925
5023,147328,1,0,2.5334650417789817
5024,147329,1,0,2.527735021430999
5025,147330,1,0,2.5155930197797716
5026,147331,1,0,2.5410089874640107
5027,147332,1,1,2.531871956307441
5028,147333,1,0,2.5781680014915764
5029,147334,1,0,2.5376740377396345
5030,147335,1,0,2.528426004573703
5031,147336,1,0,2.5353090022690594
5032,147337,1,0,2.519429021049291
5033,147338,1,0,2.533485007006675
5034,147339,1,0,2.5259919930249453
5035,147340,1,1,2.525250951293856
5036,147341,1,0,2.528837008867413
5037,147342,1,0,2.51795700751245
5038,147343,1,0,2.5362209999002516
5039,147344,1,0,2.5227960431948304
5040,147345,1,0,2.533675986342132
5041,147346,1,0,2.521302958484739
5042,147347,1,1,2.5727080064825714
5043,147348,1,0,2.5302499998360872
5044,147349,1,0,2.5179560179822147
5045,147350,1,0,2.532212994992733
5046,147351,1,0,2.5531110004521906
5047,147352,1,0,2.5296579697169363
5048,147353,1,0,2.522355003748089
5049,147354,1,0,2.529066987335682
5050,147355,1,1,2.5314519880339503
5051,147356,1,0,2.5250399485230446
5052,147357,1,0,2.625675988383591
5053,147358,1,0,2.5177960051223636
5054,147359,1,0,2.5272640050388873
5055,147360,1,0,2.512215985916555
5056,147361,1,0,2.525359974242747
5057,147362,1,1,2.5148909771814942
5058,147363,1,0,2.5405589840374887
5059,147364,1,0,2.526903001125902
5060,147365,1,0,2.520420996006578
5061,147366,1,0,2.524278999771923
5062,147367,1,0,2.518988971132785
5063,147368,1,0,2.5293679791502655
5064,147369,1,0,2.518948051147163
5065,147370,1,1,2.5345180183649063
5066,147371,1,0,2.521713962778449
5067,147372,1,0,2.519849978853017
5068,147373,1,0,2.52807600190863
5069,147374,1,0,2.5176359922625124
5070,147375,1,0,2.5273539940826595
5071,147376,1,0,2.5225160061381757
5072,147377,1,1,2.5316019891761243
5073,147378,1,0,2.5146710104309022
5074,147379,1,0,2.530519966967404
5075,147380,1,0,2.5176560156978667
5076,147381,1,0,2.5272939819842577
5077,147382,1,0,2.531021018512547
5078,147383,1,0,2.5920739863067865
5079,147384,1,0,2.528445969801396
5080,147385,1,1,2.529969031456858
5081,147386,1,0,2.527585020288825
5082,147387,1,0,2.520901965908706
5083,147388,1,0,2.52480898052454
5084,147389,1,0,2.5172349996864796
5085,147390,1,0,2.519459987524897
5086,147391,1,0,2.529878984205425
5087,147392,1,1,2.515361993573606
5088,147393,1,0,2.531862002797425
5089,147394,1,0,2.527585020288825
5090,147395,1,0,2.5275550433434546
5091,147396,1,0,2.523917006328702
5092,147397,1,0,2.533395017962903
5093,147398,1,0,2.5222940021194518
5094,147399,1,1,2.5257410015910864
5095,147400,1,0,2.531090984120965
5096,147401,1,0,2.5218439986929297
5097,147402,1,0,2.545698022004217
5098,147403,1,0,2.5268130120821297
5099,147404,1,0,2.5389050133526325
5100,147405,1,0,2.5159529759548604
5101,147406,1,0,2.538174041546881
5102,147407,1,1,2.5402680039405823
5103,147408,1,0,2.5266329757869244
5104,147409,1,0,2.5295179802924395
5105,147410,1,0,2.522365015465766
5106,147411,1,0,2.5295490049757063
5107,147412,1,0,2.523906994611025
5108,147413,1,0,2.5300690322183073
5109,147414,1,1,2.519930014386773
5110,147415,1,0,2.5313319638371468
5111,147416,1,0,2.530320023652166
5112,147417,1,0,2.5143600068986416
5113,147418,1,0,2.540188026614487
5114,147419,1,0,2.535930019803345
5115,147420,1,0,2.54568801028654
5116,147421,1,0,2.5212030159309506
5117,147422,1,1,2.5454870192334056
5118,147423,1,0,2.540018002036959
5119,147424,1,0,2.530460013076663
5120,147425,1,0,2.5383149622939527
5121,147426,1,0,2.5154929608106613
5122,147427,1,0,2.5276049855165184
5123,147428,1,0,2.5226259604096413
5124,147429,1,1,2.5301589630544186
5125,147430,1,0,2.511163998860866
5126,147431,1,0,2.5317620020359755
5127,147432,1,0,2.527826000005007
5128,147433,1,0,2.520069945603609
5129,147434,1,0,2.538934990298003
5130,147435,1,0,2.5193190085701644
5131,147436,1,0,2.5403579929843545
5132,147437,1,1,2.523115952499211
5133,147438,1,0,2.536460990086198
5134,147439,1,0,2.536471001803875
5135,147440,1,0,2.540729008615017
5136,147441,1,0,2.53871496533975
5137,147442,1,0,2.532934013288468
5138,147443,1,0,2.5356290279887617
5139,147444,1,1,2.5307899923063815
5140,147445,1,0,2.5308799813501537
5141,147446,1,0,2.515592030249536
5142,147447,1,0,2.531662001274526
5143,147448,1,0,2.5339159765280783
5144,147449,1,0,2.5245079887099564
5145,147450,1,0,2.53276398871094
5146,147451,1,0,2.519519010093063
5147,147452,1,1,2.538083994295448
5148,147453,1,0,2.525871037505567
5149,147454,1,0,2.535348990932107
5150,147455,1,0,2.5338759878650308
5151,147456,1,0,2.538686036132276
5152,147457,1,0,2.53853399772197
5153,147458,1,0,2.5337960105389357
5154,147459,1,1,2.5413709809072316
5155,147460,1,0,2.5232669431716204
5156,147461,1,0,2.535680017899722
5157,147462,1,0,2.526773023419082
5158,147463,1,0,2.540328016038984
5159,147464,1,0,2.524518989957869
5160,147465,1,0,2.5174060137942433
5161,147466,1,1,2.5295179802924395
5162,147467,1,0,2.5231559993699193
5163,147468,1,0,2.5321830180473626
5164,147469,1,0,2.5247790035791695
5165,147470,1,0,2.537593012675643
5166,147471,1,0,2.5265529984608293
5167,147472,1,0,2.5338269770145416
5168,147473,1,0,2.5377830024808645
5169,147474,1,1,2.5292770005762577
5170,147475,1,0,2.5397369754500687
5171,147476,1,0,2.53060000250116
5172,147477,1,0,2.530459954869002
5173,147478,1,0,2.5232670013792813
5174,147479,1,0,2.5371930096298456
5175,147480,1,0,2.5228759623132646
5176,147481,1,1,2.539135981351137
5177,147482,1,0,2.5475519942119718
5178,147483,1,0,2.632508985698223
5179,147484,1,0,2.530690049752593
5180,147485,1,0,2.5255410000681877
5181,147486,1,0,2.526692987885326
5182,147487,1,0,2.5209320010617375
5183,147488,1,0,2.5306399911642075
5184,147489,1,1,2.528296026866883
5185,147490,1,0,2.518027031328529
5186,147491,1,0,2.5280650006607175
5187,147492,1,0,2.5190990418195724
5188,147493,1,0,2.5311909848824143
5189,147494,1,0,2.5192800094373524
5190,147495,1,0,2.5297889951616526
5191,147496,1,1,2.5161829544231296
5192,147497,1,0,2.523556991945952
5193,147498,1,0,2.524739014916122
5194,147499,1,0,2.5218939990736544
5195,147500,1,0,2.530950994696468
5196,147501,1,0,2.5174760376103222
5197,147502,1,0,2.5407689972780645
5198,147503,1,0,2.618392987642437
5199,147504,1,1,2.5250199832953513
5200,147505,1,0,2.5302290450781584
5201,147506,1,0,2.521564019843936
5202,147507,1,0,2.535069012083113
5203,147508,1,0,2.611208998132497
5204,147509,1,0,2.5416199932806194
5205,147510,1,0,2.518878027331084
5206,147511,1,1,2.5261719711124897
5207,147512,1,0,2.52964801620692
5208,147513,1,0,2.523557050153613
5209,147514,1,0,2.5343879824504256
5210,147515,1,0,2.5252909981645644
5211,147516,1,0,2.5348479975946248
5212,147517,1,0,2.5208030128851533
5213,147518,1,0,2.529076999053359
5214,147519,1,1,2.5208519655279815
5215,147520,1,0,2.5260120164602995
5216,147521,1,0,2.5211020256392658
5217,147522,1,0,2.5169149739667773
5218,147523,1,0,2.526602998841554
5219,147524,1,0,2.5219240342266858
5220,147525,1,0,2.5233060005120933
5221,147526,1,1,2.5157619966194034
5222,147527,1,0,2.5287469616159797
5223,147528,1,0,2.515933010727167
5224,147529,1,0,2.5257510133087635
5225,147530,1,0,2.5167849962599576
5226,147531,1,0,2.518737979698926
5227,147532,1,0,2.5272640050388873
5228,147533,1,1,2.543764014262706
5229,147534,1,0,2.529108023736626
5230,147535,1,0,2.5187580031342804
5231,147536,1,0,2.531250996980816
5232,147537,1,0,2.52645299769938
5233,147538,1,0,2.5295880041085184
5234,147539,1,0,2.5330549688078463
5235,147540,1,0,2.5131069705821574
5236,147541,1,1,2.5389560032635927
5237,147542,1,0,2.524017996620387
5238,147543,1,0,2.5366019690409303
5239,147544,1,0,2.5279850233346224
5240,147545,1,0,2.5355200050398707
5241,147546,1,0,2.518268011044711
5242,147547,1,0,2.520882000681013
5243,147548,1,1,2.528606040868908
5244,147549,1,0,2.5174960028380156
5245,147550,1,0,2.5216329959221184
5246,147551,1,0,2.5246290024369955
5247,147552,1,0,2.534808008931577
5248,147553,1,0,2.5313019868917763
5249,147554,1,0,2.533344959374517
5250,147555,1,0,2.5274340296164155
5251,147556,1,1,2.5314309750683606
5252,147557,1,0,2.529066987335682
5253,147558,1,0,2.5415309937670827
5254,147559,1,0,2.530178986489773
5255,147560,1,0,2.511664992198348
5256,147561,1,0,2.5181170203723013
5257,147562,1,0,2.5174259790219367
5258,147563,1,1,2.5279360124841332
5259,147564,1,0,2.5172950117848814
5260,147565,1,0,2.5286570307798684
5261,147566,1,0,2.5259320391342044
5262,147567,1,0,2.5265219737775624
5263,147568,1,0,2.528586017433554
5264,147569,1,0,2.524940005969256
5265,147570,1,0,2.5260219699703157
5266,147571,1,1,2.522434981074184
5267,147572,1,0,2.5238270172849298
5268,147573,1,0,2.5092200376093388
5269,147574,1,0,2.524449024349451
5270,147575,1,0,2.5163039681501687
5271,147576,1,0,2.5166039704345167
5272,147577,1,0,2.5258020032197237
5273,147578,1,1,2.513588988222182
5274,147579,1,0,2.5243890122510493
5275,147580,1,0,2.5176170165650547
5276,147581,1,0,2.53399700159207
5277,147582,1,0,2.5186780258081853
5278,147583,1,0,2.5785889592953026
5279,147584,1,0,2.5356190162710845
5280,147585,1,0,2.5257610250264406
5281,147586,1,1,2.5228350423276424
5282,147587,1,0,2.516974986065179
5283,147588,1,0,2.5296880048699677
5284,147589,1,0,2.5186779676005244
5285,147590,1,0,2.5312410434708
5286,147591,1,0,2.520170994102955
5287,147592,1,0,2.5258809910155833
5288,147593,1,1,2.513187995646149
5289,147594,1,0,2.52264499431476
5290,147595,1,0,2.5221649557352066
5291,147596,1,0,2.522734983358532
5292,147597,1,0,2.5268730241805315
5293,147598,1,0,2.5191790191456676
5294,147599,1,0,2.523927018046379
5295,147600,1,0,2.5245590368285775
5296,147601,1,1,2.5231170002371073
5297,147602,1,0,2.5167050189338624
5298,147603,1,0,2.519999979995191
5299,147604,1,0,2.524429000914097
5300,147605,1,0,2.5071959826163948
5301,147606,1,0,2.529348013922572
5302,147607,1,0,2.5173460016958416
5303,147608,1,1,2.5336960097774863
5304,147609,1,0,2.5210920139215887
5305,147610,1,0,2.5289879995398223
5306,147611,1,0,2.522174036130309
5307,147612,1,0,2.5344069581478834
5308,147613,1,0,2.5330049684271216
5309,147614,1,0,2.523627015762031
5310,147615,1,1,2.5304000009782612
5311,147616,1,0,2.523947972804308
5312,147617,1,0,2.5362910237163305
5313,147618,1,0,2.5184580008499324
5314,147619,1,0,2.5270439800806344
5315,147620,1,0,2.5309909833595157
5316,147621,1,0,2.5251609622500837
5317,147622,1,0,2.5337260449305177
5318,147623,1,1,2.5220639654435217
5319,147624,1,0,2.5308100157417357
5320,147625,1,0,2.5414509582333267
5321,147626,1,0,2.5755739770829678
5322,147627,1,0,2.523957984521985
5323,147628,1,0,2.525480987969786
5324,147629,1,0,2.525972027797252
5325,147630,1,1,2.5221449905075133
5326,147631,1,0,2.528426004573703
5327,147632,1,0,2.512355975341052
5328,147633,1,0,2.5256610242649913
5329,147634,1,0,2.516834996640682
5330,147635,1,0,2.531421952880919
5331,147636,1,0,2.5172349996864796
5332,147637,1,0,2.5253809872083366
5333,147638,1,1,2.521933987736702
5334,147639,1,0,2.5340370484627783
5335,147640,1,0,2.5270030018873513
5336,147641,1,0,2.5200200034305453
5337,147642,1,0,2.540498971939087
5338,147643,1,0,2.5290269986726344
5339,147644,1,0,2.541560970712453
5340,147645,1,1,2.5166039704345167
5341,147646,1,0,2.5363710010424256
5342,147647,1,0,2.521602960769087
5343,147648,1,0,2.5192490429617465
5344,147649,1,0,2.6382399955764413
5345,147650,1,0,2.5307699688710272
5346,147651,1,0,2.5381940067745745
5347,147652,1,0,2.5259009562432766
5348,147653,1,1,2.5340269785374403
5349,147654,1,0,2.5351880467496812
5350,147655,1,0,2.5261110276915133
5351,147656,1,0,2.528466982766986
5352,147657,1,0,2.520821988582611
5353,147658,1,0,2.5309210177510977
5354,147659,1,0,2.5356090045534074
5355,147660,1,1,2.5339960120618343
5356,147661,1,0,2.52467900281772
5357,147662,1,0,2.5191089953295887
5358,147663,1,0,2.530460013076663
5359,147664,1,0,2.5251699844375253
5360,147665,1,0,2.533906023018062
5361,147666,1,0,2.5236080400645733
5362,147667,1,0,2.5296680396422744
5363,147668,1,1,2.525369985960424
5364,147669,1,0,2.5263120187446475
5365,147670,1,0,2.5223050033673644
5366,147671,1,0,2.528997021727264
5367,147672,1,0,2.5267329765483737
5368,147673,1,0,2.5183079997077584
5369,147674,1,0,2.542993985116482
5370,147675,1,1,2.5278949760831892
5371,147676,1,0,2.532863989472389
5372,147677,1,0,2.5222449912689626
5373,147678,1,0,2.5385040207765996
5374,147679,1,0,2.5347379851154983
5375,147680,1,0,2.5228659505955875
5376,147681,1,0,2.5366820045746863
5377,147682,1,1,2.5227059959433973
5378,147683,1,0,2.5340160354971886
5379,147684,1,0,2.5234970380552113
5380,147685,1,0,2.5374029646627605
5381,147686,1,0,2.524658979382366
5382,147687,1,0,2.5292470236308873
5383,147688,1,0,2.531662001274526
5384,147689,1,0,2.521473041269928
5385,147690,1,1,2.5307409814558923
5386,147691,1,0,2.5293880025856197
5387,147692,1,0,2.5362700107507408
5388,147693,1,0,2.519640023820102
5389,147694,1,0,2.529728983063251
5390,147695,1,0,2.5245390133932233
5391,147696,1,0,2.5219040107913315
5392,147697,1,1,2.528655983041972
5393,147698,1,0,2.5332849472761154
5394,147699,1,0,2.538453962188214
5395,147700,1,0,2.5163740501739085
5396,147701,1,0,2.5336159742437303
5397,147702,1,0,2.5289879995398223
5398,147703,1,0,2.5349879870191216
5399,147704,1,0,2.530460013076663
5400,147705,1,1,2.523798029869795
5401,147706,1,0,2.5337859988212585
5402,147707,1,0,2.524439012631774
5403,147708,1,0,2.5994080351665616
5404,147709,1,0,2.5182979879900813
5405,147710,1,0,2.531211997848004
5406,147711,1,0,2.5393860414624214
5407,147712,1,1,2.523957984521985
5408,147713,1,0,2.544415998272598
5409,147714,1,0,2.525159972719848
5410,147715,1,0,2.5293479557149112
5411,147716,1,0,2.5248299934901297
5412,147717,1,0,2.5274140061810613
5413,147718,1,0,2.5267929886467755
5414,147719,1,0,2.5431939866393805
5415,147720,1,1,2.535530016757548
5416,147721,1,0,2.52480898052454
5417,147722,1,0,2.528215991333127
5418,147723,1,0,2.5186179555021226
5419,147724,1,0,2.528244978748262
5420,147725,1,0,2.520742011256516
5421,147726,1,0,2.5348179624415934
5422,147727,1,1,2.52241495763883
5423,147728,1,0,2.5264419964514673
5424,147729,1,0,2.531562000513077
5425,147730,1,0,2.5182669633068144
5426,147731,1,0,2.527714997995645
5427,147732,1,0,2.518347988370806
5428,147733,1,0,2.5802819873206317
5429,147734,1,0,2.5195799535140395
5430,147735,1,1,2.525110961869359
5431,147736,1,0,2.513930026907474
5432,147737,1,0,2.53399700159207
5433,147738,1,0,2.5377440033480525
5434,147739,1,0,2.522985974792391
5435,147740,1,0,2.5329439667984843
5436,147741,1,0,2.524899027775973
5437,147742,1,1,2.5283059803768992
5438,147743,1,0,2.522826020140201
5439,147744,1,0,2.5347679620608687
5440,147745,1,0,2.523798029869795
5441,147746,1,0,2.5192390312440693
5442,147747,1,0,2.5291369529441
5443,147748,1,0,2.5234270142391324
5444,147749,1,1,2.538805012591183
5445,147750,1,0,2.5216939975507557
5446,147751,1,0,2.5332149816676974
5447,147752,1,0,2.542672969866544
5448,147753,1,0,2.5365210021845996
5449,147754,1,0,2.5323230074718595
5450,147755,1,0,2.5239780079573393
5451,147756,1,0,2.5249089812859893
5452,147757,1,1,2.520031004678458
5453,147758,1,0,2.6331899571232498
5454,147759,1,0,2.523177012335509
5455,147760,1,0,2.5329950149171054
5456,147761,1,0,2.533805964048952
5457,147762,1,0,2.5175859918817878
5458,147763,1,0,2.5347379851154983
5459,147764,1,1,2.522584982216358
5460,147765,1,0,2.5367619819007814
5461,147766,1,0,2.5201510288752615
5462,147767,1,0,2.535849984269589
5463,147768,1,0,2.5301690329797566
5464,147769,1,0,2.531000995077193
5465,147770,1,0,2.5318830157630146
5466,147771,1,0,2.5202109827660024
5467,147772,1,1,2.5385349872522056
5468,147773,1,0,2.5241480325348675
5469,147774,1,0,2.5332249933853745
5470,147775,1,0,2.5203010300174356
5471,147776,1,0,2.540809044148773
5472,147777,1,0,2.5320330169051886
5473,147778,1,0,2.5316720129922032
5474,147779,1,1,2.533414983190596
5475,147780,1,0,2.526251948438585
5476,147781,1,0,2.5351590011268854
5477,147782,1,0,2.521784044802189
5478,147783,1,0,2.5595640181563795
5479,147784,1,0,2.516152977477759
5480,147785,1,0,2.5279250112362206
5481,147786,1,0,2.5313719525001943
5482,147787,1,1,2.5256910012103617
5483,147788,1,0,2.542141010053456
5484,147789,1,0,2.521202026400715
5485,147790,1,0,2.5338459527119994
5486,147791,1,0,2.521793998312205
5487,147792,1,0,2.545026014558971
5488,147793,1,0,2.5247089797630906
5489,147794,1,1,2.527234028093517
5490,147795,1,0,2.6677139685489237
5491,147796,1,0,2.520982001442462
5492,147797,1,0,2.5207020225934684
5493,147798,1,0,2.5258009554818273
5494,147799,1,0,2.5144809624180198
5495,147800,1,0,2.5054430007003248
5496,147801,1,0,2.5283460272476077
5497,147802,1,1,2.518578025046736
5498,147803,1,0,2.5160429649986327
5499,147804,1,0,2.5149110006168485
5500,147805,1,0,2.5089099653996527
5501,147806,1,0,2.514449995942414
5502,147807,1,0,2.509511017706245
5503,147808,1,0,2.5762050063349307
5504,147809,1,1,2.5167749845422804
5505,147810,1,0,2.52305599860847
5506,147811,1,0,2.5190190062858164
5507,147812,1,0,2.5238969828933477
5508,147813,1,0,2.531000995077193
5509,147814,1,0,2.5248599704355
5510,147815,1,0,2.546118979807943
5511,147816,1,0,2.5210820022039115
5512,147817,1,1,2.5357099948450923
5513,147818,1,0,2.538063970860094
5514,147819,1,0,2.5449059903621674
5515,147820,1,0,2.5384449982084334
5516,147821,1,0,2.5307710166089237
5517,147822,1,0,2.5244790012948215
5518,147823,1,0,2.5319220148958266
5519,147824,1,1,2.5418109726160765
5520,147825,1,0,2.5236369692720473
5521,147826,1,0,2.5293880025856197
5522,147827,1,0,2.5304000009782612
5523,147828,1,0,2.5281760026700795
5524,147829,1,0,2.5300089619122446
5525,147830,1,0,2.5223750271834433
5526,147831,1,1,2.5355390389449894
5527,147832,1,0,2.523397037293762
5528,147833,1,0,2.5395669508725405
5529,147834,1,0,2.520752022974193
5530,147835,1,0,2.5530619896017015
5531,147836,1,0,2.5563680101186037
5532,147837,1,0,2.535989973694086
5533,147838,1,0,2.5618179934099317
5534,147839,1,1,2.5255910004489124
5535,147840,1,0,2.5662370026111603
5536,147841,1,0,2.5784290046431124
5537,147842,1,0,2.523237024433911
5538,147843,1,0,2.5323429726995528
5539,147844,1,0,2.5286070303991437
5540,147845,1,0,2.538624976295978
5541,147846,1,1,2.532142971176654
5542,147847,1,0,2.546118979807943
5543,147848,1,0,2.5267029996030033
5544,147849,1,0,2.5441860198043287
5545,147850,1,0,2.5416609714739025
5546,147851,1,0,2.5353090022690594
5547,147852,1,0,2.5488039827905595
5548,147853,1,0,2.5260610273107886
5549,147854,1,1,2.5442650076001883
5550,147855,1,0,2.5330339558422565
5551,147856,1,0,2.5429929955862463
5552,147857,1,0,2.5380540173500776
5553,147858,1,0,2.530679979827255
5554,147859,1,0,2.5383540196344256
5555,147860,1,0,2.5292470236308873
5556,147861,1,1,2.545698022004217
5557,147862,1,0,2.5325039750896394
5558,147863,1,0,2.541018999181688
5559,147864,1,0,2.5723280268721282
5560,147865,1,0,2.526822965592146
5561,147866,1,0,2.5345879839733243
5562,147867,1,0,2.533927035983652
5563,147868,1,0,2.553662983700633
5564,147869,1,1,2.528687007725239
5565,147870,1,0,2.5342669687233865
5566,147871,1,0,2.520260983146727
5567,147872,1,0,2.5228760205209255
5568,147873,1,0,2.540868998039514
5569,147874,1,0,2.5149810244329274
5570,147875,1,0,2.5251900078728795
5571,147876,1,1,2.514810999855399
5572,147877,1,0,2.521372982300818
5573,147878,1,0,2.5182379758916795
5574,147879,1,0,2.525209973100573
5575,147880,1,0,2.539746987167746
5576,147881,1,0,2.5281159905716777
5577,147882,1,0,2.526692987885326
5578,147883,1,0,2.5737100513651967
5579,147884,1,1,2.5354789686389267
5580,147885,1,0,2.5225350400432944
5581,147886,1,0,2.53626995254308
5582,147887,1,0,2.538805012591183
5583,147888,1,0,2.5393059477210045
5584,147889,1,0,2.5429229717701674
5585,147890,1,0,2.5301389978267252
5586,147891,1,1,2.5380440056324005
5587,147892,1,0,2.530069963540882
5588,147893,1,0,2.545907977037132
5589,147894,1,0,2.5460589677095413
5590,147895,1,0,2.5391759700141847
5591,147896,1,0,2.5408490328118205
5592,147897,1,0,2.5281760026700795
5593,147898,1,1,2.543715003412217
5594,147899,1,0,2.5337960105389357
5595,147900,1,0,2.5497960159555078
5596,147901,1,0,2.529567980673164
5597,147902,1,0,2.5372920208610594
5598,147903,1,0,2.5445260107517242
5599,147904,1,0,2.534236991778016
5600,147905,1,0,2.540958987083286
5601,147906,1,1,2.5332249933853745
5602,147907,1,0,2.539276028983295
5603,147908,1,0,2.569482021499425
5604,147909,1,0,2.530178986489773
5605,147910,1,0,2.5365210021845996
5606,147911,1,0,2.536871994379908
5607,147912,1,0,2.5404890184290707
5608,147913,1,1,2.5268630124628544
5609,147914,1,0,2.5447969674132764
5610,147915,1,0,2.5191589957103133
5611,147916,1,0,2.5353290257044137
5612,147917,1,0,2.52743496093899
5613,147918,1,0,2.532623999286443
5614,147919,1,0,2.5406289496459067
5615,147920,1,0,2.5311119970865548
5616,147921,1,1,2.540038025472313
5617,147922,1,0,2.524599025491625
5618,147923,1,0,2.5353790260851383
5619,147924,1,0,2.526873955503106
5620,147925,1,0,2.536471001803875
5621,147926,1,0,2.5321730063296854
5622,147927,1,0,2.5363810127601027
5623,147928,1,1,2.5446059880778193
5624,147929,1,0,2.5325039750896394
5625,147930,1,0,2.5342769804410636
5626,147931,1,0,2.5269740144722164
5627,147932,1,0,2.539687033277005
5628,147933,1,0,2.5805829791352153
5629,147934,1,0,2.5314119993709028
5630,147935,1,0,2.5427530054003
5631,147936,1,1,2.5282459682784975
5632,147937,1,0,2.54368397872895
5633,147938,1,0,2.5253299972973764
5634,147939,1,0,2.548123011365533
5635,147940,1,0,2.5372119853273034
5636,147941,1,0,2.6324489735998213
5637,147942,1,0,2.535530016757548
5638,147943,1,1,2.521612972486764
5639,147944,1,0,2.529248013161123
5640,147945,1,0,2.5228760205209255
5641,147946,1,0,2.5275350199081004
5642,147947,1,0,2.5284159928560257
5643,147948,1,0,2.5178969954140484
5644,147949,1,0,2.526491996832192
5645,147950,1,0,2.515442029107362
5646,147951,1,1,2.5318629923276603
5647,147952,1,0,2.5235969806089997
5648,147953,1,0,2.5335050304420292
5649,147954,1,0,2.5160129880532622
5650,147955,1,0,2.540980000048876
5651,147956,1,0,2.523135975934565
5652,147957,1,0,2.5157019845210016
5653,147958,1,1,2.5538330082781613
5654,147959,1,0,2.530871017370373
5655,147960,1,0,2.537602966185659
5656,147961,1,0,2.5256709777750075
5657,147962,1,0,2.5316320243291557
5658,147963,1,0,2.522024034988135
5659,147964,1,0,2.5242689880542457
5660,147965,1,1,2.5249000173062086
5661,147966,1,0,2.5163929676637053
5662,147967,1,0,2.526602998841554
5663,147968,1,0,2.5167250423692167
5664,147969,1,0,2.528345969039947
5665,147970,1,0,2.519358997233212
5666,147971,1,0,2.5299289845861495
5667,147972,1,0,2.5418309960514307
5668,147973,1,1,2.53737298771739
5669,147974,1,0,2.5327439652755857
5670,147975,1,0,2.5248590391129255
5671,147976,1,0,2.5241480325348675
5672,147977,1,0,2.521112037356943
5673,147978,1,0,2.5316719547845423
5674,147979,1,0,2.5303300353698432
5675,147980,1,1,2.5471910485066473
5676,147981,1,0,2.5224749697372317
5677,147982,1,0,2.5254699867218733
5678,147983,1,0,2.532334008719772
5679,147984,1,0,2.5215530185960233
5680,147985,1,0,2.5271940394304693
5681,147986,1,0,2.5096110184676945
5682,147987,1,0,2.5278559769503772
5683,147988,1,1,2.5157020427286625
5684,147989,1,0,2.5276850210502744
5685,147990,1,0,2.510191989131272
5686,147991,1,0,2.5226849829778075
5687,147992,1,0,2.52545002149418
5688,147993,1,0,2.5236179935745895
5689,147994,1,0,2.5135879986919463
5690,147995,1,1,2.5326739996671677
5691,147996,1,0,2.530679979827255
5692,147997,1,0,2.51131400000304
5693,147998,1,0,2.523045986890793
5694,147999,1,0,2.5215130299329758
5695,148000,1,0,2.5401379680261016
5696,148001,1,0,2.5279149995185435
5697,148002,1,0,2.5173149770125747
5698,148003,1,1,2.5279950350522995
5699,148004,1,0,2.518647990655154
5700,148005,1,0,2.5224750279448926
5701,148006,1,0,2.5200709933415055
5702,148007,1,0,2.523537026718259
5703,148008,1,0,2.5696029770188034
5704,148009,1,0,2.532423008233309
5705,148010,1,1,2.5324129965156317
5706,148011,1,0,2.536230953410268
5707,148012,1,0,2.536331012379378
5708,148013,1,0,2.5265130097977817
5709,148014,1,0,2.5466500082984567
5710,148015,1,0,2.516173990443349
5711,148016,1,0,2.611128962598741
5712,148017,1,0,2.535219013225287
5713,148018,1,1,2.52241495763883
5714,148019,1,0,2.5303299771621823
5715,148020,1,0,2.5258520036004484
5716,148021,1,0,2.527734963223338
5717,148022,1,0,2.5110740098170936
5718,148023,1,0,2.525902003981173
5719,148024,1,0,2.5232069892808795
5720,148025,1,1,2.526362019125372
5721,148026,1,0,2.5254510110244155
5722,148027,1,0,2.5269430479966104
5723,148028,1,0,2.5294480146840215
5724,148029,1,0,2.517686050850898
5725,148030,1,0,2.528927056118846
5726,148031,1,0,2.521682996302843
5727,148032,1,0,2.5285559822805226
5728,148033,1,1,2.518488036002964
5729,148034,1,0,2.5385839981026947
5730,148035,1,0,2.5273339706473053
5731,148036,1,0,2.5419319863431156
5732,148037,1,0,2.5305799790658057
5733,148038,1,0,2.519990026485175
5734,148039,1,0,2.5345079484395683
5735,148040,1,1,2.5285769952461123
5736,148041,1,0,2.526112017221749
5737,148042,1,0,2.5193790206685662
5738,148043,1,0,2.525180985685438
5739,148044,1,0,2.5275039952248335
5740,148045,1,0,2.5184679543599486
5741,148046,1,0,2.530128986109048
5742,148047,1,1,2.5211130268871784
5743,148048,1,0,2.523546980228275
5744,148049,1,0,2.516253967769444
5745,148050,1,0,2.5388950016349554
5746,148051,1,0,2.5199810042977333
5747,148052,1,0,2.532022015657276
5748,148053,1,0,2.5219939998351038
5749,148054,1,0,2.5117149925790727
5750,148055,1,1,2.527976001147181
5751,148056,1,0,2.5223149568773806
5752,148057,1,0,2.5316720129922032
5753,148058,1,0,2.5218739756383
5754,148059,1,0,2.524429000914097
5755,148060,1,0,2.5229360326193273
5756,148061,1,0,2.5233570486307144
5757,148062,1,1,2.522505004890263
5758,148063,1,0,2.5135090108960867
5759,148064,1,0,2.5227759615518153
5760,148065,1,0,2.5136879994533956
5761,148066,1,0,2.5312519865110517
5762,148067,1,0,2.523076022043824
5763,148068,1,0,2.5281559792347252
5764,148069,1,0,2.513198007363826
5765,148070,1,1,2.5283960276283324
5766,148071,1,0,2.520191017538309
5767,148072,1,0,2.5195900234393775
5768,148073,1,0,2.528987010009587
5769,148074,1,0,2.5171859888359904
5770,148075,1,0,2.526542986743152
5771,148076,1,0,2.5159030337817967
5772,148077,1,1,2.5414000265300274
5773,148078,1,0,2.5189979933202267
5774,148079,1,0,2.5287470198236406
5775,148080,1,0,2.5241280090995133
5776,148081,1,0,2.5252600316889584
5777,148082,1,0,2.530889993067831
5778,148083,1,0,2.668566012289375
5779,148084,1,0,2.5344769819639623
5780,148085,1,1,2.515211992431432
5781,148086,1,0,2.5203509721904993
5782,148087,1,0,2.628951973747462
5783,148088,1,0,2.509051002562046
5784,148089,1,0,2.52451904816553
5785,148090,1,0,2.510553051251918
5786,148091,1,0,2.5288269971497357
5787,148092,1,1,2.5117950281128287
5788,148093,1,0,2.524417999666184
5789,148094,1,0,2.518758992664516
5790,148095,1,0,2.520560985431075
5791,148096,1,0,2.5250400067307055
5792,148097,1,0,2.5147710111923516
5793,148098,1,0,2.5333149824291468
5794,148099,1,0,2.53047002479434
5795,148100,1,1,2.54247197881341
5796,148101,1,0,2.5198610383085907
5797,148102,1,0,2.527164004277438
5798,148103,1,0,2.52012099372223
5799,148104,1,0,2.5328240008093417
5800,148105,1,0,2.525240008253604
5801,148106,1,0,2.517446002457291
5802,148107,1,1,2.5312619982287288
5803,148108,1,0,2.5738499825820327
5804,148109,1,0,2.5329450145363808
5805,148110,1,0,2.5225349818356335
5806,148111,1,0,2.543083974160254
5807,148112,1,0,2.5409400113858283
5808,148113,1,0,2.5255209766328335
5809,148114,1,1,2.54058901919052
5810,148115,1,0,2.5274140061810613
5811,148116,1,0,2.5364509783685207
5812,148117,1,0,2.538024040404707
5813,148118,1,0,2.539467008318752
5814,148119,1,0,2.535579027608037
5815,148120,1,0,2.5353390374220908
5816,148121,1,0,2.534858009312302
5817,148122,1,1,2.5219639646820724
5818,148123,1,0,2.535899984650314
5819,148124,1,0,2.52346700290218
5820,148125,1,0,2.5340959546156228
5821,148126,1,0,2.5350290234200656
5822,148127,1,0,2.543854992836714
5823,148128,1,0,2.5464590289629996
5824,148129,1,1,2.5267430464737117
5825,148130,1,0,2.540648973081261
5826,148131,1,0,2.533395017962903
5827,148132,1,0,2.5379040162079036
5828,148133,1,0,2.5214030174538493
5829,148134,1,0,2.5311409845016897
5830,148135,1,0,2.537052030675113
5831,148136,1,0,2.5301490095444024
5832,148137,1,1,2.5306500028818846
5833,148138,1,0,2.519519010093063
5834,148139,1,0,2.5372119853273034
5835,148140,1,0,2.5239079841412604
5836,148141,1,0,2.5330950156785548
5837,148142,1,0,2.516414038836956
5838,148143,1,0,2.526943979319185
5839,148144,1,1,2.526000957004726
5840,148145,1,0,2.5175660266540945
5841,148146,1,0,2.5316219544038177
5842,148147,1,0,2.5226050056517124
5843,148148,1,0,2.5353689561598003
5844,148149,1,0,2.5226660072803497
5845,148150,1,0,2.5296180392615497
5846,148151,1,0,2.5253500207327306
5847,148152,1,1,2.5341059663333
5848,148153,1,0,2.5327340117655694
5849,148154,1,0,2.5240780087187886
5850,148155,1,0,2.538073982577771
5851,148156,1,0,2.528045966755599
5852,148157,1,0,2.5410090456716716
5853,148158,1,0,2.8312780195847154
5854,148159,1,1,2.5232170009985566
5855,148160,1,0,2.5415809941478074
5856,148161,1,0,2.5150420260615647
5857,148162,1,0,2.532123005948961
5858,148163,1,0,2.5251199840568006
5859,148164,1,0,2.557911037001759
5860,148165,1,0,2.5314309750683606
5861,148166,1,0,2.5179770309478045
5862,148167,1,1,2.5468399981036782
5863,148168,1,0,2.5317720137536526
5864,148169,1,0,2.536049985792488
5865,148170,1,0,2.52212502527982
5866,148171,1,0,2.5365010369569063
5867,148172,1,0,2.523076022043824
5868,148173,1,0,2.529749006498605
5869,148174,1,1,2.535840030759573
5870,148175,1,0,2.5266429875046015
5871,148176,1,0,2.537652966566384
5872,148177,1,0,2.523667993955314
5873,148178,1,0,2.5305099552497268
5874,148179,1,0,2.5188879808411
5875,148180,1,0,2.541571040637791
5876,148181,1,0,2.536411047913134
5877,148182,1,1,2.52053199801594
5878,148183,1,0,2.5683799758553505
5879,148184,1,0,2.524038020055741
5880,148185,1,0,2.5330149801447988
5881,148186,1,0,2.525902003981173
5882,148187,1,0,2.5334259844385087
5883,148188,1,0,2.5260219699703157
5884,148189,1,1,2.5217339862138033
5885,148190,1,0,2.527575008571148
5886,148191,1,0,2.5271240156143904
5887,148192,1,0,2.527654985897243
5888,148193,1,0,2.5226149591617286
5889,148194,1,0,2.533937047701329
5890,148195,1,0,2.518588036764413
5891,148196,1,1,2.5271140038967133
5892,148197,1,0,2.519891015253961
5893,148198,1,0,2.540397981647402
5894,148199,1,0,2.54450598731637
5895,148200,1,0,2.530539990402758
5896,148201,1,0,2.530220022890717
5897,148202,1,0,2.5202109827660024
5898,148203,1,0,2.530199009925127
5899,148204,1,1,2.5241380208171904
5900,148205,1,0,2.538965956773609
5901,148206,1,0,2.5469909887760878
5902,148207,1,0,2.5237369700334966
5903,148208,1,0,2.591132011730224
5904,148209,1,0,2.52604199340567
5905,148210,1,0,2.5434039998799562
5906,148211,1,1,2.5247999583370984
5907,148212,1,0,2.5357399717904627
5908,148213,1,0,2.5248599704355
5909,148214,1,0,2.5157430209219456
5910,148215,1,0,2.5309610064141452
5911,148216,1,0,2.5243880227208138
5912,148217,1,0,2.5266220327466726
5913,148218,1,0,2.5175759801641107
5914,148219,1,1,2.533195016440004
5915,148220,1,0,2.518508001230657
5916,148221,1,0,2.523958042729646
5917,148222,1,0,2.5330850039608777
5918,148223,1,0,2.5184479891322553
5919,148224,1,0,2.5280959671363235
5920,148225,1,0,2.5134390452876687
5921,148226,1,1,2.527403994463384
5922,148227,1,0,2.515983011107892
5923,148228,1,0,2.526773023419082
5924,148229,1,0,2.5200509699061513
5925,148230,1,0,2.53129203338176
5926,148231,1,0,2.5171450106427073
5927,148232,1,0,2.519549976568669
5928,148233,1,0,2.627850975841284
5929,148234,1,1,2.5140600046142936
5930,148235,1,0,2.525791001971811
5931,148236,1,0,2.5131680304184556
5932,148237,1,0,2.526892989408225
5933,148238,1,0,2.5117459590546787
5934,148239,1,0,2.542562026064843
5935,148240,1,0,2.524097973946482
5936,148241,1,1,2.5109839625656605
5937,148242,1,0,2.5185279664583504
5938,148243,1,0,2.5146009866148233
5939,148244,1,0,2.5211719912476838
5940,148245,1,0,2.518857945688069
5941,148246,1,0,2.5324829621240497
5942,148247,1,0,2.518007007893175
5943,148248,1,0,2.52923701191321
5944,148249,1,1,2.5314820231869817
5945,148250,1,0,2.5169950095005333
5946,148251,1,0,2.5297990068793297
5947,148252,1,0,2.5390260270796716
5948,148253,1,0,2.5374830001965165
5949,148254,1,0,2.59629194624722
5950,148255,1,0,2.5347579503431916
5951,148256,1,1,2.5178269715979695
5952,148257,1,0,2.5202210526913404
5953,148258,1,0,2.5344369933009148
5954,148259,1,0,2.5196089991368353
5955,148260,1,0,2.5306500028818846
5956,148261,1,0,2.517616027034819
5957,148262,1,0,2.5247889570891857
5958,148263,1,1,2.5185380363836884
5959,148264,1,0,2.5261209812015295
5960,148265,1,0,2.5149810244329274
5961,148266,1,0,2.5188690051436424
5962,148267,1,0,2.525300020352006
5963,148268,1,0,2.5219640228897333
5964,148269,1,0,2.535369014367461
5965,148270,1,0,2.521783986594528
5966,148271,1,1,2.5309610064141452
5967,148272,1,0,2.5245490251109004
5968,148273,1,0,2.531100995838642
5969,148274,1,0,2.5194089976139367
5970,148275,1,0,2.518888039048761
5971,148276,1,0,2.5332049699500203
5972,148277,1,0,2.5164340040646493
5973,148278,1,1,2.541620982810855
5974,148279,1,0,2.534076978918165
5975,148280,1,0,2.5619679945521057
5976,148281,1,0,2.5177369825541973
5977,148282,1,0,2.5267829769290984
5978,148283,1,0,2.6295839925296605
5979,148284,1,0,2.5242279516533017
5980,148285,1,0,2.538655011449009
5981,148286,1,1,2.5150320143438876
5982,148287,1,0,2.5283159920945764
5983,148288,1,0,2.5194999761879444
5984,148289,1,0,2.5251900078728795
5985,148290,1,0,2.5256110238842666
5986,148291,1,0,2.529477991629392
5987,148292,1,0,2.5275640073232353
5988,148293,1,1,2.5119459605775774
5989,148294,1,0,2.5247689918614924
5990,148295,1,0,2.512145962100476
5991,148296,1,0,2.5313819642178714
5992,148297,1,0,2.511484024580568
5993,148298,1,0,2.5284060393460095
5994,148299,1,0,2.527334028854966
5995,148300,1,0,2.5225349818356335
5996,148301,1,1,2.519208996091038
5997,148302,1,0,2.512145962100476
5998,148303,1,0,2.522344992030412
5999,148304,1,0,2.5213630287908018
6000,148305,1,0,2.5958509650081396
6001,148306,1,0,2.5433030095882714
6002,148307,1,0,2.5296080275438726
6003,148308,1,1,2.6319579919800162
6004,148309,1,0,2.514230029191822
6005,148310,1,0,2.5262919953092933
6006,148311,1,0,2.513197949156165
6007,148312,1,0,2.5302389985881746
6008,148313,1,0,2.5212729815393686
6009,148314,1,0,2.5294380029663444
6010,148315,1,0,2.526501950342208
6011,148316,1,1,2.5132590089924634
6012,148317,1,0,2.522905997466296
6013,148318,1,0,2.5096620083786547
6014,148319,1,0,2.5316020473837852
6015,148320,1,0,2.529117977246642
6016,148321,1,0,2.52668303437531
6017,148322,1,0,2.5107539840973914
6018,148323,1,1,2.5255809887312353
6019,148324,1,0,2.52426799852401
6020,148325,1,0,2.517296001315117
6021,148326,1,0,2.5208520237356424
6022,148327,1,0,2.515572006814182
6023,148328,1,0,2.531492034904659
6024,148329,1,0,2.52066197572276
6025,148330,1,1,2.530049008782953
6026,148331,1,0,2.5194999761879444
6027,148332,1,0,2.533395017962903
6028,148333,1,0,2.551820012740791
6029,148334,1,0,2.5219040107913315
6030,148335,1,0,2.5370619841851294
6031,148336,1,0,2.518347988370806
6032,148337,1,0,2.525891992263496
6033,148338,1,1,2.5213430053554475
6034,148339,1,0,2.5385949993506074
6035,148340,1,0,2.513337996788323
6036,148341,1,0,2.526682976167649
6037,148342,1,0,2.5347579503431916
6038,148343,1,0,2.5231160107068717
6039,148344,1,0,2.5357690174132586
6040,148345,1,1,2.518006949685514
6041,148346,1,0,2.5276149972341955
6042,148347,1,0,2.5211329921148717
6043,148348,1,0,2.531240985263139
6044,148349,1,0,2.5292280479334295
6045,148350,1,0,2.546889998484403
6046,148351,1,0,2.539986977353692
6047,148352,1,0,2.5223649572581053
6048,148353,1,1,2.5391459930688143
6049,148354,1,0,2.5298389955423772
6050,148355,1,0,2.5472010020166636
6051,148356,1,0,2.5258109671995044
6052,148357,1,0,2.538924978580326
6053,148358,1,0,2.6137439999729395
6054,148359,1,0,2.53276398871094
6055,148360,1,1,2.532854035962373
6056,148361,1,0,2.53440800588578
6057,148362,1,0,2.5286360178142786
6058,148363,1,0,2.5330950156785548
6059,148364,1,0,2.53613997483626
6060,148365,1,0,2.532073005568236
6061,148366,1,0,2.6368569815531373
6062,148367,1,0,2.633219992276281
6063,148368,1,1,2.558852022048086
6064,148369,1,0,2.552690973971039
6065,148370,1,0,2.5356700061820447
6066,148371,1,0,2.5253899511881173
6067,148372,1,0,2.5288769975304604
6068,148373,1,0,2.5283059803768992
6069,148374,1,0,2.531432022806257
6070,148375,1,1,2.5215439964085817
6071,148376,1,0,2.5360200088471174
6072,148377,1,0,2.5230059982277453
6073,148378,1,0,2.5352489901706576
6074,148379,1,0,2.6565039879642427
6075,148380,1,0,2.519909990951419
6076,148381,1,0,2.526692987885326
6077,148382,1,0,2.5188379804603755
6078,148383,1,1,2.5851610116660595
6079,148384,1,0,2.536952029913664
6080,148385,1,0,2.5163230020552874
6081,148386,1,0,2.5293580256402493
6082,148387,1,0,2.525340998545289
6083,148388,1,0,2.541440015193075
6084,148389,1,0,2.516273991204798
6085,148390,1,1,2.532463986426592
6086,148391,1,0,2.5265629519708455
6087,148392,1,0,2.5291579659096897
6088,148393,1,0,2.5370920193381608
6089,148394,1,0,2.522264956496656
6090,148395,1,0,2.536091022193432
6091,148396,1,0,2.5253400090150535
6092,148397,1,0,2.532492973841727
6093,148398,1,1,2.524498966522515
6094,148399,1,0,2.5419509620405734
6095,148400,1,0,2.531592035666108
6096,148401,1,0,2.539436041843146
6097,148402,1,0,2.5561770307831466
6098,148403,1,0,2.536882006097585
6099,148404,1,0,2.5358800194226205
6100,148405,1,1,2.521864022128284
6101,148406,1,0,2.582395973149687
6102,148407,1,0,2.5519999908283353
6103,148408,1,0,2.529287012293935
6104,148409,1,0,2.535830019041896
6105,148410,1,0,2.523345989175141
6106,148411,1,0,2.5316220126114786
6107,148412,1,1,2.5315520470030606
6108,148413,1,0,2.539195993449539
6109,148414,1,0,2.52387800719589
6110,148415,1,0,2.526892989408225
6111,148416,1,0,2.535438979975879
6112,148417,1,0,2.528446028009057
6113,148418,1,0,2.5365519686602056
6114,148419,1,0,2.528556971810758
6115,148420,1,1,2.54136003786698
6116,148421,1,0,2.521393005736172
6117,148422,1,0,2.539576031267643
6118,148423,1,0,2.5333259836770594
6119,148424,1,0,2.525411022361368
6120,148425,1,0,2.5307009927928448
6121,148426,1,0,2.5202909600920975
6122,148427,1,1,2.53873597830534
6123,148428,1,0,2.5365010369569063
6124,148429,1,0,2.5346779730170965
6125,148430,1,0,2.5234170025214553
6126,148431,1,0,2.5315220118500292
6127,148432,1,0,2.5419609737582505
6128,148433,1,0,2.529287012293935
6129,148434,1,0,2.530690049752593
6130,148435,1,1,2.5342569570057094
6131,148436,1,0,2.5340470019727945
6132,148437,1,0,2.5203520199283957
6133,148438,1,0,2.5357090053148568
6134,148439,1,0,2.5367410271428525
6135,148440,1,0,2.555886982008815
6136,148441,1,0,2.552450983785093
6137,148442,1,1,2.531021018512547
6138,148443,1,0,2.543123031500727
6139,148444,1,0,2.5288769975304604
6140,148445,1,0,2.541230001952499
6141,148446,1,0,2.521082991734147
6142,148447,1,0,2.532194019295275
6143,148448,1,0,2.542631991673261
6144,148449,1,0,2.530580968596041
6145,148450,1,1,2.543954993598163
6146,148451,1,0,2.536209998652339
6147,148452,1,0,2.548474003560841
6148,148453,1,0,2.52902798820287
6149,148454,1,0,2.5334350066259503
6150,148455,1,0,2.5404280168004334
6151,148456,1,0,2.530950994696468
6152,148457,1,1,2.5414099800400436
6153,148458,1,0,2.5324629968963563
6154,148459,1,0,2.550998004153371
6155,148460,1,0,2.533455961383879
6156,148461,1,0,2.5414209812879562
6157,148462,1,0,2.5811949744820595
6158,148463,1,0,2.5355489924550056
6159,148464,1,0,2.5445459759794176
6160,148465,1,1,2.5361200096085668
6161,148466,1,0,2.541621041018516
6162,148467,1,0,2.543032984249294
6163,148468,1,0,2.52954795723781
6164,148469,1,0,2.5353689561598003
6165,148470,1,0,2.533947001211345
6166,148471,1,0,2.531361998990178
6167,148472,1,1,2.5281659909524024
6168,148473,1,0,2.535680017899722
6169,148474,1,0,2.5376229896210134
6170,148475,1,0,2.541561028920114
6171,148476,1,0,2.548073010984808
6172,148477,1,0,2.529397956095636
6173,148478,1,0,2.55431403638795
6174,148479,1,1,2.5362499873153865
6175,148480,1,0,2.5594340404495597
6176,148481,1,0,2.529908961150795
6177,148482,1,0,2.572057012002915
6178,148483,1,0,2.534858009312302
6179,148484,1,0,2.523275965359062
6180,148485,1,0,2.528787008486688
6181,148486,1,0,2.519569010473788
6182,148487,1,1,2.535961044486612
6183,148488,1,0,2.528665994759649
6184,148489,1,0,2.537994005251676
6185,148490,1,0,2.5314619997516274
6186,148491,1,0,2.5215029600076377
6187,148492,1,0,2.5333359953947365
6188,148493,1,0,2.5176960043609142
6189,148494,1,1,2.5249000173062086
6190,148495,1,0,2.533947001211345
6191,148496,1,0,2.539366018027067
6192,148497,1,0,2.532554033678025
6193,148498,1,0,2.5414699921384454
6194,148499,1,0,2.540098037570715
6195,148500,1,0,2.524818992242217
6196,148501,1,0,2.5340670254081488
6197,148502,1,1,2.5269530015066266
6198,148503,1,0,2.5401879684068263
6199,148504,1,0,2.5270829792134464
6200,148505,1,0,2.5378140271641314
6201,148506,1,0,2.525752002838999
6202,148507,1,0,2.717947994824499
6203,148508,1,0,2.5363810127601027
6204,148509,1,1,2.526122028939426
6205,148510,1,0,2.533245016820729
6206,148511,1,0,2.5258520036004484
6207,148512,1,0,2.520191017538309
6208,148513,1,0,2.5370929506607354
6209,148514,1,0,2.528195967897773
6210,148515,1,0,2.5318830157630146
6211,148516,1,0,2.524929994251579
6212,148517,1,1,2.539878012612462
6213,148518,1,0,2.540568995755166
6214,148519,1,0,2.5445459759794176
6215,148520,1,0,2.5322240544483066
6216,148521,1,0,2.517665969207883
6217,148522,1,0,2.5304199662059546
6218,148523,1,0,2.540749032050371
6219,148524,1,1,2.5403290055692196
6220,148525,1,0,2.6416060281917453
6221,148526,1,0,2.52954795723781
6222,148527,1,0,2.5306399911642075
6223,148528,1,0,2.521543006878346
6224,148529,1,0,2.534969011321664
6225,148530,1,0,2.524228999391198
6226,148531,1,0,2.5328139890916646
6227,148532,1,1,2.555125975050032
6228,148533,1,0,2.5282350252382457
6229,148534,1,0,2.546189003624022
6230,148535,1,0,2.5209830491803586
6231,148536,1,0,2.529968973249197
6232,148537,1,0,2.5231370236724615
6233,148538,1,0,2.5402879691682756
6234,148539,1,1,2.5245690485462546
6235,148540,1,0,2.5331350043416023
6236,148541,1,0,2.5169849977828562
6237,148542,1,0,2.5301299756392837
6238,148543,1,0,2.531211997848004
6239,148544,1,0,2.5246890145353973
6240,148545,1,0,2.5278350221924484
6241,148546,1,1,2.524417999666184
6242,148547,1,0,2.536631014663726
6243,148548,1,0,2.5203810073435307
6244,148549,1,0,2.5222949916496873
6245,148550,1,0,2.5238380185328424
6246,148551,1,0,2.5326440227217972
6247,148552,1,0,2.5340960128232837
6248,148553,1,0,2.518988971132785
6249,148554,1,1,2.5257609668187797
6250,148555,1,0,2.521382994018495
6251,148556,1,0,2.523456991184503
6252,148557,1,0,2.5139799690805376
6253,148558,1,0,2.539216016884893
6254,148559,1,0,2.5190089945681393
6255,148560,1,0,2.525180985685438
6256,148561,1,1,2.5276339729316533
6257,148562,1,0,2.523216011468321
6258,148563,1,0,2.5394370313733816
6259,148564,1,0,2.5217930087819695
6260,148565,1,0,2.5304800365120173
6261,148566,1,0,2.5219040107913315
6262,148567,1,0,2.5825659977272153
6263,148568,1,0,2.517306013032794
6264,148569,1,1,2.514118968974799
6265,148570,1,0,2.5234469794668257
6266,148571,1,0,2.519690024200827
6267,148572,1,0,2.5274240178987384
6268,148573,1,0,2.522655006032437
6269,148574,1,0,2.5432330439798534
6270,148575,1,0,2.530721016228199
6271,148576,1,1,2.5322529836557806
6272,148577,1,0,2.540247980505228
6273,148578,1,0,2.534457016736269
6274,148579,1,0,2.542952948715538
6275,148580,1,0,2.52941797953099
6276,148581,1,0,2.5315319653600454
6277,148582,1,0,2.599417988676578
6278,148583,1,0,2.537533000577241
6279,148584,1,1,2.532834012527019
6280,148585,1,0,2.5223850389011204
6281,148586,1,0,2.529328048694879
6282,148587,1,0,2.5224449927918613
6283,148588,1,0,2.538745990023017
6284,148589,1,0,2.5267829769290984
6285,148590,1,0,2.5373820099048316
6286,148591,1,1,2.5216040085069835
6287,148592,1,0,2.5275939842686057
6288,148593,1,0,2.5328940246254206
6289,148594,1,0,2.5249799946323037
6290,148595,1,0,2.543083974160254
6291,148596,1,0,2.5274439831264317
6292,148597,1,0,2.5552059523761272
6293,148598,1,0,2.5323639856651425
6294,148599,1,1,2.542712027207017
6295,148600,1,0,2.541971975006163
6296,148601,1,0,2.5362710002809763
6297,148602,1,0,2.5468209641985595
6298,148603,1,0,2.546468982473016
6299,148604,1,0,2.5455079739913344
6300,148605,1,0,2.5226050056517124
6301,148606,1,1,2.529888995923102
6302,148607,1,0,2.647956949658692
6303,148608,1,0,2.5299699627794325
6304,148609,1,0,2.52668303437531
6305,148610,1,0,2.5176169583573937
6306,148611,1,0,2.527804987039417
6307,148612,1,0,2.5211329921148717
6308,148613,1,0,2.533446007873863
6309,148614,1,1,2.5275240186601877
6310,148615,1,0,2.513127983547747
6311,148616,1,0,2.5252809864468873
6312,148617,1,0,2.5206009740941226
6313,148618,1,0,2.5257020024582744
6314,148619,1,0,2.518797991797328
6315,148620,1,0,2.529617981053889
6316,148621,1,1,2.5174360489472747
6317,148622,1,0,2.528665994759649
6318,148623,1,0,2.5271530030295253
6319,148624,1,0,2.5249000173062086
6320,148625,1,0,2.5254699867218733
6321,148626,1,0,2.5227859732694924
6322,148627,1,0,2.538083994295448
6323,148628,1,1,2.5286570307798684
6324,148629,1,0,2.531161007937044
6325,148630,1,0,2.523076022043824
6326,148631,1,0,2.538565022405237
6327,148632,1,0,2.5731989881023765
6328,148633,1,0,2.522616006899625
6329,148634,1,0,2.5412599788978696
6330,148635,1,0,2.5609660078771412
6331,148636,1,1,2.54030799260363
6332,148637,1,0,2.5337859988212585
6333,148638,1,0,2.5709550245665014
6334,148639,1,0,2.5327240000478923
6335,148640,1,0,2.5186180137097836
6336,148641,1,0,2.5312110083177686
6337,148642,1,0,2.5150710134766996
6338,148643,1,1,2.5305800372734666
6339,148644,1,0,2.5195099879056215
6340,148645,1,0,2.5626900023780763
6341,148646,1,0,2.5278450339101255
6342,148647,1,0,2.5222249678336084
6343,148648,1,0,2.5345769827254117
6344,148649,1,0,2.5263329735025764
6345,148650,1,0,2.538565022405237
6346,148651,1,1,2.5287869502790272
6347,148652,1,0,2.5299289845861495
6348,148653,1,0,2.5171859888359904
6349,148654,1,0,2.532553975470364
6350,148655,1,0,2.539346052799374
6351,148656,1,0,2.5197300128638744
6352,148657,1,0,2.5372430100105703
6353,148658,1,1,2.5354789686389267
6354,148659,1,0,2.540809044148773
6355,148660,1,0,2.5250299950130284
6356,148661,1,0,2.537883003242314
6357,148662,1,0,2.530300000216812
6358,148663,1,0,2.5346179609186947
6359,148664,1,0,2.5381739833392203
6360,148665,1,0,2.5348179624415934
6361,148666,1,1,2.5451980181969702
6362,148667,1,0,2.531882026232779
6363,148668,1,0,2.5337060214951634
6364,148669,1,0,2.5268030003644526
6365,148670,1,0,2.532603044528514
6366,148671,1,0,2.6376289897598326
6367,148672,1,0,2.5316019891761243
6368,148673,1,1,2.5414409465156496
6369,148674,1,0,2.528295968659222
6370,148675,1,0,2.588197006843984
6371,148676,1,0,2.6117709930986166
6372,148677,1,0,2.5271440390497446
6373,148678,1,0,2.537032007239759
6374,148679,1,0,2.5203609839081764
6375,148680,1,0,2.52480898052454
6376,148681,1,1,2.5260720285587013
6377,148682,1,0,2.5303189759142697
6378,148683,1,0,2.5274340296164155
6379,148684,1,0,2.5142700178548694
6380,148685,1,0,2.5173460016958416
6381,148686,1,0,2.515672007575631
6382,148687,1,0,2.530359022784978
6383,148688,1,1,2.5127779808826745
6384,148689,1,0,2.525440009776503
6385,148690,1,0,2.5200300151482224
6386,148691,1,0,2.523717994336039
6387,148692,1,0,2.517045009881258
6388,148693,1,0,2.5191589957103133
6389,148694,1,0,2.5281060370616615
6390,148695,1,1,2.5154820177704096
6391,148696,1,0,2.5232870248146355
6392,148697,1,0,2.5283360155299306
6393,148698,1,0,2.529917983338237
6394,148699,1,0,2.5159340002574027
6395,148700,1,0,2.526692987885326
6396,148701,1,0,2.5181969976983964
6397,148702,1,0,2.521512971725315
6398,148703,1,1,2.5321730063296854
6399,148704,1,0,2.5241579860448837
6400,148705,1,0,2.52936698962003
6401,148706,1,0,2.519069006666541
6402,148707,1,0,2.611390023957938
6403,148708,1,0,2.5186179555021226
6404,148709,1,0,2.52604199340567
6405,148710,1,1,2.5159629876725376
6406,148711,1,0,2.5179170188494027
6407,148712,1,0,2.5254200445488095
6408,148713,1,0,2.5177669594995677
6409,148714,1,0,2.5261719711124897
6410,148715,1,0,2.52503901720047
6411,148716,1,0,2.528156037442386
6412,148717,1,0,2.5195800117217004
6413,148718,1,1,2.5200900272466242
6414,148719,1,0,2.5232069892808795
6415,148720,1,0,2.533114980906248
6416,148721,1,0,2.5268530007451773
6417,148722,1,0,2.519770001526922
6418,148723,1,0,2.519770001526922
6419,148724,1,0,2.5183979887515306
6420,148725,1,1,2.528286015149206
6421,148726,1,0,2.511845959816128
6422,148727,1,0,2.539617009460926
6423,148728,1,0,2.5154019822366536
6424,148729,1,0,2.524317998904735
6425,148730,1,0,2.537924039643258
6426,148731,1,0,2.532433019950986
6427,148732,1,0,2.58611305616796
6428,148733,1,1,2.5257609668187797
6429,148734,1,0,2.5329039781354368
6430,148735,1,0,2.5195290218107402
6431,148736,1,0,2.528515993617475
6432,148737,1,0,2.5437650037929416
6433,148738,1,0,2.51551199471578
6434,148739,1,0,2.529888995923102
6435,148740,1,1,2.5194089976139367
6436,148741,1,0,2.532432961743325
6437,148742,1,0,2.524529001675546
6438,148743,1,0,2.5334649835713208
6439,148744,1,0,2.52346700290218
6440,148745,1,0,2.5342259905301034
6441,148746,1,0,2.5380229926668108
6442,148747,1,0,2.5248799938708544
6443,148748,1,1,2.541299967560917
6444,148749,1,0,2.5228859740309417
6445,148750,1,0,2.5267729652114213
6446,148751,1,0,2.5159630458801985
6447,148752,1,0,2.5246990262530744
6448,148753,1,0,2.517787041142583
6449,148754,1,0,2.543735026847571
6450,148755,1,1,2.538344997446984
6451,148756,1,0,2.5280860136263072
6452,148757,1,0,2.5671980110928416
6453,148758,1,0,2.5227160076610744
6454,148759,1,0,2.5420309975743294
6455,148760,1,0,2.5290469639003277
6456,148761,1,0,2.534147002734244
6457,148762,1,0,2.534157014451921
6458,148763,1,1,2.5290369521826506
6459,148764,1,0,2.5332249933853745
6460,148765,1,0,2.5234370259568095
6461,148766,1,0,2.5309610064141452
6462,148767,1,0,2.521923976019025
6463,148768,1,0,2.5368619826622307
6464,148769,1,0,2.519198984373361
6465,148770,1,1,2.53140099812299
6466,148771,1,0,2.529668970964849
6467,148772,1,0,2.5268130120821297
6468,148773,1,0,2.533616032451391
6469,148774,1,0,2.5213229819200933
6470,148775,1,0,2.5266529992222786
6471,148776,1,0,2.518567955121398
6472,148777,1,1,2.533274993766099
6473,148778,1,0,2.518718014471233
6474,148779,1,0,2.5257309898734093
6475,148780,1,0,2.5199910160154104
6476,148781,1,0,2.5171259767375886
6477,148782,1,0,2.5795710389502347
6478,148783,1,0,2.525570977013558
6479,148784,1,0,2.5301899877376854
6480,148785,1,1,2.516034001018852
6481,148786,1,0,2.5260220281779766
6482,148787,1,0,2.5142200174741447
6483,148788,1,0,2.524178009480238
6484,148789,1,0,2.5205420097336173
6485,148790,1,0,2.5133980088867247
6486,148791,1,0,2.518017019610852
6487,148792,1,1,2.515683008823544
6488,148793,1,0,2.5341660366393626
6489,148794,1,0,2.5110639980994165
6490,148795,1,0,2.5296889944002032
6491,148796,1,0,2.546600007917732
6492,148797,1,0,2.5894790305756032
6493,148798,1,0,2.529048011638224
6494,148799,1,0,2.5166039704345167
6495,148800,1,1,2.531783015001565
6496,148801,1,0,2.517024986445904
6497,148802,1,0,2.5249389582313597
6498,148803,1,0,2.527014003135264
6499,148804,1,0,2.5347679620608687
6500,148805,1,0,2.5331350043416023
6501,148806,1,0,2.5237469817511737
6502,148807,1,1,2.536560990847647
6503,148808,1,0,2.531240985263139
6504,148809,1,0,2.539015025831759
6505,148810,1,0,2.5260219699703157
6506,148811,1,0,2.5340659776702523
6507,148812,1,0,2.5281449779868126
6508,148813,1,0,2.5364509783685207
6509,148814,1,0,2.5376640260219574
6510,148815,1,1,2.521804010029882
6511,148816,1,0,2.5386649649590254
6512,148817,1,0,2.6282809558324516
6513,148818,1,0,2.5348879862576723
6514,148819,1,0,2.532784012146294
6515,148820,1,0,2.5373530224896967
6516,148821,1,0,2.5299290427938104
6517,148822,1,1,2.5219639646820724
6518,148823,1,0,2.5379530270583928
6519,148824,1,0,2.522766008041799
6520,148825,1,0,2.5342069566249847
6521,148826,1,0,2.5250299950130284
6522,148827,1,0,2.5435040006414056
6523,148828,1,0,2.535069012083113
6524,148829,1,0,2.53345601959154
6525,148830,1,1,2.5372319505549967
6526,148831,1,0,2.5263219722546637
6527,148832,1,0,2.5498659815639257
6528,148833,1,0,2.5309600168839097
6529,148834,1,0,2.5369320064783096
6530,148835,1,0,2.5363810127601027
6531,148836,1,0,2.534016966819763
6532,148837,1,1,2.537052030675113
6533,148838,1,0,2.5304100126959383
6534,148839,1,0,2.5415309937670827
6535,148840,1,0,2.533375984057784
6536,148841,1,0,2.5318320258520544
6537,148842,1,0,2.5266529992222786
6538,148843,1,0,2.5448459782637656
6539,148844,1,1,2.5324730086140335
6540,148845,1,0,2.52645299769938
6541,148846,1,0,2.53732199780643
6542,148847,1,0,2.528145967517048
6543,148848,1,0,2.5378940044902265
6544,148849,1,0,2.523957984521985
6545,148850,1,0,2.5362710002809763
6546,148851,1,0,2.5381550076417625
6547,148852,1,1,2.5396569981239736
6548,148853,1,0,2.5396469864062965
6549,148854,1,0,2.540439018048346
6550,148855,1,0,2.536401036195457
6551,148856,1,0,2.527836011722684
6552,148857,1,0,2.589218958746642
6553,148858,1,0,2.5291769998148084
6554,148859,1,1,2.5297690299339592
6555,148860,1,0,2.535379957407713
6556,148861,1,0,2.5324539747089148
6557,148862,1,0,2.5362110463902354
6558,148863,1,0,2.526202006265521
6559,148864,1,0,2.5402780156582594
6560,148865,1,0,2.5264619616791606
6561,148866,1,0,2.5377029669471085
6562,148867,1,1,2.5414410047233105
6563,148868,1,0,2.539467008318752
6564,148869,1,0,2.5497759925201535
6565,148870,1,0,2.529898949433118
6566,148871,1,0,2.542321977671236
6567,148872,1,0,2.5274549843743443
6568,148873,1,0,2.5349280331283808
6569,148874,1,1,2.5397369754500687
6570,148875,1,0,2.5235770153813064
6571,148876,1,0,2.5440650060772896
6572,148877,1,0,2.5236179935745895
6573,148878,1,0,2.536280022468418
6574,148879,1,0,2.523536968510598
6575,148880,1,0,2.534097002353519
6576,148881,1,0,2.529118035454303
6577,148882,1,1,2.5297290412709117
6578,148883,1,0,2.5414099800400436
6579,148884,1,0,2.5960009661503136
6580,148885,1,0,2.545227005612105
6581,148886,1,0,2.5341769796796143
6582,148887,1,0,2.5396979763172567
6583,148888,1,0,2.5383339961990714
6584,148889,1,1,2.530229976400733
6585,148890,1,0,2.53760302439332
6586,148891,1,0,2.5318929692730308
6587,148892,1,0,2.5290169869549572
6588,148893,1,0,2.526773023419082
6589,148894,1,0,2.5334759848192334
6590,148895,1,0,2.52387800719589
6591,148896,1,0,2.5398670113645494
6592,148897,1,1,2.532062993850559
6593,148898,1,0,2.5191690074279904
6594,148899,1,0,2.536511979997158
6595,148900,1,0,2.5251699844375253
6596,148901,1,0,2.531902980990708
6597,148902,1,0,2.533916966058314
6598,148903,1,0,2.5382040184922516
6599,148904,1,1,2.5217539514414966
6600,148905,1,0,2.5202110409736633
6601,148906,1,0,2.5288269971497357
6602,148907,1,0,2.573148987721652
6603,148908,1,0,2.5343979941681027
6604,148909,1,0,2.522584982216358
6605,148910,1,0,2.5378839927725494
6606,148911,1,1,2.5223749689757824
6607,148912,1,0,2.524078998249024
6608,148913,1,0,2.5314020458608866
6609,148914,1,0,2.51792703056708
6610,148915,1,0,2.5316019891761243
6611,148916,1,0,2.5267829769290984
6612,148917,1,0,2.5270539917983115
6613,148918,1,0,2.523817995097488
6614,148919,1,1,2.5335060199722648
6615,148920,1,0,2.5293779908679426
6616,148921,1,0,2.5325239985249937
6617,148922,1,0,2.5328240008093417
6618,148923,1,0,2.5291969650425017
6619,148924,1,0,2.5370820076204836
6620,148925,1,0,2.5209420127794147
6621,148926,1,1,2.5270339683629572
6622,148927,1,0,2.521724032703787
6623,148928,1,0,2.5356400292366743
6624,148929,1,0,2.5206109858117998
6625,148930,1,0,2.5233369669876993
6626,148931,1,0,2.530731027945876
6627,148932,1,0,2.7578510344028473
6628,148933,1,0,2.527735021430999
6629,148934,1,1,2.5267130113206804
6630,148935,1,0,2.528045966755599
6631,148936,1,0,2.537171996664256
6632,148937,1,0,2.525150019209832
6633,148938,1,0,2.5407589855603874
6634,148939,1,0,2.5194500340148807
6635,148940,1,0,2.531391044612974
6636,148941,1,1,2.526352007407695
6637,148942,1,0,2.5346879847347736
6638,148943,1,0,2.5373119860887527
6639,148944,1,0,2.5261520058847964
6640,148945,1,0,2.5326639879494905
6641,148946,1,0,2.5222739786840975
6642,148947,1,0,2.543332986533642
6643,148948,1,0,2.5364509783685207
6644,148949,1,1,2.544565999414772
6645,148950,1,0,2.5251199840568006
6646,148951,1,0,2.5234969798475504
6647,148952,1,0,2.5408390210941434
6648,148953,1,0,2.5325939641334116
6649,148954,1,0,2.535198989789933
6650,148955,1,0,2.527174015995115
6651,148956,1,1,2.538585045840591
6652,148957,1,0,2.568971016444266
6653,148958,1,0,2.5265219737775624
6654,148959,1,0,2.5266529992222786
6655,148960,1,0,2.5133280432783067
6656,148961,1,0,2.525251009501517
6657,148962,1,0,2.5166639825329185
6658,148963,1,0,2.63341999379918
6659,148964,1,1,2.511174010578543
6660,148965,1,0,2.5186179555021226
6661,148966,1,0,2.516133012250066
6662,148967,1,0,2.511514991056174
6663,148968,1,0,2.5327240000478923
6664,148969,1,0,2.5103020016103983
6665,148970,1,0,2.527655044104904
6666,148971,1,1,2.5212729815393686
6667,148972,1,0,2.5180469965562224
6668,148973,1,0,2.5136490003205836
6669,148974,1,0,2.527564996853471
6670,148975,1,0,2.517786982934922
6671,148976,1,0,2.531380974687636
6672,148977,1,0,2.5283059803768992
6673,148978,1,0,2.514950989279896
6674,148979,1,1,2.5240679970011115
6675,148980,1,0,2.5228759623132646
6676,148981,1,0,2.5314720114693046
6677,148982,1,0,2.54486600169912
6678,148983,1,0,2.529678982682526
6679,148984,1,0,2.5146600091829896
6680,148985,1,0,2.526533033233136
6681,148986,1,1,2.5288970209658146
6682,148987,1,0,2.517876971978694
6683,148988,1,0,2.5293879443779588
6684,148989,1,0,2.5208619772456586
6685,148990,1,0,2.520662033930421
6686,148991,1,0,2.513598999939859
6687,148992,1,0,2.525240008253604
6688,148993,1,1,2.5137190241366625
6689,148994,1,0,2.5279250112362206
6690,148995,1,0,2.5329349446110427
6691,148996,1,0,2.51270696753636
6692,148997,1,0,2.527934964746237
6693,148998,1,0,2.5167249841615558
6694,148999,1,0,2.5323430309072137
6695,149000,1,0,2.526542986743152
6696,149001,1,1,2.5272640050388873
6697,149002,1,0,2.5096210301853716
6698,149003,1,0,2.528276003431529
6699,149004,1,0,2.525160030927509
6700,149005,1,0,2.521082991734147
6701,149006,1,0,2.521143003832549
6702,149007,1,0,2.519881003536284
6703,149008,1,1,2.5397780118510127
6704,149009,1,0,2.5183469988405704
6705,149010,1,0,2.5313219521194696
6706,149011,1,0,2.52387800719589
6707,149012,1,0,2.5361700099892914
6708,149013,1,0,2.5244990247301757
6709,149014,1,0,2.521293004974723
6710,149015,1,0,2.536971995141357
6711,149016,1,1,2.5242589763365686
6712,149017,1,0,2.538244007155299
6713,149018,1,0,2.5195199996232986
6714,149019,1,0,2.5320230051875114
6715,149020,1,0,2.5256610242649913
6716,149021,1,0,2.5261820410378277
6717,149022,1,0,2.530268975533545
6718,149023,1,1,2.5195300113409758
6719,149024,1,0,2.529837947804481
6720,149025,1,0,2.5197399663738906
6721,149026,1,0,2.5286469608545303
6722,149027,1,0,2.522626018617302
6723,149028,1,0,2.5510579580441117
6724,149029,1,0,2.5193089968524873
6725,149030,1,0,2.531080972403288
6726,149031,1,1,2.5218140217475593
6727,149032,1,0,2.5199909578077495
6728,149033,1,0,2.529188001062721
6729,149034,1,0,2.5214229826815426
6730,149035,1,0,2.5314310332760215
6731,149036,1,0,2.52884702058509
6732,149037,1,0,2.535278967116028
6733,149038,1,1,2.5266229640692472
6734,149039,1,0,2.5267829769290984
6735,149040,1,0,2.541140012908727
6736,149041,1,0,2.523787028621882
6737,149042,1,0,2.536971995141357
6738,149043,1,0,2.529478049837053
6739,149044,1,0,2.538223983719945
6740,149045,1,0,2.523556991945952
6741,149046,1,1,2.5334260426461697
6742,149047,1,0,2.5568889686837792
6743,149048,1,0,2.525951014831662
6744,149049,1,0,2.5347580085508525
6745,149050,1,0,2.528665994759649
6746,149051,1,0,2.535999985411763
6747,149052,1,0,2.527393982745707
6748,149053,1,1,2.5353390374220908
6749,149054,1,0,2.5233670021407306
6750,149055,1,0,2.5326739996671677
6751,149056,1,0,2.5405180058442056
6752,149057,1,0,2.6188840274699032
6753,149058,1,0,2.5391560047864914
6754,149059,1,0,2.5259509566240013
6755,149060,1,1,2.5333149824291468
6756,149061,1,0,2.517465967684984
6757,149062,1,0,2.5200509699061513
6758,149063,1,0,2.5306210154667497
6759,149064,1,0,2.5203509721904993
6760,149065,1,0,2.536230953410268
6761,149066,1,0,2.5276949745602906
6762,149067,1,0,2.5407090433873236
6763,149068,1,1,2.526052005123347
6764,149069,1,0,2.5275839725509286
6765,149070,1,0,2.5293080252595246
6766,149071,1,0,2.5228059967048466
6767,149072,1,0,2.5420620222575963
6768,149073,1,0,2.5237269583158195
6769,149074,1,0,2.533395017962903
6770,149075,1,1,2.5328240008093417
6771,149076,1,0,2.5295180385001004
6772,149077,1,0,2.515982952900231
6773,149078,1,0,2.5325939641334116
6774,149079,1,0,2.534397004637867
6775,149080,1,0,2.5273740175180137
6776,149081,1,0,2.533956023398787
6777,149082,1,0,2.5654140044935048
6778,149083,1,1,2.5329350028187037
6779,149084,1,0,2.5258809910155833
6780,149085,1,0,2.5319120031781495
6781,149086,1,0,2.5188889703713357
6782,149087,1,0,2.523967996239662
6783,149088,1,0,2.537763968575746
6784,149089,1,0,2.529909019358456
6785,149090,1,1,2.5385040207765996
6786,149091,1,0,2.5294789811596274
6787,149092,1,0,2.539266017265618
6788,149093,1,0,2.520832000300288
6789,149094,1,0,2.53814400639385
6790,149095,1,0,2.5496549787931144
6791,149096,1,0,2.5158729986287653
6792,149097,1,0,2.528926997911185
6793,149098,1,1,2.523556991945952
6794,149099,1,0,2.5334349484182894
6795,149100,1,0,2.5258410023525357
6796,149101,1,0,2.5257719680666924
6797,149102,1,0,2.5160930235870183
6798,149103,1,0,2.5329950149171054
6799,149104,1,0,2.5381240411661565
6800,149105,1,1,2.522535971365869
6801,149106,1,0,2.5356400292366743
6802,149107,1,0,2.6463239919394255
6803,149108,1,0,2.5343670276924968
6804,149109,1,0,2.625164983328432
6805,149110,1,0,2.5166449486277997
6806,149111,1,0,2.523867995478213
6807,149112,1,0,2.5128680281341076
6808,149113,1,1,2.5276539963670075
6809,149114,1,0,2.507146040443331
6810,149115,1,0,2.53562000580132
6811,149116,1,0,2.518007007893175
6812,149117,1,0,2.527243981603533
6813,149118,1,0,2.5278559769503772
6814,149119,1,0,2.519148983992636
6815,149120,1,1,2.5288669858127832
6816,149121,1,0,2.5213030166924
6817,149122,1,0,2.5307099567726254
6818,149123,1,0,2.5189489824697375
6819,149124,1,0,2.5311110075563192
6820,149125,1,0,2.5158420321531594
6821,149126,1,0,2.5346679612994194
6822,149127,1,1,2.5268730241805315
6823,149128,1,0,2.5236280052922666
6824,149129,1,0,2.5347580085508525
6825,149130,1,0,2.526673022657633
6826,149131,1,0,2.5310610071755946
6827,149132,1,0,2.54870398202911
6828,149133,1,0,2.5264929863624275
6829,149134,1,0,2.5213530170731246
6830,149135,1,1,2.5292880018241704
6831,149136,1,0,2.5296479579992592
6832,149137,1,0,2.522874972783029
6833,149138,1,0,2.5291269994340837
6834,149139,1,0,2.521704009268433
6835,149140,1,0,2.536471001803875
6836,149141,1,0,2.5168749853037298
6837,149142,1,1,2.525971969589591
6838,149143,1,0,2.519770001526922
6839,149144,1,0,2.5341769796796143
6840,149145,1,0,2.5367519701831043
6841,149146,1,0,2.5167249841615558
6842,149147,1,0,2.5279049878008664
6843,149148,1,0,2.521032001823187
6844,149149,1,0,2.524818992242217
6845,149150,1,1,2.520962036214769
6846,149151,1,0,2.5204610428772867
6847,149152,1,0,2.521713962778449
6848,149153,1,0,2.532323997002095
6849,149154,1,0,2.5258419918827713
6850,149155,1,0,2.527784963604063
6851,149156,1,0,2.534727973397821
6852,149157,1,1,2.5923349894583225
6853,149158,1,0,2.5379639700986445
6854,149159,1,0,2.524208975955844
6855,149160,1,0,2.531250996980816
6856,149161,1,0,2.5326039758510888
6857,149162,1,0,2.5262419949285686
6858,149163,1,0,2.533446007873863
6859,149164,1,0,2.525440009776503
6860,149165,1,1,2.530259022023529
6861,149166,1,0,2.5178269715979695
6862,149167,1,0,2.5337960105389357
6863,149168,1,0,2.529267978388816
6864,149169,1,0,2.536480955313891
6865,149170,1,0,2.534536994062364
6866,149171,1,0,2.5250499602407217
6867,149172,1,1,2.5305100134573877
6868,149173,1,0,2.520181005820632
6869,149174,1,0,2.5285359588451684
6870,149175,1,0,2.5288559845648706
6871,149176,1,0,2.543543989304453
6872,149177,1,0,2.521593007259071
6873,149178,1,0,2.528576005715877
6874,149179,1,0,2.5347979972139
6875,149180,1,1,2.519358997233212
6876,149181,1,0,2.532062993850559
6877,149182,1,0,2.5686000008136034
6878,149183,1,0,2.538083994295448
6879,149184,1,0,2.530739991925657
6880,149185,1,0,2.536149986553937
6881,149186,1,0,2.5320330169051886
6882,149187,1,1,2.572458004578948
6883,149188,1,0,2.5398670113645494
6884,149189,1,0,2.5268729659728706
6885,149190,1,0,2.5301299756392837
6886,149191,1,0,2.515361993573606
6887,149192,1,0,2.5403290055692196
6888,149193,1,0,2.5280650006607175
6889,149194,1,0,2.526302996557206
6890,149195,1,1,2.5464799837209284
6891,149196,1,0,2.526933967601508
6892,149197,1,0,2.5309709599241614
6893,149198,1,0,2.5204719859175384
6894,149199,1,0,2.5356499827466905
6895,149200,1,0,2.5251099723391235
6896,149201,1,0,2.531762991566211
6897,149202,1,1,2.5269430479966104
6898,149203,1,0,2.519790024962276
6899,149204,1,0,2.5319730048067868
6900,149205,1,0,2.5192390312440693
6901,149206,1,0,2.543604001402855
6902,149207,1,0,2.5211519678123295
6903,149208,1,0,2.5345180183649063
6904,149209,1,1,2.5183369871228933
6905,149210,1,0,2.5315519887953997
6906,149211,1,0,2.527944976463914
6907,149212,1,0,2.5213430053554475
6908,149213,1,0,2.5276439846493304
6909,149214,1,0,2.515833009965718
6910,149215,1,0,2.5387060013599694
6911,149216,1,0,2.515431959182024
6912,149217,1,1,2.5269630132243037
6913,149218,1,0,2.519508998375386
6914,149219,1,0,2.5282659917138517
6915,149220,1,0,2.531341975554824
6916,149221,1,0,2.512375998776406
6917,149222,1,0,2.5330750504508615
6918,149223,1,0,2.5359399733133614
6919,149224,1,1,2.5323540321551263
6920,149225,1,0,2.519289031624794
6921,149226,1,0,2.5249089812859893
6922,149227,1,0,2.5184479891322553
6923,149228,1,0,2.5301799760200083
6924,149229,1,0,2.5253109633922577
6925,149230,1,0,2.5175859918817878
6926,149231,1,0,2.5311110075563192
6927,149232,1,1,2.5185279664583504
6928,149233,1,0,2.5278949760831892
6929,149234,1,0,2.522434981074184
6930,149235,1,0,2.5373229873366654
6931,149236,1,0,2.515341970138252
6932,149237,1,0,2.5233469787053764
6933,149238,1,0,2.525770978536457
6934,149239,1,1,2.517815970350057
6935,149240,1,0,2.538083994295448
6936,149241,1,0,2.525812014937401
6937,149242,1,0,2.540599030908197
6938,149243,1,0,2.5256910012103617
6939,149244,1,0,2.5301799760200083
6940,149245,1,0,2.520170994102955
6941,149246,1,0,2.533735998440534
6942,149247,1,1,2.5277850218117237
6943,149248,1,0,2.526752999983728
6944,149249,1,0,2.528697019442916
6945,149250,1,0,2.5288669858127832
6946,149251,1,0,2.5305100134573877
6947,149252,1,0,2.5121059734374285
6948,149253,1,0,2.529428049456328
6949,149254,1,1,2.517045009881258
6950,149255,1,0,2.6335009606555104
6951,149256,1,0,2.525310032069683
6952,149257,1,0,2.526571974158287
6953,149258,1,0,2.5310610071755946
6954,149259,1,0,2.5138490018434823
6955,149260,1,0,2.5292380014434457
6956,149261,1,0,2.515741973184049
6957,149262,1,1,2.530539990402758
6958,149263,1,0,2.5246290024369955
6959,149264,1,0,2.5137790362350643
6960,149265,1,0,2.526191994547844
6961,149266,1,0,2.5125870015472174
6962,149267,1,0,2.5365620385855436
6963,149268,1,0,2.522215014323592
6964,149269,1,1,2.5292770005762577
6965,149270,1,0,2.520731999538839
6966,149271,1,0,2.529087010771036
6967,149272,1,0,2.527805045247078
6968,149273,1,0,2.520971989724785
6969,149274,1,0,2.544726012274623
6970,149275,1,0,2.5372729869559407
6971,149276,1,1,2.533195016440004
6972,149277,1,0,2.520512032788247
6973,149278,1,0,2.533195016440004
6974,149279,1,0,2.5265029980801046
6975,149280,1,0,2.528687007725239
6976,149281,1,0,2.539677021559328
6977,149282,1,0,2.6025130064226687
6978,149283,1,0,2.5324730086140335
6979,149284,1,1,2.526692987885326
6980,149285,1,0,2.5357999838888645
6981,149286,1,0,2.5457480223849416
6982,149287,1,0,2.534648054279387
6983,149288,1,0,2.54555803257972
6984,149289,1,0,2.537202031817287
6985,149290,1,0,2.5406089844182134
6986,149291,1,1,2.5389959919266403
6987,149292,1,0,2.545858034864068
6988,149293,1,0,2.52748402999714
6989,149294,1,0,2.5303299771621823
6990,149295,1,0,2.5367719936184585
6991,149296,1,0,2.5177369825541973
6992,149297,1,0,2.530028985347599
6993,149298,1,0,2.5181170203723013
6994,149299,1,1,2.52779497532174
6995,149300,1,0,2.5619189837016165
6996,149301,1,0,2.547301002778113
6997,149302,1,0,2.535638981498778
6998,149303,1,0,2.5284760049544275
6999,149304,1,0,2.5290679768659174
7000,149305,1,0,2.524629991967231
7001,149306,1,1,2.531742036808282
7002,149307,1,0,2.565475006122142
7003,149308,1,0,2.531390986405313
7004,149309,1,0,2.517114975489676
7005,149310,1,0,2.5215030182152987
7006,149311,1,0,2.5309710181318223
7007,149312,1,0,2.522815018892288
7008,149313,1,0,2.5303290458396077
7009,149314,1,1,2.526352007407695
7010,149315,1,0,2.53101100679487
7011,149316,1,0,2.515291969757527
7012,149317,1,0,2.5231660110875964
7013,149318,1,0,2.5163039681501687
7014,149319,1,0,2.5236780056729913
7015,149320,1,0,2.5335759855806828
7016,149321,1,1,2.520420996006578
7017,149322,1,0,2.52094300230965
7018,149323,1,0,2.5150610017590225
7019,149324,1,0,2.5231270119547844
7020,149325,1,0,2.513427985832095
7021,149326,1,0,2.5270740152336657
7022,149327,1,0,2.520080015528947
7023,149328,1,0,2.5367619819007814
7024,149329,1,1,2.534868021029979
7025,149330,1,0,2.517544955480844
7026,149331,1,0,2.52964801620692
7027,149332,1,0,2.533947001211345
7028,149333,1,0,2.529888995923102
7029,149334,1,0,2.521603018976748
7030,149335,1,0,2.525299962144345
7031,149336,1,1,2.519891015253961
7032,149337,1,0,2.5332950172014534
7033,149338,1,0,2.550648001488298
7034,149339,1,0,2.526281983591616
7035,149340,1,0,2.535609994083643
7036,149341,1,0,2.530689991544932
7037,149342,1,0,2.526281983591616
7038,149343,1,0,2.523537026718259
7039,149344,1,1,2.5360200088471174
7040,149345,1,0,2.5351179647259414
7041,149346,1,0,2.5226559955626726
7042,149347,1,0,2.5322629953734577
7043,149348,1,0,2.524348034057766
7044,149349,1,0,2.530450001358986
7045,149350,1,0,2.5258910027332604
7046,149351,1,1,2.530489000491798
7047,149352,1,0,2.51970998942852
7048,149353,1,0,2.536240965127945
7049,149354,1,0,2.5408490328118205
7050,149355,1,0,2.5255110231228173
7051,149356,1,0,2.540318004321307
7052,149357,1,0,2.6007809792645276
7053,149358,1,1,2.5720569537952542
7054,149359,1,0,2.552060002926737
7055,149360,1,0,2.530861005652696
7056,149361,1,0,2.5424619670957327
7057,149362,1,0,2.5776270194910467
7058,149363,1,0,2.549956028815359
7059,149364,1,0,2.529407967813313
7060,149365,1,0,2.5386749766767025
7061,149366,1,1,2.5553960003890097
7062,149367,1,0,2.5317820254713297
7063,149368,1,0,2.5555859901942313
7064,149369,1,0,2.540398039855063
7065,149370,1,0,2.5489639956504107
7066,149371,1,0,2.552450983785093
7067,149372,1,0,2.547932032030076
7068,149373,1,1,2.5566479889675975
7069,149374,1,0,2.5581910158507526
7070,149375,1,0,2.537994005251676
7071,149376,1,0,2.5222839904017746
7072,149377,1,0,2.537042018957436
7073,149378,1,0,2.5249600294046104
7074,149379,1,0,2.540910034440458
7075,149380,1,0,2.5504970108158886
7076,149381,1,1,2.5222940021194518
7077,149382,1,0,2.5665370048955083
7078,149383,1,0,2.5309610064141452
7079,149384,1,0,2.5382040184922516
7080,149385,1,0,2.523887960705906
7081,149386,1,0,2.5399880250915885
7082,149387,1,0,2.53399700159207
7083,149388,1,1,2.530950994696468
7084,149389,1,0,2.539396984502673
7085,149390,1,0,2.51795700751245
7086,149391,1,0,2.534297003876418
7087,149392,1,0,2.5253400090150535
7088,149393,1,0,2.5360199506394565
7089,149394,1,0,2.535348990932107
7090,149395,1,0,2.535480016376823
7091,149396,1,1,2.530379977542907
7092,149397,1,0,2.5199500378221273
7093,149398,1,0,2.537592954467982
7094,149399,1,0,2.5190990418195724
7095,149400,1,0,2.5320930290035903
7096,149401,1,0,2.629593014717102
7097,149402,1,0,2.5360899744555354
7098,149403,1,1,2.5345279718749225
7099,149404,1,0,2.5267029996030033
7100,149405,1,0,2.5371029623784125
7101,149406,1,0,2.515372005291283
7102,149407,1,0,2.5961920036934316
7103,149408,1,0,2.5169140426442027
7104,149409,1,0,2.526692987885326
7105,149410,1,0,2.54965596832335
7106,149411,1,1,2.519700035918504
7107,149412,1,0,2.5364310131408274
7108,149413,1,0,2.5216429494321346
7109,149414,1,0,2.5347580085508525
7110,149415,1,0,2.5162840029224753
7111,149416,1,0,2.5289769982919097
7112,149417,1,0,2.5240190443582833
7113,149418,1,1,2.527132979594171
7114,149419,1,0,2.5333749945275486
7115,149420,1,0,2.522355003748089
7116,149421,1,0,2.5275240186601877
7117,149422,1,0,2.518296998459846
7118,149423,1,0,2.53005902050063
7119,149424,1,0,2.5140889920294285
7120,149425,1,1,2.525821968447417
7121,149426,1,0,2.515702974051237
7122,149427,1,0,2.5243579875677824
7123,149428,1,0,2.526352007407695
7124,149429,1,0,2.5174859911203384
7125,149430,1,0,2.5298389955423772
7126,149431,1,0,2.516755019314587
7127,149432,1,0,2.5293679791502655
7128,149433,1,1,2.5208020233549178
7129,149434,1,0,2.5336460093967617
7130,149435,1,0,2.5209420127794147
7131,149436,1,0,2.5271130143664777
7132,149437,1,0,2.52094300230965
7133,149438,1,0,2.520040958188474
7134,149439,1,0,2.5295389932580292
7135,149440,1,1,2.5145200197584927
7136,149441,1,0,2.5270929909311235
7137,149442,1,0,2.5134780444204807
7138,149443,1,0,2.53060000250116
7139,149444,1,0,2.5362310116179287
7140,149445,1,0,2.5264029973186553
7141,149446,1,0,2.507608034648001
7142,149447,1,0,2.5320430286228657
7143,149448,1,1,2.535549981985241
7144,149449,1,0,2.5097709731198847
7145,149450,1,0,2.5219640228897333
7146,149451,1,0,2.5241280090995133
7147,149452,1,0,2.526122028939426
7148,149453,1,0,2.5158629869110882
7149,149454,1,0,2.5323029840365052
7150,149455,1,1,2.5135180330835283
7151,149456,1,0,2.517946995794773
7152,149457,1,0,2.519699977710843
7153,149458,1,0,2.5254199863411486
7154,149459,1,0,2.525159972719848
7155,149460,1,0,2.5178869836963713
7156,149461,1,0,2.528906974475831
7157,149462,1,0,2.5184580008499324
7158,149463,1,1,2.5390759692527354
7159,149464,1,0,2.522265014704317
7160,149465,1,0,2.525069983676076
7161,149466,1,0,2.5228350423276424
7162,149467,1,0,2.524920040741563
7163,149468,1,0,2.52439797623083
7164,149469,1,0,2.5208420120179653
7165,149470,1,1,2.527964999899268
7166,149471,1,0,2.5189179577864707
7167,149472,1,0,2.520811976864934
7168,149473,1,0,2.520271053072065
7169,149474,1,0,2.5354790268465877
7170,149475,1,0,2.534888975787908
7171,149476,1,0,2.5234969798475504
7172,149477,1,0,2.5279149995185435
7173,149478,1,1,2.529818972107023
7174,149479,1,0,2.530349011067301
7175,149480,1,0,2.517466025892645
7176,149481,1,0,2.527103992179036
7177,149482,1,0,2.6079940143972635
7178,149483,1,0,2.516735054086894
7179,149484,1,0,2.533885999582708
7180,149485,1,1,2.520932990591973
7181,149486,1,0,2.531633013859391
7182,149487,1,0,2.515672007575631
7183,149488,1,0,2.539996989071369
7184,149489,1,0,2.5160929653793573
7185,149490,1,0,2.5246390141546726
7186,149491,1,0,2.52709403866902
7187,149492,1,1,2.5174960028380156
7188,149493,1,0,2.5370929506607354
7189,149494,1,0,2.524690004065633
7190,149495,1,0,2.532885002437979
7191,149496,1,0,2.5180569500662386
7192,149497,1,0,2.543234033510089
7193,149498,1,0,2.5266429875046015
7194,149499,1,0,2.540899033192545
7195,149500,1,1,2.5409790105186403
7196,149501,1,0,2.536791027523577
7197,149502,1,0,2.544655988458544
7198,149503,1,0,2.531502046622336
7199,149504,1,0,2.5438250158913434
7200,149505,1,0,2.5305700255557895
7201,149506,1,0,2.534066967200488
7202,149507,1,1,2.6204370078630745
7203,149508,1,0,2.5219640228897333
7204,149509,1,0,2.53461702959612
7205,149510,1,0,2.520620997529477
7206,149511,1,0,2.5311409845016897
7207,149512,1,0,2.5237579829990864
7208,149513,1,0,2.5474620051681995
7209,149514,1,0,2.5314619997516274
7210,149515,1,1,2.5227550067938864
7211,149516,1,0,2.53253395203501
7212,149517,1,0,2.5273950304836035
7213,149518,1,0,2.53088102908805
7214,149519,1,0,2.5199599913321435
7215,149520,1,0,2.527634962461889
7216,149521,1,0,2.515902975574136
7217,149522,1,1,2.533394959755242
7218,149523,1,0,2.5358599959872663
7219,149524,1,0,2.513969026040286
7220,149525,1,0,2.522835973650217
7221,149526,1,0,2.5118549820035696
7222,149527,1,0,2.5271530030295253
7223,149528,1,0,2.520260983146727
7224,149529,1,0,2.522344992030412
7225,149530,1,1,2.515202038921416
7226,149531,1,0,2.5235069915652275
7227,149532,1,0,2.7255910099484026
7228,149533,1,0,2.521804010029882
7229,149534,1,0,2.5329539785161614
7230,149535,1,0,2.52604199340567
7231,149536,1,0,2.5403790059499443
7232,149537,1,1,2.5320129934698343
7233,149538,1,0,2.5256009539589286
7234,149539,1,0,2.536241023335606
7235,149540,1,0,2.5220639654435217
7236,149541,1,0,2.549213997554034
7237,149542,1,0,2.522365015465766
7238,149543,1,0,2.536721993237734
7239,149544,1,0,2.522915950976312
7240,149545,1,1,2.5315010570921004
7241,149546,1,0,2.532683953177184
7242,149547,1,0,2.6252660318277776
7243,149548,1,0,2.5366820045746863
7244,149549,1,0,2.524598967283964
7245,149550,1,0,2.5268540484830737
7246,149551,1,0,2.5198710500262678
7247,149552,1,1,2.5213530170731246
7248,149553,1,0,2.531461010221392
7249,149554,1,0,2.518508001230657
7250,149555,1,0,2.5299289845861495
7251,149556,1,0,2.5111339637078345
7252,149557,1,0,2.594779012724757
7253,149558,1,0,2.517525979783386
7254,149559,1,0,2.528857032302767
7255,149560,1,1,2.5139289791695774
7256,149561,1,0,2.5228349841199815
7257,149562,1,0,2.531641977839172
7258,149563,1,0,2.522975963074714
7259,149564,1,0,2.5362310116179287
7260,149565,1,0,2.526562020648271
7261,149566,1,0,2.5376429548487067
7262,149567,1,1,2.523957984521985
7263,149568,1,0,2.5347869959659874
7264,149569,1,0,2.5507069658488035
7265,149570,1,0,2.527014003135264
7266,149571,1,0,2.5399469886906445
7267,149572,1,0,2.518988971132785
7268,149573,1,0,2.5513189611956477
7269,149574,1,1,2.529297024011612
7270,149575,1,0,2.5448770029470325
7271,149576,1,0,2.520220004953444
7272,149577,1,0,2.546689996961504
7273,149578,1,0,2.5786900077946484
7274,149579,1,0,2.524439012631774
7275,149580,1,0,2.5316629908047616
7276,149581,1,0,2.515722007956356
7277,149582,1,1,2.528084965888411
7278,149583,1,0,2.5262919953092933
7279,149584,1,0,2.5269840261898935
7280,149585,1,0,2.524889016058296
7281,149586,1,0,2.5115039898082614
7282,149587,1,0,2.5224449927918613
7283,149588,1,0,2.519849978853017
7284,149589,1,1,2.528285956941545
7285,149590,1,0,2.5182869867421687
7286,149591,1,0,2.5295779923908412
7287,149592,1,0,2.5166539708152413
7288,149593,1,0,2.534418017603457
7289,149594,1,0,2.5198700022883713
7290,149595,1,0,2.5219939998351038
7291,149596,1,0,2.5264020077884197
7292,149597,1,1,2.514249994419515
7293,149598,1,0,2.5216140202246606
7294,149599,1,0,2.520812035072595
7295,149600,1,0,2.525762014556676
7296,149601,1,0,2.5149810244329274
7297,149602,1,0,2.5284160510636866
7298,149603,1,0,2.5220750248990953
7299,149604,1,1,2.529909019358456
7300,149605,1,0,2.5343670276924968
7301,149606,1,0,2.5089900009334087
7302,149607,1,0,2.5269640027545393
7303,149608,1,0,2.516605018172413
7304,149609,1,0,2.522996044717729
7305,149610,1,0,2.531320962589234
7306,149611,1,0,2.5251200422644615
7307,149612,1,1,2.5156430201604962
7308,149613,1,0,2.5716869859024882
7309,149614,1,0,2.5723769795149565
7310,149615,1,0,2.522115013562143
7311,149616,1,0,2.526763011701405
7312,149617,1,0,2.5201310054399073
7313,149618,1,0,2.5264029973186553
7314,149619,1,1,2.5221339892596006
7315,149620,1,0,2.5236780056729913
7316,149621,1,0,2.5268429890275
7317,149622,1,0,2.515703032258898
7318,149623,1,0,2.529909019358456
7319,149624,1,0,2.5215240311808884
7320,149625,1,0,2.5292580248788
7321,149626,1,0,2.516554028261453
7322,149627,1,1,2.530871017370373
7323,149628,1,0,2.5130180292762816
7324,149629,1,0,2.5277449749410152
7325,149630,1,0,2.51669401768595
7326,149631,1,0,2.513738989364356
7327,149632,1,0,2.5309810298494995
7328,149633,1,0,2.5192690081894398
7329,149634,1,1,2.5321030407212675
7330,149635,1,0,2.5283360155299306
7331,149636,1,0,2.5270740152336657
7332,149637,1,0,2.5279950350522995
7333,149638,1,0,2.538905944675207
7334,149639,1,0,2.5434739654883742
7335,149640,1,0,2.5294380029663444
7336,149641,1,1,2.5413900148123503
7337,149642,1,0,2.5254099746234715
7338,149643,1,0,2.5446959771215916
7339,149644,1,0,2.5305909803137183
7340,149645,1,0,2.5301590212620795
7341,149646,1,0,2.5301399873569608
7342,149647,1,0,2.540318004321307
7343,149648,1,0,2.533655962906778
7344,149649,1,1,2.521752961911261
7345,149650,1,0,2.5369420181959867
7346,149651,1,0,2.526623022276908
7347,149652,1,0,2.53294495632872
7348,149653,1,0,2.5274440413340926
7349,149654,1,0,2.551148005295545
7350,149655,1,0,2.541610039770603
7351,149656,1,1,2.524958981666714
7352,149657,1,0,2.579109976068139
7353,149658,1,0,2.5249000173062086
7354,149659,1,0,2.537864027544856
7355,149660,1,0,2.530790981836617
7356,149661,1,0,2.534508006647229
7357,149662,1,0,2.52048100810498
7358,149663,1,0,2.5313920341432095
7359,149664,1,1,2.525721036363393
7360,149665,1,0,2.5150919682346284
7361,149666,1,0,2.526923955883831
7362,149667,1,0,2.5198099901899695
7363,149668,1,0,2.5234270142391324
7364,149669,1,0,2.512075996492058
7365,149670,1,0,2.535077976062894
7366,149671,1,1,2.5270330370403826
7367,149672,1,0,2.5203709956258535
7368,149673,1,0,2.540107991080731
7369,149674,1,0,2.5211829924955964
7370,149675,1,0,2.5317129911854863
7371,149676,1,0,2.5185479898937047
7372,149677,1,0,2.523386967368424
7373,149678,1,0,2.517825982067734
7374,149679,1,1,2.5296880048699677
7375,149680,1,0,2.518808003515005
7376,149681,1,0,2.528606040868908
7377,149682,1,0,2.6080639800056815
7378,149683,1,0,2.521003014408052
7379,149684,1,0,2.532834012527019
7380,149685,1,0,2.521563961636275
7381,149686,1,1,2.53461702959612
7382,149687,1,0,2.5147710111923516
7383,149688,1,0,2.5293679791502655
7384,149689,1,0,2.5235270150005817
7385,149690,1,0,2.5144100072793663
7386,149691,1,0,2.5308000040240586
7387,149692,1,0,2.5230160099454224
7388,149693,1,0,2.6528769521974027
7389,149694,1,1,2.524729003198445
7390,149695,1,0,2.52686400199309
7391,149696,1,0,2.5231370236724615
7392,149697,1,0,2.5241380208171904
7393,149698,1,0,2.5281159905716777
7394,149699,1,0,2.5145409745164216
7395,149700,1,0,2.5217439979314804
7396,149701,1,1,2.5157819618470967
7397,149702,1,0,2.5269630132243037
7398,149703,1,0,2.5140790385194123
7399,149704,1,0,2.5265829754061997
7400,149705,1,0,2.5104020023718476
7401,149706,1,0,2.518798050004989
7402,149707,1,0,2.749415987636894
7403,149708,1,1,2.5267229648306966
7404,149709,1,0,2.533485007006675
7405,149710,1,0,2.544235030654818
7406,149711,1,0,2.5206109858117998
7407,149712,1,0,2.53060000250116
7408,149713,1,0,2.5166249834001064
7409,149714,1,0,2.5291169877164066
7410,149715,1,0,2.5289569748565555
7411,149716,1,1,2.527996024582535
7412,149717,1,0,2.5251900078728795
7413,149718,1,0,2.5301790446974337
7414,149719,1,0,2.5344069581478834
7415,149720,1,0,2.5219839881174266
7416,149721,1,0,2.5279250112362206
7417,149722,1,0,2.5081379571929574
7418,149723,1,1,2.5273740175180137
7419,149724,1,0,2.51417001709342
7420,149725,1,0,2.5242780102416873
7421,149726,1,0,2.5201999815180898
7422,149727,1,0,2.5269240140914917
7423,149728,1,0,2.5187780265696347
7424,149729,1,0,2.521003014408052
7425,149730,1,0,2.545557974372059
7426,149731,1,1,2.5273850187659264
7427,149732,1,0,2.605238987598568
7428,149733,1,0,2.526763011701405
7429,149734,1,0,2.5335060199722648
7430,149735,1,0,2.533955965191126
7431,149736,1,0,2.5228550075553358
7432,149737,1,0,2.5318320258520544
7433,149738,1,1,2.519811037927866
7434,149739,1,0,2.527334028854966
7435,149740,1,0,2.522215014323592
7436,149741,1,0,2.5265730218961835
7437,149742,1,0,2.5259710382670164
7438,149743,1,0,2.5354399695061147
7439,149744,1,0,2.5321830180473626
7440,149745,1,0,2.520140027627349
7441,149746,1,1,2.530800993554294
7442,149747,1,0,2.529788005631417
7443,149748,1,0,2.5377339916303754
7444,149749,1,0,2.5283460272476077
7445,149750,1,0,2.587424998637289
7446,149751,1,0,2.540468005463481
7447,149752,1,0,2.5291769998148084
7448,149753,1,1,2.5375739787705243
7449,149754,1,0,2.544004993978888
7450,149755,1,0,2.5411199894733727
7451,149756,1,0,2.528987010009587
7452,149757,1,0,2.6055490016005933
7453,149758,1,0,2.575373975560069
7454,149759,1,0,2.5516589521430433
7455,149760,1,0,2.5924250367097557
7456,149761,1,1,2.5228059967048466
7457,149762,1,0,2.5365010369569063
7458,149763,1,0,2.51592299900949
7459,149764,1,0,2.5320430286228657
7460,149765,1,0,2.526473021134734
7461,149766,1,0,2.5206109858117998
7462,149767,1,0,2.53533897921443
7463,149768,1,1,2.5225949939340353
7464,149769,1,0,2.5286959717050195
7465,149770,1,0,2.5201509706676006
7466,149771,1,0,2.539677021559328
7467,149772,1,0,2.513076993636787
7468,149773,1,0,2.5284760049544275
7469,149774,1,0,2.5236470391973853
7470,149775,1,0,2.5249799946323037
7471,149776,1,1,2.528426004573703
7472,149777,1,0,2.5165139813907444
7473,149778,1,0,2.540387969929725
7474,149779,1,0,2.528056036680937
7475,149780,1,0,2.53047002479434
7476,149781,1,0,2.515501982998103
7477,149782,1,0,2.5632199831306934
7478,149783,1,1,2.5321730063296854
7479,149784,1,0,2.519448986276984
7480,149785,1,0,2.52563098911196
7481,149786,1,0,2.51726497663185
7482,149787,1,0,2.533395017962903
7483,149788,1,0,2.523989009205252
7484,149789,1,0,2.5314720114693046
7485,149790,1,1,2.5175060145556927
7486,149791,1,0,2.5246290024369955
7487,149792,1,0,2.5385740445926785
7488,149793,1,0,2.520971989724785
7489,149794,1,0,2.5353090022690594
7490,149795,1,0,2.5369219947606325
7491,149796,1,0,2.538244007155299
7492,149797,1,0,2.522135036997497
7493,149798,1,1,2.5309909833595157
7494,149799,1,0,2.5247889570891857
7495,149800,1,0,2.5180879747495055
7496,149801,1,0,2.524598967283964
7497,149802,1,0,2.515292027965188
7498,149803,1,0,2.5346979964524508
7499,149804,1,0,2.5188690051436424
7500,149805,1,1,2.526112017221749
7501,149806,1,0,2.5187089922837913
7502,149807,1,0,2.52802501199767
7503,149808,1,0,2.515282016247511
7504,149809,1,0,2.515993022825569
7505,149810,1,0,2.5420609745197
7506,149811,1,0,2.5170150329358876
7507,149812,1,0,2.5382839958183467
7508,149813,1,1,2.5125769898295403
7509,149814,1,0,2.5221839896403253
7510,149815,1,0,2.525490999687463
7511,149816,1,0,2.528996963519603
7512,149817,1,0,2.512647013645619
7513,149818,1,0,2.5217740330845118
7514,149819,1,0,2.5348280323669314
7515,149820,1,1,2.5171759771183133
7516,149821,1,0,2.5234169443137944
7517,149822,1,0,2.5135879986919463
7518,149823,1,0,2.529558027163148
7519,149824,1,0,2.5190190062858164
7520,149825,1,0,2.538976026698947
7521,149826,1,0,2.5210430030710995
7522,149827,1,0,2.5396670098416507
7523,149828,1,1,2.5358899729326367
7524,149829,1,0,2.5314720114693046
7525,149830,1,0,2.5363010354340076
7526,149831,1,0,2.525439951568842
7527,149832,1,0,2.6242739986628294
7528,149833,1,0,2.52509000711143
7529,149834,1,0,2.5259110261686146
7530,149835,1,1,2.5408490328118205
7531,149836,1,0,2.5228250306099653
7532,149837,1,0,2.535288978833705
7533,149838,1,0,2.526934025809169
7534,149839,1,0,2.635293989442289
7535,149840,1,0,2.5339669664390385
7536,149841,1,0,2.5218839873559773
7537,149842,1,0,2.525571035221219
7538,149843,1,1,2.517946995794773
7539,149844,1,0,2.5271339691244066
7540,149845,1,0,2.5179170188494027
7541,149846,1,0,2.527864999137819
7542,149847,1,0,2.5179969961754978
7543,149848,1,0,2.5297090178355575
7544,149849,1,0,2.537983004003763
7545,149850,1,1,2.516754961106926
7546,149851,1,0,2.5280650006607175
7547,149852,1,0,2.5348879862576723
7548,149853,1,0,2.5323230074718595
7549,149854,1,0,2.5311120552942157
7550,149855,1,0,2.528276003431529
7551,149856,1,0,2.516784006729722
7552,149857,1,1,2.57844798034057
7553,149858,1,0,2.5290079647675157
7554,149859,1,0,2.519309986382723
7555,149860,1,0,2.5304590235464275
7556,149861,1,0,2.5151410372927785
7557,149862,1,0,2.52527097472921
7558,149863,1,0,2.5207719882018864
7559,149864,1,0,2.533446007873863
7560,149865,1,1,2.5182570097967982
7561,149866,1,0,2.531692967750132
7562,149867,1,0,2.526331983972341
7563,149868,1,0,2.511034021154046
7564,149869,1,0,2.5197500362992287
7565,149870,1,0,2.5086390087381005
7566,149871,1,0,2.522584982216358
7567,149872,1,1,2.518096996936947
7568,149873,1,0,2.5262419949285686
7569,149874,1,0,2.51795700751245
7570,149875,1,0,2.523777016904205
7571,149876,1,0,2.5209320010617375
7572,149877,1,0,2.5253299972973764
7573,149878,1,0,2.5263529969379306
7574,149879,1,0,2.5153919705189764
7575,149880,1,1,2.5334350066259503
7576,149881,1,0,2.516414038836956
7577,149882,1,0,2.6281910249963403
7578,149883,1,0,2.5272240163758397
7579,149884,1,0,2.5209419545717537
7580,149885,1,0,2.527174015995115
7581,149886,1,0,2.5159430224448442
7582,149887,1,1,2.530790981836617
7583,149888,1,0,2.5323129957541823
7584,149889,1,0,2.5320329586975276
7585,149890,1,0,2.5180469965562224
7586,149891,1,0,2.5332660297863185
7587,149892,1,0,2.5266429875046015
7588,149893,1,0,2.5174859911203384
7589,149894,1,0,2.5270640035159886
7590,149895,1,1,2.5211520260199904
7591,149896,1,0,2.535410050768405
7592,149897,1,0,2.5230359751731157
7593,149898,1,0,2.533895953092724
7594,149899,1,0,2.5278250104747713
7595,149900,1,0,2.5458490126766264
7596,149901,1,0,2.569733012933284
7597,149902,1,1,2.517115033697337
7598,149903,1,0,2.536111045628786
7599,149904,1,0,2.5258309906348586
7600,149905,1,0,2.5284860166721046
7601,149906,1,0,2.5155030307359993
7602,149907,1,0,2.557450032327324
7603,149908,1,0,2.522194990888238
7604,149909,1,0,2.517456014174968
7605,149910,1,1,2.528476994484663
7606,149911,1,0,2.5168340071104467
7607,149912,1,0,2.5337160332128406
7608,149913,1,0,2.5163039681501687
7609,149914,1,0,2.528776996769011
7610,149915,1,0,2.5233569904230535
7611,149916,1,0,2.5290970224887133
7612,149917,1,1,2.5182070094160736
7613,149918,1,0,2.536331012379378
7614,149919,1,0,2.5385449989698827
7615,149920,1,0,2.5174260372295976
7616,149921,1,0,2.528126002289355
7617,149922,1,0,2.5239369715563953
7618,149923,1,0,2.532512997277081
7619,149924,1,0,2.5236470391973853
7620,149925,1,1,2.5283860159106553
