start_position,origin_id,n_predictions,single_origin_sample,duration_ms
0,124850,1,1,5.569321976508945
1,124851,1,0,2.9234180110506713
2,124852,1,0,2.8388609644025564
3,124853,1,0,2.8233019984327257
4,124854,1,0,2.8079450130462646
5,124855,1,0,2.801341994199902
6,124856,1,0,2.8116710018366575
7,124857,1,0,2.811832004226744
8,124858,1,0,2.8120820061303675
9,124859,1,0,2.811901969835162
10,124860,1,0,2.8031349647790194
11,124861,1,0,2.9629619675688446
12,124862,1,0,2.84319999627769
13,124863,1,0,2.8065419755876064
14,124864,1,0,2.8007610235363245
15,124865,1,0,2.7983259642496705
16,124866,1,0,2.7983569889329374
17,124867,1,1,2.964654006063938
18,124868,1,0,2.7857430395670235
19,124869,1,0,2.7839599642902613
20,124870,1,0,2.793958003167063
21,124871,1,0,2.785502001643181
22,124872,1,0,2.7921049622818828
23,124873,1,0,2.7791610336862504
24,124874,1,0,2.760516945272684
25,124875,1,0,2.8097080066800117
26,124876,1,0,2.7788400184363127
27,124877,1,0,2.7924859896302223
28,124878,1,0,2.782747964374721
29,124879,1,0,2.7597349835559726
30,124880,1,0,2.7734499890357256
31,124881,1,0,2.7797119691967964
32,124882,1,0,2.7704639942385256
33,124883,1,0,2.7691019931808114
34,124884,1,1,2.752952044829726
35,124885,1,0,2.7617780142463744
36,124886,1,0,2.7593139675445855
37,124887,1,0,2.771928033325821
38,124888,1,0,2.7718470082618296
39,124889,1,0,2.760466013569385
40,124890,1,0,2.827921009156853
41,124891,1,0,2.7667080285027623
42,124892,1,0,2.7667279937304556
43,124893,1,0,2.9099429957568645
44,124894,1,0,2.7788100414909422
45,124895,1,0,2.7625400107353926
46,124896,1,0,2.772036998067051
47,124897,1,0,2.7720279758796096
48,124898,1,0,2.7757349889725447
49,124899,1,0,2.742213022429496
50,124900,1,0,2.708560030441731
51,124901,1,1,2.72104301257059
52,124902,1,0,2.7288569835945964
53,124903,1,0,2.7232880238443613
54,124904,1,0,2.7143910410813987
55,124905,1,0,2.721203025430441
56,124906,1,0,2.721062977798283
57,124907,1,0,2.8443419723771513
58,124908,1,0,2.746951999142766
59,124909,1,0,2.7535430272109807
60,124910,1,0,2.755527035333216
61,124911,1,0,2.7753040194511414
62,124912,1,0,2.775583998300135
63,124913,1,0,2.771436993498355
64,124914,1,0,2.7649650000967085
65,124915,1,0,2.761157986242324
66,124916,1,0,2.7615680010057986
67,124917,1,0,2.760597039014101
68,124918,1,1,2.749266044702381
69,124919,1,0,2.946040011011064
70,124920,1,0,2.85453099058941
71,124921,1,0,2.800619986373931
72,124922,1,0,2.768319973256439
73,124923,1,0,2.755928027909249
74,124924,1,0,2.74669099599123
75,124925,1,0,2.7553659747354686
76,124926,1,0,2.7632619603537023
77,124927,1,0,2.7628510142676532
78,124928,1,0,2.7596549480222166
79,124929,1,0,2.751048014033586
80,124930,1,0,2.858307969290763
81,124931,1,0,2.754374989308417
82,124932,1,0,2.7757040224969387
83,124933,1,0,2.7600560570135713
84,124934,1,0,2.744747034739703
85,124935,1,1,2.7512890519574285
86,124936,1,0,2.750026003923267
87,124937,1,0,2.7625200455076993
88,124938,1,0,2.759474969934672
89,124939,1,0,2.7549960068427026
90,124940,1,0,2.759705006610602
91,124941,1,0,2.7647740207612514
92,124942,1,0,2.7647940441966057
93,124943,1,0,2.7452580397948623
94,124944,1,0,2.744026016443968
95,124945,1,0,3.222983970772475
96,124946,1,0,2.783047966659069
97,124947,1,0,2.7527619968168437
98,124948,1,0,2.7762959944084287
99,124949,1,0,2.793017018120736
100,124950,1,0,2.769542974419892
101,124951,1,0,2.74762196931988
102,124952,1,1,2.7830979670397937
103,124953,1,0,2.760775969363749
104,124954,1,0,2.788838988635689
105,124955,1,0,2.7619089814834297
106,124956,1,0,2.755708002950996
107,124957,1,0,2.7570599922910333
108,124958,1,0,2.7649039984680712
109,124959,1,0,2.755246008746326
110,124960,1,0,2.76567495893687
111,124961,1,0,2.7421920094639063
112,124962,1,0,2.7607170050032437
113,124963,1,0,2.756469009909779
114,124964,1,0,2.764022967312485
115,124965,1,0,2.7524009929038584
116,124966,1,0,2.7549060177989304
117,124967,1,0,2.7708049747161567
118,124968,1,0,2.7633620193228126
119,124969,1,1,2.7638219762593508
120,124970,1,0,2.746770973317325
121,124971,1,0,2.7481739525683224
122,124972,1,0,2.907709975261241
123,124973,1,0,2.8182639507576823
124,124974,1,0,2.7854220243170857
125,124975,1,0,2.8227620059624314
126,124976,1,0,2.754255023319274
127,124977,1,0,2.756147994659841
128,124978,1,0,2.7652450371533632
129,124979,1,0,2.7571499813348055
130,124980,1,0,2.732513996306807
131,124981,1,0,2.713199006393552
132,124982,1,0,2.72740499349311
133,124983,1,0,2.719198993872851
134,124984,1,0,2.718809002544731
135,124985,1,0,2.7021379792131484
136,124986,1,1,2.717365976423025
137,124987,1,0,2.728877996560186
138,124988,1,0,2.719150041230023
139,124989,1,0,2.7073679957538843
140,124990,1,0,2.72622297052294
141,124991,1,0,2.7224760269746184
142,124992,1,0,2.7217749739065766
143,124993,1,0,2.7105340268462896
144,124994,1,0,2.7261519571766257
145,124995,1,0,2.7166150393895805
146,124996,1,0,2.7221249765716493
147,124997,1,0,2.739287039730698
148,124998,1,0,3.010179032571614
149,124999,1,0,2.8484190115705132
150,125000,1,0,2.8517250320874155
151,125001,1,0,2.868876967113465
152,125002,1,0,2.891167998313904
153,125003,1,1,2.907509042415768
154,125004,1,0,2.890386967919767
155,125005,1,0,2.8619239456020296
156,125006,1,0,2.8604919789358974
157,125007,1,0,2.8447919758036733
158,125008,1,0,2.8396329726092517
159,125009,1,0,2.8371980297379196
160,125010,1,0,2.84201797330752
161,125011,1,0,2.843579975888133
162,125012,1,0,2.84037395613268
163,125013,1,0,2.844492031726986
164,125014,1,0,2.8583979583345354
165,125015,1,0,2.846154966391623
166,125016,1,0,2.840583969373256
167,125017,1,0,2.85236700437963
168,125018,1,0,2.842237998265773
169,125019,1,0,2.8657009825110435
170,125020,1,1,2.856574021279812
171,125021,1,0,2.8527170070447028
172,125022,1,0,2.8418470174074173
173,125023,1,0,2.8525469824671745
174,125024,1,0,2.8436100110411644
175,125025,1,0,2.984341001138091
176,125026,1,0,2.8364970348775387
177,125027,1,0,2.83944298280403
178,125028,1,0,2.8549719718284905
179,125029,1,0,2.850814023986459
180,125030,1,0,2.852336037904024
181,125031,1,0,2.85991100827232
182,125032,1,0,2.8549209819175303
183,125033,1,0,2.8413760010153055
184,125034,1,0,2.8326699975878
185,125035,1,0,2.8385010082274675
186,125036,1,0,2.8458040324039757
187,125037,1,1,2.852615958545357
188,125038,1,0,2.8005099738948047
189,125039,1,0,2.7799620293080807
190,125040,1,0,2.7602959889918566
191,125041,1,0,2.8029250097461045
192,125042,1,0,2.8450730023905635
193,125043,1,0,2.9237089911475778
194,125044,1,0,2.8144759708084166
195,125045,1,0,2.7688120026141405
196,125046,1,0,2.714080037549138
197,125047,1,0,2.7096120174974203
198,125048,1,0,2.7336259954608977
199,125049,1,0,2.757109992671758
200,125050,1,0,2.7643939829431474
201,125051,1,0,2.873135032132268
202,125052,1,0,2.7600250323303044
203,125053,1,0,2.7765860431827605
204,125054,1,1,2.770685008727014
205,125055,1,0,2.773320011328906
206,125056,1,0,2.758493006695062
207,125057,1,0,2.752722008153796
208,125058,1,0,2.758914022706449
209,125059,1,0,2.7654150035232306
210,125060,1,0,2.785682969260961
211,125061,1,0,2.7547659701667726
212,125062,1,0,2.7496159891597927
213,125063,1,0,2.7766459970735013
214,125064,1,0,2.762120042461902
215,125065,1,0,2.7548359939828515
216,125066,1,0,2.7385749854147434
217,125067,1,0,2.751478983554989
218,125068,1,0,2.7573700062930584
219,125069,1,0,2.76095699518919
220,125070,1,0,2.7522709569893777
221,125071,1,1,2.7480829739943147
222,125072,1,0,2.7570699458010495
223,125073,1,0,2.7509579667821527
224,125074,1,0,2.7628510142676532
225,125075,1,0,2.741050033364445
226,125076,1,0,2.754405024461448
227,125077,1,0,2.7604260249063373
228,125078,1,0,2.882282016798854
229,125079,1,0,2.761067997198552
230,125080,1,0,2.7455890085548162
231,125081,1,0,2.7530830120667815
232,125082,1,0,2.7912730001844466
233,125083,1,0,2.821979986038059
234,125084,1,0,2.858308027498424
235,125085,1,0,2.84775800537318
236,125086,1,0,2.7945099864155054
237,125087,1,0,2.743865014053881
238,125088,1,1,2.7973640244454145
239,125089,1,0,2.7815959765575826
240,125090,1,0,2.7714859461411834
241,125091,1,0,2.7785899583250284
242,125092,1,0,2.752942033112049
243,125093,1,0,2.7469510096125305
244,125094,1,0,2.7543549658730626
245,125095,1,0,2.7600860339589417
246,125096,1,0,2.7543549658730626
247,125097,1,0,2.746420039329678
248,125098,1,0,2.7763049583882093
249,125099,1,0,2.760074974503368
250,125100,1,0,2.761698968242854
251,125101,1,0,2.742722979746759
252,125102,1,0,2.7455579838715494
253,125103,1,0,2.761848969385028
254,125104,1,0,2.9682409949600697
255,125105,1,1,2.78858799720183
256,125106,1,0,2.768921956885606
257,125107,1,0,2.7576209977269173
258,125108,1,0,2.7550369850359857
259,125109,1,0,2.7602059999480844
260,125110,1,0,2.7618290041573346
261,125111,1,0,2.8819210128858685
262,125112,1,0,2.7254910091869533
263,125113,1,0,2.7023990405723453
264,125114,1,0,2.721683995332569
265,125115,1,0,2.725330996327102
266,125116,1,0,2.7210330008529127
267,125117,1,0,2.708319982048124
268,125118,1,0,2.7602859772741795
269,125119,1,0,2.7620290056802332
270,125120,1,0,2.7614680002443492
271,125121,1,0,2.749486011452973
272,125122,1,1,2.7528920327313244
273,125123,1,0,2.7538230060599744
274,125124,1,0,2.7527619968168437
275,125125,1,0,2.7603760245256126
276,125126,1,0,2.753222011961043
277,125127,1,0,2.764443983323872
278,125128,1,0,2.7650549891404808
279,125129,1,0,2.757981012109667
280,125130,1,0,2.7451380155980587
281,125131,1,0,2.8919700416736305
282,125132,1,0,2.771625993773341
283,125133,1,0,2.785221964586526
284,125134,1,0,2.7832690393552184
285,125135,1,0,2.791904960758984
286,125136,1,0,2.745979989413172
287,125137,1,0,2.750116982497275
288,125138,1,0,2.7495860122144222
289,125139,1,1,2.75328301358968
290,125140,1,0,2.7496969560161233
291,125141,1,0,2.7435649535618722
292,125142,1,0,2.7615680010057986
293,125143,1,0,2.760896983090788
294,125144,1,0,2.7533629909157753
295,125145,1,0,2.7478730189614
296,125146,1,0,2.744356985203922
297,125147,1,0,2.752740983851254
298,125148,1,0,2.755837980657816
299,125149,1,0,2.743265009485185
300,125150,1,0,2.7415609802119434
301,125151,1,0,2.7457589749246836
302,125152,1,0,2.7551770326681435
303,125153,1,0,2.76113796280697
304,125154,1,0,2.745528006926179
305,125155,1,0,2.739227027632296
306,125156,1,1,2.7566300122998655
307,125157,1,0,3.061975003220141
308,125158,1,0,2.737843955401331
309,125159,1,0,2.7139600133523345
310,125160,1,0,2.732694032602012
311,125161,1,0,2.716425049584359
312,125162,1,0,2.7159840101376176
313,125163,1,0,2.7194900321774185
314,125164,1,0,2.721725031733513
315,125165,1,0,2.723857993260026
316,125166,1,0,2.7492460212670267
317,125167,1,0,2.7573000406846404
318,125168,1,0,2.809115976560861
319,125169,1,0,2.7820770046673715
320,125170,1,0,2.753262990154326
321,125171,1,0,2.757510985247791
322,125172,1,0,2.758412971161306
323,125173,1,0,2.7623589849099517
324,125174,1,1,2.743454009760171
325,125175,1,0,2.7732389862649143
326,125176,1,0,2.7576509746722877
327,125177,1,0,2.851876022759825
328,125178,1,0,2.8448720113374293
329,125179,1,0,2.8672540211118758
330,125180,1,0,2.9187800246290863
331,125181,1,0,2.8312369831837714
332,125182,1,0,2.8348040068522096
333,125183,1,0,2.8528679977171123
334,125184,1,0,2.9867850244045258
335,125185,1,0,2.856493985746056
336,125186,1,0,2.854279999155551
337,125187,1,0,2.85352801438421
338,125188,1,0,2.8539900085888803
339,125189,1,0,2.848799980711192
340,125190,1,0,2.836137020494789
341,125191,1,1,2.8359160060063004
342,125192,1,0,2.843840979039669
343,125193,1,0,2.8424779884517193
344,125194,1,0,2.8524670051410794
345,125195,1,0,2.8497619787231088
346,125196,1,0,2.847538038622588
347,125197,1,0,2.848519943654537
348,125198,1,0,2.837428997736424
349,125199,1,0,2.8644480044022202
350,125200,1,0,2.8443210176192224
351,125201,1,0,2.8387409984134138
352,125202,1,0,2.747482038103044
353,125203,1,0,2.7169359964318573
354,125204,1,0,2.702448982745409
355,125205,1,0,2.8201870154589415
356,125206,1,0,2.7203609934076667
357,125207,1,0,2.705595048610121
358,125208,1,1,2.7108340291306376
359,125209,1,0,2.704342012293637
360,125210,1,0,2.8458849992603064
361,125211,1,0,2.7115159900859
362,125212,1,0,2.7090510120615363
363,125213,1,0,2.721623983234167
364,125214,1,0,2.7561180177144706
365,125215,1,0,2.750327985268086
366,125216,1,0,2.7599959867075086
367,125217,1,0,2.749876002781093
368,125218,1,0,2.7511990047059953
369,125219,1,0,2.7581919566728175
370,125220,1,0,2.749565988779068
371,125221,1,0,2.760817005764693
372,125222,1,0,2.7314030448906124
373,125223,1,0,2.752061001956463
374,125224,1,0,2.759093011263758
375,125225,1,1,2.9147820314392447
376,125226,1,0,2.747673017438501
377,125227,1,0,2.7390560135245323
378,125228,1,0,2.7886879979632795
379,125229,1,0,2.753221953753382
380,125230,1,0,2.752311003860086
381,125231,1,0,2.802133036311716
382,125232,1,0,2.74529802845791
383,125233,1,0,2.759032999165356
384,125234,1,0,2.7565190102905035
385,125235,1,0,2.754063985776156
386,125236,1,0,2.742451964877546
387,125237,1,0,2.88265198469162
388,125238,1,0,2.7449270128272474
389,125239,1,0,2.749636012595147
390,125240,1,0,2.7651350246742368
391,125241,1,0,2.755667024757713
392,125242,1,1,2.7423329884186387
393,125243,1,0,2.749656036030501
394,125244,1,0,2.7655260055325925
395,125245,1,0,2.753894019406289
396,125246,1,0,2.751088992226869
397,125247,1,0,2.729289000853896
398,125248,1,0,2.754524990450591
399,125249,1,0,2.7504279860295355
400,125250,1,0,2.78158497530967
401,125251,1,0,2.7634419966489077
402,125252,1,0,2.748434024397284
403,125253,1,0,2.751549007371068
404,125254,1,0,2.7467409963719547
405,125255,1,0,2.7451280038803816
406,125256,1,0,2.730611013248563
407,125257,1,0,2.7573099941946566
408,125258,1,0,2.750848012510687
409,125259,1,1,2.789760008454323
410,125260,1,0,2.792205021250993
411,125261,1,0,2.758082002401352
412,125262,1,0,2.785943972412497
413,125263,1,0,2.9203019803389907
414,125264,1,0,2.7562989853322506
415,125265,1,0,2.8109800186939538
416,125266,1,0,2.73574999300763
417,125267,1,0,2.7333959587849677
418,125268,1,0,2.7577520231716335
419,125269,1,0,2.7611670084297657
420,125270,1,0,2.7573899715207517
421,125271,1,0,2.7432639617472887
422,125272,1,0,2.741381002124399
423,125273,1,0,2.7664369554258883
424,125274,1,0,2.7551560197025537
425,125275,1,0,2.7498959680087864
426,125276,1,1,2.7344379923306406
427,125277,1,0,2.750698011368513
428,125278,1,0,2.753483015112579
429,125279,1,0,2.744475961662829
430,125280,1,0,2.7417519595474005
431,125281,1,0,2.740648982580751
432,125282,1,0,2.745137957390398
433,125283,1,0,2.749225008301437
434,125284,1,0,2.745147969108075
435,125285,1,0,2.8135949978604913
436,125286,1,0,2.7551460079848766
437,125287,1,0,2.746810030657798
438,125288,1,0,2.74949602317065
439,125289,1,0,2.7392060146667063
440,125290,1,0,2.876230049878359
441,125291,1,0,2.7451880159787834
442,125292,1,0,2.756769012194127
443,125293,1,1,2.7558979927562177
444,125294,1,0,2.7421520208008587
445,125295,1,0,2.73201399249956
446,125296,1,0,2.7501870063133538
447,125297,1,0,2.751169027760625
448,125298,1,0,2.747481979895383
449,125299,1,0,2.7357509825378656
450,125300,1,0,2.7742120437324047
451,125301,1,0,2.7482029981911182
452,125302,1,0,2.748293976765126
453,125303,1,0,2.739638031926006
454,125304,1,0,2.730250998865813
455,125305,1,0,2.757180016487837
456,125306,1,0,2.7607669471763074
457,125307,1,0,2.748402999714017
458,125308,1,0,2.7517899870872498
459,125309,1,0,2.7367619914002717
460,125310,1,1,2.74908501887694
461,125311,1,0,2.7410899638198316
462,125312,1,0,2.7451369678601623
463,125313,1,0,2.7263929951004684
464,125314,1,0,2.7540840092115104
465,125315,1,0,2.750005980487913
466,125316,1,0,2.873705991078168
467,125317,1,0,2.7789209852926433
468,125318,1,0,2.7216949965804815
469,125319,1,0,2.740137977525592
470,125320,1,0,2.7469409978948534
471,125321,1,0,2.744015015196055
472,125322,1,0,2.730139996856451
473,125323,1,0,2.742562966886908
474,125324,1,0,2.760736970230937
475,125325,1,0,2.7501569711603224
476,125326,1,0,2.7551669627428055
477,125327,1,1,2.766827994491905
478,125328,1,0,2.75392405455932
479,125329,1,0,2.7712269802577794
480,125330,1,0,2.7658360195346177
481,125331,1,0,2.756619011051953
482,125332,1,0,2.7488740161061287
483,125333,1,0,2.7649850235320628
484,125334,1,0,2.7522610034793615
485,125335,1,0,2.7602859772741795
486,125336,1,0,2.7521909796632826
487,125337,1,0,2.763751952443272
488,125338,1,0,2.749415987636894
489,125339,1,0,2.747742983046919
490,125340,1,0,2.825425995979458
491,125341,1,0,2.754545013885945
492,125342,1,0,2.7435750234872103
493,125343,1,0,2.8956669848412275
494,125344,1,1,2.7619389584288
495,125345,1,0,2.7573800180107355
496,125346,1,0,2.758713031653315
497,125347,1,0,2.7369330055080354
498,125348,1,0,2.7584119816310704
499,125349,1,0,2.75662902276963
500,125350,1,0,2.7650949778035283
501,125351,1,0,2.753011998720467
502,125352,1,0,2.7462400030344725
503,125353,1,0,2.7768459985964
504,125354,1,0,2.788007026538253
505,125355,1,0,2.758301969151944
506,125356,1,0,2.745597972534597
507,125357,1,0,2.7451880159787834
508,125358,1,0,2.7531119994819164
509,125359,1,0,2.746761019807309
510,125360,1,0,2.753613982349634
511,125361,1,1,2.744896977674216
512,125362,1,0,2.7496659895405173
513,125363,1,0,2.8239130042493343
514,125364,1,0,2.7535430272109807
515,125365,1,0,2.7474919916130602
516,125366,1,0,2.7444559964351356
517,125367,1,0,2.7556479908525944
518,125368,1,0,2.798055997118354
519,125369,1,0,2.8917189920321107
520,125370,1,0,2.759764960501343
521,125371,1,0,2.7528420323505998
522,125372,1,0,2.75856297230348
523,125373,1,0,2.7535230037756264
524,125374,1,0,2.778330002911389
525,125375,1,0,2.750377985648811
526,125376,1,0,2.7140300371684134
527,125377,1,0,2.7177270385436714
528,125378,1,1,2.7109350194223225
529,125379,1,0,2.707839012145996
530,125380,1,0,2.6930809835903347
531,125381,1,0,2.704272046685219
532,125382,1,0,2.7103329775854945
533,125383,1,0,2.702289028093219
534,125384,1,0,2.732724999077618
535,125385,1,0,2.750337007455528
536,125386,1,0,2.748242986854166
537,125387,1,0,2.752792031969875
538,125388,1,0,2.7346480055712163
539,125389,1,0,2.733636007178575
540,125390,1,0,2.7484039892442524
541,125391,1,0,2.751488995272666
542,125392,1,0,2.737823990173638
543,125393,1,0,2.7432640199549496
544,125394,1,0,2.7735100011341274
545,125395,1,1,2.760135044809431
546,125396,1,0,2.8417070279829204
547,125397,1,0,2.6994329527951777
548,125398,1,0,2.708679996430874
549,125399,1,0,2.7050839853473008
550,125400,1,0,2.70974199520424
551,125401,1,0,2.6951850159093738
552,125402,1,0,2.7103940374217927
553,125403,1,0,2.7174060232937336
554,125404,1,0,2.7474930393509567
555,125405,1,0,2.7487740153446794
556,125406,1,0,2.738575974944979
557,125407,1,0,2.748444036114961
558,125408,1,0,2.7565889758989215
559,125409,1,0,2.8255159850232303
560,125410,1,0,2.742582990322262
561,125411,1,0,2.7632819837890565
562,125412,1,1,2.776706009171903
563,125413,1,0,2.7525119949132204
564,125414,1,0,2.7400179533287883
565,125415,1,0,2.750767976976931
566,125416,1,0,2.750468032900244
567,125417,1,0,2.742802957072854
568,125418,1,0,2.751899999566376
569,125419,1,0,2.7407099842093885
570,125420,1,0,2.776166016701609
571,125421,1,0,2.8155180043540895
572,125422,1,0,2.9010470025241375
573,125423,1,0,2.767598954960704
574,125424,1,0,2.745928999502212
575,125425,1,0,2.7402890264056623
576,125426,1,0,2.7431939961388707
577,125427,1,0,2.7403890271671116
578,125428,1,0,2.744015015196055
579,125429,1,1,2.7532230014912784
580,125430,1,0,2.738956012763083
581,125431,1,0,2.736722002737224
582,125432,1,0,2.798355999402702
583,125433,1,0,2.736370952334255
584,125434,1,0,2.731182030402124
585,125435,1,0,2.7461089775897563
586,125436,1,0,2.7429439942352474
587,125437,1,0,2.7427340392023325
588,125438,1,0,2.7384450077079237
589,125439,1,0,2.742743003182113
590,125440,1,0,2.7516399859450758
591,125441,1,0,2.74465698748827
592,125442,1,0,2.7504669851623476
593,125443,1,0,2.7371629839763045
594,125444,1,0,2.756478963419795
595,125445,1,0,2.7488439809530973
596,125446,1,1,2.7480529970489442
597,125447,1,0,2.740328956861049
598,125448,1,0,2.7449479675851762
599,125449,1,0,2.8963679797016084
600,125450,1,0,2.7700939681380987
601,125451,1,0,2.7663970249705017
602,125452,1,0,2.7629410033114254
603,125453,1,0,2.740179013926536
604,125454,1,0,2.7478720294311643
605,125455,1,0,2.7908929623663425
606,125456,1,0,2.772217965684831
607,125457,1,0,2.7527210186235607
608,125458,1,0,2.740498981438577
609,125459,1,0,2.740600029937923
610,125460,1,0,2.755096007604152
611,125461,1,0,2.7459089760668576
612,125462,1,0,2.7313519967719913
613,125463,1,1,2.7429540059529245
614,125464,1,0,2.7487040497362614
615,125465,1,0,2.7460390119813383
616,125466,1,0,2.750848012510687
617,125467,1,0,2.7462890138849616
618,125468,1,0,2.7508290368132293
619,125469,1,0,2.754524990450591
620,125470,1,0,2.7551459497772157
621,125471,1,0,2.735740039497614
622,125472,1,0,2.7406199951656163
623,125473,1,0,2.749064995441586
624,125474,1,0,2.7487350162118673
625,125475,1,0,2.8806290356442332
626,125476,1,0,2.7440660051070154
627,125477,1,0,2.741109987255186
628,125478,1,0,2.8774130041711032
629,125479,1,0,2.7585930074565113
630,125480,1,1,2.7397569501772523
631,125481,1,0,2.727074024733156
632,125482,1,0,2.732743974775076
633,125483,1,0,2.742112032137811
634,125484,1,0,2.7471710345707834
635,125485,1,0,2.732994966208935
636,125486,1,0,2.733244968112558
637,125487,1,0,2.7470909990370274
638,125488,1,0,2.739286981523037
639,125489,1,0,2.751850988715887
640,125490,1,0,2.7283370145596564
641,125491,1,0,2.758803020697087
642,125492,1,0,2.7508880011737347
643,125493,1,0,2.746851008851081
644,125494,1,0,2.7337970095686615
645,125495,1,0,2.741039963439107
646,125496,1,0,2.749356033746153
647,125497,1,0,2.7637630118988454
648,125498,1,1,2.744806988630444
649,125499,1,0,2.743684977758676
650,125500,1,0,2.7508990024216473
651,125501,1,0,2.7506170445121825
652,125502,1,0,2.885568013880402
653,125503,1,0,2.760727016720921
654,125504,1,0,2.752521017100662
655,125505,1,0,2.7459589764475822
656,125506,1,0,2.7446469757705927
657,125507,1,0,2.7427839813753963
658,125508,1,0,2.736080961767584
659,125509,1,0,2.738063980359584
660,125510,1,0,2.744806988630444
661,125511,1,0,2.7721779770217836
662,125512,1,0,2.7684710221365094
663,125513,1,0,2.748814004007727
664,125514,1,0,2.751820022240281
665,125515,1,1,2.7726690168492496
666,125516,1,0,2.7564289630390704
667,125517,1,0,2.7578420122154057
668,125518,1,0,2.7466199826449156
669,125519,1,0,2.7667080285027623
670,125520,1,0,2.7656859601847827
671,125521,1,0,2.779120986815542
672,125522,1,0,2.7512990054674447
673,125523,1,0,2.746631042100489
674,125524,1,0,2.8099280316382647
675,125525,1,0,2.762800024356693
676,125526,1,0,2.7596349827945232
677,125527,1,0,2.759354014415294
678,125528,1,0,2.8755490202456713
679,125529,1,0,2.7628899551928043
680,125530,1,0,2.7568289660848677
681,125531,1,0,2.7638219762593508
682,125532,1,1,2.7560279704630375
683,125533,1,0,2.796682994812727
684,125534,1,0,2.7779090451076627
685,125535,1,0,2.7606459916569293
686,125536,1,0,2.7684110100381076
687,125537,1,0,2.7760349912568927
688,125538,1,0,2.7545649791136384
689,125539,1,0,2.7603249764069915
690,125540,1,0,2.8021630132570863
691,125541,1,0,2.762340009212494
692,125542,1,0,2.756287984084338
693,125543,1,0,2.750347019173205
694,125544,1,0,2.7565089985728264
695,125545,1,0,2.7657659957185388
696,125546,1,0,2.768992038909346
697,125547,1,0,2.7668679831549525
698,125548,1,0,2.753763983491808
699,125549,1,1,2.7620390173979104
700,125550,1,0,2.767048019450158
701,125551,1,0,2.768150996416807
702,125552,1,0,2.7800630195997655
703,125553,1,0,2.7439850382506847
704,125554,1,0,2.7607869706116617
705,125555,1,0,2.8916890150867403
706,125556,1,0,2.7762750396505
707,125557,1,0,2.769754035398364
708,125558,1,0,2.756998990662396
709,125559,1,0,2.761027019005269
710,125560,1,0,2.7629800024442375
711,125561,1,0,2.7528529753908515
712,125562,1,0,2.761528012342751
713,125563,1,0,2.753984008450061
714,125564,1,0,2.7512889937497675
715,125565,1,0,2.8085060184821486
716,125566,1,1,2.823442977387458
717,125567,1,0,2.774692024104297
718,125568,1,0,2.7661669882945716
719,125569,1,0,2.793818013742566
720,125570,1,0,5.596062052063644
721,125571,1,0,2.9675299883820117
722,125572,1,0,2.808505028951913
723,125573,1,0,2.788026991765946
724,125574,1,0,2.7641229680739343
725,125575,1,0,2.805620024446398
726,125576,1,0,2.802894974593073
727,125577,1,0,2.8506230446510017
728,125578,1,0,2.8207279974594712
729,125579,1,0,2.775733999442309
730,125580,1,0,2.7899410342797637
731,125581,1,0,2.9391670250333846
732,125582,1,0,2.7777079958468676
733,125583,1,1,2.8062110068276525
734,125584,1,0,2.785591990686953
735,125585,1,0,2.760646981187165
736,125586,1,0,2.9831889551132917
737,125587,1,0,2.9516509966924787
738,125588,1,0,2.769492974039167
739,125589,1,0,2.730200008954853
740,125590,1,0,2.7659570332616568
741,125591,1,0,2.759844996035099
742,125592,1,0,2.7525220066308975
743,125593,1,0,2.742162032518536
744,125594,1,0,2.7338070212863386
745,125595,1,0,2.8269600006751716
746,125596,1,0,2.7528220089152455
747,125597,1,0,2.7473209775052965
748,125598,1,0,2.77228798950091
749,125599,1,0,2.7457489632070065
750,125600,1,1,2.757069014478475
751,125601,1,0,2.7430439949966967
752,125602,1,0,2.7291980222798884
753,125603,1,0,2.7421530103310943
754,125604,1,0,2.757030015345663
755,125605,1,0,2.787746023386717
756,125606,1,0,2.759123977739364
757,125607,1,0,2.7314830222167075
758,125608,1,0,2.8737360262311995
759,125609,1,0,2.7465299936011434
760,125610,1,0,2.7427939930930734
761,125611,1,0,2.738665963988751
762,125612,1,0,2.760646981187165
763,125613,1,0,2.765775949228555
764,125614,1,0,2.7516100089997053
765,125615,1,0,2.7466900064609945
766,125616,1,0,2.7462400030344725
767,125617,1,1,2.726653008721769
768,125618,1,0,2.7479329728521407
769,125619,1,0,2.737544011324644
770,125620,1,0,2.7476020040921867
771,125621,1,0,2.727415005210787
772,125622,1,0,2.7401389670558274
773,125623,1,0,2.7774369809776545
774,125624,1,0,2.767117985058576
775,125625,1,0,2.7289779973216355
776,125626,1,0,2.707507985178381
777,125627,1,0,2.7401690022088587
778,125628,1,0,2.739446994382888
779,125629,1,0,2.743504010140896
780,125630,1,0,2.7198310126550496
781,125631,1,0,2.7617180021479726
782,125632,1,0,2.750767976976931
783,125633,1,0,2.7353900368325412
784,125634,1,1,2.8600009973160923
785,125635,1,0,2.7203719946555793
786,125636,1,0,2.7391069452278316
787,125637,1,0,2.7840399998240173
788,125638,1,0,2.726523031014949
789,125639,1,0,2.70816998090595
790,125640,1,0,2.71986098960042
791,125641,1,0,2.7222760254517198
792,125642,1,0,2.7340170345269144
793,125643,1,0,2.7243290096521378
794,125644,1,0,2.7272049919702113
795,125645,1,0,2.723268000409007
796,125646,1,0,2.7270239661447704
797,125647,1,0,2.722356002777815
798,125648,1,0,2.7248410042375326
799,125649,1,0,2.7280260110273957
800,125650,1,0,2.7283959789201617
801,125651,1,1,2.7090710354968905
802,125652,1,0,2.7239079936407506
803,125653,1,0,2.726753009483218
804,125654,1,0,2.723397978115827
805,125655,1,0,2.7156329597346485
806,125656,1,0,2.7193499845452607
807,125657,1,0,2.7271549915894866
808,125658,1,0,2.729770028963685
809,125659,1,0,2.725391008425504
810,125660,1,0,2.7309319702908397
811,125661,1,0,2.855882979929447
812,125662,1,0,2.7192800189368427
813,125663,1,0,2.730300009716302
814,125664,1,0,2.7180479955859482
815,125665,1,0,2.724519988987595
816,125666,1,0,2.7312019956298172
817,125667,1,0,2.7318739448674023
818,125668,1,1,2.7232770225964487
819,125669,1,0,2.717766968999058
820,125670,1,0,2.7268140111118555
821,125671,1,0,2.7214339934289455
822,125672,1,0,2.7090710354968905
823,125673,1,0,2.7144310297444463
824,125674,1,0,2.7228459948673844
825,125675,1,0,2.7165350038558245
826,125676,1,0,2.7162740007042885
827,125677,1,0,2.7192090055905282
828,125678,1,0,2.7243790100328624
829,125679,1,0,2.734748995862901
830,125680,1,0,2.720161050092429
831,125681,1,0,2.715112001169473
832,125682,1,0,2.7275450411252677
833,125683,1,0,2.762089017778635
834,125684,1,0,2.7107539935968816
835,125685,1,1,2.727154002059251
836,125686,1,0,2.7310019941069186
837,125687,1,0,2.8533879667520523
838,125688,1,0,2.729708969127387
839,125689,1,0,2.6991619961336255
840,125690,1,0,2.7237479807808995
841,125691,1,0,2.7157029835507274
842,125692,1,0,2.7276049950160086
843,125693,1,0,2.7168350061401725
844,125694,1,0,2.72943900199607
845,125695,1,0,2.7193999849259853
846,125696,1,0,2.7309420402161777
847,125697,1,0,2.705605002120137
848,125698,1,0,2.728597028180957
849,125699,1,0,2.7241589850746095
850,125700,1,0,2.7369619929231703
851,125701,1,0,2.704211976379156
852,125702,1,1,2.7267439872957766
853,125703,1,0,2.7267539990134537
854,125704,1,0,2.7309919823892415
855,125705,1,0,2.7065059985034168
856,125706,1,0,2.777466957923025
857,125707,1,0,2.720342017710209
858,125708,1,0,2.7205320075154305
859,125709,1,0,2.7166050276719034
860,125710,1,0,2.7198210009373724
861,125711,1,0,2.7399079990573227
862,125712,1,0,2.7273049927316606
863,125713,1,0,2.7172460104338825
864,125714,1,0,2.8369579813443124
865,125715,1,0,2.7357700164429843
866,125716,1,0,2.737604023423046
867,125717,1,0,2.725321042817086
868,125718,1,0,2.7163850027136505
869,125719,1,1,2.7280260110273957
870,125720,1,0,2.7312019956298172
871,125721,1,0,2.7289579738862813
872,125722,1,0,2.7047229814343154
873,125723,1,0,2.716384013183415
874,125724,1,0,2.7117960271425545
875,125725,1,0,2.717586001381278
876,125726,1,0,2.702859987039119
877,125727,1,0,2.7160640456713736
878,125728,1,0,2.719038981013
879,125729,1,0,2.712026995141059
880,125730,1,0,2.7087099733762443
881,125731,1,0,2.710864006076008
882,125732,1,0,2.7217050082981586
883,125733,1,0,2.708240004722029
884,125734,1,0,2.69882200518623
885,125735,1,0,2.725822036154568
886,125736,1,1,2.723167010117322
887,125737,1,0,2.715051989071071
888,125738,1,0,2.7108939830213785
889,125739,1,0,2.7288380078971386
890,125740,1,0,2.860131033230573
891,125741,1,0,2.713540045078844
892,125742,1,0,2.7142500039190054
893,125743,1,0,2.720352029427886
894,125744,1,0,2.725441998336464
895,125745,1,0,2.718969015404582
896,125746,1,0,2.7142110047861934
897,125747,1,0,2.7138799778185785
898,125748,1,0,2.721694007050246
899,125749,1,0,2.721683995332569
900,125750,1,0,2.713599009439349
901,125751,1,0,2.7222849894315004
902,125752,1,0,2.741270000115037
903,125753,1,1,2.7557379798963666
904,125754,1,0,2.712247020099312
905,125755,1,0,2.714220026973635
906,125756,1,0,2.7184589998796582
907,125757,1,0,2.7271840372122824
908,125758,1,0,2.7141100144945085
909,125759,1,0,2.720721997320652
910,125760,1,0,2.724129008129239
911,125761,1,0,2.714240981731564
912,125762,1,0,2.715412003453821
913,125763,1,0,2.7154830168001354
914,125764,1,0,2.716995950322598
915,125765,1,0,2.7211830019950867
916,125766,1,0,2.709902008064091
917,125767,1,0,2.8325599851086736
918,125768,1,0,2.7363219996914268
919,125769,1,0,2.720021002460271
920,125770,1,1,2.7105130138807
921,125771,1,0,2.70353996893391
922,125772,1,0,2.7200310141779482
923,125773,1,0,2.7286579716019332
924,125774,1,0,2.71285796770826
925,125775,1,0,2.709672029595822
926,125776,1,0,2.8464760398492217
927,125777,1,0,2.773810992948711
928,125778,1,0,2.7280569775030017
929,125779,1,0,2.7122669853270054
930,125780,1,0,2.717125986237079
931,125781,1,0,2.719220006838441
932,125782,1,0,2.7209430118091404
933,125783,1,0,2.711414999794215
934,125784,1,0,2.710072963964194
935,125785,1,0,2.71162495482713
936,125786,1,0,2.721864962950349
937,125787,1,1,2.7063259622082114
938,125788,1,0,2.7264030068181455
939,125789,1,0,2.720342017710209
940,125790,1,0,2.716714981943369
941,125791,1,0,2.7143809711560607
942,125792,1,0,2.7223549550399184
943,125793,1,0,2.842949004843831
944,125794,1,0,2.7163249906152487
945,125795,1,0,2.70652596373111
946,125796,1,0,2.7156929718330503
947,125797,1,0,2.7158840093761683
948,125798,1,0,2.7157029835507274
949,125799,1,0,2.7143200277350843
950,125800,1,0,2.7042219880968332
951,125801,1,0,2.7137300348840654
952,125802,1,0,2.7121870080009103
953,125803,1,0,2.72464903537184
954,125804,1,0,2.7208420215174556
955,125805,1,1,2.7318429783917964
956,125806,1,0,2.722226025070995
957,125807,1,0,2.7119260048493743
958,125808,1,0,2.708539948798716
959,125809,1,0,2.725792001001537
960,125810,1,0,2.7180479955859482
961,125811,1,0,2.726282982621342
962,125812,1,0,2.712567977141589
963,125813,1,0,2.7318140491843224
964,125814,1,0,2.7392570045776665
965,125815,1,0,2.7310920413583517
966,125816,1,0,2.706216007936746
967,125817,1,0,2.7310019941069186
968,125818,1,0,2.730610955040902
969,125819,1,0,2.735679969191551
970,125820,1,0,2.8475780272856355
971,125821,1,0,2.7153330156579614
972,125822,1,1,2.8165000258013606
973,125823,1,0,2.7343070250935853
974,125824,1,0,2.73201399249956
975,125825,1,0,2.7123470208607614
976,125826,1,0,2.7219349867664278
977,125827,1,0,2.7297489577904344
978,125828,1,0,2.722525969147682
979,125829,1,0,2.7135490090586245
980,125830,1,0,2.725069993175566
981,125831,1,0,2.7273750165477395
982,125832,1,0,2.7247900143265724
983,125833,1,0,2.7148319641128182
984,125834,1,0,2.725390950217843
985,125835,1,0,2.737422997597605
986,125836,1,0,2.728718041907996
987,125837,1,0,2.7043020236305892
988,125838,1,0,2.7210229891352355
989,125839,1,1,2.723086974583566
990,125840,1,0,2.7161039761267602
991,125841,1,0,2.7120369486510754
992,125842,1,0,2.7211630367673934
993,125843,1,0,2.7296890038996935
994,125844,1,0,2.725982980336994
995,125845,1,0,2.7105440385639668
996,125846,1,0,2.8717329842038453
997,125847,1,0,2.7170259854756296
998,125848,1,0,2.725161029957235
999,125849,1,0,2.70974199520424
1000,125850,1,0,2.7088699862360954
1001,125851,1,0,2.7414810028858483
1002,125852,1,0,2.7249600389041007
1003,125853,1,0,2.7128179790452123
1004,125854,1,0,2.7079079882241786
1005,125855,1,0,2.71512201288715
1006,125856,1,1,2.7189190150238574
1007,125857,1,0,2.702117955777794
1008,125858,1,0,2.7041520224884152
1009,125859,1,0,2.716043032705784
1010,125860,1,0,2.71664495812729
1011,125861,1,0,2.7123470208607614
1012,125862,1,0,2.704822982195765
1013,125863,1,0,2.7157929725944996
1014,125864,1,0,2.73803505115211
1015,125865,1,0,2.7133289841003716
1016,125866,1,0,2.7218739851377904
1017,125867,1,0,2.7248800033703446
1018,125868,1,0,2.7353789773769677
1019,125869,1,0,2.7162839542143047
1020,125870,1,0,2.7108550420962274
1021,125871,1,0,2.7282360242679715
1022,125872,1,0,2.726533042732626
1023,125873,1,1,2.848408999852836
1024,125874,1,0,2.7097020065411925
1025,125875,1,0,2.720492018852383
1026,125876,1,0,2.7265329845249653
1027,125877,1,0,2.724909980315715
1028,125878,1,0,2.701887977309525
1029,125879,1,0,2.7268239646218717
1030,125880,1,0,2.732715045567602
1031,125881,1,0,2.7257819892838597
1032,125882,1,0,2.708279003854841
1033,125883,1,0,2.7349889860488474
1034,125884,1,0,2.7261829818598926
1035,125885,1,0,2.723788027651608
1036,125886,1,0,2.7054949896410108
1037,125887,1,0,2.7293380117043853
1038,125888,1,0,2.7236880268901587
1039,125889,1,0,2.728867984842509
1040,125890,1,1,2.69921199651435
1041,125891,1,0,2.722145989537239
1042,125892,1,0,2.769231970887631
1043,125893,1,0,2.7154030394740403
1044,125894,1,0,2.7014060178771615
1045,125895,1,0,2.7212330023758113
1046,125896,1,0,2.728606981690973
1047,125897,1,0,2.7245800010859966
1048,125898,1,0,2.7037010295316577
1049,125899,1,0,2.8496310114860535
1050,125900,1,0,2.728877996560186
1051,125901,1,0,2.7297689812257886
1052,125902,1,0,2.713128982577473
1053,125903,1,0,2.7073569945059717
1054,125904,1,0,2.716435003094375
1055,125905,1,0,2.711035020183772
1056,125906,1,0,2.711254986934364
1057,125907,1,1,2.706175029743463
1058,125908,1,0,2.7159839519299567
1059,125909,1,0,2.7209529653191566
1060,125910,1,0,2.7097220299765468
1061,125911,1,0,2.7124169864691794
1062,125912,1,0,2.7161840116605163
1063,125913,1,0,2.722334989812225
1064,125914,1,0,2.7114760014228523
1065,125915,1,0,2.8137449990026653
1066,125916,1,0,2.7293189777992666
1067,125917,1,0,2.7288480196148157
1068,125918,1,0,2.715181966777891
1069,125919,1,0,2.7105630142614245
1070,125920,1,0,2.7180470060557127
1071,125921,1,0,2.7184190112166107
1072,125922,1,0,2.7105039916932583
1073,125923,1,0,2.7047930052503943
1074,125924,1,1,2.8034059796482325
1075,125925,1,0,2.7131689712405205
1076,125926,1,0,2.8394919936545193
1077,125927,1,0,2.7224349905736744
1078,125928,1,0,2.712326997425407
1079,125929,1,0,2.722745994105935
1080,125930,1,0,2.7223050128668547
1081,125931,1,0,2.761138021014631
1082,125932,1,0,2.71215703105554
1083,125933,1,0,2.726653008721769
1084,125934,1,0,2.7112349634990096
1085,125935,1,0,2.7152819675393403
1086,125936,1,0,2.721254015341401
1087,125937,1,0,2.7231069980189204
1088,125938,1,0,2.823863993398845
1089,125939,1,0,2.7201310149393976
1090,125940,1,0,2.704612968955189
1091,125941,1,1,2.7132289833389223
1092,125942,1,0,2.7196109876967967
1093,125943,1,0,2.7068869676440954
1094,125944,1,0,2.7061060536652803
1095,125945,1,0,2.712807967327535
1096,125946,1,0,2.7190890396013856
1097,125947,1,0,2.705815015360713
1098,125948,1,0,2.7130080270580947
1099,125949,1,0,2.735018962994218
1100,125950,1,0,2.7216740418225527
1101,125951,1,0,2.712055982556194
1102,125952,1,0,2.840053988620639
1103,125953,1,0,2.721814962569624
1104,125954,1,0,2.7261730283498764
1105,125955,1,0,2.720711985602975
1106,125956,1,0,2.7027290198020637
1107,125957,1,0,2.7264030068181455
1108,125958,1,1,2.7286779950372875
1109,125959,1,0,2.723758982028812
1110,125960,1,0,2.70595500478521
1111,125961,1,0,2.7319329674355686
1112,125962,1,0,2.772838983219117
1113,125963,1,0,2.7170859975740314
1114,125964,1,0,2.7169460081495345
1115,125965,1,0,2.729158033616841
1116,125966,1,0,2.7177369920536876
1117,125967,1,0,2.7312319725751877
1118,125968,1,0,2.7091410011053085
1119,125969,1,0,2.7116959681734443
1120,125970,1,0,2.7126570348627865
1121,125971,1,0,2.7173960115760565
1122,125972,1,0,2.709251013584435
1123,125973,1,0,2.7193200075998902
1124,125974,1,0,2.716084010899067
1125,125975,1,1,2.7274450403638184
1126,125976,1,0,2.7124970220029354
1127,125977,1,0,2.719028969295323
1128,125978,1,0,2.7654750156216323
1129,125979,1,0,2.8485790244303644
1130,125980,1,0,2.728255989495665
1131,125981,1,0,2.7059949934482574
1132,125982,1,0,2.7186480001546443
1133,125983,1,0,2.714721020311117
1134,125984,1,0,2.7085389592684805
1135,125985,1,0,2.697359013836831
1136,125986,1,0,2.7290579746477306
1137,125987,1,0,2.7244299999438226
1138,125988,1,0,2.7676299796439707
1139,125989,1,0,2.7013769722543657
1140,125990,1,0,2.7212639688514173
1141,125991,1,0,2.7124169864691794
1142,125992,1,1,2.7077390113845468
1143,125993,1,0,2.713428984861821
1144,125994,1,0,2.7175560244359076
1145,125995,1,0,2.7207029634155333
1146,125996,1,0,2.714390982873738
1147,125997,1,0,2.703239966649562
1148,125998,1,0,2.717135997954756
1149,125999,1,0,2.7140299789607525
1150,126000,1,0,2.711976005230099
1151,126001,1,0,2.707969048060477
1152,126002,1,0,2.7338670333847404
1153,126003,1,0,2.7208829997107387
1154,126004,1,0,2.7181670302525163
1155,126005,1,0,2.832038968335837
1156,126006,1,0,2.7305709663778543
1157,126007,1,0,2.7512690285220742
1158,126008,1,0,2.7290380094200373
1159,126009,1,1,2.7019979897886515
1160,126010,1,0,2.7140509919263422
1161,126011,1,0,2.7169560198672116
1162,126012,1,0,2.729007974267006
1163,126013,1,0,2.713610010687262
1164,126014,1,0,2.715593029279262
1165,126015,1,0,2.722044999245554
1166,126016,1,0,2.7097820420749485
1167,126017,1,0,2.705034043174237
1168,126018,1,0,2.714289992582053
1169,126019,1,0,2.7160639874637127
1170,126020,1,0,2.7214440051466227
1171,126021,1,0,2.694082970265299
1172,126022,1,0,2.7193200075998902
1173,126023,1,0,2.7310720179229975
1174,126024,1,0,2.7287069824524224
1175,126025,1,0,2.7008660254068673
1176,126026,1,1,2.7171659749001265
1177,126027,1,0,2.720282005611807
1178,126028,1,0,2.713349007535726
1179,126029,1,0,2.7000639820471406
1180,126030,1,0,2.7215040172450244
1181,126031,1,0,2.7178170275874436
1182,126032,1,0,2.843269961886108
1183,126033,1,0,2.709421969484538
1184,126034,1,0,2.712867979425937
1185,126035,1,0,2.724028017837554
1186,126036,1,0,2.720582007896155
1187,126037,1,0,2.7136190328747034
1188,126038,1,0,2.7150920359417796
1189,126039,1,0,2.730280044488609
1190,126040,1,0,2.7436650125309825
1191,126041,1,0,2.7122870087623596
1192,126042,1,0,2.714490983635187
1193,126043,1,1,2.7330350130796432
1194,126044,1,0,2.736872003879398
1195,126045,1,0,2.7060550055466592
1196,126046,1,0,2.708390005864203
1197,126047,1,0,2.727233979385346
1198,126048,1,0,2.7253510197624564
1199,126049,1,0,2.7301000081934035
1200,126050,1,0,2.712146029807627
1201,126051,1,0,2.720603020861745
1202,126052,1,0,2.723306999541819
1203,126053,1,0,2.7119870064780116
1204,126054,1,0,2.7167050284333527
1205,126055,1,0,2.751749998424202
1206,126056,1,0,2.72364798001945
1207,126057,1,0,2.707047970034182
1208,126058,1,0,2.8375189867801964
1209,126059,1,0,2.733014989644289
1210,126060,1,1,2.725610975176096
1211,126061,1,0,2.7256020111963153
1212,126062,1,0,2.708929998334497
1213,126063,1,0,2.7370830066502094
1214,126064,1,0,2.721783996094018
1215,126065,1,0,2.7337370556779206
1216,126066,1,0,2.71594402147457
1217,126067,1,0,2.727725950535387
1218,126068,1,0,2.7240290073677897
1219,126069,1,0,2.724919992033392
1220,126070,1,0,2.71313899429515
1221,126071,1,0,2.7216739836148918
1222,126072,1,0,2.7167759835720062
1223,126073,1,0,2.717355964705348
1224,126074,1,0,2.699261996895075
1225,126075,1,0,2.7189989923499525
1226,126076,1,0,2.7306510019116104
1227,126077,1,1,2.739057003054768
1228,126078,1,0,2.781225019134581
1229,126079,1,0,2.7150620007887483
1230,126080,1,0,2.7336369967088103
1231,126081,1,0,2.7212530258111656
1232,126082,1,0,2.712055982556194
1233,126083,1,0,2.716234012041241
1234,126084,1,0,2.724108984693885
1235,126085,1,0,2.843339985702187
1236,126086,1,0,2.7331349556334317
1237,126087,1,0,2.7063360321335495
1238,126088,1,0,2.732574997935444
1239,126089,1,0,2.7272749575786293
1240,126090,1,0,2.7169460081495345
1241,126091,1,0,2.7123470208607614
1242,126092,1,0,2.7251310530118644
1243,126093,1,0,2.736081019975245
1244,126094,1,1,2.7245889650657773
1245,126095,1,0,2.707567997276783
1246,126096,1,0,2.721473982091993
1247,126097,1,0,2.726372971665114
1248,126098,1,0,2.7256819885224104
1249,126099,1,0,2.707427949644625
1250,126100,1,0,2.7153920382261276
1251,126101,1,0,2.7161239995621145
1252,126102,1,0,2.7119559817947447
1253,126103,1,0,2.6985519798472524
1254,126104,1,0,2.7220750343985856
1255,126105,1,0,2.724658988881856
1256,126106,1,0,2.7191200060769916
1257,126107,1,0,2.702598983887583
1258,126108,1,0,2.7200410258956254
1259,126109,1,0,2.7191799599677324
1260,126110,1,0,2.7067060000263155
1261,126111,1,1,2.8239740058779716
1262,126112,1,0,2.7160230092704296
1263,126113,1,0,2.7451079804450274
1264,126114,1,0,2.73587997071445
1265,126115,1,0,2.732513996306807
1266,126116,1,0,2.756698988378048
1267,126117,1,0,2.7291880105622113
1268,126118,1,0,2.724209043662995
1269,126119,1,0,2.712176996283233
1270,126120,1,0,2.7177169686183333
1271,126121,1,0,2.7285670512355864
1272,126122,1,0,2.726122038438916
1273,126123,1,0,2.71432101726532
1274,126124,1,0,2.7162550250068307
1275,126125,1,0,2.72483000298962
1276,126126,1,0,2.725792001001537
1277,126127,1,0,2.7071069926023483
1278,126128,1,0,2.717425988521427
1279,126129,1,1,2.7207929524593055
1280,126130,1,0,2.7193399728275836
1281,126131,1,0,2.7021479909308255
1282,126132,1,0,2.7042219880968332
1283,126133,1,0,2.721153956372291
1284,126134,1,0,2.7185979997739196
1285,126135,1,0,2.706535975448787
1286,126136,1,0,2.7184379869140685
1287,126137,1,0,2.7298289933241904
1288,126138,1,0,2.839363005477935
1289,126139,1,0,2.723938028793782
1290,126140,1,0,2.7037010295316577
1291,126141,1,0,2.7232670108787715
1292,126142,1,0,2.7310720179229975
1293,126143,1,0,2.7606060029938817
1294,126144,1,0,2.7961230371147394
1295,126145,1,0,2.790040976833552
1296,126146,1,1,2.790682017803192
1297,126147,1,0,2.8311570058576763
1298,126148,1,0,2.75815196800977
1299,126149,1,0,2.7119870064780116
1300,126150,1,0,2.710223023314029
1301,126151,1,0,2.718318020924926
1302,126152,1,0,2.7157829608768225
1303,126153,1,0,2.721283002756536
1304,126154,1,0,2.719129028264433
1305,126155,1,0,2.724900026805699
1306,126156,1,0,2.720352029427886
1307,126157,1,0,2.7071379590779543
1308,126158,1,0,2.7109140064567327
1309,126159,1,0,2.7109140064567327
1310,126160,1,0,2.723418001551181
1311,126161,1,0,2.7056440012529492
1312,126162,1,0,2.7222950011491776
1313,126163,1,1,2.7193300193175673
1314,126164,1,0,2.840325003489852
1315,126165,1,0,2.7087199850939214
1316,126166,1,0,2.7087400085292757
1317,126167,1,0,2.7261630166321993
1318,126168,1,0,2.7278760098852217
1319,126169,1,0,2.7170759858563542
1320,126170,1,0,2.7070670039393008
1321,126171,1,0,2.7836799854412675
1322,126172,1,0,2.720822987612337
1323,126173,1,0,2.7072569937445223
1324,126174,1,0,2.7002740534953773
1325,126175,1,0,2.7268639532849193
1326,126176,1,0,2.724118996411562
1327,126177,1,0,2.7093809912912548
1328,126178,1,0,2.707507985178381
1329,126179,1,0,2.717135997954756
1330,126180,1,1,2.7252209838479757
1331,126181,1,0,2.7108649956062436
1332,126182,1,0,2.7096119592897594
1333,126183,1,0,2.72377795772627
1334,126184,1,0,2.7227959944866598
1335,126185,1,0,2.7104229666292667
1336,126186,1,0,2.71133502246812
1337,126187,1,0,2.715442969929427
1338,126188,1,0,2.724620047956705
1339,126189,1,0,2.7054339880123734
1340,126190,1,0,2.720622986089438
1341,126191,1,0,2.8574260068126023
1342,126192,1,0,2.722445991821587
1343,126193,1,0,2.7215839945711195
1344,126194,1,0,2.792846004012972
1345,126195,1,0,2.715171955060214
1346,126196,1,0,2.717767027206719
1347,126197,1,1,2.72446998860687
1348,126198,1,0,2.7085290057584643
1349,126199,1,0,2.707909035962075
1350,126200,1,0,2.714721020311117
1351,126201,1,0,2.7128980145789683
1352,126202,1,0,2.6973990024998784
1353,126203,1,0,2.7199909673072398
1354,126204,1,0,2.710933971684426
1355,126205,1,0,2.71671504015103
1356,126206,1,0,2.69882200518623
1357,126207,1,0,2.724209043662995
1358,126208,1,0,2.71944998530671
1359,126209,1,0,2.7244689990766346
1360,126210,1,0,2.6994029758498073
1361,126211,1,0,2.7177869924344122
1362,126212,1,0,2.7117860154248774
1363,126213,1,0,2.7152029797434807
1364,126214,1,1,2.6969279861077666
1365,126215,1,0,2.723728015553206
1366,126216,1,0,2.7171560213901103
1367,126217,1,0,2.860591048374772
1368,126218,1,0,2.7078890125267208
1369,126219,1,0,2.7106229681521654
1370,126220,1,0,2.7194000431336462
1371,126221,1,0,2.7153329574503005
1372,126222,1,0,2.7064259629696608
1373,126223,1,0,2.7116459677927196
1374,126224,1,0,2.71028297720477
1375,126225,1,0,2.70958204055205
1376,126226,1,0,2.7004649746231735
1377,126227,1,0,2.7207829989492893
1378,126228,1,0,2.7161340112797916
1379,126229,1,0,2.7278450434096158
1380,126230,1,0,2.6922100223600864
1381,126231,1,1,2.7127480134367943
1382,126232,1,0,2.722174976952374
1383,126233,1,0,2.7216639718972147
1384,126234,1,0,2.7089209761470556
1385,126235,1,0,2.718990028370172
1386,126236,1,0,2.72418896201998
1387,126237,1,0,2.7049339842051268
1388,126238,1,0,2.6984720025211573
1389,126239,1,0,2.720081014558673
1390,126240,1,0,2.76971299899742
1391,126241,1,0,2.710213011596352
1392,126242,1,0,2.698741969652474
1393,126243,1,0,2.7151519898325205
1394,126244,1,0,2.8331810026429594
1395,126245,1,0,2.714341040700674
1396,126246,1,0,2.695465984288603
1397,126247,1,0,2.71769700339064
1398,126248,1,1,2.718948991969228
1399,126249,1,0,2.7186989900656044
1400,126250,1,0,2.7066359762102365
1401,126251,1,0,2.7122970204800367
1402,126252,1,0,2.723578014411032
1403,126253,1,0,2.718839969020337
1404,126254,1,0,2.695044968277216
1405,126255,1,0,2.709932974539697
1406,126256,1,0,2.7191800181753933
1407,126257,1,0,2.700724988244474
1408,126258,1,0,2.6918690418824553
1409,126259,1,0,2.7145110070705414
1410,126260,1,0,2.7184790233150125
1411,126261,1,0,2.702989033423364
1412,126262,1,0,2.698731957934797
1413,126263,1,0,2.706516010221094
1414,126264,1,0,2.7083290042355657
1415,126265,1,1,2.6951749459840357
1416,126266,1,0,2.706696977838874
1417,126267,1,0,2.7369229937903583
1418,126268,1,0,2.720492018852383
1419,126269,1,0,2.7040319982916117
1420,126270,1,0,2.83022498479113
1421,126271,1,0,2.726203005295247
1422,126272,1,0,2.723707992117852
1423,126273,1,0,2.7228269609622657
1424,126274,1,0,2.7068270137533545
1425,126275,1,0,2.7373729972168803
1426,126276,1,0,2.7321940287947655
1427,126277,1,0,2.7225460507906973
1428,126278,1,0,2.695956965908408
1429,126279,1,0,2.722725970670581
1430,126280,1,0,2.715192036703229
1431,126281,1,0,2.711435023229569
1432,126282,1,1,2.7034709928557277
1433,126283,1,0,2.722976030781865
1434,126284,1,0,2.722405013628304
1435,126285,1,0,2.7083400054834783
1436,126286,1,0,2.705533988773823
1437,126287,1,0,2.7424530126154423
1438,126288,1,0,2.7242390206083655
1439,126289,1,0,2.7089109644293785
1440,126290,1,0,2.7106539928354323
1441,126291,1,0,2.725390950217843
1442,126292,1,0,2.722756005823612
1443,126293,1,0,2.7378840022720397
1444,126294,1,0,2.7059949934482574
1445,126295,1,0,2.7233880246058106
1446,126296,1,0,2.7226259699091315
1447,126297,1,0,2.847276977263391
1448,126298,1,0,2.710493979975581
1449,126299,1,1,2.7189989923499525
1450,126300,1,0,2.7216539601795375
1451,126301,1,0,2.7218239847570658
1452,126302,1,0,2.7116250130347908
1453,126303,1,0,2.7110949740745127
1454,126304,1,0,2.7342079556547105
1455,126305,1,0,2.7244100347161293
1456,126306,1,0,2.725942002143711
1457,126307,1,0,2.7122769970446825
1458,126308,1,0,2.7344279806129634
1459,126309,1,0,2.7168760425411165
1460,126310,1,0,2.93401803355664
1461,126311,1,0,2.6984710129909217
1462,126312,1,0,2.7187690138816833
1463,126313,1,0,2.7180780307389796
1464,126314,1,0,2.7119260048493743
1465,126315,1,0,2.701386983972043
1466,126316,1,1,2.7116559795103967
1467,126317,1,0,2.718369010835886
1468,126318,1,0,2.7203219942748547
1469,126319,1,0,2.699563978239894
1470,126320,1,0,2.713860012590885
1471,126321,1,0,2.721394004765898
1472,126322,1,0,2.7026989846490324
1473,126323,1,0,2.818684035446495
1474,126324,1,0,2.7148420340381563
1475,126325,1,0,2.7184979990124702
1476,126326,1,0,2.7228560065850616
1477,126327,1,0,2.7039619744755328
1478,126328,1,0,2.7144610066898167
1479,126329,1,0,2.7211130363866687
1480,126330,1,0,2.7214239817112684
1481,126331,1,0,2.707918989472091
1482,126332,1,0,2.7106229681521654
1483,126333,1,1,2.826126990839839
1484,126334,1,0,2.717757015489042
1485,126335,1,0,2.701617020647973
1486,126336,1,0,2.707999025005847
1487,126337,1,0,2.7130579692311585
1488,126338,1,0,2.713177993427962
1489,126339,1,0,2.703891950659454
1490,126340,1,0,2.721533994190395
1491,126341,1,0,2.7231370331719518
1492,126342,1,0,2.732875000219792
1493,126343,1,0,2.703159989323467
1494,126344,1,0,2.720192016568035
1495,126345,1,0,2.732224005740136
1496,126346,1,0,2.712867979425937
1497,126347,1,0,2.6954360073432326
1498,126348,1,0,2.7110839728266
1499,126349,1,0,2.725310972891748
1500,126350,1,1,2.8327699983492494
1501,126351,1,0,2.708821033593267
1502,126352,1,0,2.7150820242241025
1503,126353,1,0,2.7201009797863662
1504,126354,1,0,2.720773045439273
1505,126355,1,0,2.703901962377131
1506,126356,1,0,2.7099319850094616
1507,126357,1,0,2.7724390383809805
1508,126358,1,0,2.7142399922013283
1509,126359,1,0,2.708929998334497
1510,126360,1,0,2.7108340291306376
1511,126361,1,0,2.719659998547286
1512,126362,1,0,2.7198310126550496
1513,126363,1,0,2.7032500365749
1514,126364,1,0,2.7185590006411076
1515,126365,1,0,2.7209330000914633
1516,126366,1,0,2.7139800367876887
1517,126367,1,1,2.7090709772892296
1518,126368,1,0,2.7237790054641664
1519,126369,1,0,2.7194799622520804
1520,126370,1,0,2.7147220098413527
1521,126371,1,0,2.694504044484347
1522,126372,1,0,2.7164050261490047
1523,126373,1,0,2.7249609702266753
1524,126374,1,0,2.723627956584096
1525,126375,1,0,2.694493974559009
1526,126376,1,0,2.8442509938031435
1527,126377,1,0,2.713460009545088
1528,126378,1,0,2.7193999849259853
1529,126379,1,0,2.7086000191047788
1530,126380,1,0,2.708048967178911
1531,126381,1,0,2.721272991038859
1532,126382,1,0,2.712076995521784
1533,126383,1,0,2.705755003262311
1534,126384,1,1,2.712076995521784
1535,126385,1,0,2.7190599939785898
1536,126386,1,0,2.7213540161028504
1537,126387,1,0,2.7073980309069157
1538,126388,1,0,2.7200509794056416
1539,126389,1,0,2.716714981943369
1540,126390,1,0,2.7294179890304804
1541,126391,1,0,2.709180989768356
1542,126392,1,0,2.726112026721239
1543,126393,1,0,2.716645016334951
1544,126394,1,0,2.7191700064577162
1545,126395,1,0,2.695386006962508
1546,126396,1,0,2.7220650226809084
1547,126397,1,0,2.719941025134176
1548,126398,1,0,2.7146119973622262
1549,126399,1,0,2.697699994314462
1550,126400,1,0,2.723937970586121
1551,126401,1,1,2.7252709842287004
1552,126402,1,0,2.7205320075154305
1553,126403,1,0,2.8294139774516225
1554,126404,1,0,2.716384013183415
1555,126405,1,0,2.7270540012978017
1556,126406,1,0,2.719800977502018
1557,126407,1,0,2.707427949644625
1558,126408,1,0,2.7078179991804063
1559,126409,1,0,2.71607399918139
1560,126410,1,0,2.7167450170964003
1561,126411,1,0,2.7106640045531094
1562,126412,1,0,2.707086969166994
1563,126413,1,0,2.7226260281167924
1564,126414,1,0,2.7210129774175584
1565,126415,1,0,2.7082290034741163
1566,126416,1,0,2.7187189552932978
1567,126417,1,0,2.7205219957977533
1568,126418,1,1,2.715383016038686
1569,126419,1,0,2.6974790380336344
1570,126420,1,0,2.7142000035382807
1571,126421,1,0,2.7122070314362645
1572,126422,1,0,2.723067009355873
1573,126423,1,0,2.702658995985985
1574,126424,1,0,2.7224660152569413
1575,126425,1,0,2.719048992730677
1576,126426,1,0,2.816309977788478
1577,126427,1,0,2.7086599729955196
1578,126428,1,0,2.712226996663958
1579,126429,1,0,2.841045963577926
1580,126430,1,0,2.715442969929427
1581,126431,1,0,2.706035040318966
1582,126432,1,0,2.7022279682569206
1583,126433,1,0,2.7212739805690944
1584,126434,1,0,2.7159929741173983
1585,126435,1,0,2.7199109899811447
1586,126436,1,1,2.704271988477558
1587,126437,1,0,2.7143200277350843
1588,126438,1,0,2.7197700110264122
1589,126439,1,0,2.70338001428172
1590,126440,1,0,2.7104730252176523
1591,126441,1,0,2.7158529846929014
1592,126442,1,0,2.7237580507062376
1593,126443,1,0,2.713979978580028
1594,126444,1,0,2.708690008148551
1595,126445,1,0,2.7172959526069462
1596,126446,1,0,2.717104973271489
1597,126447,1,0,2.705314022023231
1598,126448,1,0,2.714561007451266
1599,126449,1,0,2.728166989982128
1600,126450,1,0,2.7678199694491923
1601,126451,1,0,2.7043219888582826
1602,126452,1,0,2.714230038691312
1603,126453,1,1,2.7294090250506997
1604,126454,1,0,2.727064013015479
1605,126455,1,0,2.7125169872306287
1606,126456,1,0,2.841134963091463
1607,126457,1,0,2.7300899964757264
1608,126458,1,0,2.721122989896685
1609,126459,1,0,2.720822987612337
1610,126460,1,0,2.6947439764626324
1611,126461,1,0,2.715962997172028
1612,126462,1,0,2.7112350217066705
1613,126463,1,0,2.7109140064567327
1614,126464,1,0,2.7026489842683077
1615,126465,1,0,2.717847004532814
1616,126466,1,0,2.721062977798283
1617,126467,1,0,2.709030988626182
1618,126468,1,0,2.7124169864691794
1619,126469,1,0,2.7152819675393403
1620,126470,1,1,2.7242889627814293
1621,126471,1,0,2.703901962377131
1622,126472,1,0,2.7068870258517563
1623,126473,1,0,2.712007029913366
1624,126474,1,0,2.7110539958812296
1625,126475,1,0,2.71056400379166
1626,126476,1,0,2.7041819994337857
1627,126477,1,0,2.722777018789202
1628,126478,1,0,2.718798990827054
1629,126479,1,0,2.741300966590643
1630,126480,1,0,2.7244589873589575
1631,126481,1,0,2.717857016250491
1632,126482,1,0,2.850142016541213
1633,126483,1,0,2.71689600776881
1634,126484,1,0,2.703992009628564
1635,126485,1,0,2.7257520123384893
1636,126486,1,0,2.716585004236549
1637,126487,1,1,2.701356017496437
1638,126488,1,0,2.6975299697369337
1639,126489,1,0,2.7146710199303925
1640,126490,1,0,2.715212991461158
1641,126491,1,0,2.711035020183772
1642,126492,1,0,2.713149006012827
1643,126493,1,0,2.7350690215826035
1644,126494,1,0,2.7219849871471524
1645,126495,1,0,2.708870975766331
1646,126496,1,0,2.7105339686386287
1647,126497,1,0,2.7275359607301652
1648,126498,1,0,2.7249710401520133
1649,126499,1,0,2.760075032711029
1650,126500,1,0,2.713760011829436
1651,126501,1,0,2.7226459933444858
1652,126502,1,0,2.72104301257059
1653,126503,1,0,2.7215040172450244
1654,126504,1,1,2.706436032894999
1655,126505,1,0,2.723227022215724
1656,126506,1,0,2.7287870179861784
1657,126507,1,0,2.721193013712764
1658,126508,1,0,2.7119069709442556
1659,126509,1,0,2.8483689529821277
1660,126510,1,0,2.724680001847446
1661,126511,1,0,2.729878993704915
1662,126512,1,0,2.7284970274195075
1663,126513,1,0,2.722445991821587
1664,126514,1,0,2.7293990133330226
1665,126515,1,0,2.724038960877806
1666,126516,1,0,2.711425011511892
1667,126517,1,0,2.71986098960042
1668,126518,1,0,2.727213955949992
1669,126519,1,0,2.747812948655337
1670,126520,1,0,2.7178270393051207
1671,126521,1,1,2.71728599909693
1672,126522,1,0,2.720843011047691
1673,126523,1,0,2.723508048802614
1674,126524,1,0,2.7152220136485994
1675,126525,1,0,2.7172459522262216
1676,126526,1,0,2.7195409638807178
1677,126527,1,0,2.7178270393051207
1678,126528,1,0,2.712937945034355
1679,126529,1,0,2.7106639463454485
1680,126530,1,0,2.72727501578629
1681,126531,1,0,2.7196200098842382
1682,126532,1,0,2.713799010962248
1683,126533,1,0,2.7225559460930526
1684,126534,1,0,2.7272040024399757
1685,126535,1,0,2.846315037459135
1686,126536,1,0,2.730660024099052
1687,126537,1,0,2.7071770164184272
1688,126538,1,1,2.7246499666944146
1689,126539,1,0,2.728045976255089
1690,126540,1,0,2.7244200464338064
1691,126541,1,0,2.7050840435549617
1692,126542,1,0,2.725261030718684
1693,126543,1,0,2.8045079670846462
1694,126544,1,0,2.7231069980189204
1695,126545,1,0,2.7078980347141623
1696,126546,1,0,2.711976005230099
1697,126547,1,0,2.7210330008529127
1698,126548,1,0,2.720131946261972
1699,126549,1,0,2.716234012041241
1700,126550,1,0,2.7113460237160325
1701,126551,1,0,2.719930955208838
1702,126552,1,0,2.726753009483218
1703,126553,1,0,2.7097020065411925
1704,126554,1,0,2.7105940389446914
1705,126555,1,1,2.7151129906997085
1706,126556,1,0,2.713108027819544
1707,126557,1,0,2.7017880347557366
1708,126558,1,0,2.7189700049348176
1709,126559,1,0,2.7150920359417796
1710,126560,1,0,2.732223947532475
1711,126561,1,0,2.712818037252873
1712,126562,1,0,2.8498220490291715
1713,126563,1,0,2.728286024648696
1714,126564,1,0,2.7209530235268176
1715,126565,1,0,2.712929039262235
1716,126566,1,0,2.8003500192426145
1717,126567,1,0,2.7288469718769193
1718,126568,1,0,2.7197610470466316
1719,126569,1,0,2.718408009968698
1720,126570,1,0,2.7063559973612428
1721,126571,1,0,2.72079196292907
1722,126572,1,1,2.7229160186834633
1723,126573,1,0,2.7214440051466227
1724,126574,1,0,2.704922982957214
1725,126575,1,0,2.718258008826524
1726,126576,1,0,2.72022100398317
1727,126577,1,0,2.7173769776709378
1728,126578,1,0,2.7035700040869415
1729,126579,1,0,2.717986993957311
1730,126580,1,0,2.7255709865130484
1731,126581,1,0,2.715934009756893
1732,126582,1,0,2.693242044188082
1733,126583,1,0,2.722376026213169
1734,126584,1,0,2.7203320059925318
1735,126585,1,0,2.70541402278468
1736,126586,1,0,2.7157230069860816
1737,126587,1,0,2.7201210032217205
1738,126588,1,0,2.844622009433806
1739,126589,1,1,2.7415509684942663
1740,126590,1,0,2.6990919723175466
1741,126591,1,0,2.712146029807627
1742,126592,1,0,2.7179369935765862
1743,126593,1,0,2.7189990505576134
1744,126594,1,0,2.694563998375088
1745,126595,1,0,2.712498011533171
1746,126596,1,0,2.722916950006038
1747,126597,1,0,2.7137500001117587
1748,126598,1,0,2.702728961594403
1749,126599,1,0,2.71512201288715
1750,126600,1,0,2.719780954066664
1751,126601,1,0,2.711204986553639
1752,126602,1,0,2.7041209978051484
1753,126603,1,0,2.719159994740039
1754,126604,1,0,2.7226259699091315
1755,126605,1,0,2.720492018852383
1756,126606,1,1,2.6967780431732535
1757,126607,1,0,2.7180779725313187
1758,126608,1,0,2.7222349890507758
1759,126609,1,0,2.70798901328817
1760,126610,1,0,2.7168450178578496
1761,126611,1,0,2.7168149827048182
1762,126612,1,0,2.876972022932023
1763,126613,1,0,2.726933977100998
1764,126614,1,0,2.712638000957668
1765,126615,1,0,2.845023002009839
1766,126616,1,0,2.732313994783908
1767,126617,1,0,2.7301800437271595
1768,126618,1,0,2.735019021201879
1769,126619,1,0,2.7144610066898167
1770,126620,1,0,2.73183302488178
1771,126621,1,0,2.7589730452746153
1772,126622,1,0,2.7577010332606733
1773,126623,1,1,2.728045976255089
1774,126624,1,0,2.7281559887342155
1775,126625,1,0,2.731042040977627
1776,126626,1,0,2.745568985119462
1777,126627,1,0,2.767047961242497
1778,126628,1,0,2.7616379666142166
1779,126629,1,0,2.7233579894527793
1780,126630,1,0,2.768450998701155
1781,126631,1,0,2.7540239971131086
1782,126632,1,0,2.701767021790147
1783,126633,1,0,2.72079196292907
1784,126634,1,0,2.7226459933444858
1785,126635,1,0,2.7609069948084652
1786,126636,1,0,2.705113962292671
1787,126637,1,0,2.71664495812729
1788,126638,1,0,2.7244790107943118
1789,126639,1,0,2.7235380257479846
1790,126640,1,1,2.6958570233546197
1791,126641,1,0,2.8463350026868284
1792,126642,1,0,2.723868004977703
1793,126643,1,0,2.7142700273543596
1794,126644,1,0,2.714490983635187
1795,126645,1,0,2.713979978580028
1796,126646,1,0,2.717446011956781
1797,126647,1,0,2.7257620240561664
1798,126648,1,0,2.712718036491424
1799,126649,1,0,2.705824968870729
1800,126650,1,0,2.714411006309092
1801,126651,1,0,2.714000002015382
1802,126652,1,0,2.7052040095441043
1803,126653,1,0,2.711965993512422
1804,126654,1,0,2.7146709617227316
1805,126655,1,0,2.7179979952052236
1806,126656,1,0,2.708899963181466
1807,126657,1,1,2.7075880207121372
1808,126658,1,0,2.713167981710285
1809,126659,1,0,2.77900998480618
1810,126660,1,0,2.718258008826524
1811,126661,1,0,2.7097919955849648
1812,126662,1,0,2.7206219965592027
1813,126663,1,0,2.716173999942839
1814,126664,1,0,2.704954007640481
1815,126665,1,0,2.7137399883940816
1816,126666,1,0,2.7142410399392247
1817,126667,1,0,2.7191690169274807
1818,126668,1,0,2.8337720432318747
1819,126669,1,0,2.713829977437854
1820,126670,1,0,2.716996008530259
1821,126671,1,0,2.7140699676238
1822,126672,1,0,2.715132024604827
1823,126673,1,0,2.7114860131405294
1824,126674,1,1,2.718379022553563
1825,126675,1,0,2.7171859983354807
1826,126676,1,0,2.703511039726436
1827,126677,1,0,2.704261976759881
1828,126678,1,0,2.7231969870626926
1829,126679,1,0,2.7496760012581944
1830,126680,1,0,2.7113959658890963
1831,126681,1,0,2.705222985241562
1832,126682,1,0,2.75405403226614
1833,126683,1,0,2.71272799000144
1834,126684,1,0,2.707207982894033
1835,126685,1,0,2.704442013055086
1836,126686,1,0,2.7270650025457144
1837,126687,1,0,2.721083990763873
1838,126688,1,0,2.7063360321335495
1839,126689,1,0,2.7134090196341276
1840,126690,1,0,2.720421995036304
1841,126691,1,1,2.7194800204597414
1842,126692,1,0,2.713069028686732
1843,126693,1,0,2.722386037930846
1844,126694,1,0,2.8487800154834986
1845,126695,1,0,2.72063200827688
1846,126696,1,0,2.7075279504060745
1847,126697,1,0,2.709852997213602
1848,126698,1,0,2.7127779903821647
1849,126699,1,0,2.712176996283233
1850,126700,1,0,2.707648032810539
1851,126701,1,0,2.7054540114477277
1852,126702,1,0,2.7075979742221534
1853,126703,1,0,2.71365896333009
1854,126704,1,0,2.7104929904453456
1855,126705,1,0,2.748824015725404
1856,126706,1,0,2.7193400310352445
1857,126707,1,0,2.7131190290674567
1858,126708,1,1,2.7018680120818317
1859,126709,1,0,2.7070270152762532
1860,126710,1,0,2.716665039770305
1861,126711,1,0,2.7177869924344122
1862,126712,1,0,2.7041520224884152
1863,126713,1,0,2.722937031649053
1864,126714,1,0,2.762761025223881
1865,126715,1,0,2.720903023146093
1866,126716,1,0,2.7163249906152487
1867,126717,1,0,2.715593029279262
1868,126718,1,0,2.722094999626279
1869,126719,1,0,2.7152419788762927
1870,126720,1,0,2.7073280070908368
1871,126721,1,0,2.8303060098551214
1872,126722,1,0,2.7201310149393976
1873,126723,1,0,2.723446988966316
1874,126724,1,0,2.70891998661682
1875,126725,1,1,2.7032509678974748
1876,126726,1,0,2.720511984080076
1877,126727,1,0,2.7096119592897594
1878,126728,1,0,2.7127169887535274
1879,126729,1,0,2.714010013733059
1880,126730,1,0,2.72148399380967
1881,126731,1,0,2.722917008213699
1882,126732,1,0,2.711425011511892
1883,126733,1,0,2.702369005419314
1884,126734,1,0,2.728105988353491
1885,126735,1,0,2.7173759881407022
1886,126736,1,0,2.702258003409952
1887,126737,1,0,2.7100330335088074
1888,126738,1,0,2.7168950182385743
1889,126739,1,0,2.721473982091993
1890,126740,1,0,2.709391003008932
1891,126741,1,0,2.7124169864691794
1892,126742,1,1,2.7180479955859482
1893,126743,1,0,2.7276150067336857
1894,126744,1,0,2.710163011215627
1895,126745,1,0,2.7110150549560785
1896,126746,1,0,2.7201520279049873
1897,126747,1,0,2.842367975972593
1898,126748,1,0,2.7268940466456115
1899,126749,1,0,2.707267994992435
1900,126750,1,0,2.7141799801029265
1901,126751,1,0,2.721825032494962
1902,126752,1,0,2.723557990975678
1903,126753,1,0,2.7071780059486628
1904,126754,1,0,2.719309995882213
1905,126755,1,0,2.7201020275242627
1906,126756,1,0,2.7310820296406746
1907,126757,1,0,2.708610030822456
1908,126758,1,0,2.718798990827054
1909,126759,1,0,2.71069398149848
1910,126760,1,1,2.7101929881609976
1911,126761,1,0,2.7002140413969755
1912,126762,1,0,2.7119560400024056
1913,126763,1,0,2.718397998251021
1914,126764,1,0,2.7120669838041067
1915,126765,1,0,2.712387009523809
1916,126766,1,0,2.713640045840293
1917,126767,1,0,2.718257950618863
1918,126768,1,0,2.705404011067003
1919,126769,1,0,2.712046029046178
1920,126770,1,0,2.7208930114284158
1921,126771,1,0,2.7267230325378478
1922,126772,1,0,2.714721020311117
1923,126773,1,0,2.708690008148551
1924,126774,1,0,2.8381100273691118
1925,126775,1,0,2.7204520301893353
1926,126776,1,0,2.7052139630541205
1927,126777,1,1,2.6994830113835633
1928,126778,1,0,2.7169850072823465
1929,126779,1,0,2.7228270191699266
1930,126780,1,0,2.7099319850094616
1931,126781,1,0,2.7078089769929647
1932,126782,1,0,2.7250400162301958
1933,126783,1,0,2.727035025600344
1934,126784,1,0,2.71324795903638
1935,126785,1,0,2.710453001782298
1936,126786,1,0,2.726172038819641
1937,126787,1,0,2.725721977185458
1938,126788,1,0,2.714100992307067
1939,126789,1,0,2.707618987187743
1940,126790,1,0,2.73657200159505
1941,126791,1,0,2.721763972658664
1942,126792,1,0,2.713599009439349
1943,126793,1,0,2.7076179976575077
1944,126794,1,1,2.7245889650657773
1945,126795,1,0,2.7208919636905193
1946,126796,1,0,2.7193300193175673
1947,126797,1,0,2.7114859549328685
1948,126798,1,0,2.7413310017436743
1949,126799,1,0,2.7204719954170287
1950,126800,1,0,2.844873000867665
1951,126801,1,0,2.7086699847131968
1952,126802,1,0,2.7155830175615847
1953,126803,1,0,2.7108440408483148
1954,126804,1,0,2.7099630096927285
1955,126805,1,0,2.7008059551008046
1956,126806,1,0,2.7081500156782568
1957,126807,1,0,2.703070000279695
1958,126808,1,0,2.718748990446329
1959,126809,1,0,2.6993430219590664
1960,126810,1,0,2.7125070337206125
1961,126811,1,1,2.711896027904004
1962,126812,1,0,2.71970103494823
1963,126813,1,0,2.7050329954363406
1964,126814,1,0,2.715373004321009
1965,126815,1,0,2.720192016568035
1966,126816,1,0,2.7074780082330108
1967,126817,1,0,2.7007750468328595
1968,126818,1,0,2.7140099555253983
1969,126819,1,0,2.712807967327535
1970,126820,1,0,2.7081900043413043
1971,126821,1,0,2.7074679965153337
1972,126822,1,0,2.758862974587828
1973,126823,1,0,2.7235180023126304
1974,126824,1,0,2.7146809734404087
1975,126825,1,0,2.711194974835962
1976,126826,1,0,2.7274650055915117
1977,126827,1,0,2.8510739794000983
1978,126828,1,1,2.7188390376977623
1979,126829,1,0,2.703481004573405
1980,126830,1,0,2.719740034081042
1981,126831,1,0,2.713578986003995
1982,126832,1,0,2.7151720132678747
1983,126833,1,0,2.7004049625247717
1984,126834,1,0,2.7217550086788833
1985,126835,1,0,2.7149420347996056
1986,126836,1,0,2.7169249951839447
1987,126837,1,0,2.6962669799104333
1988,126838,1,0,2.7256510220468044
1989,126839,1,0,2.720501972362399
1990,126840,1,0,2.7181379846297204
1991,126841,1,0,2.699083008337766
1992,126842,1,0,2.738875977229327
1993,126843,1,0,2.7388660237193108
1994,126844,1,0,2.7112950338050723
1995,126845,1,1,2.702187979593873
1996,126846,1,0,2.718888979870826
1997,126847,1,0,2.7231270214542747
1998,126848,1,0,2.732043038122356
1999,126849,1,0,2.700003969948739
2000,126850,1,0,2.7178769814781845
2001,126851,1,0,2.7202319470234215
2002,126852,1,0,2.7072569937445223
2003,126853,1,0,2.8277909732423723
2004,126854,1,0,2.719780954066664
2005,126855,1,0,2.72364798001945
2006,126856,1,0,2.7110949740745127
2007,126857,1,0,2.698961994610727
2008,126858,1,0,2.7131980168633163
2009,126859,1,0,2.715052047278732
2010,126860,1,0,2.715773996897042
2011,126861,1,0,2.6957959635183215
2012,126862,1,1,2.7177270385436714
2013,126863,1,0,2.718829025980085
2014,126864,1,0,2.726892998907715
2015,126865,1,0,2.715693030040711
2016,126866,1,0,2.7187090017832816
2017,126867,1,0,2.7130779926665127
2018,126868,1,0,2.7033910155296326
2019,126869,1,0,2.6998340035788715
2020,126870,1,0,2.707508043386042
2021,126871,1,0,2.7209629770368338
2022,126872,1,0,2.705574966967106
2023,126873,1,0,2.7079290011897683
2024,126874,1,0,2.7260819915682077
2025,126875,1,0,2.72295594913885
2026,126876,1,0,2.710703993216157
2027,126877,1,0,2.7135289856232703
2028,126878,1,0,2.7234579902142286
2029,126879,1,1,2.723436977248639
2030,126880,1,0,2.8419080190360546
2031,126881,1,0,2.7146009961143136
2032,126882,1,0,2.728377003222704
2033,126883,1,0,2.7246500249020755
2034,126884,1,0,2.719299984164536
2035,126885,1,0,2.7031099889427423
2036,126886,1,0,2.7238480397500098
2037,126887,1,0,2.7219640323892236
2038,126888,1,0,2.7156139840371907
2039,126889,1,0,2.703800972085446
2040,126890,1,0,2.728366991505027
2041,126891,1,0,2.8071620035916567
2042,126892,1,0,2.7394969947636127
2043,126893,1,0,2.714370028115809
2044,126894,1,0,2.711204986553639
2045,126895,1,0,2.71391001297161
2046,126896,1,1,2.721944998484105
2047,126897,1,0,2.7023779693990946
2048,126898,1,0,2.721544005908072
2049,126899,1,0,2.7269639540463686
2050,126900,1,0,2.7137399883940816
2051,126901,1,0,2.717296010814607
2052,126902,1,0,2.7164840139448643
2053,126903,1,0,2.720843011047691
2054,126904,1,0,2.709382039029151
2055,126905,1,0,2.690657041966915
2056,126906,1,0,2.829634991940111
2057,126907,1,0,2.706435974687338
2058,126908,1,0,2.7118860161863267
2059,126909,1,0,2.7015170198865235
2060,126910,1,0,2.705413964577019
2061,126911,1,0,2.716985996812582
2062,126912,1,0,2.7187590021640062
2063,126913,1,1,2.69882200518623
2064,126914,1,0,2.7185389772057533
2065,126915,1,0,2.75567703647539
2066,126916,1,0,2.7152420370839536
2067,126917,1,0,2.702808997128159
2068,126918,1,0,2.715201990213245
2069,126919,1,0,2.7184690115973353
2070,126920,1,0,2.705764025449753
2071,126921,1,0,2.6934220222756267
2072,126922,1,0,2.7063359739258885
2073,126923,1,0,2.706216007936746
2074,126924,1,0,2.7019769768230617
2075,126925,1,0,2.6902860263362527
2076,126926,1,0,2.710633969400078
2077,126927,1,0,2.713257970754057
2078,126928,1,0,2.7007449534721673
2079,126929,1,0,2.698340977076441
2080,126930,1,1,2.70850898232311
2081,126931,1,0,2.7170050307177007
2082,126932,1,0,2.703641017433256
2083,126933,1,0,2.829604025464505
2084,126934,1,0,2.7181979967281222
2085,126935,1,0,2.7217140304856002
2086,126936,1,0,2.7174170245416462
2087,126937,1,0,2.6983110001310706
2088,126938,1,0,2.7548560174182057
2089,126939,1,0,2.7195399743504822
2090,126940,1,0,2.7081790030933917
2091,126941,1,0,2.6985419681295753
2092,126942,1,0,2.715962997172028
2093,126943,1,0,2.712756977416575
2094,126944,1,0,2.7100120205432177
2095,126945,1,0,2.7114650001749396
2096,126946,1,0,2.715873997658491
2097,126947,1,1,2.7175770374014974
2098,126948,1,0,2.7013259823434055
2099,126949,1,0,2.7096120174974203
2100,126950,1,0,2.7189090033061802
2101,126951,1,0,2.7089110226370394
2102,126952,1,0,2.705333987250924
2103,126953,1,0,2.712396963033825
2104,126954,1,0,2.711735025513917
2105,126955,1,0,2.7204420184716582
2106,126956,1,0,2.7092209784314036
2107,126957,1,0,2.7199710020795465
2108,126958,1,0,2.7128380024805665
2109,126959,1,0,2.8446330106817186
2110,126960,1,0,2.7330350130796432
2111,126961,1,0,2.7102939784526825
2112,126962,1,0,2.727976010646671
2113,126963,1,0,2.73021002067253
2114,126964,1,1,2.715804032050073
2115,126965,1,0,2.7049739728681743
2116,126966,1,0,2.7165950159542263
2117,126967,1,0,2.7216739836148918
2118,126968,1,0,2.720903023146093
2119,126969,1,0,2.7071370277553797
2120,126970,1,0,2.7203320059925318
2121,126971,1,0,2.7142309700138867
2122,126972,1,0,2.7140699676238
2123,126973,1,0,2.7106539928354323
2124,126974,1,0,2.7204619836993515
2125,126975,1,0,2.7223550132475793
2126,126976,1,0,2.7071770164184272
2127,126977,1,0,2.6980210095643997
2128,126978,1,0,2.730480977334082
2129,126979,1,0,2.7175869909115136
2130,126980,1,0,2.7012560167349875
2131,126981,1,1,2.7118760044686496
2132,126982,1,0,2.7289579738862813
2133,126983,1,0,2.7164039784111083
2134,126984,1,0,2.7159639867022634
2135,126985,1,0,2.717125986237079
2136,126986,1,0,2.838840999174863
2137,126987,1,0,2.7298490167595446
2138,126988,1,0,2.725170983467251
2139,126989,1,0,2.7105140034109354
2140,126990,1,0,2.7172560221515596
2141,126991,1,0,2.714421018026769
2142,126992,1,0,2.7244099765084684
2143,126993,1,0,2.7102530002593994
2144,126994,1,0,2.7275849715806544
2145,126995,1,0,2.7178769814781845
2146,126996,1,0,2.722044999245554
2147,126997,1,0,2.7059150161221623
2148,126998,1,1,2.720411983318627
2149,126999,1,0,2.7277760091237724
2150,127000,1,0,2.714359958190471
2151,127001,1,0,2.6996330125257373
2152,127002,1,0,2.7263129595667124
2153,127003,1,0,2.726833976339549
2154,127004,1,0,2.7186780353076756
2155,127005,1,0,2.7087900089100003
2156,127006,1,0,2.710453001782298
2157,127007,1,0,2.725460974033922
2158,127008,1,0,2.7325639966875315
2159,127009,1,0,2.704341954085976
2160,127010,1,0,2.7158039738424122
2161,127011,1,0,2.718397998251021
2162,127012,1,0,2.852466015610844
2163,127013,1,0,2.7073469827882946
2164,127014,1,0,2.7098419959656894
2165,127015,1,1,2.7125070337206125
2166,127016,1,0,2.7213729918003082
2167,127017,1,0,2.71313899429515
2168,127018,1,0,2.7274549938738346
2169,127019,1,0,2.7237889589741826
2170,127020,1,0,2.7212739805690944
2171,127021,1,0,2.7038310072384775
2172,127022,1,0,2.7134889969602227
2173,127023,1,0,2.7176770381629467
2174,127024,1,0,2.718920004554093
2175,127025,1,0,2.695595961995423
2176,127026,1,0,2.7170359971933067
2177,127027,1,0,2.717626979574561
2178,127028,1,0,2.7205320075154305
2179,127029,1,0,2.698961994610727
2180,127030,1,0,2.710543980356306
2181,127031,1,0,2.9512899927794933
2182,127032,1,1,2.7182979974895716
2183,127033,1,0,2.7047829935327172
2184,127034,1,0,2.7044520247727633
2185,127035,1,0,2.717547002248466
2186,127036,1,0,2.723328012507409
2187,127037,1,0,2.7067470364272594
2188,127038,1,0,2.7163639897480607
2189,127039,1,0,2.8353549423627555
2190,127040,1,0,2.714190981350839
2191,127041,1,0,2.7128480141982436
2192,127042,1,0,2.6955950306728482
2193,127043,1,0,2.7129279915243387
2194,127044,1,0,2.7127370121888816
2195,127045,1,0,2.7161340112797916
2196,127046,1,0,2.702598983887583
2197,127047,1,0,2.7127779903821647
2198,127048,1,0,2.71630403585732
2199,127049,1,1,2.712466986849904
2200,127050,1,0,2.7053540106862783
2201,127051,1,0,2.714731963351369
2202,127052,1,0,2.7178379823453724
2203,127053,1,0,2.708179992623627
2204,127054,1,0,2.7150019886903465
2205,127055,1,0,2.717958006542176
2206,127056,1,0,2.720261982176453
2207,127057,1,0,2.705995982978493
2208,127058,1,0,2.711035020183772
2209,127059,1,0,2.7142310282215476
2210,127060,1,0,2.720912976656109
2211,127061,1,0,2.7006949530914426
2212,127062,1,0,2.7174060232937336
2213,127063,1,0,2.723377023357898
2214,127064,1,0,2.7210030239075422
2215,127065,1,0,2.8315680101513863
2216,127066,1,1,2.6948650483973324
2217,127067,1,0,2.7200609911233187
2218,127068,1,0,2.7259020134806633
2219,127069,1,0,2.70652596373111
2220,127070,1,0,2.70811899099499
2221,127071,1,0,2.7148809749633074
2222,127072,1,0,2.725442056544125
2223,127073,1,0,2.710063010454178
2224,127074,1,0,2.705393999349326
2225,127075,1,0,2.7211440028622746
2226,127076,1,0,2.7244589873589575
2227,127077,1,0,2.7088799979537725
2228,127078,1,0,2.8415670385584235
2229,127079,1,0,2.7698029880411923
2230,127080,1,0,2.782477007713169
2231,127081,1,0,2.71769700339064
2232,127082,1,0,2.7557280263863504
2233,127083,1,0,2.7303399983793497
2234,127084,1,1,2.758461982011795
2235,127085,1,0,2.721222990658134
2236,127086,1,0,2.7024989831261337
2237,127087,1,0,2.7117860154248774
2238,127088,1,0,2.7221260243095458
2239,127089,1,0,2.7256609755568206
2240,127090,1,0,2.7445569867268205
2241,127091,1,0,2.707017003558576
2242,127092,1,0,2.844472008291632
2243,127093,1,0,2.7273950399830937
2244,127094,1,0,2.725731988903135
2245,127095,1,0,2.7183579513803124
2246,127096,1,0,2.724119054619223
2247,127097,1,0,2.718318020924926
2248,127098,1,0,2.728597028180957
2249,127099,1,0,2.705444989260286
2250,127100,1,0,2.7238380280323327
2251,127101,1,1,2.72323697572574
2252,127102,1,0,2.7149919769726694
2253,127103,1,0,2.70003400510177
2254,127104,1,0,2.7176770381629467
2255,127105,1,0,2.7158029843121767
2256,127106,1,0,2.7267539990134537
2257,127107,1,0,2.6910779997706413
2258,127108,1,0,2.7166649815626442
2259,127109,1,0,2.7157730073668063
2260,127110,1,0,2.717035007663071
2261,127111,1,0,2.689754997845739
2262,127112,1,0,2.7351999888196588
2263,127113,1,0,2.714490983635187
2264,127114,1,0,2.7165350038558245
2265,127115,1,0,2.7022180147469044
2266,127116,1,0,2.7140699676238
2267,127117,1,0,2.7132590184919536
2268,127118,1,1,2.844001050107181
2269,127119,1,0,2.704762970097363
2270,127120,1,0,2.7221249765716493
2271,127121,1,0,2.718428964726627
2272,127122,1,0,2.717776980716735
2273,127123,1,0,2.6996430242434144
2274,127124,1,0,2.7228170074522495
2275,127125,1,0,2.725101017858833
2276,127126,1,0,2.716785005759448
2277,127127,1,0,2.696358016692102
2278,127128,1,0,2.722895995248109
2279,127129,1,0,2.718829025980085
2280,127130,1,0,2.7224959922023118
2281,127131,1,0,2.7059449930675328
2282,127132,1,0,2.7176470030099154
2283,127133,1,0,2.7074480312876403
2284,127134,1,0,2.716864983085543
2285,127135,1,1,2.701056015212089
2286,127136,1,0,2.724078018218279
2287,127137,1,0,2.7199220494367182
2288,127138,1,0,2.7055650134570897
2289,127139,1,0,2.696668030694127
2290,127140,1,0,2.7207129751332104
2291,127141,1,0,2.7256019529886544
2292,127142,1,0,2.719519950915128
2293,127143,1,0,2.7064959867857397
2294,127144,1,0,2.7210330008529127
2295,127145,1,0,2.8937830356881022
2296,127146,1,0,2.7263829833827913
2297,127147,1,0,2.7547950157895684
2298,127148,1,0,2.713418973144144
2299,127149,1,0,2.7309019933454692
2300,127150,1,0,2.747112012002617
2301,127151,1,0,2.6920189848169684
2302,127152,1,1,2.706445986405015
2303,127153,1,0,2.7338769868947566
2304,127154,1,0,2.7194999856874347
2305,127155,1,0,2.713449008297175
2306,127156,1,0,2.711686014663428
2307,127157,1,0,2.717626979574561
2308,127158,1,0,2.7160129975527525
2309,127159,1,0,2.7083889581263065
2310,127160,1,0,2.708880987484008
2311,127161,1,0,2.719209995120764
2312,127162,1,0,2.7105030021630228
2313,127163,1,0,2.7047329931519926
2314,127164,1,0,2.7161440229974687
2315,127165,1,0,2.7133189723826945
2316,127166,1,0,2.707928011659533
2317,127167,1,0,2.6992029743269086
2318,127168,1,0,2.709912951104343
2319,127169,1,1,2.71256803534925
2320,127170,1,0,2.734698005951941
2321,127171,1,0,2.8225909918546677
2322,127172,1,0,2.7114650001749396
2323,127173,1,0,2.7192499837838113
2324,127174,1,0,2.718027972150594
2325,127175,1,0,2.7074580430053174
2326,127176,1,0,2.7239490300416946
2327,127177,1,0,2.7135699638165534
2328,127178,1,0,2.714620961342007
2329,127179,1,0,2.7064759633503854
2330,127180,1,0,2.7215240406803787
2331,127181,1,0,2.7144209598191082
2332,127182,1,0,2.7113949763588607
2333,127183,1,0,2.6971890474669635
2334,127184,1,0,2.7151929680258036
2335,127185,1,0,2.7117759454995394
2336,127186,1,1,2.7155030402354896
2337,127187,1,0,2.72336695343256
2338,127188,1,0,2.759413968306035
2339,127189,1,0,2.7210229891352355
2340,127190,1,0,2.7257819892838597
2341,127191,1,0,2.7161039761267602
2342,127192,1,0,2.7167649823240936
2343,127193,1,0,2.7217140304856002
2344,127194,1,0,2.710904984269291
2345,127195,1,0,2.7065760223194957
2346,127196,1,0,2.7113959658890963
2347,127197,1,0,2.723868004977703
2348,127198,1,0,2.8448529774323106
2349,127199,1,0,2.7119769947603345
2350,127200,1,0,2.711425011511892
2351,127201,1,0,2.7119360165670514
2352,127202,1,0,2.7156630530953407
2353,127203,1,1,2.7061650180257857
2354,127204,1,0,2.7148210210725665
2355,127205,1,0,2.7510590152814984
2356,127206,1,0,2.7371729956939816
2357,127207,1,0,2.72107298951596
2358,127208,1,0,2.706877014134079
2359,127209,1,0,2.7237189933657646
2360,127210,1,0,2.7339570224285126
2361,127211,1,0,2.724990015849471
2362,127212,1,0,2.711975947022438
2363,127213,1,0,2.731021959334612
2364,127214,1,0,2.7303300448693335
2365,127215,1,0,2.718968957196921
2366,127216,1,0,2.706115017645061
2367,127217,1,0,2.720010990742594
2368,127218,1,0,2.7282260125502944
2369,127219,1,0,2.71980999968946
2370,127220,1,1,2.7034709928557277
2371,127221,1,0,2.7260120259597898
2372,127222,1,0,2.721694007050246
2373,127223,1,0,2.725091006141156
2374,127224,1,0,2.8336819959804416
2375,127225,1,0,2.7201109915040433
2376,127226,1,0,2.7456090319901705
2377,127227,1,0,2.7331060264259577
2378,127228,1,0,2.7185080107301474
2379,127229,1,0,2.718598989304155
2380,127230,1,0,2.7253509615547955
2381,127231,1,0,2.7161140460520983
2382,127232,1,0,2.712326997425407
2383,127233,1,0,2.7149319648742676
2384,127234,1,0,2.7171459514647722
2385,127235,1,0,2.7246700483374298
2386,127236,1,0,2.7140399906784296
2387,127237,1,1,2.7129880036227405
2388,127238,1,0,2.716435003094375
2389,127239,1,0,2.7256819885224104
2390,127240,1,0,2.709502005018294
2391,127241,1,0,2.722966019064188
2392,127242,1,0,2.7256920002400875
2393,127243,1,0,2.722175035160035
2394,127244,1,0,2.7127480134367943
2395,127245,1,0,2.7082290034741163
2396,127246,1,0,2.721233991906047
2397,127247,1,0,2.7187889791093767
2398,127248,1,0,2.716905961278826
2399,127249,1,0,2.722637029364705
2400,127250,1,0,2.723296987824142
2401,127251,1,0,2.8459050226956606
2402,127252,1,0,2.719871001318097
2403,127253,1,0,2.720572054386139
2404,127254,1,1,2.72925803437829
2405,127255,1,0,2.7325149858370423
2406,127256,1,0,2.725431986618787
2407,127257,1,0,2.715492038987577
2408,127258,1,0,2.72727501578629
2409,127259,1,0,2.716885006520897
2410,127260,1,0,2.720561984460801
2411,127261,1,0,2.702028024941683
2412,127262,1,0,2.7169150416739285
2413,127263,1,0,2.784951007924974
2414,127264,1,0,2.7814250206574798
2415,127265,1,0,2.7219349867664278
2416,127266,1,0,2.7083500172011554
2417,127267,1,0,2.7170759858563542
2418,127268,1,0,2.7223859797231853
2419,127269,1,0,2.7063260204158723
2420,127270,1,0,2.7149420347996056
2421,127271,1,1,2.714390982873738
2422,127272,1,0,2.7205220540054142
2423,127273,1,0,2.7025589952245355
2424,127274,1,0,2.7232569991610944
2425,127275,1,0,2.7190190157853067
2426,127276,1,0,2.718126983381808
2427,127277,1,0,2.824405033607036
2428,127278,1,0,2.714209957048297
2429,127279,1,0,2.7199609903618693
2430,127280,1,0,2.7253609732724726
2431,127281,1,0,2.7092010132037103
2432,127282,1,0,2.7058449923060834
2433,127283,1,0,2.7335259946994483
2434,127284,1,0,2.725742000620812
2435,127285,1,0,2.704492013435811
2436,127286,1,0,2.7083500172011554
2437,127287,1,0,2.7723379898816347
2438,127288,1,1,2.7261219802312553
2439,127289,1,0,2.7100929873995483
2440,127290,1,0,2.7075880207121372
2441,127291,1,0,2.708359039388597
2442,127292,1,0,2.7198409661650658
2443,127293,1,0,2.705674967728555
2444,127294,1,0,2.7162040350958705
2445,127295,1,0,2.7205729857087135
2446,127296,1,0,2.718037983868271
2447,127297,1,0,2.708229993004352
2448,127298,1,0,2.7163950144313276
2449,127299,1,0,2.7203920180909336
2450,127300,1,0,2.712868037633598
2451,127301,1,0,2.7168060187250376
2452,127302,1,0,2.715051989071071
2453,127303,1,0,2.7209430118091404
2454,127304,1,0,2.840485016349703
2455,127305,1,1,2.7065370231866837
2456,127306,1,0,2.713038004003465
2457,127307,1,0,2.7157129952684045
2458,127308,1,0,2.725391008425504
2459,127309,1,0,2.7156330179423094
2460,127310,1,0,2.792264975141734
2461,127311,1,0,2.7223160141147673
2462,127312,1,0,2.7213040157221258
2463,127313,1,0,2.7204719954170287
2464,127314,1,0,2.70343100419268
2465,127315,1,0,2.715954033192247
2466,127316,1,0,2.7133089606650174
2467,127317,1,0,2.7084199828095734
2468,127318,1,0,2.703570993617177
2469,127319,1,0,2.7237379690632224
2470,127320,1,0,2.717236988246441
2471,127321,1,0,2.7140910387970507
2472,127322,1,1,2.704993006773293
2473,127323,1,0,2.718698000535369
2474,127324,1,0,2.7182280318811536
2475,127325,1,0,2.7108739595860243
2476,127326,1,0,2.7018479886464775
2477,127327,1,0,2.716453978791833
2478,127328,1,0,2.7177169686183333
2479,127329,1,0,2.7059860294684768
2480,127330,1,0,2.8314180090092123
2481,127331,1,0,2.7210440021008253
2482,127332,1,0,2.7160439640283585
2483,127333,1,0,2.737021946813911
2484,127334,1,0,2.7003249851986766
2485,127335,1,0,2.7167960070073605
2486,127336,1,0,2.7176570147275925
2487,127337,1,0,2.7163050253875554
2488,127338,1,0,2.7034900267608464
2489,127339,1,1,2.7346889837644994
2490,127340,1,0,2.7129679801873863
2491,127341,1,0,2.720511984080076
2492,127342,1,0,2.7082390151917934
2493,127343,1,0,2.718448988161981
2494,127344,1,0,2.7208219980821013
2495,127345,1,0,2.7104640030302107
2496,127346,1,0,2.7052140212617815
2497,127347,1,0,2.7254310552962124
2498,127348,1,0,2.7276150067336857
2499,127349,1,0,2.7109539951197803
2500,127350,1,0,2.7106140041723847
2501,127351,1,0,2.715262002311647
2502,127352,1,0,2.7204719954170287
2503,127353,1,0,2.70477298181504
2504,127354,1,0,2.7093110256828368
2505,127355,1,0,2.721244003623724
2506,127356,1,1,2.8463859925977886
2507,127357,1,0,2.854419988580048
2508,127358,1,0,2.716084010899067
2509,127359,1,0,2.7111649978905916
2510,127360,1,0,2.725480997469276
2511,127361,1,0,2.717616967856884
2512,127362,1,0,2.7125970227643847
2513,127363,1,0,2.709142048843205
2514,127364,1,0,2.7248099795542657
2515,127365,1,0,2.70974199520424
2516,127366,1,0,2.708279003854841
2517,127367,1,0,2.717467024922371
2518,127368,1,0,2.7243789518252015
2519,127369,1,0,2.718136995099485
2520,127370,1,0,2.708240004722029
2521,127371,1,0,2.711836015805602
2522,127372,1,0,2.703500969801098
2523,127373,1,1,2.71192699437961
2524,127374,1,0,2.7040819986723363
2525,127375,1,0,2.709502005018294
2526,127376,1,0,2.72307702107355
2527,127377,1,0,2.7375940117053688
2528,127378,1,0,2.709331049118191
2529,127379,1,0,2.728896972257644
2530,127380,1,0,2.7776380302384496
2531,127381,1,0,2.7204619836993515
2532,127382,1,0,2.7161940233781934
2533,127383,1,0,2.8715720400214195
2534,127384,1,0,2.7118559810332954
2535,127385,1,0,2.7173369890078902
2536,127386,1,0,2.711996028665453
2537,127387,1,0,2.700514975003898
2538,127388,1,0,2.7483529993332922
2539,127389,1,0,2.731080981902778
2540,127390,1,0,2.7181979967281222
2541,127391,1,1,2.703150035813451
2542,127392,1,0,2.7219849871471524
2543,127393,1,0,2.721323980949819
2544,127394,1,0,2.70891998661682
2545,127395,1,0,2.7095619589090347
2546,127396,1,0,2.729017985984683
2547,127397,1,0,2.728896972257644
2548,127398,1,0,2.706286031752825
2549,127399,1,0,2.702448982745409
2550,127400,1,0,2.7192499837838113
2551,127401,1,0,2.7275850297883153
2552,127402,1,0,2.7061650180257857
2553,127403,1,0,2.705464023165405
2554,127404,1,0,2.72985000628978
2555,127405,1,0,2.720972988754511
2556,127406,1,0,2.7066260227002203
2557,127407,1,0,2.7070370269939303
2558,127408,1,1,2.7215140289627016
2559,127409,1,0,2.7252609725110233
2560,127410,1,0,2.835485036484897
2561,127411,1,0,2.7046329923905432
2562,127412,1,0,2.728105988353491
2563,127413,1,0,2.7222150238230824
2564,127414,1,0,2.735739981289953
2565,127415,1,0,2.710122033022344
2566,127416,1,0,2.7244200464338064
2567,127417,1,0,2.718226984143257
2568,127418,1,0,2.7161139878444374
2569,127419,1,0,2.7085800538770854
2570,127420,1,0,2.730561012867838
2571,127421,1,0,2.716804970987141
2572,127422,1,0,2.730561012867838
2573,127423,1,0,2.710163011215627
2574,127424,1,0,2.7231770218349993
2575,127425,1,1,2.7264630189165473
2576,127426,1,0,2.7674189768731594
2577,127427,1,0,2.722395001910627
2578,127428,1,0,2.7134089614264667
2579,127429,1,0,2.7216739836148918
2580,127430,1,0,2.7135490090586245
2581,127431,1,0,2.707857987843454
2582,127432,1,0,2.714540984015912
2583,127433,1,0,2.719560987316072
2584,127434,1,0,2.7262319927103817
2585,127435,1,0,2.715282025747001
2586,127436,1,0,2.83980299718678
2587,127437,1,0,2.7235180023126304
2588,127438,1,0,2.7332560275681317
2589,127439,1,0,2.7233270229771733
2590,127440,1,0,2.7019879780709743
2591,127441,1,0,2.724279009271413
2592,127442,1,1,2.7222249773330986
2593,127443,1,0,2.7263930533081293
2594,127444,1,0,2.6985419681295753
2595,127445,1,0,2.7216440066695213
2596,127446,1,0,2.730509964749217
2597,127447,1,0,2.715312992222607
2598,127448,1,0,2.7099319850094616
2599,127449,1,0,2.71851901197806
2600,127450,1,0,2.7226959937252104
2601,127451,1,0,2.7087900089100003
2602,127452,1,0,2.7068870258517563
2603,127453,1,0,2.727766055613756
2604,127454,1,0,2.719781012274325
2605,127455,1,0,2.710414002649486
2606,127456,1,0,2.7044520247727633
2607,127457,1,0,2.7319840155541897
2608,127458,1,0,2.728416002355516
2609,127459,1,1,2.714150003157556
2610,127460,1,0,2.706515952013433
2611,127461,1,0,2.722906006965786
2612,127462,1,0,2.7203310164622962
2613,127463,1,0,2.8442710172384977
2614,127464,1,0,2.709602005779743
2615,127465,1,0,2.7201109915040433
2616,127466,1,0,2.719491021707654
2617,127467,1,0,2.7196899754926562
2618,127468,1,0,2.7016469975933433
2619,127469,1,0,2.716554969083518
2620,127470,1,0,2.718728967010975
2621,127471,1,0,2.7116650016978383
2622,127472,1,0,2.6999739930033684
2623,127473,1,0,2.7203719946555793
2624,127474,1,0,2.723498037084937
2625,127475,1,0,2.7200719923712313
2626,127476,1,1,2.6961570256389678
2627,127477,1,0,2.7184690115973353
2628,127478,1,0,2.714630973059684
2629,127479,1,0,2.7059850399382412
2630,127480,1,0,2.69841100089252
2631,127481,1,0,2.7187190135009587
2632,127482,1,0,2.718157018534839
2633,127483,1,0,2.710623957682401
2634,127484,1,0,2.7040319982916117
2635,127485,1,0,2.717135997954756
2636,127486,1,0,2.7174269780516624
2637,127487,1,0,2.699163043871522
2638,127488,1,0,2.704472979530692
2639,127489,1,0,2.843910944648087
2640,127490,1,0,2.733415982220322
2641,127491,1,0,2.713920024689287
2642,127492,1,0,2.6912480243481696
2643,127493,1,1,2.7177369920536876
2644,127494,1,0,2.717776980716735
2645,127495,1,0,2.705474034883082
2646,127496,1,0,2.7015169616788626
2647,127497,1,0,2.7132590184919536
2648,127498,1,0,2.7185590006411076
2649,127499,1,0,2.70876003196463
2650,127500,1,0,2.7105039916932583
2651,127501,1,0,2.7164340135641396
2652,127502,1,0,2.717365976423025
2653,127503,1,0,2.712097018957138
2654,127504,1,0,2.7170749963261187
2655,127505,1,0,2.7194299618713558
2656,127506,1,0,2.7223260258324444
2657,127507,1,0,2.703711041249335
2658,127508,1,0,2.7152220136485994
2659,127509,1,0,2.7249210397712886
2660,127510,1,1,2.7227269602008164
2661,127511,1,0,2.7124080224893987
2662,127512,1,0,2.7211130363866687
2663,127513,1,0,2.7316330233588815
2664,127514,1,0,2.7173570124432445
2665,127515,1,0,2.7052140212617815
2666,127516,1,0,2.8360869619064033
2667,127517,1,0,2.7126679779030383
2668,127518,1,0,2.7178769814781845
2669,127519,1,0,2.704271988477558
2670,127520,1,0,2.7034510276280344
2671,127521,1,0,2.7220049523748457
2672,127522,1,0,2.71980999968946
2673,127523,1,0,2.716004033572972
2674,127524,1,0,2.7051030192524195
2675,127525,1,0,2.725952013861388
2676,127526,1,0,2.7136990102007985
2677,127527,1,1,2.7115349657833576
2678,127528,1,0,2.731663000304252
2679,127529,1,0,2.7176059666089714
2680,127530,1,0,2.7152730035595596
2681,127531,1,0,2.7216440066695213
2682,127532,1,0,2.711526001803577
2683,127533,1,0,2.7249599806964397
2684,127534,1,0,2.7148619992658496
2685,127535,1,0,2.711034961976111
2686,127536,1,0,2.701626974157989
2687,127537,1,0,2.70946096861735
2688,127538,1,0,2.7189090033061802
2689,127539,1,0,2.707118052057922
2690,127540,1,0,2.7120259474031627
2691,127541,1,0,2.7166649815626442
2692,127542,1,0,2.908369991928339
2693,127543,1,0,2.7177170268259943
2694,127544,1,1,2.7005660231225193
2695,127545,1,0,2.718136995099485
2696,127546,1,0,2.7132389950565994
2697,127547,1,0,2.704211976379156
2698,127548,1,0,2.6971279876306653
2699,127549,1,0,2.7148210210725665
2700,127550,1,0,2.7339470107108355
2701,127551,1,0,2.7192090055905282
2702,127552,1,0,2.700814977288246
2703,127553,1,0,2.720801974646747
2704,127554,1,0,2.722115023061633
2705,127555,1,0,2.7106940397061408
2706,127556,1,0,2.6955759967677295
2707,127557,1,0,2.7211729902774096
2708,127558,1,0,2.722484990954399
2709,127559,1,0,2.7064659516327083
2710,127560,1,0,2.7092910022474825
2711,127561,1,1,2.7154129929840565
2712,127562,1,0,2.718187985010445
2713,127563,1,0,2.705783990677446
2714,127564,1,0,2.7098729624412954
2715,127565,1,0,2.7238480397500098
2716,127566,1,0,2.7482929872348905
2717,127567,1,0,2.737042959779501
2718,127568,1,0,2.733986999373883
2719,127569,1,0,2.8661820106208324
2720,127570,1,0,2.7135289856232703
2721,127571,1,0,2.717926981858909
2722,127572,1,0,2.7076080441474915
2723,127573,1,0,2.7159330202266574
2724,127574,1,0,2.722956007346511
2725,127575,1,0,2.7153929695487022
2726,127576,1,0,2.7019180124625564
2727,127577,1,0,2.7209529653191566
2728,127578,1,1,2.718247997108847
2729,127579,1,0,2.7172359987162054
2730,127580,1,0,2.700434997677803
2731,127581,1,0,2.7264939853921533
2732,127582,1,0,2.715832961257547
2733,127583,1,0,2.71646399050951
2734,127584,1,0,2.7014570077881217
2735,127585,1,0,2.7138800360262394
2736,127586,1,0,2.713989990297705
2737,127587,1,0,2.7172559639438987
2738,127588,1,0,2.704763028305024
2739,127589,1,0,2.7125169872306287
2740,127590,1,0,2.7107439818792045
2741,127591,1,0,2.7115550474263728
2742,127592,1,0,2.7119769947603345
2743,127593,1,0,2.7272249571979046
2744,127594,1,0,2.7324340189807117
2745,127595,1,1,2.8323500300757587
2746,127596,1,0,2.7497769915498793
2747,127597,1,0,2.7705649845302105
2748,127598,1,0,2.7216539601795375
2749,127599,1,0,2.7121560415253043
2750,127600,1,0,2.7106539928354323
2751,127601,1,0,2.705184044316411
2752,127602,1,0,2.7122569736093283
2753,127603,1,0,2.740980009548366
2754,127604,1,0,2.718097995966673
2755,127605,1,0,2.7233369764871895
2756,127606,1,0,2.7175970026291907
2757,127607,1,0,2.7178869931958616
2758,127608,1,0,2.707077015656978
2759,127609,1,0,2.7052839868701994
2760,127610,1,0,2.716154034715146
2761,127611,1,0,2.7243789518252015
2762,127612,1,1,2.7630010154098272
2763,127613,1,0,2.704682992771268
2764,127614,1,0,2.7101730229333043
2765,127615,1,0,2.7101730229333043
2766,127616,1,0,2.6983710122294724
2767,127617,1,0,2.707918989472091
2768,127618,1,0,2.716234012041241
2769,127619,1,0,2.702808997128159
2770,127620,1,0,2.6906460407190025
2771,127621,1,0,2.718798990827054
2772,127622,1,0,2.83168803434819
2773,127623,1,0,2.710993983782828
2774,127624,1,0,2.7152530383318663
2775,127625,1,0,2.7074679965153337
2776,127626,1,0,2.7163339545950294
2777,127627,1,0,2.7224160148762167
2778,127628,1,0,2.70894099958241
2779,127629,1,1,2.716654969844967
2780,127630,1,0,2.7300399960950017
2781,127631,1,0,2.722145989537239
2782,127632,1,0,2.7144309715367854
2783,127633,1,0,2.7220050105825067
2784,127634,1,0,2.7276650071144104
2785,127635,1,0,2.7362419641576707
2786,127636,1,0,2.7410699985921383
2787,127637,1,0,2.717407012823969
2788,127638,1,0,2.713428984861821
2789,127639,1,0,2.7169249951839447
2790,127640,1,0,2.7092309901490808
2791,127641,1,0,2.7179469470866024
2792,127642,1,0,2.7169049717485905
2793,127643,1,0,2.7212740387767553
2794,127644,1,0,2.731383021455258
2795,127645,1,0,2.727083978243172
2796,127646,1,1,2.71391001297161
2797,127647,1,0,2.7152819675393403
2798,127648,1,0,2.838690998032689
2799,127649,1,0,2.7019469998776913
2800,127650,1,0,2.721683995332569
2801,127651,1,0,2.721343014854938
2802,127652,1,0,2.7139699668623507
2803,127653,1,0,2.717125986237079
2804,127654,1,0,2.7294689789414406
2805,127655,1,0,2.7250400162301958
2806,127656,1,0,2.726494043599814
2807,127657,1,0,2.7042219880968332
2808,127658,1,0,2.7277349727228284
2809,127659,1,0,2.776325971353799
2810,127660,1,0,2.7194199501536787
2811,127661,1,0,2.707637962885201
2812,127662,1,0,2.711815992370248
2813,127663,1,1,2.7136389981023967
2814,127664,1,0,2.7198310126550496
2815,127665,1,0,2.6984710129909217
2816,127666,1,0,2.7158840093761683
2817,127667,1,0,2.7235070010647178
2818,127668,1,0,2.719090029131621
2819,127669,1,0,2.7028399636037648
2820,127670,1,0,2.723067009355873
2821,127671,1,0,2.7142600156366825
2822,127672,1,0,2.70693696802482
2823,127673,1,0,2.7025790186598897
2824,127674,1,0,2.730401000007987
2825,127675,1,0,2.856374019756913
2826,127676,1,0,2.7277449844405055
2827,127677,1,0,2.713317982852459
2828,127678,1,0,2.7135690324939787
2829,127679,1,0,2.7381950058043003
2830,127680,1,1,2.7265839744359255
2831,127681,1,0,2.7124870102852583
2832,127682,1,0,2.8008209774270654
2833,127683,1,0,2.7174869901500642
2834,127684,1,0,2.7132080285809934
2835,127685,1,0,2.7102830354124308
2836,127686,1,0,2.7029489865526557
2837,127687,1,0,2.71038303617388
2838,127688,1,0,2.719080017413944
2839,127689,1,0,2.706867002416402
2840,127690,1,0,2.7118760044686496
2841,127691,1,0,2.7109350194223225
2842,127692,1,0,2.7137500001117587
2843,127693,1,0,2.7013769722543657
2844,127694,1,0,2.7106329798698425
2845,127695,1,0,2.7177369920536876
2846,127696,1,0,2.7191489934921265
2847,127697,1,1,2.7013960061594844
2848,127698,1,0,2.7205920196138322
2849,127699,1,0,2.7150919777341187
2850,127700,1,0,2.7232470456510782
2851,127701,1,0,2.8234130004420877
2852,127702,1,0,2.7110849623568356
2853,127703,1,0,2.7152029797434807
2854,127704,1,0,2.721904020290822
2855,127705,1,0,2.7428839821368456
2856,127706,1,0,2.715602982789278
2857,127707,1,0,2.7158030425198376
2858,127708,1,0,2.73155199829489
2859,127709,1,0,2.7154930285178125
2860,127710,1,0,2.71365896333009
2861,127711,1,0,2.7352499892003834
2862,127712,1,0,2.770305029116571
2863,127713,1,0,2.7464000158943236
2864,127714,1,0,2.7298000059090555
2865,127715,1,1,2.745789010077715
2866,127716,1,0,2.7343169786036015
2867,127717,1,0,2.7296089683659375
2868,127718,1,0,2.7072179946117103
2869,127719,1,0,2.717526978813112
2870,127720,1,0,2.725551021285355
2871,127721,1,0,2.716023998800665
2872,127722,1,0,2.692459966056049
2873,127723,1,0,2.7171759866178036
2874,127724,1,0,2.7171759866178036
2875,127725,1,0,2.7097819838672876
2876,127726,1,0,2.6908870204351842
2877,127727,1,0,2.7241079951636493
2878,127728,1,0,2.8439710149541497
2879,127729,1,0,2.7090110233984888
2880,127730,1,0,2.696498006116599
2881,127731,1,0,2.711035020183772
2882,127732,1,1,2.7098419959656894
2883,127733,1,0,2.7079489664174616
2884,127734,1,0,2.691348025109619
2885,127735,1,0,2.7173759881407022
2886,127736,1,0,2.714751986786723
2887,127737,1,0,2.708049025386572
2888,127738,1,0,2.7003950090147555
2889,127739,1,0,2.7188999811187387
2890,127740,1,0,2.712247020099312
2891,127741,1,0,2.7138300356455147
2892,127742,1,0,2.7001440175808966
2893,127743,1,0,2.7171759866178036
2894,127744,1,0,2.715523005463183
2895,127745,1,0,2.7143610059283674
2896,127746,1,0,2.713509020395577
2897,127747,1,0,2.713799010962248
2898,127748,1,0,2.7181280311197042
2899,127749,1,1,2.7091209776699543
2900,127750,1,0,2.7087609632872045
2901,127751,1,0,2.714411006309092
2902,127752,1,0,2.947302011307329
2903,127753,1,0,2.724980004131794
2904,127754,1,0,2.834763959981501
2905,127755,1,0,2.7079490246251225
2906,127756,1,0,2.7155120042152703
2907,127757,1,0,2.7195409638807178
2908,127758,1,0,2.707508043386042
2909,127759,1,0,2.7114750118926167
2910,127760,1,0,2.7147820219397545
2911,127761,1,0,2.7162039768882096
2912,127762,1,0,2.708390005864203
2913,127763,1,0,2.706194994971156
2914,127764,1,0,2.717997005674988
2915,127765,1,0,2.7145809726789594
2916,127766,1,1,2.708890999201685
2917,127767,1,0,2.7038310072384775
2918,127768,1,0,2.7156539727002382
2919,127769,1,0,2.7107640053145587
2920,127770,1,0,2.6964879943989217
2921,127771,1,0,2.7089010109193623
2922,127772,1,0,2.7174560236744583
2923,127773,1,0,2.720192016568035
2924,127774,1,0,2.6931309839710593
2925,127775,1,0,2.7777680079452693
2926,127776,1,0,2.7210930129513144
2927,127777,1,0,2.733565983362496
2928,127778,1,0,2.7429740293882787
2929,127779,1,0,2.7058650157414377
2930,127780,1,0,2.7164050261490047
2931,127781,1,0,2.8531979769468307
2932,127782,1,0,2.716704970225692
2933,127783,1,1,2.704271988477558
2934,127784,1,0,2.717135997954756
2935,127785,1,0,2.715262002311647
2936,127786,1,0,2.7107340283691883
2937,127787,1,0,2.6954549830406904
2938,127788,1,0,2.7148720109835267
2939,127789,1,0,2.7146809734404087
2940,127790,1,0,2.7073879609815776
2941,127791,1,0,2.7085700421594083
2942,127792,1,0,2.717397001106292
2943,127793,1,0,2.7076280093751848
2944,127794,1,0,2.7004050207324326
2945,127795,1,0,2.748925006017089
2946,127796,1,0,2.710041997488588
2947,127797,1,0,2.7108940412290394
2948,127798,1,0,2.788978978060186
2949,127799,1,0,2.708779997192323
2950,127800,1,1,2.7125069755129516
2951,127801,1,0,2.712396963033825
2952,127802,1,0,2.6962770498357713
2953,127803,1,0,2.7039809501729906
2954,127804,1,0,2.7100619627162814
2955,127805,1,0,2.7152120019309223
2956,127806,1,0,2.701947989407927
2957,127807,1,0,2.8316579991951585
2958,127808,1,0,2.7144300402142107
2959,127809,1,0,2.7225760277360678
2960,127810,1,0,2.696727984584868
2961,127811,1,0,2.6950149913318455
2962,127812,1,0,2.7132779941894114
2963,127813,1,0,2.7175070135854185
2964,127814,1,0,2.70770798670128
2965,127815,1,0,2.712687011808157
2966,127816,1,0,2.7145309722982347
2967,127817,1,1,2.71297903964296
2968,127818,1,0,2.7117360150441527
2969,127819,1,0,2.707417996134609
2970,127820,1,0,2.721914032008499
2971,127821,1,0,2.7730189613066614
2972,127822,1,0,2.7031200006604195
2973,127823,1,0,2.7078890125267208
2974,127824,1,0,2.7155629941262305
2975,127825,1,0,2.7122870087623596
2976,127826,1,0,2.7054439997300506
2977,127827,1,0,2.716794959269464
2978,127828,1,0,2.7283470262773335
2979,127829,1,0,2.714481030125171
2980,127830,1,0,2.698500989936292
2981,127831,1,0,2.7205520309507847
2982,127832,1,0,2.7223050128668547
2983,127833,1,0,2.7166249928995967
2984,127834,1,1,2.825747011229396
2985,127835,1,0,2.7096119592897594
2986,127836,1,0,2.7164840139448643
2987,127837,1,0,2.7146709617227316
2988,127838,1,0,2.702117955777794
2989,127839,1,0,2.7071069926023483
2990,127840,1,0,2.714491041842848
2991,127841,1,0,2.7087900089100003
2992,127842,1,0,2.6966879959218204
2993,127843,1,0,2.718126983381808
2994,127844,1,0,2.7201810153201222
2995,127845,1,0,2.714822010602802
2996,127846,1,0,2.7046329923905432
2997,127847,1,0,2.7154130511917174
2998,127848,1,0,2.7135490090586245
2999,127849,1,0,2.7143809711560607
3000,127850,1,0,2.6931220199912786
3001,127851,1,1,2.716985996812582
3002,127852,1,0,2.709470980335027
3003,127853,1,0,2.700836048461497
3004,127854,1,0,2.696678042411804
3005,127855,1,0,2.7286270051263273
3006,127856,1,0,2.7159430319443345
3007,127857,1,0,2.7184790233150125
3008,127858,1,0,2.7087400085292757
3009,127859,1,0,2.714079979341477
3010,127860,1,0,2.8380699804984033
3011,127861,1,0,2.7113649994134903
3012,127862,1,0,2.6980609982274473
3013,127863,1,0,2.72483000298962
3014,127864,1,0,2.7066570473834872
3015,127865,1,0,2.7160340105183423
3016,127866,1,0,2.697219024412334
3017,127867,1,0,2.7157440199516714
3018,127868,1,1,2.7821059920825064
3019,127869,1,0,2.707428007852286
3020,127870,1,0,2.6929009472951293
3021,127871,1,0,2.7175869909115136
3022,127872,1,0,2.7129279915243387
3023,127873,1,0,2.70798901328817
3024,127874,1,0,2.6946840225718915
3025,127875,1,0,2.7135590207763016
3026,127876,1,0,2.717065974138677
3027,127877,1,0,2.703571051824838
3028,127878,1,0,2.6979109970852733
3029,127879,1,0,2.7120669838041067
3030,127880,1,0,2.7116360142827034
3031,127881,1,0,2.7055839891545475
3032,127882,1,0,2.705393999349326
3033,127883,1,0,2.718509000260383
3034,127884,1,0,2.743514021858573
3035,127885,1,1,2.9484740225598216
3036,127886,1,0,2.76260101236403
3037,127887,1,0,2.910804993007332
3038,127888,1,0,2.7412709896452725
3039,127889,1,0,2.7231869753450155
3040,127890,1,0,2.7230470441281796
3041,127891,1,0,2.7651049895212054
3042,127892,1,0,2.709782973397523
3043,127893,1,0,2.7341069653630257
3044,127894,1,0,2.7222950011491776
3045,127895,1,0,2.7139399899169803
3046,127896,1,0,2.705624036025256
3047,127897,1,0,2.720903023146093
3048,127898,1,0,2.7201820048503578
3049,127899,1,0,2.701797988265753
3050,127900,1,0,2.715532958973199
3051,127901,1,0,2.721473982091993
3052,127902,1,1,2.7219349867664278
3053,127903,1,0,2.708358981180936
3054,127904,1,0,2.7100230217911303
3055,127905,1,0,2.7186490478925407
3056,127906,1,0,2.729358966462314
3057,127907,1,0,2.703240024857223
3058,127908,1,0,2.7093419921584427
3059,127909,1,0,2.721815020777285
3060,127910,1,0,2.7251510182395577
3061,127911,1,0,2.7037010295316577
3062,127912,1,0,2.719609998166561
3063,127913,1,0,2.8480589971877635
3064,127914,1,0,2.743984980043024
3065,127915,1,0,2.7109039947390556
3066,127916,1,0,2.7001440175808966
3067,127917,1,0,2.719450043514371
3068,127918,1,0,2.7221859782002866
3069,127919,1,1,2.7192699490115047
3070,127920,1,0,2.7070569922216237
3071,127921,1,0,2.7313019963912666
3072,127922,1,0,2.722816017922014
3073,127923,1,0,2.718327974434942
3074,127924,1,0,2.7022279682569206
3075,127925,1,0,2.718617965001613
3076,127926,1,0,2.71128595340997
3077,127927,1,0,2.701336983591318
3078,127928,1,0,2.7070670039393008
3079,127929,1,0,2.7198499883525074
3080,127930,1,0,2.713278983719647
3081,127931,1,0,2.7027890319004655
3082,127932,1,0,2.7359710074961185
3083,127933,1,0,2.7528820210136473
3084,127934,1,0,2.716013987082988
3085,127935,1,0,2.711836015805602
3086,127936,1,1,2.710213011596352
3087,127937,1,0,2.7111649978905916
3088,127938,1,0,2.7188489912077785
3089,127939,1,0,2.7052840450778604
3090,127940,1,0,2.835094986949116
3091,127941,1,0,2.7156929718330503
3092,127942,1,0,2.718708012253046
3093,127943,1,0,2.7248599799349904
3094,127944,1,0,2.7050829958170652
3095,127945,1,0,2.7163540362380445
3096,127946,1,0,2.713438996579498
3097,127947,1,0,2.712007029913366
3098,127948,1,0,2.7022690046578646
3099,127949,1,0,2.715101989451796
3100,127950,1,0,2.7135590207763016
3101,127951,1,0,2.700434997677803
3102,127952,1,0,2.6970780454576015
3103,127953,1,1,2.7128179790452123
3104,127954,1,0,2.7109849615953863
3105,127955,1,0,2.6988120516762137
3106,127956,1,0,2.7078480343334377
3107,127957,1,0,2.718579024076462
3108,127958,1,0,2.7097929851152003
3109,127959,1,0,2.6982109993696213
3110,127960,1,0,2.7067759656347334
3111,127961,1,0,2.753072010818869
3112,127962,1,0,2.6971789775416255
3113,127963,1,0,2.6920799864456058
3114,127964,1,0,2.710603002924472
3115,127965,1,0,2.7134089614264667
3116,127966,1,0,2.831858000718057
3117,127967,1,0,2.699312986806035
3118,127968,1,0,2.7086600312031806
3119,127969,1,0,2.714962000027299
3120,127970,1,1,2.7258319896645844
3121,127971,1,0,2.6988019817508757
3122,127972,1,0,2.833000966347754
3123,127973,1,0,2.7445470332168043
3124,127974,1,0,2.7390060131438076
3125,127975,1,0,2.7248099795542657
3126,127976,1,0,2.7344980044290423
3127,127977,1,0,2.735669957473874
3128,127978,1,0,2.7645130176097155
3129,127979,1,0,2.7255709865130484
3130,127980,1,0,2.7034410159103572
3131,127981,1,0,2.7261420036666095
3132,127982,1,0,2.7193399728275836
3133,127983,1,0,2.716794959269464
3134,127984,1,0,2.6961969560943544
3135,127985,1,0,2.7194200083613396
3136,127986,1,0,2.7179369935765862
3137,127987,1,1,2.717215975280851
3138,127988,1,0,2.705554012209177
3139,127989,1,0,2.7239989722147584
3140,127990,1,0,2.7234669541940093
3141,127991,1,0,2.710673026740551
3142,127992,1,0,2.6968279853463173
3143,127993,1,0,2.834934974089265
3144,127994,1,0,2.7180169709026814
3145,127995,1,0,2.7140399906784296
3146,127996,1,0,2.7101929881609976
3147,127997,1,0,2.711745968554169
3148,127998,1,0,2.7091510128229856
3149,127999,1,0,2.7206220547668636
3150,128000,1,0,2.703491016291082
3151,128001,1,0,2.707507985178381
3152,128002,1,0,2.7132389950565994
3153,128003,1,0,2.7138699661009014
3154,128004,1,1,2.7006660238839686
3155,128005,1,0,2.7175970026291907
3156,128006,1,0,2.7194709982722998
3157,128007,1,0,2.6986909797415137
3158,128008,1,0,2.7016469975933433
3159,128009,1,0,2.715442969929427
3160,128010,1,0,2.705735038034618
3161,128011,1,0,2.710393979214132
3162,128012,1,0,2.7018169639632106
3163,128013,1,0,2.7250899584032595
3164,128014,1,0,2.714982023462653
3165,128015,1,0,2.713929978199303
3166,128016,1,0,2.6954550412483513
3167,128017,1,0,2.713749010581523
3168,128018,1,0,2.7166949585080147
3169,128019,1,0,2.8617740026675165
3170,128020,1,0,2.703870995901525
3171,128021,1,0,2.71489197621122
3172,128022,1,1,2.7185280341655016
3173,128023,1,0,2.7179470052942634
3174,128024,1,0,2.70600599469617
3175,128025,1,0,2.7139699668623507
3176,128026,1,0,2.7239679475314915
3177,128027,1,0,2.709021035116166
3178,128028,1,0,2.699042030144483
3179,128029,1,0,2.7114449767395854
3180,128030,1,0,2.7173770358785987
3181,128031,1,0,2.7229569968767464
3182,128032,1,0,2.7060459833592176
3183,128033,1,0,2.7106230263598263
3184,128034,1,0,2.7144099585711956
3185,128035,1,0,2.707638021092862
3186,128036,1,0,2.7031800127588212
3187,128037,1,0,2.7015170198865235
3188,128038,1,0,2.70788895431906
3189,128039,1,1,2.7023190050385892
3190,128040,1,0,2.7124470216222107
3191,128041,1,0,2.7174970018677413
3192,128042,1,0,2.7136189746670425
3193,128043,1,0,2.7073369710706174
3194,128044,1,0,2.7084299945272505
3195,128045,1,0,2.7150819660164416
3196,128046,1,0,2.831969002727419
3197,128047,1,0,2.7106640045531094
3198,128048,1,0,2.7076289989054203
3199,128049,1,0,2.717345952987671
3200,128050,1,0,2.7296089683659375
3201,128051,1,0,2.712968969717622
3202,128052,1,0,2.7010859921574593
3203,128053,1,0,2.722956007346511
3204,128054,1,0,2.816659980453551
3205,128055,1,0,2.7195800212211907
3206,128056,1,1,2.707528998143971
3207,128057,1,0,2.7182779740542173
3208,128058,1,0,2.724600024521351
3209,128059,1,0,2.723226964008063
3210,128060,1,0,2.700003969948739
3211,128061,1,0,2.717215975280851
3212,128062,1,0,2.7205520309507847
3213,128063,1,0,2.7237579924985766
3214,128064,1,0,2.6994330110028386
3215,128065,1,0,2.7967329951934516
3216,128066,1,0,2.8171919984743
3217,128067,1,0,2.7192389825358987
3218,128068,1,0,2.7187590021640062
3219,128069,1,0,2.7164840139448643
3220,128070,1,0,2.7101029991172254
3221,128071,1,0,2.713979978580028
3222,128072,1,0,2.851605007890612
3223,128073,1,1,2.7028790209442377
3224,128074,1,0,2.7202810160815716
3225,128075,1,0,2.7237680042162538
3226,128076,1,0,2.721955010201782
3227,128077,1,0,2.699654025491327
3228,128078,1,0,2.716004033572972
3229,128079,1,0,2.7129779919050634
3230,128080,1,0,2.7090610237792134
3231,128081,1,0,2.6918590301647782
3232,128082,1,0,2.708971034735441
3233,128083,1,0,2.713989990297705
3234,128084,1,0,2.7113950345665216
3235,128085,1,0,2.7059949934482574
3236,128086,1,0,2.715401991736144
3237,128087,1,0,2.7248600381426513
3238,128088,1,0,2.705755003262311
3239,128089,1,0,2.706906001549214
3240,128090,1,1,2.7210330008529127
3241,128091,1,0,2.710643981117755
3242,128092,1,0,2.7046729810535908
3243,128093,1,0,2.7104640030302107
3244,128094,1,0,2.7207719977013767
3245,128095,1,0,2.710784028749913
3246,128096,1,0,2.7001150301657617
3247,128097,1,0,2.7186989900656044
3248,128098,1,0,2.7170960092917085
3249,128099,1,0,2.834122977219522
3250,128100,1,0,2.703039033804089
3251,128101,1,0,2.754203975200653
3252,128102,1,0,2.7121870080009103
3253,128103,1,0,2.7141100144945085
3254,128104,1,0,2.7051630313508213
3255,128105,1,0,2.709241001866758
3256,128106,1,0,2.717457013204694
3257,128107,1,1,2.713728987146169
3258,128108,1,0,2.706877014134079
3259,128109,1,0,2.7186580118723214
3260,128110,1,0,2.7141000027768314
3261,128111,1,0,2.70974199520424
3262,128112,1,0,2.710463013499975
3263,128113,1,0,2.7250100392848253
3264,128114,1,0,2.711114997509867
3265,128115,1,0,2.7221250347793102
3266,128116,1,0,2.7077790000475943
3267,128117,1,0,2.7079590363427997
3268,128118,1,0,2.71566299488768
3269,128119,1,0,2.7210830012336373
3270,128120,1,0,2.70811899099499
3271,128121,1,0,2.7125480119138956
3272,128122,1,0,2.720753022003919
3273,128123,1,0,2.7184890350326896
3274,128124,1,1,2.73593096062541
3275,128125,1,0,2.837199019268155
3276,128126,1,0,2.7252809959463775
3277,128127,1,0,2.7732099988497794
3278,128128,1,0,2.7202320052310824
3279,128129,1,0,2.715303038712591
3280,128130,1,0,2.7298000059090555
3281,128131,1,0,2.719599986448884
3282,128132,1,0,2.719370007980615
3283,128133,1,0,2.7004549629054964
3284,128134,1,0,2.7228269609622657
3285,128135,1,0,2.7156330179423094
3286,128136,1,0,2.7197200106456876
3287,128137,1,0,2.69249000120908
3288,128138,1,0,2.7838589739985764
3289,128139,1,0,2.7213640278205276
3290,128140,1,0,2.724619989749044
3291,128141,1,1,2.703170001041144
3292,128142,1,0,2.7256020111963153
3293,128143,1,0,2.7288870187476277
3294,128144,1,0,2.7184190112166107
3295,128145,1,0,2.708961023017764
3296,128146,1,0,2.7199710020795465
3297,128147,1,0,2.769222017377615
3298,128148,1,0,2.716635004617274
3299,128149,1,0,2.7058550040237606
3300,128150,1,0,2.7178869931958616
3301,128151,1,0,2.7360409731045365
3302,128152,1,0,5.291236971970648
3303,128153,1,0,3.100215981248766
3304,128154,1,0,2.828081022016704
3305,128155,1,0,2.783949952572584
3306,128156,1,0,2.7793810004368424
3307,128157,1,0,2.77347001247108
3308,128158,1,1,2.7529519866220653
3309,128159,1,0,2.7598950546234846
3310,128160,1,0,2.7777679497376084
3311,128161,1,0,2.749776002019644
3312,128162,1,0,2.746199956163764
3313,128163,1,0,2.736742957495153
3314,128164,1,0,2.74944503325969
3315,128165,1,0,2.7525920304469764
3316,128166,1,0,2.8000890160910785
3317,128167,1,0,2.7382149710319936
3318,128168,1,0,2.742122975178063
3319,128169,1,0,2.742251963354647
3320,128170,1,0,2.73966696113348
3321,128171,1,0,2.753123000729829
3322,128172,1,0,2.7316019986756146
3323,128173,1,0,2.747973019722849
3324,128174,1,0,2.732363995164633
3325,128175,1,1,2.7387760346755385
3326,128176,1,0,2.7271350263617933
3327,128177,1,0,2.732464054133743
3328,128178,1,0,2.8693790081888437
3329,128179,1,0,2.7370030293241143
3330,128180,1,0,2.7401080005802214
3331,128181,1,0,2.7334659826010466
3332,128182,1,0,2.739126037340611
3333,128183,1,0,2.734558016527444
3334,128184,1,0,2.7403979911468923
3335,128185,1,0,2.7260819915682077
3336,128186,1,0,2.7351699536666274
3337,128187,1,0,2.7355600032024086
3338,128188,1,0,2.7405699947848916
3339,128189,1,0,2.735059999395162
3340,128190,1,0,2.718387986533344
3341,128191,1,0,2.728727995418012
3342,128192,1,1,2.754796005319804
3343,128193,1,0,2.7440059930086136
3344,128194,1,0,2.70881102187559
3345,128195,1,0,2.7269740239717066
3346,128196,1,0,2.7306010015308857
3347,128197,1,0,2.7285069809295237
3348,128198,1,0,2.714471018407494
3349,128199,1,0,2.7185879880562425
3350,128200,1,0,2.722334989812225
3351,128201,1,0,2.732224005740136
3352,128202,1,0,2.714331028982997
3353,128203,1,0,2.7294379542581737
3354,128204,1,0,2.741792006418109
3355,128205,1,0,2.8513649594970047
3356,128206,1,0,2.720582007896155
3357,128207,1,0,2.7239780174568295
3358,128208,1,0,2.7303399983793497
3359,128209,1,1,2.7262220392003655
3360,128210,1,0,2.726774022448808
3361,128211,1,0,2.7088309871032834
3362,128212,1,0,2.7302299859002233
3363,128213,1,0,2.735630958341062
3364,128214,1,0,2.730289997998625
3365,128215,1,0,2.7068459894508123
3366,128216,1,0,2.7246300014667213
3367,128217,1,0,2.7257620240561664
3368,128218,1,0,2.7243290096521378
3369,128219,1,0,2.713098016101867
3370,128220,1,0,2.729369036387652
3371,128221,1,0,2.729007974267006
3372,128222,1,0,2.718959003686905
3373,128223,1,0,2.70531396381557
3374,128224,1,0,2.727345039602369
3375,128225,1,0,2.724128949921578
3376,128226,1,1,2.722595992963761
3377,128227,1,0,2.7240889612585306
3378,128228,1,0,2.7430939953774214
3379,128229,1,0,2.729639003518969
3380,128230,1,0,2.7176259900443256
3381,128231,1,0,2.830566023476422
3382,128232,1,0,2.722586039453745
3383,128233,1,0,2.729378000367433
3384,128234,1,0,2.7372229960747063
3385,128235,1,0,2.712466986849904
3386,128236,1,0,2.719440031796694
3387,128237,1,0,2.7319429791532457
3388,128238,1,0,2.7258420013822615
3389,128239,1,0,2.706244995351881
3390,128240,1,0,2.707498031668365
3391,128241,1,0,2.72284698439762
3392,128242,1,0,2.7224660152569413
3393,128243,1,1,2.7195910224691033
3394,128244,1,0,2.717094961553812
3395,128245,1,0,2.728527004364878
3396,128246,1,0,2.71867896663025
3397,128247,1,0,2.7180580073036253
3398,128248,1,0,2.713620022404939
3399,128249,1,0,2.715443028137088
3400,128250,1,0,2.7242290088906884
3401,128251,1,0,2.709271968342364
3402,128252,1,0,2.7096220292150974
3403,128253,1,0,2.7230469859205186
3404,128254,1,0,2.7220750343985856
3405,128255,1,0,2.717275987379253
3406,128256,1,0,2.714079979341477
3407,128257,1,0,2.723407989833504
3408,128258,1,0,2.8455739957280457
3409,128259,1,0,2.7179780299775302
3410,128260,1,1,2.7048029587604105
3411,128261,1,0,2.715672948397696
3412,128262,1,0,2.8180929948575795
3413,128263,1,0,2.7127580251544714
3414,128264,1,0,2.718579024076462
3415,128265,1,0,2.713989990297705
3416,128266,1,0,2.712466986849904
3417,128267,1,0,2.7242189971730113
3418,128268,1,0,2.7229670085944235
3419,128269,1,0,2.725320984609425
3420,128270,1,0,2.728707971982658
3421,128271,1,0,2.7257620240561664
3422,128272,1,0,2.7123569743707776
3423,128273,1,0,2.7146009961143136
3424,128274,1,0,2.729007974267006
3425,128275,1,0,2.7197310118936002
3426,128276,1,0,2.7160340105183423
3427,128277,1,1,2.7228970429860055
3428,128278,1,0,2.7189799584448338
3429,128279,1,0,2.7313019963912666
3430,128280,1,0,2.720922988373786
3431,128281,1,0,2.715272014029324
3432,128282,1,0,2.7261829818598926
3433,128283,1,0,2.7309610159136355
3434,128284,1,0,2.8277210076339543
3435,128285,1,0,2.705114020500332
3436,128286,1,0,2.7240479830652475
3437,128287,1,0,2.719690033700317
3438,128288,1,0,2.7073469827882946
3439,128289,1,0,2.7104830369353294
3440,128290,1,0,2.717958006542176
3441,128291,1,0,2.7156529831700027
3442,128292,1,0,2.7144610066898167
3443,128293,1,0,2.7360609965398908
3444,128294,1,1,2.7484640013426542
3445,128295,1,0,2.728537016082555
3446,128296,1,0,2.7186090010218322
3447,128297,1,0,2.7006560121662915
3448,128298,1,0,2.709591994062066
3449,128299,1,0,2.7186990482732654
3450,128300,1,0,2.7113950345665216
3451,128301,1,0,2.714812057092786
3452,128302,1,0,2.716154034715146
3453,128303,1,0,2.7155830175615847
3454,128304,1,0,2.711354987695813
3455,128305,1,0,2.7138900477439165
3456,128306,1,0,2.723286976106465
3457,128307,1,0,2.7215640293434262
3458,128308,1,0,2.7128279907628894
3459,128309,1,0,2.7240790077485144
3460,128310,1,0,2.720602962654084
3461,128311,1,1,2.84196698339656
3462,128312,1,0,2.717676979955286
3463,128313,1,0,2.7063260204158723
3464,128314,1,0,2.7200510376133025
3465,128315,1,0,2.7204519719816744
3466,128316,1,0,2.7230569976381958
3467,128317,1,0,2.7093609678559005
3468,128318,1,0,2.7230060077272356
3469,128319,1,0,2.7340170345269144
3470,128320,1,0,2.7477520052343607
3471,128321,1,0,2.715112001169473
3472,128322,1,0,2.732854976784438
3473,128323,1,0,2.717627037782222
3474,128324,1,0,2.7233169530518353
3475,128325,1,0,2.713588997721672
3476,128326,1,0,2.7198910247534513
3477,128327,1,0,2.7213229914195836
3478,128328,1,1,2.7170749963261187
3479,128329,1,0,2.70871096290648
3480,128330,1,0,2.7187590021640062
3481,128331,1,0,2.720511984080076
3482,128332,1,0,2.7187090017832816
3483,128333,1,0,2.7140699676238
3484,128334,1,0,2.7372639742679894
3485,128335,1,0,2.725320984609425
3486,128336,1,0,2.7268529520370066
3487,128337,1,0,2.835674968082458
3488,128338,1,0,2.7106740162707865
3489,128339,1,0,2.723536978010088
3490,128340,1,0,2.721403958275914
3491,128341,1,0,2.7110749506391585
3492,128342,1,0,2.721744996961206
3493,128343,1,0,2.7123469626531005
3494,128344,1,0,2.720571996178478
3495,128345,1,0,2.7102630119770765
3496,128346,1,1,2.7165949577465653
3497,128347,1,0,2.7346190181560814
3498,128348,1,0,2.729719039052725
3499,128349,1,0,2.7303099632263184
3500,128350,1,0,2.7202420169487596
3501,128351,1,0,2.7166649815626442
3502,128352,1,0,2.735310001298785
3503,128353,1,0,2.7260019560344517
3504,128354,1,0,2.717917028348893
3505,128355,1,0,2.7218740433454514
3506,128356,1,0,2.7246190002188087
3507,128357,1,0,2.7258730260655284
3508,128358,1,0,2.724540012422949
3509,128359,1,0,2.7346679707989097
3510,128360,1,0,2.7292080339975655
3511,128361,1,0,2.7237680042162538
3512,128362,1,0,2.7010960038751364
3513,128363,1,1,2.72540096193552
3514,128364,1,0,2.8528780094347894
3515,128365,1,0,2.7276849723421037
3516,128366,1,0,2.727896033320576
3517,128367,1,0,2.7170960092917085
3518,128368,1,0,2.7355199563317
3519,128369,1,0,2.7285570395179093
3520,128370,1,0,2.7194609865546227
3521,128371,1,0,2.722636971157044
3522,128372,1,0,2.729639003518969
3523,128373,1,0,2.7284769457764924
3524,128374,1,0,2.7250799466855824
3525,128375,1,0,2.7146919746883214
3526,128376,1,0,2.728316991124302
3527,128377,1,0,2.722895995248109
3528,128378,1,0,2.7108839713037014
3529,128379,1,0,2.7073369710706174
3530,128380,1,1,2.732093969825655
3531,128381,1,0,2.726003003772348
3532,128382,1,0,2.7101129526272416
3533,128383,1,0,2.7031099889427423
3534,128384,1,0,2.72552203387022
3535,128385,1,0,2.7312320307828486
3536,128386,1,0,2.714881964493543
3537,128387,1,0,2.708179992623627
3538,128388,1,0,2.728958032093942
3539,128389,1,0,2.7355400379747152
3540,128390,1,0,2.845945011358708
3541,128391,1,0,2.7322639944031835
3542,128392,1,0,2.7274549938738346
3543,128393,1,0,2.717356022913009
3544,128394,1,0,2.7200610493309796
3545,128395,1,0,2.707768988329917
3546,128396,1,0,2.71432101726532
3547,128397,1,1,2.7145210187882185
3548,128398,1,0,2.720542950555682
3549,128399,1,0,2.715401991736144
3550,128400,1,0,2.719749987591058
3551,128401,1,0,2.7212040149606764
3552,128402,1,0,2.71810800768435
3553,128403,1,0,2.711003995500505
3554,128404,1,0,2.7111549861729145
3555,128405,1,0,2.7171859983354807
3556,128406,1,0,2.7140299789607525
3557,128407,1,0,2.715032023843378
3558,128408,1,0,2.7220749761909246
3559,128409,1,0,2.724028017837554
3560,128410,1,0,2.7203020290471613
3561,128411,1,0,2.7054540114477277
3562,128412,1,0,2.7245900128036737
3563,128413,1,0,2.727014012634754
3564,128414,1,1,2.7157129952684045
3565,128415,1,0,2.7034510276280344
3566,128416,1,0,2.7318329666741192
3567,128417,1,0,2.8437100118026137
3568,128418,1,0,2.7183779748156667
3569,128419,1,0,2.7131090173497796
3570,128420,1,0,2.7104830369353294
3571,128421,1,0,2.7195499860681593
3572,128422,1,0,2.720071002840996
3573,128423,1,0,2.7078790008090436
3574,128424,1,0,2.7097020065411925
3575,128425,1,0,2.7340580127201974
3576,128426,1,0,2.7168060187250376
3577,128427,1,0,2.7113950345665216
3578,128428,1,0,2.7117360150441527
3579,128429,1,0,2.7167360531166196
3580,128430,1,0,2.7239579940214753
3581,128431,1,1,2.7189889806322753
3582,128432,1,0,2.718147006817162
3583,128433,1,0,2.719389973208308
3584,128434,1,0,2.7147310320287943
3585,128435,1,0,2.7156430296599865
3586,128436,1,0,2.722125966101885
3587,128437,1,0,2.7271240251138806
3588,128438,1,0,2.723948040511459
3589,128439,1,0,2.7093110256828368
3590,128440,1,0,2.712045970838517
3591,128441,1,0,2.7200820040889084
3592,128442,1,0,2.717757015489042
3593,128443,1,0,2.833702019415796
3594,128444,1,0,2.7003250434063375
3595,128445,1,0,2.7252310537733138
3596,128446,1,0,2.7193200075998902
3597,128447,1,0,2.705263963434845
3598,128448,1,1,2.7141599566675723
3599,128449,1,0,2.7291480218991637
3600,128450,1,0,2.7234480367042124
3601,128451,1,0,2.7053040103055537
3602,128452,1,0,2.70232796901837
3603,128453,1,0,2.7266829856671393
3604,128454,1,0,2.7158529846929014
3605,128455,1,0,2.702958998270333
3606,128456,1,0,2.715902985073626
3607,128457,1,0,2.7200820040889084
3608,128458,1,0,2.7196200098842382
3609,128459,1,0,2.7126179775223136
3610,128460,1,0,2.714741975069046
3611,128461,1,0,2.734969020821154
3612,128462,1,0,2.7209630352444947
3613,128463,1,0,2.7186680235899985
3614,128464,1,0,2.7145209605805576
3615,128465,1,1,2.7215040172450244
3616,128466,1,0,2.7225760277360678
3617,128467,1,0,2.709241001866758
3618,128468,1,0,2.719139971304685
3619,128469,1,0,2.726533974055201
3620,128470,1,0,2.8508640243671834
3621,128471,1,0,2.7101829764433205
3622,128472,1,0,2.7104330365546048
3623,128473,1,0,2.7228370308876038
3624,128474,1,0,2.721394004765898
3625,128475,1,0,2.715512993745506
3626,128476,1,0,2.7082699816673994
3627,128477,1,0,2.722965960856527
3628,128478,1,0,2.720912976656109
3629,128479,1,0,2.7236180030740798
3630,128480,1,0,2.702958998270333
3631,128481,1,0,2.7184379869140685
3632,128482,1,1,2.718959003686905
3633,128483,1,0,2.718888979870826
3634,128484,1,0,2.7055740356445312
3635,128485,1,0,2.7220150223001838
3636,128486,1,0,2.714972011744976
3637,128487,1,0,2.711003995500505
3638,128488,1,0,2.702748985029757
3639,128489,1,0,2.719599986448884
3640,128490,1,0,2.715321956202388
3641,128491,1,0,2.7059449930675328
3642,128492,1,0,2.7099820435978472
3643,128493,1,0,2.724589954596013
3644,128494,1,0,2.7187480009160936
3645,128495,1,0,2.7092010132037103
3646,128496,1,0,2.8309370391070843
3647,128497,1,0,2.7032500365749
3648,128498,1,0,2.726292994339019
3649,128499,1,1,2.7195800212211907
3650,128500,1,0,2.7004849980585277
3651,128501,1,0,2.7135389973409474
3652,128502,1,0,2.7141100144945085
3653,128503,1,0,2.701947989407927
3654,128504,1,0,2.7046629693359137
3655,128505,1,0,2.721544005908072
3656,128506,1,0,2.721122989896685
3657,128507,1,0,2.7158840093761683
3658,128508,1,0,2.7110750088468194
3659,128509,1,0,2.7192189591005445
3660,128510,1,0,2.7185180224478245
3661,128511,1,0,2.7109350194223225
3662,128512,1,0,2.7135800337418914
3663,128513,1,0,2.729297964833677
3664,128514,1,0,2.712827001232654
3665,128515,1,0,2.7053439989686012
3666,128516,1,1,2.712867979425937
3667,128517,1,0,2.714700996875763
3668,128518,1,0,2.7244590455666184
3669,128519,1,0,2.7071170043200254
3670,128520,1,0,2.718098054174334
3671,128521,1,0,2.7194099966436625
3672,128522,1,0,2.7149919769726694
3673,128523,1,0,2.8350139618851244
3674,128524,1,0,2.7016380336135626
3675,128525,1,0,2.718888979870826
3676,128526,1,0,2.7202520286664367
3677,128527,1,0,2.7106940397061408
3678,128528,1,0,2.706255007069558
3679,128529,1,0,2.7279260102659464
3680,128530,1,0,2.7206220547668636
3681,128531,1,0,2.716374001465738
3682,128532,1,0,2.699863980524242
3683,128533,1,1,2.7215639711357653
3684,128534,1,0,2.7320440276525915
3685,128535,1,0,2.7178970049135387
3686,128536,1,0,2.7118760044686496
3687,128537,1,0,2.7180080069229007
3688,128538,1,0,2.7254510205239058
3689,128539,1,0,2.7168449596501887
3690,128540,1,0,2.713578986003995
3691,128541,1,0,2.719669952057302
3692,128542,1,0,2.7178869931958616
3693,128543,1,0,2.71432101726532
3694,128544,1,0,2.7079290011897683
3695,128545,1,0,2.728276012931019
3696,128546,1,0,2.7238280163146555
3697,128547,1,0,2.714621019549668
3698,128548,1,0,2.7097720303572714
3699,128549,1,0,2.859990985598415
3700,128550,1,1,2.715612994506955
3701,128551,1,0,2.715032023843378
3702,128552,1,0,2.7095010154880583
3703,128553,1,0,2.723578014411032
3704,128554,1,0,2.7186189545318484
3705,128555,1,0,2.7170450193807483
3706,128556,1,0,2.707788022235036
3707,128557,1,0,2.7278459747321904
3708,128558,1,0,2.7175970026291907
3709,128559,1,0,2.7271940489299595
3710,128560,1,0,2.701797988265753
3711,128561,1,0,2.727194980252534
3712,128562,1,0,2.7171659749001265
3713,128563,1,0,2.72915797540918
3714,128564,1,0,2.790602040477097
3715,128565,1,0,2.720011048950255
3716,128566,1,0,2.7146110078319907
3717,128567,1,1,2.714360016398132
3718,128568,1,0,2.7093010139651597
3719,128569,1,0,2.7145110070705414
3720,128570,1,0,2.7177069569006562
3721,128571,1,0,2.7245290111750364
3722,128572,1,0,2.706225961446762
3723,128573,1,0,2.7126669883728027
3724,128574,1,0,2.716153976507485
3725,128575,1,0,2.7171249967068434
3726,128576,1,0,2.8383509488776326
3727,128577,1,0,2.718798990827054
3728,128578,1,0,2.7240689960308373
3729,128579,1,0,2.732494962401688
3730,128580,1,0,2.7294180472381413
3731,128581,1,0,2.704211976379156
3732,128582,1,0,2.7256220346316695
3733,128583,1,0,2.7218940085731447
3734,128584,1,1,2.7207930106669664
3735,128585,1,0,2.7069869684055448
3736,128586,1,0,2.7184379869140685
3737,128587,1,0,2.723286976106465
3738,128588,1,0,2.7299990179017186
3739,128589,1,0,2.7085900073871017
3740,128590,1,0,2.733796020038426
3741,128591,1,0,2.7173060225322843
3742,128592,1,0,2.7198210009373724
3743,128593,1,0,2.7098730206489563
3744,128594,1,0,2.7216639718972147
3745,128595,1,0,2.7171660331077874
3746,128596,1,0,2.720482007134706
3747,128597,1,0,2.7101029991172254
3748,128598,1,0,2.729308034759015
3749,128599,1,0,2.72740499349311
3750,128600,1,0,2.7285770047456026
3751,128601,1,1,2.7049839845858514
3752,128602,1,0,2.84990097861737
3753,128603,1,0,2.7313719619996846
3754,128604,1,0,2.729097963310778
3755,128605,1,0,2.719871001318097
3756,128606,1,0,2.713509020395577
3757,128607,1,0,2.7235280140303075
3758,128608,1,0,2.7327039861120284
3759,128609,1,0,2.7224060031585395
3760,128610,1,0,2.7152429684065282
3761,128611,1,0,2.7234579902142286
3762,128612,1,0,2.7307620039209723
3763,128613,1,0,2.7245900128036737
3764,128614,1,0,2.710905042476952
3765,128615,1,0,2.7252010186202824
3766,128616,1,0,2.731331973336637
3767,128617,1,0,2.714060014113784
3768,128618,1,1,2.7148410445079207
3769,128619,1,0,2.7190500404685736
3770,128620,1,0,2.7266929973848164
3771,128621,1,0,2.7156430296599865
3772,128622,1,0,2.7188489912077785
3773,128623,1,0,2.7214940055273473
3774,128624,1,0,2.7230470441281796
3775,128625,1,0,2.709662017878145
3776,128626,1,0,2.7131590177305043
3777,128627,1,0,2.722836972679943
3778,128628,1,0,2.741241012699902
3779,128629,1,0,2.845884009730071
3780,128630,1,0,2.709241001866758
3781,128631,1,0,2.724059042520821
3782,128632,1,0,2.7225660160183907
3783,128633,1,0,2.7207430102862418
3784,128634,1,0,2.713018038775772
3785,128635,1,1,2.7301499503664672
3786,128636,1,0,2.7323750546202064
3787,128637,1,0,2.7178270393051207
3788,128638,1,0,2.7020580018870533
3789,128639,1,0,2.727415005210787
3790,128640,1,0,2.715132955927402
3791,128641,1,0,2.720160991884768
3792,128642,1,0,2.703992009628564
3793,128643,1,0,2.7304699760861695
3794,128644,1,0,2.7270650025457144
3795,128645,1,0,2.727494982536882
3796,128646,1,0,2.7097220299765468
3797,128647,1,0,2.7105630142614245
3798,128648,1,0,2.7207130333408713
3799,128649,1,0,2.7127580251544714
3800,128650,1,0,2.706155995838344
3801,128651,1,0,2.7232469874434173
3802,128652,1,1,2.7240680065006018
3803,128653,1,0,2.718898991588503
3804,128654,1,0,2.7088599745184183
3805,128655,1,0,2.8470969991758466
3806,128656,1,0,2.720511984080076
3807,128657,1,0,2.791864040773362
3808,128658,1,0,2.7070569922216237
3809,128659,1,0,2.710343978833407
3810,128660,1,0,2.728296967688948
3811,128661,1,0,2.7308310382068157
3812,128662,1,0,2.714470960199833
3813,128663,1,0,2.725000027567148
3814,128664,1,0,2.728055987972766
3815,128665,1,0,2.721965021919459
3816,128666,1,0,2.7162740007042885
3817,128667,1,0,2.708239946514368
3818,128668,1,0,2.7239390183240175
3819,128669,1,0,2.734248002525419
3820,128670,1,1,2.7120669838041067
3821,128671,1,0,2.712808025535196
3822,128672,1,0,2.725180995184928
3823,128673,1,0,2.720211981795728
3824,128674,1,0,2.716293965931982
3825,128675,1,0,2.717557013966143
3826,128676,1,0,2.7277059853076935
3827,128677,1,0,2.7196299633942544
3828,128678,1,0,2.711125009227544
3829,128679,1,0,2.7156230062246323
3830,128680,1,0,2.7388560120016336
3831,128681,1,0,2.7213640278205276
3832,128682,1,0,2.844632021151483
3833,128683,1,0,2.7110640075989068
3834,128684,1,0,2.7429129695519805
3835,128685,1,0,2.7277760091237724
3836,128686,1,0,2.7203019708395004
3837,128687,1,1,2.713588997721672
3838,128688,1,0,2.7314029866829515
3839,128689,1,0,2.7235079905949533
3840,128690,1,0,2.7313129976391792
3841,128691,1,0,2.7108239592052996
3842,128692,1,0,2.71553301718086
3843,128693,1,0,2.7170859975740314
3844,128694,1,0,2.7147719520144165
3845,128695,1,0,2.700204961001873
3846,128696,1,0,2.716735005378723
3847,128697,1,0,2.7182879857718945
3848,128698,1,0,2.7173759881407022
3849,128699,1,0,2.7037709951400757
3850,128700,1,0,2.7190890396013856
3851,128701,1,0,2.7223859797231853
3852,128702,1,0,2.72446998860687
3853,128703,1,0,2.710553992073983
3854,128704,1,1,2.724379999563098
3855,128705,1,0,2.729429048486054
3856,128706,1,0,2.722315024584532
3857,128707,1,0,2.693741989787668
3858,128708,1,0,2.848308999091387
3859,128709,1,0,2.7155220159329474
3860,128710,1,0,2.710835018660873
3861,128711,1,0,2.7041620342060924
3862,128712,1,0,2.7118060388602316
3863,128713,1,0,2.715954033192247
3864,128714,1,0,2.7163950144313276
3865,128715,1,0,2.7015869854949415
3866,128716,1,0,2.734878973569721
3867,128717,1,0,2.722526027355343
3868,128718,1,0,2.7203320059925318
3869,128719,1,0,2.7072380180470645
3870,128720,1,0,2.71635502576828
3871,128721,1,1,2.7167859952896833
3872,128722,1,0,2.721554017625749
3873,128723,1,0,2.729428990278393
3874,128724,1,0,2.718126983381808
3875,128725,1,0,2.7124269981868565
3876,128726,1,0,2.718898991588503
3877,128727,1,0,2.7047430048696697
3878,128728,1,0,2.729750005528331
3879,128729,1,0,2.7167649823240936
3880,128730,1,0,2.740459982305765
3881,128731,1,0,2.710082975681871
3882,128732,1,0,2.7145709609612823
3883,128733,1,0,2.71566299488768
3884,128734,1,0,2.7152320253662765
3885,128735,1,0,2.8294139774516225
3886,128736,1,0,2.710343978833407
3887,128737,1,0,2.7116559795103967
3888,128738,1,1,2.718167961575091
3889,128739,1,0,2.709452004637569
3890,128740,1,0,2.7144209598191082
3891,128741,1,0,2.7150720125064254
3892,128742,1,0,2.723578014411032
3893,128743,1,0,2.716244023758918
3894,128744,1,0,2.716414979659021
3895,128745,1,0,2.71867896663025
3896,128746,1,0,2.7194700087420642
3897,128747,1,0,2.7145210187882185
3898,128748,1,0,2.7351290336810052
3899,128749,1,0,2.748173021245748
3900,128750,1,0,2.7871050406247377
3901,128751,1,0,2.7146919746883214
3902,128752,1,0,2.7149009983986616
3903,128753,1,0,2.730119973421097
3904,128754,1,0,2.7407389716245234
3905,128755,1,1,2.7045229799114168
3906,128756,1,0,2.6954960194416344
3907,128757,1,0,2.7122669853270054
3908,128758,1,0,2.7206329978071153
3909,128759,1,0,2.709773019887507
3910,128760,1,0,2.711495035327971
3911,128761,1,0,2.8492999845184386
3912,128762,1,0,2.7139500016346574
3913,128763,1,0,2.720010990742594
3914,128764,1,0,2.6983010466210544
3915,128765,1,0,2.720282005611807
3916,128766,1,0,2.7146009961143136
3917,128767,1,0,2.716635004617274
3918,128768,1,0,2.698131022043526
3919,128769,1,0,2.7203720528632402
3920,128770,1,0,2.7265840326435864
3921,128771,1,0,2.706385974306613
3922,128772,1,1,2.7009460027329624
3923,128773,1,0,2.725251019001007
3924,128774,1,0,2.7160539757460356
3925,128775,1,0,2.7156940195709467
3926,128776,1,0,2.7072069933637977
3927,128777,1,0,2.7180679608136415
3928,128778,1,0,2.7085799956694245
3929,128779,1,0,2.7089010109193623
3930,128780,1,0,2.7152320253662765
3931,128781,1,0,2.711376000661403
3932,128782,1,0,2.7097020065411925
3933,128783,1,0,2.7118759462609887
3934,128784,1,0,2.705324033740908
3935,128785,1,0,2.718317962717265
3936,128786,1,0,2.7178169693797827
3937,128787,1,0,2.709802007302642
3938,128788,1,0,2.845343027729541
3939,128789,1,1,2.7194099966436625
3940,128790,1,0,2.716915972996503
3941,128791,1,0,2.6962870033457875
3942,128792,1,0,2.697699994314462
3943,128793,1,0,2.7177470037713647
3944,128794,1,0,2.7152819675393403
3945,128795,1,0,2.7045420138165355
3946,128796,1,0,2.705243998207152
3947,128797,1,0,2.723797981161624
3948,128798,1,0,2.7159739984199405
3949,128799,1,0,2.7166049694642425
3950,128800,1,0,2.7178670279681683
3951,128801,1,0,2.727175015024841
3952,128802,1,0,2.7220649644732475
3953,128803,1,0,2.7073979726992548
3954,128804,1,0,2.7179780299775302
3955,128805,1,0,2.7273849700577557
3956,128806,1,1,2.7294590254314244
3957,128807,1,0,2.715523005463183
3958,128808,1,0,2.7184979990124702
3959,128809,1,0,2.7282160008326173
3960,128810,1,0,2.7240889612585306
3961,128811,1,0,2.7369820163585246
3962,128812,1,0,2.7116260025650263
3963,128813,1,0,2.7183989877812564
3964,128814,1,0,2.840775006916374
3965,128815,1,0,2.7125769993290305
3966,128816,1,0,2.7094119577668607
3967,128817,1,0,2.7194200083613396
3968,128818,1,0,2.7253509615547955
3969,128819,1,0,2.723707992117852
3970,128820,1,0,2.7182080084457994
3971,128821,1,0,2.713878988288343
3972,128822,1,0,2.7350889868102968
3973,128823,1,1,2.7260929928161204
3974,128824,1,0,2.714010013733059
3975,128825,1,0,2.7316330233588815
3976,128826,1,0,2.7280060457997024
3977,128827,1,0,2.7306409901939332
3978,128828,1,0,2.7175460127182305
3979,128829,1,0,2.7269640122540295
3980,128830,1,0,2.7240290073677897
3981,128831,1,0,2.726172038819641
3982,128832,1,0,2.7134689735248685
3983,128833,1,0,2.715823007747531
3984,128834,1,0,2.7209430118091404
3985,128835,1,0,2.7271549915894866
3986,128836,1,0,2.7227060054428875
3987,128837,1,0,2.7223959914408624
3988,128838,1,0,2.727774961385876
3989,128839,1,0,2.72225501248613
3990,128840,1,1,2.7216450544074178
3991,128841,1,0,2.835293998941779
3992,128842,1,0,2.7207419625483453
3993,128843,1,0,2.751370018813759
3994,128844,1,0,2.733575995080173
3995,128845,1,0,2.70840001758188
3996,128846,1,0,2.712046029046178
3997,128847,1,0,2.720882010180503
3998,128848,1,0,2.716864983085543
3999,128849,1,0,2.700414974242449
4000,128850,1,0,2.716244023758918
4001,128851,1,0,2.728136023506522
4002,128852,1,0,2.7205419610254467
4003,128853,1,0,2.7098929858766496
4004,128854,1,0,2.72120296722278
4005,128855,1,0,2.71741597680375
4006,128856,1,0,2.717926981858909
4007,128857,1,1,2.7132289833389223
4008,128858,1,0,2.7222050121054053
4009,128859,1,0,2.7182979974895716
4010,128860,1,0,2.714601985644549
4011,128861,1,0,2.6999739930033684
4012,128862,1,0,2.7246599784120917
4013,128863,1,0,2.7280759532004595
4014,128864,1,0,2.707428007852286
4015,128865,1,0,2.697609015740454
4016,128866,1,0,2.7115659904666245
4017,128867,1,0,2.836927946191281
4018,128868,1,0,2.7206219965592027
4019,128869,1,0,2.6956059737131
4020,128870,1,0,2.714630973059684
4021,128871,1,0,2.73103202925995
4022,128872,1,0,2.718387986533344
4023,128873,1,0,2.703309990465641
4024,128874,1,1,2.7571299578994513
4025,128875,1,0,2.7243689983151853
4026,128876,1,0,2.7150120004080236
4027,128877,1,0,2.691128000151366
4028,128878,1,0,2.714771020691842
4029,128879,1,0,2.7211940032429993
4030,128880,1,0,2.714892034418881
4031,128881,1,0,2.698350988794118
4032,128882,1,0,2.7160340105183423
4033,128883,1,0,2.72084295284003
4034,128884,1,0,2.7196399751119316
4035,128885,1,0,2.707017003558576
4036,128886,1,0,2.729789004661143
4037,128887,1,0,2.7188489912077785
4038,128888,1,0,2.711264998652041
4039,128889,1,0,2.706365950871259
4040,128890,1,0,2.722706994973123
4041,128891,1,1,2.720822987612337
4042,128892,1,0,2.70716700470075
4043,128893,1,0,2.7067670016549528
4044,128894,1,0,2.8418670408427715
4045,128895,1,0,2.71607399918139
4046,128896,1,0,2.7164139901287854
4047,128897,1,0,2.711114997509867
4048,128898,1,0,2.7279359637759626
4049,128899,1,0,2.7260819915682077
4050,128900,1,0,2.713839989155531
4051,128901,1,0,2.7162950136698782
4052,128902,1,0,2.7141899918206036
4053,128903,1,0,2.7207020320929587
4054,128904,1,0,2.718578965868801
4055,128905,1,0,2.7118059806525707
4056,128906,1,0,2.7224160148762167
4057,128907,1,0,2.718477975577116
4058,128908,1,1,2.719570999033749
4059,128909,1,0,2.7474419912323356
4060,128910,1,0,2.734066976699978
4061,128911,1,0,2.7131690294481814
4062,128912,1,0,2.7233470464125276
4063,128913,1,0,2.698200987651944
4064,128914,1,0,2.7136889984831214
4065,128915,1,0,2.70881102187559
4066,128916,1,0,2.704753016587347
4067,128917,1,0,2.7011859929189086
4068,128918,1,0,2.7224260265938938
4069,128919,1,0,2.7150820242241025
4070,128920,1,0,2.831247984431684
4071,128921,1,0,2.700675977393985
4072,128922,1,0,2.719481009989977
4073,128923,1,0,2.7121269959025085
4074,128924,1,0,2.7254409505985677
4075,128925,1,1,2.71471100859344
4076,128926,1,0,2.7229770203121006
4077,128927,1,0,2.718999981880188
4078,128928,1,0,2.7189889806322753
4079,128929,1,0,2.7021680143661797
4080,128930,1,0,2.7213639696128666
4081,128931,1,0,2.718327974434942
4082,128932,1,0,2.715401991736144
4083,128933,1,0,2.7032499783672392
4084,128934,1,0,2.719048992730677
4085,128935,1,0,2.730250998865813
4086,128936,1,0,2.7602859772741795
4087,128937,1,0,2.7114450349472463
4088,128938,1,0,2.729088009800762
4089,128939,1,0,2.7343579567968845
4090,128940,1,0,2.723997982684523
4091,128941,1,0,2.718728967010975
4092,128942,1,1,2.722686971537769
4093,128943,1,0,2.7211529668420553
4094,128944,1,0,2.7193199493922293
4095,128945,1,0,2.716013987082988
4096,128946,1,0,2.7139500016346574
4097,128947,1,0,2.8463550261221826
4098,128948,1,0,2.7288669953122735
4099,128949,1,0,2.7215040172450244
4100,128950,1,0,2.717776980716735
4101,128951,1,0,2.724750025663525
4102,128952,1,0,2.721764030866325
4103,128953,1,0,2.726422972045839
4104,128954,1,0,2.7351989992894232
4105,128955,1,0,2.7289179852232337
4106,128956,1,0,2.732042979914695
4107,128957,1,0,2.7241490315645933
4108,128958,1,0,2.7103530010208488
4109,128959,1,1,2.720052027143538
4110,128960,1,0,2.7219440089538693
4111,128961,1,0,2.7200020267628133
4112,128962,1,0,2.7032500365749
4113,128963,1,0,2.7251410065218806
4114,128964,1,0,2.725320984609425
4115,128965,1,0,2.7280260110273957
4116,128966,1,0,2.7069569914601743
4117,128967,1,0,2.724499034229666
4118,128968,1,0,2.729339001234621
4119,128969,1,0,2.7204520301893353
4120,128970,1,0,2.709202002733946
4121,128971,1,0,2.7271040016785264
4122,128972,1,0,2.726203005295247
4123,128973,1,0,2.846374991349876
4124,128974,1,0,2.7152120019309223
4125,128975,1,0,2.722165023442358
4126,128976,1,0,2.729989995714277
4127,128977,1,1,2.7173359994776547
4128,128978,1,0,2.703490958083421
4129,128979,1,0,2.70343100419268
4130,128980,1,0,2.7191099943593144
4131,128981,1,0,2.7259219787083566
4132,128982,1,0,2.7092110249213874
4133,128983,1,0,2.712317043915391
4134,128984,1,0,2.7182380435988307
4135,128985,1,0,2.7126280474476516
4136,128986,1,0,2.7051540091633797
4137,128987,1,0,2.7185080107301474
4138,128988,1,0,2.7203919598832726
4139,128989,1,0,2.720071002840996
4140,128990,1,0,2.7047329931519926
4141,128991,1,0,2.719090029131621
4142,128992,1,0,2.7202219935134053
4143,128993,1,0,2.711745968554169
4144,128994,1,1,2.705314022023231
4145,128995,1,0,2.7148309745825827
4146,128996,1,0,2.717216033488512
4147,128997,1,0,2.7132389950565994
4148,128998,1,0,2.6975300279445946
4149,128999,1,0,2.7103530010208488
4150,129000,1,0,2.833712031133473
4151,129001,1,0,2.7150120004080236
4152,129002,1,0,2.712717978283763
4153,129003,1,0,2.7217339957132936
4154,129004,1,0,2.7161939651705325
4155,129005,1,0,2.71880894433707
4156,129006,1,0,2.699814038351178
4157,129007,1,0,2.7155830175615847
4158,129008,1,0,2.7188489912077785
4159,129009,1,0,2.7143300394527614
4160,129010,1,0,2.704972983337939
4161,129011,1,1,2.7159430319443345
4162,129012,1,0,2.711484965402633
4163,129013,1,0,2.7166149811819196
4164,129014,1,0,2.6985809672623873
4165,129015,1,0,2.722094999626279
4166,129016,1,0,2.719700976740569
4167,129017,1,0,2.7273150044493377
4168,129018,1,0,2.708100015297532
4169,129019,1,0,2.7182380435988307
4170,129020,1,0,2.7388460002839565
4171,129021,1,0,2.7311219600960612
4172,129022,1,0,2.705323975533247
4173,129023,1,0,2.7133289841003716
4174,129024,1,0,2.7174969436600804
4175,129025,1,0,2.712607034482062
4176,129026,1,0,2.823602990247309
4177,129027,1,0,2.72148399380967
4178,129028,1,1,2.7215240406803787
4179,129029,1,0,2.722325036302209
4180,129030,1,0,2.7029600460082293
4181,129031,1,0,2.7107640053145587
4182,129032,1,0,2.7185979997739196
4183,129033,1,0,2.719150041230023
4184,129034,1,0,2.697218966204673
4185,129035,1,0,2.7214940055273473
4186,129036,1,0,2.7177069569006562
4187,129037,1,0,2.719801035709679
4188,129038,1,0,2.7024279697798193
4189,129039,1,0,2.725441998336464
4190,129040,1,0,2.7265530079603195
4191,129041,1,0,2.7257819892838597
4192,129042,1,0,2.7213040157221258
4193,129043,1,0,2.7286370168440044
4194,129044,1,0,2.7344480040483177
4195,129045,1,1,2.739165967795998
4196,129046,1,0,2.716234012041241
4197,129047,1,0,2.7416310040280223
4198,129048,1,0,2.7238589827902615
4199,129049,1,0,2.7256319881416857
4200,129050,1,0,2.7778890216723084
4201,129051,1,0,2.78467102907598
4202,129052,1,0,2.757670998107642
4203,129053,1,0,2.8610920417122543
4204,129054,1,0,2.7210930129513144
4205,129055,1,0,2.7120260056108236
4206,129056,1,0,2.7300300425849855
4207,129057,1,0,2.7274450403638184
4208,129058,1,0,2.7382050175219774
4209,129059,1,0,2.739707997534424
4210,129060,1,0,2.7224959922023118
4211,129061,1,0,2.729467989411205
4212,129062,1,1,2.722595992963761
4213,129063,1,0,2.7210330008529127
4214,129064,1,0,2.714871021453291
4215,129065,1,0,2.7277959743514657
4216,129066,1,0,2.7263429947197437
4217,129067,1,0,2.721203025430441
4218,129068,1,0,2.712156972847879
4219,129069,1,0,2.721052966080606
4220,129070,1,0,2.7118659927509725
4221,129071,1,0,2.705655002500862
4222,129072,1,0,2.7063159504905343
4223,129073,1,0,2.7455780073069036
4224,129074,1,0,2.727725019212812
4225,129075,1,0,2.717094961553812
4226,129076,1,0,2.7097229612991214
4227,129077,1,0,2.736861992161721
4228,129078,1,0,2.710424014367163
4229,129079,1,1,2.8322390280663967
4230,129080,1,0,2.7212430140934885
4231,129081,1,0,2.7072069933637977
4232,129082,1,0,2.717316965572536
4233,129083,1,0,2.717626979574561
4234,129084,1,0,2.716864983085543
4235,129085,1,0,2.7199609903618693
4236,129086,1,0,2.7137689758092165
4237,129087,1,0,2.7317230124026537
4238,129088,1,0,2.7133990079164505
4239,129089,1,0,2.7219250332564116
4240,129090,1,0,2.721333992667496
4241,129091,1,0,2.719080017413944
4242,129092,1,0,2.7104830369353294
4243,129093,1,0,2.7185690123587847
4244,129094,1,0,2.715934009756893
4245,129095,1,0,2.716264978516847
4246,129096,1,1,2.705514954868704
4247,129097,1,0,2.7198410243727267
4248,129098,1,0,2.7256320463493466
4249,129099,1,0,2.7190400287508965
4250,129100,1,0,2.7020880370400846
4251,129101,1,0,2.7128279907628894
4252,129102,1,0,2.710002998355776
4253,129103,1,0,2.7181479963473976
4254,129104,1,0,2.7055650134570897
4255,129105,1,0,2.7181770419701934
4256,129106,1,0,2.8348540072329342
4257,129107,1,0,2.718698000535369
4258,129108,1,0,2.7070370269939303
4259,129109,1,0,2.7105339686386287
4260,129110,1,0,2.7181280311197042
4261,129111,1,0,2.7151620015501976
4262,129112,1,0,2.736792026553303
4263,129113,1,1,2.7055139653384686
4264,129114,1,0,2.711055043619126
4265,129115,1,0,2.710543980356306
4266,129116,1,0,2.712205983698368
4267,129117,1,0,2.714901987928897
4268,129118,1,0,2.7342780376784503
4269,129119,1,0,2.7137090219184756
4270,129120,1,0,2.7043030131608248
4271,129121,1,0,2.71267700009048
4272,129122,1,0,2.7142110047861934
4273,129123,1,0,2.7115250122733414
4274,129124,1,0,2.699863980524242
4275,129125,1,0,2.7223959914408624
4276,129126,1,0,2.7134589618071914
4277,129127,1,0,2.7184889768250287
4278,129128,1,0,2.708790998440236
4279,129129,1,0,2.7186390361748636
4280,129130,1,1,2.715612994506955
4281,129131,1,0,2.707999025005847
4282,129132,1,0,2.833642007317394
4283,129133,1,0,2.7119560400024056
4284,129134,1,0,2.7175970026291907
4285,129135,1,0,2.7162039768882096
4286,129136,1,0,2.699072996620089
4287,129137,1,0,2.708198968321085
4288,129138,1,0,2.7104230248369277
4289,129139,1,0,2.7103929896838963
4290,129140,1,0,2.701407007407397
4291,129141,1,0,2.720501972362399
4292,129142,1,0,2.7152029797434807
4293,129143,1,0,2.7229670085944235
4294,129144,1,0,2.701014978811145
4295,129145,1,0,2.735680027399212
4296,129146,1,0,2.720010990742594
4297,129147,1,1,2.711676002945751
4298,129148,1,0,2.700996003113687
4299,129149,1,0,2.72418896201998
4300,129150,1,0,2.717387047596276
4301,129151,1,0,2.702679019421339
4302,129152,1,0,2.7065559988841414
4303,129153,1,0,2.720261982176453
4304,129154,1,0,2.717947994824499
4305,129155,1,0,2.710634027607739
4306,129156,1,0,2.7152830152772367
4307,129157,1,0,2.7188489912077785
4308,129158,1,0,2.7129779919050634
4309,129159,1,0,2.8391520027071238
4310,129160,1,0,2.703080011997372
4311,129161,1,0,2.7227260288782418
4312,129162,1,0,2.726662962231785
4313,129163,1,0,2.7211029664613307
4314,129164,1,1,2.714410948101431
4315,129165,1,0,2.724669990129769
4316,129166,1,0,2.711634966544807
4317,129167,1,0,2.7099219732917845
4318,129168,1,0,2.7222749777138233
4319,129169,1,0,2.7181580080650747
4320,129170,1,0,2.7181479963473976
4321,129171,1,0,2.7158730081282556
4322,129172,1,0,2.7267529512755573
4323,129173,1,0,2.7262429939582944
4324,129174,1,0,2.717836992815137
4325,129175,1,0,2.7174559654667974
4326,129176,1,0,2.7025790186598897
4327,129177,1,0,2.7305600233376026
4328,129178,1,0,2.72428902098909
4329,129179,1,0,2.718829025980085
4330,129180,1,0,2.7067660121247172
4331,129181,1,1,2.721944998484105
4332,129182,1,0,2.72483000298962
4333,129183,1,0,2.7138700243085623
4334,129184,1,0,2.7076389524154365
4335,129185,1,0,2.8482190100476146
4336,129186,1,0,2.727885963395238
4337,129187,1,0,2.721964963711798
4338,129188,1,0,2.723286976106465
4339,129189,1,0,2.7267139521427453
4340,129190,1,0,2.713669033255428
4341,129191,1,0,2.721222990658134
4342,129192,1,0,2.7048930060118437
4343,129193,1,0,2.7102730236947536
4344,129194,1,0,2.718327974434942
4345,129195,1,0,2.723156998399645
4346,129196,1,0,2.7123469626531005
4347,129197,1,0,2.7231269632466137
4348,129198,1,1,2.716776041779667
4349,129199,1,0,2.715603040996939
4350,129200,1,0,2.706445986405015
4351,129201,1,0,2.7329050353728235
4352,129202,1,0,2.724078018218279
4353,129203,1,0,2.7212629793211818
4354,129204,1,0,2.7238480397500098
4355,129205,1,0,2.719850977882743
4356,129206,1,0,2.718247997108847
4357,129207,1,0,2.718888979870826
4358,129208,1,0,2.7003149734809995
4359,129209,1,0,2.722395001910627
4360,129210,1,0,2.720782009419054
4361,129211,1,0,2.7150919777341187
4362,129212,1,0,2.830785990227014
4363,129213,1,0,2.7123370091430843
4364,129214,1,0,2.7213130379095674
4365,129215,1,1,2.723979006987065
4366,129216,1,0,2.711575012654066
4367,129217,1,0,2.71607399918139
4368,129218,1,0,2.7272250154055655
4369,129219,1,0,2.7249599806964397
4370,129220,1,0,2.7173369890078902
4371,129221,1,0,2.7137489523738623
4372,129222,1,0,2.7173859998583794
4373,129223,1,0,2.7262319927103817
4374,129224,1,0,2.702888974454254
4375,129225,1,0,2.719551033806056
4376,129226,1,0,2.71823798539117
4377,129227,1,0,2.7182470075786114
4378,129228,1,0,2.70513299619779
4379,129229,1,0,2.7041409630328417
4380,129230,1,0,2.7183780330233276
4381,129231,1,0,2.7170860557816923
4382,129232,1,1,2.701867022551596
4383,129233,1,0,2.7143810293637216
4384,129234,1,0,2.7126080240122974
4385,129235,1,0,2.714070025831461
4386,129236,1,0,2.6923699770122766
4387,129237,1,0,2.7186889783479273
4388,129238,1,0,2.838601008988917
4389,129239,1,0,2.709191001486033
4390,129240,1,0,2.7004749863408506
4391,129241,1,0,2.7131480164825916
4392,129242,1,0,2.7123470208607614
4393,129243,1,0,2.7188590029254556
4394,129244,1,0,2.7062250301241875
4395,129245,1,0,2.7235280140303075
4396,129246,1,0,2.7142399922013283
4397,129247,1,0,2.7131279930472374
4398,129248,1,0,2.7040019631385803
4399,129249,1,1,2.726292994339019
4400,129250,1,0,2.718738978728652
4401,129251,1,0,2.7177170268259943
4402,129252,1,0,2.705884980969131
4403,129253,1,0,2.7188590029254556
4404,129254,1,0,2.720851975027472
4405,129255,1,0,2.7504279860295355
4406,129256,1,0,2.7114760014228523
4407,129257,1,0,2.727704995777458
4408,129258,1,0,2.7163850027136505
4409,129259,1,0,2.7106839697808027
4410,129260,1,0,2.703070000279695
4411,129261,1,0,2.72282597143203
4412,129262,1,0,2.7294789906591177
4413,129263,1,0,2.720000979024917
4414,129264,1,0,2.706877014134079
4415,129265,1,0,2.8426279895938933
4416,129266,1,1,2.72107298951596
4417,129267,1,0,2.720571996178478
4418,129268,1,0,2.7087299968115985
4419,129269,1,0,2.7105729677714407
4420,129270,1,0,2.733476983848959
4421,129271,1,0,2.7205829974263906
4422,129272,1,0,2.707557985559106
4423,129273,1,0,2.7088099741376936
4424,129274,1,0,2.720491960644722
4425,129275,1,0,2.7231869753450155
4426,129276,1,0,2.7076980331912637
4427,129277,1,0,2.7145809726789594
4428,129278,1,0,2.7167549706064165
4429,129279,1,0,2.713599009439349
4430,129280,1,0,2.7076780097559094
4431,129281,1,0,2.7095620171166956
4432,129282,1,0,2.7165350038558245
4433,129283,1,1,2.7207620441913605
4434,129284,1,0,2.711164008360356
4435,129285,1,0,2.716785005759448
4436,129286,1,0,2.7201210032217205
4437,129287,1,0,2.7189389802515507
4438,129288,1,0,2.7030599885620177
4439,129289,1,0,2.7160539757460356
4440,129290,1,0,2.725251019001007
4441,129291,1,0,2.8421279857866466
4442,129292,1,0,2.7050540084019303
4443,129293,1,0,2.711354987695813
4444,129294,1,0,2.716976043302566
4445,129295,1,0,2.7095010154880583
4446,129296,1,0,2.709611027967185
4447,129297,1,0,2.710243046749383
4448,129298,1,0,2.716735005378723
4449,129299,1,0,2.7207019738852978
4450,129300,1,0,2.7077890117652714
4451,129301,1,1,2.7150820242241025
4452,129302,1,0,2.714250993449241
4453,129303,1,0,2.712016983423382
4454,129304,1,0,2.7059249696321785
4455,129305,1,0,2.709852997213602
4456,129306,1,0,2.7100429870188236
4457,129307,1,0,2.7031299541704357
4458,129308,1,0,2.7224450022913516
4459,129309,1,0,2.7203219942748547
4460,129310,1,0,2.7113360119983554
4461,129311,1,0,2.708539948798716
4462,129312,1,0,2.7074780082330108
4463,129313,1,0,2.716414979659021
4464,129314,1,0,2.7115350239910185
4465,129315,1,0,2.715812996029854
4466,129316,1,0,2.7197899762541056
4467,129317,1,0,2.7478329720906913
4468,129318,1,1,2.839252003468573
4469,129319,1,0,2.7168950182385743
4470,129320,1,0,2.7087809867225587
4471,129321,1,0,2.718529023695737
4472,129322,1,0,2.7163340128026903
4473,129323,1,0,2.71584396250546
4474,129324,1,0,2.7043719892390072
4475,129325,1,0,2.7251109713688493
4476,129326,1,0,2.7292590239085257
4477,129327,1,0,2.711835957597941
4478,129328,1,0,2.7118760044686496
4479,129329,1,0,2.70987197291106
4480,129330,1,0,2.7163539780303836
4481,129331,1,0,2.711565000936389
4482,129332,1,0,2.703341015148908
4483,129333,1,0,2.7077679987996817
4484,129334,1,0,2.7158940210938454
4485,129335,1,1,2.7350690215826035
4486,129336,1,0,2.7002239949069917
4487,129337,1,0,2.7230969863012433
4488,129338,1,0,2.7140199672430754
4489,129339,1,0,2.718318020924926
4490,129340,1,0,2.697299001738429
4491,129341,1,0,2.712407964281738
4492,129342,1,0,2.7181580080650747
4493,129343,1,0,2.719240030273795
4494,129344,1,0,2.835544990375638
4495,129345,1,0,2.709281980060041
4496,129346,1,0,2.718979027122259
4497,129347,1,0,2.7095110272057354
4498,129348,1,0,2.713779977057129
4499,129349,1,0,2.7218349860049784
4500,129350,1,0,2.7165550272911787
4501,129351,1,0,2.725761034525931
4502,129352,1,1,2.7013570070266724
4503,129353,1,0,2.721473982091993
4504,129354,1,0,2.716003975365311
4505,129355,1,0,2.711815992370248
4506,129356,1,0,2.7000440168194473
4507,129357,1,0,2.717296010814607
4508,129358,1,0,2.723217010498047
4509,129359,1,0,2.7200510376133025
4510,129360,1,0,2.7108240174129605
4511,129361,1,0,2.7218650211580098
4512,129362,1,0,2.722175035160035
4513,129363,1,0,2.7210029656998813
4514,129364,1,0,2.702849975321442
4515,129365,1,0,2.7119360165670514
4516,129366,1,0,2.721293014474213
4517,129367,1,0,2.7122569736093283
4518,129368,1,0,2.7054540114477277
4519,129369,1,1,2.7143810293637216
4520,129370,1,0,2.717215975280851
4521,129371,1,0,2.8544709784910083
4522,129372,1,0,2.701486984733492
4523,129373,1,0,2.7172460104338825
4524,129374,1,0,2.708560030441731
4525,129375,1,0,2.7155730058439076
4526,129376,1,0,2.7034099912270904
4527,129377,1,0,2.715021022595465
4528,129378,1,0,2.719530020840466
4529,129379,1,0,2.706145984120667
4530,129380,1,0,2.699303033296019
4531,129381,1,0,2.71190598141402
4532,129382,1,0,2.719520009122789
4533,129383,1,0,2.7311319718137383
4534,129384,1,0,2.714811998885125
4535,129385,1,0,2.7350590098649263
4536,129386,1,1,2.7211540145799518
4537,129387,1,0,2.720282005611807
4538,129388,1,0,2.7031300123780966
4539,129389,1,0,2.71963095292449
4540,129390,1,0,2.717066032346338
4541,129391,1,0,2.7045520255342126
4542,129392,1,0,2.6997440145350993
4543,129393,1,0,2.7229769621044397
4544,129394,1,0,2.7290169964544475
4545,129395,1,0,2.716635004617274
4546,129396,1,0,2.701347053516656
4547,129397,1,0,2.841897017788142
4548,129398,1,0,2.720582007896155
4549,129399,1,0,2.7250100392848253
4550,129400,1,0,2.705333987250924
4551,129401,1,0,2.712537010665983
4552,129402,1,0,2.730039006564766
4553,129403,1,1,2.729227999225259
4554,129404,1,0,2.716785005759448
4555,129405,1,0,2.7184890350326896
4556,129406,1,0,2.720993012189865
4557,129407,1,0,2.724139019846916
4558,129408,1,0,2.71272799000144
4559,129409,1,0,2.7208530227653682
4560,129410,1,0,2.7310510049574077
4561,129411,1,0,2.7369619929231703
4562,129412,1,0,2.7167749940417707
4563,129413,1,0,2.7172460104338825
4564,129414,1,0,2.7232979773543775
4565,129415,1,0,2.720090968068689
4566,129416,1,0,2.708068990614265
4567,129417,1,0,2.7124269981868565
4568,129418,1,0,2.721104014199227
4569,129419,1,0,2.7199609903618693
4570,129420,1,1,2.7069770148955286
4571,129421,1,0,2.7168759843334556
4572,129422,1,0,2.7161239995621145
4573,129423,1,0,2.716104034334421
4574,129424,1,0,2.834843995515257
4575,129425,1,0,2.7156529831700027
4576,129426,1,0,2.7270239661447704
4577,129427,1,0,2.7160330209881067
4578,129428,1,0,2.718809002544731
4579,129429,1,0,2.7152730035595596
4580,129430,1,0,2.7305500116199255
4581,129431,1,0,2.7164749917574227
4582,129432,1,0,2.7017570100724697
4583,129433,1,0,2.704141952563077
4584,129434,1,0,2.7117549907416105
4585,129435,1,0,2.7199810137972236
4586,129436,1,0,2.7178770396858454
4587,129437,1,1,2.7086909976787865
4588,129438,1,0,2.7194509748369455
4589,129439,1,0,2.712867979425937
4590,129440,1,0,2.716714981943369
4591,129441,1,0,2.7122769970446825
4592,129442,1,0,2.7220849879086018
4593,129443,1,0,2.713208959903568
4594,129444,1,0,2.716505026910454
4595,129445,1,0,2.721683995332569
4596,129446,1,0,2.718168019782752
4597,129447,1,0,2.7169149834662676
4598,129448,1,0,2.702919999137521
4599,129449,1,0,2.7183580095879734
4600,129450,1,0,2.838690998032689
4601,129451,1,0,2.7310119476169348
4602,129452,1,0,2.7044430025853217
4603,129453,1,0,2.7082590386271477
4604,129454,1,1,2.716935006901622
4605,129455,1,0,2.718818956054747
4606,129456,1,0,2.7040509739890695
4607,129457,1,0,2.7042219880968332
4608,129458,1,0,2.7241489733569324
4609,129459,1,0,2.7232569991610944
4610,129460,1,0,2.708469983190298
4611,129461,1,0,2.7102630119770765
4612,129462,1,0,2.7246500249020755
4613,129463,1,0,2.7106430497951806
4614,129464,1,0,2.7170060202479362
4615,129465,1,0,2.7217339957132936
4616,129466,1,0,2.7163249906152487
4617,129467,1,0,2.713349007535726
4618,129468,1,0,2.70582502707839
4619,129469,1,0,2.716314047574997
4620,129470,1,0,2.7172460104338825
4621,129471,1,1,2.7114760014228523
4622,129472,1,0,2.705473976675421
4623,129473,1,0,2.719800977502018
4624,129474,1,0,2.7132679824717343
4625,129475,1,0,2.7128479559905827
4626,129476,1,0,2.704753016587347
4627,129477,1,0,2.8379300492815673
4628,129478,1,0,2.708058978896588
4629,129479,1,0,2.7167160296812654
4630,129480,1,0,2.718327974434942
4631,129481,1,0,2.713760011829436
4632,129482,1,0,2.714972011744976
4633,129483,1,0,2.7224449440836906
4634,129484,1,0,2.7121760067529976
4635,129485,1,0,2.719581010751426
4636,129486,1,0,2.721254015341401
4637,129487,1,0,2.7159739984199405
4638,129488,1,1,2.7059449930675328
4639,129489,1,0,2.7251109713688493
4640,129490,1,0,2.716543967835605
4641,129491,1,0,2.705824968870729
4642,129492,1,0,2.6993429637514055
4643,129493,1,0,2.7217440074309707
4644,129494,1,0,2.7364009874872863
4645,129495,1,0,2.7245800010859966
4646,129496,1,0,2.7059249696321785
4647,129497,1,0,2.7252709842287004
4648,129498,1,0,2.7240290073677897
4649,129499,1,0,2.7174560236744583
4650,129500,1,0,2.7133789844810963
4651,129501,1,0,2.7287970297038555
4652,129502,1,0,2.721173979807645
4653,129503,1,0,2.8529679984785616
4654,129504,1,0,2.7187990490347147
4655,129505,1,1,2.7122069732286036
4656,129506,1,0,2.7191999834030867
4657,129507,1,0,2.708620042540133
4658,129508,1,0,2.7124870102852583
4659,129509,1,0,2.7212330023758113
4660,129510,1,0,2.7216739836148918
4661,129511,1,0,2.7257719775661826
4662,129512,1,0,2.713338006287813
4663,129513,1,0,2.7144610066898167
4664,129514,1,0,2.7180779725313187
4665,129515,1,0,2.7156230062246323
4666,129516,1,0,2.705755003262311
4667,129517,1,0,2.7159739984199405
4668,129518,1,0,2.7236680034548044
4669,129519,1,0,2.721924043726176
4670,129520,1,0,2.7132389950565994
4671,129521,1,0,2.7067469782195985
4672,129522,1,1,2.7149919769726694
4673,129523,1,0,2.7124869520775974
4674,129524,1,0,2.709802007302642
4675,129525,1,0,2.7117159916087985
4676,129526,1,0,2.7113850228488445
4677,129527,1,0,2.7172560221515596
4678,129528,1,0,2.70840001758188
4679,129529,1,0,2.7291079750284553
4680,129530,1,0,2.8430590173229575
4681,129531,1,0,2.716735005378723
4682,129532,1,0,2.7301899972371757
4683,129533,1,0,2.712837012950331
4684,129534,1,0,2.7129779919050634
4685,129535,1,0,2.7127680368721485
4686,129536,1,0,2.7084900066256523
4687,129537,1,0,2.7118060388602316
4688,129538,1,0,2.7082390151917934
4689,129539,1,1,2.7097120182588696
4690,129540,1,0,2.708229993004352
4691,129541,1,0,2.7177470037713647
4692,129542,1,0,2.7227260288782418
4693,129543,1,0,2.7235879679210484
4694,129544,1,0,2.7064659516327083
4695,129545,1,0,2.7082489687018096
4696,129546,1,0,2.7199910255149007
4697,129547,1,0,2.717906958423555
4698,129548,1,0,2.712176996283233
4699,129549,1,0,2.7126980130560696
4700,129550,1,0,2.711345034185797
4701,129551,1,0,2.7046529576182365
4702,129552,1,0,2.7010259800590575
4703,129553,1,0,2.717446011956781
4704,129554,1,0,2.7133189723826945
4705,129555,1,0,2.72009102627635
4706,129556,1,1,2.8259779792279005
4707,129557,1,0,2.704753016587347
4708,129558,1,0,2.7097230195067823
4709,129559,1,0,2.71502195391804
4710,129560,1,0,2.7124069747515023
4711,129561,1,0,2.7086410555057228
4712,129562,1,0,2.7109950315207243
4713,129563,1,0,2.718798990827054
4714,129564,1,0,2.712087007239461
4715,129565,1,0,2.7084900066256523
4716,129566,1,0,2.710373024456203
4717,129567,1,0,2.71097500808537
4718,129568,1,0,2.693301998078823
4719,129569,1,0,2.713439054787159
4720,129570,1,0,2.711836015805602
4721,129571,1,0,2.7133989497087896
4722,129572,1,0,2.6922799879685044
4723,129573,1,1,2.7061759610660374
4724,129574,1,0,2.720972988754511
4725,129575,1,0,2.704192011151463
4726,129576,1,0,2.691778994631022
4727,129577,1,0,2.7090709772892296
4728,129578,1,0,2.7231870335526764
4729,129579,1,0,2.7024379814974964
4730,129580,1,0,2.7047930052503943
4731,129581,1,0,2.7125769993290305
4732,129582,1,0,2.7124479529447854
4733,129583,1,0,2.8149380232207477
4734,129584,1,0,2.702458994463086
4735,129585,1,0,2.7196009759791195
4736,129586,1,0,2.7199010364711285
4737,129587,1,0,2.7099630096927285
4738,129588,1,0,2.710853994358331
4739,129589,1,0,2.7234579902142286
4740,129590,1,1,2.7277650078758597
4741,129591,1,0,2.716093964409083
4742,129592,1,0,2.7094519464299083
4743,129593,1,0,2.7160340105183423
4744,129594,1,0,2.7124970220029354
4745,129595,1,0,2.7110339724458754
4746,129596,1,0,2.706717001274228
4747,129597,1,0,2.715892973355949
4748,129598,1,0,2.7104229666292667
4749,129599,1,0,2.7093510143458843
4750,129600,1,0,2.7092010132037103
4751,129601,1,0,2.717095019761473
4752,129602,1,0,2.712176996283233
4753,129603,1,0,2.6999039691872895
4754,129604,1,0,2.709101012442261
4755,129605,1,0,2.712596964556724
4756,129606,1,0,2.714090049266815
4757,129607,1,0,2.700916025787592
4758,129608,1,1,2.712087007239461
4759,129609,1,0,2.8473970014601946
4760,129610,1,0,2.7125179767608643
4761,129611,1,0,2.702208992559463
4762,129612,1,0,2.706477011088282
4763,129613,1,0,2.706216007936746
4764,129614,1,0,2.712466986849904
4765,129615,1,0,2.6983610005117953
4766,129616,1,0,2.7147820219397545
4767,129617,1,0,2.7178970049135387
4768,129618,1,0,2.7123670442961156
4769,129619,1,0,2.7052939985878766
4770,129620,1,0,2.7171149849891663
4771,129621,1,0,2.7118659927509725
4772,129622,1,0,2.7134990086779
4773,129623,1,0,2.694634022191167
4774,129624,1,0,2.7185390354134142
4775,129625,1,1,2.717947994824499
4776,129626,1,0,2.73533898871392
4777,129627,1,0,2.706194994971156
4778,129628,1,0,2.7193299611099064
4779,129629,1,0,2.7160439640283585
4780,129630,1,0,2.7034410159103572
4781,129631,1,0,2.7039319975301623
4782,129632,1,0,2.7241280185990036
4783,129633,1,0,2.7232870343141258
4784,129634,1,0,2.7064059977419674
4785,129635,1,0,2.698961994610727
4786,129636,1,0,2.8347339830361307
4787,129637,1,0,2.720042015425861
4788,129638,1,0,2.7280960348434746
4789,129639,1,0,2.697128045838326
4790,129640,1,0,2.7218140312470496
4791,129641,1,0,2.7052939985878766
4792,129642,1,1,2.711605979129672
4793,129643,1,0,2.698911994230002
4794,129644,1,0,2.719029027502984
4795,129645,1,0,2.709591994062066
4796,129646,1,0,2.7003950090147555
4797,129647,1,0,2.688413020223379
4798,129648,1,0,2.7156639844179153
4799,129649,1,0,2.7154730050824583
4800,129650,1,0,2.713098016101867
4801,129651,1,0,2.7065459871664643
4802,129652,1,0,2.7131089591421187
4803,129653,1,0,2.7110339724458754
4804,129654,1,0,2.6955250068567693
4805,129655,1,0,2.697309013456106
4806,129656,1,0,2.7038410189561546
4807,129657,1,0,2.7064160094596446
4808,129658,1,0,2.701567020267248
4809,129659,1,1,2.7243989752605557
4810,129660,1,0,2.7164450148120522
4811,129661,1,0,2.714340982493013
4812,129662,1,0,2.8452930273488164
4813,129663,1,0,2.7344279806129634
4814,129664,1,0,2.7188389794901013
4815,129665,1,0,2.7156429714523256
4816,129666,1,0,2.6987819583155215
4817,129667,1,0,2.7101930463686585
4818,129668,1,0,2.712176996283233
4819,129669,1,0,2.715854032430798
4820,129670,1,0,2.7056849794462323
4821,129671,1,0,2.7105629560537636
4822,129672,1,0,2.7150019886903465
4823,129673,1,0,2.714962000027299
4824,129674,1,0,2.706666011363268
4825,129675,1,0,2.721693948842585
4826,129676,1,1,2.7125169872306287
4827,129677,1,0,2.7134990086779
4828,129678,1,0,2.701066026929766
4829,129679,1,0,2.7118659927509725
4830,129680,1,0,2.787797013297677
4831,129681,1,0,2.7334559708833694
4832,129682,1,0,2.6987019809894264
4833,129683,1,0,2.7476620161905885
4834,129684,1,0,2.718828967772424
4835,129685,1,0,2.7126779896207154
4836,129686,1,0,2.73791397921741
4837,129687,1,0,2.786103985272348
4838,129688,1,0,2.7596750296652317
4839,129689,1,0,2.833652019035071
4840,129690,1,0,2.78291804715991
4841,129691,1,0,2.772218023892492
4842,129692,1,0,2.752211003098637
4843,129693,1,1,2.720571996178478
4844,129694,1,0,2.738095005042851
4845,129695,1,0,2.7895999955944717
4846,129696,1,0,2.721554017625749
4847,129697,1,0,2.7179570170119405
4848,129698,1,0,2.725822036154568
4849,129699,1,0,2.75825202697888
4850,129700,1,0,2.754535002168268
4851,129701,1,0,2.745928999502212
4852,129702,1,0,2.8090759878978133
4853,129703,1,0,2.714901987928897
4854,129704,1,0,2.7175770374014974
4855,129705,1,0,2.7477729599922895
4856,129706,1,0,2.716224000323564
4857,129707,1,0,2.778999973088503
4858,129708,1,0,2.7574010309763253
4859,129709,1,0,2.788187994156033
4860,129710,1,1,2.704393002204597
4861,129711,1,0,2.7216740418225527
4862,129712,1,0,2.725250960793346
4863,129713,1,0,2.754485991317779
4864,129714,1,0,2.724589023273438
4865,129715,1,0,2.8832030366174877
4866,129716,1,0,2.712508023250848
4867,129717,1,0,2.7393270283937454
4868,129718,1,0,2.7329549775458872
4869,129719,1,0,2.7854020008817315
4870,129720,1,0,2.7530730003491044
4871,129721,1,0,2.7223859797231853
4872,129722,1,0,2.71133502246812
4873,129723,1,0,2.7073280070908368
4874,129724,1,0,2.7208219980821013
4875,129725,1,0,2.7202920173294842
4876,129726,1,0,2.788737998344004
4877,129727,1,1,2.7130990056321025
4878,129728,1,0,2.7258219779469073
4879,129729,1,0,2.729909960180521
4880,129730,1,0,2.719450043514371
4881,129731,1,0,2.7139699668623507
4882,129732,1,0,2.7288069832138717
4883,129733,1,0,2.7593940030783415
4884,129734,1,0,2.757852023933083
4885,129735,1,0,2.7248699916526675
4886,129736,1,0,2.718729025218636
4887,129737,1,0,2.7295590261928737
4888,129738,1,0,2.7257620240561664
4889,129739,1,0,2.7238979819230735
4890,129740,1,0,2.711585024371743
4891,129741,1,0,2.729719039052725
4892,129742,1,0,2.8980709612369537
4893,129743,1,0,2.7332560275681317
4894,129744,1,1,2.720261982176453
4895,129745,1,0,2.7216739836148918
4896,129746,1,0,2.7592540136538446
4897,129747,1,0,2.746990998275578
4898,129748,1,0,2.8199759544804692
4899,129749,1,0,2.789689984638244
4900,129750,1,0,2.7855830267071724
4901,129751,1,0,2.718920004554093
4902,129752,1,0,2.752991975285113
4903,129753,1,0,2.7779180090874434
4904,129754,1,0,2.768841979559511
4905,129755,1,0,2.7585930074565113
4906,129756,1,0,2.7238280163146555
4907,129757,1,0,2.7598849846981466
4908,129758,1,0,2.796232991386205
4909,129759,1,0,2.7005549636669457
4910,129760,1,0,2.7239779592491686
4911,129761,1,1,2.773179963696748
4912,129762,1,0,2.7517100097611547
4913,129763,1,0,2.7787400176748633
4914,129764,1,0,2.7453280054032803
4915,129765,1,0,2.751478983554989
4916,129766,1,0,2.7149920351803303
4917,129767,1,0,2.766987949144095
4918,129768,1,0,2.8281420236453414
4919,129769,1,0,2.705324033740908
4920,129770,1,0,2.717215975280851
4921,129771,1,0,2.733075001742691
4922,129772,1,0,2.7123569743707776
4923,129773,1,0,2.770274004433304
4924,129774,1,0,2.7192700072191656
4925,129775,1,0,2.7095620171166956
4926,129776,1,0,2.7211629785597324
4927,129777,1,0,2.71489197621122
4928,129778,1,1,2.712626999709755
4929,129779,1,0,2.721884986385703
4930,129780,1,0,2.696567971725017
4931,129781,1,0,2.707487961743027
4932,129782,1,0,2.7166149811819196
4933,129783,1,0,2.720282005611807
4934,129784,1,0,2.6950149913318455
4935,129785,1,0,2.7174759889021516
4936,129786,1,0,2.7065760223194957
4937,129787,1,0,2.717836992815137
4938,129788,1,0,2.6956559740938246
4939,129789,1,0,2.7173060225322843
4940,129790,1,0,2.7176470030099154
4941,129791,1,0,2.7158730081282556
4942,129792,1,0,2.7063960442319512
4943,129793,1,0,2.716023998800665
4944,129794,1,0,2.7231269632466137
4945,129795,1,1,2.840503992047161
4946,129796,1,0,2.7674390003085136
4947,129797,1,0,2.7086000191047788
4948,129798,1,0,2.718247997108847
4949,129799,1,0,2.7274140156805515
4950,129800,1,0,2.7130480157211423
4951,129801,1,0,2.713920024689287
4952,129802,1,0,2.719098993111402
4953,129803,1,0,2.720832999330014
4954,129804,1,0,2.7082589804194868
4955,129805,1,0,2.7118459693156183
4956,129806,1,0,2.7314929757267237
4957,129807,1,0,2.730000007431954
4958,129808,1,0,2.7199909673072398
4959,129809,1,0,2.7193200075998902
4960,129810,1,0,2.7185180224478245
4961,129811,1,0,2.7536340057849884
4962,129812,1,1,2.7557070134207606
4963,129813,1,0,2.7067060000263155
4964,129814,1,0,2.7337460196577013
4965,129815,1,0,2.7105039916932583
4966,129816,1,0,2.7063259622082114
4967,129817,1,0,2.7080889558419585
4968,129818,1,0,2.7091610245406628
4969,129819,1,0,2.8110899729654193
4970,129820,1,0,2.7271939907222986
4971,129821,1,0,2.835043997038156
4972,129822,1,0,2.706665953155607
4973,129823,1,0,2.7133090188726783
4974,129824,1,0,2.71769700339064
4975,129825,1,0,2.706085972022265
4976,129826,1,0,2.7098319842480123
4977,129827,1,0,2.7122669853270054
4978,129828,1,0,2.7063459856435657
4979,129829,1,1,2.6930519961751997
4980,129830,1,0,2.713167981710285
4981,129831,1,0,2.7055549435317516
4982,129832,1,0,2.7042520232498646
4983,129833,1,0,2.6948140002787113
4984,129834,1,0,2.7162839542143047
4985,129835,1,0,2.7022880385629833
4986,129836,1,0,2.715873997658491
4987,129837,1,0,2.7438750257715583
4988,129838,1,0,2.7586519718170166
4989,129839,1,0,2.7265240205451846
4990,129840,1,0,2.7180069591850042
4991,129841,1,0,2.692169975489378
4992,129842,1,0,2.710334025323391
4993,129843,1,0,2.7180369943380356
4994,129844,1,0,2.729227999225259
4995,129845,1,0,2.70894099958241
4996,129846,1,1,2.7266329852864146
4997,129847,1,0,2.712396963033825
4998,129848,1,0,2.840453991666436
4999,129849,1,0,2.696648007258773
5000,129850,1,0,2.7154029812663794
5001,129851,1,0,2.7263330412097275
5002,129852,1,0,2.7217440074309707
5003,129853,1,0,2.7019769768230617
5004,129854,1,0,2.7266130200587213
5005,129855,1,0,2.7149219531565905
5006,129856,1,0,2.7059050044044852
5007,129857,1,0,2.696567040402442
5008,129858,1,0,2.713649009820074
5009,129859,1,0,2.7105240151286125
5010,129860,1,0,2.7071679942309856
5011,129861,1,0,2.741861972026527
5012,129862,1,0,2.7098419959656894
5013,129863,1,1,2.705614024307579
5014,129864,1,0,2.703530015423894
5015,129865,1,0,2.6958159869536757
5016,129866,1,0,2.8217299841344357
5017,129867,1,0,2.719289972446859
5018,129868,1,0,2.7071369695477188
5019,129869,1,0,2.6987720048055053
5020,129870,1,0,2.7086500194855034
5021,129871,1,0,2.7155030402354896
5022,129872,1,0,2.730320964474231
5023,129873,1,0,2.745578996837139
5024,129874,1,0,2.8471769765019417
5025,129875,1,0,2.729418978560716
5026,129876,1,0,2.7101729647256434
5027,129877,1,0,2.7076679980382323
5028,129878,1,0,2.704372047446668
5029,129879,1,0,2.714882022701204
5030,129880,1,1,2.7140099555253983
5031,129881,1,0,2.693853050004691
5032,129882,1,0,2.71203595912084
5033,129883,1,0,2.7155730058439076
5034,129884,1,0,2.721624041441828
5035,129885,1,0,2.711125009227544
5036,129886,1,0,2.7109839720651507
5037,129887,1,0,2.7152220136485994
5038,129888,1,0,2.7232879656367004
5039,129889,1,0,2.757120004389435
5040,129890,1,0,2.7231969870626926
5041,129891,1,0,2.727394981775433
5042,129892,1,0,2.716724993661046
5043,129893,1,0,2.7021680143661797
5044,129894,1,0,2.717346011195332
5045,129895,1,0,2.7268240228295326
5046,129896,1,0,2.7178569580428302
5047,129897,1,1,2.7366820140741765
5048,129898,1,0,2.7171659749001265
5049,129899,1,0,2.714811998885125
5050,129900,1,0,2.7245000237599015
5051,129901,1,0,2.834843995515257
5052,129902,1,0,2.7072480297647417
5053,129903,1,0,2.7352889883331954
5054,129904,1,0,2.7212739805690944
5055,129905,1,0,2.7071780059486628
5056,129906,1,0,2.7226859820075333
5057,129907,1,0,2.7160529862158
5058,129908,1,0,2.723857993260026
5059,129909,1,0,2.717906958423555
5060,129910,1,0,2.7019180124625564
5061,129911,1,0,2.710212953388691
5062,129912,1,0,2.754705026745796
5063,129913,1,0,2.7085299952887
5064,129914,1,1,2.721164026297629
5065,129915,1,0,2.7273049927316606
5066,129916,1,0,2.721624041441828
5067,129917,1,0,2.714070025831461
5068,129918,1,0,2.7172560221515596
5069,129919,1,0,2.745990001130849
5070,129920,1,0,2.728766994550824
5071,129921,1,0,2.7742820093408227
5072,129922,1,0,2.710292988922447
5073,129923,1,0,2.7195499860681593
5074,129924,1,0,2.718959003686905
5075,129925,1,0,2.6935419882647693
5076,129926,1,0,2.6891540037468076
5077,129927,1,0,2.8349750209599733
5078,129928,1,0,2.705434977542609
5079,129929,1,0,2.710343978833407
5080,129930,1,0,2.6967580197378993
5081,129931,1,0,2.7141509926877916
5082,129932,1,1,2.708129002712667
5083,129933,1,0,2.7059150161221623
5084,129934,1,0,2.687710977625102
5085,129935,1,0,2.963002014439553
5086,129936,1,0,2.7131789829581976
5087,129937,1,0,2.7128179790452123
5088,129938,1,0,2.709091000724584
5089,129939,1,0,2.7104640030302107
5090,129940,1,0,2.7303609531372786
5091,129941,1,0,2.733505971264094
5092,129942,1,0,2.7067470364272594
5093,129943,1,0,2.71787797100842
5094,129944,1,0,2.716474002227187
5095,129945,1,0,2.7231170097365975
5096,129946,1,0,2.7068969793617725
5097,129947,1,0,2.7150919777341187
5098,129948,1,0,2.7199710020795465
5099,129949,1,1,2.7214540168642998
5100,129950,1,0,2.7135590207763016
5101,129951,1,0,2.7110250084660947
5102,129952,1,0,2.723568002693355
5103,129953,1,0,2.7314629987813532
5104,129954,1,0,2.846224990207702
5105,129955,1,0,2.7010859921574593
5106,129956,1,0,2.729489002376795
5107,129957,1,0,2.7183580095879734
5108,129958,1,0,2.718738978728652
5109,129959,1,0,2.708540007006377
5110,129960,1,0,2.721394004765898
5111,129961,1,0,2.7166249928995967
5112,129962,1,0,2.7100719744339585
5113,129963,1,0,2.718136995099485
5114,129964,1,0,2.719230018556118
5115,129965,1,0,2.717397001106292
5116,129966,1,1,2.7257719775661826
5117,129967,1,0,2.703711041249335
5118,129968,1,0,2.737955015618354
5119,129969,1,0,2.7234680019319057
5120,129970,1,0,2.7540239971131086
5121,129971,1,0,2.777788962703198
5122,129972,1,0,2.725641999859363
5123,129973,1,0,2.7279859641566873
5124,129974,1,0,2.7159940218552947
5125,129975,1,0,2.7185489889234304
5126,129976,1,0,2.713699999731034
5127,129977,1,0,2.7324740076437593
5128,129978,1,0,2.7195399743504822
5129,129979,1,0,2.724600024521351
5130,129980,1,0,2.8474070131778717
5131,129981,1,0,2.7194200083613396
5132,129982,1,0,2.9039420187473297
5133,129983,1,1,2.7265939861536026
5134,129984,1,0,2.7115659904666245
5135,129985,1,0,2.715823007747531
5136,129986,1,0,2.7200509794056416
5137,129987,1,0,2.719370007980615
5138,129988,1,0,2.7121170423924923
5139,129989,1,0,2.7201520279049873
5140,129990,1,0,2.730139996856451
5141,129991,1,0,2.7241389616392553
5142,129992,1,0,2.709822030737996
5143,129993,1,0,2.7665270026773214
5144,129994,1,0,2.7171560213901103
5145,129995,1,0,2.712126006372273
5146,129996,1,0,2.7254910091869533
5147,129997,1,0,2.6973889907822013
5148,129998,1,0,2.726303006056696
5149,129999,1,0,2.7105840272270143
5150,130000,1,1,2.7173159760423005
5151,130001,1,0,2.6999840047210455
5152,130002,1,0,2.7454579831101
5153,130003,1,0,2.7279260102659464
5154,130004,1,0,2.744126017205417
5155,130005,1,0,2.7079290011897683
5156,130006,1,0,2.812853956129402
5157,130007,1,0,2.8901860350742936
5158,130008,1,0,2.721714961808175
5159,130009,1,0,2.734478039201349
5160,130010,1,0,2.705483988393098
5161,130011,1,0,2.716735005378723
5162,130012,1,0,2.716154034715146
5163,130013,1,0,2.7153920382261276
5164,130014,1,0,2.705584978684783
5165,130015,1,0,2.725732047110796
5166,130016,1,0,2.739987976383418
5167,130017,1,1,2.7239079936407506
5168,130018,1,0,2.698832016903907
5169,130019,1,0,2.720762975513935
5170,130020,1,0,2.714000002015382
5171,130021,1,0,2.7073269593529403
5172,130022,1,0,2.700345008634031
5173,130023,1,0,2.7199009782634676
5174,130024,1,0,2.726583043113351
5175,130025,1,0,2.7206630329601467
5176,130026,1,0,2.7054850361309946
5177,130027,1,0,2.729227999225259
5178,130028,1,0,2.7226670063100755
5179,130029,1,0,2.7151319663971663
5180,130030,1,0,2.7053439989686012
5181,130031,1,0,2.7221550117246807
5182,130032,1,0,2.7230269624851644
5183,130033,1,0,2.8570249560289085
5184,130034,1,1,2.701836987398565
5185,130035,1,0,2.7177170268259943
5186,130036,1,0,2.7215139707550406
5187,130037,1,0,2.7206919621676207
5188,130038,1,0,2.70080502377823
5189,130039,1,0,2.7113849646411836
5190,130040,1,0,2.7222460485063493
5191,130041,1,0,2.7152919792570174
5192,130042,1,0,2.6967879966832697
5193,130043,1,0,2.739376970566809
5194,130044,1,0,2.7090010116808116
5195,130045,1,0,2.7136889984831214
5196,130046,1,0,2.6905470294877887
5197,130047,1,0,2.7075179968960583
5198,130048,1,0,2.715192036703229
5199,130049,1,0,2.7036209939979017
5200,130050,1,0,2.6938130031339824
5201,130051,1,1,2.781604998745024
5202,130052,1,0,2.7385360444895923
5203,130053,1,0,2.7220550109632313
5204,130054,1,0,2.701738034375012
5205,130055,1,0,2.7106140041723847
5206,130056,1,0,2.7151419781148434
5207,130057,1,0,2.722965960856527
5208,130058,1,0,2.7077189879491925
5209,130059,1,0,2.725461032241583
5210,130060,1,0,2.8456940199248493
5211,130061,1,0,2.712016983423382
5212,130062,1,0,2.7126570348627865
5213,130063,1,0,2.731823013164103
5214,130064,1,0,2.718258008826524
5215,130065,1,0,2.7170260436832905
5216,130066,1,0,2.704773040022701
5217,130067,1,0,2.722265024203807
5218,130068,1,1,2.720983000472188
5219,130069,1,0,2.716624003369361
5220,130070,1,0,2.706094994209707
5221,130071,1,0,2.715462993364781
5222,130072,1,0,2.7137500001117587
5223,130073,1,0,2.7180679608136415
5224,130074,1,0,2.691978996153921
5225,130075,1,0,2.708489017095417
5226,130076,1,0,2.7126779896207154
5227,130077,1,0,2.7088309871032834
5228,130078,1,0,2.6903270045295358
5229,130079,1,0,2.7109849615953863
5230,130080,1,0,2.722736040595919
5231,130081,1,0,2.705975028220564
5232,130082,1,0,2.7218040195293725
5233,130083,1,0,2.717986993957311
5234,130084,1,0,2.718557952903211
5235,130085,1,1,2.751449996139854
5236,130086,1,0,2.8341729776002467
5237,130087,1,0,2.735238987952471
5238,130088,1,0,2.726282982621342
5239,130089,1,0,2.7878870023414493
5240,130090,1,0,2.7476020040921867
5241,130091,1,0,2.7346389833837748
5242,130092,1,0,2.746200014371425
5243,130093,1,0,2.7165039791725576
5244,130094,1,0,2.7086909976787865
5245,130095,1,0,2.698010008316487
5246,130096,1,0,2.715582959353924
5247,130097,1,0,2.716515038628131
5248,130098,1,0,2.7158840093761683
5249,130099,1,0,2.699523000046611
5250,130100,1,0,2.7165450155735016
5251,130101,1,0,2.7128479559905827
5252,130102,1,1,2.7059150161221623
5253,130103,1,0,2.7095620171166956
5254,130104,1,0,2.7120260056108236
5255,130105,1,0,2.711885957978666
5256,130106,1,0,2.702748985029757
5257,130107,1,0,2.721464028581977
5258,130108,1,0,2.7224660152569413
5259,130109,1,0,2.745578996837139
5260,130110,1,0,2.7360309613868594
5261,130111,1,0,2.713839989155531
5262,130112,1,0,2.7244099765084684
5263,130113,1,0,2.846224990207702
5264,130114,1,0,2.7122670435346663
5265,130115,1,0,2.6963879936374724
5266,130116,1,0,2.7104030014015734
5267,130117,1,0,2.7140199672430754
5268,130118,1,0,2.70219799131155
5269,130119,1,1,2.69168900558725
5270,130120,1,0,2.717425988521427
5271,130121,1,0,2.714100992307067
5272,130122,1,0,2.707417996134609
5273,130123,1,0,2.7030690107494593
5274,130124,1,0,2.7182679623365402
5275,130125,1,0,2.7185080107301474
5276,130126,1,0,2.7025790186598897
5277,130127,1,0,2.709091000724584
5278,130128,1,0,2.720602962654084
5279,130129,1,0,2.7168060187250376
5280,130130,1,0,2.7057549450546503
5281,130131,1,0,2.705824968870729
5282,130132,1,0,2.7129080262966454
5283,130133,1,0,2.713518973905593
5284,130134,1,0,2.6931609609164298
5285,130135,1,0,2.7300689835101366
5286,130136,1,1,2.723296987824142
5287,130137,1,0,2.7313820319250226
5288,130138,1,0,2.698400989174843
5289,130139,1,0,2.839943044818938
5290,130140,1,0,2.7152320253662765
5291,130141,1,0,2.7222349890507758
5292,130142,1,0,2.7038309490308166
5293,130143,1,0,2.6987220044247806
5294,130144,1,0,2.7443760191090405
5295,130145,1,0,2.7180679608136415
5296,130146,1,0,2.6983210118487477
5297,130147,1,0,2.7084199828095734
5298,130148,1,0,2.7201719931326807
5299,130149,1,0,2.7119559817947447
5300,130150,1,0,2.7068369672633708
5301,130151,1,0,2.7067160117439926
5302,130152,1,0,2.7167749940417707
5303,130153,1,1,2.712788002099842
5304,130154,1,0,2.7040119748562574
5305,130155,1,0,2.7258420013822615
5306,130156,1,0,2.715902985073626
5307,130157,1,0,2.7204719954170287
5308,130158,1,0,2.7032099897041917
5309,130159,1,0,2.7211129781790078
5310,130160,1,0,2.726161968894303
5311,130161,1,0,2.7090110233984888
5312,130162,1,0,2.6979700196534395
5313,130163,1,0,2.73142202058807
5314,130164,1,0,2.729098021518439
5315,130165,1,0,2.7178070158697665
5316,130166,1,0,2.8303760336712003
5317,130167,1,0,2.729077998083085
5318,130168,1,0,2.7297090273350477
5319,130169,1,0,2.7405890286900103
5320,130170,1,1,2.7081489679403603
5321,130171,1,0,2.7348879957571626
5322,130172,1,0,2.7521909796632826
5323,130173,1,0,2.775344008114189
5324,130174,1,0,2.736291033215821
5325,130175,1,0,2.7170160319656134
5326,130176,1,0,2.712135959882289
5327,130177,1,0,2.72189499810338
5328,130178,1,0,2.722044999245554
5329,130179,1,0,2.702177967876196
5330,130180,1,0,2.7076179976575077
5331,130181,1,0,2.713218971621245
5332,130182,1,0,2.7555979904718697
5333,130183,1,0,2.6975100045092404
5334,130184,1,0,2.7613879647105932
5335,130185,1,0,2.721114025916904
5336,130186,1,0,2.7160340105183423
5337,130187,1,1,2.6977300294674933
5338,130188,1,0,2.7134990086779
5339,130189,1,0,2.7794709894806147
5340,130190,1,0,2.7064759633503854
5341,130191,1,0,2.791512990370393
5342,130192,1,0,2.833321050275117
5343,130193,1,0,2.719220006838441
5344,130194,1,0,2.737303962931037
5345,130195,1,0,2.728126011788845
5346,130196,1,0,2.7044430025853217
5347,130197,1,0,2.719921001698822
5348,130198,1,0,2.714289992582053
5349,130199,1,0,2.715582959353924
5350,130200,1,0,2.7017570100724697
5351,130201,1,0,2.7185590006411076
5352,130202,1,0,2.7297490159980953
5353,130203,1,0,2.727115002926439
5354,130204,1,1,2.704442013055086
5355,130205,1,0,2.718487987294793
5356,130206,1,0,2.7235879679210484
5357,130207,1,0,2.74493801407516
5358,130208,1,0,2.7113950345665216
5359,130209,1,0,2.726513019297272
5360,130210,1,0,2.7275349711999297
5361,130211,1,0,2.7299700304865837
5362,130212,1,0,2.705122984480113
5363,130213,1,0,2.7242189971730113
5364,130214,1,0,2.712006971705705
5365,130215,1,0,2.715854032430798
5366,130216,1,0,2.7035509701818228
5367,130217,1,0,2.7260330389253795
5368,130218,1,0,2.728035964537412
5369,130219,1,0,2.8439509915187955
5370,130220,1,0,2.716084010899067
5371,130221,1,1,2.723526966292411
5372,130222,1,0,2.734977984800935
5373,130223,1,0,2.725501952227205
5374,130224,1,0,2.717637049499899
5375,130225,1,0,2.722376026213169
5376,130226,1,0,2.727175015024841
5377,130227,1,0,2.725080994423479
5378,130228,1,0,2.712156972847879
5379,130229,1,0,2.7144309715367854
5380,130230,1,0,2.719700976740569
5381,130231,1,0,2.7135289856232703
5382,130232,1,0,2.709030988626182
5383,130233,1,0,2.7090010116808116
5384,130234,1,0,2.709502005018294
5385,130235,1,0,2.7133679832331836
5386,130236,1,0,2.7008759789168835
5387,130237,1,0,2.7561179595068097
5388,130238,1,1,2.7160439640283585
5389,130239,1,0,2.7206329978071153
5390,130240,1,0,2.70734797231853
5391,130241,1,0,2.7108349604532123
5392,130242,1,0,2.7165550272911787
5393,130243,1,0,2.7070670039393008
5394,130244,1,0,2.694975002668798
5395,130245,1,0,2.833300968632102
5396,130246,1,0,2.7123669860884547
5397,130247,1,0,2.712537010665983
5398,130248,1,0,2.7085900073871017
5399,130249,1,0,2.7086400077678263
5400,130250,1,0,2.715383016038686
5401,130251,1,0,2.71295802667737
5402,130252,1,0,2.703379956074059
5403,130253,1,0,2.7181479963473976
5404,130254,1,0,2.715031965635717
5405,130255,1,0,2.7131689712405205
5406,130256,1,1,2.703490958083421
5407,130257,1,0,2.7156330179423094
5408,130258,1,0,2.71553301718086
5409,130259,1,0,2.7285870164632797
5410,130260,1,0,2.710843982640654
5411,130261,1,0,2.855002006981522
5412,130262,1,0,2.7104229666292667
5413,130263,1,0,2.7144699706695974
5414,130264,1,0,2.706286031752825
5415,130265,1,0,2.719299984164536
5416,130266,1,0,2.725961967371404
5417,130267,1,0,2.7581919566728175
5418,130268,1,0,2.7415609802119434
5419,130269,1,0,2.7349489973858
5420,130270,1,0,2.7441249694675207
5421,130271,1,0,2.751169027760625
5422,130272,1,0,2.854981052223593
5423,130273,1,1,2.7401280240155756
5424,130274,1,0,2.759294002316892
5425,130275,1,0,2.728185965679586
5426,130276,1,0,2.714861009735614
5427,130277,1,0,2.69964401377365
5428,130278,1,0,2.704442013055086
5429,130279,1,0,2.7191690169274807
5430,130280,1,0,2.7217050082981586
5431,130281,1,0,2.7096419944427907
5432,130282,1,0,2.7066960465162992
5433,130283,1,0,2.7227060054428875
5434,130284,1,0,2.81701103085652
5435,130285,1,0,2.7185690123587847
5436,130286,1,0,2.6998340035788715
5437,130287,1,0,2.7269640122540295
5438,130288,1,0,2.7277860208414495
5439,130289,1,0,2.7193300193175673
5440,130290,1,1,2.6978999958373606
5441,130291,1,0,2.7061860309913754
5442,130292,1,0,2.7154230047017336
5443,130293,1,0,2.711937006097287
5444,130294,1,0,2.7035310049541295
5445,130295,1,0,2.7501069707795978
5446,130296,1,0,2.728055987972766
5447,130297,1,0,2.714070025831461
5448,130298,1,0,2.8269090107642114
5449,130299,1,0,2.7170860557816923
5450,130300,1,0,2.7165449573658407
5451,130301,1,0,2.7152420370839536
5452,130302,1,0,2.6957160443998873
5453,130303,1,0,2.7199910255149007
5454,130304,1,0,2.729719039052725
5455,130305,1,0,2.7203820063732564
5456,130306,1,0,2.700225042644888
5457,130307,1,1,2.751319028902799
5458,130308,1,0,2.7219849871471524
5459,130309,1,0,2.723707992117852
5460,130310,1,0,2.702850033529103
5461,130311,1,0,2.727634971961379
5462,130312,1,0,2.7188390376977623
5463,130313,1,0,2.719389973208308
5464,130314,1,0,2.703891950659454
5465,130315,1,0,2.7150819660164416
5466,130316,1,0,2.7301600202918053
5467,130317,1,0,2.720421995036304
5468,130318,1,0,2.7019980479963124
5469,130319,1,0,2.7184690115973353
5470,130320,1,0,2.7271040016785264
5471,130321,1,0,2.7217550086788833
5472,130322,1,0,2.70677701337263
5473,130323,1,0,2.721283002756536
5474,130324,1,1,2.7212940040044487
5475,130325,1,0,2.8451739926822484
5476,130326,1,0,2.72148399380967
5477,130327,1,0,2.7132589602842927
5478,130328,1,0,2.721473982091993
5479,130329,1,0,2.724049030803144
5480,130330,1,0,2.708550018724054
5481,130331,1,0,2.7091510128229856
5482,130332,1,0,2.7149009983986616
5483,130333,1,0,2.7055449900217354
5484,130334,1,0,2.7067469782195985
5485,130335,1,0,2.717766968999058
5486,130336,1,0,2.7227170066908
5487,130337,1,0,2.708740998059511
5488,130338,1,0,2.692250011023134
5489,130339,1,0,2.711114997509867
5490,130340,1,0,2.716384013183415
5491,130341,1,1,2.7133789844810963
5492,130342,1,0,2.6995029766112566
5493,130343,1,0,2.717767027206719
5494,130344,1,0,2.715373004321009
5495,130345,1,0,2.704553015064448
5496,130346,1,0,2.697658957913518
5497,130347,1,0,2.71489197621122
5498,130348,1,0,2.7204619836993515
5499,130349,1,0,2.7034609811380506
5500,130350,1,0,2.7039109845645726
5501,130351,1,0,2.839381981175393
5502,130352,1,0,2.718407951761037
5503,130353,1,0,2.725461032241583
5504,130354,1,0,2.7022690046578646
5505,130355,1,0,2.7185080107301474
5506,130356,1,0,2.7139399899169803
5507,130357,1,0,2.7227660175412893
5508,130358,1,1,2.7097120182588696
5509,130359,1,0,2.722815959714353
5510,130360,1,0,2.7148109511472285
5511,130361,1,0,2.7167859952896833
5512,130362,1,0,2.702819008845836
5513,130363,1,0,2.7173359994776547
5514,130364,1,0,2.72524100728333
5515,130365,1,0,2.7134990086779
5516,130366,1,0,2.7097620186395943
5517,130367,1,0,2.7109450311399996
5518,130368,1,0,2.7131279930472374
5519,130369,1,0,2.7093819808214903
5520,130370,1,0,2.7124369516968727
5521,130371,1,0,2.711765991989523
5522,130372,1,0,2.715341979637742
5523,130373,1,0,2.704482991248369
5524,130374,1,0,2.70572496810928
5525,130375,1,1,2.710232976824045
5526,130376,1,0,2.71950097521767
5527,130377,1,0,2.705104008782655
5528,130378,1,0,2.8589889989234507
5529,130379,1,0,2.724358986597508
5530,130380,1,0,2.723787969443947
5531,130381,1,0,2.7158529846929014
5532,130382,1,0,2.6975299697369337
5533,130383,1,0,2.7218940085731447
5534,130384,1,0,2.7084689936600626
5535,130385,1,0,2.7109840302728117
5536,130386,1,0,2.6946039870381355
5537,130387,1,0,2.714982023462653
5538,130388,1,0,2.716554969083518
5539,130389,1,0,2.711605979129672
5540,130390,1,0,2.707818988710642
5541,130391,1,0,2.712466986849904
5542,130392,1,1,2.7225760277360678
5543,130393,1,0,2.7047329931519926
5544,130394,1,0,2.7033709920942783
5545,130395,1,0,2.718268020544201
5546,130396,1,0,2.715351991355419
5547,130397,1,0,2.700505021493882
5548,130398,1,0,2.706717001274228
5549,130399,1,0,2.708961023017764
5550,130400,1,0,2.7088510105386376
5551,130401,1,0,2.692651003599167
5552,130402,1,0,2.7145009953528643
5553,130403,1,0,2.726553997490555
5554,130404,1,0,2.833702019415796
5555,130405,1,0,2.6942939730361104
5556,130406,1,0,2.7204019716009498
5557,130407,1,0,2.708329993765801
5558,130408,1,0,2.7113660471513867
5559,130409,1,1,2.6856070035137236
5560,130410,1,0,2.715101989451796
5561,130411,1,0,2.712135959882289
5562,130412,1,0,2.7090609655715525
5563,130413,1,0,2.698741969652474
5564,130414,1,0,2.7076080441474915
5565,130415,1,0,2.709480992052704
5566,130416,1,0,2.702819008845836
5567,130417,1,0,2.6998629909940064
5568,130418,1,0,2.7158139855600893
5569,130419,1,0,2.716794959269464
5570,130420,1,0,2.6995940133929253
5571,130421,1,0,2.704903017729521
5572,130422,1,0,2.7129080262966454
5573,130423,1,0,2.7044229791499674
5574,130424,1,0,2.710313012357801
5575,130425,1,0,2.7117760037072003
5576,130426,1,1,2.7384560089558363
5577,130427,1,0,2.718126983381808
5578,130428,1,0,2.7127480134367943
5579,130429,1,0,2.743845048826188
5580,130430,1,0,2.7182679623365402
5581,130431,1,0,2.8519959887489676
5582,130432,1,0,2.7229670085944235
5583,130433,1,0,2.7220650226809084
5584,130434,1,0,2.719149983022362
5585,130435,1,0,2.718429022934288
5586,130436,1,0,2.7188690146431327
5587,130437,1,0,2.7030189521610737
5588,130438,1,0,2.7218449977226555
5589,130439,1,0,2.7264939853921533
5590,130440,1,0,2.7259920025244355
5591,130441,1,0,2.7032900252379477
5592,130442,1,0,2.7240290073677897
5593,130443,1,1,2.7136289863847196
5594,130444,1,0,2.7181479963473976
5595,130445,1,0,2.7030190103687346
5596,130446,1,0,2.7149920351803303
5597,130447,1,0,2.720903023146093
5598,130448,1,0,2.723156998399645
5599,130449,1,0,2.7087299968115985
5600,130450,1,0,2.732925000600517
5601,130451,1,0,2.7144409832544625
5602,130452,1,0,2.7152629918418825
5603,130453,1,0,2.7025489835068583
5604,130454,1,0,2.7174860006198287
5605,130455,1,0,2.7212840504944324
5606,130456,1,0,2.7183779748156667
5607,130457,1,0,2.834091952536255
5608,130458,1,0,2.7094619581475854
5609,130459,1,0,2.720482007134706
5610,130460,1,1,2.7121269959025085
5611,130461,1,0,2.7210130356252193
5612,130462,1,0,2.7121069724671543
5613,130463,1,0,2.714771020691842
5614,130464,1,0,2.7044620364904404
5615,130465,1,0,2.700355020351708
5616,130466,1,0,2.7122669853270054
5617,130467,1,0,2.7918050182051957
5618,130468,1,0,2.732074004597962
5619,130469,1,0,2.731293032411486
5620,130470,1,0,2.778389025479555
5621,130471,1,0,2.7190790278837085
5622,130472,1,0,2.7279959758743644
5623,130473,1,0,2.7370930183678865
5624,130474,1,0,2.7394769713282585
5625,130475,1,0,2.7159539749845862
5626,130476,1,0,2.715132024604827
5627,130477,1,1,2.703129022847861
5628,130478,1,0,2.700253971852362
5629,130479,1,0,2.7143200277350843
5630,130480,1,0,2.7107640053145587
5631,130481,1,0,2.7150919777341187
5632,130482,1,0,2.7166049694642425
5633,130483,1,0,2.7214140282012522
5634,130484,1,0,2.8523270157165825
5635,130485,1,0,2.716986055020243
5636,130486,1,0,2.6994129875674844
5637,130487,1,0,2.7256220346316695
5638,130488,1,0,2.7231769636273384
5639,130489,1,0,2.7243299991823733
5640,130490,1,0,2.7139000012539327
5641,130491,1,0,2.717958006542176
5642,130492,1,0,2.7292980230413377
5643,130493,1,0,2.7196499868296087
5644,130494,1,1,2.7005859883502126
5645,130495,1,0,2.712437999434769
5646,130496,1,0,2.7271740254946053
5647,130497,1,0,2.79613200109452
5648,130498,1,0,2.723125973716378
5649,130499,1,0,2.713049005251378
5650,130500,1,0,2.7433749637566507
5651,130501,1,0,2.717356022913009
5652,130502,1,0,2.7061349828727543
5653,130503,1,0,2.7178670279681683
5654,130504,1,0,2.7322540408931673
5655,130505,1,0,2.7220650226809084
5656,130506,1,0,2.7082200394943357
5657,130507,1,0,2.712617046199739
5658,130508,1,0,2.7171560213901103
5659,130509,1,0,2.715854032430798
5660,130510,1,0,2.8202070388942957
5661,130511,1,1,2.708779997192323
5662,130512,1,0,2.7253410080447793
5663,130513,1,0,2.7213740395382047
5664,130514,1,0,2.7036810060963035
5665,130515,1,0,2.722195000387728
5666,130516,1,0,2.8062209603376687
5667,130517,1,0,2.732303983066231
5668,130518,1,0,2.724338963162154
5669,130519,1,0,2.7074780082330108
5670,130520,1,0,2.72441899869591
5671,130521,1,0,2.717206021770835
5672,130522,1,0,2.71823798539117
5673,130523,1,0,2.7032909565605223
5674,130524,1,0,2.719240030273795
5675,130525,1,0,2.714591973926872
5676,130526,1,0,2.7051340439356863
5677,130527,1,0,2.700835990253836
5678,130528,1,1,2.7254109736531973
5679,130529,1,0,2.7132679824717343
5680,130530,1,0,2.7123569743707776
5681,130531,1,0,2.706446044612676
5682,130532,1,0,2.711044973693788
5683,130533,1,0,2.7219349867664278
5684,130534,1,0,2.7133889961987734
5685,130535,1,0,2.7156739961355925
5686,130536,1,0,2.726303006056696
5687,130537,1,0,2.839792985469103
5688,130538,1,0,2.721614029724151
5689,130539,1,0,2.7012560167349875
5690,130540,1,0,2.7197899762541056
5691,130541,1,0,2.7295390027575195
5692,130542,1,0,2.720922988373786
5693,130543,1,0,2.732183027546853
5694,130544,1,0,2.7303299866616726
5695,130545,1,1,2.7250010170973837
5696,130546,1,0,2.7117260033264756
5697,130547,1,0,2.7075379621237516
5698,130548,1,0,2.7129180380143225
5699,130549,1,0,2.715312992222607
5700,130550,1,0,2.7159940218552947
5701,130551,1,0,2.699884003959596
5702,130552,1,0,2.7194099966436625
5703,130553,1,0,2.7129490044899285
5704,130554,1,0,2.7004549629054964
5705,130555,1,0,2.6937620132230222
5706,130556,1,0,2.710232976824045
5707,130557,1,0,2.712837012950331
5708,130558,1,0,2.7079490246251225
5709,130559,1,0,2.7029499760828912
5710,130560,1,0,2.71728599909693
5711,130561,1,0,2.7207229868508875
5712,130562,1,0,2.7167450170964003
5713,130563,1,1,2.906596986576915
5714,130564,1,0,2.7110950322821736
5715,130565,1,0,2.731753047555685
5716,130566,1,0,2.7163250488229096
5717,130567,1,0,2.702118013985455
5718,130568,1,0,2.7115150005556643
5719,130569,1,0,2.716585004236549
5720,130570,1,0,2.719198993872851
5721,130571,1,0,2.7139000012539327
5722,130572,1,0,2.721133001614362
5723,130573,1,0,2.7297489577904344
5724,130574,1,0,2.7135490090586245
5725,130575,1,0,2.7053439989686012
5726,130576,1,0,2.712326997425407
5727,130577,1,0,2.717947994824499
5728,130578,1,0,2.7047019684687257
5729,130579,1,0,2.7122569736093283
5730,130580,1,1,2.7216150192543864
5731,130581,1,0,2.710313012357801
5732,130582,1,0,2.7085799956694245
5733,130583,1,0,2.697219024412334
5734,130584,1,0,2.7170160319656134
5735,130585,1,0,2.7183479978702962
5736,130586,1,0,2.7797420043498278
5737,130587,1,0,2.706846978981048
5738,130588,1,0,2.719790965784341
5739,130589,1,0,2.7301899972371757
5740,130590,1,0,2.8404240147210658
5741,130591,1,0,2.707267994992435
5742,130592,1,0,2.712115994654596
5743,130593,1,0,2.717146009672433
5744,130594,1,0,2.7121269959025085
5745,130595,1,0,2.6990630431100726
5746,130596,1,0,2.7163540362380445
5747,130597,1,1,2.7135389973409474
5748,130598,1,0,2.7090709772892296
5749,130599,1,0,2.696428040508181
5750,130600,1,0,2.7129690279252827
5751,130601,1,0,2.711424953304231
5752,130602,1,0,2.707278006710112
5753,130603,1,0,2.701657998841256
5754,130604,1,0,2.7208630344830453
5755,130605,1,0,2.7201719931326807
5756,130606,1,0,2.7120859595015645
5757,130607,1,0,2.7015669620595872
5758,130608,1,0,2.7273950399830937
5759,130609,1,0,2.9409410199150443
5760,130610,1,0,2.7146009961143136
5761,130611,1,0,2.7034709928557277
5762,130612,1,0,2.7059450512751937
5763,130613,1,0,2.7164649800397456
5764,130614,1,1,2.713449008297175
5765,130615,1,0,2.7009359910152853
5766,130616,1,0,2.8244350105524063
5767,130617,1,0,2.7143199695274234
5768,130618,1,0,2.713798952754587
5769,130619,1,0,2.71308800438419
5770,130620,1,0,2.7190999826416373
5771,130621,1,0,2.715912996791303
5772,130622,1,0,2.7211129781790078
5773,130623,1,0,2.7094610268250108
5774,130624,1,0,2.726592996623367
5775,130625,1,0,2.7170359971933067
5776,130626,1,0,2.75072903605178
5777,130627,1,0,2.7109539951197803
5778,130628,1,0,2.7109849615953863
5779,130629,1,0,2.7135800337418914
5780,130630,1,0,2.720993012189865
5781,130631,1,1,2.704191952943802
5782,130632,1,0,2.718568022828549
5783,130633,1,0,2.7138599543832242
5784,130634,1,0,2.7275450411252677
5785,130635,1,0,2.7079989667981863
5786,130636,1,0,2.709512016735971
5787,130637,1,0,2.7212430140934885
5788,130638,1,0,2.7201009797863662
5789,130639,1,0,2.7080889558419585
5790,130640,1,0,2.718066971283406
5791,130641,1,0,2.724680001847446
5792,130642,1,0,2.7191600529477
5793,130643,1,0,2.845203038305044
5794,130644,1,0,2.7201109915040433
5795,130645,1,0,2.7268740232102573
5796,130646,1,0,2.72336695343256
5797,130647,1,0,2.7172359987162054
5798,130648,1,1,2.700244018342346
5799,130649,1,0,2.720693009905517
5800,130650,1,0,2.723648038227111
5801,130651,1,0,2.709882042836398
5802,130652,1,0,2.6971579645760357
5803,130653,1,0,2.7195599977858365
5804,130654,1,0,2.7083500172011554
5805,130655,1,0,2.7090610237792134
5806,130656,1,0,2.7485440368764102
5807,130657,1,0,2.741450967732817
5808,130658,1,0,2.727606042753905
5809,130659,1,0,2.7273849700577557
5810,130660,1,0,2.7049329946748912
5811,130661,1,0,2.71986098960042
5812,130662,1,0,2.7132980176247656
5813,130663,1,0,2.7228459948673844
5814,130664,1,0,2.703009988181293
5815,130665,1,1,2.7201619814150035
5816,130666,1,0,2.717215975280851
5817,130667,1,0,2.7210029656998813
5818,130668,1,0,2.697469957638532
5819,130669,1,0,2.833832986652851
5820,130670,1,0,2.720932010561228
5821,130671,1,0,2.7148519875481725
5822,130672,1,0,2.705104008782655
5823,130673,1,0,2.7212140266783535
5824,130674,1,0,2.726212958805263
5825,130675,1,0,2.7223050128668547
5826,130676,1,0,2.7092419913969934
5827,130677,1,0,2.719850977882743
5828,130678,1,0,2.7177470037713647
5829,130679,1,0,2.7396479854360223
5830,130680,1,0,2.707357984036207
5831,130681,1,0,2.717777038924396
5832,130682,1,1,2.708730986341834
5833,130683,1,0,2.7062949957326055
5834,130684,1,0,2.7017780230380595
5835,130685,1,0,2.724941004998982
5836,130686,1,0,2.715051989071071
5837,130687,1,0,2.7024580049328506
5838,130688,1,0,2.6911079767160118
5839,130689,1,0,2.7155530406162143
5840,130690,1,0,2.710532979108393
5841,130691,1,0,2.7921649743802845
5842,130692,1,0,2.700825978536159
5843,130693,1,0,2.7223360375501215
5844,130694,1,0,2.71525199059397
5845,130695,1,0,2.706946979742497
5846,130696,1,0,2.8322089929133654
5847,130697,1,0,2.718327974434942
5848,130698,1,0,2.715843031182885
5849,130699,1,1,2.7136699645780027
5850,130700,1,0,2.7192289708182216
5851,130701,1,0,2.7057949919253588
5852,130702,1,0,2.8161489753983915
5853,130703,1,0,2.7236579917371273
5854,130704,1,0,2.70044500939548
5855,130705,1,0,2.7026389725506306
5856,130706,1,0,2.717206021770835
5857,130707,1,0,2.7137399883940816
5858,130708,1,0,2.7431539492681623
5859,130709,1,0,2.7055440004915
5860,130710,1,0,2.7133890544064343
5861,130711,1,0,2.7143009938299656
5862,130712,1,0,2.7099630096927285
5863,130713,1,0,2.712457033339888
5864,130714,1,0,2.7138800360262394
5865,130715,1,0,2.714340982493013
5866,130716,1,1,2.7058650157414377
5867,130717,1,0,2.7243290096521378
5868,130718,1,0,2.7234480367042124
5869,130719,1,0,2.723878948017955
5870,130720,1,0,2.7101029991172254
5871,130721,1,0,2.7125669876113534
5872,130722,1,0,2.8363969759084284
5873,130723,1,0,2.7184179634787142
5874,130724,1,0,2.7301899972371757
5875,130725,1,0,2.7118059806525707
5876,130726,1,0,2.763191005215049
5877,130727,1,0,2.71566299488768
5878,130728,1,0,2.7146610082127154
5879,130729,1,0,2.6997739914804697
5880,130730,1,0,2.7217440074309707
5881,130731,1,0,2.7255909517407417
5882,130732,1,0,2.7064059977419674
5883,130733,1,1,2.7107640053145587
5884,130734,1,0,2.7105440385639668
5885,130735,1,0,2.7109039947390556
5886,130736,1,0,2.6999840047210455
5887,130737,1,0,2.714400994591415
5888,130738,1,0,2.7147920336574316
5889,130739,1,0,2.721694007050246
5890,130740,1,0,2.7029989869333804
5891,130741,1,0,2.7066160109825432
5892,130742,1,0,2.715843031182885
5893,130743,1,0,2.7164450148120522
5894,130744,1,0,2.703911974094808
5895,130745,1,0,2.716825983952731
5896,130746,1,0,2.7141899918206036
5897,130747,1,0,2.7211529668420553
5898,130748,1,0,2.7039319975301623
5899,130749,1,0,2.832599973771721
5900,130750,1,1,2.7138100122101605
5901,130751,1,0,2.7179879834875464
5902,130752,1,0,2.7068969793617725
5903,130753,1,0,2.7094919933006167
5904,130754,1,0,2.707637962885201
5905,130755,1,0,2.7217940078116953
5906,130756,1,0,2.7051029610447586
5907,130757,1,0,2.710292988922447
5908,130758,1,0,2.723497978877276
5909,130759,1,0,2.7010259800590575
5910,130760,1,0,2.6972899795509875
5911,130761,1,0,2.7120470185764134
5912,130762,1,0,2.715812996029854
5913,130763,1,0,2.7098929858766496
5914,130764,1,0,2.701236982829869
5915,130765,1,0,2.7274450403638184
5916,130766,1,0,2.72979901637882
5917,130767,1,1,2.7198910247534513
5918,130768,1,0,2.70449195522815
5919,130769,1,0,2.722735982388258
5920,130770,1,0,2.7450270135886967
5921,130771,1,0,2.7194200083613396
5922,130772,1,0,2.7036810060963035
5923,130773,1,0,2.70876003196463
5924,130774,1,0,2.7206820086576045
5925,130775,1,0,2.834123035427183
5926,130776,1,0,2.7024790178984404
5927,130777,1,0,2.703892008867115
5928,130778,1,0,2.718258008826524
5929,130779,1,0,2.719982003327459
5930,130780,1,0,2.7011969941668212
5931,130781,1,0,2.7231270214542747
5932,130782,1,0,2.713999943807721
5933,130783,1,0,2.715823007747531
5934,130784,1,1,2.703309990465641
5935,130785,1,0,2.717476978432387
5936,130786,1,0,2.7081090374849737
5937,130787,1,0,2.7086599729955196
5938,130788,1,0,2.6984610012732446
5939,130789,1,0,2.7166249928995967
5940,130790,1,0,2.7409399626776576
5941,130791,1,0,2.733205968979746
5942,130792,1,0,2.6970389881171286
5943,130793,1,0,2.720421995036304
5944,130794,1,0,2.7060649590566754
5945,130795,1,0,2.7014369843527675
5946,130796,1,0,2.712988993152976
5947,130797,1,0,2.7159639867022634
5948,130798,1,0,2.721244003623724
5949,130799,1,0,2.7728190179914236
5950,130800,1,0,2.7031300123780966
5951,130801,1,1,2.7140910387970507
5952,130802,1,0,2.8394419932737947
5953,130803,1,0,2.7189890388399363
5954,130804,1,0,2.702819008845836
5955,130805,1,0,2.7048439951613545
5956,130806,1,0,2.714990987442434
5957,130807,1,0,2.7152419788762927
5958,130808,1,0,2.706595987547189
5959,130809,1,0,2.7123569743707776
5960,130810,1,0,2.7152120019309223
5961,130811,1,0,2.723036042880267
5962,130812,1,0,2.7059350395575166
5963,130813,1,0,2.7202010387554765
5964,130814,1,0,2.72011203924194
5965,130815,1,0,2.710774017032236
5966,130816,1,0,2.6941930409520864
5967,130817,1,0,2.714630973059684
5968,130818,1,1,2.7137190336361527
5969,130819,1,0,2.7201409684494138
5970,130820,1,0,2.704692946281284
5971,130821,1,0,2.7265530079603195
5972,130822,1,0,2.7154519921168685
5973,130823,1,0,2.7179279713891447
5974,130824,1,0,2.707648032810539
5975,130825,1,0,2.7294489555060863
5976,130826,1,0,2.728136023506522
5977,130827,1,0,2.71295802667737
5978,130828,1,0,2.8293440118432045
5979,130829,1,0,2.709282038267702
5980,130830,1,0,2.724429010413587
5981,130831,1,0,2.7203310164622962
5982,130832,1,0,2.7043219888582826
5983,130833,1,0,2.713588997721672
5984,130834,1,0,2.722575969528407
5985,130835,1,1,2.7180779725313187
5986,130836,1,0,2.7264630189165473
5987,130837,1,0,2.7578509761951864
5988,130838,1,0,2.7238380280323327
5989,130839,1,0,2.72161397151649
5990,130840,1,0,2.706124971155077
5991,130841,1,0,2.7109039947390556
5992,130842,1,0,2.7253010193817317
5993,130843,1,0,2.7156330179423094
5994,130844,1,0,2.7063550078310072
5995,130845,1,0,2.7132179820910096
5996,130846,1,0,2.717557013966143
5997,130847,1,0,2.70780804567039
5998,130848,1,0,2.7056850376538932
5999,130849,1,0,2.718467963859439
6000,130850,1,0,2.719370007980615
6001,130851,1,0,2.7039619744755328
6002,130852,1,1,2.698421012610197
6003,130853,1,0,2.710773958824575
6004,130854,1,0,2.7105030021630228
6005,130855,1,0,2.8405149932950735
6006,130856,1,0,2.7114260010421276
6007,130857,1,0,2.7108939830213785
6008,130858,1,0,2.7240079944022
6009,130859,1,0,2.722575969528407
6010,130860,1,0,2.7066359762102365
6011,130861,1,0,2.717767027206719
6012,130862,1,0,2.7266329852864146
6013,130863,1,0,2.7316829655319452
6014,130864,1,0,2.6990220067091286
6015,130865,1,0,2.7166850049979985
6016,130866,1,0,2.7214540168642998
6017,130867,1,0,2.7146610082127154
6018,130868,1,0,2.7414810028858483
6019,130869,1,1,2.782877010758966
6020,130870,1,0,2.761929004918784
6021,130871,1,0,2.7185380458831787
6022,130872,1,0,2.7073179953731596
6023,130873,1,0,2.711254986934364
6024,130874,1,0,2.719198993872851
6025,130875,1,0,2.717757015489042
6026,130876,1,0,2.7069170027971268
6027,130877,1,0,2.705964958295226
6028,130878,1,0,2.714731963351369
6029,130879,1,0,2.7123770560137928
6030,130880,1,0,2.747402002569288
6031,130881,1,0,2.9525620047934353
6032,130882,1,0,2.7564779738895595
6033,130883,1,0,2.7236680034548044
6034,130884,1,0,2.7506480109877884
6035,130885,1,0,2.792835992295295
6036,130886,1,0,2.751558960881084
6037,130887,1,1,2.755357010755688
6038,130888,1,0,2.79492000117898
6039,130889,1,0,2.7595339925028384
6040,130890,1,0,2.7349790325388312
6041,130891,1,0,2.7115249540656805
6042,130892,1,0,2.743073971942067
6043,130893,1,0,2.7254819869995117
6044,130894,1,0,2.7297200285829604
6045,130895,1,0,2.7137089637108147
6046,130896,1,0,2.724189020227641
6047,130897,1,0,2.719230018556118
6048,130898,1,0,2.7412509662099183
6049,130899,1,0,2.701958001125604
6050,130900,1,0,2.7217849856242537
6051,130901,1,0,2.720421995036304
6052,130902,1,0,2.7125970227643847
6053,130903,1,0,2.6970779872499406
6054,130904,1,1,2.729578991420567
6055,130905,1,0,2.738495997618884
6056,130906,1,0,2.7180479955859482
6057,130907,1,0,2.703570993617177
6058,130908,1,0,2.834983984939754
6059,130909,1,0,2.7567800134420395
6060,130910,1,0,2.7169460081495345
6061,130911,1,0,2.7100230217911303
6062,130912,1,0,2.8119920170865953
6063,130913,1,0,2.7242489741183817
6064,130914,1,0,2.716415037866682
6065,130915,1,0,2.729519037529826
6066,130916,1,0,2.708679996430874
6067,130917,1,0,2.7159940218552947
6068,130918,1,0,2.719459997024387
6069,130919,1,0,2.7235280140303075
6070,130920,1,0,2.6978100067935884
6071,130921,1,1,2.7143509942106903
6072,130922,1,0,2.725310972891748
6073,130923,1,0,2.7102029998786747
6074,130924,1,0,2.701867022551596
6075,130925,1,0,2.722787030506879
6076,130926,1,0,2.718457952141762
6077,130927,1,0,2.7103640022687614
6078,130928,1,0,2.710934029892087
6079,130929,1,0,2.7213930152356625
6080,130930,1,0,2.7220750343985856
6081,130931,1,0,2.711826004087925
6082,130932,1,0,2.7376740472391248
6083,130933,1,0,2.720080956351012
6084,130934,1,0,2.8691680054180324
6085,130935,1,0,2.7895199600607157
6086,130936,1,0,2.7301899972371757
6087,130937,1,0,2.727526007220149
6088,130938,1,1,2.730269974563271
6089,130939,1,0,2.7368119917809963
6090,130940,1,0,2.716645016334951
6091,130941,1,0,2.716665039770305
6092,130942,1,0,2.7130289818160236
6093,130943,1,0,2.7236680034548044
6094,130944,1,0,2.71326897200197
6095,130945,1,0,2.7021580026485026
6096,130946,1,0,2.716565039008856
6097,130947,1,0,2.7142909821122885
6098,130948,1,0,2.7093220269307494
6099,130949,1,0,2.710633969400078
6100,130950,1,0,2.7222849894315004
6101,130951,1,0,2.7084399480372667
6102,130952,1,0,2.7062360313721
6103,130953,1,0,2.7118860161863267
6104,130954,1,0,2.7177269803360105
6105,130955,1,1,2.7172560221515596
6106,130956,1,0,2.711125009227544
6107,130957,1,0,2.713229041546583
6108,130958,1,0,2.8794370009563863
6109,130959,1,0,2.7250109706074
6110,130960,1,0,2.729429048486054
6111,130961,1,0,2.8329510241746902
6112,130962,1,0,2.701958001125604
6113,130963,1,0,2.717926981858909
6114,130964,1,0,2.719651034567505
6115,130965,1,0,2.7126980130560696
6116,130966,1,0,2.711755980271846
6117,130967,1,0,2.7142410399392247
6118,130968,1,0,2.7102830354124308
6119,130969,1,0,2.7023489819839597
6120,130970,1,0,2.7206630329601467
6121,130971,1,0,2.7275350294075906
6122,130972,1,1,2.721384051255882
6123,130973,1,0,2.706145984120667
6124,130974,1,0,2.7173159760423005
6125,130975,1,0,2.708359039388597
6126,130976,1,0,2.713799010962248
6127,130977,1,0,2.715833019465208
6128,130978,1,0,2.7210330008529127
6129,130979,1,0,2.715933951549232
6130,130980,1,0,2.7015770319849253
6131,130981,1,0,2.698121010325849
6132,130982,1,0,2.7142809703946114
6133,130983,1,0,2.7153820265084505
6134,130984,1,0,2.729930041823536
6135,130985,1,0,2.6983610005117953
6136,130986,1,0,2.7120669838041067
6137,130987,1,0,2.857346029486507
6138,130988,1,0,2.7204620419070125
6139,130989,1,1,2.6932309847325087
6140,130990,1,0,2.7106039924547076
6141,130991,1,0,2.703921985812485
6142,130992,1,0,2.704543003346771
6143,130993,1,0,2.6905760169029236
6144,130994,1,0,2.7116260025650263
6145,130995,1,0,2.7178970049135387
6146,130996,1,0,2.708129002712667
6147,130997,1,0,2.693992981221527
6148,130998,1,0,2.7152120019309223
6149,130999,1,0,2.721553959418088
6150,131000,1,0,2.705464023165405
6151,131001,1,0,2.7057440020143986
6152,131002,1,0,2.7112249517813325
6153,131003,1,0,2.7037709951400757
6154,131004,1,0,2.6933420449495316
6155,131005,1,0,2.7658959734253585
6156,131006,1,1,2.71664495812729
6157,131007,1,0,2.7263829833827913
6158,131008,1,0,2.7177970041520894
6159,131009,1,0,2.7162039768882096
6160,131010,1,0,2.727325016167015
6161,131011,1,0,2.7239780174568295
6162,131012,1,0,2.7138199657201767
6163,131013,1,0,2.710483968257904
6164,131014,1,0,2.84090603236109
6165,131015,1,0,2.7213729918003082
6166,131016,1,0,2.7139800367876887
6167,131017,1,0,2.6903169928118587
6168,131018,1,0,2.716384013183415
6169,131019,1,0,2.7274549938738346
6170,131020,1,0,2.702047990169376
6171,131021,1,0,2.7015969972126186
6172,131022,1,0,2.7108549838885665
6173,131023,1,1,2.706526021938771
6174,131024,1,0,2.7101629530079663
6175,131025,1,0,2.698571013752371
6176,131026,1,0,2.710553992073983
6177,131027,1,0,2.7135289856232703
6178,131028,1,0,2.74172198260203
6179,131029,1,0,2.714731963351369
6180,131030,1,0,2.7222350472584367
6181,131031,1,0,2.708309970330447
6182,131032,1,0,2.706455998122692
6183,131033,1,0,2.705093997064978
6184,131034,1,0,2.7557180146686733
6185,131035,1,0,2.7226959937252104
6186,131036,1,0,2.706717001274228
6187,131037,1,0,2.745047037024051
6188,131038,1,0,2.7112350217066705
6189,131039,1,0,2.7077480335719883
6190,131040,1,1,2.831346995662898
6191,131041,1,0,2.6913079782389104
6192,131042,1,0,2.747312013525516
6193,131043,1,0,2.701186982449144
6194,131044,1,0,2.7013469953089952
6195,131045,1,0,2.691688947379589
6196,131046,1,0,2.7064660098403692
6197,131047,1,0,2.702808997128159
6198,131048,1,0,2.6975999935530126
6199,131049,1,0,2.7017570100724697
6200,131050,1,0,2.7045629685744643
6201,131051,1,0,2.7418219833634794
6202,131052,1,0,2.710543980356306
6203,131053,1,0,2.7046920149587095
6204,131054,1,0,2.715462993364781
6205,131055,1,0,2.704582002479583
6206,131056,1,0,2.6909169973805547
6207,131057,1,1,2.7036209939979017
6208,131058,1,0,2.7063960442319512
6209,131059,1,0,2.70811899099499
6210,131060,1,0,2.697549993172288
6211,131061,1,0,2.72068299818784
6212,131062,1,0,2.7219949988648295
6213,131063,1,0,2.7149819652549922
6214,131064,1,0,2.7015170198865235
6215,131065,1,0,2.7078689890913665
6216,131066,1,0,2.713209018111229
6217,131067,1,0,2.8439710149541497
6218,131068,1,0,2.6991720078513026
6219,131069,1,0,2.717868017498404
6220,131070,1,0,2.7182180201634765
6221,131071,1,0,2.7475919923745096
6222,131072,1,0,2.707017003558576
6223,131073,1,0,2.713829977437854
6224,131074,1,1,2.709241001866758
6225,131075,1,0,2.771086001303047
6226,131076,1,0,2.7046530158258975
6227,131077,1,0,2.716185001190752
6228,131078,1,0,2.712456975132227
6229,131079,1,0,2.710993983782828
6230,131080,1,0,2.7121860184706748
6231,131081,1,0,2.711986016947776
6232,131082,1,0,2.7145110070705414
6233,131083,1,0,2.7132280520163476
6234,131084,1,0,2.687110041733831
6235,131085,1,0,2.706867002416402
6236,131086,1,0,2.7038409607484937
6237,131087,1,0,2.6941740070469677
6238,131088,1,0,2.7104830369353294
6239,131089,1,0,2.711565000936389
6240,131090,1,0,2.710774017032236
6241,131091,1,1,2.6966180303134024
6242,131092,1,0,2.700013981666416
6243,131093,1,0,2.839652996044606
6244,131094,1,0,2.7144409832544625
6245,131095,1,0,2.7011859929189086
6246,131096,1,0,2.704903017729521
6247,131097,1,0,2.6992729981429875
6248,131098,1,0,2.705393999349326
6249,131099,1,0,2.6968579622916877
6250,131100,1,0,2.704121987335384
6251,131101,1,0,2.708288957364857
6252,131102,1,0,2.7123669860884547
6253,131103,1,0,2.7011559577658772
6254,131104,1,0,2.7119869482703507
6255,131105,1,0,2.714100992307067
6256,131106,1,0,2.702118013985455
6257,131107,1,0,2.6902059908024967
6258,131108,1,1,2.7170059620402753
6259,131109,1,0,2.713588997721672
6260,131110,1,0,2.7003540308214724
6261,131111,1,0,2.701285993680358
6262,131112,1,0,2.721024036873132
6263,131113,1,0,2.72441899869591
6264,131114,1,0,2.709752006921917
6265,131115,1,0,2.697209012694657
6266,131116,1,0,2.7117260033264756
6267,131117,1,0,2.7129590162076056
6268,131118,1,0,2.709180989768356
6269,131119,1,0,2.704582002479583
6270,131120,1,0,2.841817040462047
6271,131121,1,0,2.7195700095035136
6272,131122,1,0,2.71607399918139
6273,131123,1,0,2.711676002945751
6274,131124,1,0,2.719369949772954
6275,131125,1,1,2.7164339553564787
6276,131126,1,0,2.718387986533344
6277,131127,1,0,2.7060550055466592
6278,131128,1,0,2.7242490323260427
6279,131129,1,0,2.714560949243605
6280,131130,1,0,2.7198409661650658
6281,131131,1,0,2.7037919498980045
6282,131132,1,0,2.7240689960308373
6283,131133,1,0,2.7487349580042064
6284,131134,1,0,2.715443028137088
6285,131135,1,0,2.7092620148323476
6286,131136,1,0,2.723446988966316
6287,131137,1,0,2.723718003835529
6288,131138,1,0,2.721293014474213
6289,131139,1,0,2.71267700009048
6290,131140,1,0,2.725792001001537
6291,131141,1,0,2.7196009759791195
6292,131142,1,1,2.719309995882213
6293,131143,1,0,2.714661997742951
6294,131144,1,0,2.723306999541819
6295,131145,1,0,2.7260819915682077
6296,131146,1,0,2.847647003363818
6297,131147,1,0,2.7233569999225438
6298,131148,1,0,2.718467963859439
6299,131149,1,0,2.7227859827689826
6300,131150,1,0,2.718117961194366
6301,131151,1,0,2.7194700087420642
6302,131152,1,0,2.7189889806322753
6303,131153,1,0,2.731603046413511
6304,131154,1,0,2.718679024837911
6305,131155,1,0,2.7112350217066705
6306,131156,1,0,2.721623983234167
6307,131157,1,0,2.7253410080447793
6308,131158,1,0,2.7252609725110233
6309,131159,1,1,2.7144610066898167
6310,131160,1,0,2.709731983486563
6311,131161,1,0,2.7499059797264636
6312,131162,1,0,2.733916975557804
6313,131163,1,0,2.717046008910984
6314,131164,1,0,2.702888974454254
6315,131165,1,0,2.7233169530518353
6316,131166,1,0,2.7113250107504427
6317,131167,1,0,2.705473976675421
6318,131168,1,0,2.7745519764721394
6319,131169,1,0,2.7319930377416313
6320,131170,1,0,2.716795017477125
6321,131171,1,0,2.7049430063925683
6322,131172,1,0,2.699003031011671
6323,131173,1,0,2.832339028827846
6324,131174,1,0,2.721333992667496
6325,131175,1,0,2.721473982091993
6326,131176,1,1,2.7202320052310824
6327,131177,1,0,2.7243890217505395
6328,131178,1,0,2.730711014010012
6329,131179,1,0,2.7271939907222986
6330,131180,1,0,2.713588997721672
6331,131181,1,0,2.719188982155174
6332,131182,1,0,2.7296189800836146
6333,131183,1,0,2.7211530250497162
6334,131184,1,0,2.7128380024805665
6335,131185,1,0,2.7189490501768887
6336,131186,1,0,2.7109039947390556
6337,131187,1,0,2.7050129720009863
6338,131188,1,0,2.6941229589283466
6339,131189,1,0,2.7216639718972147
6340,131190,1,0,2.7252400177530944
6341,131191,1,0,2.7288279961794615
6342,131192,1,0,2.7121870080009103
6343,131193,1,0,2.730812004301697
6344,131194,1,1,2.7227469836361706
6345,131195,1,0,2.7125280466862023
6346,131196,1,0,2.6995730004273355
6347,131197,1,0,2.718449046369642
6348,131198,1,0,2.717055962421
6349,131199,1,0,2.835335035342723
6350,131200,1,0,2.7396969962865114
6351,131201,1,0,2.738484996370971
6352,131202,1,0,2.7169460081495345
6353,131203,1,0,2.7092010132037103
6354,131204,1,0,2.708459971472621
6355,131205,1,0,2.7131380047649145
6356,131206,1,0,2.7091610245406628
6357,131207,1,0,2.7242189971730113
6358,131208,1,0,2.719710988458246
6359,131209,1,0,2.7132389950565994
6360,131210,1,0,2.712938003242016
6361,131211,1,1,2.719159994740039
6362,131212,1,0,2.711704990360886
6363,131213,1,0,2.7085389592684805
6364,131214,1,0,2.708950953092426
6365,131215,1,0,2.711554989218712
6366,131216,1,0,2.7033909573219717
6367,131217,1,0,2.726853999774903
6368,131218,1,0,2.7104330365546048
6369,131219,1,0,2.724550024140626
6370,131220,1,0,2.701296005398035
6371,131221,1,0,2.7171060210093856
6372,131222,1,0,2.723857993260026
6373,131223,1,0,2.7277859626337886
6374,131224,1,0,2.7069569914601743
6375,131225,1,0,2.7255520108155906
6376,131226,1,0,2.873836026992649
6377,131227,1,0,2.7222359785810113
6378,131228,1,1,2.717857016250491
6379,131229,1,0,2.7153820265084505
6380,131230,1,0,2.7507080230861902
6381,131231,1,0,2.7566690114326775
6382,131232,1,0,2.723847981542349
6383,131233,1,0,2.702328027226031
6384,131234,1,0,2.7179369935765862
6385,131235,1,0,2.7304909890517592
6386,131236,1,0,2.7174059650860727
6387,131237,1,0,2.6988619938492775
6388,131238,1,0,2.7198409661650658
6389,131239,1,0,2.719310054089874
6390,131240,1,0,2.7193300193175673
6391,131241,1,0,2.7057650149799883
6392,131242,1,0,2.72307702107355
6393,131243,1,0,2.718007017392665
6394,131244,1,0,2.7135690324939787
6395,131245,1,1,2.706066006794572
6396,131246,1,0,2.7307409909553826
6397,131247,1,0,2.7172560221515596
6398,131248,1,0,2.716494956985116
6399,131249,1,0,2.7062050066888332
6400,131250,1,0,2.719650976359844
6401,131251,1,0,2.716635004617274
6402,131252,1,0,2.840123954229057
6403,131253,1,0,2.6989830075763166
6404,131254,1,0,2.7143199695274234
6405,131255,1,0,2.7396269724704325
6406,131256,1,0,2.750126994214952
6407,131257,1,0,2.7042620349675417
6408,131258,1,0,2.7127579669468105
6409,131259,1,0,2.721633994951844
6410,131260,1,0,2.796061977278441
6411,131261,1,0,2.7136389981023967
6412,131262,1,1,2.719641022849828
6413,131263,1,0,2.721193013712764
6414,131264,1,0,2.7202320052310824
6415,131265,1,0,2.7122459723614156
6416,131266,1,0,2.711996028665453
6417,131267,1,0,2.7235079905949533
6418,131268,1,0,2.7252809959463775
6419,131269,1,0,2.739237039349973
6420,131270,1,0,2.711334964260459
6421,131271,1,0,2.7257819892838597
6422,131272,1,0,2.7291180449537933
6423,131273,1,0,2.709091000724584
6424,131274,1,0,2.7155629941262305
6425,131275,1,0,2.726843988057226
6426,131276,1,0,2.730620966758579
6427,131277,1,0,2.709962020162493
6428,131278,1,0,2.713428984861821
6429,131279,1,1,2.8457650332711637
6430,131280,1,0,2.720651973504573
6431,131281,1,0,2.7165350038558245
6432,131282,1,0,2.6984409778378904
6433,131283,1,0,2.7129390509799123
6434,131284,1,0,2.7693730080500245
6435,131285,1,0,2.7185779763385653
6436,131286,1,0,2.7025580056943
6437,131287,1,0,2.716414979659021
6438,131288,1,0,2.722425968386233
6439,131289,1,0,2.708048967178911
6440,131290,1,0,2.69882200518623
6441,131291,1,0,2.717366034630686
6442,131292,1,0,2.7195310103707016
6443,131293,1,0,2.712407032959163
6444,131294,1,0,2.705383987631649
6445,131295,1,0,2.718819014262408
6446,131296,1,1,2.7184479986317456
6447,131297,1,0,2.7145009953528643
6448,131298,1,0,2.707807987462729
6449,131299,1,0,2.7201309567317367
6450,131300,1,0,2.7215639711357653
6451,131301,1,0,2.703870995901525
6452,131302,1,0,2.7069569914601743
6453,131303,1,0,2.7109950315207243
6454,131304,1,0,2.714811998885125
6455,131305,1,0,2.834684040863067
6456,131306,1,0,2.6994830113835633
6457,131307,1,0,2.755587047431618
6458,131308,1,0,2.7220150223001838
6459,131309,1,0,2.739015966653824
6460,131310,1,0,2.7021479909308255
6461,131311,1,0,2.7154229464940727
6462,131312,1,0,2.7207829989492893
6463,131313,1,1,2.7219949988648295
6464,131314,1,0,2.7006249874830246
6465,131315,1,0,2.715442969929427
6466,131316,1,0,2.722656005062163
6467,131317,1,0,2.71190598141402
6468,131318,1,0,2.7000439586117864
6469,131319,1,0,2.7139600133523345
6470,131320,1,0,2.713808964472264
6471,131321,1,0,2.7194099966436625
6472,131322,1,0,2.7107440400868654
6473,131323,1,0,2.7144699706695974
6474,131324,1,0,2.710303000640124
6475,131325,1,0,2.7116150013171136
6476,131326,1,0,2.7019769768230617
6477,131327,1,0,2.7098129503428936
6478,131328,1,0,2.718118019402027
6479,131329,1,0,2.715262002311647
6480,131330,1,1,2.9487249557860196
6481,131331,1,0,2.7098929858766496
6482,131332,1,0,2.8442720067687333
6483,131333,1,0,2.7232569991610944
6484,131334,1,0,2.712007029913366
6485,131335,1,0,2.708379994146526
6486,131336,1,0,2.7206629747524858
6487,131337,1,0,2.7188389794901013
6488,131338,1,0,2.7200719923712313
6489,131339,1,0,2.70798901328817
6490,131340,1,0,2.7139500016346574
6491,131341,1,0,2.7125980122946203
6492,131342,1,0,2.7183080092072487
6493,131343,1,0,2.7125480119138956
6494,131344,1,0,2.722014964092523
6495,131345,1,0,2.719590032938868
6496,131346,1,0,2.7112450334243476
6497,131347,1,1,2.7101619634777308
6498,131348,1,0,2.7284169918857515
6499,131349,1,0,2.728837018366903
6500,131350,1,0,2.734827983658761
6501,131351,1,0,2.7288979617878795
6502,131352,1,0,2.8001400060020387
6503,131353,1,0,2.7583320043049753
6504,131354,1,0,2.760046045295894
6505,131355,1,0,2.728036022745073
6506,131356,1,0,2.7194999856874347
6507,131357,1,0,2.7196109876967967
6508,131358,1,0,2.859921019989997
6509,131359,1,0,2.7273049927316606
6510,131360,1,0,2.7112449752166867
6511,131361,1,0,2.724638965446502
6512,131362,1,0,2.7244200464338064
6513,131363,1,0,2.723968995269388
6514,131364,1,1,2.7062250301241875
6515,131365,1,0,2.7212330023758113
6516,131366,1,0,2.7179879834875464
6517,131367,1,0,2.726742997765541
6518,131368,1,0,2.704883983824402
6519,131369,1,0,2.727976010646671
6520,131370,1,0,2.7204719954170287
6521,131371,1,0,2.728195977397263
6522,131372,1,0,2.7033010264858603
6523,131373,1,0,2.7314319740980864
6524,131374,1,0,2.7353590121492743
6525,131375,1,0,2.727986022364348
6526,131376,1,0,2.712668036110699
6527,131377,1,0,2.733144967351109
6528,131378,1,0,2.7310510049574077
6529,131379,1,0,2.7207829989492893
6530,131380,1,0,2.7041819994337857
6531,131381,1,1,2.7253819862380624
6532,131382,1,0,2.7231770218349993
6533,131383,1,0,2.731813001446426
6534,131384,1,0,2.703139965888113
6535,131385,1,0,2.8438110020942986
6536,131386,1,0,2.7176570147275925
6537,131387,1,0,2.7201409684494138
6538,131388,1,0,2.722175035160035
6539,131389,1,0,2.7125870110467076
6540,131390,1,0,2.724328951444477
6541,131391,1,0,2.7252809959463775
6542,131392,1,0,2.7158840093761683
6543,131393,1,0,2.7188690146431327
6544,131394,1,0,2.717917028348893
6545,131395,1,0,2.731241984292865
6546,131396,1,0,2.7132490067742765
6547,131397,1,0,2.7171759866178036
6548,131398,1,1,2.710463013499975
6549,131399,1,0,2.7235480374656618
6550,131400,1,0,2.7536029811017215
6551,131401,1,0,2.7162039768882096
6552,131402,1,0,2.7158629964105785
6553,131403,1,0,2.7201109915040433
6554,131404,1,0,2.7097919955849648
6555,131405,1,0,2.7128580259159207
6556,131406,1,0,2.7168060187250376
6557,131407,1,0,2.7193300193175673
6558,131408,1,0,2.7213540161028504
6559,131409,1,0,2.714460948482156
6560,131410,1,0,2.71607399918139
6561,131411,1,0,2.8404240147210658
6562,131412,1,0,2.7228459948673844
6563,131413,1,0,2.6983809657394886
6564,131414,1,0,2.7164139901287854
6565,131415,1,1,2.7171149849891663
6566,131416,1,0,2.7076079859398305
6567,131417,1,0,2.702529018279165
6568,131418,1,0,2.7134089614264667
6569,131419,1,0,2.7254209853708744
6570,131420,1,0,2.7155429706908762
6571,131421,1,0,2.7079589781351388
6572,131422,1,0,2.7254209853708744
6573,131423,1,0,2.8437500004656613
6574,131424,1,0,2.7328249998390675
6575,131425,1,0,2.71272799000144
6576,131426,1,0,2.7176670264452696
6577,131427,1,0,2.7273850282654166
6578,131428,1,0,2.7210930129513144
6579,131429,1,0,2.7119560400024056
6580,131430,1,0,2.720753022003919
6581,131431,1,0,2.7288079727441072
6582,131432,1,1,2.7309510041959584
6583,131433,1,0,2.7210330008529127
6584,131434,1,0,2.710313012357801
6585,131435,1,0,2.717536990530789
6586,131436,1,0,2.718117961194366
6587,131437,1,0,2.6988120516762137
6588,131438,1,0,2.8273710049688816
6589,131439,1,0,2.7261420036666095
6590,131440,1,0,2.7298600180074573
6591,131441,1,0,2.7226160163991153
6592,131442,1,0,2.7156529831700027
6593,131443,1,0,2.719791023992002
6594,131444,1,0,2.725591999478638
6595,131445,1,0,2.709721971768886
6596,131446,1,0,2.7124269981868565
6597,131447,1,0,2.7128979563713074
6598,131448,1,0,2.7265839744359255
6599,131449,1,1,2.7125970227643847
6600,131450,1,0,2.70793802337721
6601,131451,1,0,2.717196010053158
6602,131452,1,0,2.7151519898325205
6603,131453,1,0,2.719481009989977
6604,131454,1,0,2.7210029656998813
6605,131455,1,0,2.716264978516847
6606,131456,1,0,2.7241180068813264
6607,131457,1,0,2.7182880439795554
6608,131458,1,0,2.718969015404582
6609,131459,1,0,2.7262219809927046
6610,131460,1,0,2.727976010646671
6611,131461,1,0,2.7189889806322753
6612,131462,1,0,2.71944998530671
6613,131463,1,0,2.71473202155903
6614,131464,1,0,2.848429954610765
6615,131465,1,0,2.7216639718972147
6616,131466,1,1,2.6977500529028475
6617,131467,1,0,2.7201109915040433
6618,131468,1,0,2.7223050128668547
6619,131469,1,0,2.719669952057302
6620,131470,1,0,2.7068969793617725
6621,131471,1,0,2.718637988436967
6622,131472,1,0,2.7226260281167924
6623,131473,1,0,2.711765991989523
6624,131474,1,0,2.7076390106230974
6625,131475,1,0,2.719921001698822
6626,131476,1,0,2.7206719969399273
6627,131477,1,0,2.7096320409327745
6628,131478,1,0,2.707979001570493
6629,131479,1,0,2.7218940085731447
6630,131480,1,0,2.7215839945711195
6631,131481,1,0,2.7099630096927285
6632,131482,1,0,2.709091000724584
6633,131483,1,1,2.7173359994776547
6634,131484,1,0,2.7147019864059985
6635,131485,1,0,2.7102029998786747
6636,131486,1,0,2.706446044612676
6637,131487,1,0,2.7279960340820253
6638,131488,1,0,2.7261829818598926
6639,131489,1,0,2.7205320075154305
6640,131490,1,0,2.71097500808537
6641,131491,1,0,2.846454968675971
6642,131492,1,0,2.73574999300763
6643,131493,1,0,2.72189499810338
6644,131494,1,0,2.692470035981387
6645,131495,1,0,2.7229960542172194
6646,131496,1,0,2.7477029943838716
6647,131497,1,0,2.713018038775772
6648,131498,1,0,2.6972689665853977
6649,131499,1,0,2.7241689967922866
6650,131500,1,1,2.714240981731564
6651,131501,1,0,2.718979027122259
6652,131502,1,0,2.695726987440139
6653,131503,1,0,2.717818017117679
6654,131504,1,0,2.719509997405112
6655,131505,1,0,2.7106039924547076
6656,131506,1,0,2.6978300302289426
6657,131507,1,0,2.7283969684503973
6658,131508,1,0,2.722585981246084
6659,131509,1,0,2.70871096290648
6660,131510,1,0,2.704131999053061
6661,131511,1,0,2.714310016017407
6662,131512,1,0,2.720511984080076
6663,131513,1,0,2.709961961954832
6664,131514,1,0,2.709431981202215
6665,131515,1,0,2.724199031945318
6666,131516,1,0,2.8156390180811286
6667,131517,1,0,2.8448020457290113
6668,131518,1,1,2.712386951316148
6669,131519,1,0,2.7110340306535363
6670,131520,1,0,2.719220006838441
6671,131521,1,0,2.714540984015912
6672,131522,1,0,2.722756005823612
6673,131523,1,0,2.709913009312004
6674,131524,1,0,2.721864962950349
6675,131525,1,0,2.719159994740039
6676,131526,1,0,2.709091000724584
6677,131527,1,0,2.7132389950565994
6678,131528,1,0,2.7275459724478424
6679,131529,1,0,2.7220550109632313
6680,131530,1,0,2.7227760292589664
6681,131531,1,0,2.7160540339536965
6682,131532,1,0,2.725161029957235
6683,131533,1,0,2.742513024713844
6684,131534,1,0,2.7151319663971663
6685,131535,1,1,2.7125169872306287
6686,131536,1,0,2.727755985688418
6687,131537,1,0,2.7141700265929103
6688,131538,1,0,2.7097719721496105
6689,131539,1,0,2.7482740115374327
6690,131540,1,0,2.7231270214542747
6691,131541,1,0,2.719801035709679
6692,131542,1,0,2.7121169841848314
6693,131543,1,0,2.7075879625044763
6694,131544,1,0,2.8438210138119757
6695,131545,1,0,2.7184979990124702
6696,131546,1,0,2.70958204055205
6697,131547,1,0,2.698982018046081
6698,131548,1,0,2.7213540161028504
6699,131549,1,0,2.7131889946758747
6700,131550,1,0,2.7070369687862694
6701,131551,1,0,2.697839983738959
6702,131552,1,1,2.718979027122259
6703,131553,1,0,2.7142410399392247
6704,131554,1,0,2.705243998207152
6705,131555,1,0,2.709030988626182
6706,131556,1,0,2.7151419781148434
6707,131557,1,0,2.726161968894303
6708,131558,1,0,2.7041409630328417
6709,131559,1,0,2.70974199520424
6710,131560,1,0,2.716164046432823
6711,131561,1,0,3.0299259815365076
6712,131562,1,0,2.7758050127886236
6713,131563,1,0,2.7588430093601346
6714,131564,1,0,2.709321037400514
6715,131565,1,0,2.71805701777339
6716,131566,1,0,2.7345080161467195
6717,131567,1,0,2.730840991716832
6718,131568,1,0,2.711686014663428
6719,131569,1,1,2.729428990278393
6720,131570,1,0,2.8648589504882693
6721,131571,1,0,2.717376046348363
6722,131572,1,0,2.713438996579498
6723,131573,1,0,2.716645016334951
6724,131574,1,0,2.720642019994557
6725,131575,1,0,2.7211630367673934
6726,131576,1,0,2.7090809890069067
6727,131577,1,0,2.707428007852286
6728,131578,1,0,2.7231770218349993
6729,131579,1,0,2.7243290096521378
6730,131580,1,0,2.7111750096082687
6731,131581,1,0,2.722756005823612
6732,131582,1,0,2.7305909898132086
6733,131583,1,0,2.7252809959463775
6734,131584,1,0,2.715112001169473
6735,131585,1,0,2.721875032875687
6736,131586,1,1,2.730350010097027
6737,131587,1,0,2.7311620069667697
6738,131588,1,0,2.7246499666944146
6739,131589,1,0,2.7403190033510327
6740,131590,1,0,2.7248900150880218
6741,131591,1,0,2.7364720008336008
6742,131592,1,0,2.719159994740039
6743,131593,1,0,2.7098730206489563
6744,131594,1,0,2.7263329830020666
6745,131595,1,0,2.730000007431954
6746,131596,1,0,2.724268997553736
6747,131597,1,0,2.842276997398585
6748,131598,1,0,2.7174459537491202
6749,131599,1,0,2.7258520130999386
6750,131600,1,0,2.7378039667382836
6751,131601,1,0,2.7190090040676296
6752,131602,1,0,2.7213030261918902
6753,131603,1,1,2.732975990511477
6754,131604,1,0,2.728045976255089
6755,131605,1,0,2.725139958783984
6756,131606,1,0,2.7089010109193623
6757,131607,1,0,2.743795979768038
6758,131608,1,0,2.7274650055915117
6759,131609,1,0,2.7818160015158355
6760,131610,1,0,2.7104440378025174
6761,131611,1,0,2.7227060054428875
6762,131612,1,0,2.7236080495640635
6763,131613,1,0,2.7240379713475704
6764,131614,1,0,2.708479994907975
6765,131615,1,0,2.725401020143181
6766,131616,1,0,2.7270939899608493
6767,131617,1,0,2.7078280108980834
6768,131618,1,0,2.7023080037906766
6769,131619,1,0,2.715902985073626
6770,131620,1,1,2.726432983763516
6771,131621,1,0,2.712226996663958
6772,131622,1,0,2.700535987969488
6773,131623,1,0,2.842158020939678
6774,131624,1,0,2.7275150059722364
6775,131625,1,0,2.72359699010849
6776,131626,1,0,2.7383650303818285
6777,131627,1,0,2.7185489889234304
6778,131628,1,0,2.732564986217767
6779,131629,1,0,2.7301799855194986
6780,131630,1,0,2.7083890163339674
6781,131631,1,0,2.714210015255958
6782,131632,1,0,2.80787399969995
6783,131633,1,0,2.722746052313596
6784,131634,1,0,2.7185389772057533
6785,131635,1,0,2.7051029610447586
6786,131636,1,0,2.7321039815433323
6787,131637,1,1,2.7175870491191745
6788,131638,1,0,2.713518973905593
6789,131639,1,0,2.7171450201421976
6790,131640,1,0,2.727554994635284
6791,131641,1,0,2.713049005251378
6792,131642,1,0,2.715532958973199
6793,131643,1,0,2.7126080240122974
6794,131644,1,0,2.7275849715806544
6795,131645,1,0,2.718487987294793
6796,131646,1,0,2.7023880393244326
6797,131647,1,0,2.715732960496098
6798,131648,1,0,2.721422992181033
6799,131649,1,0,2.7693830197677016
6800,131650,1,0,2.850482997018844
6801,131651,1,0,2.6990629849024117
6802,131652,1,0,2.7202920173294842
6803,131653,1,0,2.720201970078051
6804,131654,1,1,2.7207430102862418
6805,131655,1,0,2.710013010073453
6806,131656,1,0,2.7141309692524374
6807,131657,1,0,2.7221060008741915
6808,131658,1,0,2.7226959937252104
6809,131659,1,0,2.691338013391942
6810,131660,1,0,2.7370129828341305
6811,131661,1,0,2.7108440408483148
6812,131662,1,0,2.7337559731677175
6813,131663,1,0,2.70203803665936
6814,131664,1,0,2.7292880113236606
6815,131665,1,0,2.720602962654084
6816,131666,1,0,2.721623983234167
6817,131667,1,0,2.695876988582313
6818,131668,1,0,2.7193200075998902
6819,131669,1,0,2.715773996897042
6820,131670,1,0,2.729808969888836
6821,131671,1,1,2.6958970120176673
6822,131672,1,0,2.7247800026088953
6823,131673,1,0,2.726784034166485
6824,131674,1,0,2.7100929873995483
6825,131675,1,0,2.7024890296161175
6826,131676,1,0,2.8419269947335124
6827,131677,1,0,2.736010996159166
6828,131678,1,0,2.729980042204261
6829,131679,1,0,2.7065760223194957
6830,131680,1,0,2.7202519704587758
6831,131681,1,0,2.7302299859002233
6832,131682,1,0,2.7269439888186753
6833,131683,1,0,2.725700964219868
6834,131684,1,0,2.723947982303798
6835,131685,1,0,2.7157930308021605
6836,131686,1,0,2.7193500427529216
6837,131687,1,0,2.7124870102852583
6838,131688,1,1,2.733796020038426
6839,131689,1,0,2.716975985094905
6840,131690,1,0,2.713850000873208
6841,131691,1,0,2.7158340089954436
6842,131692,1,0,2.717035007663071
6843,131693,1,0,2.725822036154568
6844,131694,1,0,2.729719039052725
6845,131695,1,0,2.7076979749836028
6846,131696,1,0,2.714790985919535
6847,131697,1,0,2.7091509546153247
6848,131698,1,0,2.71046394482255
6849,131699,1,0,2.713699999731034
6850,131700,1,0,2.7210040134377778
6851,131701,1,0,2.7272249571979046
6852,131702,1,0,2.735810005106032
6853,131703,1,0,2.8347339830361307
6854,131704,1,0,2.716804970987141
6855,131705,1,1,2.7272450388409197
6856,131706,1,0,2.7248900150880218
6857,131707,1,0,2.7125070337206125
6858,131708,1,0,2.6957259979099035
6859,131709,1,0,2.722826029639691
6860,131710,1,0,2.71769700339064
6861,131711,1,0,2.7154319686815143
6862,131712,1,0,2.721833996474743
6863,131713,1,0,2.7376539655961096
6864,131714,1,0,2.7246400131843984
6865,131715,1,0,2.7289779973216355
6866,131716,1,0,2.703731006477028
6867,131717,1,0,2.7173960115760565
6868,131718,1,0,2.7256120229139924
6869,131719,1,0,2.7028900221921504
6870,131720,1,0,2.7023879811167717
6871,131721,1,0,2.7114450349472463
6872,131722,1,1,2.7155629941262305
6873,131723,1,0,2.70788895431906
6874,131724,1,0,2.705483988393098
6875,131725,1,0,2.8284830041229725
6876,131726,1,0,2.7306610136292875
6877,131727,1,0,2.718979027122259
6878,131728,1,0,2.7051339857280254
6879,131729,1,0,2.8435210115276277
6880,131730,1,0,2.719229960348457
6881,131731,1,0,2.725310972891748
6882,131732,1,0,2.7090710354968905
6883,131733,1,0,2.712176996283233
6884,131734,1,0,2.718969015404582
6885,131735,1,0,2.728537016082555
6886,131736,1,0,2.7111449744552374
6887,131737,1,0,2.7201019693166018
6888,131738,1,0,2.717847004532814
6889,131739,1,1,2.7339569642208517
6890,131740,1,0,2.7255620225332677
6891,131741,1,0,2.7161239995621145
6892,131742,1,0,2.7189090033061802
6893,131743,1,0,2.7306610136292875
6894,131744,1,0,2.71566299488768
6895,131745,1,0,2.7124269981868565
6896,131746,1,0,2.748753991909325
6897,131747,1,0,2.7182780322618783
6898,131748,1,0,2.7635610313154757
6899,131749,1,0,2.7048439951613545
6900,131750,1,0,2.715212991461158
6901,131751,1,0,2.718187985010445
6902,131752,1,0,2.729739004280418
6903,131753,1,0,2.7162940241396427
6904,131754,1,0,2.753684006165713
6905,131755,1,0,2.714811998885125
6906,131756,1,1,2.8400130104273558
6907,131757,1,0,2.6980999973602593
6908,131758,1,0,2.7259319904260337
6909,131759,1,0,2.7260620263405144
6910,131760,1,0,2.7178670279681683
6911,131761,1,0,2.7055650134570897
6912,131762,1,0,2.7201809571124613
6913,131763,1,0,2.723787969443947
6914,131764,1,0,2.7209629770368338
6915,131765,1,0,2.7075379621237516
6916,131766,1,0,2.7215939480811357
6917,131767,1,0,2.7143110055476427
6918,131768,1,0,2.707567997276783
6919,131769,1,0,2.702328027226031
6920,131770,1,0,2.720983000472188
6921,131771,1,0,2.7481630095280707
6922,131772,1,0,2.73160298820585
6923,131773,1,1,2.703089965507388
6924,131774,1,0,2.740168012678623
6925,131775,1,0,2.729578991420567
6926,131776,1,0,2.720122050959617
6927,131777,1,0,2.6933419867418706
6928,131778,1,0,2.718467963859439
6929,131779,1,0,2.7202509809285402
6930,131780,1,0,2.7148310327902436
6931,131781,1,0,2.696087001822889
6932,131782,1,0,2.83601600676775
6933,131783,1,0,2.736171009019017
6934,131784,1,0,2.7167349471710622
6935,131785,1,0,2.712738001719117
6936,131786,1,0,2.720021002460271
6937,131787,1,0,2.712257031816989
6938,131788,1,0,2.739126968663186
6939,131789,1,0,2.720642019994557
6940,131790,1,1,2.721534052398056
6941,131791,1,0,2.7133889961987734
6942,131792,1,0,2.7205930091440678
6943,131793,1,0,2.705744991544634
6944,131794,1,0,2.715593029279262
6945,131795,1,0,2.748945029452443
6946,131796,1,0,2.7187590021640062
6947,131797,1,0,2.7076289989054203
6948,131798,1,0,2.714410948101431
6949,131799,1,0,2.7176570147275925
6950,131800,1,0,2.7119569713249803
6951,131801,1,0,2.69225996453315
6952,131802,1,0,2.714571019168943
6953,131803,1,0,2.721164026297629
6954,131804,1,0,2.724769990891218
6955,131805,1,0,2.6951449690386653
6956,131806,1,0,2.70454294513911
6957,131807,1,1,2.7151230024173856
6958,131808,1,0,2.7252709842287004
6959,131809,1,0,2.8296840027906
6960,131810,1,0,2.711676002945751
6961,131811,1,0,2.728697960264981
6962,131812,1,0,2.7301099617034197
6963,131813,1,0,2.7068970375694335
6964,131814,1,0,2.714811998885125
6965,131815,1,0,2.715292968787253
6966,131816,1,0,2.724039019085467
6967,131817,1,0,2.7050430071540177
6968,131818,1,0,2.7142309700138867
6969,131819,1,0,2.7254410088062286
6970,131820,1,0,2.7399579994380474
6971,131821,1,0,2.7141100144945085
6972,131822,1,0,2.7182280318811536
6973,131823,1,0,2.7204619836993515
6974,131824,1,1,2.718407951761037
6975,131825,1,0,2.706025028601289
6976,131826,1,0,2.7097929851152003
6977,131827,1,0,2.7182979974895716
6978,131828,1,0,2.7231069980189204
6979,131829,1,0,2.707096980884671
6980,131830,1,0,2.7150920359417796
6981,131831,1,0,2.7235779562033713
6982,131832,1,0,2.7196810115128756
6983,131833,1,0,2.70894099958241
6984,131834,1,0,2.7177470037713647
6985,131835,1,0,2.847136987838894
6986,131836,1,0,2.7267939876765013
6987,131837,1,0,2.7179670287296176
6988,131838,1,0,2.7142309700138867
6989,131839,1,0,2.723748970311135
6990,131840,1,0,2.7333860052749515
6991,131841,1,0,2.7244800003245473
6992,131842,1,1,2.7085699839517474
6993,131843,1,0,2.72483000298962
6994,131844,1,0,2.7237479807808995
6995,131845,1,0,2.718187985010445
6996,131846,1,0,2.705184044316411
6997,131847,1,0,2.720792021136731
6998,131848,1,0,2.732154040131718
6999,131849,1,0,2.7144410414621234
7000,131850,1,0,2.704463026020676
7001,131851,1,0,2.713198948185891
7002,131852,1,0,2.717836992815137
7003,131853,1,0,2.708960964810103
7004,131854,1,0,2.7079179999418557
7005,131855,1,0,2.702397992834449
7006,131856,1,0,2.7279859641566873
7007,131857,1,0,2.7013460057787597
7008,131858,1,0,2.7257820474915206
7009,131859,1,1,2.7461089775897563
7010,131860,1,0,2.7199109899811447
7011,131861,1,0,2.710714004933834
7012,131862,1,0,2.8228209703229368
7013,131863,1,0,2.728436957113445
7014,131864,1,0,2.7220750343985856
7015,131865,1,0,2.7260019560344517
7016,131866,1,0,2.7004749863408506
7017,131867,1,0,2.738907001912594
7018,131868,1,0,2.7326950221322477
7019,131869,1,0,2.7503070305101573
7020,131870,1,0,2.731793967541307
7021,131871,1,0,2.7143710176460445
7022,131872,1,0,2.715923998039216
7023,131873,1,0,2.719950978644192
7024,131874,1,0,2.7120159938931465
7025,131875,1,0,2.7187279774807394
7026,131876,1,1,2.723989018704742
7027,131877,1,0,2.7197099989280105
7028,131878,1,0,2.6993330102413893
7029,131879,1,0,2.7177470037713647
7030,131880,1,0,2.7244800003245473
7031,131881,1,0,2.712616987992078
7032,131882,1,0,2.7021380374208093
7033,131883,1,0,2.721333992667496
7034,131884,1,0,2.7229669503867626
7035,131885,1,0,2.7117859572172165
7036,131886,1,0,2.691567991860211
7037,131887,1,0,2.709571970626712
7038,131888,1,0,2.843900991138071
7039,131889,1,0,2.708129002712667
7040,131890,1,0,2.7051540091633797
7041,131891,1,0,2.7090810472145677
7042,131892,1,0,2.7114260010421276
7043,131893,1,1,2.7074480312876403
7044,131894,1,0,2.7035109815187752
7045,131895,1,0,2.720482007134706
7046,131896,1,0,2.7120470185764134
7047,131897,1,0,2.7145310305058956
7048,131898,1,0,2.6988720055669546
7049,131899,1,0,2.7208219980821013
7050,131900,1,0,2.715523005463183
7051,131901,1,0,2.7121370076201856
7052,131902,1,0,2.7129279915243387
7053,131903,1,0,2.7134990086779
7054,131904,1,0,2.736973052378744
7055,131905,1,0,2.731934015173465
7056,131906,1,0,2.713359019253403
7057,131907,1,0,2.72521999431774
7058,131908,1,0,2.7283969684503973
7059,131909,1,0,2.714811998885125
7060,131910,1,1,2.70477298181504
7061,131911,1,0,2.826588985044509
7062,131912,1,0,2.757180016487837
7063,131913,1,0,2.721815020777285
7064,131914,1,0,2.7880569687113166
7065,131915,1,0,2.9712969553656876
7066,131916,1,0,2.749715989921242
7067,131917,1,0,2.732795022893697
7068,131918,1,0,2.72750505246222
7069,131919,1,0,2.735739981289953
7070,131920,1,0,2.7068870258517563
7071,131921,1,0,2.7414109790697694
7072,131922,1,0,2.753633016254753
7073,131923,1,0,2.7196400333195925
7074,131924,1,0,2.701076038647443
7075,131925,1,0,2.715382957831025
7076,131926,1,0,2.7505980106070638
7077,131927,1,1,2.7169149834662676
7078,131928,1,0,2.70500301849097
7079,131929,1,0,2.7227860409766436
7080,131930,1,0,2.7307309792377055
7081,131931,1,0,2.7275559841655195
7082,131932,1,0,2.711615990847349
7083,131933,1,0,2.7170359971933067
7084,131934,1,0,2.7233180007897317
7085,131935,1,0,2.7158629964105785
7086,131936,1,0,2.7052840450778604
7087,131937,1,0,2.7239079936407506
7088,131938,1,0,2.7269739657640457
7089,131939,1,0,2.723979006987065
7090,131940,1,0,2.704342012293637
7091,131941,1,0,2.8481989866122603
7092,131942,1,0,2.7100819861516356
7093,131943,1,0,2.7243089862167835
7094,131944,1,1,2.710714004933834
7095,131945,1,0,2.714742033276707
7096,131946,1,0,2.7125769993290305
7097,131947,1,0,2.7142909821122885
7098,131948,1,0,2.7134089614264667
7099,131949,1,0,2.721623983234167
7100,131950,1,0,2.7181280311197042
7101,131951,1,0,2.7401879779063165
7102,131952,1,0,2.730680978856981
7103,131953,1,0,2.7125769993290305
7104,131954,1,0,2.712226996663958
7105,131955,1,0,2.725101017858833
7106,131956,1,0,2.7086209738627076
7107,131957,1,0,2.715613052714616
7108,131958,1,0,2.7238180045969784
7109,131959,1,0,2.7311319718137383
7110,131960,1,0,2.7051240322180092
7111,131961,1,1,2.712668036110699
7112,131962,1,0,2.704282000195235
7113,131963,1,0,2.7142110047861934
7114,131964,1,0,2.698892029002309
7115,131965,1,0,2.717046008910984
7116,131966,1,0,2.7152830152772367
7117,131967,1,0,2.713449008297175
7118,131968,1,0,2.8276399825699627
7119,131969,1,0,2.7178270393051207
7120,131970,1,0,2.7108340291306376
7121,131971,1,0,2.718809002544731
7122,131972,1,0,2.7056250255554914
7123,131973,1,0,2.7140809688717127
7124,131974,1,0,2.7211240376345813
7125,131975,1,0,2.7249500271864235
7126,131976,1,0,2.706305996980518
7127,131977,1,0,2.705193997826427
7128,131978,1,1,2.723707992117852
7129,131979,1,0,2.7291589649394155
7130,131980,1,0,2.7097620186395943
7131,131981,1,0,2.7693630545400083
7132,131982,1,0,2.7155429706908762
7133,131983,1,0,2.715523005463183
7134,131984,1,0,2.710484026465565
7135,131985,1,0,2.7118760044686496
7136,131986,1,0,2.7268940466456115
7137,131987,1,0,2.7147309738211334
7138,131988,1,0,2.711264998652041
7139,131989,1,0,2.724108984693885
7140,131990,1,0,2.7184889768250287
7141,131991,1,0,2.7226159581914544
7142,131992,1,0,2.7075689868070185
7143,131993,1,0,2.7166050276719034
7144,131994,1,0,2.8331909561529756
7145,131995,1,1,2.735439979005605
7146,131996,1,0,2.7120059821754694
7147,131997,1,0,2.7098730206489563
7148,131998,1,0,2.7230859850533307
7149,131999,1,0,2.717496012337506
7150,132000,1,0,2.7098419959656894
7151,132001,1,0,2.715923998039216
7152,132002,1,0,2.7289879508316517
7153,132003,1,0,2.7192289708182216
7154,132004,1,0,2.7953609824180603
7155,132005,1,0,2.7065760223194957
7156,132006,1,0,2.7284270036034286
7157,132007,1,0,2.7115660486742854
7158,132008,1,0,2.710303000640124
7159,132009,1,0,2.7009660261683166
7160,132010,1,0,2.7160529862158
7161,132011,1,0,2.7107750065624714
7162,132012,1,1,2.7007259777747095
7163,132013,1,0,2.693741989787668
7164,132014,1,0,2.7159840101376176
7165,132015,1,0,2.721874974668026
7166,132016,1,0,2.7050329954363406
7167,132017,1,0,2.6998240500688553
7168,132018,1,0,2.712526998948306
7169,132019,1,0,2.710222965106368
7170,132020,1,0,2.70044500939548
7171,132021,1,0,2.8234830242581666
7172,132022,1,0,2.7228970429860055
7173,132023,1,0,2.7229569968767464
7174,132024,1,0,2.716164046432823
7175,132025,1,0,2.7062459848821163
7176,132026,1,0,2.7272049919702113
7177,132027,1,0,2.7081590378656983
7178,132028,1,0,2.7068969793617725
7179,132029,1,1,2.7039210544899106
7180,132030,1,0,2.7196299633942544
7181,132031,1,0,2.712097018957138
7182,132032,1,0,2.7061349828727543
7183,132033,1,0,2.7097230195067823
7184,132034,1,0,2.7104640030302107
7185,132035,1,0,2.709261025302112
7186,132036,1,0,2.693371963687241
7187,132037,1,0,2.7064260211773217
7188,132038,1,0,2.7026490424759686
7189,132039,1,0,2.7101230225525796
7190,132040,1,0,2.703351026866585
7191,132041,1,0,2.7134589618071914
7192,132042,1,0,2.718076983001083
7193,132043,1,0,2.721965021919459
7194,132044,1,0,2.7094220276921988
7195,132045,1,0,2.7179979952052236
7196,132046,1,1,2.7263930533081293
7197,132047,1,0,2.843981026671827
7198,132048,1,0,2.718318020924926
7199,132049,1,0,2.711765991989523
7200,132050,1,0,3.0194760183803737
7201,132051,1,0,2.7277959743514657
7202,132052,1,0,2.7328249998390675
7203,132053,1,0,2.7100529987365007
7204,132054,1,0,2.7064660098403692
7205,132055,1,0,2.7250300045125186
7206,132056,1,0,2.7277260087430477
7207,132057,1,0,2.7123470208607614
7208,132058,1,0,2.6971789775416255
7209,132059,1,0,2.7246599784120917
7210,132060,1,0,2.727905986830592
7211,132061,1,0,2.711404988076538
7212,132062,1,0,2.729098021518439
7213,132063,1,1,2.7276850305497646
7214,132064,1,0,2.7273150044493377
7215,132065,1,0,2.7115059783682227
7216,132066,1,0,2.701978024560958
7217,132067,1,0,2.7137899887748063
7218,132068,1,0,2.716704970225692
7219,132069,1,0,2.7106840279884636
7220,132070,1,0,2.7128479559905827
7221,132071,1,0,2.738084993325174
7222,132072,1,0,2.716504968702793
7223,132073,1,0,2.7206120430491865
7224,132074,1,0,2.836356987245381
7225,132075,1,0,2.7204619836993515
7226,132076,1,0,2.727125014644116
7227,132077,1,0,2.7359509840607643
7228,132078,1,0,2.725480997469276
7229,132079,1,0,2.7295990148559213
7230,132080,1,1,2.726522972807288
7231,132081,1,0,2.7273750165477395
7232,132082,1,0,2.7104830369353294
7233,132083,1,0,2.7237379690632224
7234,132084,1,0,2.727325016167015
7235,132085,1,0,2.724990015849471
7236,132086,1,0,2.7080790023319423
7237,132087,1,0,2.7122769970446825
7238,132088,1,0,2.73927696980536
7239,132089,1,0,2.7266539982520044
7240,132090,1,0,2.7072570519521832
7241,132091,1,0,2.714630973059684
7242,132092,1,0,2.719940966926515
7243,132093,1,0,2.715742972213775
7244,132094,1,0,2.7055839891545475
7245,132095,1,0,2.714400994591415
7246,132096,1,0,2.716244023758918
7247,132097,1,1,2.755517023615539
7248,132098,1,0,2.7031800127588212
7249,132099,1,0,2.7173769776709378
7250,132100,1,0,2.858327003195882
7251,132101,1,0,2.72920896532014
7252,132102,1,0,2.711766050197184
7253,132103,1,0,2.71378003526479
7254,132104,1,0,2.722656005062163
7255,132105,1,0,2.7294079773128033
7256,132106,1,0,2.709101012442261
7257,132107,1,0,2.7126980130560696
7258,132108,1,0,2.7314629987813532
7259,132109,1,0,2.7157230069860816
7260,132110,1,0,2.716864983085543
7261,132111,1,0,2.697219024412334
7262,132112,1,0,2.723818994127214
7263,132113,1,0,2.7247200487181544
7264,132114,1,1,2.7113950345665216
7265,132115,1,0,2.7212240383960307
7266,132116,1,0,2.7280959766358137
7267,132117,1,0,2.726353006437421
7268,132118,1,0,2.724108984693885
7269,132119,1,0,2.7126880013383925
7270,132120,1,0,2.725091006141156
7271,132121,1,0,2.7227969840168953
7272,132122,1,0,2.7175970026291907
7273,132123,1,0,2.7208630344830453
7274,132124,1,0,2.7240680065006018
7275,132125,1,0,2.718418021686375
7276,132126,1,0,2.715442969929427
7277,132127,1,0,2.839471970219165
7278,132128,1,0,2.7223849901929498
7279,132129,1,0,2.7222749777138233
7280,132130,1,0,2.7239389601163566
7281,132131,1,1,2.7109250077046454
7282,132132,1,0,2.718087052926421
7283,132133,1,0,2.716804970987141
7284,132134,1,0,2.715051989071071
7285,132135,1,0,2.708470041397959
7286,132136,1,0,2.7181869954802096
7287,132137,1,0,2.735600050073117
7288,132138,1,0,2.7139700250700116
7289,132139,1,0,2.6991930208168924
7290,132140,1,0,2.7242189971730113
7291,132141,1,0,2.730119973421097
7292,132142,1,0,2.710463013499975
7293,132143,1,0,2.706285973545164
7294,132144,1,0,2.7336259954608977
7295,132145,1,0,2.720321004744619
7296,132146,1,0,2.74167099269107
7297,132147,1,0,2.701836987398565
7298,132148,1,0,2.7218450559303164
7299,132149,1,1,2.7272949810139835
7300,132150,1,0,2.7262730291113257
7301,132151,1,0,2.6998440152965486
7302,132152,1,0,2.722165023442358
7303,132153,1,0,2.842106972821057
7304,132154,1,0,2.715383016038686
7305,132155,1,0,2.703511039726436
7306,132156,1,0,2.7059949934482574
7307,132157,1,0,2.7109249494969845
7308,132158,1,0,2.7242079959250987
7309,132159,1,0,2.7073679957538843
7310,132160,1,0,2.7114160475321114
7311,132161,1,0,2.7226860402151942
7312,132162,1,0,2.7182180201634765
7313,132163,1,0,2.7119360165670514
7314,132164,1,0,2.7198410243727267
7315,132165,1,0,2.71908997092396
7316,132166,1,1,2.7910119970329106
7317,132167,1,0,2.7107649948447943
7318,132168,1,0,2.7187889791093767
7319,132169,1,0,2.7214940055273473
7320,132170,1,0,2.7194709982722998
7321,132171,1,0,2.718787989579141
7322,132172,1,0,2.712226996663958
7323,132173,1,0,2.722815959714353
7324,132174,1,0,2.7213030261918902
7325,132175,1,0,2.70816998090595
7326,132176,1,0,2.7129080262966454
7327,132177,1,0,2.716804970987141
7328,132178,1,0,2.7201409684494138
7329,132179,1,0,2.7152830152772367
7330,132180,1,0,2.831077028531581
7331,132181,1,0,2.7267339755780995
7332,132182,1,0,2.7155629941262305
7333,132183,1,1,2.7074379613623023
7334,132184,1,0,2.6954960194416344
7335,132185,1,0,2.7347980067133904
7336,132186,1,0,2.711536013521254
7337,132187,1,0,2.6976600056514144
7338,132188,1,0,2.711354987695813
7339,132189,1,0,2.7124370099045336
7340,132190,1,0,2.7207020320929587
7341,132191,1,0,2.701756951864809
7342,132192,1,0,2.713359019253403
7343,132193,1,0,2.721694007050246
7344,132194,1,0,2.71285796770826
7345,132195,1,0,2.70343100419268
7346,132196,1,0,2.7164440252818167
7347,132197,1,0,2.7106539928354323
7348,132198,1,0,2.7148720109835267
7349,132199,1,0,2.7067660121247172
7350,132200,1,1,2.721192955505103
7351,132201,1,0,2.7132690302096307
7352,132202,1,0,2.7156529831700027
7353,132203,1,0,2.7025790186598897
7354,132204,1,0,2.718408009968698
7355,132205,1,0,2.7280760114081204
7356,132206,1,0,2.834021986927837
7357,132207,1,0,2.700264973100275
7358,132208,1,0,2.7158840093761683
7359,132209,1,0,2.7143709594383836
7360,132210,1,0,2.71553301718086
7361,132211,1,0,2.700685989111662
7362,132212,1,0,2.710592991206795
7363,132213,1,0,2.7161340112797916
7364,132214,1,0,2.7121169841848314
7365,132215,1,0,2.703070000279695
7366,132216,1,0,2.71110498579219
7367,132217,1,1,2.7187590021640062
7368,132218,1,0,2.7162039768882096
7369,132219,1,0,2.7005349984392524
7370,132220,1,0,2.7153230039402843
7371,132221,1,0,2.7082390151917934
7372,132222,1,0,2.710483968257904
7373,132223,1,0,2.6966280420310795
7374,132224,1,0,2.7125970227643847
7375,132225,1,0,2.71530298050493
7376,132226,1,0,2.699253032915294
7377,132227,1,0,2.7005749871023
7378,132228,1,0,2.715793962124735
7379,132229,1,0,2.7215139707550406
7380,132230,1,0,2.7198409661650658
7381,132231,1,0,2.709913009312004
7382,132232,1,0,2.7261930517852306
7383,132233,1,0,2.8478580061346292
7384,132234,1,1,2.7236780151724815
7385,132235,1,0,2.703411038964987
7386,132236,1,0,2.774441963993013
7387,132237,1,0,2.730990992859006
7388,132238,1,0,2.7228870312683284
7389,132239,1,0,2.7114750118926167
7390,132240,1,0,2.712065994273871
7391,132241,1,0,2.7236680034548044
7392,132242,1,0,2.711676002945751
7393,132243,1,0,2.6936029898934066
7394,132244,1,0,2.716285001952201
7395,132245,1,0,2.719850977882743
7396,132246,1,0,2.7123669860884547
7397,132247,1,0,2.691978996153921
7398,132248,1,0,2.713238005526364
7399,132249,1,0,2.7217239839956164
7400,132250,1,0,2.7063559973612428
7401,132251,1,1,2.6999239926226437
7402,132252,1,0,2.7181979967281222
7403,132253,1,0,2.7140400488860905
7404,132254,1,0,2.7072569937445223
7405,132255,1,0,2.6904569822363555
7406,132256,1,0,2.7228560065850616
7407,132257,1,0,2.7080990257672966
7408,132258,1,0,2.696517971344292
7409,132259,1,0,2.8361669974401593
7410,132260,1,0,2.769904036540538
7411,132261,1,0,2.7056740364059806
7412,132262,1,0,2.7177170268259943
7413,132263,1,0,2.693180984351784
7414,132264,1,0,2.7188590029254556
7415,132265,1,0,2.712877991143614
7416,132266,1,0,2.7159940218552947
7417,132267,1,0,2.6992030325345695
7418,132268,1,1,2.711275010369718
7419,132269,1,0,2.728045976255089
7420,132270,1,0,2.7211029664613307
7421,132271,1,0,2.7074780082330108
7422,132272,1,0,2.7219749754294753
7423,132273,1,0,2.722906006965786
7424,132274,1,0,2.731583022978157
7425,132275,1,0,2.707557985559106
7426,132276,1,0,2.7333759935572743
7427,132277,1,0,2.7513590175658464
7428,132278,1,0,2.728316991124302
7429,132279,1,0,2.716234012041241
7430,132280,1,0,2.723516954574734
7431,132281,1,0,2.7081790030933917
7432,132282,1,0,2.7225760277360678
7433,132283,1,0,2.787365985568613
7434,132284,1,0,2.720342017710209
7435,132285,1,1,2.720522985327989
7436,132286,1,0,2.8509239782579243
7437,132287,1,0,2.7211830019950867
7438,132288,1,0,2.7097819838672876
7439,132289,1,0,2.7813949855044484
7440,132290,1,0,2.7249399572610855
7441,132291,1,0,2.7216640301048756
7442,132292,1,0,2.7074679965153337
7443,132293,1,0,2.732144028414041
7444,132294,1,0,2.725161029957235
7445,132295,1,0,2.7167050284333527
7446,132296,1,0,2.695045026484877
7447,132297,1,0,2.7178669697605073
7448,132298,1,0,2.7168949600309134
7449,132299,1,0,2.717196010053158
7450,132300,1,0,2.710964996367693
7451,132301,1,0,2.7261929935775697
7452,132302,1,1,2.732052991632372
7453,132303,1,0,2.7218739851377904
7454,132304,1,0,2.6969589525833726
7455,132305,1,0,2.7121559833176434
7456,132306,1,0,2.7211940032429993
7457,132307,1,0,2.7170860557816923
7458,132308,1,0,2.692601003218442
7459,132309,1,0,2.7247999678365886
7460,132310,1,0,2.718168019782752
7461,132311,1,0,2.707087027374655
7462,132312,1,0,2.8276899829506874
7463,132313,1,0,2.7161340112797916
7464,132314,1,0,2.7179569588042796
7465,132315,1,0,2.7339669759385288
7466,132316,1,0,2.710793982259929
7467,132317,1,0,2.7207829989492893
7468,132318,1,0,2.7238280163146555
7469,132319,1,1,2.716415037866682
7470,132320,1,0,2.7151419781148434
7471,132321,1,0,2.7193999849259853
7472,132322,1,0,2.7239579940214753
7473,132323,1,0,2.718027972150594
7474,132324,1,0,2.715753042139113
7475,132325,1,0,2.7187690138816833
7476,132326,1,0,2.719048992730677
7477,132327,1,0,2.7094619581475854
7478,132328,1,0,2.6992230559699237
7479,132329,1,0,2.7239490300416946
7480,132330,1,0,2.7279549976810813
7481,132331,1,0,2.719609998166561
7482,132332,1,0,2.711554989218712
7483,132333,1,0,2.719390031415969
7484,132334,1,0,2.719230018556118
7485,132335,1,0,2.725581987760961
7486,132336,1,1,2.712978981435299
7487,132337,1,0,2.7213740395382047
7488,132338,1,0,2.7198909665457904
7489,132339,1,0,2.8388110222294927
7490,132340,1,0,2.7089010109193623
7491,132341,1,0,2.7160639874637127
7492,132342,1,0,2.717426046729088
7493,132343,1,0,2.730050007812679
7494,132344,1,0,2.7090199873782694
7495,132345,1,0,2.7204620419070125
7496,132346,1,0,2.7351999888196588
7497,132347,1,0,2.718126983381808
7498,132348,1,0,2.7153329574503005
7499,132349,1,0,2.70933099091053
7500,132350,1,0,2.722366014495492
7501,132351,1,0,2.725792001001537
7502,132352,1,0,2.7117449790239334
7503,132353,1,1,2.7667080285027623
7504,132354,1,0,2.7269040001556277
7505,132355,1,0,2.717115974519402
7506,132356,1,0,2.717457013204694
7507,132357,1,0,2.703341015148908
7508,132358,1,0,2.715132024604827
7509,132359,1,0,2.7335669728927314
7510,132360,1,0,2.7123470208607614
7511,132361,1,0,2.7094120159745216
7512,132362,1,0,2.7251910069026053
7513,132363,1,0,2.728527004364878
7514,132364,1,0,2.7097230195067823
7515,132365,1,0,2.839652996044606
7516,132366,1,0,2.7500769938342273
7517,132367,1,0,2.756558998953551
7518,132368,1,0,2.723648038227111
7519,132369,1,0,2.697359013836831
7520,132370,1,1,2.7130190283060074
7521,132371,1,0,2.714490983635187
7522,132372,1,0,2.716945018619299
7523,132373,1,0,2.694703987799585
7524,132374,1,0,2.716163988225162
7525,132375,1,0,2.709621039684862
7526,132376,1,0,2.793457009829581
7527,132377,1,0,2.7010960038751364
7528,132378,1,0,2.718568022828549
7529,132379,1,0,2.7151520480401814
7530,132380,1,0,2.718097995966673
7531,132381,1,0,2.6950950268656015
7532,132382,1,0,2.7159739984199405
7533,132383,1,0,2.716474002227187
7534,132384,1,0,2.7234769659116864
7535,132385,1,0,2.700515033211559
7536,132386,1,0,2.731391985435039
7537,132387,1,1,2.7192289708182216
7538,132388,1,0,2.7135899872519076
7539,132389,1,0,2.708489017095417
7540,132390,1,0,2.725802012719214
7541,132391,1,0,2.715282025747001
7542,132392,1,0,2.8474380378611386
7543,132393,1,0,2.7178169693797827
7544,132394,1,0,2.708860964048654
7545,132395,1,0,2.7159640449099243
7546,132396,1,0,2.719941025134176
7547,132397,1,0,2.709320979192853
7548,132398,1,0,2.715313050430268
7549,132399,1,0,2.7205219957977533
7550,132400,1,0,2.7140810270793736
7551,132401,1,0,2.6944740093313158
7552,132402,1,0,2.7060550055466592
7553,132403,1,0,2.7138000004924834
7554,132404,1,1,2.72063200827688
7555,132405,1,0,2.7006349992007017
7556,132406,1,0,2.7134689735248685
7557,132407,1,0,2.7170259854756296
7558,132408,1,0,2.7050430071540177
7559,132409,1,0,2.695256029255688
7560,132410,1,0,2.713449008297175
7561,132411,1,0,2.715201990213245
7562,132412,1,0,2.7122070314362645
7563,132413,1,0,2.7117260033264756
7564,132414,1,0,2.725651953369379
7565,132415,1,0,2.723306999541819
7566,132416,1,0,2.7071369695477188
7567,132417,1,0,2.703160047531128
7568,132418,1,0,2.836988016497344
7569,132419,1,0,2.713799010962248
7570,132420,1,0,2.72405898431316
7571,132421,1,1,2.69009597832337
7572,132422,1,0,2.8435199637897313
7573,132423,1,0,2.724118996411562
7574,132424,1,0,2.7345780399627984
7575,132425,1,0,2.702679019421339
7576,132426,1,0,2.776946988888085
7577,132427,1,0,2.7601259644143283
7578,132428,1,0,2.7497559785842896
7579,132429,1,0,2.7069069910794497
7580,132430,1,0,2.7178670279681683
7581,132431,1,0,2.7151729445904493
7582,132432,1,0,2.7193300193175673
7583,132433,1,0,2.77246895711869
7584,132434,1,0,2.732915978413075
7585,132435,1,0,2.747070975601673
7586,132436,1,0,2.714330970775336
7587,132437,1,0,2.7294689789414406
7588,132438,1,1,2.704442013055086
7589,132439,1,0,2.7283370145596564
7590,132440,1,0,2.731752989348024
7591,132441,1,0,2.723818994127214
7592,132442,1,0,2.726153004914522
7593,132443,1,0,2.7178270393051207
7594,132444,1,0,2.7208219980821013
7595,132445,1,0,2.884375979192555
7596,132446,1,0,2.711965993512422
7597,132447,1,0,2.6995830121450126
7598,132448,1,0,2.720241027418524
7599,132449,1,0,2.722986973822117
7600,132450,1,0,2.705333987250924
7601,132451,1,0,2.7052239747717977
7602,132452,1,0,2.7154930285178125
7603,132453,1,0,2.7169050299562514
7604,132454,1,0,2.7088799979537725
7605,132455,1,1,2.7083890163339674
7606,132456,1,0,2.711665991228074
7607,132457,1,0,2.7171059628017247
7608,132458,1,0,2.7101929881609976
7609,132459,1,0,2.710121974814683
7610,132460,1,0,2.726583043113351
7611,132461,1,0,2.7209529653191566
7612,132462,1,0,2.714700996875763
7613,132463,1,0,2.7240089839324355
7614,132464,1,0,2.720421995036304
7615,132465,1,0,2.736310998443514
7616,132466,1,0,2.713668975047767
7617,132467,1,0,2.7201210032217205
7618,132468,1,0,2.719178970437497
7619,132469,1,0,2.7823069831356406
7620,132470,1,0,2.7211030246689916
7621,132471,1,0,2.837017993442714
7622,132472,1,0,2.7210740372538567
7623,132473,1,1,2.7079490246251225
7624,132474,1,0,2.711704990360886
7625,132475,1,0,2.6965580182150006
7626,132476,1,0,2.714251051656902
7627,132477,1,0,2.7130480157211423
7628,132478,1,0,2.7194700087420642
7629,132479,1,0,2.699784003198147
7630,132480,1,0,2.7206719969399273
7631,132481,1,0,2.717046008910984
7632,132482,1,0,2.7077380218543112
7633,132483,1,0,2.7028389740735292
7634,132484,1,0,2.715603040996939
7635,132485,1,0,2.717926981858909
7636,132486,1,0,2.7452680515125394
7637,132487,1,0,2.694194030482322
7638,132488,1,0,2.7237579924985766
7639,132489,1,0,2.7569400263018906
7640,132490,1,1,2.721864962950349
7641,132491,1,0,2.7015070081688464
7642,132492,1,0,2.7155529824085534
7643,132493,1,0,2.724439022131264
7644,132494,1,0,2.7078590355813503
7645,132495,1,0,2.7516200207173824
7646,132496,1,0,2.72132403915748
7647,132497,1,0,2.715762995649129
7648,132498,1,0,2.8421279857866466
7649,132499,1,0,2.718227042350918
7650,132500,1,0,2.7122970204800367
7651,132501,1,0,2.7277659974060953
7652,132502,1,0,2.7244790107943118
7653,132503,1,0,2.707557985559106
7654,132504,1,0,2.7079989667981863
7655,132505,1,0,2.735851041506976
7656,132506,1,0,2.796783985104412
7657,132507,1,1,2.7532230014912784
7658,132508,1,0,2.71285796770826
7659,132509,1,0,2.7217650203965604
7660,132510,1,0,2.7336160419508815
7661,132511,1,0,2.7210030239075422
7662,132512,1,0,2.706295985262841
7663,132513,1,0,2.7252210420556366
7664,132514,1,0,2.719509997405112
7665,132515,1,0,2.774653024971485
7666,132516,1,0,2.7516799746081233
7667,132517,1,0,2.721553959418088
7668,132518,1,0,2.733275992795825
7669,132519,1,0,2.722996985539794
7670,132520,1,0,2.7156929718330503
7671,132521,1,0,2.7118560392409563
7672,132522,1,0,2.720352029427886
7673,132523,1,0,2.7204020298086107
7674,132524,1,1,2.839963010046631
7675,132525,1,0,2.7106140041723847
7676,132526,1,0,2.7136889984831214
7677,132527,1,0,2.7620389591902494
7678,132528,1,0,2.7201109915040433
7679,132529,1,0,2.703108999412507
7680,132530,1,0,2.715041977353394
7681,132531,1,0,2.7182979974895716
7682,132532,1,0,2.7165450155735016
7683,132533,1,0,2.702027966734022
7684,132534,1,0,2.7183889760635793
7685,132535,1,0,2.728466992266476
7686,132536,1,0,2.7046730392612517
7687,132537,1,0,2.6986710145138204
7688,132538,1,0,2.7475120150484145
7689,132539,1,0,2.720762975513935
7690,132540,1,0,2.711937006097287
7691,132541,1,1,2.696237002965063
7692,132542,1,0,2.7189700049348176
7693,132543,1,0,2.7167749940417707
7694,132544,1,0,2.7026190073229373
7695,132545,1,0,2.715201990213245
7696,132546,1,0,2.7109039947390556
7697,132547,1,0,2.7324649854563177
7698,132548,1,0,2.7171060210093856
7699,132549,1,0,2.7060360298492014
7700,132550,1,0,2.7147919754497707
7701,132551,1,0,2.8331910143606365
7702,132552,1,0,2.7170749963261187
7703,132553,1,0,2.6998029788956046
7704,132554,1,0,2.7191300177946687
7705,132555,1,0,2.7184179634787142
7706,132556,1,0,2.7334460173733532
7707,132557,1,0,2.699111995752901
7708,132558,1,1,2.7215839945711195
7709,132559,1,0,2.71851901197806
7710,132560,1,0,2.699322998523712
7711,132561,1,0,2.69426399609074
7712,132562,1,0,2.706946979742497
7713,132563,1,0,2.7124869520775974
7714,132564,1,0,2.6990119949914515
7715,132565,1,0,2.698972006328404
7716,132566,1,0,2.7064960449934006
7717,132567,1,0,2.7122670435346663
7718,132568,1,0,2.7060150168836117
7719,132569,1,0,2.7197410236112773
7720,132570,1,0,2.713930036406964
7721,132571,1,0,2.7255319873802364
7722,132572,1,0,2.6921300450339913
7723,132573,1,0,2.7402390260249376
7724,132574,1,0,2.7173960115760565
7725,132575,1,1,2.7122069732286036
7726,132576,1,0,2.703089965507388
7727,132577,1,0,2.8421569732017815
7728,132578,1,0,2.713529975153506
7729,132579,1,0,2.7190889813937247
7730,132580,1,0,2.7039810083806515
7731,132581,1,0,2.7028589975088835
7732,132582,1,0,2.718959003686905
7733,132583,1,0,2.704192011151463
7734,132584,1,0,2.7032499783672392
7735,132585,1,0,2.735319023486227
7736,132586,1,0,2.7181280311197042
7737,132587,1,0,2.723697980400175
7738,132588,1,0,2.7126679779030383
7739,132589,1,0,2.719710988458246
7740,132590,1,0,2.7119970181956887
7741,132591,1,0,2.7066869661211967
7742,132592,1,1,2.7087110211141407
7743,132593,1,0,2.7162139886058867
7744,132594,1,0,2.7136089629493654
7745,132595,1,0,2.709571970626712
7746,132596,1,0,2.6982910349033773
7747,132597,1,0,2.712888002861291
7748,132598,1,0,2.7070670039393008
7749,132599,1,0,2.696598006878048
7750,132600,1,0,2.701446006540209
7751,132601,1,0,2.722164965234697
7752,132602,1,0,2.7163540362380445
7753,132603,1,0,2.706455998122692
7754,132604,1,0,2.8378600254654884
7755,132605,1,0,2.718327974434942
7756,132606,1,0,2.7169050299562514
7757,132607,1,0,2.7161139878444374
7758,132608,1,0,2.713989990297705
7759,132609,1,1,2.7239079936407506
7760,132610,1,0,2.7081090374849737
7761,132611,1,0,2.7071580407209694
7762,132612,1,0,2.6960470131598413
7763,132613,1,0,2.7096919948235154
7764,132614,1,0,2.7092619566246867
7765,132615,1,0,2.7087099733762443
7766,132616,1,0,2.6983809657394886
7767,132617,1,0,2.7141799801029265
7768,132618,1,0,2.709682041313499
7769,132619,1,0,2.7036810060963035
7770,132620,1,0,2.7068759663961828
7771,132621,1,0,2.7122569736093283
7772,132622,1,0,2.717616967856884
7773,132623,1,0,2.708368992898613
7774,132624,1,0,2.7076979749836028
7775,132625,1,0,2.7180680190213025
7776,132626,1,1,2.7194200083613396
7777,132627,1,0,2.7054239762946963
7778,132628,1,0,2.712326997425407
7779,132629,1,0,2.7158029843121767
7780,132630,1,0,2.8386409976519644
7781,132631,1,0,2.7022880385629833
7782,132632,1,0,2.7631610282696784
7783,132633,1,0,2.720822987612337
7784,132634,1,0,2.7157230069860816
7785,132635,1,0,2.705052960664034
7786,132636,1,0,2.7047829935327172
7787,132637,1,0,2.713238005526364
7788,132638,1,0,2.7149220113642514
7789,132639,1,0,2.703039033804089
7790,132640,1,0,2.7061550063081086
7791,132641,1,0,2.711184963118285
7792,132642,1,0,2.708319982048124
7793,132643,1,1,2.6984510477632284
7794,132644,1,0,2.7087400085292757
7795,132645,1,0,2.718258008826524
7796,132646,1,0,2.7129280497319996
7797,132647,1,0,2.7109250077046454
7798,132648,1,0,2.709431981202215
7799,132649,1,0,2.7121559833176434
7800,132650,1,0,2.7184279751963913
7801,132651,1,0,2.6971190236508846
7802,132652,1,0,2.7241490315645933
7803,132653,1,0,2.717837051022798
7804,132654,1,0,2.718509000260383
7805,132655,1,0,2.8075140435248613
7806,132656,1,0,2.743844990618527
7807,132657,1,0,2.8443720075301826
7808,132658,1,0,2.7219849871471524
7809,132659,1,0,2.717857016250491
7810,132660,1,1,2.697539981454611
7811,132661,1,0,2.716324001085013
7812,132662,1,0,2.7562580071389675
7813,132663,1,0,2.728947962168604
7814,132664,1,0,2.6996430242434144
7815,132665,1,0,2.711774955969304
7816,132666,1,0,2.7109350194223225
7817,132667,1,0,2.70028505474329
7818,132668,1,0,2.6974399806931615
7819,132669,1,0,2.712396963033825
7820,132670,1,0,2.7141899918206036
7821,132671,1,0,2.707236970309168
7822,132672,1,0,2.7022589929401875
7823,132673,1,0,2.719951036851853
7824,132674,1,0,2.7220150223001838
7825,132675,1,0,2.7165249921381474
7826,132676,1,0,2.7056250255554914
7827,132677,1,1,2.718258008826524
7828,132678,1,0,2.722014964092523
7829,132679,1,0,2.7121470193378627
7830,132680,1,0,2.7103330357931554
7831,132681,1,0,2.7239290066063404
7832,132682,1,0,2.7275849715806544
7833,132683,1,0,2.837238018400967
7834,132684,1,0,2.6995030348189175
7835,132685,1,0,2.718698000535369
7836,132686,1,0,2.8117909678258
7837,132687,1,0,2.790522004943341
7838,132688,1,0,2.7101029991172254
7839,132689,1,0,2.716274990234524
7840,132690,1,0,2.7121870080009103
7841,132691,1,0,2.7115760021843016
7842,132692,1,0,2.710484026465565
7843,132693,1,0,2.7358600054867566
7844,132694,1,1,2.7167050284333527
7845,132695,1,0,2.713188005145639
7846,132696,1,0,2.7124370099045336
7847,132697,1,0,2.714790985919535
7848,132698,1,0,2.72717495681718
7849,132699,1,0,2.713860012590885
7850,132700,1,0,2.7215039590373635
7851,132701,1,0,2.7642730274237692
7852,132702,1,0,2.7122070314362645
7853,132703,1,0,2.7068170020356774
7854,132704,1,0,2.7055040118284523
7855,132705,1,0,2.7087199850939214
7856,132706,1,0,2.7098520076833665
7857,132707,1,0,2.716765971854329
7858,132708,1,0,2.6976389926858246
7859,132709,1,0,2.7255710447207093
7860,132710,1,0,2.8518150211311877
7861,132711,1,1,2.7211940032429993
7862,132712,1,0,2.7172559639438987
7863,132713,1,0,2.7098520076833665
7864,132714,1,0,2.7219849871471524
7865,132715,1,0,2.7173859998583794
7866,132716,1,0,2.7083600289188325
7867,132717,1,0,2.7144799823872745
7868,132718,1,0,2.711054985411465
7869,132719,1,0,2.717596013098955
7870,132720,1,0,2.698100986890495
7871,132721,1,0,2.698080032132566
7872,132722,1,0,2.710624015890062
7873,132723,1,0,2.7251510182395577
7874,132724,1,0,2.696156967431307
7875,132725,1,0,2.780593989882618
7876,132726,1,0,2.7112050447613
7877,132727,1,0,2.7178769814781845
7878,132728,1,1,2.6983009884133935
7879,132729,1,0,2.7066160109825432
7880,132730,1,0,2.7319929795339704
7881,132731,1,0,2.7073569945059717
7882,132732,1,0,2.7024889714084566
7883,132733,1,0,2.7113050455227494
7884,132734,1,0,2.720511984080076
7885,132735,1,0,2.7158629964105785
7886,132736,1,0,2.8371079824864864
7887,132737,1,0,2.702097990550101
7888,132738,1,0,2.7303409879095852
7889,132739,1,0,2.7235880261287093
7890,132740,1,0,2.7348280418664217
7891,132741,1,0,2.737262984737754
7892,132742,1,0,2.728126011788845
7893,132743,1,0,2.7262630173936486
7894,132744,1,0,2.7383050182834268
7895,132745,1,1,2.7040410204790533
7896,132746,1,0,2.7203820063732564
7897,132747,1,0,2.7215639711357653
7898,132748,1,0,2.7597640291787684
7899,132749,1,0,2.720051968935877
7900,132750,1,0,2.727074024733156
7901,132751,1,0,2.7296089683659375
7902,132752,1,0,2.7503170422278345
7903,132753,1,0,2.7255009626969695
7904,132754,1,0,2.712427987717092
7905,132755,1,0,2.722885983530432
7906,132756,1,0,2.730630978476256
7907,132757,1,0,2.7159429737366736
7908,132758,1,0,2.7213129797019064
7909,132759,1,0,2.7240089839324355
7910,132760,1,0,2.720241027418524
7911,132761,1,0,2.699222997762263
7912,132762,1,1,2.7150720125064254
7913,132763,1,0,2.8511639684438705
7914,132764,1,0,2.7234479784965515
7915,132765,1,0,2.7098619611933827
7916,132766,1,0,2.6990920305252075
7917,132767,1,0,2.7220050105825067
7918,132768,1,0,2.740198979154229
7919,132769,1,0,2.7072069933637977
7920,132770,1,0,2.694915048778057
7921,132771,1,0,2.7612869744189084
7922,132772,1,0,2.7231069980189204
7923,132773,1,0,2.711565000936389
7924,132774,1,0,2.704463026020676
7925,132775,1,0,2.7150620007887483
7926,132776,1,0,2.7133289841003716
7927,132777,1,0,2.7090809890069067
7928,132778,1,0,2.7161340112797916
7929,132779,1,0,2.7143199695274234
7930,132780,1,1,2.716645016334951
7931,132781,1,0,2.7033300139009953
7932,132782,1,0,2.711826004087925
7933,132783,1,0,2.714631031267345
7934,132784,1,0,2.714560949243605
7935,132785,1,0,2.7162249898537993
7936,132786,1,0,2.7102730236947536
7937,132787,1,0,2.7135589625686407
7938,132788,1,0,2.71687499480322
7939,132789,1,0,2.832920989021659
7940,132790,1,0,2.711895969696343
7941,132791,1,0,2.71256803534925
7942,132792,1,0,2.713790046982467
7943,132793,1,0,2.71231698570773
7944,132794,1,0,2.8476479928940535
7945,132795,1,0,2.725530997850001
7946,132796,1,0,2.732805034611374
7947,132797,1,1,2.7401690022088587
7948,132798,1,0,2.7010460034944117
7949,132799,1,0,2.705164020881057
7950,132800,1,0,2.711014007218182
7951,132801,1,0,2.7115060365758836
7952,132802,1,0,2.698010008316487
7953,132803,1,0,2.7181669720448554
7954,132804,1,0,2.712808025535196
7955,132805,1,0,2.7205320075154305
7956,132806,1,0,2.7243189979344606
7957,132807,1,0,2.7449970366433263
7958,132808,1,0,2.7178579475730658
7959,132809,1,0,2.7132389950565994
7960,132810,1,0,2.694484021048993
7961,132811,1,0,2.724690013565123
7962,132812,1,0,2.715993963647634
7963,132813,1,0,2.709502005018294
7964,132814,1,1,2.70260899560526
7965,132815,1,0,2.7073879609815776
7966,132816,1,0,2.8356750262901187
7967,132817,1,0,2.712687011808157
7968,132818,1,0,2.710784028749913
7969,132819,1,0,2.722606004681438
7970,132820,1,0,2.7129880036227405
7971,132821,1,0,2.714561007451266
7972,132822,1,0,2.705293009057641
7973,132823,1,0,2.722906006965786
7974,132824,1,0,2.725050027947873
7975,132825,1,0,2.726092003285885
7976,132826,1,0,2.7101029991172254
7977,132827,1,0,2.7115950360894203
7978,132828,1,0,2.721394004765898
7979,132829,1,0,2.7129679801873863
7980,132830,1,0,2.7016669628210366
7981,132831,1,1,2.718529023695737
7982,132832,1,0,2.7317630010657012
7983,132833,1,0,2.7143609477207065
7984,132834,1,0,2.7014369843527675
7985,132835,1,0,2.7129880036227405
7986,132836,1,0,2.7097120182588696
7987,132837,1,0,2.7093120152130723
7988,132838,1,0,2.713728987146169
7989,132839,1,0,2.7178070158697665
7990,132840,1,0,2.7281559887342155
7991,132841,1,0,2.709602005779743
7992,132842,1,0,2.8367069899104536
7993,132843,1,0,2.7113049873150885
7994,132844,1,0,2.7249709819443524
7995,132845,1,0,2.719029027502984
7996,132846,1,0,2.6944540441036224
7997,132847,1,0,2.7122970204800367
7998,132848,1,1,2.7120570302940905
7999,132849,1,0,2.715612994506955
8000,132850,1,0,2.7033109799958766
8001,132851,1,0,2.7202320052310824
8002,132852,1,0,2.7253510197624564
8003,132853,1,0,2.7101130108349025
8004,132854,1,0,2.697800053283572
8005,132855,1,0,2.7161939651705325
8006,132856,1,0,2.709041000343859
8007,132857,1,0,2.6992519851773977
8008,132858,1,0,2.6945839636027813
8009,132859,1,0,2.7176570147275925
8010,132860,1,0,2.705995982978493
8011,132861,1,0,2.7077089762315154
8012,132862,1,0,2.70770798670128
8013,132863,1,0,2.7214940055273473
8014,132864,1,0,2.712938003242016
8015,132865,1,1,2.710082975681871
8016,132866,1,0,2.706877014134079
8017,132867,1,0,2.7160440222360194
8018,132868,1,0,2.7180680190213025
8019,132869,1,0,2.831146994139999
8020,132870,1,0,2.703331003431231
8021,132871,1,0,2.712087007239461
8022,132872,1,0,2.7258929912932217
8023,132873,1,0,2.7080290019512177
8024,132874,1,0,2.706996980123222
8025,132875,1,0,2.720993012189865
8026,132876,1,0,2.7145210187882185
8027,132877,1,0,2.7078790008090436
8028,132878,1,0,2.7042219880968332
8029,132879,1,0,2.7127069770358503
8030,132880,1,0,2.7160440222360194
8031,132881,1,0,2.7047329931519926
8032,132882,1,1,2.717196010053158
8033,132883,1,0,2.712578047066927
8034,132884,1,0,2.7152120019309223
8035,132885,1,0,2.7128179790452123
8036,132886,1,0,2.720492018852383
8037,132887,1,0,2.8347839834168553
8038,132888,1,0,2.734398003667593
8039,132889,1,0,2.7088099741376936
8040,132890,1,0,2.713519032113254
8041,132891,1,0,2.7174470014870167
8042,132892,1,0,2.7155629941262305
8043,132893,1,0,2.7087610214948654
8044,132894,1,0,2.7118160505779088
8045,132895,1,0,2.8453830163925886
8046,132896,1,0,2.725861966609955
8047,132897,1,0,2.711114997509867
8048,132898,1,0,2.6867990382015705
8049,132899,1,1,2.716234012041241
8050,132900,1,0,2.7202920173294842
8051,132901,1,0,2.7067370247095823
8052,132902,1,0,2.6923799887299538
8053,132903,1,0,2.703439968172461
8054,132904,1,0,2.717275987379253
8055,132905,1,0,2.7018580003641546
8056,132906,1,0,2.701487042941153
8057,132907,1,0,2.718168019782752
8058,132908,1,0,2.7131089591421187
8059,132909,1,0,2.6995930238626897
8060,132910,1,0,2.708870975766331
8061,132911,1,0,2.802142989821732
8062,132912,1,0,2.7062759618274868
8063,132913,1,0,2.70636600907892
8064,132914,1,0,2.699954027775675
8065,132915,1,0,2.723947982303798
8066,132916,1,1,2.7193399728275836
8067,132917,1,0,2.714621019549668
8068,132918,1,0,2.7193200075998902
8069,132919,1,0,2.7114760014228523
8070,132920,1,0,2.7144610066898167
8071,132921,1,0,2.699693024624139
8072,132922,1,0,2.830875979270786
8073,132923,1,0,2.72686401149258
8074,132924,1,0,2.7239079936407506
8075,132925,1,0,2.712306973990053
8076,132926,1,0,2.6997440145350993
8077,132927,1,0,2.716795017477125
8078,132928,1,0,2.72441899869591
8079,132929,1,0,2.703731006477028
8080,132930,1,0,2.68653902458027
8081,132931,1,0,2.7158939628861845
8082,132932,1,0,2.7264539967291057
8083,132933,1,1,2.7116360142827034
8084,132934,1,0,2.7037509717047215
8085,132935,1,0,2.727464947383851
8086,132936,1,0,2.721383993048221
8087,132937,1,0,2.7060550055466592
8088,132938,1,0,2.7141199680045247
8089,132939,1,0,2.720310993026942
8090,132940,1,0,2.7236169553361833
8091,132941,1,0,2.7077289996668696
8092,132942,1,0,2.7070370269939303
8093,132943,1,0,2.710864006076008
8094,132944,1,0,2.7166949585080147
8095,132945,1,0,2.7055440004915
8096,132946,1,0,2.7131590177305043
8097,132947,1,0,2.717967960052192
8098,132948,1,0,2.83308100188151
8099,132949,1,0,2.7252209838479757
8100,132950,1,1,2.7000440168194473
8101,132951,1,0,2.712938003242016
8102,132952,1,0,2.713428984861821
8103,132953,1,0,2.7003050199709833
8104,132954,1,0,2.703710983041674
8105,132955,1,0,2.7132590184919536
8106,132956,1,0,2.7265739627182484
8107,132957,1,0,2.754885994363576
8108,132958,1,0,2.7023489819839597
8109,132959,1,0,2.708358981180936
8110,132960,1,0,2.7271040016785264
8111,132961,1,0,2.7001340058632195
8112,132962,1,0,2.7082290034741163
8113,132963,1,0,2.7156330179423094
8114,132964,1,0,2.717477036640048
8115,132965,1,0,2.6941029937006533
8116,132966,1,0,2.7132690302096307
8117,132967,1,1,2.7279859641566873
8118,132968,1,0,2.7170259854756296
8119,132969,1,0,2.701336983591318
8120,132970,1,0,2.716173999942839
8121,132971,1,0,2.7147309738211334
8122,132972,1,0,2.7365119894966483
8123,132973,1,0,2.704693004488945
8124,132974,1,0,2.718117961194366
8125,132975,1,0,2.845374052412808
8126,132976,1,0,2.7252809959463775
8127,132977,1,0,2.7128179790452123
8128,132978,1,0,2.7029989869333804
8129,132979,1,0,2.722445991821587
8130,132980,1,0,2.718819014262408
8131,132981,1,0,2.7161239995621145
8132,132982,1,0,2.716393966693431
8133,132983,1,0,2.711756038479507
8134,132984,1,1,2.7197800227440894
8135,132985,1,0,2.712648012675345
8136,132986,1,0,2.7077289996668696
8137,132987,1,0,2.718087984248996
8138,132988,1,0,2.729418978560716
8139,132989,1,0,2.706125029362738
8140,132990,1,0,2.709371969103813
8141,132991,1,0,2.707246982026845
8142,132992,1,0,2.717666036915034
8143,132993,1,0,2.7031300123780966
8144,132994,1,0,2.709321037400514
8145,132995,1,0,2.725942002143711
8146,132996,1,0,2.7090810472145677
8147,132997,1,0,2.7118659927509725
8148,132998,1,0,2.7161749894730747
8149,132999,1,0,2.715223003178835
8150,133000,1,0,2.7153630508109927
8151,133001,1,1,2.824335009790957
8152,133002,1,0,2.7094509568996727
8153,133003,1,0,2.718097995966673
8154,133004,1,0,2.7138899895362556
8155,133005,1,0,2.6995129883289337
8156,133006,1,0,2.716635004617274
8157,133007,1,0,2.711315988563001
8158,133008,1,0,2.7180880424566567
8159,133009,1,0,2.710403990931809
8160,133010,1,0,2.7145210187882185
8161,133011,1,0,2.7196200098842382
8162,133012,1,0,2.708250016439706
8163,133013,1,0,2.7036810060963035
8164,133014,1,0,2.7201519696973264
8165,133015,1,0,2.721783996094018
8166,133016,1,0,2.7373930206522346
8167,133017,1,0,2.7256019529886544
8168,133018,1,1,2.7221349882893264
8169,133019,1,0,2.720983000472188
8170,133020,1,0,2.706787025090307
8171,133021,1,0,2.698320953641087
8172,133022,1,0,2.718607953283936
8173,133023,1,0,2.717425988521427
8174,133024,1,0,2.7163950144313276
8175,133025,1,0,2.705965016502887
8176,133026,1,0,2.752221014816314
8177,133027,1,0,2.7334659826010466
8178,133028,1,0,2.84307001857087
8179,133029,1,0,2.7120669838041067
8180,133030,1,0,2.714780974201858
8181,133031,1,0,2.726342005189508
8182,133032,1,0,2.734057023189962
8183,133033,1,0,2.714240981731564
8184,133034,1,0,2.717926981858909
8185,133035,1,1,2.725641999859363
8186,133036,1,0,2.713428984861821
8187,133037,1,0,2.7116950368508697
8188,133038,1,0,2.7075479738414288
8189,133039,1,0,2.716645016334951
8190,133040,1,0,2.7150019886903465
8191,133041,1,0,2.6975100045092404
8192,133042,1,0,2.7029499760828912
8193,133043,1,0,2.713258028961718
8194,133044,1,0,2.7149319648742676
8195,133045,1,0,2.70974199520424
8196,133046,1,0,2.7058449923060834
8197,133047,1,0,2.7110640075989068
8198,133048,1,0,2.7093809912912548
8199,133049,1,0,2.687921980395913
8200,133050,1,0,2.710063010454178
8201,133051,1,0,2.7043219888582826
8202,133052,1,1,2.707147039473057
8203,133053,1,0,2.6956970104947686
8204,133054,1,0,2.8383000171743333
8205,133055,1,0,2.719491021707654
8206,133056,1,0,2.7163950144313276
8207,133057,1,0,2.7000250411219895
8208,133058,1,0,2.7160440222360194
8209,133059,1,0,2.7093819808214903
8210,133060,1,0,2.7095809928141534
8211,133061,1,0,2.6978800306096673
8212,133062,1,0,2.7172460104338825
8213,133063,1,0,2.708038955461234
8214,133064,1,0,2.702658995985985
8215,133065,1,0,2.7077090344391763
8216,133066,1,0,2.7063559973612428
8217,133067,1,0,2.70775897661224
8218,133068,1,0,2.7113649994134903
8219,133069,1,1,2.7070670039393008
8220,133070,1,0,2.721133001614362
8221,133071,1,0,2.7096319827251136
8222,133072,1,0,2.7031900244764984
8223,133073,1,0,2.702108002267778
8224,133074,1,0,2.72284698439762
8225,133075,1,0,2.7168249944224954
8226,133076,1,0,2.713038004003465
8227,133077,1,0,2.721133001614362
8228,133078,1,0,2.720711985602975
8229,133079,1,0,2.7285870164632797
8230,133080,1,0,2.7199109899811447
8231,133081,1,0,2.8347030165605247
8232,133082,1,0,2.7173160342499614
8233,133083,1,0,2.7268139529041946
8234,133084,1,0,2.724198973737657
8235,133085,1,0,2.704512036871165
8236,133086,1,1,2.7187380474060774
8237,133087,1,0,2.7293579769320786
8238,133088,1,0,2.710703993216157
8239,133089,1,0,2.696428040508181
8240,133090,1,0,2.7229769621044397
8241,133091,1,0,2.721804950851947
8242,133092,1,0,2.70203803665936
8243,133093,1,0,2.7161839534528553
8244,133094,1,0,2.7232670108787715
8245,133095,1,0,2.7086500194855034
8246,133096,1,0,2.700925979297608
8247,133097,1,0,2.7529020444490016
8248,133098,1,0,2.714000002015382
8249,133099,1,0,2.728547027800232
8250,133100,1,0,2.714971953537315
8251,133101,1,0,2.7135589625686407
8252,133102,1,0,2.707918989472091
8253,133103,1,0,2.7185390354134142
8254,133104,1,1,2.7036709943786263
8255,133105,1,0,2.701857010833919
8256,133106,1,0,2.7057949919253588
8257,133107,1,0,2.834983984939754
8258,133108,1,0,2.7045729802921414
8259,133109,1,0,2.700795012060553
8260,133110,1,0,2.7153220144100487
8261,133111,1,0,2.7128380024805665
8262,133112,1,0,2.7039009728468955
8263,133113,1,0,2.714000002015382
8264,133114,1,0,2.7115249540656805
8265,133115,1,0,2.72022100398317
8266,133116,1,0,2.70459201419726
8267,133117,1,0,2.703631005715579
8268,133118,1,0,2.725320984609425
8269,133119,1,0,2.7227060054428875
8270,133120,1,0,2.737272996455431
8271,133121,1,1,2.701667952351272
8272,133122,1,0,2.7099029975943267
8273,133123,1,0,2.7054940001107752
8274,133124,1,0,2.711826004087925
8275,133125,1,0,2.7093510143458843
8276,133126,1,0,2.7127679786644876
8277,133127,1,0,2.72727501578629
8278,133128,1,0,2.692469977773726
8279,133129,1,0,2.7150019886903465
8280,133130,1,0,2.7141200262121856
8281,133131,1,0,2.7143099578097463
8282,133132,1,0,2.6944740093313158
8283,133133,1,0,2.7026989846490324
8284,133134,1,0,2.840433968231082
8285,133135,1,0,2.7041119756177068
8286,133136,1,0,2.6878509670495987
8287,133137,1,0,2.7162950136698782
8288,133138,1,1,2.7137899887748063
8289,133139,1,0,2.703711041249335
8290,133140,1,0,2.6899449876509607
8291,133141,1,0,2.7064660098403692
8292,133142,1,0,2.7117860154248774
8293,133143,1,0,2.6996330125257373
8294,133144,1,0,2.698350988794118
8295,133145,1,0,2.716635004617274
8296,133146,1,0,2.7093419921584427
8297,133147,1,0,2.702669007703662
8298,133148,1,0,2.708338957745582
8299,133149,1,0,2.7090609655715525
8300,133150,1,0,2.708540007006377
8301,133151,1,0,2.694644033908844
8302,133152,1,0,2.707988955080509
8303,133153,1,0,2.720411983318627
8304,133154,1,0,2.720801974646747
8305,133155,1,1,2.7013469953089952
8306,133156,1,0,2.7126980130560696
8307,133157,1,0,2.7091309893876314
8308,133158,1,0,2.7053949888795614
8309,133159,1,0,2.6928609586320817
8310,133160,1,0,2.83617596141994
8311,133161,1,0,2.7234680019319057
8312,133162,1,0,2.721103955991566
8313,133163,1,0,2.7018480468541384
8314,133164,1,0,2.73237400688231
8315,133165,1,0,2.7465209714137018
8316,133166,1,0,2.7043020236305892
8317,133167,1,0,3.006651997566223
8318,133168,1,0,2.7228659600950778
8319,133169,1,0,2.72307702107355
8320,133170,1,0,2.7491560322232544
8321,133171,1,0,2.709480992052704
8322,133172,1,1,2.7027190080843866
8323,133173,1,0,2.714171016123146
8324,133174,1,0,2.709021035116166
8325,133175,1,0,2.717397001106292
8326,133176,1,0,2.7047520270571113
8327,133177,1,0,2.7110750088468194
8328,133178,1,0,2.7185180224478245
8329,133179,1,0,2.710774017032236
8330,133180,1,0,2.712738001719117
8331,133181,1,0,2.702047990169376
8332,133182,1,0,2.7210229891352355
8333,133183,1,0,2.71530298050493
8334,133184,1,0,2.715132024604827
8335,133185,1,0,2.708218991756439
8336,133186,1,0,2.720132004469633
8337,133187,1,0,2.835094986949116
8338,133188,1,0,2.7028589975088835
8339,133189,1,1,2.703410980757326
8340,133190,1,0,2.7713770396076143
8341,133191,1,0,2.7197310118936002
8342,133192,1,0,2.705243998207152
8343,133193,1,0,2.7137899887748063
8344,133194,1,0,2.717986993957311
8345,133195,1,0,2.7087199850939214
8346,133196,1,0,2.707818988710642
8347,133197,1,0,2.71625496679917
8348,133198,1,0,2.7085900073871017
8349,133199,1,0,2.72563099861145
8350,133200,1,0,2.7149509987793863
8351,133201,1,0,2.7091919910162687
8352,133202,1,0,2.7131480164825916
8353,133203,1,0,2.71448097191751
8354,133204,1,0,2.7134090196341276
8355,133205,1,0,2.719109004829079
8356,133206,1,1,2.7148420340381563
8357,133207,1,0,2.7145309722982347
8358,133208,1,0,2.702117955777794
8359,133209,1,0,2.711254986934364
8360,133210,1,0,2.71630403585732
8361,133211,1,0,2.7150220121257007
8362,133212,1,0,2.709091000724584
8363,133213,1,0,2.90935201337561
8364,133214,1,0,2.726583043113351
8365,133215,1,0,2.717216033488512
8366,133216,1,0,2.758011978585273
8367,133217,1,0,2.7208219980821013
8368,133218,1,0,2.7229160186834633
8369,133219,1,0,2.7265939861536026
8370,133220,1,0,2.722787030506879
8371,133221,1,0,2.712467045057565
8372,133222,1,0,2.7186889783479273
8373,133223,1,1,2.7245600358583033
8374,133224,1,0,2.7154330164194107
8375,133225,1,0,2.7005249867215753
8376,133226,1,0,2.722906006965786
8377,133227,1,0,2.731752989348024
8378,133228,1,0,2.7201210032217205
8379,133229,1,0,2.6943639968521893
8380,133230,1,0,2.720721997320652
8381,133231,1,0,2.723446988966316
8382,133232,1,0,2.7157230069860816
8383,133233,1,0,2.7006049640476704
8384,133234,1,0,2.7174559654667974
8385,133235,1,0,2.713017980568111
8386,133236,1,0,2.7494659880176187
8387,133237,1,0,2.708429004997015
8388,133238,1,0,2.7280859649181366
8389,133239,1,0,2.7288380078971386
8390,133240,1,1,2.846095012500882
8391,133241,1,0,2.709291991777718
8392,133242,1,0,2.710002998355776
8393,133243,1,0,2.711765991989523
8394,133244,1,0,2.7189889806322753
8395,133245,1,0,2.7197309536859393
8396,133246,1,0,2.7375639765523374
8397,133247,1,0,2.724680001847446
8398,133248,1,0,2.7213739813305438
8399,133249,1,0,2.7003349969163537
8400,133250,1,0,2.7116850251331925
8401,133251,1,0,2.710424014367163
8402,133252,1,0,2.7179669705219567
8403,133253,1,0,2.708679996430874
8404,133254,1,0,2.752221014816314
8405,133255,1,0,2.705965016502887
8406,133256,1,0,2.713379042688757
8407,133257,1,1,2.7113250107504427
8408,133258,1,0,2.710553992073983
8409,133259,1,0,2.7159040328115225
8410,133260,1,0,2.757531008683145
8411,133261,1,0,2.7093419921584427
8412,133262,1,0,2.7162350015714765
8413,133263,1,0,2.72084295284003
8414,133264,1,0,2.710052009206265
8415,133265,1,0,2.6927809813059866
8416,133266,1,0,2.8321389690972865
8417,133267,1,0,2.709041000343859
8418,133268,1,0,2.7149919769726694
8419,133269,1,0,2.6984309661202133
8420,133270,1,0,2.708860964048654
8421,133271,1,0,2.710643981117755
8422,133272,1,0,2.710232976824045
8423,133273,1,0,2.7003849972970784
8424,133274,1,1,2.7116360142827034
8425,133275,1,0,2.73021002067253
8426,133276,1,0,2.72446998860687
8427,133277,1,0,2.714230038691312
8428,133278,1,0,2.7120059821754694
8429,133279,1,0,2.714822010602802
8430,133280,1,0,2.7205520309507847
8431,133281,1,0,2.7038119733333588
8432,133282,1,0,2.7087809867225587
8433,133283,1,0,2.738084993325174
8434,133284,1,0,2.7229159604758024
8435,133285,1,0,2.7107239584438503
8436,133286,1,0,2.7191899716854095
8437,133287,1,0,2.710724016651511
8438,133288,1,0,2.708550018724054
8439,133289,1,0,2.7005659649148583
8440,133290,1,0,2.7131279930472374
8441,133291,1,1,2.720421995036304
8442,133292,1,0,2.7183579513803124
8443,133293,1,0,2.822480979375541
8444,133294,1,0,2.7161140460520983
8445,133295,1,0,2.720843011047691
8446,133296,1,0,2.7110950322821736
8447,133297,1,0,2.6994930231012404
8448,133298,1,0,2.7085199835710227
8449,133299,1,0,2.7106640045531094
8450,133300,1,0,2.7138900477439165
8451,133301,1,0,2.693662012461573
8452,133302,1,0,2.7060550055466592
8453,133303,1,0,2.708048967178911
8454,133304,1,0,2.707507985178381
8455,133305,1,0,2.689584973268211
8456,133306,1,0,2.709923021029681
8457,133307,1,0,2.713860012590885
8458,133308,1,1,2.7016070089302957
8459,133309,1,0,2.703170001041144
8460,133310,1,0,2.7106140041723847
8461,133311,1,0,2.7134190313518047
8462,133312,1,0,2.7097020065411925
8463,133313,1,0,2.7293990133330226
8464,133314,1,0,2.724429010413587
8465,133315,1,0,2.715182024985552
8466,133316,1,0,2.704192011151463
8467,133317,1,0,2.709802007302642
8468,133318,1,0,2.715031965635717
8469,133319,1,0,2.843990980181843
8470,133320,1,0,2.717917028348893
8471,133321,1,0,2.700184006243944
8472,133322,1,0,2.7276260079815984
8473,133323,1,0,2.7166250511072576
8474,133324,1,0,2.7099429862573743
8475,133325,1,1,2.7037509717047215
8476,133326,1,0,2.715201990213245
8477,133327,1,0,2.716224000323564
8478,133328,1,0,2.7116959681734443
8479,133329,1,0,2.70595500478521
8480,133330,1,0,2.719950978644192
8481,133331,1,0,2.7149509987793863
8482,133332,1,0,2.695625997148454
8483,133333,1,0,2.697359013836831
8484,133334,1,0,2.7156329597346485
8485,133335,1,0,2.7143509942106903
8486,133336,1,0,2.7102029998786747
8487,133337,1,0,2.7081690495833755
8488,133338,1,0,2.723527024500072
8489,133339,1,0,2.716976043302566
8490,133340,1,0,2.6909669977612793
8491,133341,1,0,2.7056950493715703
8492,133342,1,1,2.7091410011053085
8493,133343,1,0,2.7076780097559094
8494,133344,1,0,2.697149000596255
8495,133345,1,0,2.719971991609782
8496,133346,1,0,2.8435999993234873
8497,133347,1,0,2.7195700095035136
8498,133348,1,0,2.7078689890913665
8499,133349,1,0,2.7137299766764045
8500,133350,1,0,2.71231698570773
8501,133351,1,0,2.7110649971291423
8502,133352,1,0,2.692820969969034
8503,133353,1,0,2.75786203565076
8504,133354,1,0,2.722826029639691
8505,133355,1,0,2.7018580003641546
8506,133356,1,0,2.6905969716608524
8507,133357,1,0,2.7065660106018186
8508,133358,1,0,2.7139000012539327
8509,133359,1,1,2.721704018767923
8510,133360,1,0,2.6995940133929253
8511,133361,1,0,2.717836992815137
8512,133362,1,0,2.7153120026923716
8513,133363,1,0,2.7110439841635525
8514,133364,1,0,2.71525199059397
8515,133365,1,0,2.7452079812064767
8516,133366,1,0,2.7059050044044852
8517,133367,1,0,2.718477975577116
8518,133368,1,0,2.7019080007448792
8519,133369,1,0,2.7056639664806426
8520,133370,1,0,2.702999976463616
8521,133371,1,0,2.704511978663504
8522,133372,1,0,2.829724980983883
8523,133373,1,0,2.722044999245554
8524,133374,1,0,2.708770043682307
8525,133375,1,0,2.738715964369476
8526,133376,1,1,2.6959659880958498
8527,133377,1,0,2.7099730214104056
8528,133378,1,0,2.710264001507312
8529,133379,1,0,2.7015969972126186
8530,133380,1,0,2.7313230093568563
8531,133381,1,0,2.728266001213342
8532,133382,1,0,2.722104953136295
8533,133383,1,0,2.7168060187250376
8534,133384,1,0,2.7386259753257036
8535,133385,1,0,2.7292579761706293
8536,133386,1,0,2.7281460352241993
8537,133387,1,0,2.7119260048493743
8538,133388,1,0,2.7144509949721396
8539,133389,1,0,2.720902964938432
8540,133390,1,0,2.7160540339536965
8541,133391,1,0,2.7134090196341276
8542,133392,1,0,2.7050739736296237
8543,133393,1,1,2.717857016250491
8544,133394,1,0,2.720071002840996
8545,133395,1,0,2.7036910178139806
8546,133396,1,0,2.6932620094157755
8547,133397,1,0,2.718087984248996
8548,133398,1,0,2.7218739851377904
8549,133399,1,0,2.8452929691411555
8550,133400,1,0,2.6970889884978533
8551,133401,1,0,2.715031965635717
8552,133402,1,0,2.7213029679842293
8553,133403,1,0,2.7162740007042885
8554,133404,1,0,2.7000639820471406
8555,133405,1,0,2.7422120328992605
8556,133406,1,0,2.7419819962233305
8557,133407,1,0,2.7213129797019064
8558,133408,1,0,2.699281962122768
8559,133409,1,0,2.725792001001537
8560,133410,1,1,2.710163011215627
8561,133411,1,0,2.709652006160468
8562,133412,1,0,2.7018770342692733
8563,133413,1,0,2.719941025134176
8564,133414,1,0,2.717346011195332
8565,133415,1,0,2.7236880268901587
8566,133416,1,0,2.6987720048055053
8567,133417,1,0,2.7100819861516356
8568,133418,1,0,2.7132690302096307
8569,133419,1,0,2.701636985875666
8570,133420,1,0,2.7003149734809995
8571,133421,1,0,2.7176570147275925
8572,133422,1,0,2.7192499837838113
8573,133423,1,0,2.749847015365958
8574,133424,1,0,2.6999840047210455
8575,133425,1,0,2.8356750262901187
8576,133426,1,0,2.7021479909308255
8577,133427,1,0,2.7090609655715525
8578,133428,1,1,2.7000739937648177
8579,133429,1,0,2.7199109899811447
8580,133430,1,0,2.728377003222704
8581,133431,1,0,2.719509997405112
8582,133432,1,0,2.7077090344391763
8583,133433,1,0,2.7219050098210573
8584,133434,1,0,2.724369987845421
8585,133435,1,0,2.717436000239104
8586,133436,1,0,2.699313045013696
8587,133437,1,0,2.7144509949721396
8588,133438,1,0,2.727265004068613
8589,133439,1,0,2.7087709750048816
8590,133440,1,0,2.700194949284196
8591,133441,1,0,2.7236780151724815
8592,133442,1,0,2.7335869963280857
8593,133443,1,0,2.7247100370004773
8594,133444,1,0,2.7151519898325205
8595,133445,1,1,2.7447869651950896
8596,133446,1,0,2.7250709827058017
8597,133447,1,0,2.7165639912709594
8598,133448,1,0,2.704191952943802
8599,133449,1,0,2.7189190150238574
8600,133450,1,0,2.7191000408492982
8601,133451,1,0,2.744666999205947
8602,133452,1,0,2.893673023208976
8603,133453,1,0,2.720983000472188
8604,133454,1,0,2.7274139574728906
8605,133455,1,0,2.749014995060861
8606,133456,1,0,2.759413968306035
8607,133457,1,0,2.7123469626531005
8608,133458,1,0,2.738876035436988
8609,133459,1,0,2.7277959743514657
8610,133460,1,0,2.7367419679649174
8611,133461,1,0,2.7125669876113534
8612,133462,1,1,2.741450967732817
8613,133463,1,0,2.7560279704630375
8614,133464,1,0,2.7267340337857604
8615,133465,1,0,2.7153230039402843
8616,133466,1,0,2.7288770070299506
8617,133467,1,0,2.7300299843773246
8618,133468,1,0,2.727115002926439
8619,133469,1,0,2.7648440445773304
8620,133470,1,0,2.6999840047210455
8621,133471,1,0,2.717327035497874
8622,133472,1,0,2.721805009059608
8623,133473,1,0,2.717226045206189
8624,133474,1,0,2.7126880013383925
8625,133475,1,0,2.7220849879086018
8626,133476,1,0,2.7202609926462173
8627,133477,1,0,2.724609978031367
8628,133478,1,0,2.8433299739845097
8629,133479,1,1,2.7312919846735895
8630,133480,1,0,2.7252810541540384
8631,133481,1,0,2.7142700273543596
8632,133482,1,0,2.701086981687695
8633,133483,1,0,2.7208029641769826
8634,133484,1,0,2.7178769814781845
8635,133485,1,0,2.712065994273871
8636,133486,1,0,2.6941330288536847
8637,133487,1,0,2.718369010835886
8638,133488,1,0,2.7180369943380356
8639,133489,1,0,2.7154029812663794
8640,133490,1,0,2.6953250053338706
8641,133491,1,0,2.7227660175412893
8642,133492,1,0,2.804527000989765
8643,133493,1,0,2.730561012867838
8644,133494,1,0,2.7123369509354234
8645,133495,1,0,2.718118019402027
8646,133496,1,1,2.7219249750487506
8647,133497,1,0,2.717996947467327
8648,133498,1,0,2.69763998221606
8649,133499,1,0,2.7171559631824493
8650,133500,1,0,2.7081300504505634
8651,133501,1,0,2.7096319827251136
8652,133502,1,0,2.695625997148454
8653,133503,1,0,2.710483968257904
8654,133504,1,0,2.7189289685338736
8655,133505,1,0,2.838129992596805
8656,133506,1,0,2.7090510120615363
8657,133507,1,0,2.7152529801242054
8658,133508,1,0,2.718097995966673
8659,133509,1,0,2.7064160094596446
8660,133510,1,0,2.688623033463955
8661,133511,1,0,2.7170060202479362
8662,133512,1,0,2.7179470052942634
8663,133513,1,1,2.724077960010618
8664,133514,1,0,2.69413401838392
8665,133515,1,0,2.7234579902142286
8666,133516,1,0,2.948685025330633
8667,133517,1,0,2.7142009930685163
8668,133518,1,0,2.733416040427983
8669,133519,1,0,2.7027790201827884
8670,133520,1,0,2.722936973441392
8671,133521,1,0,2.7107440400868654
8672,133522,1,0,2.699944016057998
8673,133523,1,0,2.711143984925002
8674,133524,1,0,2.7142209582962096
8675,133525,1,0,2.718679024837911
8676,133526,1,0,2.704272046685219
8677,133527,1,0,2.7020779671147466
8678,133528,1,0,2.7177970041520894
8679,133529,1,0,2.715342037845403
8680,133530,1,1,2.707488019950688
8681,133531,1,0,2.825046016369015
8682,133532,1,0,2.7337070205248892
8683,133533,1,0,2.7266429970040917
8684,133534,1,0,2.7220249758102
8685,133535,1,0,2.694853988941759
8686,133536,1,0,2.712877991143614
8687,133537,1,0,2.7166049694642425
8688,133538,1,0,2.7017969987355173
8689,133539,1,0,2.7379440143704414
8690,133540,1,0,2.725961967371404
8691,133541,1,0,2.7154720155522227
8692,133542,1,0,2.6975300279445946
8693,133543,1,0,2.6988720055669546
8694,133544,1,0,2.719651034567505
8695,133545,1,0,2.705974970012903
8696,133546,1,0,2.698650991078466
8697,133547,1,1,2.696096955332905
8698,133548,1,0,2.710223023314029
8699,133549,1,0,2.708058978896588
8700,133550,1,0,2.6894750189967453
8701,133551,1,0,2.708188956603408
8702,133552,1,0,2.7253510197624564
8703,133553,1,0,2.7249809936620295
8704,133554,1,0,2.7082799933850765
8705,133555,1,0,2.7191200060769916
8706,133556,1,0,2.714220026973635
8707,133557,1,0,2.710724016651511
8708,133558,1,0,2.8301060083322227
8709,133559,1,0,2.7453280054032803
8710,133560,1,0,2.7406499721109867
8711,133561,1,0,2.715383016038686
8712,133562,1,0,2.6991930208168924
8713,133563,1,0,2.707849023863673
8714,133564,1,1,2.7212940040044487
8715,133565,1,0,2.7266130200587213
8716,133566,1,0,2.6992629864253104
8717,133567,1,0,2.7049430063925683
8718,133568,1,0,2.717467024922371
8719,133569,1,0,2.7141899918206036
8720,133570,1,0,2.700093958992511
8721,133571,1,0,2.7129779919050634
8722,133572,1,0,2.7106539928354323
8723,133573,1,0,2.706316008698195
8724,133574,1,0,2.6944040437228978
8725,133575,1,0,2.7082290034741163
8726,133576,1,0,2.713518973905593
8727,133577,1,0,2.699523000046611
8728,133578,1,0,2.693301998078823
8729,133579,1,0,2.7191300177946687
8730,133580,1,0,2.7090010116808116
8731,133581,1,1,2.70956102758646
8732,133582,1,0,2.7007359894923866
8733,133583,1,0,2.7151720132678747
8734,133584,1,0,2.8355459799058735
8735,133585,1,0,2.7137489523738623
8736,133586,1,0,2.69704801030457
8737,133587,1,0,2.712226996663958
8738,133588,1,0,2.717397001106292
8739,133589,1,0,2.7090809890069067
8740,133590,1,0,2.701626974157989
8741,133591,1,0,2.723067009355873
8742,133592,1,0,2.71336903097108
8743,133593,1,0,2.711204986553639
8744,133594,1,0,2.708048967178911
8745,133595,1,0,2.7105429908260703
8746,133596,1,0,2.7108239592052996
8747,133597,1,0,2.7044229791499674
8748,133598,1,1,2.704703016206622
8749,133599,1,0,2.7093709795735776
8750,133600,1,0,2.7203920180909336
8751,133601,1,0,2.7075479738414288
8752,133602,1,0,2.7026289608329535
8753,133603,1,0,2.705243998207152
8754,133604,1,0,2.7199710020795465
8755,133605,1,0,2.697068965062499
8756,133606,1,0,2.7125970227643847
8757,133607,1,0,2.77375103905797
8758,133608,1,0,2.7673389995470643
8759,133609,1,0,2.8240439714863896
8760,133610,1,0,2.7015770319849253
8761,133611,1,0,2.8364669997245073
8762,133612,1,0,2.720432006753981
8763,133613,1,0,2.7060959837399423
8764,133614,1,0,2.7078590355813503
8765,133615,1,1,2.719289972446859
8766,133616,1,0,2.707497973460704
8767,133617,1,0,2.7165139908902347
8768,133618,1,0,2.6992529747076333
8769,133619,1,0,2.7143009938299656
8770,133620,1,0,2.7139600133523345
8771,133621,1,0,2.719530020840466
8772,133622,1,0,2.691067988052964
8773,133623,1,0,2.7117760037072003
8774,133624,1,0,2.7159739984199405
8775,133625,1,0,2.70477298181504
8776,133626,1,0,2.687992004211992
8777,133627,1,0,2.713710011448711
8778,133628,1,0,2.7124470216222107
8779,133629,1,0,2.70541402278468
8780,133630,1,0,2.7081489679403603
8781,133631,1,0,2.7127679786644876
8782,133632,1,1,2.7992880204692483
8783,133633,1,0,2.7089809882454574
8784,133634,1,0,2.707267994992435
8785,133635,1,0,2.72540096193552
8786,133636,1,0,2.720662043429911
8787,133637,1,0,2.8408460202626884
8788,133638,1,0,2.6999939582310617
8789,133639,1,0,2.7139390003867447
8790,133640,1,0,2.71741597680375
8791,133641,1,0,2.708209038246423
8792,133642,1,0,2.691768982913345
8793,133643,1,0,2.714181027840823
8794,133644,1,0,2.708619984332472
8795,133645,1,0,2.7026389725506306
8796,133646,1,0,2.7051339857280254
8797,133647,1,0,2.705874969251454
8798,133648,1,0,2.7200609911233187
8799,133649,1,1,2.7074679965153337
8800,133650,1,0,2.7088100323453546
8801,133651,1,0,2.7123669860884547
8802,133652,1,0,2.71190598141402
8803,133653,1,0,2.7040120330639184
8804,133654,1,0,2.699814038351178
8805,133655,1,0,2.749897015746683
8806,133656,1,0,2.7172359987162054
8807,133657,1,0,2.711615990847349
8808,133658,1,0,2.711254986934364
8809,133659,1,0,2.718097995966673
8810,133660,1,0,2.7125769993290305
8811,133661,1,0,2.7199109899811447
8812,133662,1,0,2.719259005971253
8813,133663,1,0,2.727074024733156
8814,133664,1,0,2.862696012016386
8815,133665,1,0,2.723217010498047
8816,133666,1,1,2.7037709951400757
8817,133667,1,0,2.7250410057604313
8818,133668,1,0,2.7244090451858938
8819,133669,1,0,2.732724999077618
8820,133670,1,0,2.7041819994337857
8821,133671,1,0,2.7250010170973837
8822,133672,1,0,2.720693009905517
8823,133673,1,0,2.7255620225332677
8824,133674,1,0,2.706105005927384
8825,133675,1,0,2.7191600529477
8826,133676,1,0,2.7533830143511295
8827,133677,1,0,2.726203005295247
8828,133678,1,0,2.7052839868701994
8829,133679,1,0,2.759423980023712
8830,133680,1,0,2.7328950236551464
8831,133681,1,0,2.7245189994573593
8832,133682,1,0,2.7066170005127788
8833,133683,1,1,2.7137300348840654
8834,133684,1,0,2.7194900321774185
8835,133685,1,0,2.716004033572972
8836,133686,1,0,2.719800977502018
8837,133687,1,0,2.7192500419914722
8838,133688,1,0,2.7305010007694364
8839,133689,1,0,2.7217139722779393
8840,133690,1,0,2.829523989930749
8841,133691,1,0,2.6993430219590664
8842,133692,1,0,2.708390005864203
8843,133693,1,0,2.7239680057391524
8844,133694,1,0,2.7070569922216237
8845,133695,1,0,2.7071069926023483
8846,133696,1,0,2.715272014029324
8847,133697,1,0,2.7172359987162054
8848,133698,1,0,2.716173999942839
8849,133699,1,0,2.7125769993290305
8850,133700,1,1,2.7304909890517592
8851,133701,1,0,2.7640830376185477
8852,133702,1,0,2.7567099896259606
8853,133703,1,0,2.6934919878840446
8854,133704,1,0,2.718387986533344
8855,133705,1,0,2.7143110055476427
8856,133706,1,0,2.6997040258720517
8857,133707,1,0,2.705683989915997
8858,133708,1,0,2.71149497712031
8859,133709,1,0,2.711044973693788
8860,133710,1,0,2.700714976526797
8861,133711,1,0,2.702508994843811
8862,133712,1,0,2.7156940195709467
8863,133713,1,0,2.735739981289953
8864,133714,1,0,2.70513299619779
8865,133715,1,0,2.7085100300610065
8866,133716,1,0,2.7185690123587847
8867,133717,1,1,2.8399729635566473
8868,133718,1,0,2.705574966967106
8869,133719,1,0,2.7096319827251136
8870,133720,1,0,2.7396680088713765
8871,133721,1,0,2.715602982789278
8872,133722,1,0,2.6999239926226437
8873,133723,1,0,2.7057749684900045
8874,133724,1,0,2.7190790278837085
8875,133725,1,0,2.7147119981236756
8876,133726,1,0,2.7066459879279137
8877,133727,1,0,2.714261005166918
8878,133728,1,0,2.7231870335526764
8879,133729,1,0,2.716724993661046
8880,133730,1,0,2.7015270316042006
8881,133731,1,0,2.7088000206276774
8882,133732,1,0,2.7109950315207243
8883,133733,1,0,2.7112349634990096
8884,133734,1,0,2.6958470116369426
8885,133735,1,1,2.709591994062066
8886,133736,1,0,2.72524100728333
8887,133737,1,0,2.71589303156361
8888,133738,1,0,2.6918590301647782
8889,133739,1,0,2.7218449977226555
8890,133740,1,0,2.716275048442185
8891,133741,1,0,2.704432001337409
8892,133742,1,0,2.6980499969795346
8893,133743,1,0,2.871932985726744
8894,133744,1,0,2.751991036348045
8895,133745,1,0,2.719230018556118
8896,133746,1,0,2.7035800158046186
8897,133747,1,0,2.703561040107161
8898,133748,1,0,2.7141800383105874
8899,133749,1,0,2.7129880036227405
8900,133750,1,0,2.702859987039119
8901,133751,1,0,2.713268040679395
8902,133752,1,1,2.7202919591218233
8903,133753,1,0,2.7110250084660947
8904,133754,1,0,2.6955659850500524
8905,133755,1,0,2.708540007006377
8906,133756,1,0,2.703370002564043
8907,133757,1,0,2.719961979892105
8908,133758,1,0,2.6958860107697546
8909,133759,1,0,2.70891998661682
8910,133760,1,0,2.7133889961987734
8911,133761,1,0,2.69882200518623
8912,133762,1,0,2.70353996893391
8913,133763,1,0,2.7126880013383925
8914,133764,1,0,2.7031800127588212
8915,133765,1,0,2.695595961995423
8916,133766,1,0,2.7052939985878766
8917,133767,1,0,2.7161840116605163
8918,133768,1,0,2.719750045798719
8919,133769,1,1,2.7139599551446736
8920,133770,1,0,2.829363977070898
8921,133771,1,0,2.718168019782752
8922,133772,1,0,2.715923998039216
8923,133773,1,0,2.718568022828549
8924,133774,1,0,2.7344480040483177
8925,133775,1,0,2.721944998484105
8926,133776,1,0,2.7183580095879734
8927,133777,1,0,2.7002239949069917
8928,133778,1,0,2.7028899639844894
8929,133779,1,0,2.7240079944022
8930,133780,1,0,2.707969048060477
8931,133781,1,0,2.713257970754057
8932,133782,1,0,2.7024089940823615
8933,133783,1,0,2.7082589804194868
8934,133784,1,0,2.716143964789808
8935,133785,1,0,2.703079953789711
8936,133786,1,1,2.7126279892399907
8937,133787,1,0,2.7106140041723847
8938,133788,1,0,2.71607399918139
8939,133789,1,0,2.7021680143661797
8940,133790,1,0,2.705714025069028
8941,133791,1,0,2.720983000472188
8942,133792,1,0,2.7135389973409474
8943,133793,1,0,2.7065069880336523
8944,133794,1,0,2.721193013712764
8945,133795,1,0,2.7088000206276774
8946,133796,1,0,2.8390419902279973
8947,133797,1,0,2.703570993617177
8948,133798,1,0,2.7102029998786747
8949,133799,1,0,2.7198410243727267
8950,133800,1,0,2.716224000323564
8951,133801,1,0,2.7048829942941666
8952,133802,1,0,2.7034099912270904
8953,133803,1,1,2.7121060411445796
8954,133804,1,0,2.7141209575347602
8955,133805,1,0,2.6996639790013433
8956,133806,1,0,2.7132279938086867
8957,133807,1,0,2.705974970012903
8958,133808,1,0,2.7088510105386376
8959,133809,1,0,2.704372047446668
8960,133810,1,0,2.7142909821122885
8961,133811,1,0,2.7122670435346663
8962,133812,1,0,2.7188590029254556
8963,133813,1,0,2.712326997425407
8964,133814,1,0,2.7148110093548894
8965,133815,1,0,2.7301899972371757
8966,133816,1,0,2.711264998652041
8967,133817,1,0,2.696807961910963
8968,133818,1,0,2.7959420112892985
8969,133819,1,0,2.7165039791725576
8970,133820,1,1,2.719048992730677
8971,133821,1,0,2.701867022551596
8972,133822,1,0,2.7282770024612546
8973,133823,1,0,2.8357160044834018
8974,133824,1,0,2.720481948927045
8975,133825,1,0,2.7082000160589814
8976,133826,1,0,2.7068370254710317
8977,133827,1,0,2.7130289818160236
8978,133828,1,0,2.7115150005556643
8979,133829,1,0,2.7076880214735866
8980,133830,1,0,2.7120470185764134
8981,133831,1,0,2.712466986849904
8982,133832,1,0,2.717275987379253
8983,133833,1,0,2.7034300146624446
8984,133834,1,0,2.7227969840168953
8985,133835,1,0,2.740238036494702
8986,133836,1,0,2.757249982096255
8987,133837,1,1,2.7372330077923834
8988,133838,1,0,2.7291379519738257
8989,133839,1,0,2.7558180154301226
8990,133840,1,0,2.734618028625846
8991,133841,1,0,2.7149520465172827
8992,133842,1,0,2.703870995901525
8993,133843,1,0,2.7193200075998902
8994,133844,1,0,2.725470985751599
8995,133845,1,0,2.710414002649486
8996,133846,1,0,2.719992015045136
8997,133847,1,0,2.756740024778992
8998,133848,1,0,2.76615604525432
8999,133849,1,0,2.89859197800979
9000,133850,1,0,2.7595649589784443
9001,133851,1,0,2.7408599853515625
9002,133852,1,0,2.7595250285230577
9003,133853,1,0,2.75722099468112
9004,133854,1,1,2.756849047727883
9005,133855,1,0,2.736370952334255
9006,133856,1,0,2.732313994783908
9007,133857,1,0,2.724328951444477
9008,133858,1,0,2.72565201157704
9009,133859,1,0,2.7043629670515656
9010,133860,1,0,2.711114997509867
9011,133861,1,0,2.7317029889672995
9012,133862,1,0,2.7088900096714497
9013,133863,1,0,2.707749023102224
9014,133864,1,0,2.7060150168836117
9015,133865,1,0,2.888333983719349
9016,133866,1,0,2.7435049996711314
9017,133867,1,0,2.716335002332926
9018,133868,1,0,2.703961043152958
9019,133869,1,0,2.722895995248109
9020,133870,1,0,2.71986098960042
9021,133871,1,1,2.708961023017764
9022,133872,1,0,2.6936419890262187
9023,133873,1,0,2.7117960271425545
9024,133874,1,0,2.7073280070908368
9025,133875,1,0,2.704291953705251
9026,133876,1,0,2.8363870223984122
9027,133877,1,0,2.71471100859344
9028,133878,1,0,2.725080994423479
9029,133879,1,0,2.7137590222992003
9030,133880,1,0,2.7034510276280344
9031,133881,1,0,2.7166149811819196
9032,133882,1,0,2.721122989896685
9033,133883,1,0,2.71553301718086
9034,133884,1,0,2.7039619744755328
9035,133885,1,0,2.7098829741589725
9036,133886,1,0,2.705533988773823
9037,133887,1,0,2.7124870102852583
9038,133888,1,1,2.777138026431203
9039,133889,1,0,2.7124080224893987
9040,133890,1,0,2.7094820397906005
9041,133891,1,0,2.7100430452264845
9042,133892,1,0,2.7054339880123734
9043,133893,1,0,2.717467024922371
9044,133894,1,0,2.7184989885427058
9045,133895,1,0,2.713630034122616
9046,133896,1,0,2.702118013985455
9047,133897,1,0,2.7243089862167835
9048,133898,1,0,2.7449679910205305
9049,133899,1,0,2.730439999140799
9050,133900,1,0,2.709250955376774
9051,133901,1,0,2.717868017498404
9052,133902,1,0,2.8385909972712398
9053,133903,1,0,2.7094610268250108
9054,133904,1,0,2.70477298181504
9055,133905,1,1,2.712257031816989
9056,133906,1,0,2.726363018155098
9057,133907,1,0,2.713819034397602
9058,133908,1,0,2.6995129883289337
9059,133909,1,0,2.7133189723826945
9060,133910,1,0,2.7145909843966365
9061,133911,1,0,2.756649046204984
9062,133912,1,0,2.7018270338885486
9063,133913,1,0,2.7338769868947566
9064,133914,1,0,2.7661759522743523
9065,133915,1,0,2.7231069980189204
9066,133916,1,0,2.708560030441731
9067,133917,1,0,2.704052021726966
9068,133918,1,0,2.7259120251983404
9069,133919,1,0,2.727045037318021
9070,133920,1,0,2.718809002544731
9071,133921,1,0,2.708289015572518
9072,133922,1,1,2.718358999118209
9073,133923,1,0,2.720972988754511
9074,133924,1,0,2.7115449775010347
9075,133925,1,0,2.72446998860687
9076,133926,1,0,2.7194410213269293
9077,133927,1,0,2.711185021325946
9078,133928,1,0,2.7054150123149157
9079,133929,1,0,2.8366880142129958
9080,133930,1,0,2.716906019486487
9081,133931,1,0,2.7146809734404087
9082,133932,1,0,2.698442025575787
9083,133933,1,0,2.7095720288343728
9084,133934,1,0,2.7741710073314607
9085,133935,1,0,2.7148809749633074
9086,133936,1,0,2.708690008148551
9087,133937,1,0,2.706375962588936
9088,133938,1,0,2.7174660353921354
9089,133939,1,1,2.7215140289627016
9090,133940,1,0,2.7529019862413406
9091,133941,1,0,2.705323975533247
9092,133942,1,0,2.7131480164825916
9093,133943,1,0,2.7208529645577073
9094,133944,1,0,2.704783051740378
9095,133945,1,0,2.709662017878145
9096,133946,1,0,2.7133289841003716
9097,133947,1,0,2.7052730438299477
9098,133948,1,0,2.694584021810442
9099,133949,1,0,2.708329993765801
9100,133950,1,0,2.709250955376774
9101,133951,1,0,2.7026289608329535
9102,133952,1,0,2.74071900639683
9103,133953,1,0,2.7004650328308344
9104,133954,1,0,2.7139390003867447
9105,133955,1,0,2.8437599539756775
9106,133956,1,1,2.703331003431231
9107,133957,1,0,2.694073016755283
9108,133958,1,0,2.8051790432073176
9109,133959,1,0,2.715201990213245
9110,133960,1,0,2.7067570481449366
9111,133961,1,0,2.7049629716202617
9112,133962,1,0,2.7177969459444284
9113,133963,1,0,2.708651009015739
9114,133964,1,0,2.6992629864253104
9115,133965,1,0,2.701135992538184
9116,133966,1,0,2.7125169872306287
9117,133967,1,0,2.7127680368721485
9118,133968,1,0,2.7182280318811536
9119,133969,1,0,2.709020976908505
9120,133970,1,0,2.724018006119877
9121,133971,1,0,2.7170359971933067
9122,133972,1,0,2.7030500350520015
9123,133973,1,1,2.7153429691679776
9124,133974,1,0,2.7109140064567327
9125,133975,1,0,2.7154929703101516
9126,133976,1,0,2.7062250301241875
9127,133977,1,0,2.7081589796580374
9128,133978,1,0,2.707428007852286
9129,133979,1,0,2.7084999601356685
9130,133980,1,0,2.7094820397906005
9131,133981,1,0,2.754385001026094
9132,133982,1,0,2.8362469747662544
9133,133983,1,0,2.7114860131405294
9134,133984,1,0,2.702379017136991
9135,133985,1,0,2.6992529747076333
9136,133986,1,0,2.70987197291106
9137,133987,1,0,2.7070780051872134
9138,133988,1,0,2.7053540106862783
9139,133989,1,0,2.712246961891651
9140,133990,1,1,2.7125870110467076
9141,133991,1,0,2.7138100122101605
9142,133992,1,0,2.6991330087184906
9143,133993,1,0,2.715673006605357
9144,133994,1,0,2.7209530235268176
9145,133995,1,0,2.724429010413587
9146,133996,1,0,2.7069670031778514
9147,133997,1,0,2.7110049850307405
9148,133998,1,0,2.712076995521784
9149,133999,1,0,2.7145110070705414
9150,134000,1,0,2.6904360274784267
9151,134001,1,0,2.7173759881407022
9152,134002,1,0,2.7310620062053204
9153,134003,1,0,2.708599960897118
9154,134004,1,0,2.708358981180936
9155,134005,1,0,2.7348080184310675
9156,134006,1,0,2.7173759881407022
9157,134007,1,1,2.7153919800184667
9158,134008,1,0,2.8373589739203453
9159,134009,1,0,2.711685956455767
9160,134010,1,0,2.715823007747531
9161,134011,1,0,2.711324952542782
9162,134012,1,0,2.703902020584792
9163,134013,1,0,2.712596964556724
9164,134014,1,0,2.7196300216019154
9165,134015,1,0,2.713648951612413
9166,134016,1,0,2.712407032959163
9167,134017,1,0,2.7296190382912755
9168,134018,1,0,2.7232469874434173
9169,134019,1,0,2.7202109922654927
9170,134020,1,0,2.7014269726350904
9171,134021,1,0,2.7089110226370394
9172,134022,1,0,2.713288995437324
9173,134023,1,0,2.7143009938299656
9174,134024,1,1,2.6950949686579406
9175,134025,1,0,2.717407012823969
9176,134026,1,0,2.7152030379511416
9177,134027,1,0,2.7108240174129605
9178,134028,1,0,2.7143809711560607
9179,134029,1,0,2.7138100122101605
9180,134030,1,0,2.712016983423382
9181,134031,1,0,2.7063359739258885
9182,134032,1,0,2.6907469728030264
9183,134033,1,0,2.736381022259593
9184,134034,1,0,2.715602982789278
9185,134035,1,0,2.8333620284684002
9186,134036,1,0,2.7021279674954712
9187,134037,1,0,2.7263329830020666
9188,134038,1,0,2.7215839945711195
9189,134039,1,0,2.7160440222360194
9190,134040,1,0,2.727645041886717
9191,134041,1,1,2.71414004964754
9192,134042,1,0,2.7142809703946114
9193,134043,1,0,2.7256220346316695
9194,134044,1,0,2.7365420246496797
9195,134045,1,0,2.719459997024387
9196,134046,1,0,2.7095520053990185
9197,134047,1,0,2.7152730035595596
9198,134048,1,0,2.7064959867857397
9199,134049,1,0,2.7177970041520894
9200,134050,1,0,2.7308620046824217
9201,134051,1,0,2.7209530235268176
9202,134052,1,0,2.7028690092265606
9203,134053,1,0,2.718318020924926
9204,134054,1,0,2.7250609709881246
9205,134055,1,0,2.7104230248369277
9206,134056,1,0,2.696106967050582
9207,134057,1,0,2.7137089637108147
9208,134058,1,0,2.713038004003465
9209,134059,1,1,2.708720974624157
9210,134060,1,0,2.699734002817422
9211,134061,1,0,2.8424179763533175
9212,134062,1,0,2.7125069755129516
9213,134063,1,0,2.715342037845403
9214,134064,1,0,2.710213011596352
9215,134065,1,0,2.7149009983986616
9216,134066,1,0,2.71378003526479
9217,134067,1,0,2.7139800367876887
9218,134068,1,0,2.6888030115514994
9219,134069,1,0,2.7187789673916996
9220,134070,1,0,2.722746052313596
9221,134071,1,0,2.7242889627814293
9222,134072,1,0,2.6984720025211573
9223,134073,1,0,2.7200409676879644
9224,134074,1,0,2.7644929941743612
9225,134075,1,0,2.717496012337506
9226,134076,1,1,2.697128977160901
9227,134077,1,0,2.727485029026866
9228,134078,1,0,2.71746696671471
9229,134079,1,0,2.716854971367866
9230,134080,1,0,2.7004749863408506
9231,134081,1,0,2.7196399751119316
9232,134082,1,0,2.7271140133962035
9233,134083,1,0,2.7075480320490897
9234,134084,1,0,2.7014570077881217
9235,134085,1,0,2.7164340135641396
9236,134086,1,0,2.7278559864498675
9237,134087,1,0,2.704502025153488
9238,134088,1,0,2.827910997439176
9239,134089,1,0,2.718258008826524
9240,134090,1,0,2.718589035794139
9241,134091,1,0,2.7175360010005534
9242,134092,1,0,2.6922299875877798
9243,134093,1,1,2.710703993216157
9244,134094,1,0,2.712226996663958
9245,134095,1,0,2.7156529831700027
9246,134096,1,0,2.697288990020752
9247,134097,1,0,2.7134990086779
9248,134098,1,0,2.714901987928897
9249,134099,1,0,2.698090043850243
9250,134100,1,0,2.7125870110467076
9251,134101,1,0,2.722115023061633
9252,134102,1,0,2.710303000640124
9253,134103,1,0,2.70178698701784
9254,134104,1,0,2.708119049202651
9255,134105,1,0,2.7117159916087985
9256,134106,1,0,2.7120059821754694
9257,134107,1,0,2.719481009989977
9258,134108,1,0,2.7053639641962945
9259,134109,1,0,2.735469024628401
9260,134110,1,1,2.718557952903211
9261,134111,1,0,2.6992419734597206
9262,134112,1,0,2.715923998039216
9263,134113,1,0,2.7184889768250287
9264,134114,1,0,2.8380699804984033
9265,134115,1,0,2.702588972169906
9266,134116,1,0,2.7011260390281677
9267,134117,1,0,2.7133789844810963
9268,134118,1,0,2.7114260010421276
9269,134119,1,0,2.699944016057998
9270,134120,1,0,2.704393002204597
9271,134121,1,0,2.7781889657489955
9272,134122,1,0,2.718878968153149
9273,134123,1,0,2.713850000873208
9274,134124,1,0,2.696668030694127
9275,134125,1,0,2.712877991143614
9276,134126,1,0,2.7073880191892385
9277,134127,1,1,2.7091309893876314
9278,134128,1,0,2.7443660073913634
9279,134129,1,0,2.7264730306342244
9280,134130,1,0,2.710082975681871
9281,134131,1,0,2.6979809626936913
9282,134132,1,0,2.7098419959656894
9283,134133,1,0,2.73955799639225
9284,134134,1,0,2.7212040149606764
9285,134135,1,0,2.7066870243288577
9286,134136,1,0,2.708540007006377
9287,134137,1,0,2.7234269655309618
9288,134138,1,0,2.723928017076105
9289,134139,1,0,2.711686014663428
9290,134140,1,0,2.7102530002593994
9291,134141,1,0,2.8444919735193253
9292,134142,1,0,2.7192599955014884
9293,134143,1,0,2.7174659771844745
9294,134144,1,1,2.7240279596298933
9295,134145,1,0,2.7381539694033563
9296,134146,1,0,2.776887034997344
9297,134147,1,0,2.7811850304715335
9298,134148,1,0,2.7708259876817465
9299,134149,1,0,2.7681500068865716
9300,134150,1,0,2.7640530024655163
9301,134151,1,0,2.761698968242854
9302,134152,1,0,2.7556070126593113
9303,134153,1,0,2.749565988779068
9304,134154,1,0,2.7183989877812564
9305,134155,1,0,2.715723996516317
9306,134156,1,0,2.7280060457997024
9307,134157,1,0,2.711024018935859
9308,134158,1,0,2.7071969816461205
9309,134159,1,0,2.7203820063732564
9310,134160,1,0,2.7220750343985856
9311,134161,1,1,2.6988929603248835
9312,134162,1,0,2.7135989512316883
9313,134163,1,0,2.722585981246084
9314,134164,1,0,2.717656025197357
9315,134165,1,0,2.711755980271846
9316,134166,1,0,2.709251013584435
9317,134167,1,0,2.9043530230410397
9318,134168,1,0,2.724969992414117
9319,134169,1,0,2.709391003008932
9320,134170,1,0,2.6964269927702844
9321,134171,1,0,2.7128380024805665
9322,134172,1,0,2.7124269981868565
9323,134173,1,0,2.71543295821175
9324,134174,1,0,2.7031800127588212
9325,134175,1,0,2.7132880059070885
9326,134176,1,0,2.7155830175615847
9327,134177,1,0,2.7120669838041067
9328,134178,1,1,2.726092003285885
9329,134179,1,0,2.7190890396013856
9330,134180,1,0,2.7153529808856547
9331,134181,1,0,2.7055650134570897
9332,134182,1,0,2.7028589975088835
9333,134183,1,0,2.7091509546153247
9334,134184,1,0,2.7319630025886
9335,134185,1,0,2.7640030020847917
9336,134186,1,0,2.751538995653391
9337,134187,1,0,2.7344879927113652
9338,134188,1,0,2.7279859641566873
9339,134189,1,0,2.706285973545164
9340,134190,1,0,2.7088209753856063
9341,134191,1,0,2.72307702107355
9342,134192,1,0,2.7148209628649056
9343,134193,1,0,2.701417019125074
9344,134194,1,0,2.827280026394874
9345,134195,1,1,2.7191900298930705
9346,134196,1,0,2.718328032642603
9347,134197,1,0,2.719940966926515
9348,134198,1,0,2.702258003409952
9349,134199,1,0,2.7288770070299506
9350,134200,1,0,2.726132981479168
9351,134201,1,0,2.720711985602975
9352,134202,1,0,2.6978100067935884
9353,134203,1,0,2.7212739805690944
9354,134204,1,0,2.714481030125171
9355,134205,1,0,2.7114160475321114
9356,134206,1,0,2.7006349992007017
9357,134207,1,0,2.711575012654066
9358,134208,1,0,2.7166649815626442
9359,134209,1,0,2.700814977288246
9360,134210,1,0,2.718618023209274
9361,134211,1,0,2.7092520031146705
9362,134212,1,1,2.7072279481217265
9363,134213,1,0,2.7376540238037705
9364,134214,1,0,2.7117760037072003
9365,134215,1,0,2.7121169841848314
9366,134216,1,0,2.7010359917767346
9367,134217,1,0,2.6993629871867597
9368,134218,1,0,2.707507985178381
9369,134219,1,0,2.711615990847349
9370,134220,1,0,2.8485790244303644
9371,134221,1,0,2.7138300356455147
9372,134222,1,0,2.7045729802921414
9373,134223,1,0,2.717526978813112
9374,134224,1,0,2.7130779926665127
9375,134225,1,0,2.7072279481217265
9376,134226,1,0,2.700065029785037
9377,134227,1,0,2.7002550195902586
9378,134228,1,0,2.7138000004924834
9379,134229,1,1,2.701637044083327
9380,134230,1,0,2.6978100067935884
9381,134231,1,0,2.7211940032429993
9382,134232,1,0,2.701877965591848
9383,134233,1,0,2.6849459973163903
9384,134234,1,0,2.704482991248369
9385,134235,1,0,2.7078890125267208
9386,134236,1,0,2.70600599469617
9387,134237,1,0,2.9899710207246244
9388,134238,1,0,2.7001439593732357
9389,134239,1,0,2.7212330023758113
9390,134240,1,0,2.7155830175615847
9391,134241,1,0,2.715202048420906
9392,134242,1,0,2.6988419704139233
9393,134243,1,0,2.708198968321085
9394,134244,1,0,2.715582959353924
9395,134245,1,0,2.708410029299557
9396,134246,1,1,2.7134889969602227
9397,134247,1,0,2.8408950311131775
9398,134248,1,0,2.7204420184716582
9399,134249,1,0,2.7140399906784296
9400,134250,1,0,2.7031300123780966
9401,134251,1,0,2.71630403585732
9402,134252,1,0,2.7143509942106903
9403,134253,1,0,2.712867979425937
9404,134254,1,0,2.6989320176653564
9405,134255,1,0,2.7174269780516624
9406,134256,1,0,2.7100019506178796
9407,134257,1,0,2.704191952943802
9408,134258,1,0,2.703240024857223
9409,134259,1,0,2.7122870087623596
9410,134260,1,0,2.7288079727441072
9411,134261,1,0,2.7155429706908762
9412,134262,1,0,2.6978409732691944
9413,134263,1,1,2.7076179976575077
9414,134264,1,0,2.715351991355419
9415,134265,1,0,2.704352024011314
9416,134266,1,0,2.702508994843811
9417,134267,1,0,2.7157330187037587
9418,134268,1,0,2.7193300193175673
9419,134269,1,0,2.7086000191047788
9420,134270,1,0,2.704452956095338
9421,134271,1,0,2.7125169872306287
9422,134272,1,0,2.710864006076008
9423,134273,1,0,2.8177419444546103
9424,134274,1,0,2.702529018279165
9425,134275,1,0,2.7213930152356625
9426,134276,1,0,2.7223859797231853
9427,134277,1,0,2.7070679934695363
9428,134278,1,0,2.7126779896207154
9429,134279,1,0,2.7233569999225438
9430,134280,1,1,2.7153430273756385
9431,134281,1,0,2.699703967664391
9432,134282,1,0,2.7101830346509814
9433,134283,1,0,2.754824992734939
9434,134284,1,0,2.7217150200158358
9435,134285,1,0,2.71365896333009
9436,134286,1,0,2.7010859921574593
9437,134287,1,0,2.699953969568014
9438,134288,1,0,2.719950978644192
9439,134289,1,0,2.7018969994969666
9440,134290,1,0,2.7066670008935034
9441,134291,1,0,2.7119360165670514
9442,134292,1,0,2.7134190313518047
9443,134293,1,0,2.6936419890262187
9444,134294,1,0,2.713188005145639
9445,134295,1,0,2.7200409676879644
9446,134296,1,0,2.717346011195332
9447,134297,1,1,2.7065459871664643
9448,134298,1,0,2.7197509771212935
9449,134299,1,0,2.718968957196921
9450,134300,1,0,2.844150993041694
9451,134301,1,0,2.709302003495395
9452,134302,1,0,2.706735976971686
9453,134303,1,0,2.723167010117322
9454,134304,1,0,2.725822036154568
9455,134305,1,0,2.7018869877792895
9456,134306,1,0,2.7227170066908
9457,134307,1,0,2.7219849871471524
9458,134308,1,0,2.7135490090586245
9459,134309,1,0,2.696387004107237
9460,134310,1,0,2.715182024985552
9461,134311,1,0,2.7162140468135476
9462,134312,1,0,2.709992986638099
9463,134313,1,0,2.6928309816867113
9464,134314,1,1,2.7166850049979985
9465,134315,1,0,2.707937965169549
9466,134316,1,0,2.6999739930033684
9467,134317,1,0,2.7011459460482
9468,134318,1,0,2.7246600366197526
9469,134319,1,0,2.7221759664826095
9470,134320,1,0,2.705735038034618
9471,134321,1,0,2.7124970220029354
9472,134322,1,0,2.718268020544201
9473,134323,1,0,2.7141200262121856
9474,134324,1,0,2.7185979997739196
9475,134325,1,0,2.7153919800184667
9476,134326,1,0,2.831238030921668
9477,134327,1,0,2.735019021201879
9478,134328,1,0,2.7251510182395577
9479,134329,1,0,2.6989420293830335
9480,134330,1,0,2.8085950179956853
9481,134331,1,1,2.7126180357299745
9482,134332,1,0,2.7147020446136594
9483,134333,1,0,2.6971890474669635
9484,134334,1,0,2.700164041016251
9485,134335,1,0,2.7072980301454663
9486,134336,1,0,2.70757800899446
9487,134337,1,0,2.6982510462403297
9488,134338,1,0,2.7190190157853067
9489,134339,1,0,2.716094022616744
9490,134340,1,0,2.7135590207763016
9491,134341,1,0,2.7036300161853433
9492,134342,1,0,2.7645230293273926
9493,134343,1,0,2.737464033998549
9494,134344,1,0,2.7100819861516356
9495,134345,1,0,2.6984610012732446
9496,134346,1,0,2.7167549706064165
9497,134347,1,0,2.71566299488768
9498,134348,1,1,2.7158239972777665
9499,134349,1,0,2.6976700173690915
9500,134350,1,0,2.7138589648529887
9501,134351,1,0,2.7162450132891536
9502,134352,1,0,2.7128179790452123
9503,134353,1,0,2.899302984587848
9504,134354,1,0,2.714902046136558
9505,134355,1,0,2.7312120073474944
9506,134356,1,0,2.735899994149804
9507,134357,1,0,2.723707992117852
9508,134358,1,0,2.715934009756893
9509,134359,1,0,2.718659001402557
9510,134360,1,0,2.725983038544655
9511,134361,1,0,2.719759999308735
9512,134362,1,0,2.6988019817508757
9513,134363,1,0,2.7209119871258736
9514,134364,1,0,2.715833019465208
9515,134365,1,0,2.707877953071147
9516,134366,1,1,2.7133789844810963
9517,134367,1,0,2.7198210009373724
9518,134368,1,0,2.723296987824142
9519,134369,1,0,2.717355964705348
9520,134370,1,0,2.704312966670841
9521,134371,1,0,2.71543295821175
9522,134372,1,0,2.7252709842287004
9523,134373,1,0,2.7086909976787865
9524,134374,1,0,2.701056015212089
9525,134375,1,0,2.714972011744976
9526,134376,1,0,2.761949028354138
9527,134377,1,0,2.7257520123384893
9528,134378,1,0,2.703609992749989
9529,134379,1,0,2.848430012818426
9530,134380,1,0,2.7217749739065766
9531,134381,1,0,2.7206719969399273
9532,134382,1,0,2.710933971684426
9533,134383,1,1,2.7185179642401636
9534,134384,1,0,2.72364798001945
9535,134385,1,0,2.7176159783266485
9536,134386,1,0,2.6958469534292817
9537,134387,1,0,2.7143610059283674
9538,134388,1,0,2.7281970251351595
9539,134389,1,0,2.715882961638272
9540,134390,1,0,2.694734954275191
9541,134391,1,0,2.7169249951839447
9542,134392,1,0,2.7282360242679715
9543,134393,1,0,2.7098230202682316
9544,134394,1,0,2.704822982195765
9545,134395,1,0,2.71555403014645
9546,134396,1,0,2.724349033087492
9547,134397,1,0,2.7082290034741163
9548,134398,1,0,2.7018479886464775
9549,134399,1,0,2.7148619992658496
9550,134400,1,1,2.7491149958223104
9551,134401,1,0,2.7244800003245473
9552,134402,1,0,2.7014270308427513
9553,134403,1,0,2.74388596881181
9554,134404,1,0,2.7148619992658496
9555,134405,1,0,2.7066160109825432
9556,134406,1,0,2.8315079980529845
9557,134407,1,0,2.716735005378723
9558,134408,1,0,2.7225560043007135
9559,134409,1,0,2.718087984248996
9560,134410,1,0,2.7198910247534513
9561,134411,1,0,2.7180579490959644
9562,134412,1,0,2.7157639851793647
9563,134413,1,0,2.7170759858563542
9564,134414,1,0,2.7030399651266634
9565,134415,1,0,2.7198109892196953
9566,134416,1,0,2.7169150416739285
9567,134417,1,1,2.715052047278732
9568,134418,1,0,2.692580979783088
9569,134419,1,0,2.711915993131697
9570,134420,1,0,2.721383993048221
9571,134421,1,0,2.716805029194802
9572,134422,1,0,2.7041620342060924
9573,134423,1,0,2.7664770022965968
9574,134424,1,0,2.7217140304856002
9575,134425,1,0,2.728736959397793
9576,134426,1,0,2.701878023799509
9577,134427,1,0,2.7133889961987734
9578,134428,1,0,2.7217049500904977
9579,134429,1,0,2.719950978644192
9580,134430,1,0,2.6974690263159573
9581,134431,1,0,2.705744991544634
9582,134432,1,0,2.8423579642549157
9583,134433,1,0,2.7137500001117587
9584,134434,1,1,2.704101032577455
9585,134435,1,0,2.7137789875268936
9586,134436,1,0,2.713850000873208
9587,134437,1,0,2.7239489718340337
9588,134438,1,0,2.7055940008722246
9589,134439,1,0,2.730951993726194
9590,134440,1,0,2.7152220136485994
9591,134441,1,0,2.715523005463183
9592,134442,1,0,2.701146004255861
9593,134443,1,0,2.724429010413587
9594,134444,1,0,2.722415025345981
9595,134445,1,0,2.7138699661009014
9596,134446,1,0,2.696176990866661
9597,134447,1,0,2.716293965931982
9598,134448,1,0,2.7221260243095458
9599,134449,1,0,2.7196499868296087
9600,134450,1,0,2.6973990024998784
9601,134451,1,1,2.7158029843121767
9602,134452,1,0,2.7230569976381958
9603,134453,1,0,2.707317005842924
9604,134454,1,0,2.711344975978136
9605,134455,1,0,2.7255010209046304
9606,134456,1,0,2.7134899864904583
9607,134457,1,0,2.7107439818792045
9608,134458,1,0,2.68612802028656
9609,134459,1,0,2.8347339830361307
9610,134460,1,0,2.721264027059078
9611,134461,1,0,2.720753022003919
9612,134462,1,0,2.702118013985455
9613,134463,1,0,2.7106140041723847
9614,134464,1,0,2.7222249773330986
9615,134465,1,0,2.7153119444847107
9616,134466,1,0,2.6975199580192566
9617,134467,1,0,2.713049005251378
9618,134468,1,1,2.709041000343859
9619,134469,1,0,2.6940429816022515
9620,134470,1,0,2.7149819652549922
9621,134471,1,0,2.738815965130925
9622,134472,1,0,2.7129979571327567
9623,134473,1,0,2.702829020563513
9624,134474,1,0,2.701986988540739
9625,134475,1,0,2.7103429893031716
9626,134476,1,0,2.7106040506623685
9627,134477,1,0,2.6983009884133935
9628,134478,1,0,2.7007960015907884
9629,134479,1,0,2.710804983507842
9630,134480,1,0,2.718959003686905
9631,134481,1,0,2.691218047402799
9632,134482,1,0,2.7092319796793163
9633,134483,1,0,2.7097819838672876
9634,134484,1,0,2.704603015445173
9635,134485,1,1,2.814425970427692
9636,134486,1,0,2.6990629849024117
9637,134487,1,0,2.7199609903618693
9638,134488,1,0,2.715913054998964
9639,134489,1,0,2.6884329854510725
9640,134490,1,0,2.7167550288140774
9641,134491,1,0,2.722767007071525
9642,134492,1,0,2.715373004321009
9643,134493,1,0,2.701356017496437
9644,134494,1,0,2.7175259892828763
9645,134495,1,0,2.715752983931452
9646,134496,1,0,2.7210830012336373
9647,134497,1,0,2.687580999918282
9648,134498,1,0,2.719861047808081
9649,134499,1,0,2.7164550265297294
9650,134500,1,0,2.6972690247930586
9651,134501,1,0,2.698270953260362
9652,134502,1,1,2.7146919746883214
9653,134503,1,0,2.7136189746670425
9654,134504,1,0,2.705193997826427
9655,134505,1,0,2.771375991869718
9656,134506,1,0,2.755727036856115
9657,134507,1,0,2.737684000749141
9658,134508,1,0,2.741190022788942
9659,134509,1,0,2.697779971640557
9660,134510,1,0,2.7110340306535363
9661,134511,1,0,2.7147509972564876
9662,134512,1,0,2.8476269799284637
9663,134513,1,0,2.7051239740103483
9664,134514,1,0,2.711224020458758
9665,134515,1,0,2.7170059620402753
9666,134516,1,0,2.7277650078758597
9667,134517,1,0,2.7099419967271388
9668,134518,1,0,2.7224060031585395
9669,134519,1,1,2.7166249928995967
9670,134520,1,0,2.707807987462729
9671,134521,1,0,2.6974999927915633
9672,134522,1,0,2.7100929873995483
9673,134523,1,0,2.7086000191047788
9674,134524,1,0,2.70436197752133
9675,134525,1,0,2.6923600235022604
9676,134526,1,0,2.7174659771844745
9677,134527,1,0,2.714210015255958
9678,134528,1,0,2.699612989090383
9679,134529,1,0,2.719940966926515
9680,134530,1,0,2.7421630220487714
9681,134531,1,0,2.708358981180936
9682,134532,1,0,2.7062460430897772
9683,134533,1,0,2.6926700375042856
9684,134534,1,0,2.7106740162707865
9685,134535,1,0,2.7089700452052057
9686,134536,1,1,2.709971973672509
9687,134537,1,0,2.714390982873738
9688,134538,1,0,2.8295349911786616
9689,134539,1,0,2.7486140024848282
9690,134540,1,0,2.7133889961987734
9691,134541,1,0,2.6916689821518958
9692,134542,1,0,2.7121969615109265
9693,134543,1,0,2.729017985984683
9694,134544,1,0,2.709933032747358
9695,134545,1,0,2.6898360229097307
9696,134546,1,0,2.7071780059486628
9697,134547,1,0,2.7038520202040672
9698,134548,1,0,2.7015370433218777
9699,134549,1,0,2.7071969816461205
9700,134550,1,0,2.705033984966576
9701,134551,1,0,2.710082975681871
9702,134552,1,0,2.701326971873641
9703,134553,1,1,2.7081790030933917
9704,134554,1,0,2.7177470037713647
9705,134555,1,0,2.7158239972777665
9706,134556,1,0,2.6924809790216386
9707,134557,1,0,2.7108840295113623
9708,134558,1,0,2.7132289833389223
9709,134559,1,0,2.708479994907975
9710,134560,1,0,2.6935620117001235
9711,134561,1,0,2.714871021453291
9712,134562,1,0,2.7185489889234304
9713,134563,1,0,2.7693529846146703
9714,134564,1,0,2.6981800328940153
9715,134565,1,0,2.8314979863353074
9716,134566,1,0,2.7199609903618693
9717,134567,1,0,2.739526971708983
9718,134568,1,0,2.742993994615972
9719,134569,1,0,2.7156640426255763
9720,134570,1,1,2.7064059977419674
9721,134571,1,0,2.71056400379166
9722,134572,1,0,2.699393022339791
9723,134573,1,0,2.711815992370248
9724,134574,1,0,2.7121559833176434
9725,134575,1,0,2.739607007242739
9726,134576,1,0,2.7040120330639184
9727,134577,1,0,2.7040319982916117
9728,134578,1,0,2.7095720288343728
9729,134579,1,0,2.7146419743075967
9730,134580,1,0,2.706806000787765
9731,134581,1,0,2.712307032197714
9732,134582,1,0,2.7098930440843105
9733,134583,1,0,2.717024995945394
9734,134584,1,0,2.699082950130105
9735,134585,1,0,2.730139996856451
9736,134586,1,0,2.7199910255149007
9737,134587,1,1,2.7170549728907645
9738,134588,1,0,2.7068870258517563
9739,134589,1,0,2.7231069980189204
9740,134590,1,0,2.720481948927045
9741,134591,1,0,2.8363870223984122
9742,134592,1,0,2.7130789821967483
9743,134593,1,0,2.711174951400608
9744,134594,1,0,2.723557990975678
9745,134595,1,0,2.7161440229974687
9746,134596,1,0,2.70798901328817
9747,134597,1,0,2.7234769659116864
9748,134598,1,0,2.724139019846916
9749,134599,1,0,2.7212629793211818
9750,134600,1,0,2.707908977754414
9751,134601,1,0,2.7120159938931465
9752,134602,1,0,2.7117449790239334
9753,134603,1,0,2.713899011723697
9754,134604,1,1,2.703620004467666
9755,134605,1,0,2.710804052185267
9756,134606,1,0,2.714700996875763
9757,134607,1,0,2.7112450334243476
9758,134608,1,0,2.6921399985440075
9759,134609,1,0,2.755346999038011
9760,134610,1,0,2.7303799870423973
9761,134611,1,0,2.717356022913009
9762,134612,1,0,2.704511978663504
9763,134613,1,0,2.7353590121492743
9764,134614,1,0,2.7131889946758747
9765,134615,1,0,2.715262002311647
9766,134616,1,0,2.6998139801435173
9767,134617,1,0,2.713769965339452
9768,134618,1,0,2.842047018930316
9769,134619,1,0,2.718718023970723
9770,134620,1,0,2.713979978580028
9771,134621,1,1,2.7151620015501976
9772,134622,1,0,2.716224000323564
9773,134623,1,0,2.718467963859439
9774,134624,1,0,2.7147019864059985
9775,134625,1,0,2.713068970479071
9776,134626,1,0,2.733346016611904
9777,134627,1,0,2.7203719946555793
9778,134628,1,0,2.7008160250261426
9779,134629,1,0,2.7143610059283674
9780,134630,1,0,2.7179770404472947
9781,134631,1,0,2.730220032390207
9782,134632,1,0,2.7050040080212057
9783,134633,1,0,2.8490910190157592
9784,134634,1,0,2.7151720132678747
9785,134635,1,0,2.716585004236549
9786,134636,1,0,2.713710011448711
9787,134637,1,0,2.7059459825977683
9788,134638,1,1,2.7148520457558334
9789,134639,1,0,2.7213740395382047
9790,134640,1,0,2.7175170253030956
9791,134641,1,0,2.7013259823434055
9792,134642,1,0,2.7174869901500642
9793,134643,1,0,2.7195410220883787
9794,134644,1,0,2.8403939795680344
9795,134645,1,0,2.700274984817952
9796,134646,1,0,2.7133990079164505
9797,134647,1,0,2.7247800026088953
9798,134648,1,0,2.7218739851377904
9799,134649,1,0,2.704091020859778
9800,134650,1,0,2.718076983001083
9801,134651,1,0,2.7183080092072487
9802,134652,1,0,2.7242490323260427
9803,134653,1,0,2.7062949957326055
9804,134654,1,0,2.7133989497087896
9805,134655,1,1,2.7164340135641396
9806,134656,1,0,2.804919029586017
9807,134657,1,0,2.708239946514368
9808,134658,1,0,2.715873997658491
9809,134659,1,0,2.7146809734404087
9810,134660,1,0,2.715672948397696
9811,134661,1,0,2.6999739930033684
9812,134662,1,0,2.7118059806525707
9813,134663,1,0,2.7240790077485144
9814,134664,1,0,2.7133289841003716
9815,134665,1,0,2.696237002965063
9816,134666,1,0,2.7208829997107387
9817,134667,1,0,2.717686991672963
9818,134668,1,0,2.706316008698195
9819,134669,1,0,2.691338013391942
9820,134670,1,0,2.7338869986124337
9821,134671,1,0,2.843339985702187
9822,134672,1,1,2.722575969528407
9823,134673,1,0,2.7056850376538932
9824,134674,1,0,2.7301799855194986
9825,134675,1,0,2.7279159985482693
9826,134676,1,0,2.7266929973848164
9827,134677,1,0,2.7144309715367854
9828,134678,1,0,2.719390031415969
9829,134679,1,0,2.7177169686183333
9830,134680,1,0,2.7056950493715703
9831,134681,1,0,2.6999239926226437
9832,134682,1,0,2.7230560081079602
9833,134683,1,0,2.7231169515289366
9834,134684,1,0,2.718418021686375
9835,134685,1,0,2.6942940312437713
9836,134686,1,0,2.71388900000602
9837,134687,1,0,2.7127270004712045
9838,134688,1,0,2.7013570070266724
9839,134689,1,0,2.693051006644964
9840,134690,1,1,2.7117159916087985
9841,134691,1,0,2.7079589781351388
9842,134692,1,0,2.699553966522217
9843,134693,1,0,2.702930010855198
9844,134694,1,0,2.711975947022438
9845,134695,1,0,2.7104229666292667
9846,134696,1,0,2.7014169609174132
9847,134697,1,0,2.862635999917984
9848,134698,1,0,2.724899968598038
9849,134699,1,0,2.713379042688757
9850,134700,1,0,2.7090299990959466
9851,134701,1,0,2.694634022191167
9852,134702,1,0,2.729669969994575
9853,134703,1,0,2.721944998484105
9854,134704,1,0,2.698431955650449
9855,134705,1,0,2.698110998608172
9856,134706,1,0,2.708890999201685
9857,134707,1,1,2.714471018407494
9858,134708,1,0,2.6997129898518324
9859,134709,1,0,2.7091610245406628
9860,134710,1,0,2.7070370269939303
9861,134711,1,0,2.705404011067003
9862,134712,1,0,2.7015170198865235
9863,134713,1,0,2.714630973059684
9864,134714,1,0,2.717857016250491
9865,134715,1,0,2.703470003325492
9866,134716,1,0,2.6919300435110927
9867,134717,1,0,2.721623983234167
9868,134718,1,0,2.7093919925391674
9869,134719,1,0,2.717206021770835
9870,134720,1,0,2.7135289856232703
9871,134721,1,0,2.713128982577473
9872,134722,1,0,2.7268239646218717
9873,134723,1,0,2.711615990847349
9874,134724,1,1,2.8256570221856236
9875,134725,1,0,2.705805003643036
9876,134726,1,0,2.7133289841003716
9877,134727,1,0,2.716215036343783
9878,134728,1,0,2.6977090165019035
9879,134729,1,0,2.727495040744543
9880,134730,1,0,2.7329549775458872
9881,134731,1,0,2.7122169849462807
9882,134732,1,0,2.6995129883289337
9883,134733,1,0,2.711696026381105
9884,134734,1,0,2.7218739851377904
9885,134735,1,0,2.7157439617440104
9886,134736,1,0,2.7022080030292273
9887,134737,1,0,2.7138699661009014
9888,134738,1,0,2.7156330179423094
9889,134739,1,0,2.7080090367235243
9890,134740,1,0,2.6956359506584704
9891,134741,1,1,2.7213640278205276
9892,134742,1,0,2.7164450148120522
9893,134743,1,0,2.6934720226563513
9894,134744,1,0,2.7121860184706748
9895,134745,1,0,2.7108839713037014
9896,134746,1,0,2.705935970880091
9897,134747,1,0,2.703570993617177
9898,134748,1,0,2.702828962355852
9899,134749,1,0,2.7416919474489987
9900,134750,1,0,2.835534978657961
9901,134751,1,0,2.7091410011053085
9902,134752,1,0,2.70757800899446
9903,134753,1,0,2.7101230225525796
9904,134754,1,0,2.711084031034261
9905,134755,1,0,2.702369005419314
9906,134756,1,0,2.7140399906784296
9907,134757,1,0,2.722025034017861
9908,134758,1,1,2.7177069569006562
9909,134759,1,0,2.7138000004924834
9910,134760,1,0,2.7138800360262394
9911,134761,1,0,2.715993963647634
9912,134762,1,0,2.704623038880527
9913,134763,1,0,2.7030599885620177
9914,134764,1,0,2.7091209776699543
9915,134765,1,0,2.7118559810332954
9916,134766,1,0,2.709581982344389
9917,134767,1,0,2.720843011047691
9918,134768,1,0,2.7151620015501976
9919,134769,1,0,2.706895989831537
9920,134770,1,0,2.7113750111311674
9921,134771,1,0,2.7000749832950532
9922,134772,1,0,2.750437008216977
9923,134773,1,0,2.7193499845452607
9924,134774,1,0,2.7133990079164505
9925,134775,1,1,2.6922700344584882
9926,134776,1,0,2.7260020142421126
9927,134777,1,0,2.850994002074003
9928,134778,1,0,2.7248099795542657
9929,134779,1,0,2.7129980153404176
9930,134780,1,0,2.7185880462639034
9931,134781,1,0,2.728196035604924
9932,134782,1,0,2.7209330000914633
9933,134783,1,0,2.7159140445291996
9934,134784,1,0,2.7087199850939214
9935,134785,1,0,2.717847004532814
9936,134786,1,0,2.7234380249865353
9937,134787,1,0,2.705413964577019
9938,134788,1,0,2.7148420340381563
9939,134789,1,0,2.71851901197806
9940,134790,1,0,2.716534014325589
9941,134791,1,0,2.6968789752572775
9942,134792,1,1,2.71471100859344
9943,134793,1,0,2.7156840078532696
9944,134794,1,0,2.7137689758092165
9945,134795,1,0,2.7080290019512177
9946,134796,1,0,2.719640964642167
9947,134797,1,0,2.709041000343859
9948,134798,1,0,2.7073880191892385
9949,134799,1,0,2.6967990561388433
9950,134800,1,0,2.71215703105554
9951,134801,1,0,2.710213011596352
9952,134802,1,0,2.7158440207131207
9953,134803,1,0,2.829213975928724
9954,134804,1,0,2.718969015404582
9955,134805,1,0,2.7218739851377904
9956,134806,1,0,2.711765991989523
9957,134807,1,0,2.712226996663958
9958,134808,1,0,2.7170859975740314
9959,134809,1,1,2.719209995120764
9960,134810,1,0,2.714150003157556
9961,134811,1,0,2.707797975745052
9962,134812,1,0,2.717776980716735
9963,134813,1,0,2.7184279751963913
9964,134814,1,0,2.7178379823453724
9965,134815,1,0,2.6981609989888966
9966,134816,1,0,2.721944998484105
9967,134817,1,0,2.719641022849828
9968,134818,1,0,2.725992992054671
9969,134819,1,0,2.7781089884229004
9970,134820,1,0,2.711554989218712
9971,134821,1,0,2.722815959714353
9972,134822,1,0,2.7209330000914633
9973,134823,1,0,2.7120370068587363
9974,134824,1,0,2.7077989652752876
9975,134825,1,0,2.725761034525931
9976,134826,1,1,2.756929025053978
9977,134827,1,0,2.724268997553736
9978,134828,1,0,2.7168760425411165
9979,134829,1,0,2.749235020019114
9980,134830,1,0,2.859710017219186
9981,134831,1,0,2.720732009038329
9982,134832,1,0,2.7124870102852583
9983,134833,1,0,2.717296010814607
9984,134834,1,0,2.744495985098183
9985,134835,1,0,2.721133001614362
9986,134836,1,0,2.7070569922216237
9987,134837,1,0,2.7108039939776063
9988,134838,1,0,2.7262630173936486
9989,134839,1,0,2.723909041378647
9990,134840,1,0,2.7099630096927285
9991,134841,1,0,2.719459997024387
9992,134842,1,0,2.721104014199227
9993,134843,1,1,2.7283860254101455
9994,134844,1,0,2.7163049671798944
9995,134845,1,0,2.719209995120764
9996,134846,1,0,2.7178170275874436
9997,134847,1,0,2.7210229891352355
9998,134848,1,0,2.721254015341401
9999,134849,1,0,2.7174860006198287
10000,134850,1,0,2.7192700072191656
10001,134851,1,0,2.7208530227653682
10002,134852,1,0,2.7034800150431693
10003,134853,1,0,2.7188389794901013
10004,134854,1,0,2.7336670318618417
10005,134855,1,0,2.717046008910984
10006,134856,1,0,2.8283119900152087
10007,134857,1,0,2.7108340291306376
10008,134858,1,0,2.730461012106389
10009,134859,1,0,2.742512966506183
10010,134860,1,1,2.738516021054238
10011,134861,1,0,2.7143009938299656
10012,134862,1,0,2.7199609903618693
10013,134863,1,0,2.721404016483575
10014,134864,1,0,2.708609972614795
10015,134865,1,0,2.7038719854317605
10016,134866,1,0,2.7245189994573593
10017,134867,1,0,2.730130043346435
10018,134868,1,0,2.702508994843811
10019,134869,1,0,2.7023190050385892
10020,134870,1,0,2.7628010138869286
10021,134871,1,0,2.7165350038558245
10022,134872,1,0,2.7066770126111805
10023,134873,1,0,2.704000973608345
10024,134874,1,0,2.714160014875233
10025,134875,1,0,2.7110439841635525
10026,134876,1,0,2.702869998756796
10027,134877,1,1,2.694344031624496
10028,134878,1,0,2.7047930052503943
10029,134879,1,0,2.707017003558576
10030,134880,1,0,2.6960470131598413
10031,134881,1,0,2.7032900252379477
10032,134882,1,0,2.710843982640654
10033,134883,1,0,2.8386710328049958
10034,134884,1,0,2.7050130302086473
10035,134885,1,0,2.7087810449302197
10036,134886,1,0,2.712097018957138
10037,134887,1,0,2.717496012337506
10038,134888,1,0,2.7052040095441043
10039,134889,1,0,2.8018629527650774
10040,134890,1,0,2.7226959937252104
10041,134891,1,0,2.717606956139207
10042,134892,1,0,2.7004849980585277
10043,134893,1,0,2.706996980123222
10044,134894,1,1,2.7093120152130723
10045,134895,1,0,2.7126179775223136
10046,134896,1,0,2.7108140056952834
10047,134897,1,0,2.709480992052704
10048,134898,1,0,2.716173999942839
10049,134899,1,0,2.711565000936389
10050,134900,1,0,2.7003950090147555
10051,134901,1,0,2.706016006413847
10052,134902,1,0,2.71535204956308
10053,134903,1,0,2.7071170043200254
10054,134904,1,0,2.6946839643642306
10055,134905,1,0,2.7227369719184935
10056,134906,1,0,2.717066032346338
10057,134907,1,0,2.745509031228721
10058,134908,1,0,2.7353899786248803
10059,134909,1,0,2.850844000931829
10060,134910,1,0,2.70917103625834
10061,134911,1,1,2.7194799622520804
10062,134912,1,0,2.7497559785842896
10063,134913,1,0,2.6877609780058265
10064,134914,1,0,2.7011659694835544
10065,134915,1,0,2.7031800127588212
10066,134916,1,0,2.688242995645851
10067,134917,1,0,2.702748985029757
10068,134918,1,0,2.710233035031706
10069,134919,1,0,2.715362992603332
10070,134920,1,0,2.682232006918639
10071,134921,1,0,2.7049329946748912
10072,134922,1,0,2.717757015489042
10073,134923,1,0,2.7085799956694245
10074,134924,1,0,2.6960669783875346
10075,134925,1,0,2.7075179968960583
10076,134926,1,0,2.7197099989280105
10077,134927,1,0,2.7040709974244237
10078,134928,1,1,2.7064760215580463
10079,134929,1,0,2.7106140041723847
10080,134930,1,0,2.7155130519531667
10081,134931,1,0,2.7172359987162054
10082,134932,1,0,2.7424030122347176
10083,134933,1,0,2.718748990446329
10084,134934,1,0,2.715112001169473
10085,134935,1,0,2.7053039520978928
10086,134936,1,0,2.8268189635127783
10087,134937,1,0,2.7398079982958734
10088,134938,1,0,2.753081964328885
10089,134939,1,0,2.711495035327971
10090,134940,1,0,2.6966080185957253
10091,134941,1,0,2.7184690115973353
10092,134942,1,0,2.719581010751426
10093,134943,1,0,2.7134590200148523
10094,134944,1,0,2.691628993488848
10095,134945,1,1,2.7141000027768314
10096,134946,1,0,2.7121560415253043
10097,134947,1,0,2.697519026696682
10098,134948,1,0,2.7745830011554062
10099,134949,1,0,2.722986973822117
10100,134950,1,0,2.7107439818792045
10101,134951,1,0,2.7125669876113534
10102,134952,1,0,2.6957860100083053
10103,134953,1,0,2.7100430452264845
10104,134954,1,0,2.748694969341159
10105,134955,1,0,2.7427630266174674
10106,134956,1,0,2.700425044167787
10107,134957,1,0,2.716554969083518
10108,134958,1,0,2.9770570108667016
10109,134959,1,0,2.7108649956062436
10110,134960,1,0,2.7139500016346574
10111,134961,1,0,2.7027990436181426
10112,134962,1,1,2.8372679953463376
10113,134963,1,0,2.711976005230099
10114,134964,1,0,2.710643981117755
10115,134965,1,0,2.6931919855996966
10116,134966,1,0,2.71728599909693
10117,134967,1,0,2.704843005631119
10118,134968,1,0,2.708961023017764
10119,134969,1,0,2.68736103316769
10120,134970,1,0,2.712146961130202
10121,134971,1,0,2.7043320005759597
10122,134972,1,0,2.697720017749816
10123,134973,1,0,2.702679019421339
10124,134974,1,0,2.7192090055905282
10125,134975,1,0,2.7129880036227405
10126,134976,1,0,2.7050739736296237
10127,134977,1,0,2.7091610245406628
10128,134978,1,0,2.712567977141589
10129,134979,1,1,2.7159940218552947
10130,134980,1,0,2.703470003325492
10131,134981,1,0,2.6971990009769797
10132,134982,1,0,2.7357199578545988
10133,134983,1,0,2.7082900051027536
10134,134984,1,0,2.6920189848169684
10135,134985,1,0,2.703992009628564
10136,134986,1,0,2.7100230217911303
10137,134987,1,0,2.7094120159745216
10138,134988,1,0,2.7015869854949415
10139,134989,1,0,2.858196967281401
10140,134990,1,0,2.713098016101867
10141,134991,1,0,2.7105940389446914
10142,134992,1,0,2.6994229992851615
10143,134993,1,0,2.6989220059476793
10144,134994,1,0,2.7021479909308255
10145,134995,1,0,2.706646977458149
10146,134996,1,1,2.6985720032826066
10147,134997,1,0,2.714540984015912
10148,134998,1,0,2.716094022616744
10149,134999,1,0,2.71190598141402
10150,135000,1,0,2.7009359910152853
10151,135001,1,0,2.7054439997300506
10152,135002,1,0,2.706436032894999
10153,135003,1,0,2.7043820009566844
10154,135004,1,0,2.704982995055616
10155,135005,1,0,2.7097919955849648
10156,135006,1,0,2.7088899514637887
10157,135007,1,0,2.6912480243481696
10158,135008,1,0,2.7020169654861093
10159,135009,1,0,2.7100330335088074
10160,135010,1,0,2.706526021938771
10161,135011,1,0,2.70016398280859
10162,135012,1,0,2.7028800104744732
10163,135013,1,0,2.71172501379624
10164,135014,1,1,2.715462993364781
10165,135015,1,0,2.829352975822985
10166,135016,1,0,2.7082699816673994
10167,135017,1,0,2.705605002120137
10168,135018,1,0,2.714790985919535
10169,135019,1,0,2.696808020118624
10170,135020,1,0,2.7044719900004566
10171,135021,1,0,2.703561040107161
10172,135022,1,0,2.704833052121103
10173,135023,1,0,2.686469000764191
10174,135024,1,0,2.699703967664391
10175,135025,1,0,2.708961023017764
10176,135026,1,0,2.6990120531991124
10177,135027,1,0,2.696097013540566
10178,135028,1,0,2.7471809880807996
10179,135029,1,0,2.716114977374673
10180,135030,1,0,2.705805003643036
10181,135031,1,1,2.7003540308214724
10182,135032,1,0,3.0142059549689293
10183,135033,1,0,2.721254015341401
10184,135034,1,0,2.7136090211570263
10185,135035,1,0,2.733486006036401
10186,135036,1,0,2.735700982157141
10187,135037,1,0,2.7283160015940666
10188,135038,1,0,2.7204520301893353
10189,135039,1,0,2.708850021008402
10190,135040,1,0,2.7007160242646933
10191,135041,1,0,2.7133889961987734
10192,135042,1,0,2.867856004741043
10193,135043,1,0,2.754224988166243
10194,135044,1,0,2.7155730058439076
10195,135045,1,0,2.706455998122692
10196,135046,1,0,2.715543028898537
10197,135047,1,0,2.71833804436028
10198,135048,1,1,2.7149919769726694
10199,135049,1,0,2.7166850049979985
10200,135050,1,0,2.727355051320046
10201,135051,1,0,2.8196159983053803
10202,135052,1,0,2.7249400154687464
10203,135053,1,0,2.7031299541704357
10204,135054,1,0,2.716094022616744
10205,135055,1,0,2.716724993661046
10206,135056,1,0,2.709320979192853
10207,135057,1,0,2.700384007766843
10208,135058,1,0,2.724589023273438
10209,135059,1,0,2.721272991038859
10210,135060,1,0,2.7120360173285007
10211,135061,1,0,2.704763028305024
10212,135062,1,0,2.7170960092917085
10213,135063,1,0,2.7142810286022723
10214,135064,1,0,2.7123980107717216
10215,135065,1,1,2.7082290034741163
10216,135066,1,0,2.719920943491161
10217,135067,1,0,2.7207329985685647
10218,135068,1,0,2.8481290210038424
10219,135069,1,0,2.7043020236305892
10220,135070,1,0,2.7196400333195925
10221,135071,1,0,2.7143610059283674
10222,135072,1,0,2.7168249944224954
10223,135073,1,0,2.7037410181947052
10224,135074,1,0,2.731863991357386
10225,135075,1,0,2.799328009132296
10226,135076,1,0,2.713840047363192
10227,135077,1,0,2.698451979085803
10228,135078,1,0,2.718990028370172
10229,135079,1,0,2.712938003242016
10230,135080,1,0,2.720903023146093
10231,135081,1,0,2.7080990257672966
10232,135082,1,1,2.715293026994914
10233,135083,1,0,2.715643960982561
10234,135084,1,0,2.7148519875481725
10235,135085,1,0,2.701356017496437
10236,135086,1,0,2.7185279759578407
10237,135087,1,0,2.7249300037510693
10238,135088,1,0,2.719279029406607
10239,135089,1,0,2.703010046388954
10240,135090,1,0,2.726353006437421
10241,135091,1,0,2.7121860184706748
10242,135092,1,0,2.7038520202040672
10243,135093,1,0,2.694584021810442
10244,135094,1,0,2.7211129781790078
10245,135095,1,0,2.8511440032161772
10246,135096,1,0,2.711686014663428
10247,135097,1,0,2.6987919700331986
10248,135098,1,0,2.7181280311197042
10249,135099,1,1,2.725080994423479
10250,135100,1,0,2.717776980716735
10251,135101,1,0,2.7082699816673994
10252,135102,1,0,2.718066971283406
10253,135103,1,0,2.718177973292768
10254,135104,1,0,2.721122989896685
10255,135105,1,0,2.6997739914804697
10256,135106,1,0,2.719570999033749
10257,135107,1,0,2.710603002924472
10258,135108,1,0,2.72336695343256
10259,135109,1,0,2.70286004524678
10260,135110,1,0,2.717526978813112
10261,135111,1,0,2.7269640122540295
10262,135112,1,0,2.713209018111229
10263,135113,1,0,2.710673026740551
10264,135114,1,0,2.7986469794996083
10265,135115,1,0,2.879556966945529
10266,135116,1,1,2.934638992883265
10267,135117,1,0,2.720603020861745
10268,135118,1,0,2.6980300317518413
10269,135119,1,0,2.697270014323294
10270,135120,1,0,2.717196010053158
10271,135121,1,0,2.877361956052482
10272,135122,1,0,2.718177973292768
10273,135123,1,0,2.694413997232914
10274,135124,1,0,2.711484965402633
10275,135125,1,0,2.712397021241486
10276,135126,1,0,2.693141985218972
10277,135127,1,0,2.6950250030495226
10278,135128,1,0,2.710703993216157
10279,135129,1,0,2.709662017878145
10280,135130,1,0,2.70260899560526
10281,135131,1,0,2.6955860084854066
10282,135132,1,0,2.7109740185551345
10283,135133,1,1,2.7065059985034168
10284,135134,1,0,2.6801979984156787
10285,135135,1,0,2.712387009523809
10286,135136,1,0,2.7118560392409563
10287,135137,1,0,2.6972689665853977
10288,135138,1,0,2.6903770049102604
10289,135139,1,0,2.702508994843811
10290,135140,1,0,2.71038303617388
10291,135141,1,0,2.6988520403392613
10292,135142,1,0,2.7007649769075215
10293,135143,1,0,2.7108339709229767
10294,135144,1,0,2.746420039329678
10295,135145,1,0,2.753604028839618
10296,135146,1,0,2.690566994715482
10297,135147,1,0,2.7083400054834783
10298,135148,1,0,2.8408949729055166
10299,135149,1,0,2.716274990234524
10300,135150,1,1,2.692239999305457
10301,135151,1,0,2.7137399883940816
10302,135152,1,0,2.7070570504292846
10303,135153,1,0,2.7141509926877916
10304,135154,1,0,2.691417990718037
10305,135155,1,0,2.707428007852286
10306,135156,1,0,2.736300986725837
10307,135157,1,0,2.7093219687230885
10308,135158,1,0,2.700906014069915
10309,135159,1,0,2.703870995901525
10310,135160,1,0,2.7132589602842927
10311,135161,1,0,2.7025490417145193
10312,135162,1,0,2.6995440130122006
10313,135163,1,0,2.7088199858553708
10314,135164,1,0,2.7070670039393008
10315,135165,1,0,2.699152973946184
10316,135166,1,0,2.757802023552358
10317,135167,1,1,2.7421119739301503
10318,135168,1,0,2.785040996968746
10319,135169,1,0,2.7067569899372756
10320,135170,1,0,2.7010260382667184
10321,135171,1,0,2.7098029968328774
10322,135172,1,0,2.713299007155001
10323,135173,1,0,2.7031300123780966
10324,135174,1,0,2.8257869998924434
10325,135175,1,0,2.7044520247727633
10326,135176,1,0,2.705324033740908
10327,135177,1,0,2.694553986657411
10328,135178,1,0,2.702458994463086
10329,135179,1,0,2.709041000343859
10330,135180,1,0,2.714921021834016
10331,135181,1,0,2.708720974624157
10332,135182,1,0,2.7025489835068583
10333,135183,1,0,2.7143809711560607
10334,135184,1,1,2.72348802536726
10335,135185,1,0,2.7139500016346574
10336,135186,1,0,2.709321037400514
10337,135187,1,0,2.7116260025650263
10338,135188,1,0,2.7151830145157874
10339,135189,1,0,2.7132179820910096
10340,135190,1,0,2.7012869832105935
10341,135191,1,0,2.709532040171325
10342,135192,1,0,2.7157029835507274
10343,135193,1,0,2.713920024689287
10344,135194,1,0,2.7130679809488356
10345,135195,1,0,2.723387035075575
10346,135196,1,0,2.722966019064188
10347,135197,1,0,2.8739269473589957
10348,135198,1,0,2.916114986874163
10349,135199,1,0,3.0544510227628052
10350,135200,1,0,3.0712619773112237
10351,135201,1,1,2.9391769785434008
10352,135202,1,0,2.710213011596352
10353,135203,1,0,2.7331659803166986
10354,135204,1,0,2.726213017012924
10355,135205,1,0,2.732945024035871
10356,135206,1,0,2.739937976002693
10357,135207,1,0,2.721623983234167
10358,135208,1,0,2.732153981924057
10359,135209,1,0,2.7277549961581826
10360,135210,1,0,2.7591329999268055
10361,135211,1,0,2.7465500170364976
10362,135212,1,0,2.7151730027981102
10363,135213,1,0,2.759273978881538
10364,135214,1,0,2.6994930231012404
10365,135215,1,0,2.7021379792131484
10366,135216,1,0,2.7182180201634765
10367,135217,1,0,2.786525001283735
10368,135218,1,1,2.8120509814471006
10369,135219,1,0,2.7363510453142226
10370,135220,1,0,2.720052027143538
10371,135221,1,0,2.7716769836843014
10372,135222,1,0,2.7599160093814135
10373,135223,1,0,2.7229569968767464
10374,135224,1,0,2.704822982195765
10375,135225,1,0,2.757270005531609
10376,135226,1,0,2.7490350184962153
10377,135227,1,0,2.874416997656226
10378,135228,1,0,2.7160129975527525
10379,135229,1,0,2.730500011239201
10380,135230,1,0,2.7350889868102968
10381,135231,1,0,2.7190499822609127
10382,135232,1,0,2.7509990031830966
10383,135233,1,0,2.732443972490728
10384,135234,1,0,2.709541004151106
10385,135235,1,1,2.7809139573946595
10386,135236,1,0,2.7025490417145193
10387,135237,1,0,2.6882619713433087
10388,135238,1,0,2.7032499783672392
10389,135239,1,0,2.7062760200351477
10390,135240,1,0,2.706435974687338
10391,135241,1,0,2.740909985732287
10392,135242,1,0,2.7358310180716217
10393,135243,1,0,2.7011660276912153
10394,135244,1,0,2.705674967728555
10395,135245,1,0,2.727826009504497
10396,135246,1,0,2.7028199983760715
10397,135247,1,0,2.702908997889608
10398,135248,1,0,2.6993529754690826
10399,135249,1,0,2.7046729810535908
10400,135250,1,0,2.7104030014015734
10401,135251,1,0,2.7020580018870533
10402,135252,1,1,2.6919490192085505
10403,135253,1,0,2.7171459514647722
10404,135254,1,0,2.8336819959804416
10405,135255,1,0,2.70775897661224
10406,135256,1,0,2.6971690240316093
10407,135257,1,0,2.7004849980585277
10408,135258,1,0,2.712948014959693
10409,135259,1,0,2.7107440400868654
10410,135260,1,0,2.690055000130087
10411,135261,1,0,2.712456975132227
10412,135262,1,0,2.697620016988367
10413,135263,1,0,2.6970990002155304
10414,135264,1,0,2.6890840381383896
10415,135265,1,0,2.7133080293424428
10416,135266,1,0,2.704832993913442
10417,135267,1,0,2.708899963181466
10418,135268,1,0,2.717707015108317
10419,135269,1,1,2.7277059853076935
10420,135270,1,0,2.758582995738834
10421,135271,1,0,2.71525199059397
10422,135272,1,0,2.6976990047842264
10423,135273,1,0,2.7208520332351327
10424,135274,1,0,2.7102629537694156
10425,135275,1,0,2.7037410181947052
10426,135276,1,0,2.6941639953292906
10427,135277,1,0,2.7162740007042885
10428,135278,1,0,2.812182006891817
10429,135279,1,0,2.8974610031582415
10430,135280,1,0,3.0875219963490963
10431,135281,1,0,3.039253002498299
10432,135282,1,0,3.437491017393768
10433,135283,1,0,2.8847770299762487
10434,135284,1,0,2.7232469874434173
10435,135285,1,0,2.7112249517813325
10436,135286,1,1,2.7188389794901013
10437,135287,1,0,2.6938930386677384
10438,135288,1,0,2.723428013268858
10439,135289,1,0,2.7161440229974687
10440,135290,1,0,2.720181946642697
10441,135291,1,0,2.6921589742414653
10442,135292,1,0,2.708268992137164
10443,135293,1,0,2.7117060380987823
10444,135294,1,0,2.7288079727441072
10445,135295,1,0,2.692059031687677
10446,135296,1,0,2.722676028497517
10447,135297,1,0,2.72563099861145
10448,135298,1,0,2.7041910216212273
10449,135299,1,0,2.6953360065817833
10450,135300,1,0,2.71864898968488
10451,135301,1,0,2.7169560198672116
10452,135302,1,0,2.71015299949795
10453,135303,1,1,2.7111050439998507
10454,135304,1,0,2.7247800026088953
10455,135305,1,0,2.717986993957311
10456,135306,1,0,2.7051130309700966
10457,135307,1,0,2.8380900039337575
10458,135308,1,0,2.7139500016346574
10459,135309,1,0,2.715032023843378
10460,135310,1,0,2.71687499480322
10461,135311,1,0,2.703300036955625
10462,135312,1,0,2.7176059666089714
10463,135313,1,0,2.710933971684426
10464,135314,1,0,2.705505001358688
10465,135315,1,0,2.702919999137521
10466,135316,1,0,2.708629996050149
10467,135317,1,0,2.721122989896685
10468,135318,1,0,2.7363509871065617
10469,135319,1,0,2.7147409855388105
10470,135320,1,0,2.7154830168001354
10471,135321,1,1,2.7109039947390556
10472,135322,1,0,2.7011759812012315
10473,135323,1,0,2.7068069903180003
10474,135324,1,0,2.712798013817519
10475,135325,1,0,2.712185960263014
10476,135326,1,0,2.694604976568371
10477,135327,1,0,2.7130579692311585
10478,135328,1,0,2.715602982789278
10479,135329,1,0,2.8627360006794333
10480,135330,1,0,2.7064659516327083
10481,135331,1,0,2.7050739736296237
10482,135332,1,0,2.721133001614362
10483,135333,1,0,2.8379189898259938
10484,135334,1,0,2.708829997573048
10485,135335,1,0,2.697659016121179
10486,135336,1,0,2.724189020227641
10487,135337,1,0,2.7229260304011405
10488,135338,1,1,2.7076280093751848
10489,135339,1,0,2.698480966500938
10490,135340,1,0,2.7212839922867715
10491,135341,1,0,2.7329149888828397
10492,135342,1,0,2.708138956222683
10493,135343,1,0,2.7360310195945203
10494,135344,1,0,2.721212978940457
10495,135345,1,0,2.719209995120764
10496,135346,1,0,2.7048030169680715
10497,135347,1,0,2.701425983104855
10498,135348,1,0,2.7224450022913516
10499,135349,1,0,2.7146509964950383
10500,135350,1,0,2.707128005567938
10501,135351,1,0,2.724980004131794
10502,135352,1,0,2.7568990481086075
10503,135353,1,0,2.81595898559317
10504,135354,1,0,2.7110149967484176
10505,135355,1,1,2.712746965698898
10506,135356,1,0,2.7253510197624564
10507,135357,1,0,2.7260620263405144
10508,135358,1,0,2.7340369997546077
10509,135359,1,0,2.7490350184962153
10510,135360,1,0,3.0581780010834336
10511,135361,1,0,2.918018028140068
10512,135362,1,0,2.8522160137072206
10513,135363,1,0,2.986504987347871
10514,135364,1,0,2.9221250442788005
10515,135365,1,0,3.010931017342955
10516,135366,1,0,2.727194980252534
10517,135367,1,0,2.730680978856981
10518,135368,1,0,2.7277860208414495
10519,135369,1,0,2.7246890240348876
10520,135370,1,0,2.720000979024917
10521,135371,1,0,2.709521970245987
10522,135372,1,1,2.770814986433834
10523,135373,1,0,2.9863250092603266
10524,135374,1,0,3.023903991561383
10525,135375,1,0,3.0666739912703633
10526,135376,1,0,2.7818260132335126
10527,135377,1,0,2.7181580080650747
10528,135378,1,0,2.7529530343599617
10529,135379,1,0,2.763451950158924
10530,135380,1,0,2.759103022981435
10531,135381,1,0,2.7549959486350417
10532,135382,1,0,2.703800972085446
10533,135383,1,0,2.7206920203752816
10534,135384,1,0,2.714160014875233
10535,135385,1,0,2.7049040072597563
10536,135386,1,0,2.8562130173668265
10537,135387,1,0,2.762640011496842
10538,135388,1,0,2.769542974419892
10539,135389,1,1,2.8046179795637727
10540,135390,1,0,2.7567490469664335
10541,135391,1,0,2.743844990618527
10542,135392,1,0,2.7556479908525944
10543,135393,1,0,2.752472006250173
10544,135394,1,0,2.7572200051508844
10545,135395,1,0,2.8098979964852333
10546,135396,1,0,2.7416920056566596
10547,135397,1,0,2.7582719922065735
10548,135398,1,0,2.854179998394102
10549,135399,1,0,2.836606989149004
10550,135400,1,0,2.7785900165326893
10551,135401,1,0,2.813083992805332
10552,135402,1,0,2.745499019511044
10553,135403,1,0,2.7693030424416065
10554,135404,1,0,2.806119970045984
10555,135405,1,0,2.7300100191496313
10556,135406,1,1,2.70301999989897
10557,135407,1,0,2.7046530158258975
10558,135408,1,0,2.714390982873738
10559,135409,1,0,2.7323340182192624
10560,135410,1,0,2.745287958532572
10561,135411,1,0,2.749014995060861
10562,135412,1,0,2.734217036049813
10563,135413,1,0,2.8689170139841735
10564,135414,1,0,2.723067009355873
10565,135415,1,0,2.707518986426294
10566,135416,1,0,2.712046029046178
10567,135417,1,0,2.7148619992658496
10568,135418,1,0,2.716805029194802
10569,135419,1,0,2.6938929804600775
10570,135420,1,0,2.725080994423479
10571,135421,1,0,2.7213330031372607
10572,135422,1,0,2.731952990870923
10573,135423,1,1,2.706334984395653
10574,135424,1,0,2.7691320283338428
10575,135425,1,0,2.7753940084949136
10576,135426,1,0,2.758983988314867
10577,135427,1,0,2.7463699807412922
10578,135428,1,0,2.7471709763631225
10579,135429,1,0,2.7388460002839565
10580,135430,1,0,2.719721000175923
10581,135431,1,0,2.717847004532814
10582,135432,1,0,2.7054339880123734
10583,135433,1,0,2.7749130385927856
10584,135434,1,0,2.7229459956288338
10585,135435,1,0,2.719780954066664
10586,135436,1,0,2.7016070089302957
10587,135437,1,0,2.725411031860858
10588,135438,1,0,2.7588229859247804
10589,135439,1,0,2.8821119922213256
10590,135440,1,1,2.722735982388258
10591,135441,1,0,2.704282000195235
10592,135442,1,0,2.721533994190395
10593,135443,1,0,2.7126880013383925
10594,135444,1,0,2.7198209427297115
10595,135445,1,0,2.713669033255428
10596,135446,1,0,2.7199910255149007
10597,135447,1,0,2.7175459545105696
10598,135448,1,0,2.707968989852816
10599,135449,1,0,2.6947740116156638
10600,135450,1,0,2.7226959937252104
10601,135451,1,0,2.7179470052942634
10602,135452,1,0,2.7047329931519926
10603,135453,1,0,2.716173999942839
10604,135454,1,0,2.7075179968960583
10605,135455,1,0,2.723017008975148
10606,135456,1,0,2.8900159522891045
10607,135457,1,1,2.925000968389213
10608,135458,1,0,2.9379049665294588
10609,135459,1,0,2.8747179894708097
10610,135460,1,0,2.8246549773029983
10611,135461,1,0,2.8042669873684645
10612,135462,1,0,3.104213043116033
10613,135463,1,0,2.781504997983575
10614,135464,1,0,2.751879976131022
10615,135465,1,0,2.713599009439349
10616,135466,1,0,2.8326900210231543
10617,135467,1,0,2.70811899099499
10618,135468,1,0,2.712097018957138
10619,135469,1,0,2.7195599977858365
10620,135470,1,0,2.7003849972970784
10621,135471,1,0,2.708058978896588
10622,135472,1,0,2.714962000027299
10623,135473,1,0,2.7168450178578496
10624,135474,1,1,2.7033499791286886
10625,135475,1,0,2.7096919948235154
10626,135476,1,0,2.723697980400175
10627,135477,1,0,2.721463970374316
10628,135478,1,0,2.7065869653597474
10629,135479,1,0,2.7190400287508965
10630,135480,1,0,2.7164549683220685
10631,135481,1,0,2.7206430095247924
10632,135482,1,0,2.6974990032613277
10633,135483,1,0,2.7130679809488356
10634,135484,1,0,2.7544249896891415
10635,135485,1,0,2.7338169747963548
10636,135486,1,0,2.690787019673735
10637,135487,1,0,2.716735005378723
10638,135488,1,0,2.719420997891575
10639,135489,1,0,2.715282025747001
10640,135490,1,0,2.711435023229569
10641,135491,1,1,2.75948503986001
10642,135492,1,0,2.869017014745623
10643,135493,1,0,2.7248800033703446
10644,135494,1,0,2.754324988927692
10645,135495,1,0,2.756779023911804
10646,135496,1,0,2.757520996965468
10647,135497,1,0,2.773960994090885
10648,135498,1,0,2.762468997389078
10649,135499,1,0,2.758643007837236
10650,135500,1,0,2.7419920079410076
10651,135501,1,0,2.7590839890763164
10652,135502,1,0,2.780052018351853
10653,135503,1,0,2.781776012852788
10654,135504,1,0,2.751338994130492
10655,135505,1,0,2.7041109860874712
10656,135506,1,0,2.7234070003032684
10657,135507,1,0,2.7264629607088864
10658,135508,1,1,2.7136600110679865
10659,135509,1,0,2.706226019654423
10660,135510,1,0,2.7208030223846436
10661,135511,1,0,2.716785005759448
10662,135512,1,0,2.7052939985878766
10663,135513,1,0,2.707156992983073
10664,135514,1,0,2.723067009355873
10665,135515,1,0,2.723718003835529
10666,135516,1,0,2.7124370099045336
10667,135517,1,0,2.7163850027136505
10668,135518,1,0,2.718920004554093
10669,135519,1,0,2.859890984836966
10670,135520,1,0,2.7305210242047906
10671,135521,1,0,2.746129990555346
10672,135522,1,0,2.7315120096318424
10673,135523,1,0,2.7198810130357742
10674,135524,1,0,2.7123370091430843
10675,135525,1,1,2.7007359894923866
10676,135526,1,0,2.711254986934364
10677,135527,1,0,2.7232670108787715
10678,135528,1,0,2.7172559639438987
10679,135529,1,0,2.704170998185873
10680,135530,1,0,2.7168450178578496
10681,135531,1,0,2.7113049873150885
10682,135532,1,0,2.71190598141402
10683,135533,1,0,2.694383030757308
10684,135534,1,0,2.718798990827054
10685,135535,1,0,2.7176770381629467
10686,135536,1,0,2.7698040357790887
10687,135537,1,0,2.7045129681937397
10688,135538,1,0,2.7115150005556643
10689,135539,1,0,2.7117059798911214
10690,135540,1,0,2.7145009953528643
10691,135541,1,0,2.7003050199709833
10692,135542,1,1,2.725491998717189
10693,135543,1,0,2.7328950236551464
10694,135544,1,0,2.7210230473428965
10695,135545,1,0,2.824836003128439
10696,135546,1,0,2.7055739774368703
10697,135547,1,0,2.7136389981023967
10698,135548,1,0,2.718487987294793
10699,135549,1,0,2.708208980038762
10700,135550,1,0,2.7154729468747973
10701,135551,1,0,2.7107539935968816
10702,135552,1,0,2.719631011132151
10703,135553,1,0,2.7065660106018186
10704,135554,1,0,2.7167549706064165
10705,135555,1,0,2.711504988837987
10706,135556,1,0,2.7124169864691794
10707,135557,1,0,2.7211830019950867
10708,135558,1,0,2.72405898431316
10709,135559,1,1,2.749364997725934
10710,135560,1,0,2.718308998737484
10711,135561,1,0,2.7070469805039465
10712,135562,1,0,2.7198810130357742
10713,135563,1,0,2.7150919777341187
10714,135564,1,0,2.7162139886058867
10715,135565,1,0,2.701486984733492
10716,135566,1,0,2.7739909710362554
10717,135567,1,0,2.7212639688514173
10718,135568,1,0,2.7137789875268936
10719,135569,1,0,2.697479969356209
10720,135570,1,0,2.724850026424974
10721,135571,1,0,2.724990015849471
10722,135572,1,0,2.846556017175317
10723,135573,1,0,2.7149319648742676
10724,135574,1,0,2.708379994146526
10725,135575,1,0,2.7094819815829396
10726,135576,1,1,2.7122260071337223
10727,135577,1,0,2.7075179968960583
10728,135578,1,0,2.708730986341834
10729,135579,1,0,2.714901987928897
10730,135580,1,0,2.7256320463493466
10731,135581,1,0,2.728937950450927
10732,135582,1,0,2.752150991000235
10733,135583,1,0,2.742223034147173
10734,135584,1,0,2.7372430195100605
10735,135585,1,0,2.7071270160377026
10736,135586,1,0,2.709160966333002
10737,135587,1,0,2.7140509919263422
10738,135588,1,0,2.7152830152772367
10739,135589,1,0,2.707909035962075
10740,135590,1,0,2.725171041674912
10741,135591,1,0,2.7117959689348936
10742,135592,1,0,2.7818550006486475
10743,135593,1,1,2.709302003495395
10744,135594,1,0,2.696798008400947
10745,135595,1,0,2.7176060248166323
10746,135596,1,0,2.7227160171605647
10747,135597,1,0,2.7109350194223225
10748,135598,1,0,2.8865800122730434
10749,135599,1,0,2.7507279883138835
10750,135600,1,0,2.7514100074768066
10751,135601,1,0,2.7206629747524858
10752,135602,1,0,2.706316008698195
10753,135603,1,0,2.700103970710188
10754,135604,1,0,2.711835957597941
10755,135605,1,0,2.711665991228074
10756,135606,1,0,2.7542750467546284
10757,135607,1,0,2.697359013836831
10758,135608,1,0,2.71833804436028
10759,135609,1,0,2.712176996283233
10760,135610,1,1,2.7004449511878192
10761,135611,1,0,2.7112950338050723
10762,135612,1,0,2.7109250077046454
10763,135613,1,0,2.7101029991172254
10764,135614,1,0,2.705533988773823
10765,135615,1,0,2.7215239824727178
10766,135616,1,0,2.7187190135009587
10767,135617,1,0,2.7271040016785264
10768,135618,1,0,2.695867035072297
10769,135619,1,0,2.7184279751963913
10770,135620,1,0,2.718798990827054
10771,135621,1,0,2.7044930029660463
10772,135622,1,0,2.6929409941658378
10773,135623,1,0,2.720021002460271
10774,135624,1,0,2.7263329830020666
10775,135625,1,0,2.8432999970391393
10776,135626,1,0,2.7154029812663794
10777,135627,1,1,2.7188590029254556
10778,135628,1,0,2.7123370091430843
10779,135629,1,0,2.769221959169954
10780,135630,1,0,2.7112449752166867
10781,135631,1,0,2.720201970078051
10782,135632,1,0,2.72336695343256
10783,135633,1,0,2.7200310141779482
10784,135634,1,0,2.698982018046081
10785,135635,1,0,2.7060549473389983
10786,135636,1,0,2.7094920515082777
10787,135637,1,0,2.7312919846735895
10788,135638,1,0,2.701056015212089
10789,135639,1,0,2.7120960294269025
10790,135640,1,0,2.7224260265938938
10791,135641,1,0,2.7137500001117587
10792,135642,1,0,2.6954460190609097
10793,135643,1,0,2.714229980483651
10794,135644,1,0,2.7159929741173983
10795,135645,1,1,2.7161239995621145
10796,135646,1,0,2.6915589696727693
10797,135647,1,0,2.708629996050149
10798,135648,1,0,2.7756139752455056
10799,135649,1,0,2.710644039325416
10800,135650,1,0,2.700916025787592
10801,135651,1,0,2.8424180345609784
10802,135652,1,0,2.724279009271413
10803,135653,1,0,2.7265630196779966
10804,135654,1,0,2.740419004112482
10805,135655,1,0,2.742653014138341
10806,135656,1,0,2.7135289856232703
10807,135657,1,0,2.715112001169473
10808,135658,1,0,2.710843982640654
10809,135659,1,0,2.709251013584435
10810,135660,1,0,2.72011203924194
10811,135661,1,0,2.724658988881856
10812,135662,1,1,2.7074170066043735
10813,135663,1,0,2.7161049656569958
10814,135664,1,0,2.7260829810984433
10815,135665,1,0,2.73317500250414
10816,135666,1,0,2.7142800390720367
10817,135667,1,0,2.706727012991905
10818,135668,1,0,2.7363820117898285
10819,135669,1,0,2.763410971965641
10820,135670,1,0,2.7315919869579375
10821,135671,1,0,2.717878029216081
10822,135672,1,0,2.724861027672887
10823,135673,1,0,2.7239490300416946
10824,135674,1,0,2.716795017477125
10825,135675,1,0,2.7143110055476427
10826,135676,1,0,2.7713460149243474
10827,135677,1,0,2.7323440299369395
10828,135678,1,0,2.84003303386271
10829,135679,1,1,2.7121969615109265
10830,135680,1,0,2.712877991143614
10831,135681,1,0,2.733506029471755
10832,135682,1,0,2.732774999458343
10833,135683,1,0,2.7110949740745127
10834,135684,1,0,2.7200510376133025
10835,135685,1,0,2.7272739680483937
10836,135686,1,0,2.7264030068181455
10837,135687,1,0,2.7907530311495066
10838,135688,1,0,5.578859010711312
10839,135689,1,0,2.9006960103288293
10840,135690,1,0,2.8158689965493977
10841,135691,1,0,2.7848220197483897
10842,135692,1,0,2.7621890185400844
10843,135693,1,0,2.752000989858061
10844,135694,1,0,2.7939279680140316
10845,135695,1,0,2.7896409737877548
10846,135696,1,1,2.7687010006047785
10847,135697,1,0,2.735931018833071
10848,135698,1,0,2.8286020387895405
10849,135699,1,0,2.753413049504161
10850,135700,1,0,2.751538995653391
10851,135701,1,0,2.7465500170364976
10852,135702,1,0,2.740910043939948
10853,135703,1,0,2.737753966357559
10854,135704,1,0,2.9049039585515857
10855,135705,1,0,2.7412199997343123
10856,135706,1,0,2.7503769961185753
10857,135707,1,0,2.7395880315452814
10858,135708,1,0,2.7286369586363435
10859,135709,1,0,2.7381550171412528
10860,135710,1,0,2.736902970355004
10861,135711,1,0,2.73832498351112
10862,135712,1,0,2.723968995269388
10863,135713,1,1,2.740819996688515
10864,135714,1,0,2.749776002019644
10865,135715,1,0,2.742793003562838
10866,135716,1,0,2.7182380435988307
10867,135717,1,0,2.7489649946801364
10868,135718,1,0,2.7655159938149154
10869,135719,1,0,2.7432150091044605
10870,135720,1,0,2.7351099997758865
10871,135721,1,0,2.7636929880827665
10872,135722,1,0,2.7442569844424725
10873,135723,1,0,2.7409300091676414
10874,135724,1,0,2.739488030783832
10875,135725,1,0,2.740158000960946
10876,135726,1,0,2.7249399572610855
10877,135727,1,0,2.7273049927316606
10878,135728,1,0,2.737823990173638
10879,135729,1,0,2.7267539990134537
10880,135730,1,1,2.7270439895801246
10881,135731,1,0,2.8666529688052833
10882,135732,1,0,2.7443660073913634
10883,135733,1,0,2.738656010478735
10884,135734,1,0,2.7204420184716582
10885,135735,1,0,2.7284870157018304
10886,135736,1,0,2.740980009548366
10887,135737,1,0,2.730812004301697
10888,135738,1,0,2.7262730291113257
10889,135739,1,0,2.734478039201349
10890,135740,1,0,2.744897035881877
10891,135741,1,0,2.731383021455258
10892,135742,1,0,2.721744996961206
10893,135743,1,0,2.712457033339888
10894,135744,1,0,2.8136049513705075
10895,135745,1,0,2.760316012427211
10896,135746,1,0,2.7308319695293903
10897,135747,1,1,2.7132679824717343
10898,135748,1,0,2.799178007990122
10899,135749,1,0,2.74372601415962
10900,135750,1,0,2.730439999140799
10901,135751,1,0,2.7222750359214842
10902,135752,1,0,2.711114997509867
10903,135753,1,0,2.7278949855826795
10904,135754,1,0,2.7354200137779117
10905,135755,1,0,2.72779498482123
10906,135756,1,0,2.7102530002593994
10907,135757,1,0,2.851844998076558
10908,135758,1,0,2.7411410119384527
10909,135759,1,0,2.728116000071168
10910,135760,1,0,2.720772987231612
10911,135761,1,0,2.722345001529902
10912,135762,1,0,2.7333259931765497
10913,135763,1,0,2.720561984460801
10914,135764,1,1,2.724909980315715
10915,135765,1,0,2.7237279573455453
10916,135766,1,0,2.7263229712843895
10917,135767,1,0,2.8540489729493856
10918,135768,1,0,2.75503599550575
10919,135769,1,0,2.7148009976372123
10920,135770,1,0,2.723868004977703
10921,135771,1,0,2.721983997616917
10922,135772,1,0,2.7394270291551948
10923,135773,1,0,2.7273549931123853
10924,135774,1,0,2.7568090008571744
10925,135775,1,0,2.7545149787329137
10926,135776,1,0,2.740669995546341
10927,135777,1,0,2.7191000408492982
10928,135778,1,0,2.7064960449934006
10929,135779,1,0,2.721774042584002
10930,135780,1,0,2.725251019001007
10931,135781,1,1,2.710774017032236
10932,135782,1,0,2.715393027756363
10933,135783,1,0,2.7346579590812325
10934,135784,1,0,2.871862961910665
10935,135785,1,0,2.7366919675841928
10936,135786,1,0,2.7179280295968056
10937,135787,1,0,2.7228969847783446
10938,135788,1,0,2.7298590284772217
10939,135789,1,0,2.7247800026088953
10940,135790,1,0,2.8615829651243985
10941,135791,1,0,2.7089109644293785
10942,135792,1,0,2.726101956795901
10943,135793,1,0,2.7297589695081115
10944,135794,1,0,2.714741975069046
10945,135795,1,0,2.7041120338253677
10946,135796,1,0,2.721114025916904
10947,135797,1,0,2.7128380024805665
10948,135798,1,1,2.7235280140303075
10949,135799,1,0,2.701407007407397
10950,135800,1,0,2.7274549938738346
10951,135801,1,0,2.726292994339019
10952,135802,1,0,2.7207020320929587
10953,135803,1,0,2.7029990451410413
10954,135804,1,0,2.7167859952896833
10955,135805,1,0,2.7183580095879734
10956,135806,1,0,2.70677701337263
10957,135807,1,0,2.709602005779743
10958,135808,1,0,2.7241590432822704
10959,135809,1,0,2.724359044805169
10960,135810,1,0,2.8423579642549157
10961,135811,1,0,2.7058959822170436
10962,135812,1,0,2.71203595912084
10963,135813,1,0,2.789620019029826
10964,135814,1,0,2.7157230069860816
10965,135815,1,1,2.7060650172643363
10966,135816,1,0,2.708138956222683
10967,135817,1,0,2.71607399918139
10968,135818,1,0,2.7124370099045336
10969,135819,1,0,2.712537010665983
10970,135820,1,0,2.7213130379095674
10971,135821,1,0,2.720603020861745
10972,135822,1,0,2.752942033112049
10973,135823,1,0,2.716945018619299
10974,135824,1,0,2.704432001337409
10975,135825,1,0,2.7189289685338736
10976,135826,1,0,2.72027199389413
10977,135827,1,0,2.7089909999631345
10978,135828,1,0,2.728537016082555
10979,135829,1,0,2.724268997553736
10980,135830,1,0,2.7293579769320786
10981,135831,1,0,2.7188389794901013
10982,135832,1,1,2.720211981795728
10983,135833,1,0,2.7329150470905006
10984,135834,1,0,2.724519988987595
10985,135835,1,0,2.715512993745506
10986,135836,1,0,2.72104301257059
10987,135837,1,0,2.85828800406307
10988,135838,1,0,2.726783975958824
10989,135839,1,0,2.7252910076640546
10990,135840,1,0,2.7072379598394036
10991,135841,1,0,2.730461012106389
10992,135842,1,0,2.7304000104777515
10993,135843,1,0,2.72861699340865
10994,135844,1,0,2.7068069903180003
10995,135845,1,0,2.733536995947361
10996,135846,1,0,2.7257620240561664
10997,135847,1,0,2.7236180030740798
10998,135848,1,0,2.712847024668008
10999,135849,1,1,2.7229069964960217
11000,135850,1,0,2.726983977481723
11001,135851,1,0,2.7177869924344122
11002,135852,1,0,2.703220001421869
11003,135853,1,0,2.718547999393195
11004,135854,1,0,2.708779997192323
11005,135855,1,0,2.716084010899067
11006,135856,1,0,2.6972689665853977
11007,135857,1,0,2.720261982176453
11008,135858,1,0,2.720642019994557
11009,135859,1,0,2.7110049850307405
11010,135860,1,0,2.807863987982273
11011,135861,1,0,2.732213994022459
11012,135862,1,0,2.7182470075786114
11013,135863,1,0,2.84021400148049
11014,135864,1,0,2.7122870087623596
11015,135865,1,0,2.710874017793685
11016,135866,1,1,2.7288879500702024
11017,135867,1,0,2.7235379675403237
11018,135868,1,0,2.7109349612146616
11019,135869,1,0,2.7129779919050634
11020,135870,1,0,2.7183080092072487
11021,135871,1,0,2.7211830019950867
11022,135872,1,0,2.713097957894206
11023,135873,1,0,2.7111339732073247
11024,135874,1,0,2.709241001866758
11025,135875,1,0,2.717637049499899
11026,135876,1,0,2.709731983486563
11027,135877,1,0,2.699953969568014
11028,135878,1,0,2.713648951612413
11029,135879,1,0,2.72738398052752
11030,135880,1,0,2.7145310305058956
11031,135881,1,0,2.71582294953987
11032,135882,1,0,2.7182780322618783
11033,135883,1,1,2.745498961303383
11034,135884,1,0,2.714150003157556
11035,135885,1,0,2.7093220269307494
11036,135886,1,0,2.7214440051466227
11037,135887,1,0,2.716996008530259
11038,135888,1,0,2.714271016884595
11039,135889,1,0,2.7177269803360105
11040,135890,1,0,2.8379199793562293
11041,135891,1,0,2.7363920235075057
11042,135892,1,0,2.719950978644192
11043,135893,1,0,2.713157969992608
11044,135894,1,0,2.7189290267415345
11045,135895,1,0,2.716003975365311
11046,135896,1,0,2.7135200216434896
11047,135897,1,0,2.7060849824920297
11048,135898,1,0,2.7368729934096336
11049,135899,1,0,2.7182779740542173
11050,135900,1,1,2.7100429870188236
11051,135901,1,0,2.7082799933850765
11052,135902,1,0,2.734027977567166
11053,135903,1,0,2.7257020119577646
11054,135904,1,0,2.7171859983354807
11055,135905,1,0,2.7088209753856063
11056,135906,1,0,2.7166850049979985
11057,135907,1,0,2.7194200083613396
11058,135908,1,0,2.707488019950688
11059,135909,1,0,2.7117760037072003
11060,135910,1,0,2.725091006141156
11061,135911,1,0,2.7140099555253983
11062,135912,1,0,2.716544026043266
11063,135913,1,0,2.7107539935968816
11064,135914,1,0,2.7312019956298172
11065,135915,1,0,2.7193200075998902
11066,135916,1,0,2.840785018634051
11067,135917,1,1,2.7157129952684045
11068,135918,1,0,2.72809702437371
11069,135919,1,0,2.7284169918857515
11070,135920,1,0,2.7301899972371757
11071,135921,1,0,2.7092910022474825
11072,135922,1,0,2.7162550250068307
11073,135923,1,0,2.7150220121257007
11074,135924,1,0,2.7140699676238
11075,135925,1,0,2.7131889946758747
11076,135926,1,0,2.7116260025650263
11077,135927,1,0,2.7229459956288338
11078,135928,1,0,2.724609978031367
11079,135929,1,0,2.7005349984392524
11080,135930,1,0,2.716835995670408
11081,135931,1,0,2.7205520309507847
11082,135932,1,0,2.719359996262938
11083,135933,1,0,2.706796978600323
11084,135934,1,1,2.720822987612337
11085,135935,1,0,2.740158000960946
11086,135936,1,0,2.726282982621342
11087,135937,1,0,2.702739031519741
11088,135938,1,0,2.72459996631369
11089,135939,1,0,2.7271040016785264
11090,135940,1,0,2.728336025029421
11091,135941,1,0,2.705093997064978
11092,135942,1,0,2.739517018198967
11093,135943,1,0,2.859660016838461
11094,135944,1,0,2.7374440105631948
11095,135945,1,0,2.7219350449740887
11096,135946,1,0,2.706536033656448
11097,135947,1,0,2.733986999373883
11098,135948,1,0,2.736140973865986
11099,135949,1,0,2.7217750321142375
11100,135950,1,0,2.720571996178478
11101,135951,1,0,2.741020987741649
11102,135952,1,1,2.7366119902580976
11103,135953,1,0,2.7357510407455266
11104,135954,1,0,2.7175070135854185
11105,135955,1,0,2.7276549953967333
11106,135956,1,0,2.7230270206928253
11107,135957,1,0,2.7225050143897533
11108,135958,1,0,2.7128279907628894
11109,135959,1,0,2.7224859804846346
11110,135960,1,0,2.7291279984638095
11111,135961,1,0,2.7196299633942544
11112,135962,1,0,2.705824968870729
11113,135963,1,0,2.7254209853708744
11114,135964,1,0,2.714621019549668
11115,135965,1,0,2.7223650249652565
11116,135966,1,0,2.7089909999631345
11117,135967,1,0,2.7145909843966365
11118,135968,1,0,2.725230995565653
11119,135969,1,1,2.8554119635373354
11120,135970,1,0,2.7090809890069067
11121,135971,1,0,2.707618987187743
11122,135972,1,0,2.7120260056108236
11123,135973,1,0,2.726583043113351
11124,135974,1,0,2.7069870266132057
11125,135975,1,0,2.7207829989492893
11126,135976,1,0,2.7173670241609216
11127,135977,1,0,2.7218739851377904
11128,135978,1,0,2.7066260227002203
11129,135979,1,0,2.7097119600512087
11130,135980,1,0,2.7154720155522227
11131,135981,1,0,2.7196999872103333
11132,135982,1,0,2.716845949180424
11133,135983,1,0,2.7160639874637127
11134,135984,1,0,2.724118996411562
11135,135985,1,0,2.717787050642073
11136,135986,1,1,2.7111550443805754
11137,135987,1,0,2.7209120453335345
11138,135988,1,0,2.721965021919459
11139,135989,1,0,2.72524100728333
11140,135990,1,0,2.708790998440236
11141,135991,1,0,2.715612994506955
11142,135992,1,0,2.7225560043007135
11143,135993,1,0,2.7189789689145982
11144,135994,1,0,2.707077015656978
11145,135995,1,0,2.7336059720255435
11146,135996,1,0,2.8478580061346292
11147,135997,1,0,2.722516015637666
11148,135998,1,0,2.7205319493077695
11149,135999,1,0,2.735739981289953
11150,136000,1,0,2.727544982917607
11151,136001,1,0,2.7296990156173706
11152,136002,1,0,2.7189290267415345
11153,136003,1,1,2.707428007852286
11154,136004,1,0,2.7255609747953713
11155,136005,1,0,2.7285770047456026
11156,136006,1,0,2.729429048486054
11157,136007,1,0,2.7044619782827795
11158,136008,1,0,2.7220550109632313
11159,136009,1,0,2.718798990827054
11160,136010,1,0,2.7125669876113534
11161,136011,1,0,2.706194994971156
11162,136012,1,0,2.727836021222174
11163,136013,1,0,2.734608016908169
11164,136014,1,0,2.7215140289627016
11165,136015,1,0,2.70085601368919
11166,136016,1,0,2.7202419587410986
11167,136017,1,0,2.720432006753981
11168,136018,1,0,2.7113950345665216
11169,136019,1,0,2.706174971535802
11170,136020,1,1,2.721874974668026
11171,136021,1,0,2.717616967856884
11172,136022,1,0,2.847287047188729
11173,136023,1,0,2.7155429706908762
11174,136024,1,0,2.7305809780955315
11175,136025,1,0,2.734437002800405
11176,136026,1,0,2.717916970141232
11177,136027,1,0,2.72148399380967
11178,136028,1,0,2.7261630166321993
11179,136029,1,0,2.7294689789414406
11180,136030,1,0,2.727154002059251
11181,136031,1,0,2.7133889961987734
11182,136032,1,0,2.7222659555263817
11183,136033,1,0,2.7241589850746095
11184,136034,1,0,2.724961028434336
11185,136035,1,0,2.708731044549495
11186,136036,1,0,2.70894099958241
11187,136037,1,1,2.719791023992002
11188,136038,1,0,2.7127370121888816
11189,136039,1,0,2.7091309893876314
11190,136040,1,0,2.7219349867664278
11191,136041,1,0,2.725180995184928
11192,136042,1,0,2.7211129781790078
11193,136043,1,0,2.7202519704587758
11194,136044,1,0,2.721264027059078
11195,136045,1,0,2.721453958656639
11196,136046,1,0,2.7224349905736744
11197,136047,1,0,2.7113949763588607
11198,136048,1,0,2.730280044488609
11199,136049,1,0,2.851405006367713
11200,136050,1,0,2.7332850149832666
11201,136051,1,0,2.715032023843378
11202,136052,1,0,2.708840009290725
11203,136053,1,0,2.7279360219836235
11204,136054,1,1,2.726292994339019
11205,136055,1,0,2.7292880113236606
11206,136056,1,0,2.7111549861729145
11207,136057,1,0,2.724839956499636
11208,136058,1,0,2.7253410080447793
11209,136059,1,0,2.728405990637839
11210,136060,1,0,2.71097500808537
11211,136061,1,0,2.727565006352961
11212,136062,1,0,2.715742972213775
11213,136063,1,0,2.7152629918418825
11214,136064,1,0,2.704091020859778
11215,136065,1,0,2.7187190135009587
11216,136066,1,0,2.729327999986708
11217,136067,1,0,2.7017180109396577
11218,136068,1,0,2.7024190058000386
11219,136069,1,0,2.8694390202872455
11220,136070,1,0,2.7207019738852978
11221,136071,1,1,2.7194999856874347
11222,136072,1,0,2.711585024371743
11223,136073,1,0,2.7154330164194107
11224,136074,1,0,2.735860995016992
11225,136075,1,0,2.855643047951162
11226,136076,1,0,2.721264027059078
11227,136077,1,0,2.710783970542252
11228,136078,1,0,2.7259020134806633
11229,136079,1,0,2.722195000387728
11230,136080,1,0,2.7195599977858365
11231,136081,1,0,2.7107340283691883
11232,136082,1,0,2.7238090406171978
11233,136083,1,0,2.731111948378384
11234,136084,1,0,2.7248699916526675
11235,136085,1,0,2.7130780508741736
11236,136086,1,0,2.7289179852232337
11237,136087,1,0,2.735018962994218
11238,136088,1,1,2.7249809936620295
11239,136089,1,0,2.7080790023319423
11240,136090,1,0,2.722456003539264
11241,136091,1,0,2.7242290088906884
11242,136092,1,0,2.7484840247780085
11243,136093,1,0,2.7060650172643363
11244,136094,1,0,2.7197509771212935
11245,136095,1,0,2.714972011744976
11246,136096,1,0,2.717776980716735
11247,136097,1,0,2.7006050222553313
11248,136098,1,0,2.716985996812582
11249,136099,1,0,2.722777018789202
11250,136100,1,0,2.7174559654667974
11251,136101,1,0,2.699784003198147
11252,136102,1,0,2.8338920092210174
11253,136103,1,0,2.716495015192777
11254,136104,1,0,2.729649015236646
11255,136105,1,1,2.721053024288267
11256,136106,1,0,2.7168950182385743
11257,136107,1,0,2.720421995036304
11258,136108,1,0,2.7159040328115225
11259,136109,1,0,2.7039209962822497
11260,136110,1,0,2.715312992222607
11261,136111,1,0,2.710985019803047
11262,136112,1,0,2.7156230062246323
11263,136113,1,0,2.693511953111738
11264,136114,1,0,2.7205519727431238
11265,136115,1,0,2.73237400688231
11266,136116,1,0,2.719140029512346
11267,136117,1,0,2.7025090530514717
11268,136118,1,0,2.719098993111402
11269,136119,1,0,2.7211940032429993
11270,136120,1,0,2.7246999670751393
11271,136121,1,0,2.7000950067304075
11272,136122,1,1,2.707156992983073
11273,136123,1,0,2.7148319641128182
11274,136124,1,0,2.7016669628210366
11275,136125,1,0,2.6969379978254437
11276,136126,1,0,2.7136599528603256
11277,136127,1,0,2.7090010116808116
11278,136128,1,0,2.8423979529179633
11279,136129,1,0,2.698942960705608
11280,136130,1,0,2.7162949554622173
11281,136131,1,0,2.71267700009048
11282,136132,1,0,2.7183479978702962
11283,136133,1,0,2.704462967813015
11284,136134,1,0,2.7208030223846436
11285,136135,1,0,2.7169649838469923
11286,136136,1,0,2.71607399918139
11287,136137,1,0,2.699292032048106
11288,136138,1,0,2.714962000027299
11289,136139,1,1,2.75802199030295
11290,136140,1,0,2.7166249928995967
11291,136141,1,0,2.708540007006377
11292,136142,1,0,2.726053004153073
11293,136143,1,0,2.7300399960950017
11294,136144,1,0,2.7154330164194107
11295,136145,1,0,2.697620016988367
11296,136146,1,0,2.718940027989447
11297,136147,1,0,2.7188689564354718
11298,136148,1,0,2.713850000873208
11299,136149,1,0,2.709602005779743
11300,136150,1,0,2.7218040195293725
11301,136151,1,0,2.736782014835626
11302,136152,1,0,2.7074379613623023
11303,136153,1,0,2.7113750111311674
11304,136154,1,0,2.7273650048300624
11305,136155,1,0,2.8552019502967596
11306,136156,1,1,2.7313720202073455
11307,136157,1,0,2.715051989071071
11308,136158,1,0,2.7809939929284155
11309,136159,1,0,2.7619190514087677
11310,136160,1,0,2.7333659818395972
11311,136161,1,0,2.7260129572823644
11312,136162,1,0,2.7063959860242903
11313,136163,1,0,2.7298799832351506
11314,136164,1,0,2.724198973737657
11315,136165,1,0,2.7282459777779877
11316,136166,1,0,2.71133502246812
11317,136167,1,0,2.7376540238037705
11318,136168,1,0,2.7354800258763134
11319,136169,1,0,2.7306510019116104
11320,136170,1,0,2.72348802536726
11321,136171,1,0,2.7340080123394728
11322,136172,1,0,2.756458008661866
11323,136173,1,1,2.7415710501372814
11324,136174,1,0,2.7149419765919447
11325,136175,1,0,2.7134090196341276
11326,136176,1,0,2.7242290088906884
11327,136177,1,0,2.7274549938738346
11328,136178,1,0,2.7174170245416462
11329,136179,1,0,2.7215040172450244
11330,136180,1,0,2.7266229735687375
11331,136181,1,0,2.856224018614739
11332,136182,1,0,2.778930007480085
11333,136183,1,0,2.750137005932629
11334,136184,1,0,2.751038991846144
11335,136185,1,0,2.7328249998390675
11336,136186,1,0,2.7256920002400875
11337,136187,1,0,2.711424953304231
11338,136188,1,0,2.738174982368946
11339,136189,1,0,2.727394981775433
11340,136190,1,1,2.7225459925830364
11341,136191,1,0,2.708479994907975
11342,136192,1,0,2.7218650211580098
11343,136193,1,0,2.724139019846916
11344,136194,1,0,2.740489027928561
11345,136195,1,0,2.7140610036440194
11346,136196,1,0,2.7097120182588696
11347,136197,1,0,2.7265240205451846
11348,136198,1,0,2.7219850453548133
11349,136199,1,0,2.721554017625749
11350,136200,1,0,2.7033199439756572
11351,136201,1,0,2.724769990891218
11352,136202,1,0,2.7242489741183817
11353,136203,1,0,2.719118958339095
11354,136204,1,0,2.713850000873208
11355,136205,1,0,2.720571996178478
11356,136206,1,0,2.726844046264887
11357,136207,1,1,2.712215995416045
11358,136208,1,0,2.840074012055993
11359,136209,1,0,2.71887902636081
11360,136210,1,0,2.7168759843334556
11361,136211,1,0,2.7237680042162538
11362,136212,1,0,2.7157029835507274
11363,136213,1,0,2.7248910046182573
11364,136214,1,0,2.7218550094403327
11365,136215,1,0,2.72389902966097
11366,136216,1,0,2.7148620574735105
11367,136217,1,0,2.723997982684523
11368,136218,1,0,2.715703973080963
11369,136219,1,0,2.72483000298962
11370,136220,1,0,2.703410980757326
11371,136221,1,0,2.7163339545950294
11372,136222,1,0,2.7224859804846346
11373,136223,1,0,2.725059981457889
11374,136224,1,1,2.7006660238839686
11375,136225,1,0,2.708129002712667
11376,136226,1,0,2.7264539967291057
11377,136227,1,0,2.714790985919535
11378,136228,1,0,2.702317957300693
11379,136229,1,0,2.7166050276719034
11380,136230,1,0,2.7129979571327567
11381,136231,1,0,2.7541840099729598
11382,136232,1,0,2.700776036363095
11383,136233,1,0,2.713129040785134
11384,136234,1,0,2.8449129895307124
11385,136235,1,0,2.7146009961143136
11386,136236,1,0,2.7061160071752965
11387,136237,1,0,2.7150720125064254
11388,136238,1,0,2.7222350472584367
11389,136239,1,0,2.713919966481626
11390,136240,1,0,2.706867002416402
11391,136241,1,1,2.7058550040237606
11392,136242,1,0,2.7161039761267602
11393,136243,1,0,2.714651986025274
11394,136244,1,0,2.696648007258773
11395,136245,1,0,2.7221349882893264
11396,136246,1,0,2.71986098960042
11397,136247,1,0,2.719609998166561
11398,136248,1,0,2.700975979678333
11399,136249,1,0,2.710574015509337
11400,136250,1,0,2.7160340105183423
11401,136251,1,0,2.707407984416932
11402,136252,1,0,2.6986210141330957
11403,136253,1,0,2.715673006605357
11404,136254,1,0,2.7175970026291907
11405,136255,1,0,2.7395770302973688
11406,136256,1,0,2.704222046304494
11407,136257,1,0,2.721884986385703
11408,136258,1,1,2.713909954763949
11409,136259,1,0,2.703500969801098
11410,136260,1,0,2.69987405044958
11411,136261,1,0,2.83645698800683
11412,136262,1,0,2.7094510151073337
11413,136263,1,0,2.722105011343956
11414,136264,1,0,2.6989919715560973
11415,136265,1,0,2.714621019549668
11416,136266,1,0,2.7178670279681683
11417,136267,1,0,2.7122070314362645
11418,136268,1,0,2.698041032999754
11419,136269,1,0,2.722756005823612
11420,136270,1,0,2.723487967159599
11421,136271,1,0,2.707198029384017
11422,136272,1,0,2.6978100067935884
11423,136273,1,0,2.7173470007255673
11424,136274,1,0,2.7317729545757174
11425,136275,1,0,2.719721000175923
11426,136276,1,1,2.712065994273871
11427,136277,1,0,2.7125480119138956
11428,136278,1,0,2.7130080270580947
11429,136279,1,0,2.701056015212089
11430,136280,1,0,2.7049530181102455
11431,136281,1,0,2.717436000239104
11432,136282,1,0,2.7535330154933035
11433,136283,1,0,2.712096960749477
11434,136284,1,0,2.7028489857912064
11435,136285,1,0,2.7276960317976773
11436,136286,1,0,2.729900006670505
11437,136287,1,0,2.836567990016192
11438,136288,1,0,2.7002139831893146
11439,136289,1,0,2.718028030358255
11440,136290,1,0,2.7303710230626166
11441,136291,1,0,2.7222560020163655
11442,136292,1,0,2.699192031286657
11443,136293,1,1,2.7159139863215387
11444,136294,1,0,2.711264998652041
11445,136295,1,0,2.7125169872306287
11446,136296,1,0,2.7009460027329624
11447,136297,1,0,2.717066032346338
11448,136298,1,0,2.712877991143614
11449,136299,1,0,2.7050740318372846
11450,136300,1,0,2.69249000120908
11451,136301,1,0,2.731502987444401
11452,136302,1,0,2.726363018155098
11453,136303,1,0,2.713979978580028
11454,136304,1,0,2.739757008384913
11455,136305,1,0,2.800661022774875
11456,136306,1,0,2.770514984149486
11457,136307,1,0,2.714201051276177
11458,136308,1,0,2.709891996346414
11459,136309,1,0,2.7121869497932494
11460,136310,1,1,2.724589954596013
11461,136311,1,0,2.7173669659532607
11462,136312,1,0,2.7059249696321785
11463,136313,1,0,2.721624041441828
11464,136314,1,0,2.836848027072847
11465,136315,1,0,2.7254410088062286
11466,136316,1,0,2.713710011448711
11467,136317,1,0,2.713027992285788
11468,136318,1,0,2.7258219779469073
11469,136319,1,0,2.729760017246008
11470,136320,1,0,2.7117059798911214
11471,136321,1,0,2.71308800438419
11472,136322,1,0,2.7194700087420642
11473,136323,1,0,2.7184190112166107
11474,136324,1,0,2.7183680213056505
11475,136325,1,0,2.7167259831912816
11476,136326,1,0,2.7200820040889084
11477,136327,1,1,2.7183780330233276
11478,136328,1,0,2.7137590222992003
11479,136329,1,0,2.7202519704587758
11480,136330,1,0,2.7159430319443345
11481,136331,1,0,2.709602005779743
11482,136332,1,0,2.704561979044229
11483,136333,1,0,2.7041410212405026
11484,136334,1,0,2.717976982239634
11485,136335,1,0,2.708208980038762
11486,136336,1,0,2.704703016206622
11487,136337,1,0,2.711054985411465
11488,136338,1,0,2.7181479963473976
11489,136339,1,0,2.72405898431316
11490,136340,1,0,2.8203470283187926
11491,136341,1,0,2.7110149967484176
11492,136342,1,0,2.7116260025650263
11493,136343,1,0,2.7088510105386376
11494,136344,1,1,2.6957469526678324
11495,136345,1,0,2.7132590184919536
11496,136346,1,0,2.7152530383318663
11497,136347,1,0,2.7316330233588815
11498,136348,1,0,2.7215640293434262
11499,136349,1,0,2.7231069980189204
11500,136350,1,0,2.72241496713832
11501,136351,1,0,2.7250099810771644
11502,136352,1,0,2.716975985094905
11503,136353,1,0,2.709041000343859
11504,136354,1,0,2.722415025345981
11505,136355,1,0,2.7211339911445975
11506,136356,1,0,2.7031900244764984
11507,136357,1,0,2.711484965402633
11508,136358,1,0,2.7136990102007985
11509,136359,1,0,2.71190598141402
11510,136360,1,0,2.70044500939548
11511,136361,1,1,2.7134690317325294
11512,136362,1,0,2.7116460260003805
11513,136363,1,0,2.7098330319859087
11514,136364,1,0,2.69745901459828
11515,136365,1,0,2.7141099562868476
11516,136366,1,0,2.727143990341574
11517,136367,1,0,2.8440110036171973
11518,136368,1,0,2.7065369649790227
11519,136369,1,0,2.7064160094596446
11520,136370,1,0,2.7146710199303925
11521,136371,1,0,2.7106539928354323
11522,136372,1,0,2.713659021537751
11523,136373,1,0,2.7163639897480607
11524,136374,1,0,2.723087032791227
11525,136375,1,0,2.7169949607923627
11526,136376,1,0,2.6935430360026658
11527,136377,1,0,2.738105016760528
11528,136378,1,1,2.7162139886058867
11529,136379,1,0,2.713139052502811
11530,136380,1,0,2.69665801897645
11531,136381,1,0,2.709442051127553
11532,136382,1,0,2.7093819808214903
11533,136383,1,0,2.716805029194802
11534,136384,1,0,2.6987220044247806
11535,136385,1,0,2.7179369935765862
11536,136386,1,0,2.7160639874637127
11537,136387,1,0,2.7073780074715614
11538,136388,1,0,2.7072869706898928
11539,136389,1,0,2.719039039220661
11540,136390,1,0,2.7239180053584278
11541,136391,1,0,2.7194099966436625
11542,136392,1,0,2.7169149834662676
11543,136393,1,0,2.8588889981620014
11544,136394,1,0,2.7433339855633676
11545,136395,1,1,2.7237680042162538
11546,136396,1,0,2.723147044889629
11547,136397,1,0,2.7199320029467344
11548,136398,1,0,2.7257720357738435
11549,136399,1,0,2.721725031733513
11550,136400,1,0,2.7153620030730963
11551,136401,1,0,2.7258520130999386
11552,136402,1,0,2.723457000683993
11553,136403,1,0,2.7324040420353413
11554,136404,1,0,2.708329993765801
11555,136405,1,0,2.712648012675345
11556,136406,1,0,2.7206820086576045
11557,136407,1,0,2.719440031796694
11558,136408,1,0,2.710463013499975
11559,136409,1,0,2.7174869901500642
11560,136410,1,0,2.7139399899169803
11561,136411,1,0,2.7163339545950294
11562,136412,1,1,2.7082989690825343
11563,136413,1,0,2.7122959727421403
11564,136414,1,0,2.714411006309092
11565,136415,1,0,2.719940966926515
11566,136416,1,0,2.7255620225332677
11567,136417,1,0,2.7249499689787626
11568,136418,1,0,2.7999189915135503
11569,136419,1,0,2.7335769846104085
11570,136420,1,0,2.850983990356326
11571,136421,1,0,2.7163950144313276
11572,136422,1,0,2.7202609926462173
11573,136423,1,0,2.7228270191699266
11574,136424,1,0,2.738234994467348
11575,136425,1,0,2.7227569953538477
11576,136426,1,0,2.722315024584532
11577,136427,1,0,2.7177869924344122
11578,136428,1,0,2.7243689983151853
11579,136429,1,1,2.702337980736047
11580,136430,1,0,2.7076880214735866
11581,136431,1,0,2.7150720125064254
11582,136432,1,0,2.7194999856874347
11583,136433,1,0,2.7059250278398395
11584,136434,1,0,2.7127069770358503
11585,136435,1,0,2.71502195391804
11586,136436,1,0,2.7112759998999536
11587,136437,1,0,2.701317018363625
11588,136438,1,0,2.713920024689287
11589,136439,1,0,2.7154330164194107
11590,136440,1,0,2.7252010186202824
11591,136441,1,0,2.697098010685295
11592,136442,1,0,2.7186580118723214
11593,136443,1,0,2.722917008213699
11594,136444,1,0,2.714972011744976
11595,136445,1,0,2.703831996768713
11596,136446,1,1,2.8443019837141037
11597,136447,1,0,2.726353006437421
11598,136448,1,0,2.7223649667575955
11599,136449,1,0,2.710543980356306
11600,136450,1,0,2.710964996367693
11601,136451,1,0,2.717617026064545
11602,136452,1,0,2.7272640145383775
11603,136453,1,0,2.7115860139019787
11604,136454,1,0,2.7075380203314126
11605,136455,1,0,2.7142110047861934
11606,136456,1,0,2.7251800056546926
11607,136457,1,0,2.7129679801873863
11608,136458,1,0,2.725662023294717
11609,136459,1,0,2.7179369935765862
11610,136460,1,0,2.722876030020416
11611,136461,1,0,2.712097018957138
11612,136462,1,0,2.721143013332039
11613,136463,1,1,2.735098998527974
11614,136464,1,0,2.973500988446176
11615,136465,1,0,2.7206119848415256
11616,136466,1,0,2.707487961743027
11617,136467,1,0,2.721614029724151
11618,136468,1,0,2.72009102627635
11619,136469,1,0,2.716654969844967
11620,136470,1,0,2.7046729810535908
11621,136471,1,0,2.7134990086779
11622,136472,1,0,2.723937970586121
11623,136473,1,0,2.8371980297379196
11624,136474,1,0,2.6988820172846317
11625,136475,1,0,2.705624036025256
11626,136476,1,0,2.716854971367866
11627,136477,1,0,2.719179028645158
11628,136478,1,0,2.6941829710267484
11629,136479,1,0,2.705243998207152
11630,136480,1,1,2.715041977353394
11631,136481,1,0,2.7139500016346574
11632,136482,1,0,2.699302975088358
11633,136483,1,0,2.713930036406964
11634,136484,1,0,2.713979978580028
11635,136485,1,0,2.7144610066898167
11636,136486,1,0,2.704512036871165
11637,136487,1,0,2.7209330000914633
11638,136488,1,0,2.7181580080650747
11639,136489,1,0,2.719609998166561
11640,136490,1,0,2.6966080185957253
11641,136491,1,0,2.7079290011897683
11642,136492,1,0,2.7129490044899285
11643,136493,1,0,2.7090100338682532
11644,136494,1,0,2.695786999538541
11645,136495,1,0,2.715523005463183
11646,136496,1,0,2.720192016568035
11647,136497,1,1,2.7013259823434055
11648,136498,1,0,2.705564023926854
11649,136499,1,0,2.8298849938437343
11650,136500,1,0,2.712407032959163
11651,136501,1,0,2.7159139863215387
11652,136502,1,0,2.696668030694127
11653,136503,1,0,2.7173759881407022
11654,136504,1,0,2.717457013204694
11655,136505,1,0,2.7046219911426306
11656,136506,1,0,2.7041719877161086
11657,136507,1,0,2.7180580073036253
11658,136508,1,0,2.722025034017861
11659,136509,1,0,2.7156429714523256
11660,136510,1,0,2.7058549458160996
11661,136511,1,0,2.8491300181485713
11662,136512,1,0,2.715373004321009
11663,136513,1,0,2.7253610314801335
11664,136514,1,1,2.7036209939979017
11665,136515,1,0,2.722335048019886
11666,136516,1,0,2.731130982283503
11667,136517,1,0,2.7682699728757143
11668,136518,1,0,2.7201810153201222
11669,136519,1,0,2.7204420184716582
11670,136520,1,0,2.72833596682176
11671,136521,1,0,2.7153529808856547
11672,136522,1,0,2.7177470037713647
11673,136523,1,0,2.713359019253403
11674,136524,1,0,2.7282459777779877
11675,136525,1,0,2.721133001614362
11676,136526,1,0,2.8392529929988086
11677,136527,1,0,2.6979100075550377
11678,136528,1,0,2.7289880090393126
11679,136529,1,0,2.719459997024387
11680,136530,1,0,2.710032043978572
11681,136531,1,1,2.693773014470935
11682,136532,1,0,2.72915797540918
11683,136533,1,0,2.728997031226754
11684,136534,1,0,2.7696830220520496
11685,136535,1,0,2.7110649971291423
11686,136536,1,0,2.745467994827777
11687,136537,1,0,2.723136974964291
11688,136538,1,0,2.7229459956288338
11689,136539,1,0,2.715051989071071
11690,136540,1,0,2.7218740433454514
11691,136541,1,0,2.7214140282012522
11692,136542,1,0,2.7118860161863267
11693,136543,1,0,2.6939830277115107
11694,136544,1,0,2.718598989304155
11695,136545,1,0,2.72581196622923
11696,136546,1,0,2.706455998122692
11697,136547,1,0,2.6938520022667944
11698,136548,1,1,2.7151720132678747
11699,136549,1,0,2.7125769993290305
11700,136550,1,0,2.7037920081056654
11701,136551,1,0,2.7139500016346574
11702,136552,1,0,2.8380799922160804
11703,136553,1,0,2.709560969378799
11704,136554,1,0,2.7038410189561546
11705,136555,1,0,2.7005650335922837
11706,136556,1,0,2.7190599939785898
11707,136557,1,0,2.7150919777341187
11708,136558,1,0,2.705404011067003
11709,136559,1,0,2.6979410322383046
11710,136560,1,0,2.7169249951839447
11711,136561,1,0,2.7104440378025174
11712,136562,1,0,2.7057849802076817
11713,136563,1,0,2.6997129898518324
11714,136564,1,0,2.7088309871032834
11715,136565,1,1,2.7154829585924745
11716,136566,1,0,2.7047430048696697
11717,136567,1,0,2.705222985241562
11718,136568,1,0,2.7137690340168774
11719,136569,1,0,2.720331947784871
11720,136570,1,0,2.707257983274758
11721,136571,1,0,2.713989990297705
11722,136572,1,0,2.7217339957132936
11723,136573,1,0,2.710213011596352
11724,136574,1,0,2.69465398741886
11725,136575,1,0,2.7251309948042035
11726,136576,1,0,2.720492018852383
11727,136577,1,0,2.7254820452071726
11728,136578,1,0,2.708961023017764
11729,136579,1,0,2.8336410177871585
11730,136580,1,0,2.722575969528407
11731,136581,1,0,2.7186090010218322
11732,136582,1,1,2.707417996134609
11733,136583,1,0,2.7071479707956314
11734,136584,1,0,2.7203020290471613
11735,136585,1,0,2.7216350426897407
11736,136586,1,0,2.7074679965153337
11737,136587,1,0,2.7059250278398395
11738,136588,1,0,2.7171060210093856
11739,136589,1,0,2.7908030315302312
11740,136590,1,0,2.775783999823034
11741,136591,1,0,2.7055650134570897
11742,136592,1,0,2.716534014325589
11743,136593,1,0,2.718698000535369
11744,136594,1,0,2.7054950478486717
11745,136595,1,0,2.706216007936746
11746,136596,1,0,2.7288569835945964
11747,136597,1,0,2.7135590207763016
11748,136598,1,0,2.708059037104249
11749,136599,1,0,2.712668036110699
11750,136600,1,1,2.7147220098413527
11751,136601,1,0,2.715823007747531
11752,136602,1,0,2.70477298181504
11753,136603,1,0,2.7045629685744643
11754,136604,1,0,2.8409860096871853
11755,136605,1,0,2.8345939936116338
11756,136606,1,0,2.7115349657833576
11757,136607,1,0,2.7028790209442377
11758,136608,1,0,2.709320979192853
11759,136609,1,0,2.7146009961143136
11760,136610,1,0,2.711084031034261
11761,136611,1,0,2.6887929998338223
11762,136612,1,0,2.725961967371404
11763,136613,1,0,2.720983000472188
11764,136614,1,0,2.714010013733059
11765,136615,1,0,2.6973889907822013
11766,136616,1,0,2.713689988013357
11767,136617,1,1,2.7225359808653593
11768,136618,1,0,2.7205219957977533
11769,136619,1,0,2.71046394482255
11770,136620,1,0,2.7202919591218233
11771,136621,1,0,2.717676979955286
11772,136622,1,0,2.7156429714523256
11773,136623,1,0,2.6957360096275806
11774,136624,1,0,2.7198409661650658
11775,136625,1,0,2.721875032875687
11776,136626,1,0,2.7220749761909246
11777,136627,1,0,2.7309319702908397
11778,136628,1,0,2.7189789689145982
11779,136629,1,0,2.725721977185458
11780,136630,1,0,2.7245489764027297
11781,136631,1,0,2.6981609989888966
11782,136632,1,0,2.8367670020088553
11783,136633,1,0,2.7148720109835267
11784,136634,1,1,2.723586978390813
11785,136635,1,0,2.7154129929840565
11786,136636,1,0,2.7123570325784385
11787,136637,1,0,2.7202810160815716
11788,136638,1,0,2.719491021707654
11789,136639,1,0,2.7019080007448792
11790,136640,1,0,2.7181270415894687
11791,136641,1,0,2.727425016928464
11792,136642,1,0,2.722404955420643
11793,136643,1,0,2.707839012145996
11794,136644,1,0,2.726764010731131
11795,136645,1,0,2.7477130061015487
11796,136646,1,0,2.7477219700813293
11797,136647,1,0,2.7044020243920386
11798,136648,1,0,2.7057949919253588
11799,136649,1,0,2.722405013628304
11800,136650,1,0,2.72038095863536
11801,136651,1,1,2.705664956010878
11802,136652,1,0,2.7062059962190688
11803,136653,1,0,2.7177970041520894
11804,136654,1,0,2.7137789875268936
11805,136655,1,0,2.703159989323467
11806,136656,1,0,2.7206920203752816
11807,136657,1,0,2.7175769791938365
11808,136658,1,0,2.8363860328681767
11809,136659,1,0,2.7055440004915
11810,136660,1,0,2.6989220059476793
11811,136661,1,0,2.7159940218552947
11812,136662,1,0,2.719048992730677
11813,136663,1,0,2.700424985960126
11814,136664,1,0,2.7080699801445007
11815,136665,1,0,2.7204420184716582
11816,136666,1,0,2.714881964493543
11817,136667,1,0,2.699602977372706
11818,136668,1,1,2.714439993724227
11819,136669,1,0,2.724498976022005
11820,136670,1,0,2.7100329753011465
11821,136671,1,0,2.696518029551953
11822,136672,1,0,2.7125169872306287
11823,136673,1,0,2.7154930285178125
11824,136674,1,0,2.720822987612337
11825,136675,1,0,2.6988020399585366
11826,136676,1,0,2.7113250107504427
11827,136677,1,0,2.7162350015714765
11828,136678,1,0,2.7018479886464775
11829,136679,1,0,2.701156015973538
11830,136680,1,0,2.7223359793424606
11831,136681,1,0,2.7198210009373724
11832,136682,1,0,2.711236011236906
11833,136683,1,0,2.7101730229333043
11834,136684,1,0,2.722094999626279
11835,136685,1,1,2.840975997969508
11836,136686,1,0,2.717586001381278
11837,136687,1,0,2.698260999750346
11838,136688,1,0,2.7226160163991153
11839,136689,1,0,2.7141799801029265
11840,136690,1,0,2.7157540316693485
11841,136691,1,0,2.703481004573405
11842,136692,1,0,2.7211630367673934
11843,136693,1,0,2.71461094962433
11844,136694,1,0,2.714701055083424
11845,136695,1,0,2.699494012631476
11846,136696,1,0,2.708279003854841
11847,136697,1,0,2.719800977502018
11848,136698,1,0,2.7053039520978928
11849,136699,1,0,2.714881964493543
11850,136700,1,0,2.7196299633942544
11851,136701,1,0,2.7142000035382807
11852,136702,1,1,2.7035609818995
11853,136703,1,0,2.7109039947390556
11854,136704,1,0,2.7214540168642998
11855,136705,1,0,2.714240981731564
11856,136706,1,0,2.702328027226031
11857,136707,1,0,2.7059249696321785
11858,136708,1,0,2.710603002924472
11859,136709,1,0,2.7173469425179064
11860,136710,1,0,2.7042010333389044
11861,136711,1,0,2.838119980879128
11862,136712,1,0,2.7118459693156183
11863,136713,1,0,2.714540984015912
11864,136714,1,0,2.704453014302999
11865,136715,1,0,2.707006991840899
11866,136716,1,0,2.7005749871023
11867,136717,1,0,2.7116559795103967
11868,136718,1,0,2.708129002712667
11869,136719,1,1,2.704753016587347
11870,136720,1,0,2.7669579721987247
11871,136721,1,0,2.7140299789607525
11872,136722,1,0,2.700284996535629
11873,136723,1,0,2.7041719877161086
11874,136724,1,0,2.7092010132037103
11875,136725,1,0,2.709121035877615
11876,136726,1,0,2.707487961743027
11877,136727,1,0,2.709502005018294
11878,136728,1,0,2.7100429870188236
11879,136729,1,0,2.7125380001962185
11880,136730,1,0,2.6926499558612704
11881,136731,1,0,2.71409098058939
11882,136732,1,0,2.7104230248369277
11883,136733,1,0,2.7121970197185874
11884,136734,1,0,2.7000440168194473
11885,136735,1,0,2.7162450132891536
11886,136736,1,1,2.7209019754081964
11887,136737,1,0,2.708960964810103
11888,136738,1,0,2.841276000253856
11889,136739,1,0,2.7365320129320025
11890,136740,1,0,2.7186989900656044
11891,136741,1,0,2.719070005696267
11892,136742,1,0,2.7093220269307494
11893,136743,1,0,3.5159459803253412
11894,136744,1,0,3.8930949522182345
11895,136745,1,0,2.8238840168341994
11896,136746,1,0,2.7073780074715614
11897,136747,1,0,2.703751961234957
11898,136748,1,0,2.7118659927509725
11899,136749,1,0,2.706025028601289
11900,136750,1,0,2.7011760394088924
11901,136751,1,0,2.7013570070266724
11902,136752,1,0,2.7117360150441527
11903,136753,1,1,2.707918989472091
11904,136754,1,0,2.6980609982274473
11905,136755,1,0,2.717296010814607
11906,136756,1,0,2.723707992117852
11907,136757,1,0,2.7178869931958616
11908,136758,1,0,2.7138900477439165
11909,136759,1,0,2.717215975280851
11910,136760,1,0,2.718899049796164
11911,136761,1,0,2.7194899739697576
11912,136762,1,0,2.7012070058844984
11913,136763,1,0,2.7180869947187603
11914,136764,1,0,2.841415989678353
11915,136765,1,0,2.7170960092917085
11916,136766,1,0,2.80743301846087
11917,136767,1,0,2.7104730252176523
11918,136768,1,0,2.7099919971078634
11919,136769,1,0,2.7061260188929737
11920,136770,1,1,2.7018169639632106
11921,136771,1,0,2.697369025554508
11922,136772,1,0,2.706745988689363
11923,136773,1,0,2.716935006901622
11924,136774,1,0,2.698200987651944
11925,136775,1,0,2.7106039924547076
11926,136776,1,0,2.7089399518445134
11927,136777,1,0,2.709752006921917
11928,136778,1,0,2.6935519999824464
11929,136779,1,0,2.7216949965804815
11930,136780,1,0,2.7186290244571865
11931,136781,1,0,2.7242290088906884
11932,136782,1,0,2.6939730159938335
11933,136783,1,0,2.7166149811819196
11934,136784,1,0,2.734017965849489
11935,136785,1,0,2.7209630352444947
11936,136786,1,0,2.702780009713024
11937,136787,1,1,2.7101829764433205
11938,136788,1,0,2.7151620015501976
11939,136789,1,0,2.7895200182683766
11940,136790,1,0,2.7053439989686012
11941,136791,1,0,2.8277409728616476
11942,136792,1,0,2.7096120174974203
11943,136793,1,0,2.7157129952684045
11944,136794,1,0,2.7143910410813987
11945,136795,1,0,2.7136289863847196
11946,136796,1,0,2.726422972045839
11947,136797,1,0,2.7207029634155333
11948,136798,1,0,2.7075280086137354
11949,136799,1,0,2.7121269959025085
11950,136800,1,0,2.7269949787296355
11951,136801,1,0,2.7264729724265635
11952,136802,1,0,2.707017003558576
11953,136803,1,0,2.720972988754511
11954,136804,1,1,2.716314047574997
11955,136805,1,0,2.7166649815626442
11956,136806,1,0,2.7008550241589546
11957,136807,1,0,2.7092209784314036
11958,136808,1,0,2.7149819652549922
11959,136809,1,0,2.7075480320490897
11960,136810,1,0,2.7047930052503943
11961,136811,1,0,2.713509020395577
11962,136812,1,0,2.7249809936620295
11963,136813,1,0,2.7212839922867715
11964,136814,1,0,2.6966980076394975
11965,136815,1,0,2.7147920336574316
11966,136816,1,0,2.714190981350839
11967,136817,1,0,2.83740897430107
11968,136818,1,0,2.700915967579931
11969,136819,1,0,2.713449008297175
11970,136820,1,0,2.712176996283233
11971,136821,1,1,2.7119559817947447
11972,136822,1,0,2.6960360119119287
11973,136823,1,0,2.717557013966143
11974,136824,1,0,2.716906019486487
11975,136825,1,0,2.7061349828727543
11976,136826,1,0,2.689715998712927
11977,136827,1,0,2.7116260025650263
11978,136828,1,0,2.724198973737657
11979,136829,1,0,2.7017570100724697
11980,136830,1,0,2.707557985559106
11981,136831,1,0,2.715602982789278
11982,136832,1,0,2.7130479575134814
11983,136833,1,0,2.7170349494554102
11984,136834,1,0,2.739046001806855
11985,136835,1,0,2.754725981503725
11986,136836,1,0,2.746360027231276
11987,136837,1,0,2.7219949988648295
11988,136838,1,1,2.699964039493352
11989,136839,1,0,2.7194800204597414
11990,136840,1,0,2.7139699668623507
11991,136841,1,0,2.7072670054621994
11992,136842,1,0,2.7096120174974203
11993,136843,1,0,2.7200410258956254
11994,136844,1,0,2.8431600076146424
11995,136845,1,0,2.770113991573453
11996,136846,1,0,2.727886021602899
11997,136847,1,0,2.748293976765126
11998,136848,1,0,2.74249300127849
11999,136849,1,0,2.72985000628978
12000,136850,1,0,2.7116460260003805
12001,136851,1,0,2.708740998059511
12002,136852,1,0,2.7330860029906034
12003,136853,1,0,2.7788399602286518
12004,136854,1,0,2.728766994550824
12005,136855,1,1,2.710493979975581
12006,136856,1,0,2.725511963944882
12007,136857,1,0,2.732063992880285
12008,136858,1,0,2.7526820194907486
12009,136859,1,0,2.774211985524744
12010,136860,1,0,2.7196299633942544
12011,136861,1,0,2.7226459933444858
12012,136862,1,0,2.730300009716302
12013,136863,1,0,2.718618023209274
12014,136864,1,0,2.7096219710074365
12015,136865,1,0,2.7163249906152487
12016,136866,1,0,2.720062038861215
12017,136867,1,0,2.7063459856435657
12018,136868,1,0,2.707198029384017
12019,136869,1,0,2.7268240228295326
12020,136870,1,0,2.8390020015649498
12021,136871,1,0,2.709812019020319
12022,136872,1,1,2.7081689913757145
12023,136873,1,0,2.725380996707827
12024,136874,1,0,2.719940966926515
12025,136875,1,0,2.7100329753011465
12026,136876,1,0,2.702669007703662
12027,136877,1,0,2.7205219957977533
12028,136878,1,0,2.7156230062246323
12029,136879,1,0,2.707006991840899
12030,136880,1,0,2.7148309745825827
12031,136881,1,0,2.7155830175615847
12032,136882,1,0,2.7917440165765584
12033,136883,1,0,2.7005960000678897
12034,136884,1,0,2.7017169632017612
12035,136885,1,0,2.75856297230348
12036,136886,1,0,2.7118760044686496
12037,136887,1,0,2.7051439974457026
12038,136888,1,0,2.70044500939548
12039,136889,1,1,2.711365988943726
12040,136890,1,0,2.711125009227544
12041,136891,1,0,2.7041309513151646
12042,136892,1,0,2.710934029892087
12043,136893,1,0,2.7125380001962185
12044,136894,1,0,2.7168550295755267
12045,136895,1,0,2.7124370099045336
12046,136896,1,0,2.7167050284333527
12047,136897,1,0,2.8414360131137073
12048,136898,1,0,2.721404016483575
12049,136899,1,0,2.7211540145799518
12050,136900,1,0,2.6972590130753815
12051,136901,1,0,2.7145309722982347
12052,136902,1,0,2.7163850027136505
12053,136903,1,0,2.6982309645973146
12054,136904,1,0,2.692410023882985
12055,136905,1,0,2.718477975577116
12056,136906,1,0,2.708059037104249
12057,136907,1,1,2.709832973778248
12058,136908,1,0,2.7061360306106508
12059,136909,1,0,2.713038004003465
12060,136910,1,0,2.7049430063925683
12061,136911,1,0,2.6950850151479244
12062,136912,1,0,2.704010985326022
12063,136913,1,0,2.71244696341455
12064,136914,1,0,2.703720994759351
12065,136915,1,0,2.696166979148984
12066,136916,1,0,2.7089499635621905
12067,136917,1,0,2.7092620148323476
12068,136918,1,0,2.70572496810928
12069,136919,1,0,2.695686009246856
12070,136920,1,0,2.7210129774175584
12071,136921,1,0,2.7233180007897317
12072,136922,1,0,2.7011559577658772
12073,136923,1,0,2.8183329850435257
12074,136924,1,1,2.717085008043796
12075,136925,1,0,2.708840009290725
12076,136926,1,0,2.700906014069915
12077,136927,1,0,2.6894150068983436
12078,136928,1,0,2.7104929904453456
12079,136929,1,0,4.10503800958395
12080,136930,1,0,3.395203035324812
12081,136931,1,0,2.830366021953523
12082,136932,1,0,2.7962029562331736
12083,136933,1,0,2.7847919845953584
12084,136934,1,0,2.7603759663179517
12085,136935,1,0,2.764964010566473
12086,136936,1,0,2.7541950112208724
12087,136937,1,0,2.751098945736885
12088,136938,1,0,2.8025240171700716
12089,136939,1,0,2.7955719851888716
12090,136940,1,0,2.7937269769608974
12091,136941,1,1,2.7506479527801275
12092,136942,1,0,2.7379850507713854
12093,136943,1,0,2.7588530210778117
12094,136944,1,0,2.7550659724511206
12095,136945,1,0,2.744897035881877
12096,136946,1,0,2.734698005951941
12097,136947,1,0,2.743054006714374
12098,136948,1,0,2.7560379821807146
12099,136949,1,0,2.7494050445966423
12100,136950,1,0,2.8934430447407067
12101,136951,1,0,2.746290003415197
12102,136952,1,0,2.736843016464263
12103,136953,1,0,2.746901009231806
12104,136954,1,0,2.738516021054238
12105,136955,1,0,2.730941982008517
12106,136956,1,0,2.726283040829003
12107,136957,1,0,2.7397279627621174
12108,136958,1,1,2.7379339444451034
12109,136959,1,0,2.732443972490728
12110,136960,1,0,2.725460974033922
12111,136961,1,0,2.7405890286900103
12112,136962,1,0,2.736300986725837
12113,136963,1,0,2.7299799839966
12114,136964,1,0,2.7240279596298933
12115,136965,1,0,2.721614029724151
12116,136966,1,0,2.762229007203132
12117,136967,1,0,2.7415109798312187
12118,136968,1,0,2.7219849871471524
12119,136969,1,0,2.723146986681968
12120,136970,1,0,2.7397070080041885
12121,136971,1,0,2.7508579660207033
12122,136972,1,0,2.776215027552098
12123,136973,1,0,2.7406499721109867
12124,136974,1,0,2.76299100369215
12125,136975,1,1,2.740339026786387
12126,136976,1,0,2.8872720431536436
12127,136977,1,0,2.737283008173108
12128,136978,1,0,2.741390955634415
12129,136979,1,0,2.7779089869000018
12130,136980,1,0,2.8246549773029983
12131,136981,1,0,2.752632019110024
12132,136982,1,0,2.7621400076895952
12133,136983,1,0,2.715292968787253
12134,136984,1,0,2.7440660051070154
12135,136985,1,0,2.732704975642264
12136,136986,1,0,2.733294968493283
12137,136987,1,0,2.722856996115297
12138,136988,1,0,2.7223049546591938
12139,136989,1,0,2.7274550520814955
12140,136990,1,0,2.765726007055491
12141,136991,1,0,2.7894300292246044
12142,136992,1,1,2.735028974711895
12143,136993,1,0,2.727004000917077
12144,136994,1,0,2.753252978436649
12145,136995,1,0,2.773539978079498
12146,136996,1,0,2.7377240476198494
12147,136997,1,0,2.7264340315014124
12148,136998,1,0,2.7269439888186753
12149,136999,1,0,2.7230270206928253
12150,137000,1,0,2.723247976973653
12151,137001,1,0,2.71728599909693
12152,137002,1,0,2.723958983551711
12153,137003,1,0,2.855002006981522
12154,137004,1,0,2.726153004914522
12155,137005,1,0,2.710553992073983
12156,137006,1,0,2.8410350205376744
12157,137007,1,0,2.8586179832927883
12158,137008,1,0,2.73955799639225
12159,137009,1,1,2.7238079928793013
12160,137010,1,0,2.735941030550748
12161,137011,1,0,2.741751028224826
12162,137012,1,0,2.7383549604564905
12163,137013,1,0,2.740900032222271
12164,137014,1,0,2.7241879724897444
12165,137015,1,0,2.7348390431143343
12166,137016,1,0,2.7399079990573227
12167,137017,1,0,2.7418709942139685
12168,137018,1,0,2.720351971220225
12169,137019,1,0,2.7397279627621174
12170,137020,1,0,2.7581219910643995
12171,137021,1,0,2.737262984737754
12172,137022,1,0,2.7350589516572654
12173,137023,1,0,2.718397998251021
12174,137024,1,0,2.738285984378308
12175,137025,1,0,2.731641987338662
12176,137026,1,1,2.731272019445896
12177,137027,1,0,2.7314419858157635
12178,137028,1,0,2.7329559670761228
12179,137029,1,0,2.8686270234175026
12180,137030,1,0,2.740809984970838
12181,137031,1,0,2.7279159985482693
12182,137032,1,0,2.7126669883728027
12183,137033,1,0,2.7245900128036737
12184,137034,1,0,2.729508967604488
12185,137035,1,0,2.7351800235919654
12186,137036,1,0,2.7072280063293874
12187,137037,1,0,2.7398979873396456
12188,137038,1,0,2.722526027355343
12189,137039,1,0,2.7220150223001838
12190,137040,1,0,2.718547999393195
12191,137041,1,0,2.7640830376185477
12192,137042,1,0,2.7650039992295206
12193,137043,1,1,2.7856529923155904
12194,137044,1,0,2.742092008702457
12195,137045,1,0,2.70933099091053
12196,137046,1,0,2.7383859851397574
12197,137047,1,0,2.724338963162154
12198,137048,1,0,2.714400994591415
12199,137049,1,0,2.7065969770774245
12200,137050,1,0,2.721604018006474
12201,137051,1,0,2.7235980378463864
12202,137052,1,0,2.71553301718086
12203,137053,1,0,2.6904569822363555
12204,137054,1,0,2.737984003033489
12205,137055,1,0,2.734548004809767
12206,137056,1,0,2.871671982575208
12207,137057,1,0,2.7259019552730024
12208,137058,1,0,2.7208130341023207
12209,137059,1,0,2.71502195391804
12210,137060,1,1,2.723268000409007
12211,137061,1,0,2.728366991505027
12212,137062,1,0,2.752921951469034
12213,137063,1,0,2.735188987571746
12214,137064,1,0,2.741119998972863
12215,137065,1,0,2.712798013817519
12216,137066,1,0,2.714471018407494
12217,137067,1,0,2.77282897150144
12218,137068,1,0,2.779671980533749
12219,137069,1,0,2.7577009750530124
12220,137070,1,0,2.7256510220468044
12221,137071,1,0,2.719599986448884
12222,137072,1,0,2.736331953201443
12223,137073,1,0,2.7322740061208606
12224,137074,1,0,2.723978948779404
12225,137075,1,0,2.7227260288782418
12226,137076,1,0,2.7263829833827913
12227,137077,1,1,2.731523010879755
12228,137078,1,0,2.728055987972766
12229,137079,1,0,2.7183680213056505
12230,137080,1,0,2.7353490004315972
12231,137081,1,0,2.7388259768486023
12232,137082,1,0,2.8517050086520612
12233,137083,1,0,2.731753047555685
12234,137084,1,0,2.7197310118936002
12235,137085,1,0,2.738946001045406
12236,137086,1,0,2.7628809912130237
12237,137087,1,0,2.7530830120667815
12238,137088,1,0,2.719670010264963
12239,137089,1,0,2.7309510041959584
12240,137090,1,0,2.7339470107108355
12241,137091,1,0,2.724258985836059
12242,137092,1,0,2.730861015152186
12243,137093,1,0,2.728567982558161
12244,137094,1,1,2.776545996312052
12245,137095,1,0,2.7841199771501124
12246,137096,1,0,2.726663020439446
12247,137097,1,0,2.7240079944022
12248,137098,1,0,2.7349289739504457
12249,137099,1,0,2.735259011387825
12250,137100,1,0,2.727774961385876
12251,137101,1,0,2.717526047490537
12252,137102,1,0,2.726923965383321
12253,137103,1,0,2.729760017246008
12254,137104,1,0,2.7225050143897533
12255,137105,1,0,2.716153976507485
12256,137106,1,0,2.7285569813102484
12257,137107,1,0,2.728247025515884
12258,137108,1,0,2.7318730135448277
12259,137109,1,0,2.843210007995367
12260,137110,1,0,2.7305500116199255
12261,137111,1,1,2.727384038735181
12262,137112,1,0,2.72606301587075
12263,137113,1,0,2.717397001106292
12264,137114,1,0,2.72189499810338
12265,137115,1,0,2.7528420323505998
12266,137116,1,0,2.736722002737224
12267,137117,1,0,2.751388994511217
12268,137118,1,0,2.738806011620909
12269,137119,1,0,2.7454579831101
12270,137120,1,0,2.72604200290516
12271,137121,1,0,2.723478013649583
12272,137122,1,0,2.711866982281208
12273,137123,1,0,2.7274549938738346
12274,137124,1,0,2.717808005400002
12275,137125,1,0,2.719790965784341
12276,137126,1,0,2.7074679965153337
12277,137127,1,0,2.72902799770236
12278,137128,1,1,2.730872016400099
12279,137129,1,0,2.718968957196921
12280,137130,1,0,2.708540007006377
12281,137131,1,0,2.730891981627792
12282,137132,1,0,2.7284169918857515
12283,137133,1,0,2.7268939884379506
12284,137134,1,0,2.7086499612778425
12285,137135,1,0,2.8529679984785616
12286,137136,1,0,2.7368830051273108
12287,137137,1,0,2.72797595243901
12288,137138,1,0,2.7106740162707865
12289,137139,1,0,2.7167759835720062
12290,137140,1,0,2.7278150082565844
12291,137141,1,0,2.7429729816503823
12292,137142,1,0,2.7480630087666214
12293,137143,1,0,2.710324013605714
12294,137144,1,0,2.721104014199227
12295,137145,1,1,2.7219850453548133
12296,137146,1,0,2.7595050050877035
12297,137147,1,0,2.79549096012488
12298,137148,1,0,2.732624998316169
12299,137149,1,0,2.7210830012336373
12300,137150,1,0,2.7232480351813138
12301,137151,1,0,2.7275150059722364
12302,137152,1,0,2.720972988754511
12303,137153,1,0,2.7307309792377055
12304,137154,1,0,2.7266429970040917
12305,137155,1,0,2.711735956836492
12306,137156,1,0,2.729989995714277
12307,137157,1,0,2.7260120259597898
12308,137158,1,0,2.7255219756625593
12309,137159,1,0,2.718317962717265
12310,137160,1,0,2.722656005062163
12311,137161,1,0,2.73142202058807
12312,137162,1,1,2.8652410255745053
12313,137163,1,0,2.768712001852691
12314,137164,1,0,2.7324240072630346
12315,137165,1,0,2.722034987527877
12316,137166,1,0,2.715412003453821
12317,137167,1,0,2.723578014411032
12318,137168,1,0,2.707908977754414
12319,137169,1,0,2.7218739851377904
12320,137170,1,0,2.7225749799981713
12321,137171,1,0,2.7172560221515596
12322,137172,1,0,2.7151620015501976
12323,137173,1,0,2.713850000873208
12324,137174,1,0,2.722606004681438
12325,137175,1,0,2.7202919591218233
12326,137176,1,0,2.7182179619558156
12327,137177,1,0,2.719501033425331
12328,137178,1,0,2.731512999162078
12329,137179,1,1,2.7261620271019638
12330,137180,1,0,2.720481948927045
12331,137181,1,0,2.7254910091869533
12332,137182,1,0,2.7228660183027387
12333,137183,1,0,2.720492018852383
12334,137184,1,0,2.717686991672963
12335,137185,1,0,2.7154820272699
12336,137186,1,0,2.727494982536882
12337,137187,1,0,2.733805973548442
12338,137188,1,0,2.897591039072722
12339,137189,1,0,2.719179028645158
12340,137190,1,0,2.723397978115827
12341,137191,1,0,2.722997043747455
12342,137192,1,0,2.7401880361139774
12343,137193,1,0,2.7433750219643116
12344,137194,1,0,2.725250960793346
12345,137195,1,0,2.7177270385436714
12346,137196,1,1,2.7157330187037587
12347,137197,1,0,2.7143509942106903
12348,137198,1,0,2.722094999626279
12349,137199,1,0,2.7252809959463775
12350,137200,1,0,2.7225560043007135
12351,137201,1,0,2.725119993556291
12352,137202,1,0,2.71336903097108
12353,137203,1,0,2.7162740007042885
12354,137204,1,0,2.7293479652144015
12355,137205,1,0,2.7150019886903465
12356,137206,1,0,2.7216439484618604
12357,137207,1,0,2.7214440051466227
12358,137208,1,0,2.731802989728749
12359,137209,1,0,2.713860012590885
12360,137210,1,0,2.754474990069866
12361,137211,1,0,2.747381979133934
12362,137212,1,0,2.7273749583400786
12363,137213,1,1,2.709512016735971
12364,137214,1,0,2.7110050432384014
12365,137215,1,0,2.845193026587367
12366,137216,1,0,2.718187985010445
12367,137217,1,0,2.7139500016346574
12368,137218,1,0,2.7037610416300595
12369,137219,1,0,2.7191900298930705
12370,137220,1,0,2.719459997024387
12371,137221,1,0,2.723115961998701
12372,137222,1,0,2.703921985812485
12373,137223,1,0,2.725742000620812
12374,137224,1,0,2.7242289506830275
12375,137225,1,0,2.729508967604488
12376,137226,1,0,2.7082590386271477
12377,137227,1,0,2.726694045122713
12378,137228,1,0,2.735669957473874
12379,137229,1,0,2.7298590284772217
12380,137230,1,0,2.745328994933516
12381,137231,1,1,2.7434250223450363
12382,137232,1,0,2.7294280007481575
12383,137233,1,0,2.730701002292335
12384,137234,1,0,2.70770798670128
12385,137235,1,0,2.7272949810139835
12386,137236,1,0,2.729829982854426
12387,137237,1,0,2.719840034842491
12388,137238,1,0,2.710644039325416
12389,137239,1,0,2.721034048590809
12390,137240,1,0,2.722436038311571
12391,137241,1,0,2.847757947165519
12392,137242,1,0,2.7107540518045425
12393,137243,1,0,2.7069069910794497
12394,137244,1,0,2.723728015553206
12395,137245,1,0,2.7241389616392553
12396,137246,1,0,2.7068070485256612
12397,137247,1,0,2.716534014325589
12398,137248,1,1,2.7258319896645844
12399,137249,1,0,2.717386989388615
12400,137250,1,0,2.707367006223649
12401,137251,1,0,2.709652006160468
12402,137252,1,0,2.716003975365311
12403,137253,1,0,2.717386989388615
12404,137254,1,0,2.7094619581475854
12405,137255,1,0,2.7034709928557277
12406,137256,1,0,2.713659021537751
12407,137257,1,0,2.71867896663025
12408,137258,1,0,2.713157969992608
12409,137259,1,0,2.7220050105825067
12410,137260,1,0,2.7795310015790164
12411,137261,1,0,2.736491966061294
12412,137262,1,0,2.7095010154880583
12413,137263,1,0,2.723728015553206
12414,137264,1,0,2.728687017224729
12415,137265,1,1,2.734147012233734
12416,137266,1,0,2.704702957998961
12417,137267,1,0,2.7143610059283674
12418,137268,1,0,2.8492410201579332
12419,137269,1,0,2.725150028709322
12420,137270,1,0,2.7227060054428875
12421,137271,1,0,2.7061760192736983
12422,137272,1,0,2.725130005273968
12423,137273,1,0,2.7239189948886633
12424,137274,1,0,2.7231170097365975
12425,137275,1,0,2.7046219911426306
12426,137276,1,0,2.7206630329601467
12427,137277,1,0,2.7223359793424606
12428,137278,1,0,2.7186889783479273
12429,137279,1,0,2.7052329969592392
12430,137280,1,0,2.717767027206719
12431,137281,1,0,2.728306979406625
12432,137282,1,1,2.712687011808157
12433,137283,1,0,2.7022380381822586
12434,137284,1,0,2.716314047574997
12435,137285,1,0,2.7263129595667124
12436,137286,1,0,2.710212953388691
12437,137287,1,0,2.714471018407494
12438,137288,1,0,2.7597250300459564
12439,137289,1,0,2.728867984842509
12440,137290,1,0,2.7192190173082054
12441,137291,1,0,2.7070370269939303
12442,137292,1,0,2.7222349890507758
12443,137293,1,0,2.7329049771651626
12444,137294,1,0,2.8583169914782047
12445,137295,1,0,2.7631510165520012
12446,137296,1,0,2.733336004894227
12447,137297,1,0,2.7309709694236517
12448,137298,1,0,2.7274450403638184
12449,137299,1,1,2.7203920180909336
12450,137300,1,0,2.7188490494154394
12451,137301,1,0,2.7378639788366854
12452,137302,1,0,2.733036002609879
12453,137303,1,0,2.7709060232155025
12454,137304,1,0,2.754314977210015
12455,137305,1,0,2.7205420192331076
12456,137306,1,0,2.7220550109632313
12457,137307,1,0,2.7255209861323237
12458,137308,1,0,2.7199609903618693
12459,137309,1,0,2.725541009567678
12460,137310,1,0,2.740829950198531
12461,137311,1,0,2.7206820086576045
12462,137312,1,0,2.713909954763949
12463,137313,1,0,2.714760950766504
12464,137314,1,0,2.7257120236754417
12465,137315,1,0,2.7345180278643966
12466,137316,1,1,2.7190190157853067
12467,137317,1,0,2.724208985455334
12468,137318,1,0,2.727064013015479
12469,137319,1,0,2.7280159993097186
12470,137320,1,0,2.7748330030590296
12471,137321,1,0,2.9109750175848603
12472,137322,1,0,2.741920994594693
12473,137323,1,0,2.7415520162321627
12474,137324,1,0,2.731471962761134
12475,137325,1,0,2.718668954912573
12476,137326,1,0,2.710213011596352
12477,137327,1,0,2.727244980633259
12478,137328,1,0,2.7246790123172104
12479,137329,1,0,2.716154034715146
12480,137330,1,0,2.7070469805039465
12481,137331,1,0,2.7315430343151093
12482,137332,1,0,3.806114022154361
12483,137333,1,1,3.0699599883519113
12484,137334,1,0,2.842237998265773
12485,137335,1,0,2.786444965749979
12486,137336,1,0,2.7636929880827665
12487,137337,1,0,2.7537340065464377
12488,137338,1,0,2.7636520098894835
12489,137339,1,0,2.760166011285037
12490,137340,1,0,2.760817005764693
12491,137341,1,0,2.7484439779073
12492,137342,1,0,2.7470909990370274
12493,137343,1,0,2.7616890147328377
12494,137344,1,0,2.8094869921915233
12495,137345,1,0,2.750248007941991
12496,137346,1,0,2.7309819706715643
12497,137347,1,0,2.899263985455036
12498,137348,1,0,2.7514990069903433
12499,137349,1,0,2.741359989158809
12500,137350,1,1,2.736401977017522
12501,137351,1,0,2.73132196161896
12502,137352,1,0,2.744185971096158
12503,137353,1,0,2.7358109946362674
12504,137354,1,0,2.7493450324982405
12505,137355,1,0,2.7298490167595446
12506,137356,1,0,2.7326340205036104
12507,137357,1,0,2.739948977250606
12508,137358,1,0,2.774311986286193
12509,137359,1,0,2.7692830190062523
12510,137360,1,0,2.7243299991823733
12511,137361,1,0,2.733136003371328
12512,137362,1,0,2.742823970038444
12513,137363,1,0,2.7378040249459445
12514,137364,1,0,2.733336004894227
12515,137365,1,0,2.72820598911494
12516,137366,1,0,2.7335360064171255
12517,137367,1,1,2.738315030001104
12518,137368,1,0,2.7851120103150606
12519,137369,1,0,2.725561964325607
12520,137370,1,0,2.7438150136731565
12521,137371,1,0,2.7373229968361557
12522,137372,1,0,2.738034992944449
12523,137373,1,0,2.71566299488768
12524,137374,1,0,2.846364979632199
12525,137375,1,0,2.731262007728219
12526,137376,1,0,2.73873598780483
12527,137377,1,0,2.723979006987065
12528,137378,1,0,2.729077998083085
12529,137379,1,0,2.732875000219792
12530,137380,1,0,2.7351700118742883
12531,137381,1,0,2.719540032558143
12532,137382,1,0,2.7205520309507847
12533,137383,1,0,2.7307510026730597
12534,137384,1,1,2.7311519952490926
12535,137385,1,0,2.7216440066695213
12536,137386,1,0,2.716504968702793
12537,137387,1,0,2.735449990723282
12538,137388,1,0,2.7287169941700995
12539,137389,1,0,2.7230969863012433
12540,137390,1,0,2.7120569720864296
12541,137391,1,0,2.727895975112915
12542,137392,1,0,2.7261830400675535
12543,137393,1,0,2.720641961786896
12544,137394,1,0,2.7121969615109265
12545,137395,1,0,2.721693948842585
12546,137396,1,0,2.725512022152543
12547,137397,1,0,2.731973014306277
12548,137398,1,0,2.714561007451266
12549,137399,1,0,2.7277449844405055
12550,137400,1,0,2.863506961148232
12551,137401,1,1,2.72804603446275
12552,137402,1,0,2.719781012274325
12553,137403,1,0,2.7125669876113534
12554,137404,1,0,2.72861699340865
12555,137405,1,0,2.7323539834469557
12556,137406,1,0,2.7205319493077695
12557,137407,1,0,2.7141610044054687
12558,137408,1,0,2.7300199726596475
12559,137409,1,0,2.7366919675841928
12560,137410,1,0,2.7111549861729145
12561,137411,1,0,2.7178770396858454
12562,137412,1,0,2.7252709842287004
12563,137413,1,0,2.72009102627635
12564,137414,1,0,2.7073369710706174
12565,137415,1,0,2.713518973905593
12566,137416,1,0,2.753904031123966
12567,137417,1,0,2.716975985094905
12568,137418,1,1,2.7101029991172254
12569,137419,1,0,2.709702996071428
12570,137420,1,0,2.710704051423818
12571,137421,1,0,2.7206619852222502
12572,137422,1,0,2.7076280093751848
12573,137423,1,0,2.722464967519045
12574,137424,1,0,2.726663020439446
12575,137425,1,0,2.7246400131843984
12576,137426,1,0,2.715784008614719
12577,137427,1,0,2.8352650115266442
12578,137428,1,0,2.7277549961581826
12579,137429,1,0,2.7361810207366943
12580,137430,1,0,2.7210030239075422
12581,137431,1,0,2.7082290034741163
12582,137432,1,0,2.7259719790890813
12583,137433,1,0,2.7370030293241143
12584,137434,1,0,2.7302299859002233
12585,137435,1,1,2.7090610237792134
12586,137436,1,0,2.735168964136392
12587,137437,1,0,2.722575969528407
12588,137438,1,0,2.726653008721769
12589,137439,1,0,2.72014201618731
12590,137440,1,0,2.724028017837554
12591,137441,1,0,2.7217339957132936
12592,137442,1,0,2.726403996348381
12593,137443,1,0,2.718337986152619
12594,137444,1,0,2.7213540161028504
12595,137445,1,0,2.7338569634594023
12596,137446,1,0,2.7244400116614997
12597,137447,1,0,2.71525199059397
12598,137448,1,0,2.7217050082981586
12599,137449,1,0,2.7207229868508875
12600,137450,1,0,2.7237579924985766
12601,137451,1,0,2.7097619604319334
12602,137452,1,1,2.7143610059283674
12603,137453,1,0,2.844290982466191
12604,137454,1,0,2.7160339523106813
12605,137455,1,0,2.7103229658678174
12606,137456,1,0,2.6999040273949504
12607,137457,1,0,2.7302399976179004
12608,137458,1,0,2.727154002059251
12609,137459,1,0,2.7090010116808116
12610,137460,1,0,2.7681400533765554
12611,137461,1,0,2.7222750359214842
12612,137462,1,0,2.7293789898976684
12613,137463,1,0,2.714571019168943
12614,137464,1,0,2.7111340314149857
12615,137465,1,0,2.727965998928994
12616,137466,1,0,2.728596969973296
12617,137467,1,0,2.722386037930846
12618,137468,1,0,2.7101729647256434
12619,137469,1,1,2.7290380094200373
12620,137470,1,0,2.7298799832351506
12621,137471,1,0,2.7256509638391435
12622,137472,1,0,2.7082489687018096
12623,137473,1,0,2.7253709849901497
12624,137474,1,0,2.7253610314801335
12625,137475,1,0,2.7241689967922866
12626,137476,1,0,2.7061449945904315
12627,137477,1,0,2.7226260281167924
12628,137478,1,0,2.7222660137340426
12629,137479,1,0,2.716435003094375
12630,137480,1,0,2.8538089827634394
12631,137481,1,0,2.7132490067742765
12632,137482,1,0,2.7251210412941873
12633,137483,1,0,2.741170988883823
12634,137484,1,0,2.712888002861291
12635,137485,1,0,2.7220550109632313
12636,137486,1,1,2.729519037529826
12637,137487,1,0,2.7275950415059924
12638,137488,1,0,2.7189190150238574
12639,137489,1,0,2.7233269647695124
12640,137490,1,0,2.7323539834469557
12641,137491,1,0,2.7269739657640457
12642,137492,1,0,2.7208529645577073
12643,137493,1,0,2.725091006141156
12644,137494,1,0,2.7315920451655984
12645,137495,1,0,2.7196809533052146
12646,137496,1,0,2.7151620015501976
12647,137497,1,0,2.7141899918206036
12648,137498,1,0,2.720211981795728
12649,137499,1,0,2.7219249750487506
12650,137500,1,0,2.7111039962619543
12651,137501,1,0,2.721222990658134
12652,137502,1,0,2.7148519875481725
12653,137503,1,1,2.7201719931326807
12654,137504,1,0,2.7128480141982436
12655,137505,1,0,2.719038981013
12656,137506,1,0,2.8439509915187955
12657,137507,1,0,2.719359996262938
12658,137508,1,0,2.7211239794269204
12659,137509,1,0,2.70314997760579
12660,137510,1,0,2.7150919777341187
12661,137511,1,0,2.7156640426255763
12662,137512,1,0,2.7152120019309223
12663,137513,1,0,2.7074370300397277
12664,137514,1,0,2.7209330000914633
12665,137515,1,0,2.7120960294269025
12666,137516,1,0,2.7134789852425456
12667,137517,1,0,2.709773019887507
12668,137518,1,0,2.7338769868947566
12669,137519,1,0,2.731041982769966
12670,137520,1,1,2.7277650078758597
12671,137521,1,0,2.7197509771212935
12672,137522,1,0,2.7221260243095458
12673,137523,1,0,2.72861699340865
12674,137524,1,0,2.7208930114284158
12675,137525,1,0,2.712065994273871
12676,137526,1,0,2.723868004977703
12677,137527,1,0,2.720081014558673
12678,137528,1,0,2.727976010646671
12679,137529,1,0,2.713518973905593
12680,137530,1,0,2.7215739828534424
12681,137531,1,0,2.728266001213342
12682,137532,1,0,2.729238010942936
12683,137533,1,0,2.8361460426822305
12684,137534,1,0,2.7122169849462807
12685,137535,1,0,2.730771026108414
12686,137536,1,0,2.7305909898132086
12687,137537,1,0,2.7189989923499525
12688,137538,1,1,2.7128279907628894
12689,137539,1,0,2.721383993048221
12690,137540,1,0,2.736903028562665
12691,137541,1,0,2.7264240197837353
12692,137542,1,0,2.7033499791286886
12693,137543,1,0,2.730481035541743
12694,137544,1,0,2.7247899561189115
12695,137545,1,0,2.7309010038152337
12696,137546,1,0,2.7076289989054203
12697,137547,1,0,2.722516015637666
12698,137548,1,0,2.7315919869579375
12699,137549,1,0,2.719759999308735
12700,137550,1,0,2.709021035116166
12701,137551,1,0,2.7166250511072576
12702,137552,1,0,2.719359996262938
12703,137553,1,0,2.705683989915997
12704,137554,1,0,2.701706951484084
12705,137555,1,1,2.724589954596013
12706,137556,1,0,2.7275150059722364
12707,137557,1,0,2.7163440245203674
12708,137558,1,0,2.707247040234506
12709,137559,1,0,2.8334310045465827
12710,137560,1,0,2.7206919621676207
12711,137561,1,0,2.7208030223846436
12712,137562,1,0,2.7033599908463657
12713,137563,1,0,2.716815040912479
12714,137564,1,0,2.722816017922014
12715,137565,1,0,2.7184580103494227
12716,137566,1,0,2.7023989823646843
12717,137567,1,0,2.7172560221515596
12718,137568,1,0,2.717757015489042
12719,137569,1,0,2.7150120004080236
12720,137570,1,0,2.700745011679828
12721,137571,1,0,2.7228069957345724
12722,137572,1,1,2.7222250355407596
12723,137573,1,0,2.723787969443947
12724,137574,1,0,2.702679019421339
12725,137575,1,0,2.71874904865399
12726,137576,1,0,2.773831016384065
12727,137577,1,0,2.722867007832974
12728,137578,1,0,2.700775978155434
12729,137579,1,0,2.718327974434942
12730,137580,1,0,2.7158839511685073
12731,137581,1,0,2.7079879655502737
12732,137582,1,0,2.708570973481983
12733,137583,1,0,2.7204020298086107
12734,137584,1,0,2.721815020777285
12735,137585,1,0,2.722745994105935
12736,137586,1,0,2.8299649711698294
12737,137587,1,0,2.722506003919989
12738,137588,1,0,2.7200310141779482
12739,137589,1,1,2.727143990341574
12740,137590,1,0,2.7160539757460356
12741,137591,1,0,2.713017980568111
12742,137592,1,0,2.7183479978702962
12743,137593,1,0,2.717607014346868
12744,137594,1,0,2.711546025238931
12745,137595,1,0,2.7202519704587758
12746,137596,1,0,2.7246190002188087
12747,137597,1,0,2.7199109899811447
12748,137598,1,0,2.7049329946748912
12749,137599,1,0,2.709000022150576
12750,137600,1,0,2.7170859975740314
12751,137601,1,0,2.7185080107301474
12752,137602,1,0,2.6931919855996966
12753,137603,1,0,2.7206430095247924
12754,137604,1,0,2.712066052481532
12755,137605,1,0,2.709291991777718
12756,137606,1,1,2.691217989195138
12757,137607,1,0,2.7179979952052236
12758,137608,1,0,2.7076490223407745
12759,137609,1,0,2.706686034798622
12760,137610,1,0,2.70946096861735
12761,137611,1,0,2.719509997405112
12762,137612,1,0,2.84441199619323
12763,137613,1,0,2.718669013120234
12764,137614,1,0,2.6955759967677295
12765,137615,1,0,2.7197310118936002
12766,137616,1,0,2.7122970204800367
12767,137617,1,0,2.711185021325946
12768,137618,1,0,2.7039209962822497
12769,137619,1,0,2.7176569565199316
12770,137620,1,0,2.7203119825571775
12771,137621,1,0,2.715683018323034
12772,137622,1,0,2.70162703236565
12773,137623,1,1,2.7233180007897317
12774,137624,1,0,2.727986022364348
12775,137625,1,0,2.713038004003465
12776,137626,1,0,2.703850972466171
12777,137627,1,0,2.722314966376871
12778,137628,1,0,2.727805986069143
12779,137629,1,0,2.713648951612413
12780,137630,1,0,2.711285022087395
12781,137631,1,0,2.7172460104338825
12782,137632,1,0,2.716153976507485
12783,137633,1,0,2.7116049895994365
12784,137634,1,0,2.70881102187559
12785,137635,1,0,2.720071002840996
12786,137636,1,0,2.7186679653823376
12787,137637,1,0,2.712166984565556
12788,137638,1,0,2.712588000576943
12789,137639,1,0,2.8425079653970897
12790,137640,1,1,2.7201619814150035
12791,137641,1,0,2.7272250154055655
12792,137642,1,0,2.7156429714523256
12793,137643,1,0,2.725101017858833
12794,137644,1,0,2.732634951826185
12795,137645,1,0,2.724199031945318
12796,137646,1,0,2.7145110070705414
12797,137647,1,0,2.716864983085543
12798,137648,1,0,2.7222849894315004
12799,137649,1,0,2.7202519704587758
12800,137650,1,0,2.696567971725017
12801,137651,1,0,2.7174869901500642
12802,137652,1,0,2.72104301257059
12803,137653,1,0,2.7171759866178036
12804,137654,1,0,2.7045930037274957
12805,137655,1,0,2.706094994209707
12806,137656,1,0,2.712156972847879
12807,137657,1,1,2.7014469960704446
12808,137658,1,0,2.6890140143223107
12809,137659,1,0,2.707928011659533
12810,137660,1,0,2.7081790030933917
12811,137661,1,0,2.7014559600502253
12812,137662,1,0,2.696537005249411
12813,137663,1,0,2.717275987379253
12814,137664,1,0,2.7168350061401725
12815,137665,1,0,2.8303959988988936
12816,137666,1,0,2.694292983505875
12817,137667,1,0,2.7231770218349993
12818,137668,1,0,2.7148209628649056
12819,137669,1,0,2.7086709742434323
12820,137670,1,0,2.708139014430344
12821,137671,1,0,2.719530020840466
12822,137672,1,0,2.7230370324105024
12823,137673,1,0,2.711596025619656
12824,137674,1,1,2.708679996430874
12825,137675,1,0,2.721794997341931
12826,137676,1,0,2.717014984227717
12827,137677,1,0,2.712738001719117
12828,137678,1,0,2.7142810286022723
12829,137679,1,0,2.7105429908260703
12830,137680,1,0,2.7159840101376176
12831,137681,1,0,2.707518986426294
12832,137682,1,0,2.706585975829512
12833,137683,1,0,2.7116750134155154
12834,137684,1,0,2.719791023992002
12835,137685,1,0,2.702739031519741
12836,137686,1,0,2.707818988710642
12837,137687,1,0,2.7084689936600626
12838,137688,1,0,2.7167450170964003
12839,137689,1,0,2.699163043871522
12840,137690,1,0,2.7244800003245473
12841,137691,1,1,2.7142399922013283
12842,137692,1,0,2.97874998068437
12843,137693,1,0,2.7146610082127154
12844,137694,1,0,2.705013961531222
12845,137695,1,0,2.7208520332351327
12846,137696,1,0,2.720511984080076
12847,137697,1,0,2.715272014029324
12848,137698,1,0,2.709202002733946
12849,137699,1,0,2.731823013164103
12850,137700,1,0,2.7211030246689916
12851,137701,1,0,2.7091009542346
12852,137702,1,0,2.698020020034164
12853,137703,1,0,2.720732009038329
12854,137704,1,0,2.7157129952684045
12855,137705,1,0,2.706125029362738
12856,137706,1,0,2.6988419704139233
12857,137707,1,0,2.713929978199303
12858,137708,1,1,2.7185280341655016
12859,137709,1,0,2.718809002544731
12860,137710,1,0,2.7119259466417134
12861,137711,1,0,2.715673006605357
12862,137712,1,0,2.7134990086779
12863,137713,1,0,2.706105005927384
12864,137714,1,0,2.713178051635623
12865,137715,1,0,2.7171149849891663
12866,137716,1,0,2.724759979173541
12867,137717,1,0,2.714279980864376
12868,137718,1,0,2.834464015904814
12869,137719,1,0,2.70798901328817
12870,137720,1,0,2.7219540206715465
12871,137721,1,0,2.710313012357801
12872,137722,1,0,2.705323975533247
12873,137723,1,0,2.732363995164633
12874,137724,1,0,2.7233679429627955
12875,137725,1,1,2.720542950555682
12876,137726,1,0,2.7004550211131573
12877,137727,1,0,2.7215740410611033
12878,137728,1,0,2.7175169670954347
12879,137729,1,0,2.705975028220564
12880,137730,1,0,2.710072963964194
12881,137731,1,0,2.750467974692583
12882,137732,1,0,2.7454780065454543
12883,137733,1,0,2.711635024752468
12884,137734,1,0,2.7001239941455424
12885,137735,1,0,2.723167010117322
12886,137736,1,0,2.7140500023961067
12887,137737,1,0,2.70600599469617
12888,137738,1,0,2.7028799522668123
12889,137739,1,0,2.7173059643246233
12890,137740,1,0,2.7171059628017247
12891,137741,1,0,2.7063359739258885
12892,137742,1,1,2.713769965339452
12893,137743,1,0,2.722386037930846
12894,137744,1,0,2.7333259931765497
12895,137745,1,0,2.8494910220615566
12896,137746,1,0,2.7185080107301474
12897,137747,1,0,2.717104973271489
12898,137748,1,0,2.718087984248996
12899,137749,1,0,2.726553997490555
12900,137750,1,0,2.713809022679925
12901,137751,1,0,2.720491960644722
12902,137752,1,0,2.7237990288995206
12903,137753,1,0,2.7398280217312276
12904,137754,1,0,2.7074780082330108
12905,137755,1,0,2.718358999118209
12906,137756,1,0,2.72168405354023
12907,137757,1,0,2.721774042584002
12908,137758,1,0,2.7087500202469528
12909,137759,1,1,2.709962020162493
12910,137760,1,0,2.7175869909115136
12911,137761,1,0,2.721254015341401
12912,137762,1,0,2.7011759812012315
12913,137763,1,0,2.719460055232048
12914,137764,1,0,2.7213040157221258
12915,137765,1,0,2.713118970859796
12916,137766,1,0,2.701205958146602
12917,137767,1,0,2.712476998567581
12918,137768,1,0,2.7197510353289545
12919,137769,1,0,2.7126780478283763
12920,137770,1,0,2.7004649746231735
12921,137771,1,0,2.8361959848552942
12922,137772,1,0,2.7205420192331076
12923,137773,1,0,2.7211339911445975
12924,137774,1,0,2.711344975978136
12925,137775,1,0,2.7138899895362556
12926,137776,1,1,2.7134990086779
12927,137777,1,0,2.709652006160468
12928,137778,1,0,2.6979510439559817
12929,137779,1,0,2.7210040134377778
12930,137780,1,0,2.7098319842480123
12931,137781,1,0,2.717847004532814
12932,137782,1,0,2.700765966437757
12933,137783,1,0,2.714902046136558
12934,137784,1,0,2.716554969083518
12935,137785,1,0,2.7131480164825916
12936,137786,1,0,2.6920089730992913
12937,137787,1,0,2.713929978199303
12938,137788,1,0,2.7171859983354807
12939,137789,1,0,2.7162539772689342
12940,137790,1,0,2.7007460012100637
12941,137791,1,0,2.727334969677031
12942,137792,1,0,2.7134590200148523
12943,137793,1,1,2.706595987547189
12944,137794,1,0,2.706946979742497
12945,137795,1,0,2.7205219957977533
12946,137796,1,0,2.713007968850434
12947,137797,1,0,2.7009359910152853
12948,137798,1,0,2.830074983648956
12949,137799,1,0,2.708379994146526
12950,137800,1,0,2.716164046432823
12951,137801,1,0,2.7021479909308255
12952,137802,1,0,2.6984720025211573
12953,137803,1,0,2.7162840124219656
12954,137804,1,0,2.712326997425407
12955,137805,1,0,2.703351026866585
12956,137806,1,0,2.7057650149799883
12957,137807,1,0,2.705734979826957
12958,137808,1,0,2.721184049732983
12959,137809,1,0,2.7049329946748912
12960,137810,1,1,2.706585975829512
12961,137811,1,0,2.7132289833389223
12962,137812,1,0,2.7149320230819285
12963,137813,1,0,2.7019979897886515
12964,137814,1,0,2.707438019569963
12965,137815,1,0,2.709491003770381
12966,137816,1,0,2.7111339732073247
12967,137817,1,0,2.7004749863408506
12968,137818,1,0,2.71097500808537
12969,137819,1,0,2.719501033425331
12970,137820,1,0,2.7138699661009014
12971,137821,1,0,2.6964580174535513
12972,137822,1,0,2.7158840093761683
12973,137823,1,0,2.711044973693788
12974,137824,1,0,2.837218053173274
12975,137825,1,0,2.7001750422641635
12976,137826,1,0,2.715112001169473
12977,137827,1,1,2.7055140235461295
12978,137828,1,0,2.7138300356455147
12979,137829,1,0,2.6957360096275806
12980,137830,1,0,2.71728599909693
12981,137831,1,0,2.712427987717092
12982,137832,1,0,2.707878011278808
12983,137833,1,0,2.693662012461573
12984,137834,1,0,2.706717001274228
12985,137835,1,0,2.718178031500429
12986,137836,1,0,2.6957260561175644
12987,137837,1,0,2.7006050222553313
12988,137838,1,0,2.710543980356306
12989,137839,1,0,2.7102530002593994
12990,137840,1,0,2.701567020267248
12991,137841,1,0,2.7103929896838963
12992,137842,1,0,2.7199909673072398
12993,137843,1,0,2.72266601677984
12994,137844,1,1,2.706666011363268
12995,137845,1,0,2.720300981309265
12996,137846,1,0,2.7175069553777575
12997,137847,1,0,2.71810800768435
12998,137848,1,0,2.7168449596501887
12999,137849,1,0,2.7164050261490047
13000,137850,1,0,2.714811998885125
13001,137851,1,0,2.8345839818939567
13002,137852,1,0,2.7138200239278376
13003,137853,1,0,2.71746696671471
13004,137854,1,0,2.7191700064577162
13005,137855,1,0,2.7229459956288338
13006,137856,1,0,2.709411026444286
13007,137857,1,0,2.7187090017832816
13008,137858,1,0,2.723278012126684
13009,137859,1,0,2.724358986597508
13010,137860,1,0,2.722516015637666
13011,137861,1,0,2.7110749506391585
13012,137862,1,1,2.7240290073677897
13013,137863,1,0,2.7214139699935913
13014,137864,1,0,2.714190981350839
13015,137865,1,0,2.7166440268047154
13016,137866,1,0,2.721053024288267
13017,137867,1,0,2.7223959914408624
13018,137868,1,0,2.712518034968525
13019,137869,1,0,2.7153120026923716
13020,137870,1,0,2.717907016631216
13021,137871,1,0,2.7131589595228434
13022,137872,1,0,2.706926956307143
13023,137873,1,0,2.7094119577668607
13024,137874,1,0,2.714341040700674
13025,137875,1,0,2.714752044994384
13026,137876,1,0,2.710483968257904
13027,137877,1,0,2.8435300337150693
13028,137878,1,0,2.714962000027299
13029,137879,1,1,2.715191978495568
13030,137880,1,0,2.7064160094596446
13031,137881,1,0,2.714220026973635
13032,137882,1,0,2.718579024076462
13033,137883,1,0,2.7124680345878005
13034,137884,1,0,2.7083599707111716
13035,137885,1,0,2.7049430063925683
13036,137886,1,0,2.712097018957138
13037,137887,1,0,2.720000979024917
13038,137888,1,0,2.6972079649567604
13039,137889,1,0,2.7019880362786353
13040,137890,1,0,2.709811960812658
13041,137891,1,0,2.7070569922216237
13042,137892,1,0,2.6973490021191537
13043,137893,1,0,2.715332026127726
13044,137894,1,0,2.715041977353394
13045,137895,1,0,2.706797036807984
13046,137896,1,1,2.7022280264645815
13047,137897,1,0,2.7109450311399996
13048,137898,1,0,2.7156230062246323
13049,137899,1,0,2.706717001274228
13050,137900,1,0,2.7028899639844894
13051,137901,1,0,2.717836992815137
13052,137902,1,0,2.7146609500050545
13053,137903,1,0,2.708198968321085
13054,137904,1,0,2.8345939936116338
13055,137905,1,0,2.7138100122101605
13056,137906,1,0,2.713288995437324
13057,137907,1,0,2.7084199828095734
13058,137908,1,0,2.7091920492239296
13059,137909,1,0,2.72617198061198
13060,137910,1,0,2.72459996631369
13061,137911,1,0,2.717836992815137
13062,137912,1,0,2.7061059954576194
13063,137913,1,1,2.722245000768453
13064,137914,1,0,2.7162940241396427
13065,137915,1,0,2.703711041249335
13066,137916,1,0,2.7018769760616124
13067,137917,1,0,2.7241389616392553
13068,137918,1,0,2.7224660152569413
13069,137919,1,0,2.7107340283691883
13070,137920,1,0,2.701275981962681
13071,137921,1,0,2.712226996663958
13072,137922,1,0,2.7131589595228434
13073,137923,1,0,2.714411006309092
13074,137924,1,0,2.710964996367693
13075,137925,1,0,2.743433986324817
13076,137926,1,0,2.714150003157556
13077,137927,1,0,2.711676002945751
13078,137928,1,0,2.713359019253403
13079,137929,1,0,2.713579044211656
13080,137930,1,1,2.838401007466018
13081,137931,1,0,2.70891998661682
13082,137932,1,0,2.692540001589805
13083,137933,1,0,2.7163749909959733
13084,137934,1,0,2.7101029991172254
13085,137935,1,0,2.71067296853289
13086,137936,1,0,2.702819008845836
13087,137937,1,0,2.715132024604827
13088,137938,1,0,2.7184680220671
13089,137939,1,0,2.7036910178139806
13090,137940,1,0,2.71215703105554
13091,137941,1,0,2.714229980483651
13092,137942,1,0,2.7183080092072487
13093,137943,1,0,2.7063459856435657
13094,137944,1,0,2.7275049942545593
13095,137945,1,0,2.7398980455473065
13096,137946,1,0,2.714540984015912
13097,137947,1,1,2.7426829910837114
13098,137948,1,0,2.7161340112797916
13099,137949,1,0,2.721193013712764
13100,137950,1,0,2.7190999826416373
13101,137951,1,0,2.6992529747076333
13102,137952,1,0,2.7082099695689976
13103,137953,1,0,2.7186090010218322
13104,137954,1,0,2.7153929695487022
13105,137955,1,0,2.7080890140496194
13106,137956,1,0,2.7137399883940816
13107,137957,1,0,2.84868897870183
13108,137958,1,0,2.712407032959163
13109,137959,1,0,2.703992009628564
13110,137960,1,0,2.7007859898731112
13111,137961,1,0,2.7151519898325205
13112,137962,1,0,2.7162940241396427
13113,137963,1,0,2.7149119996465743
13114,137964,1,1,2.7144199702888727
13115,137965,1,0,2.7133990079164505
13116,137966,1,0,2.7101729647256434
13117,137967,1,0,2.7057849802076817
13118,137968,1,0,2.708269050344825
13119,137969,1,0,2.7545650373212993
13120,137970,1,0,2.7255710447207093
13121,137971,1,0,2.7143910410813987
13122,137972,1,0,2.708129002712667
13123,137973,1,0,2.7326550334692
13124,137974,1,0,2.71867896663025
13125,137975,1,0,2.712467045057565
13126,137976,1,0,2.7015769737772644
13127,137977,1,0,2.7197410236112773
13128,137978,1,0,2.71970103494823
13129,137979,1,0,2.7213440043851733
13130,137980,1,0,2.7170960092917085
13131,137981,1,1,2.7201210032217205
13132,137982,1,0,2.721213037148118
13133,137983,1,0,2.8478580061346292
13134,137984,1,0,2.713108027819544
13135,137985,1,0,2.724870981182903
13136,137986,1,0,2.7252110303379595
13137,137987,1,0,2.7268429985269904
13138,137988,1,0,2.721694007050246
13139,137989,1,0,2.712818037252873
13140,137990,1,0,2.7116650016978383
13141,137991,1,0,2.7124069747515023
13142,137992,1,0,2.703710983041674
13143,137993,1,0,2.7198810130357742
13144,137994,1,0,2.7290679863654077
13145,137995,1,0,2.7380650280974805
13146,137996,1,0,2.697620016988367
13147,137997,1,0,2.713599009439349
13148,137998,1,1,2.7154129929840565
13149,137999,1,0,2.7143010520376265
13150,138000,1,0,2.7061859727837145
13151,138001,1,0,2.7205320075154305
13152,138002,1,0,2.7225349913351238
13153,138003,1,0,2.722756005823612
13154,138004,1,0,2.7152320253662765
13155,138005,1,0,2.732263004872948
13156,138006,1,0,2.72027199389413
13157,138007,1,0,2.7205320075154305
13158,138008,1,0,2.722895995248109
13159,138009,1,0,2.719820011407137
13160,138010,1,0,2.8524359804578125
13161,138011,1,0,2.7209330000914633
13162,138012,1,0,2.711665991228074
13163,138013,1,0,2.715743030421436
13164,138014,1,0,2.719861047808081
13165,138015,1,1,2.7144509949721396
13166,138016,1,0,2.7108840295113623
13167,138017,1,0,2.7127680368721485
13168,138018,1,0,2.723156998399645
13169,138019,1,0,2.715312992222607
13170,138020,1,0,2.7057749684900045
13171,138021,1,0,2.711615990847349
13172,138022,1,0,2.7201910270377994
13173,138023,1,0,2.7239889604970813
13174,138024,1,0,2.709452004637569
13175,138025,1,0,2.71471100859344
13176,138026,1,0,2.7225459925830364
13177,138027,1,0,2.71782698109746
13178,138028,1,0,2.717066032346338
13179,138029,1,0,2.7188490494154394
13180,138030,1,0,2.7143710176460445
13181,138031,1,0,2.7110049850307405
13182,138032,1,1,2.7046919567510486
13183,138033,1,0,2.7189989923499525
13184,138034,1,0,2.718578965868801
13185,138035,1,0,2.7125279884785414
13186,138036,1,0,2.8187939897179604
13187,138037,1,0,2.7054940001107752
13188,138038,1,0,2.7462400030344725
13189,138039,1,0,2.7299500070512295
13190,138040,1,0,2.70180799998343
13191,138041,1,0,2.714962000027299
13192,138042,1,0,2.714359958190471
13193,138043,1,0,2.7122669853270054
13194,138044,1,0,2.703420992475003
13195,138045,1,0,2.7035499806515872
13196,138046,1,0,2.712868037633598
13197,138047,1,0,2.7050839853473008
13198,138048,1,0,2.698490978218615
13199,138049,1,1,2.716324001085013
13200,138050,1,0,2.71295802667737
13201,138051,1,0,2.705975028220564
13202,138052,1,0,2.6962479460053146
13203,138053,1,0,2.7118659927509725
13204,138054,1,0,2.7139699668623507
13205,138055,1,0,2.709863008931279
13206,138056,1,0,2.7052040095441043
13207,138057,1,0,2.723908983170986
13208,138058,1,0,2.722034987527877
13209,138059,1,0,2.7086110203526914
13210,138060,1,0,2.7017079992219806
13211,138061,1,0,2.716554969083518
13212,138062,1,0,2.7180970064364374
13213,138063,1,0,2.8362469747662544
13214,138064,1,0,2.711435954552144
13215,138065,1,0,2.767298952676356
13216,138066,1,1,2.720101037994027
13217,138067,1,0,2.7217339957132936
13218,138068,1,0,2.7069569914601743
13219,138069,1,0,2.718477975577116
13220,138070,1,0,2.7177270385436714
13221,138071,1,0,2.7141509926877916
13222,138072,1,0,2.709191001486033
13223,138073,1,0,2.720602962654084
13224,138074,1,0,2.7300899964757264
13225,138075,1,0,2.7193400310352445
13226,138076,1,0,2.7078890125267208
13227,138077,1,0,2.722386037930846
13228,138078,1,0,2.716574992518872
13229,138079,1,0,2.724258985836059
13230,138080,1,0,2.7089309878647327
13231,138081,1,0,2.711826004087925
13232,138082,1,0,2.71664495812729
13233,138083,1,1,2.7227660175412893
13234,138084,1,0,2.7063359739258885
13235,138085,1,0,2.71728599909693
13236,138086,1,0,2.72068299818784
13237,138087,1,0,2.7216250309720635
13238,138088,1,0,2.714470960199833
13239,138089,1,0,2.8401940362527966
13240,138090,1,0,2.716585004236549
13241,138091,1,0,2.7109840302728117
13242,138092,1,0,2.7043820009566844
13243,138093,1,0,2.7111649978905916
13244,138094,1,0,2.7149119996465743
13245,138095,1,0,2.7438050019554794
13246,138096,1,0,2.7425630250945687
13247,138097,1,0,2.7117260033264756
13248,138098,1,0,2.71541194524616
13249,138099,1,0,2.7197200106456876
13250,138100,1,1,2.705654944293201
13251,138101,1,0,2.7116360142827034
13252,138102,1,0,2.7188389794901013
13253,138103,1,0,2.717676048632711
13254,138104,1,0,2.6963070267811418
13255,138105,1,0,2.714902046136558
13256,138106,1,0,2.709541004151106
13257,138107,1,0,2.709521970245987
13258,138108,1,0,2.70636600907892
13259,138109,1,0,2.7117449790239334
13260,138110,1,0,2.7249400154687464
13261,138111,1,0,2.7183479978702962
13262,138112,1,0,2.701356017496437
13263,138113,1,0,2.7181379846297204
13264,138114,1,0,2.7173759881407022
13265,138115,1,0,2.702869998756796
13266,138116,1,0,2.827690972480923
13267,138117,1,1,2.71365896333009
13268,138118,1,0,2.7213230496272445
13269,138119,1,0,2.720922988373786
13270,138120,1,0,2.708319982048124
13271,138121,1,0,2.7102830354124308
13272,138122,1,0,2.72225501248613
13273,138123,1,0,2.7130579692311585
13274,138124,1,0,2.708549960516393
13275,138125,1,0,2.715182024985552
13276,138126,1,0,2.7103229658678174
13277,138127,1,0,2.711504988837987
13278,138128,1,0,2.6987320161424577
13279,138129,1,0,2.7077579870820045
13280,138130,1,0,2.7108839713037014
13281,138131,1,0,2.701836987398565
13282,138132,1,0,2.7041209978051484
13283,138133,1,0,2.726111968513578
13284,138134,1,1,2.767628990113735
13285,138135,1,0,2.705243998207152
13286,138136,1,0,2.7021680143661797
13287,138137,1,0,2.7216639718972147
13288,138138,1,0,2.7154230047017336
13289,138139,1,0,2.7143810293637216
13290,138140,1,0,2.7202920173294842
13291,138141,1,0,2.725330996327102
13292,138142,1,0,2.8312680078670382
13293,138143,1,0,2.7136189746670425
13294,138144,1,0,2.6946840225718915
13295,138145,1,0,2.70881102187559
13296,138146,1,0,2.712606976274401
13297,138147,1,0,2.722526027355343
13298,138148,1,0,2.7082589804194868
13299,138149,1,0,2.7208930114284158
13300,138150,1,0,2.712087007239461
13301,138151,1,1,2.708149026148021
13302,138152,1,0,2.702439029235393
13303,138153,1,0,2.715101989451796
13304,138154,1,0,2.701617020647973
13305,138155,1,0,2.702328027226031
13306,138156,1,0,2.71530298050493
13307,138157,1,0,2.720191958360374
13308,138158,1,0,2.7168950182385743
13309,138159,1,0,2.7088900096714497
13310,138160,1,0,2.705875027459115
13311,138161,1,0,2.7220650226809084
13312,138162,1,0,2.713850000873208
13313,138163,1,0,2.70935200387612
13314,138164,1,0,2.7115559787489474
13315,138165,1,0,2.721174038015306
13316,138166,1,0,2.7138900477439165
13317,138167,1,0,2.70582502707839
13318,138168,1,1,2.7202519704587758
13319,138169,1,0,2.8386610210873187
13320,138170,1,0,2.7165139908902347
13321,138171,1,0,2.70840001758188
13322,138172,1,0,2.717607014346868
13323,138173,1,0,2.709021035116166
13324,138174,1,0,2.7080189902335405
13325,138175,1,0,2.701836987398565
13326,138176,1,0,2.705655002500862
13327,138177,1,0,2.7091309893876314
13328,138178,1,0,2.710874017793685
13329,138179,1,0,2.6990819605998695
13330,138180,1,0,2.7084900066256523
13331,138181,1,0,2.7556869899854064
13332,138182,1,0,2.7065059985034168
13333,138183,1,0,2.7058550040237606
13334,138184,1,0,2.7118659927509725
13335,138185,1,0,2.7127779903821647
13336,138186,1,1,2.709512016735971
13337,138187,1,0,2.6981900446116924
13338,138188,1,0,2.7211940032429993
13339,138189,1,0,2.7193499845452607
13340,138190,1,0,2.7241589850746095
13341,138191,1,0,2.6975590153597295
13342,138192,1,0,2.718948991969228
13343,138193,1,0,2.7215940062887967
13344,138194,1,0,2.7256819885224104
13345,138195,1,0,2.838140004314482
13346,138196,1,0,2.7052239747717977
13347,138197,1,0,2.7192799607291818
13348,138198,1,0,2.720010990742594
13349,138199,1,0,2.7086309855803847
13350,138200,1,0,2.7108840295113623
13351,138201,1,0,2.72604200290516
13352,138202,1,0,2.7203609934076667
13353,138203,1,1,2.7148720109835267
13354,138204,1,0,2.7247099787928164
13355,138205,1,0,2.7166150393895805
13356,138206,1,0,2.7141610044054687
13357,138207,1,0,2.7117260033264756
13358,138208,1,0,2.717767027206719
13359,138209,1,0,2.7188390376977623
13360,138210,1,0,2.7178769814781845
13361,138211,1,0,2.711654989980161
13362,138212,1,0,2.7106640045531094
13363,138213,1,0,2.723268000409007
13364,138214,1,0,2.7234370354563
13365,138215,1,0,2.707657986320555
13366,138216,1,0,2.72197398589924
13367,138217,1,0,2.7213030261918902
13368,138218,1,0,2.727565006352961
13369,138219,1,0,2.7117860154248774
13370,138220,1,1,2.7147409855388105
13371,138221,1,0,2.7224859804846346
13372,138222,1,0,2.8434910345822573
13373,138223,1,0,2.7138389996252954
13374,138224,1,0,2.7109039947390556
13375,138225,1,0,2.723938028793782
13376,138226,1,0,2.717767027206719
13377,138227,1,0,2.7033400256186724
13378,138228,1,0,2.7134090196341276
13379,138229,1,0,2.7251910069026053
13380,138230,1,0,2.7276849723421037
13381,138231,1,0,2.710582979489118
13382,138232,1,0,2.711885957978666
13383,138233,1,0,2.7178169693797827
13384,138234,1,0,2.7105039916932583
13385,138235,1,0,2.6993330102413893
13386,138236,1,0,2.712457033339888
13387,138237,1,1,2.7189389802515507
13388,138238,1,0,2.7128980145789683
13389,138239,1,0,2.7027190080843866
13390,138240,1,0,2.7108039939776063
13391,138241,1,0,2.710985019803047
13392,138242,1,0,2.7120060403831303
13393,138243,1,0,2.6975889923051
13394,138244,1,0,2.7174369897693396
13395,138245,1,0,2.7136699645780027
13396,138246,1,0,2.704993006773293
13397,138247,1,0,2.691828995011747
13398,138248,1,0,2.8364869649522007
13399,138249,1,0,2.7111240196973085
13400,138250,1,0,2.7083790046162903
13401,138251,1,0,2.7774880290962756
13402,138252,1,0,2.7031200006604195
13403,138253,1,0,2.710704051423818
13404,138254,1,1,2.706316008698195
13405,138255,1,0,2.7033109799958766
13406,138256,1,0,2.717637049499899
13407,138257,1,0,2.724769990891218
13408,138258,1,0,2.7194099966436625
13409,138259,1,0,2.7099819853901863
13410,138260,1,0,2.723979006987065
13411,138261,1,0,2.7272850275039673
13412,138262,1,0,2.7233579894527793
13413,138263,1,0,2.71174602676183
13414,138264,1,0,2.7211029664613307
13415,138265,1,0,2.7162039768882096
13416,138266,1,0,2.730761014390737
13417,138267,1,0,2.6999040273949504
13418,138268,1,0,2.7140899910591543
13419,138269,1,0,2.7210030239075422
13420,138270,1,0,2.721122989896685
13421,138271,1,1,2.6987320161424577
13422,138272,1,0,2.754956018179655
13423,138273,1,0,2.7253610314801335
13424,138274,1,0,2.7401589904911816
13425,138275,1,0,2.8342530131340027
13426,138276,1,0,2.6986220036633313
13427,138277,1,0,2.703220001421869
13428,138278,1,0,2.7120159938931465
13429,138279,1,0,2.704090962652117
13430,138280,1,0,2.7010160265490413
13431,138281,1,0,2.708629996050149
13432,138282,1,0,2.711895969696343
13433,138283,1,0,2.693522023037076
13434,138284,1,0,2.7098620194010437
13435,138285,1,0,2.70418100990355
13436,138286,1,0,2.708129002712667
13437,138287,1,0,2.6964180287905037
13438,138288,1,1,2.706776955164969
13439,138289,1,0,2.7113250107504427
13440,138290,1,0,2.7013570070266724
13441,138291,1,0,2.7079290011897683
13442,138292,1,0,2.7066459879279137
13443,138293,1,0,2.713518973905593
13444,138294,1,0,2.7002249844372272
13445,138295,1,0,2.707017003558576
13446,138296,1,0,2.714229980483651
13447,138297,1,0,2.7553269756026566
13448,138298,1,0,2.7019770350307226
13449,138299,1,0,2.707867999561131
13450,138300,1,0,2.7154230047017336
13451,138301,1,0,2.833220991306007
13452,138302,1,0,2.702028024941683
13453,138303,1,0,2.698592026717961
13454,138304,1,0,2.70780804567039
13455,138305,1,1,2.708890999201685
13456,138306,1,0,2.7043820009566844
13457,138307,1,0,2.7121060411445796
13458,138308,1,0,2.713850000873208
13459,138309,1,0,2.711665991228074
13460,138310,1,0,2.7106140041723847
13461,138311,1,0,2.707637962885201
13462,138312,1,0,2.7137200231663883
13463,138313,1,0,2.7105630142614245
13464,138314,1,0,2.7057150145992637
13465,138315,1,0,2.712537010665983
13466,138316,1,0,2.7179369935765862
13467,138317,1,0,2.7107439818792045
13468,138318,1,0,2.7047329931519926
13469,138319,1,0,2.7164840139448643
13470,138320,1,0,2.719791023992002
13471,138321,1,0,2.760656992904842
13472,138322,1,1,2.7056350372731686
13473,138323,1,0,2.7178069576621056
13474,138324,1,0,2.72079196292907
13475,138325,1,0,2.7220050105825067
13476,138326,1,0,2.701045945286751
13477,138327,1,0,2.725230995565653
13478,138328,1,0,2.8494609869085252
13479,138329,1,0,2.716745948418975
13480,138330,1,0,2.7080189902335405
13481,138331,1,0,2.7021680143661797
13482,138332,1,0,2.7178869931958616
13483,138333,1,0,2.721544005908072
13484,138334,1,0,2.705675025936216
13485,138335,1,0,2.7078489656560123
13486,138336,1,0,2.715262002311647
13487,138337,1,0,2.712818037252873
13488,138338,1,0,2.695054979994893
13489,138339,1,1,2.714150003157556
13490,138340,1,0,2.735580026637763
13491,138341,1,0,2.7614080463536084
13492,138342,1,0,2.705714025069028
13493,138343,1,0,2.709431981202215
13494,138344,1,0,2.728447027038783
13495,138345,1,0,2.7317730127833784
13496,138346,1,0,2.708679996430874
13497,138347,1,0,2.717035007663071
13498,138348,1,0,2.730130043346435
13499,138349,1,0,2.7320439694449306
13500,138350,1,0,2.7054849779233336
13501,138351,1,0,2.713710011448711
13502,138352,1,0,2.717135997954756
13503,138353,1,0,2.7215239824727178
13504,138354,1,0,2.8319290140643716
13505,138355,1,0,2.708218991756439
13506,138356,1,1,2.7703650412149727
13507,138357,1,0,2.759433991741389
13508,138358,1,0,2.7161239995621145
13509,138359,1,0,2.6958060334436595
13510,138360,1,0,2.7131279930472374
13511,138361,1,0,2.720703021623194
13512,138362,1,0,2.7061260188929737
13513,138363,1,0,2.6928409934043884
13514,138364,1,0,2.711565000936389
13515,138365,1,0,2.7171060210093856
13516,138366,1,0,2.696367970202118
13517,138367,1,0,2.6976089575327933
13518,138368,1,0,2.7104729670099914
13519,138369,1,0,2.711425011511892
13520,138370,1,0,2.697789983358234
13521,138371,1,0,2.7038819971494377
13522,138372,1,0,2.7222849894315004
13523,138373,1,1,2.7104339678771794
13524,138374,1,0,2.694703987799585
13525,138375,1,0,2.708540007006377
13526,138376,1,0,2.7158840093761683
13527,138377,1,0,2.7083500172011554
13528,138378,1,0,2.700264973100275
13529,138379,1,0,2.710343978833407
13530,138380,1,0,2.7198210009373724
13531,138381,1,0,2.835315011907369
13532,138382,1,0,2.7013070066459477
13533,138383,1,0,2.720993012189865
13534,138384,1,0,2.7280659996904433
13535,138385,1,0,2.713568974286318
13536,138386,1,0,2.7115760021843016
13537,138387,1,0,2.7188689564354718
13538,138388,1,0,2.724509045947343
13539,138389,1,0,2.7192799607291818
13540,138390,1,1,2.6949350140057504
13541,138391,1,0,2.7089009527117014
13542,138392,1,0,2.7081890148110688
13543,138393,1,0,2.7106640045531094
13544,138394,1,0,2.7000739937648177
13545,138395,1,0,2.7153819683007896
13546,138396,1,0,2.7088409988209605
13547,138397,1,0,2.698320953641087
13548,138398,1,0,2.6985409785993397
13549,138399,1,0,2.7075280086137354
13550,138400,1,0,2.7086000191047788
13551,138401,1,0,2.6935019996017218
13552,138402,1,0,2.7045030146837234
13553,138403,1,0,2.7059150161221623
13554,138404,1,0,2.709522028453648
13555,138405,1,0,2.697410003747791
13556,138406,1,0,2.7059949934482574
13557,138407,1,1,2.8280019760131836
13558,138408,1,0,2.714972011744976
13559,138409,1,0,2.70572496810928
13560,138410,1,0,2.7054240345023572
13561,138411,1,0,2.7124269981868565
13562,138412,1,0,2.7090010116808116
13563,138413,1,0,2.6930320309475064
13564,138414,1,0,2.7076679980382323
13565,138415,1,0,2.6996840024366975
13566,138416,1,0,2.7048630290664732
13567,138417,1,0,2.696448005735874
13568,138418,1,0,2.7110149967484176
13569,138419,1,0,2.719931013416499
13570,138420,1,0,2.7196199516765773
13571,138421,1,0,2.7105339686386287
13572,138422,1,0,2.717686991672963
13573,138423,1,0,2.72483000298962
13574,138424,1,1,2.71746696671471
13575,138425,1,0,2.709180989768356
13576,138426,1,0,2.714972011744976
13577,138427,1,0,2.7217549504712224
13578,138428,1,0,2.7155629941262305
13579,138429,1,0,2.7116850251331925
13580,138430,1,0,2.716996008530259
13581,138431,1,0,2.723889017943293
13582,138432,1,0,2.7199010364711285
13583,138433,1,0,2.7128380024805665
13584,138434,1,0,2.8399329748935997
13585,138435,1,0,2.7178169693797827
13586,138436,1,0,2.718337986152619
13587,138437,1,0,2.713059016969055
13588,138438,1,0,2.7150920359417796
13589,138439,1,0,2.7232769643887877
13590,138440,1,0,2.729819971136749
13591,138441,1,1,2.7129080262966454
13592,138442,1,0,2.7091009542346
13593,138443,1,0,2.7175270370207727
13594,138444,1,0,2.718738978728652
13595,138445,1,0,2.69799999659881
13596,138446,1,0,2.7154830168001354
13597,138447,1,0,2.719801035709679
13598,138448,1,0,2.7164649800397456
13599,138449,1,0,2.7022690046578646
13600,138450,1,0,2.7118559810332954
13601,138451,1,0,2.7132980176247656
13602,138452,1,0,2.716424991376698
13603,138453,1,0,2.7007260359823704
13604,138454,1,0,2.7182279736734927
13605,138455,1,0,2.7244900120422244
13606,138456,1,0,2.715823007747531
13607,138457,1,0,2.7040409622713923
13608,138458,1,1,2.717296010814607
13609,138459,1,0,2.7398280217312276
13610,138460,1,0,2.8605620027519763
13611,138461,1,0,2.712738001719117
13612,138462,1,0,2.707128005567938
13613,138463,1,0,2.7198909665457904
13614,138464,1,0,2.7247400139458477
13615,138465,1,0,2.6992529747076333
13616,138466,1,0,2.7028489857912064
13617,138467,1,0,2.706516010221094
13618,138468,1,0,2.708240004722029
13619,138469,1,0,2.7018069522455335
13620,138470,1,0,2.716655028052628
13621,138471,1,0,2.71741597680375
13622,138472,1,0,2.7070270152762532
13623,138473,1,0,2.696508017834276
13624,138474,1,0,2.710072963964194
13625,138475,1,1,2.707348030526191
13626,138476,1,0,2.695756033062935
13627,138477,1,0,2.71015299949795
13628,138478,1,0,2.718187985010445
13629,138479,1,0,2.7207130333408713
13630,138480,1,0,2.7095319819636643
13631,138481,1,0,2.7117760037072003
13632,138482,1,0,2.7150620007887483
13633,138483,1,0,2.71764601347968
13634,138484,1,0,2.7085000183433294
13635,138485,1,0,2.7125070337206125
13636,138486,1,0,2.7215839945711195
13637,138487,1,0,2.8383610188029706
13638,138488,1,0,2.7052339864894748
13639,138489,1,0,2.699873992241919
13640,138490,1,0,2.719090029131621
13641,138491,1,0,2.718439034651965
13642,138492,1,0,2.7101730229333043
13643,138493,1,1,2.7154829585924745
13644,138494,1,0,2.7165139908902347
13645,138495,1,0,2.7207930106669664
13646,138496,1,0,2.7077989652752876
13647,138497,1,0,2.7130889939144254
13648,138498,1,0,2.719010051805526
13649,138499,1,0,2.7145310305058956
13650,138500,1,0,2.7067159535363317
13651,138501,1,0,2.708989952225238
13652,138502,1,0,2.7177369920536876
13653,138503,1,0,2.7192000416107476
13654,138504,1,0,2.707748964894563
13655,138505,1,0,2.7065470349043608
13656,138506,1,0,2.7156639844179153
13657,138507,1,0,2.70572496810928
13658,138508,1,0,2.701947989407927
13659,138509,1,0,2.7191800181753933
13660,138510,1,1,2.711565000936389
13661,138511,1,0,2.7034009690396488
13662,138512,1,0,2.701857010833919
13663,138513,1,0,2.8378290007822216
13664,138514,1,0,2.705113962292671
13665,138515,1,0,2.7084200410172343
13666,138516,1,0,2.700636046938598
13667,138517,1,0,2.7027290198020637
13668,138518,1,0,2.7060849824920297
13669,138519,1,0,2.7011169586330652
13670,138520,1,0,2.6886530104093254
13671,138521,1,0,2.713167981710285
13672,138522,1,0,2.707807987462729
13673,138523,1,0,2.7043020236305892
13674,138524,1,0,2.700184006243944
13675,138525,1,0,2.711696026381105
13676,138526,1,0,2.707829000428319
13677,138527,1,1,2.7009249897673726
13678,138528,1,0,2.7033999795094132
13679,138529,1,0,2.7150120004080236
13680,138530,1,0,2.715073002036661
13681,138531,1,0,2.7026989846490324
13682,138532,1,0,2.7137689758092165
13683,138533,1,0,2.714791044127196
13684,138534,1,0,2.7151620015501976
13685,138535,1,0,2.703420992475003
13686,138536,1,0,2.7125279884785414
13687,138537,1,0,2.7190400287508965
13688,138538,1,0,2.714672009460628
13689,138539,1,0,2.701546996831894
13690,138540,1,0,2.827038988471031
13691,138541,1,0,2.713438996579498
13692,138542,1,0,2.7092520031146705
13693,138543,1,0,2.699864038731903
13694,138544,1,1,2.7013070066459477
13695,138545,1,0,2.7154129929840565
13696,138546,1,0,2.7126470231451094
13697,138547,1,0,2.689664950594306
13698,138548,1,0,2.710784028749913
13699,138549,1,0,2.704773040022701
13700,138550,1,0,2.7106530033051968
13701,138551,1,0,2.6979799731634557
13702,138552,1,0,2.7113649994134903
13703,138553,1,0,2.713770023547113
13704,138554,1,0,2.7112950338050723
13705,138555,1,0,2.7087710332125425
13706,138556,1,0,2.718037983868271
13707,138557,1,0,2.716053044423461
13708,138558,1,0,2.70397198619321
13709,138559,1,0,2.703800972085446
13710,138560,1,0,2.7155029820278287
13711,138561,1,1,2.7083499589934945
13712,138562,1,0,2.709261025302112
13713,138563,1,0,2.704403013922274
13714,138564,1,0,2.71535204956308
13715,138565,1,0,2.7187890373170376
13716,138566,1,0,2.825937990564853
13717,138567,1,0,2.697219024412334
13718,138568,1,0,2.723937970586121
13719,138569,1,0,2.708880987484008
13720,138570,1,0,2.7067469782195985
13721,138571,1,0,2.698170952498913
13722,138572,1,0,2.714470960199833
13723,138573,1,0,2.717676979955286
13724,138574,1,0,2.701156015973538
13725,138575,1,0,2.7055449900217354
13726,138576,1,0,2.7093009557574987
13727,138577,1,0,2.7091410011053085
13728,138578,1,1,2.7052239747717977
13729,138579,1,0,2.705975028220564
13730,138580,1,0,2.7065869653597474
13731,138581,1,0,2.7133789844810963
13732,138582,1,0,2.6969279861077666
13733,138583,1,0,2.709452004637569
13734,138584,1,0,2.7082799933850765
13735,138585,1,0,2.7087610214948654
13736,138586,1,0,2.698110998608172
13737,138587,1,0,2.7072980301454663
13738,138588,1,0,2.7110439841635525
13739,138589,1,0,2.7062760200351477
13740,138590,1,0,2.6981710107065737
13741,138591,1,0,2.7177369920536876
13742,138592,1,0,2.715112001169473
13743,138593,1,0,2.8389510116539896
13744,138594,1,0,2.6909279986284673
13745,138595,1,1,2.7055039536207914
13746,138596,1,0,2.713919966481626
13747,138597,1,0,2.711153996642679
13748,138598,1,0,2.6898759533651173
13749,138599,1,0,2.7132389950565994
13750,138600,1,0,2.7312819729559124
13751,138601,1,0,2.702187979593873
13752,138602,1,0,2.703570993617177
13753,138603,1,0,2.710373024456203
13754,138604,1,0,2.7145310305058956
13755,138605,1,0,2.700734999962151
13756,138606,1,0,2.710553992073983
13757,138607,1,0,2.721073047723621
13758,138608,1,0,2.7245900128036737
13759,138609,1,0,2.7059150161221623
13760,138610,1,0,2.7510789805091918
13761,138611,1,0,2.732123015448451
13762,138612,1,1,2.719139971304685
13763,138613,1,0,2.736711991019547
13764,138614,1,0,2.7117260033264756
13765,138615,1,0,2.715923998039216
13766,138616,1,0,2.708720974624157
13767,138617,1,0,2.7033400256186724
13768,138618,1,0,2.7003249851986766
13769,138619,1,0,2.837499021552503
13770,138620,1,0,2.7055140235461295
13771,138621,1,0,2.705473976675421
13772,138622,1,0,2.6886939886026084
13773,138623,1,0,2.709843043703586
13774,138624,1,0,2.7160129975527525
13775,138625,1,0,2.702047990169376
13776,138626,1,0,2.7104130131192505
13777,138627,1,0,2.717275987379253
13778,138628,1,0,2.7172359987162054
13779,138629,1,1,2.7016570093110204
13780,138630,1,0,2.710363012738526
13781,138631,1,0,2.739718009252101
13782,138632,1,0,2.767367986962199
13783,138633,1,0,2.714861009735614
13784,138634,1,0,2.7074480312876403
13785,138635,1,0,2.718397998251021
13786,138636,1,0,2.715332026127726
13787,138637,1,0,2.7059949934482574
13788,138638,1,0,2.714811998885125
13789,138639,1,0,2.7153019909746945
13790,138640,1,0,2.712616987992078
13791,138641,1,0,2.6997739914804697
13792,138642,1,0,2.7111239614896476
13793,138643,1,0,2.7141610044054687
13794,138644,1,0,2.730008971411735
13795,138645,1,0,2.725641999859363
13796,138646,1,1,2.84454197390005
13797,138647,1,0,2.7398880338296294
13798,138648,1,0,2.7199010364711285
13799,138649,1,0,2.7127480134367943
13800,138650,1,0,2.7003349969163537
13801,138651,1,0,2.721062977798283
13802,138652,1,0,2.715673006605357
13803,138653,1,0,2.721193013712764
13804,138654,1,0,2.708890999201685
13805,138655,1,0,2.7169749955646694
13806,138656,1,0,2.723227022215724
13807,138657,1,0,2.712246961891651
13808,138658,1,0,2.7050329954363406
13809,138659,1,0,2.727335027884692
13810,138660,1,0,2.731332031544298
13811,138661,1,0,2.708550018724054
13812,138662,1,0,2.6993629871867597
13813,138663,1,1,2.720511984080076
13814,138664,1,0,2.718920004554093
13815,138665,1,0,2.716805029194802
13816,138666,1,0,2.7102029998786747
13817,138667,1,0,2.7133889961987734
13818,138668,1,0,2.7163949562236667
13819,138669,1,0,2.7110949740745127
13820,138670,1,0,2.709581982344389
13821,138671,1,0,2.722474979236722
13822,138672,1,0,2.8395220288075507
13823,138673,1,0,2.7101829764433205
13824,138674,1,0,2.700104028917849
13825,138675,1,0,2.7108939830213785
13826,138676,1,0,2.7169149834662676
13827,138677,1,0,2.715762995649129
13828,138678,1,0,2.703170001041144
13829,138679,1,0,2.713418973144144
13830,138680,1,1,2.71566299488768
13831,138681,1,0,2.703781006857753
13832,138682,1,0,2.7065459871664643
13833,138683,1,0,2.714781032409519
13834,138684,1,0,2.7200310141779482
13835,138685,1,0,2.719198993872851
13836,138686,1,0,2.706717001274228
13837,138687,1,0,2.708550018724054
13838,138688,1,0,2.7154330164194107
13839,138689,1,0,2.7099630096927285
13840,138690,1,0,2.7096119592897594
13841,138691,1,0,2.7157330187037587
13842,138692,1,0,2.723788027651608
13843,138693,1,0,2.705143007915467
13844,138694,1,0,2.709041000343859
13845,138695,1,0,2.7141000027768314
13846,138696,1,0,2.7087610214948654
13847,138697,1,1,2.698650991078466
13848,138698,1,0,2.713920024689287
13849,138699,1,0,2.8373280074447393
13850,138700,1,0,2.7114260010421276
13851,138701,1,0,2.7054940001107752
13852,138702,1,0,2.706034982111305
13853,138703,1,0,2.71336903097108
13854,138704,1,0,2.718898991588503
13855,138705,1,0,2.7074170066043735
13856,138706,1,0,2.714550995733589
13857,138707,1,0,2.728157036472112
13858,138708,1,0,2.7339369989931583
13859,138709,1,0,2.706655999645591
13860,138710,1,0,2.7153719565831125
13861,138711,1,0,2.7174759889021516
13862,138712,1,0,2.734067034907639
13863,138713,1,0,2.7927359915338457
13864,138714,1,1,2.706577011849731
13865,138715,1,0,2.7693029842339456
13866,138716,1,0,2.772067964542657
13867,138717,1,0,2.7174160350114107
13868,138718,1,0,2.7040120330639184
13869,138719,1,0,2.7203320059925318
13870,138720,1,0,2.7147619985044003
13871,138721,1,0,2.703090023715049
13872,138722,1,0,2.697229036130011
13873,138723,1,0,2.748533966951072
13874,138724,1,0,2.756929025053978
13875,138725,1,0,2.8390520019456744
13876,138726,1,0,2.7062059962190688
13877,138727,1,0,2.707839012145996
13878,138728,1,0,2.72063200827688
13879,138729,1,0,2.7163340128026903
13880,138730,1,0,2.700404031202197
13881,138731,1,1,2.7086400077678263
13882,138732,1,0,2.7180779725313187
13883,138733,1,0,2.715032023843378
13884,138734,1,0,2.69823003327474
13885,138735,1,0,2.714822010602802
13886,138736,1,0,2.7053739759139717
13887,138737,1,0,2.7253010193817317
13888,138738,1,0,2.6920289965346456
13889,138739,1,0,2.7078689890913665
13890,138740,1,0,2.719659998547286
13891,138741,1,0,2.708550018724054
13892,138742,1,0,2.7026190073229373
13893,138743,1,0,2.713588997721672
13894,138744,1,0,2.7141309692524374
13895,138745,1,0,2.6995139778591692
13896,138746,1,0,2.7038109838031232
13897,138747,1,0,2.711003995500505
13898,138748,1,1,2.708279003854841
13899,138749,1,0,2.7044519665651023
13900,138750,1,0,2.70518398610875
13901,138751,1,0,2.7071170043200254
13902,138752,1,0,2.8472270350903273
13903,138753,1,0,2.7104539913125336
13904,138754,1,0,2.7022779686376452
13905,138755,1,0,2.7220650226809084
13906,138756,1,0,2.715902985073626
13907,138757,1,0,2.7095720288343728
13908,138758,1,0,2.7074269601143897
13909,138759,1,0,2.716865041293204
13910,138760,1,0,2.7122970204800367
13911,138761,1,0,2.7141799801029265
13912,138762,1,0,2.715833019465208
13913,138763,1,0,2.716926042921841
13914,138764,1,0,2.7204619836993515
13915,138765,1,1,2.7094309916719794
13916,138766,1,0,2.7077390113845468
13917,138767,1,0,2.7210639673285186
13918,138768,1,0,2.717356022913009
13919,138769,1,0,2.7080290019512177
13920,138770,1,0,2.712957968469709
13921,138771,1,0,2.7194199501536787
13922,138772,1,0,2.721193013712764
13923,138773,1,0,2.7028790209442377
13924,138774,1,0,2.707006991840899
13925,138775,1,0,2.724348974879831
13926,138776,1,0,2.715794020332396
13927,138777,1,0,2.701435994822532
13928,138778,1,0,2.838200016412884
13929,138779,1,0,2.7042419533245265
13930,138780,1,0,2.7115459670312703
13931,138781,1,0,2.699944016057998
13932,138782,1,1,2.6977400411851704
13933,138783,1,0,2.71285796770826
13934,138784,1,0,2.707306994125247
13935,138785,1,0,2.689284970983863
13936,138786,1,0,2.702668949496001
13937,138787,1,0,2.7749930159188807
13938,138788,1,0,2.7077990234829485
13939,138789,1,0,2.6946650468744338
13940,138790,1,0,2.7155629941262305
13941,138791,1,0,2.7131689712405205
13942,138792,1,0,2.710502943955362
13943,138793,1,0,2.6921789976768196
13944,138794,1,0,2.7028399636037648
13945,138795,1,0,2.7130579692311585
13946,138796,1,0,2.701626974157989
13947,138797,1,0,2.6997440145350993
13948,138798,1,0,2.7192190173082054
13949,138799,1,1,2.712306973990053
13950,138800,1,0,2.7064860332757235
13951,138801,1,0,2.7039209962822497
13952,138802,1,0,2.7122069732286036
13953,138803,1,0,2.7088599745184183
13954,138804,1,0,2.694975002668798
13955,138805,1,0,2.8301150305196643
13956,138806,1,0,2.714892034418881
13957,138807,1,0,2.71313899429515
13958,138808,1,0,2.705533988773823
13959,138809,1,0,2.7044719900004566
13960,138810,1,0,2.707166946493089
13961,138811,1,0,2.7201210032217205
13962,138812,1,0,2.7070469805039465
13963,138813,1,0,2.701978024560958
13964,138814,1,0,2.7096919948235154
13965,138815,1,0,2.7301799855194986
13966,138816,1,0,2.703570993617177
13967,138817,1,1,2.7118060388602316
13968,138818,1,0,2.7129280497319996
13969,138819,1,0,2.7122260071337223
13970,138820,1,0,2.6975900400429964
13971,138821,1,0,2.728606981690973
13972,138822,1,0,2.727485029026866
13973,138823,1,0,2.727335027884692
13974,138824,1,0,2.7044020243920386
13975,138825,1,0,2.71607399918139
13976,138826,1,0,2.7357309591025114
13977,138827,1,0,2.754674991592765
13978,138828,1,0,2.703641017433256
13979,138829,1,0,2.7101330342702568
13980,138830,1,0,2.708208980038762
13981,138831,1,0,2.833381004165858
13982,138832,1,0,2.696498006116599
13983,138833,1,0,2.7073679957538843
13984,138834,1,1,2.721875032875687
13985,138835,1,0,2.715201990213245
13986,138836,1,0,2.705383987631649
13987,138837,1,0,2.7380050159990788
13988,138838,1,0,2.716585004236549
13989,138839,1,0,2.7273549931123853
13990,138840,1,0,2.733986999373883
13991,138841,1,0,2.714550995733589
13992,138842,1,0,2.720782009419054
13993,138843,1,0,2.7234479784965515
13994,138844,1,0,2.7096819831058383
13995,138845,1,0,2.7021479909308255
13996,138846,1,0,2.7191200060769916
13997,138847,1,0,2.7112450334243476
13998,138848,1,0,2.705374965444207
13999,138849,1,0,2.71215703105554
14000,138850,1,0,2.7145410422235727
14001,138851,1,1,2.7059050044044852
14002,138852,1,0,2.7051439974457026
14003,138853,1,0,2.7525409823283553
14004,138854,1,0,2.7206430095247924
14005,138855,1,0,2.7113049873150885
14006,138856,1,0,2.7024890296161175
14007,138857,1,0,2.7119569713249803
14008,138858,1,0,2.838109969161451
14009,138859,1,0,2.7086400077678263
14010,138860,1,0,2.7038719854317605
14011,138861,1,0,2.7138000004924834
14012,138862,1,0,2.7097619604319334
14013,138863,1,0,2.708829997573048
14014,138864,1,0,2.703159989323467
14015,138865,1,0,2.717526978813112
14016,138866,1,0,2.7533230022527277
14017,138867,1,0,2.728195977397263
14018,138868,1,1,2.704762970097363
14019,138869,1,0,2.7116359560750425
14020,138870,1,0,2.720132004469633
14021,138871,1,0,2.7170960092917085
14022,138872,1,0,2.7144610066898167
14023,138873,1,0,2.7125380001962185
14024,138874,1,0,2.717327035497874
14025,138875,1,0,2.7258520130999386
14026,138876,1,0,2.7329149888828397
14027,138877,1,0,2.751670021098107
14028,138878,1,0,2.726353006437421
14029,138879,1,0,2.7216640301048756
14030,138880,1,0,2.7133679832331836
14031,138881,1,0,2.7132279938086867
14032,138882,1,0,2.715512993745506
14033,138883,1,0,2.7219749754294753
14034,138884,1,0,2.8435810236260295
14035,138885,1,1,2.7569900266826153
14036,138886,1,0,2.7572200051508844
14037,138887,1,0,2.7333860052749515
14038,138888,1,0,2.764824021141976
14039,138889,1,0,2.728195977397263
14040,138890,1,0,2.709881984628737
14041,138891,1,0,2.749345963820815
14042,138892,1,0,2.7248699916526675
14043,138893,1,0,2.722505945712328
14044,138894,1,0,2.718898991588503
14045,138895,1,0,2.7132279938086867
14046,138896,1,0,2.714250993449241
14047,138897,1,0,2.7160639874637127
14048,138898,1,0,2.7079489664174616
14049,138899,1,0,2.7194799622520804
14050,138900,1,0,2.7249709819443524
14051,138901,1,0,2.711254986934364
14052,138902,1,1,2.7091510128229856
14053,138903,1,0,2.763552009128034
14054,138904,1,0,2.716635004617274
14055,138905,1,0,2.7064259629696608
14056,138906,1,0,2.701186982449144
14057,138907,1,0,2.717616967856884
14058,138908,1,0,2.723167010117322
14059,138909,1,0,2.7235779562033713
14060,138910,1,0,2.7082899468950927
14061,138911,1,0,2.8343030135147274
14062,138912,1,0,2.712968038395047
14063,138913,1,0,2.713920024689287
14064,138914,1,0,2.6970180333591998
14065,138915,1,0,2.7174060232937336
14066,138916,1,0,2.7221349882893264
14067,138917,1,0,2.705734979826957
14068,138918,1,0,2.7104330365546048
14069,138919,1,1,2.7270540012978017
14070,138920,1,0,2.714790985919535
14071,138921,1,0,2.7060159482061863
14072,138922,1,0,2.7053740341216326
14073,138923,1,0,2.715752983931452
14074,138924,1,0,2.7142000035382807
14075,138925,1,0,2.7073679957538843
14076,138926,1,0,2.705675025936216
14077,138927,1,0,2.71231698570773
14078,138928,1,0,2.716585004236549
14079,138929,1,0,2.7052739751525223
14080,138930,1,0,2.7115450357086957
14081,138931,1,0,2.716645016334951
14082,138932,1,0,2.705965016502887
14083,138933,1,0,2.704762970097363
14084,138934,1,0,2.7109039947390556
14085,138935,1,0,2.731813001446426
14086,138936,1,1,2.707386971451342
14087,138937,1,0,2.8190749580971897
14088,138938,1,0,2.7085099718533456
14089,138939,1,0,2.71471100859344
14090,138940,1,0,2.710512955673039
14091,138941,1,0,2.7071169461123645
14092,138942,1,0,2.7094309916719794
14093,138943,1,0,2.709602005779743
14094,138944,1,0,2.7170759858563542
14095,138945,1,0,2.7006250456906855
14096,138946,1,0,2.7232480351813138
14097,138947,1,0,2.711194974835962
14098,138948,1,0,2.709591994062066
14099,138949,1,0,2.6982810231857
14100,138950,1,0,2.7097919955849648
14101,138951,1,0,2.7115150005556643
14102,138952,1,0,2.7173960115760565
14103,138953,1,1,2.7090009534731507
14104,138954,1,0,2.717104973271489
14105,138955,1,0,2.715673006605357
14106,138956,1,0,2.705564023926854
14107,138957,1,0,2.703410980757326
14108,138958,1,0,2.7145909843966365
14109,138959,1,0,2.715543028898537
14110,138960,1,0,2.7123570325784385
14111,138961,1,0,2.704833052121103
14112,138962,1,0,2.7144610066898167
14113,138963,1,0,2.7124969637952745
14114,138964,1,0,2.8285820153541863
14115,138965,1,0,2.696326992008835
14116,138966,1,0,2.7136090211570263
14117,138967,1,0,2.7104829787276685
14118,138968,1,0,2.706946979742497
14119,138969,1,0,2.7020180132240057
14120,138970,1,1,2.7491560322232544
14121,138971,1,0,2.7029099874198437
14122,138972,1,0,2.7031299541704357
14123,138973,1,0,2.7513300301507115
14124,138974,1,0,2.7032900252379477
14125,138975,1,0,2.704603015445173
14126,138976,1,0,2.6975799701176584
14127,138977,1,0,2.7009560144506395
14128,138978,1,0,2.702188037801534
14129,138979,1,0,2.7016070089302957
14130,138980,1,0,2.7002940187230706
14131,138981,1,0,2.7129079680889845
14132,138982,1,0,2.7087900089100003
14133,138983,1,0,2.708498970605433
14134,138984,1,0,2.6934219640679657
14135,138985,1,0,2.7131090173497796
14136,138986,1,0,2.706244995351881
14137,138987,1,1,2.7006249874830246
14138,138988,1,0,2.7069069910794497
14139,138989,1,0,2.7140199672430754
14140,138990,1,0,2.8410059749148786
14141,138991,1,0,2.7116050478070974
14142,138992,1,0,2.699612989090383
14143,138993,1,0,2.7158939628861845
14144,138994,1,0,2.7133090188726783
14145,138995,1,0,2.7083699824288487
14146,138996,1,0,2.702347992453724
14147,138997,1,0,2.712537010665983
14148,138998,1,0,2.7183889760635793
14149,138999,1,0,2.703581005334854
14150,139000,1,0,2.6959970127791166
14151,139001,1,0,2.714139991439879
14152,139002,1,0,2.7023879811167717
14153,139003,1,0,2.699303033296019
14154,139004,1,1,2.702999976463616
14155,139005,1,0,2.7099220314994454
14156,139006,1,0,2.7028199983760715
14157,139007,1,0,2.696387004107237
14158,139008,1,0,2.712097018957138
14159,139009,1,0,2.7100929873995483
14160,139010,1,0,2.7108940412290394
14161,139011,1,0,2.6897949865087867
14162,139012,1,0,2.7092809905298054
14163,139013,1,0,2.7159329620189965
14164,139014,1,0,2.716865041293204
14165,139015,1,0,2.70167802227661
14166,139016,1,0,2.710623957682401
14167,139017,1,0,2.832430007401854
14168,139018,1,0,2.711285022087395
14169,139019,1,0,2.708149957470596
14170,139020,1,0,2.7248599799349904
14171,139021,1,1,2.711484965402633
14172,139022,1,0,2.7173959533683956
14173,139023,1,0,2.698320953641087
14174,139024,1,0,2.715202048420906
14175,139025,1,0,2.709731983486563
14176,139026,1,0,2.7044619782827795
14177,139027,1,0,2.7033300139009953
14178,139028,1,0,2.7168550295755267
14179,139029,1,0,2.712867979425937
14180,139030,1,0,2.7075479738414288
14181,139031,1,0,2.702047990169376
14182,139032,1,0,2.7218650211580098
14183,139033,1,0,2.7192700072191656
14184,139034,1,0,2.7106039924547076
14185,139035,1,0,2.6938830269500613
14186,139036,1,0,2.713058958761394
14187,139037,1,0,2.719790965784341
14188,139038,1,1,2.704142010770738
14189,139039,1,0,2.7070470387116075
14190,139040,1,0,2.716293965931982
14191,139041,1,0,2.715673006605357
14192,139042,1,0,2.7129080262966454
14193,139043,1,0,2.8854780248366296
14194,139044,1,0,2.711354987695813
14195,139045,1,0,2.7086000191047788
14196,139046,1,0,2.702228957787156
14197,139047,1,0,2.6877920026890934
14198,139048,1,0,2.7044019661843777
14199,139049,1,0,2.702167956158519
14200,139050,1,0,2.6994329527951777
14201,139051,1,0,2.7013469953089952
14202,139052,1,0,2.717135997954756
14203,139053,1,0,2.714210015255958
14204,139054,1,0,2.6958369999192655
14205,139055,1,1,2.7068459894508123
14206,139056,1,0,2.7210030239075422
14207,139057,1,0,2.7211529668420553
14208,139058,1,0,2.7035699458792806
14209,139059,1,0,2.7100220322608948
14210,139060,1,0,2.709671971388161
14211,139061,1,0,2.717206021770835
14212,139062,1,0,2.6997330132871866
14213,139063,1,0,2.7072380180470645
14214,139064,1,0,2.7118760044686496
14215,139065,1,0,2.7074580430053174
14216,139066,1,0,2.6894250186160207
14217,139067,1,0,2.7035209932364523
14218,139068,1,0,2.712087007239461
14219,139069,1,0,2.7062660083174706
14220,139070,1,0,2.8301060083322227
14221,139071,1,0,2.7209429536014795
14222,139072,1,1,2.711334964260459
14223,139073,1,0,2.7132690302096307
14224,139074,1,0,2.699322998523712
14225,139075,1,0,2.7130480157211423
14226,139076,1,0,2.7092309901490808
14227,139077,1,0,2.701407007407397
14228,139078,1,0,2.6952860062010586
14229,139079,1,0,2.7079290011897683
14230,139080,1,0,2.714641042985022
14231,139081,1,0,2.7057339902967215
14232,139082,1,0,2.705444989260286
14233,139083,1,0,2.7187789673916996
14234,139084,1,0,2.7216639718972147
14235,139085,1,0,2.705043996684253
14236,139086,1,0,2.7109039947390556
14237,139087,1,0,2.7119959704577923
14238,139088,1,0,2.7354100020602345
14239,139089,1,1,2.707829000428319
14240,139090,1,0,2.708779997192323
14241,139091,1,0,2.7118060388602316
14242,139092,1,0,2.707567997276783
14243,139093,1,0,2.701636985875666
14244,139094,1,0,2.71512201288715
14245,139095,1,0,2.7052939985878766
14246,139096,1,0,2.843660011421889
14247,139097,1,0,2.707047970034182
14248,139098,1,0,2.703700971323997
14249,139099,1,0,2.7187379891984165
14250,139100,1,0,2.7718879864551127
14251,139101,1,0,2.71687499480322
14252,139102,1,0,2.7048930060118437
14253,139103,1,0,2.713840047363192
14254,139104,1,0,2.718889038078487
14255,139105,1,0,2.7101029991172254
14256,139106,1,1,2.698571013752371
14257,139107,1,0,2.7044229791499674
14258,139108,1,0,2.713629975914955
14259,139109,1,0,2.7014060178771615
14260,139110,1,0,2.704511978663504
14261,139111,1,0,2.71864898968488
14262,139112,1,0,2.7140199672430754
14263,139113,1,0,2.714832022320479
14264,139114,1,0,2.7160440222360194
14265,139115,1,0,2.7152530383318663
14266,139116,1,0,2.7240579947829247
14267,139117,1,0,2.701186982449144
14268,139118,1,0,2.716825983952731
14269,139119,1,0,2.721212978940457
14270,139120,1,0,2.7152429684065282
14271,139121,1,0,2.706927014514804
14272,139122,1,0,2.711296023335308
14273,139123,1,0,2.8394919936545193
14274,139124,1,1,2.717275987379253
14275,139125,1,0,2.713018038775772
14276,139126,1,0,2.712387009523809
14277,139127,1,0,2.7173759881407022
14278,139128,1,0,2.723337966017425
14279,139129,1,0,2.711054985411465
14280,139130,1,0,2.7114750118926167
14281,139131,1,0,2.710083033889532
14282,139132,1,0,2.7227059472352266
14283,139133,1,0,2.7051439974457026
14284,139134,1,0,2.7071870281361043
14285,139135,1,0,2.7201210032217205
14286,139136,1,0,2.723708050325513
14287,139137,1,0,2.718247997108847
14288,139138,1,0,2.711275010369718
14289,139139,1,0,2.7209630352444947
14290,139140,1,0,2.7180779725313187
14291,139141,1,1,2.7120860177092254
14292,139142,1,0,2.7179569588042796
14293,139143,1,0,2.720501972362399
14294,139144,1,0,2.719721000175923
14295,139145,1,0,2.709452004637569
14296,139146,1,0,2.7258929912932217
14297,139147,1,0,2.720482007134706
14298,139148,1,0,2.7152320253662765
14299,139149,1,0,2.8221500106155872
14300,139150,1,0,2.7157830190844834
14301,139151,1,0,2.720061980653554
14302,139152,1,0,2.7222950011491776
14303,139153,1,0,2.700195007491857
14304,139154,1,0,2.715233014896512
14305,139155,1,0,2.7204719954170287
14306,139156,1,0,2.7126179775223136
14307,139157,1,0,2.7052040095441043
14308,139158,1,1,2.7035210514441133
14309,139159,1,0,2.7157030417583883
14310,139160,1,0,2.7293289895169437
14311,139161,1,0,2.7047229814343154
14312,139162,1,0,2.7054439997300506
14313,139163,1,0,2.712087007239461
14314,139164,1,0,2.7086600312031806
14315,139165,1,0,2.6890740264207125
14316,139166,1,0,2.7155730058439076
14317,139167,1,0,2.712387009523809
14318,139168,1,0,2.7158940210938454
14319,139169,1,0,2.699944016057998
14320,139170,1,0,2.7189290267415345
14321,139171,1,0,2.7206329978071153
14322,139172,1,0,2.7025490417145193
14323,139173,1,0,2.708979998715222
14324,139174,1,0,2.7160229510627687
14325,139175,1,1,2.7166749932803214
14326,139176,1,0,2.841376990545541
14327,139177,1,0,2.6992729981429875
14328,139178,1,0,2.719299984164536
14329,139179,1,0,2.7389159658923745
14330,139180,1,0,2.7328039868734777
14331,139181,1,0,2.712738001719117
14332,139182,1,0,2.716163988225162
14333,139183,1,0,2.7214629808440804
14334,139184,1,0,2.7153720147907734
14335,139185,1,0,2.696417039260268
14336,139186,1,0,2.7109249494969845
14337,139187,1,0,2.763892989605665
14338,139188,1,0,2.7152220136485994
14339,139189,1,0,2.693742047995329
14340,139190,1,0,2.7078279526904225
14341,139191,1,0,2.7128979563713074
14342,139192,1,1,2.7106429915875196
14343,139193,1,0,2.700595010537654
14344,139194,1,0,2.706016006413847
14345,139195,1,0,2.7050640201196074
14346,139196,1,0,2.702828962355852
14347,139197,1,0,2.6892339810729027
14348,139198,1,0,2.7182780322618783
14349,139199,1,0,2.7194299618713558
14350,139200,1,0,2.6989519828930497
14351,139201,1,0,2.7049530181102455
14352,139202,1,0,2.8278210083954036
14353,139203,1,0,2.7049530181102455
14354,139204,1,0,2.7010159683413804
14355,139205,1,0,2.69882200518623
14356,139206,1,0,2.7859440306201577
14357,139207,1,0,2.715093025472015
14358,139208,1,0,2.7220650226809084
14359,139209,1,1,2.738885988947004
14360,139210,1,0,2.7323749964125454
14361,139211,1,0,2.7117860154248774
14362,139212,1,0,2.706124971155077
14363,139213,1,0,2.690646972041577
14364,139214,1,0,2.711354987695813
14365,139215,1,0,2.7087400085292757
14366,139216,1,0,2.701968012843281
14367,139217,1,0,2.688371983822435
14368,139218,1,0,2.712847024668008
14369,139219,1,0,2.705072984099388
14370,139220,1,0,2.7067470364272594
14371,139221,1,0,2.710864006076008
14372,139222,1,0,2.706776955164969
14373,139223,1,0,2.7095419936813414
14374,139224,1,0,2.70044500939548
14375,139225,1,0,2.71336903097108
14376,139226,1,1,2.7105030021630228
14377,139227,1,0,2.7138899895362556
14378,139228,1,0,2.7020080015063286
14379,139229,1,0,2.8481889748945832
14380,139230,1,0,2.711285022087395
14381,139231,1,0,2.7087610214948654
14382,139232,1,0,2.6981609989888966
14383,139233,1,0,2.6971789775416255
14384,139234,1,0,2.7048030169680715
14385,139235,1,0,2.708279003854841
14386,139236,1,0,2.6972389896400273
14387,139237,1,0,2.7111549861729145
14388,139238,1,0,2.713349007535726
14389,139239,1,0,2.7026490424759686
14390,139240,1,0,2.6925309794023633
14391,139241,1,0,2.705563965719193
14392,139242,1,0,2.705894992686808
14393,139243,1,1,2.7020880370400846
14394,139244,1,0,2.705584978684783
14395,139245,1,0,2.7054750244133174
14396,139246,1,0,2.7052039513364434
14397,139247,1,0,2.6922699762508273
14398,139248,1,0,2.7019779663532972
14399,139249,1,0,2.7033709920942783
14400,139250,1,0,2.7092620148323476
14401,139251,1,0,2.691226953174919
14402,139252,1,0,2.7101929881609976
14403,139253,1,0,2.7187190135009587
14404,139254,1,0,2.714972011744976
14405,139255,1,0,2.8313270304352045
14406,139256,1,0,2.7085199835710227
14407,139257,1,0,2.7068660128861666
14408,139258,1,0,2.715393027756363
14409,139259,1,0,2.7095620171166956
14410,139260,1,1,2.7092209784314036
14411,139261,1,0,2.710233035031706
14412,139262,1,0,2.7046119794249535
14413,139263,1,0,2.6990920305252075
14414,139264,1,0,2.7105240151286125
14415,139265,1,0,2.7115860139019787
14416,139266,1,0,2.7009850018657744
14417,139267,1,0,2.6934120105579495
14418,139268,1,0,2.714390982873738
14419,139269,1,0,2.7064860332757235
14420,139270,1,0,2.698270953260362
14421,139271,1,0,2.6980909751728177
14422,139272,1,0,2.7028489857912064
14423,139273,1,0,2.7117760037072003
14424,139274,1,0,2.6980609982274473
14425,139275,1,0,2.7043119771406054
14426,139276,1,0,2.7662760112434626
14427,139277,1,1,2.7142309700138867
14428,139278,1,0,2.692821028176695
14429,139279,1,0,2.7066770126111805
14430,139280,1,0,2.7103530010208488
14431,139281,1,0,2.7145810308866203
14432,139282,1,0,2.8225809801369905
14433,139283,1,0,2.71430000429973
14434,139284,1,0,2.7215240406803787
14435,139285,1,0,2.7156039723195136
14436,139286,1,0,2.7011060155928135
14437,139287,1,0,2.706194994971156
14438,139288,1,0,2.7103129541501403
14439,139289,1,0,2.7104539913125336
14440,139290,1,0,2.7013670187443495
14441,139291,1,0,2.7068870258517563
14442,139292,1,0,2.7182979974895716
14443,139293,1,0,2.7159640449099243
14444,139294,1,1,2.6918590301647782
14445,139295,1,0,2.7105739573016763
14446,139296,1,0,2.7098419959656894
14447,139297,1,0,2.7061260188929737
14448,139298,1,0,2.688201959244907
14449,139299,1,0,2.7139500016346574
14450,139300,1,0,2.711153996642679
14451,139301,1,0,2.695264993235469
14452,139302,1,0,2.6982810231857
14453,139303,1,0,2.7045629685744643
14454,139304,1,0,2.71313899429515
14455,139305,1,0,2.696417970582843
14456,139306,1,0,2.700094017200172
14457,139307,1,0,2.7103429893031716
14458,139308,1,0,2.8313479851931334
14459,139309,1,0,2.6934820343740284
14460,139310,1,0,2.69706902327016
14461,139311,1,1,2.7059150161221623
14462,139312,1,0,2.7011469937860966
14463,139313,1,0,2.693891990929842
14464,139314,1,0,2.699943957850337
14465,139315,1,0,2.6995830121450126
14466,139316,1,0,2.702919999137521
14467,139317,1,0,2.6899660006165504
14468,139318,1,0,2.7134789852425456
14469,139319,1,0,2.7185590006411076
14470,139320,1,0,2.7116260025650263
14471,139321,1,0,2.7010460034944117
14472,139322,1,0,2.714640984777361
14473,139323,1,0,2.7135389973409474
14474,139324,1,0,2.702829020563513
14475,139325,1,0,2.6954850181937218
14476,139326,1,0,2.7089499635621905
14477,139327,1,0,2.7153019909746945
14478,139328,1,1,2.7137889992445707
14479,139329,1,0,2.7162450132891536
14480,139330,1,0,2.7225459925830364
14481,139331,1,0,2.712707035243511
14482,139332,1,0,2.7119460282847285
14483,139333,1,0,2.714279980864376
14484,139334,1,0,2.719159994740039
14485,139335,1,0,2.842317975591868
14486,139336,1,0,2.7182280318811536
14487,139337,1,0,2.703772042877972
14488,139338,1,0,2.7265940443612635
14489,139339,1,0,2.7228869730606675
14490,139340,1,0,2.7159040328115225
14491,139341,1,0,2.6905469712801278
14492,139342,1,0,2.7142210165038705
14493,139343,1,0,2.710934029892087
14494,139344,1,0,2.7065559988841414
14495,139345,1,1,2.7071969816461205
14496,139346,1,0,2.770245017018169
14497,139347,1,0,2.727485029026866
14498,139348,1,0,2.731892978772521
14499,139349,1,0,2.7069770148955286
14500,139350,1,0,2.7167450170964003
14501,139351,1,0,2.7094510151073337
14502,139352,1,0,2.703070000279695
14503,139353,1,0,2.697309013456106
14504,139354,1,0,2.7160440222360194
14505,139355,1,0,2.710474014747888
14506,139356,1,0,2.703299978747964
14507,139357,1,0,2.7065370231866837
14508,139358,1,0,2.7114449767395854
14509,139359,1,0,2.7148309745825827
14510,139360,1,0,2.7076280093751848
14511,139361,1,0,2.8261180268600583
14512,139362,1,1,2.7068970375694335
14513,139363,1,0,2.703922044020146
14514,139364,1,0,2.701327030081302
14515,139365,1,0,2.7027089963667095
14516,139366,1,0,2.7050329954363406
14517,139367,1,0,2.7061149594374
14518,139368,1,0,2.6981309638358653
14519,139369,1,0,2.9289580415934324
14520,139370,1,0,2.7041119756177068
14521,139371,1,0,2.712798013817519
14522,139372,1,0,2.715923998039216
14523,139373,1,0,2.697560004889965
14524,139374,1,0,2.707999025005847
14525,139375,1,0,2.708909974899143
14526,139376,1,0,2.6976599474437535
14527,139377,1,0,2.695375995244831
14528,139378,1,0,2.711003995500505
14529,139379,1,1,2.712638000957668
14530,139380,1,0,2.7031999779865146
14531,139381,1,0,2.7049040072597563
14532,139382,1,0,2.7163050253875554
14533,139383,1,0,2.713388006668538
14534,139384,1,0,2.701598044950515
14535,139385,1,0,2.708759973756969
14536,139386,1,0,2.712868037633598
14537,139387,1,0,2.7068369672633708
14538,139388,1,0,2.826038049533963
14539,139389,1,0,2.697329968214035
14540,139390,1,0,2.709923021029681
14541,139391,1,0,2.7052339864894748
14542,139392,1,0,2.699303033296019
14543,139393,1,0,2.7043220470659435
14544,139394,1,0,2.7138000004924834
14545,139395,1,0,2.7128380024805665
14546,139396,1,1,2.6941740070469677
14547,139397,1,0,2.709310967475176
14548,139398,1,0,2.7091610245406628
14549,139399,1,0,2.7067670016549528
14550,139400,1,0,2.6901160017587245
14551,139401,1,0,2.715312992222607
14552,139402,1,0,2.7108140056952834
14553,139403,1,0,2.7020080015063286
14554,139404,1,0,2.701425983104855
14555,139405,1,0,2.7123470208607614
14556,139406,1,0,2.7106740162707865
14557,139407,1,0,2.707357984036207
14558,139408,1,0,2.7058449923060834
14559,139409,1,0,2.7137489523738623
14560,139410,1,0,2.7207430102862418
14561,139411,1,0,2.69506499171257
14562,139412,1,0,2.710062952246517
14563,139413,1,1,2.7173959533683956
14564,139414,1,0,2.840134024154395
14565,139415,1,0,2.7016469975933433
14566,139416,1,0,2.8101280331611633
14567,139417,1,0,2.715812996029854
14568,139418,1,0,2.711815992370248
14569,139419,1,0,2.7112149982713163
14570,139420,1,0,2.6946940342895687
14571,139421,1,0,2.710303000640124
14572,139422,1,0,2.7238689945079386
14573,139423,1,0,2.7041519642807543
14574,139424,1,0,2.697438991162926
14575,139425,1,0,2.714341040700674
14576,139426,1,0,2.7111140079796314
14577,139427,1,0,2.696087001822889
14578,139428,1,0,2.7097720303572714
14579,139429,1,0,2.712146029807627
14580,139430,1,1,2.714060014113784
14581,139431,1,0,2.706937026232481
14582,139432,1,0,2.6979799731634557
14583,139433,1,0,2.7165550272911787
14584,139434,1,0,2.71231698570773
14585,139435,1,0,2.69923300947994
14586,139436,1,0,2.7149710222147405
14587,139437,1,0,2.712407032959163
14588,139438,1,0,2.712888002861291
14589,139439,1,0,2.6964679709635675
14590,139440,1,0,2.7276650071144104
14591,139441,1,0,2.849231008440256
14592,139442,1,0,2.7151319663971663
14593,139443,1,0,2.7026889729313552
14594,139444,1,0,2.702769997995347
14595,139445,1,0,2.720111981034279
14596,139446,1,0,2.7276150067336857
14597,139447,1,0,2.7095720288343728
14598,139448,1,1,2.7058650157414377
14599,139449,1,0,2.7170060202479362
14600,139450,1,0,2.7120760059915483
14601,139451,1,0,2.707216946873814
14602,139452,1,0,2.7132389950565994
14603,139453,1,0,2.71365896333009
14604,139454,1,0,2.7106539928354323
14605,139455,1,0,2.7011960046365857
14606,139456,1,0,2.71391001297161
14607,139457,1,0,2.7135589625686407
14608,139458,1,0,2.7138700243085623
14609,139459,1,0,2.698700991459191
14610,139460,1,0,2.7279359637759626
14611,139461,1,0,2.7156529831700027
14612,139462,1,0,2.7171060210093856
14613,139463,1,0,2.7008859906345606
14614,139464,1,0,2.719721000175923
14615,139465,1,1,2.7184479986317456
14616,139466,1,0,2.715422015171498
14617,139467,1,0,2.827370015438646
14618,139468,1,0,2.711536013521254
14619,139469,1,0,2.7222849894315004
14620,139470,1,0,2.7111050439998507
14621,139471,1,0,2.691086963750422
14622,139472,1,0,2.712126006372273
14623,139473,1,0,2.717275987379253
14624,139474,1,0,2.7088610222563148
14625,139475,1,0,2.6941029937006533
14626,139476,1,0,2.718819014262408
14627,139477,1,0,2.7109950315207243
14628,139478,1,0,2.718328032642603
14629,139479,1,0,2.7021479909308255
14630,139480,1,0,2.717446011956781
14631,139481,1,0,2.7135289856232703
14632,139482,1,1,2.707648032810539
14633,139483,1,0,2.7071170043200254
14634,139484,1,0,2.7093009557574987
14635,139485,1,0,2.7241689967922866
14636,139486,1,0,2.7514389948919415
14637,139487,1,0,2.689776010811329
14638,139488,1,0,2.7126669883728027
14639,139489,1,0,2.710163011215627
14640,139490,1,0,2.704211976379156
14641,139491,1,0,2.710703993216157
14642,139492,1,0,2.713999943807721
14643,139493,1,0,2.715041977353394
14644,139494,1,0,2.83308100188151
14645,139495,1,0,2.7015070081688464
14646,139496,1,0,2.717756957281381
14647,139497,1,0,2.7177470037713647
14648,139498,1,0,2.713940048124641
14649,139499,1,1,2.7005549636669457
14650,139500,1,0,2.715292968787253
14651,139501,1,0,2.7190399705432355
14652,139502,1,0,2.7032499783672392
14653,139503,1,0,2.717617026064545
14654,139504,1,0,2.719150041230023
14655,139505,1,0,2.7214440051466227
14656,139506,1,0,2.70203803665936
14657,139507,1,0,2.7070470387116075
14658,139508,1,0,2.722295990679413
14659,139509,1,0,2.773950982373208
14660,139510,1,0,2.701065968722105
14661,139511,1,0,2.7037510299123824
14662,139512,1,0,2.720011048950255
14663,139513,1,0,2.7043020236305892
14664,139514,1,0,2.697720017749816
14665,139515,1,0,2.704271988477558
14666,139516,1,1,2.7077379636466503
14667,139517,1,0,2.7067670016549528
14668,139518,1,0,2.688563021365553
14669,139519,1,0,2.7115950360894203
14670,139520,1,0,2.843600988853723
14671,139521,1,0,2.7083990280516446
14672,139522,1,0,2.6956559740938246
14673,139523,1,0,2.7058550040237606
14674,139524,1,0,2.713578986003995
14675,139525,1,0,2.7149110101163387
14676,139526,1,0,2.683233004063368
14677,139527,1,0,2.7064659516327083
14678,139528,1,0,2.7172170230187476
14679,139529,1,0,2.71388900000602
14680,139530,1,0,2.694313006941229
14681,139531,1,0,2.7095319819636643
14682,139532,1,0,2.7816949877887964
14683,139533,1,1,2.721114025916904
14684,139534,1,0,2.6950149913318455
14685,139535,1,0,2.705885039176792
14686,139536,1,0,2.7130080270580947
14687,139537,1,0,2.71313899429515
14688,139538,1,0,2.697229036130011
14689,139539,1,0,2.7172670233994722
14690,139540,1,0,2.7122569736093283
14691,139541,1,0,2.7011570055037737
14692,139542,1,0,2.7010460034944117
14693,139543,1,0,2.7170050307177007
14694,139544,1,0,2.7284970274195075
14695,139545,1,0,2.7092109667137265
14696,139546,1,0,2.7041619759984314
14697,139547,1,0,2.8479580068960786
14698,139548,1,0,2.7251209830865264
14699,139549,1,0,2.7163440245203674
14700,139550,1,1,2.7057750266976655
14701,139551,1,0,2.733826986514032
14702,139552,1,0,2.7580720488913357
14703,139553,1,0,2.7264929958619177
14704,139554,1,0,2.7109840302728117
14705,139555,1,0,2.7151519898325205
14706,139556,1,0,2.729087951593101
14707,139557,1,0,2.7197099989280105
14708,139558,1,0,2.7087299968115985
14709,139559,1,0,2.712376997806132
14710,139560,1,0,2.7160639874637127
14711,139561,1,0,2.7251799474470317
14712,139562,1,0,2.709261025302112
14713,139563,1,0,2.719239972066134
14714,139564,1,0,2.7219050098210573
14715,139565,1,0,2.7190599939785898
14716,139566,1,0,2.7056049439124763
14717,139567,1,1,2.714951988309622
14718,139568,1,0,2.71980999968946
14719,139569,1,0,2.7177470037713647
14720,139570,1,0,2.6982409763149917
14721,139571,1,0,2.7294490137137473
14722,139572,1,0,2.719921001698822
14723,139573,1,0,2.832008001860231
14724,139574,1,0,2.7085699839517474
14725,139575,1,0,2.7133290423080325
14726,139576,1,0,2.7231170097365975
14727,139577,1,0,2.718157018534839
14728,139578,1,0,2.7133389958180487
14729,139579,1,0,2.7848309837281704
14730,139580,1,0,2.7210330008529127
14731,139581,1,0,2.7143110055476427
14732,139582,1,0,2.706825966015458
14733,139583,1,0,2.7068270137533545
14734,139584,1,1,2.714330970775336
14735,139585,1,0,2.7101229643449187
14736,139586,1,0,2.706526021938771
14737,139587,1,0,2.704452956095338
14738,139588,1,0,2.7123669860884547
14739,139589,1,0,2.7229670085944235
14740,139590,1,0,2.7090010116808116
14741,139591,1,0,2.7017469983547926
14742,139592,1,0,2.7143710176460445
14743,139593,1,0,2.711355045903474
14744,139594,1,0,2.6930010062642395
14745,139595,1,0,2.733547007665038
14746,139596,1,0,2.708240004722029
14747,139597,1,0,2.7115760021843016
14748,139598,1,0,2.70518398610875
14749,139599,1,0,2.714380039833486
14750,139600,1,0,2.8366170008666813
14751,139601,1,1,2.7195209986530244
14752,139602,1,0,2.7280260110273957
14753,139603,1,0,2.7099730214104056
14754,139604,1,0,2.7165350038558245
14755,139605,1,0,2.7268740232102573
14756,139606,1,0,2.7103640022687614
14757,139607,1,0,2.7156330179423094
14758,139608,1,0,2.727595972828567
14759,139609,1,0,2.7162940241396427
14760,139610,1,0,2.704903017729521
14761,139611,1,0,2.7077790000475943
14762,139612,1,0,2.708759973756969
14763,139613,1,0,2.7111750096082687
14764,139614,1,0,2.6956360088661313
14765,139615,1,0,2.709302003495395
14766,139616,1,0,2.719631011132151
14767,139617,1,0,2.7183479978702962
14768,139618,1,1,2.703790960367769
14769,139619,1,0,2.716704970225692
14770,139620,1,0,2.7045929455198348
14771,139621,1,0,2.7007260359823704
14772,139622,1,0,2.6942730182781816
14773,139623,1,0,2.715021022595465
14774,139624,1,0,2.709361957386136
14775,139625,1,0,2.707727951928973
14776,139626,1,0,2.904602966737002
14777,139627,1,0,2.704010985326022
14778,139628,1,0,2.7137199649587274
14779,139629,1,0,2.7086000191047788
14780,139630,1,0,2.693221962545067
14781,139631,1,0,2.7031400240957737
14782,139632,1,0,2.7070280048064888
14783,139633,1,0,2.7102029998786747
14784,139634,1,0,2.690165943931788
14785,139635,1,1,2.717345952987671
14786,139636,1,0,2.7088309871032834
14787,139637,1,0,2.696828043553978
14788,139638,1,0,2.701336983591318
14789,139639,1,0,2.7136289863847196
14790,139640,1,0,2.705324033740908
14791,139641,1,0,2.6963879936374724
14792,139642,1,0,2.6946139987558126
14793,139643,1,0,2.70716700470075
14794,139644,1,0,2.7108039939776063
14795,139645,1,0,2.6958159869536757
14796,139646,1,0,2.716665039770305
14797,139647,1,0,2.7049939963035285
14798,139648,1,0,2.7255910099484026
14799,139649,1,0,2.6970879989676178
14800,139650,1,0,2.7158840093761683
14801,139651,1,0,2.7145209605805576
14802,139652,1,1,2.711615990847349
14803,139653,1,0,2.8272700146771967
14804,139654,1,0,2.705675025936216
14805,139655,1,0,2.720762975513935
14806,139656,1,0,2.7220249758102
14807,139657,1,0,2.706717001274228
14808,139658,1,0,2.7194099966436625
14809,139659,1,0,2.7136789867654443
14810,139660,1,0,2.7117159916087985
14811,139661,1,0,2.6937020011246204
14812,139662,1,0,2.729177998844534
14813,139663,1,0,2.7219950570724905
14814,139664,1,0,2.724769990891218
14815,139665,1,0,2.7014570077881217
14816,139666,1,0,2.7214440051466227
14817,139667,1,0,2.7076880214735866
14818,139668,1,0,2.717355964705348
14819,139669,1,1,2.694274007808417
14820,139670,1,0,2.7157830190844834
14821,139671,1,0,2.717085008043796
14822,139672,1,0,2.83040595240891
14823,139673,1,0,2.708289015572518
14824,139674,1,0,2.71285796770826
14825,139675,1,0,2.712537010665983
14826,139676,1,0,2.7146119973622262
14827,139677,1,0,2.696316980291158
14828,139678,1,0,2.7180479955859482
14829,139679,1,0,2.8447730001062155
14830,139680,1,0,2.711895969696343
14831,139681,1,0,2.7012460050173104
14832,139682,1,0,2.6958269882015884
14833,139683,1,0,2.7103640022687614
14834,139684,1,0,2.712397021241486
14835,139685,1,0,2.6974090142175555
14836,139686,1,1,2.712888002861291
14837,139687,1,0,2.712006971705705
14838,139688,1,0,2.7096120174974203
14839,139689,1,0,2.6934819761663675
14840,139690,1,0,2.7235879679210484
14841,139691,1,0,2.7112250099889934
14842,139692,1,0,2.715342037845403
14843,139693,1,0,2.7013870421797037
14844,139694,1,0,2.718018018640578
14845,139695,1,0,2.7168450178578496
14846,139696,1,0,2.705704013351351
14847,139697,1,0,2.696887997444719
14848,139698,1,0,2.715863985940814
14849,139699,1,0,2.7109950315207243
14850,139700,1,0,2.7044930029660463
14851,139701,1,0,2.7125970227643847
14852,139702,1,0,2.7187789673916996
14853,139703,1,1,2.7185389772057533
14854,139704,1,0,2.7003950090147555
14855,139705,1,0,2.7131480164825916
14856,139706,1,0,2.833561971783638
14857,139707,1,0,2.717926981858909
14858,139708,1,0,2.707157051190734
14859,139709,1,0,2.6930710300803185
14860,139710,1,0,2.718118019402027
14861,139711,1,0,2.7103329775854945
14862,139712,1,0,2.707699022721499
14863,139713,1,0,2.7077679987996817
14864,139714,1,0,2.7223859797231853
14865,139715,1,0,2.7220650226809084
14866,139716,1,0,2.704482991248369
14867,139717,1,0,2.7044229791499674
14868,139718,1,0,2.714261005166918
14869,139719,1,0,2.804007031954825
14870,139720,1,1,2.7313519967719913
14871,139721,1,0,2.6953460182994604
14872,139722,1,0,2.712236950173974
14873,139723,1,0,2.7092210366390646
14874,139724,1,0,2.7117060380987823
14875,139725,1,0,2.7115559787489474
14876,139726,1,0,2.717547002248466
14877,139727,1,0,2.715603040996939
14878,139728,1,0,2.7078890125267208
14879,139729,1,0,2.7069569914601743
14880,139730,1,0,2.7152419788762927
14881,139731,1,0,2.713689988013357
14882,139732,1,0,2.8314279625192285
14883,139733,1,0,2.6898859650827944
14884,139734,1,0,2.7028800104744732
14885,139735,1,0,2.703731006477028
14886,139736,1,0,2.695135015528649
14887,139737,1,1,2.7000349946320057
14888,139738,1,0,2.7195410220883787
14889,139739,1,0,2.7128479559905827
14890,139740,1,0,2.7031800127588212
14891,139741,1,0,2.709923021029681
14892,139742,1,0,2.725170983467251
14893,139743,1,0,2.718369010835886
14894,139744,1,0,2.6900260127149522
14895,139745,1,0,2.7083089808002114
14896,139746,1,0,2.7125770575366914
14897,139747,1,0,2.706105005927384
14898,139748,1,0,2.6994229992851615
14899,139749,1,0,2.7210740372538567
14900,139750,1,0,2.708319982048124
14901,139751,1,0,2.7494559762999415
14902,139752,1,0,2.6949640014208853
14903,139753,1,0,2.7121470193378627
14904,139754,1,1,2.709111024159938
14905,139755,1,0,2.7135389973409474
14906,139756,1,0,2.700153971090913
14907,139757,1,0,2.7258919435553253
14908,139758,1,0,2.720482007134706
14909,139759,1,0,2.8352649533189833
14910,139760,1,0,2.6987320161424577
14911,139761,1,0,2.7144409832544625
14912,139762,1,0,2.7429640176706016
14913,139763,1,0,2.7174369897693396
14914,139764,1,0,2.6960769901052117
14915,139765,1,0,2.750436950009316
14916,139766,1,0,2.712938003242016
14917,139767,1,0,2.7053540106862783
14918,139768,1,0,2.7132589602842927
14919,139769,1,0,2.715112001169473
14920,139770,1,0,2.724840014707297
14921,139771,1,0,2.7235770248807967
14922,139772,1,1,2.71489197621122
14923,139773,1,0,2.7149220113642514
14924,139774,1,0,2.7222050121054053
14925,139775,1,0,2.7183680213056505
14926,139776,1,0,2.710703993216157
14927,139777,1,0,2.7204419602639973
14928,139778,1,0,2.7223159559071064
14929,139779,1,0,2.7174369897693396
14930,139780,1,0,2.69583601038903
14931,139781,1,0,2.7170759858563542
14932,139782,1,0,2.719049050938338
14933,139783,1,0,2.7160340105183423
14934,139784,1,0,2.7072770171798766
14935,139785,1,0,2.849520999006927
14936,139786,1,0,2.7124370099045336
14937,139787,1,0,2.720362041145563
14938,139788,1,0,2.70675600040704
14939,139789,1,1,2.7077089762315154
14940,139790,1,0,2.709241001866758
14941,139791,1,0,2.7588930097408593
14942,139792,1,0,2.697759948205203
14943,139793,1,0,2.708560030441731
14944,139794,1,0,2.722595992963761
14945,139795,1,0,2.7152420370839536
14946,139796,1,0,2.701747987885028
14947,139797,1,0,2.7147019864059985
14948,139798,1,0,2.714481030125171
14949,139799,1,0,2.7115250122733414
14950,139800,1,0,2.698139986023307
14951,139801,1,0,2.7114760014228523
14952,139802,1,0,2.7064059977419674
14953,139803,1,0,2.710002998355776
14954,139804,1,0,2.6941740070469677
14955,139805,1,0,2.7158529846929014
14956,139806,1,1,2.710634027607739
14957,139807,1,0,2.708059037104249
14958,139808,1,0,2.707968989852816
14959,139809,1,0,2.7117260033264756
14960,139810,1,0,2.710063010454178
14961,139811,1,0,2.7005349984392524
14962,139812,1,0,2.8583870152942836
14963,139813,1,0,2.7151620015501976
14964,139814,1,0,2.7124170446768403
14965,139815,1,0,2.716224000323564
14966,139816,1,0,2.6942130061797798
14967,139817,1,0,2.733286004513502
14968,139818,1,0,2.7146710199303925
14969,139819,1,0,2.720231015700847
14970,139820,1,0,2.7131980168633163
14971,139821,1,0,2.7173369890078902
14972,139822,1,0,2.711585024371743
14973,139823,1,1,2.7126080240122974
14974,139824,1,0,2.704421989619732
14975,139825,1,0,2.717707015108317
14976,139826,1,0,2.7156529831700027
14977,139827,1,0,2.691367990337312
14978,139828,1,0,2.705814957153052
14979,139829,1,0,2.7155420393683016
14980,139830,1,0,2.7292880113236606
14981,139831,1,0,2.7170060202479362
14982,139832,1,0,2.713529043830931
14983,139833,1,0,2.722334989812225
14984,139834,1,0,2.7161939651705325
14985,139835,1,0,2.698260999750346
14986,139836,1,0,2.7056849794462323
14987,139837,1,0,2.714640984777361
14988,139838,1,0,2.830435987561941
14989,139839,1,0,2.7014169609174132
14990,139840,1,1,2.705533988773823
14991,139841,1,0,2.7152429684065282
14992,139842,1,0,2.7100230217911303
14993,139843,1,0,2.707417996134609
14994,139844,1,0,2.706184983253479
14995,139845,1,0,2.7132489485666156
14996,139846,1,0,2.713818976189941
14997,139847,1,0,2.7094619581475854
14998,139848,1,0,2.7068869676440954
14999,139849,1,0,2.718990028370172
15000,139850,1,0,2.712476998567581
15001,139851,1,0,2.695915987715125
15002,139852,1,0,2.7171760448254645
15003,139853,1,0,2.719090029131621
15004,139854,1,0,2.714700996875763
15005,139855,1,0,2.6963380514644086
15006,139856,1,0,2.7110949740745127
15007,139857,1,1,2.711445966269821
15008,139858,1,0,2.7350590098649263
15009,139859,1,0,2.6987320161424577
15010,139860,1,0,2.7121059829369187
15011,139861,1,0,2.720421995036304
15012,139862,1,0,2.71728599909693
15013,139863,1,0,2.697779971640557
15014,139864,1,0,2.7215839945711195
15015,139865,1,0,2.8365369653329253
15016,139866,1,0,2.7052140212617815
15017,139867,1,0,2.691699017304927
15018,139868,1,0,2.712717978283763
15019,139869,1,0,2.7124370099045336
15020,139870,1,0,2.7129880036227405
15021,139871,1,0,2.7000440168194473
15022,139872,1,0,2.708429004997015
15023,139873,1,0,2.7149610104970634
15024,139874,1,1,2.704702957998961
15025,139875,1,0,2.6906669954769313
15026,139876,1,0,2.7044820017181337
15027,139877,1,0,2.702658995985985
15028,139878,1,0,2.6897249626927078
15029,139879,1,0,2.6881220401264727
15030,139880,1,0,2.7039609849452972
15031,139881,1,0,2.694162947591394
15032,139882,1,0,2.7512990054674447
15033,139883,1,0,2.702118013985455
15034,139884,1,0,2.697860007174313
15035,139885,1,0,2.7004849980585277
15036,139886,1,0,2.6819900376722217
15037,139887,1,0,2.700696000829339
15038,139888,1,0,2.703800972085446
15039,139889,1,0,2.6923090335913002
15040,139890,1,0,2.688922977540642
15041,139891,1,1,2.8180329827591777
15042,139892,1,0,2.696337003726512
15043,139893,1,0,2.694825001526624
15044,139894,1,0,2.6920100208371878
15045,139895,1,0,2.6885729748755693
15046,139896,1,0,2.6920089730992913
15047,139897,1,0,2.677441982086748
15048,139898,1,0,2.6958159869536757
15049,139899,1,0,2.7112149982713163
15050,139900,1,0,2.709731983486563
15051,139901,1,0,2.6783040375448763
15052,139902,1,0,2.695696020964533
15053,139903,1,0,2.703731006477028
15054,139904,1,0,2.6875209878198802
15055,139905,1,0,2.6848160196095705
15056,139906,1,0,2.6909870211966336
15057,139907,1,0,2.6885030092671514
15058,139908,1,1,2.67240300308913
15059,139909,1,0,2.699723991099745
15060,139910,1,0,2.6993430219590664
15061,139911,1,0,2.70085601368919
15062,139912,1,0,2.693923015613109
15063,139913,1,0,2.7079589781351388
15064,139914,1,0,2.7078689890913665
15065,139915,1,0,2.6985620497725904
15066,139916,1,0,2.6942630065605044
15067,139917,1,0,2.6934720226563513
15068,139918,1,0,2.8225219575688243
15069,139919,1,0,2.6853070012293756
15070,139920,1,0,2.6915789931081235
15071,139921,1,0,2.694072958547622
15072,139922,1,0,2.698581025470048
15073,139923,1,0,2.685106999706477
15074,139924,1,0,2.705254009924829
15075,139925,1,1,2.6978509849868715
15076,139926,1,0,2.6893040048889816
15077,139927,1,0,2.682922000531107
15078,139928,1,0,2.6940429816022515
15079,139929,1,0,2.6932019973173738
15080,139930,1,0,2.6833339943550527
15081,139931,1,0,2.6922899996861815
15082,139932,1,0,2.7027089963667095
15083,139933,1,0,2.7023389702662826
15084,139934,1,0,2.6785539812408388
15085,139935,1,0,2.702758996747434
15086,139936,1,0,2.7020780253224075
15087,139937,1,0,2.6931610191240907
15088,139938,1,0,2.6884020189754665
15089,139939,1,0,2.701407007407397
15090,139940,1,0,2.696577983442694
15091,139941,1,0,2.674246032256633
15092,139942,1,1,2.688431995920837
15093,139943,1,0,2.7074679965153337
15094,139944,1,0,2.8206679853610694
15095,139945,1,0,2.6825620443560183
15096,139946,1,0,2.69681797362864
15097,139947,1,0,2.6954160421155393
15098,139948,1,0,2.689043991267681
15099,139949,1,0,2.6802479987964034
15100,139950,1,0,2.6947639998979867
15101,139951,1,0,2.685978019144386
15102,139952,1,0,2.7247900143265724
15103,139953,1,0,2.6947440346702933
15104,139954,1,0,2.6953950291499496
15105,139955,1,0,2.699042030144483
15106,139956,1,0,2.713229041546583
15107,139957,1,0,2.8260270482860506
15108,139958,1,0,2.709411026444286
15109,139959,1,1,2.70636600907892
15110,139960,1,0,2.6877610362134874
15111,139961,1,0,2.693942980840802
15112,139962,1,0,2.6902559911832213
15113,139963,1,0,2.6979700196534395
15114,139964,1,0,2.685407001990825
15115,139965,1,0,2.698831958696246
15116,139966,1,0,2.6976089575327933
15117,139967,1,0,2.6839339989237487
15118,139968,1,0,2.6915990165434778
15119,139969,1,0,2.691748959477991
15120,139970,1,0,2.692310023121536
15121,139971,1,0,2.8185140108689666
15122,139972,1,0,2.6898650103248656
15123,139973,1,0,2.6918789953924716
15124,139974,1,0,2.694964990951121
15125,139975,1,0,2.6796369929797947
15126,139976,1,1,2.776345005258918
15127,139977,1,0,2.6911480235867202
15128,139978,1,0,2.6886030100286007
15129,139979,1,0,2.6785850059241056
15130,139980,1,0,2.7106739580631256
15131,139981,1,0,2.703781006857753
15132,139982,1,0,2.684985985979438
15133,139983,1,0,2.6840950013138354
15134,139984,1,0,2.693222020752728
15135,139985,1,0,2.6954959612339735
15136,139986,1,0,2.6751579716801643
15137,139987,1,0,2.6848659617826343
15138,139988,1,0,2.704833052121103
15139,139989,1,0,2.689674962311983
15140,139990,1,0,2.6890329900197685
15141,139991,1,0,2.699462987948209
15142,139992,1,0,2.702268015127629
15143,139993,1,1,2.695386006962508
15144,139994,1,0,2.699322998523712
15145,139995,1,0,2.6880009681917727
15146,139996,1,0,2.6912379544228315
15147,139997,1,0,2.8114509768784046
15148,139998,1,0,2.6868300046771765
15149,139999,1,0,2.7524609467945993
15150,140000,1,0,2.7063360321335495
15151,140001,1,0,2.6932909968309104
15152,140002,1,0,2.6915190392173827
15153,140003,1,0,2.7009560144506395
15154,140004,1,0,2.6946240104734898
15155,140005,1,0,2.681769954506308
15156,140006,1,0,2.695054979994893
15157,140007,1,0,2.696107025258243
15158,140008,1,0,2.681219018995762
15159,140009,1,0,2.689594984985888
15160,140010,1,1,2.694563998375088
15161,140011,1,0,2.7055550017394125
15162,140012,1,0,2.693040994927287
15163,140013,1,0,2.7101029991172254
15164,140014,1,0,2.7030300116166472
15165,140015,1,0,2.7049239724874496
15166,140016,1,0,2.6739659951999784
15167,140017,1,0,2.7012769714929163
15168,140018,1,0,2.69841100089252
15169,140019,1,0,2.6928610168397427
15170,140020,1,0,2.690226014237851
15171,140021,1,0,2.704403013922274
15172,140022,1,0,2.699773001950234
15173,140023,1,0,2.6957460213452578
15174,140024,1,0,2.8312280192039907
15175,140025,1,0,2.7190599939785898
15176,140026,1,0,2.704421989619732
15177,140027,1,1,2.6983210118487477
15178,140028,1,0,2.689675020519644
15179,140029,1,0,2.705455000977963
15180,140030,1,0,2.7085299952887
15181,140031,1,0,2.686738967895508
15182,140032,1,0,2.708549960516393
15183,140033,1,0,2.706244995351881
15184,140034,1,0,2.710233035031706
15185,140035,1,0,2.6785149821080267
15186,140036,1,0,2.708379994146526
15187,140037,1,0,2.7083599707111716
15188,140038,1,0,2.7026390307582915
15189,140039,1,0,2.705455000977963
15190,140040,1,0,2.7207329985685647
15191,140041,1,0,2.709662017878145
15192,140042,1,0,2.6875410112552345
15193,140043,1,0,2.6982309645973146
15194,140044,1,1,2.7058550040237606
15195,140045,1,0,2.69722897792235
15196,140046,1,0,2.6870399597100914
15197,140047,1,0,2.7048930060118437
15198,140048,1,0,2.7091909432783723
15199,140049,1,0,2.677412994671613
15200,140050,1,0,2.817973028868437
15201,140051,1,0,2.695867035072297
15202,140052,1,0,2.7055350365117192
15203,140053,1,0,2.703720994759351
15204,140054,1,0,2.6963280397467315
15205,140055,1,0,2.723087032791227
15206,140056,1,0,2.7120959712192416
15207,140057,1,0,2.7047430048696697
15208,140058,1,0,2.694984956178814
15209,140059,1,0,2.711906039621681
15210,140060,1,0,2.7228870312683284
15211,140061,1,1,2.698761993087828
15212,140062,1,0,2.6935130008496344
15213,140063,1,0,2.70518398610875
15214,140064,1,0,2.7057050028815866
15215,140065,1,0,2.69246002426371
15216,140066,1,0,2.733116038143635
15217,140067,1,0,2.723857993260026
15218,140068,1,0,2.7051439974457026
15219,140069,1,0,2.6828120462596416
15220,140070,1,0,2.7012460050173104
15221,140071,1,0,2.6970290346071124
15222,140072,1,0,2.696727984584868
15223,140073,1,0,2.691578003577888
15224,140074,1,0,2.708058978896588
15225,140075,1,0,2.7018680120818317
15226,140076,1,0,2.688692999072373
15227,140077,1,0,2.811370010022074
15228,140078,1,0,2.700364973861724
15229,140079,1,1,2.6911679888144135
15230,140080,1,0,2.6874709874391556
15231,140081,1,0,2.699142962228507
15232,140082,1,0,2.6966980076394975
15233,140083,1,0,2.7069770148955286
15234,140084,1,0,2.6834330055862665
15235,140085,1,0,2.7046430041082203
15236,140086,1,0,2.7242289506830275
15237,140087,1,0,2.7269739657640457
15238,140088,1,0,2.6883629616349936
15239,140089,1,0,2.7072869706898928
15240,140090,1,0,2.7074379613623023
15241,140091,1,0,2.691188012249768
15242,140092,1,0,2.6885330444201827
15243,140093,1,0,2.8090160340070724
15244,140094,1,0,2.707567997276783
15245,140095,1,0,2.6831129798665643
15246,140096,1,1,2.6950049796141684
15247,140097,1,0,2.7123370091430843
15248,140098,1,0,2.726592996623367
15249,140099,1,0,2.6985519798472524
15250,140100,1,0,2.6993629871867597
15251,140101,1,0,2.711546025238931
15252,140102,1,0,2.706455998122692
15253,140103,1,0,2.8191349701955914
15254,140104,1,0,2.714240981731564
15255,140105,1,0,2.7322230162099004
15256,140106,1,0,2.7032599900849164
15257,140107,1,0,2.700996003113687
15258,140108,1,0,2.700244018342346
15259,140109,1,0,2.730891981627792
15260,140110,1,0,2.7418119716458023
15261,140111,1,0,2.687580999918282
15262,140112,1,0,2.6938330265693367
15263,140113,1,1,2.707557985559106
15264,140114,1,0,2.700696000829339
15265,140115,1,0,2.680988982319832
15266,140116,1,0,2.921593957580626
15267,140117,1,0,2.706867002416402
15268,140118,1,0,2.7047930052503943
15269,140119,1,0,2.684785984456539
15270,140120,1,0,2.688281994778663
15271,140121,1,0,2.69426399609074
15272,140122,1,0,2.6994830113835633
15273,140123,1,0,2.6845349930226803
15274,140124,1,0,2.710163011215627
15275,140125,1,0,2.697881020139903
15276,140126,1,0,2.695616043638438
15277,140127,1,0,2.680938981939107
15278,140128,1,0,2.693120972253382
15279,140129,1,0,2.7096819831058383
15280,140130,1,1,2.819234970957041
15281,140131,1,0,2.676722011528909
15282,140132,1,0,2.697229036130011
15283,140133,1,0,2.6849870337173343
15284,140134,1,0,2.6869000284932554
15285,140135,1,0,2.6886030100286007
15286,140136,1,0,2.6985410368070006
15287,140137,1,0,2.701225981581956
15288,140138,1,0,2.6780139887705445
15289,140139,1,0,2.791644015815109
15290,140140,1,0,2.702658995985985
15291,140141,1,0,2.703650970943272
15292,140142,1,0,2.681639976799488
15293,140143,1,0,2.693933027330786
15294,140144,1,0,2.707858046051115
15295,140145,1,0,2.6929309824481606
15296,140146,1,0,2.674187009688467
15297,140147,1,1,2.6909770094789565
15298,140148,1,0,2.6978510431945324
15299,140149,1,0,2.683402970433235
15300,140150,1,0,2.6903959806077182
15301,140151,1,0,2.6967580197378993
15302,140152,1,0,2.6968379970639944
15303,140153,1,0,2.67536798492074
15304,140154,1,0,2.6912280009128153
15305,140155,1,0,2.6938229566439986
15306,140156,1,0,2.8151969891041517
15307,140157,1,0,2.683563972823322
15308,140158,1,0,2.695925999432802
15309,140159,1,0,2.695354982279241
15310,140160,1,0,2.700986049603671
15311,140161,1,0,2.685636980459094
15312,140162,1,0,2.702478028368205
15313,140163,1,0,2.7569500380195677
15314,140164,1,1,2.6959969545714557
15315,140165,1,0,2.6990820188075304
15316,140166,1,0,2.697108022402972
15317,140167,1,0,2.6903459802269936
15318,140168,1,0,2.6816600002348423
15319,140169,1,0,2.693401009310037
15320,140170,1,0,2.691478992346674
15321,140171,1,0,2.6917090290226042
15322,140172,1,0,2.692890993785113
15323,140173,1,0,2.7054339880123734
15324,140174,1,0,2.687591011635959
15325,140175,1,0,2.6857680059038103
15326,140176,1,0,2.693381975404918
15327,140177,1,0,2.6937330258078873
15328,140178,1,0,2.6877709897235036
15329,140179,1,0,2.69086699699983
15330,140180,1,0,2.7056739781983197
15331,140181,1,1,2.696518029551953
15332,140182,1,0,2.681860001757741
15333,140183,1,0,2.804278046824038
15334,140184,1,0,2.706847037188709
15335,140185,1,0,2.700323995668441
15336,140186,1,0,2.7185389772057533
15337,140187,1,0,2.686038031242788
15338,140188,1,0,2.6901360251940787
15339,140189,1,0,2.6915890048258007
15340,140190,1,0,2.6813390431925654
15341,140191,1,0,2.703781006857753
15342,140192,1,0,2.697770018130541
15343,140193,1,0,2.6820109924301505
15344,140194,1,0,2.6889340369962156
15345,140195,1,0,2.700584998819977
15346,140196,1,0,2.7051239740103483
15347,140197,1,0,2.6793560246005654
15348,140198,1,1,2.695625997148454
15349,140199,1,0,2.7051239740103483
15350,140200,1,0,2.700064971577376
15351,140201,1,0,2.682611986529082
15352,140202,1,0,2.7039009728468955
15353,140203,1,0,2.703270991332829
15354,140204,1,0,2.696017036214471
15355,140205,1,0,2.6853869785554707
15356,140206,1,0,2.7053739759139717
15357,140207,1,0,2.6914780028164387
15358,140208,1,0,2.6816600002348423
15359,140209,1,0,2.8258569655008614
15360,140210,1,0,2.6901160017587245
15361,140211,1,0,2.693702990654856
15362,140212,1,0,2.670800022315234
15363,140213,1,0,2.7005749871023
15364,140214,1,0,2.6941130054183304
15365,140215,1,1,2.680638979654759
15366,140216,1,0,2.674116985872388
15367,140217,1,0,2.6856979820877314
15368,140218,1,0,2.7020879788324237
15369,140219,1,0,2.6923089753836393
15370,140220,1,0,2.6928609586320817
15371,140221,1,0,2.691768982913345
15372,140222,1,0,2.7025589952245355
15373,140223,1,0,2.6757289888337255
15374,140224,1,0,2.702239027712494
15375,140225,1,0,2.7090809890069067
15376,140226,1,0,2.688263019081205
15377,140227,1,0,2.683723985683173
15378,140228,1,0,2.6974889915436506
15379,140229,1,0,2.7045419556088746
15380,140230,1,0,2.6874509640038013
15381,140231,1,0,2.699503966141492
15382,140232,1,1,2.704922982957214
15383,140233,1,0,2.793186984490603
15384,140234,1,0,2.693462010938674
15385,140235,1,0,2.6972690247930586
15386,140236,1,0,2.8255960205569863
15387,140237,1,0,2.692179987207055
15388,140238,1,0,2.696448005735874
15389,140239,1,0,2.702790021430701
15390,140240,1,0,2.7080889558419585
15391,140241,1,0,2.7121069724671543
15392,140242,1,0,2.690066001378
15393,140243,1,0,2.6928309816867113
15394,140244,1,0,2.707417996134609
15395,140245,1,0,2.7069770148955286
15396,140246,1,0,2.6754490099847317
15397,140247,1,0,2.7021380374208093
15398,140248,1,0,2.693451999220997
15399,140249,1,1,2.682301972527057
15400,140250,1,0,2.6893150061368942
15401,140251,1,0,2.694723953027278
15402,140252,1,0,2.6941329706460238
15403,140253,1,0,2.674587012734264
15404,140254,1,0,2.693411021027714
15405,140255,1,0,2.7017180109396577
15406,140256,1,0,2.674406976439059
15407,140257,1,0,2.677873009815812
15408,140258,1,0,2.6937020011246204
15409,140259,1,0,2.686047984752804
15410,140260,1,0,2.684475970454514
15411,140261,1,0,2.6961470139212906
15412,140262,1,0,2.8193260077387094
15413,140263,1,0,2.6805679663084447
15414,140264,1,0,2.676511008758098
15415,140265,1,0,2.695564995519817
15416,140266,1,1,2.7012459468096495
15417,140267,1,0,2.678835007827729
15418,140268,1,0,2.6912980247288942
15419,140269,1,0,2.6919490192085505
15420,140270,1,0,2.7081089792773128
15421,140271,1,0,2.683173050172627
15422,140272,1,0,2.7048930060118437
15423,140273,1,0,2.6982210110872984
15424,140274,1,0,2.697299001738429
15425,140275,1,0,2.6821810170076787
15426,140276,1,0,2.701546996831894
15427,140277,1,0,2.6997440145350993
15428,140278,1,0,2.6866390253417194
15429,140279,1,0,2.6928410516120493
15430,140280,1,0,2.7444969746284187
15431,140281,1,0,2.715683018323034
15432,140282,1,0,2.705243998207152
15433,140283,1,1,2.6998239918611944
15434,140284,1,0,2.69601697800681
15435,140285,1,0,2.6837640325538814
15436,140286,1,0,2.6690970407798886
15437,140287,1,0,2.6916590286418796
15438,140288,1,0,2.701056015212089
15439,140289,1,0,2.8255570214241743
15440,140290,1,0,2.663736988324672
15441,140291,1,0,2.691769041121006
15442,140292,1,0,2.698751981370151
15443,140293,1,0,2.691358036827296
15444,140294,1,0,2.6891540037468076
15445,140295,1,0,2.696257026400417
15446,140296,1,0,2.700104028917849
15447,140297,1,0,2.683233004063368
15448,140298,1,0,2.69086699699983
15449,140299,1,0,2.6894049951806664
15450,140300,1,1,2.6780840125866234
15451,140301,1,0,2.685416955500841
15452,140302,1,0,2.693462010938674
15453,140303,1,0,2.709030988626182
15454,140304,1,0,2.6955060311593115
15455,140305,1,0,2.694163005799055
15456,140306,1,0,2.6935519999824464
15457,140307,1,0,2.67971697030589
15458,140308,1,0,2.684734994545579
15459,140309,1,0,2.7003349969163537
15460,140310,1,0,2.6962970150634646
15461,140311,1,0,2.681420010048896
15462,140312,1,0,2.6966779842041433
15463,140313,1,0,2.706094994209707
15464,140314,1,0,2.7001749840565026
15465,140315,1,0,2.7961430023424327
15466,140316,1,0,2.6943840202875435
15467,140317,1,1,2.68625799799338
15468,140318,1,0,2.6953050401061773
15469,140319,1,0,2.674406976439059
15470,140320,1,0,2.7048829942941666
15471,140321,1,0,2.6948750019073486
15472,140322,1,0,2.686930005438626
15473,140323,1,0,2.6954159839078784
15474,140324,1,0,2.7048829942941666
15475,140325,1,0,2.6906669954769313
15476,140326,1,0,2.6846559485420585
15477,140327,1,0,2.734178036917001
15478,140328,1,0,2.7119959704577923
15479,140329,1,0,2.6950350147671998
15480,140330,1,0,2.680619014427066
15481,140331,1,0,2.6959169772453606
15482,140332,1,0,2.7370330062694848
15483,140333,1,0,2.7089909999631345
15484,140334,1,1,2.6877009659074247
15485,140335,1,0,2.7121069724671543
15486,140336,1,0,2.6934019988402724
15487,140337,1,0,2.6965169818140566
15488,140338,1,0,2.6874409522861242
15489,140339,1,0,2.7085799956694245
15490,140340,1,0,2.705815015360713
15491,140341,1,0,2.6871400186792016
15492,140342,1,0,2.822090988047421
15493,140343,1,0,2.7010960038751364
15494,140344,1,0,2.712467045057565
15495,140345,1,0,2.699372998904437
15496,140346,1,0,2.6922100223600864
15497,140347,1,0,2.697309013456106
15498,140348,1,0,2.690797031391412
15499,140349,1,0,2.6816200115717947
15500,140350,1,0,2.77470302535221
15501,140351,1,1,2.68829200649634
15502,140352,1,0,2.6944539858959615
15503,140353,1,0,2.6782440254464746
15504,140354,1,0,2.6900849770754576
15505,140355,1,0,2.7043920126743615
15506,140356,1,0,2.6822410291060805
15507,140357,1,0,2.695044968277216
15508,140358,1,0,2.7000439586117864
15509,140359,1,0,2.6957059744745493
15510,140360,1,0,2.6909279986284673
15511,140361,1,0,2.696737996302545
15512,140362,1,0,2.693260961677879
15513,140363,1,0,2.676941978279501
15514,140364,1,0,2.6882520178332925
15515,140365,1,0,2.7017969987355173
15516,140366,1,0,2.6875510229729116
15517,140367,1,0,2.6861089863814414
15518,140368,1,1,2.816038962919265
15519,140369,1,0,2.685085986740887
15520,140370,1,0,2.6885929983109236
15521,140371,1,0,2.6684249751269817
15522,140372,1,0,2.6968379970639944
15523,140373,1,0,2.6868690038099885
15524,140374,1,0,2.675689000170678
15525,140375,1,0,2.674086019396782
15526,140376,1,0,2.691048022825271
15527,140377,1,0,2.696537005249411
15528,140378,1,0,2.679556026123464
15529,140379,1,0,2.7026989846490324
15530,140380,1,0,2.708850021008402
15531,140381,1,0,2.686949970666319
15532,140382,1,0,2.692199021112174
15533,140383,1,0,2.699452976230532
15534,140384,1,0,2.6955660432577133
15535,140385,1,1,2.688002015929669
15536,140386,1,0,2.6919489610008895
15537,140387,1,0,2.6920089730992913
15538,140388,1,0,2.691989007871598
15539,140389,1,0,2.681088983081281
15540,140390,1,0,2.6913780020549893
15541,140391,1,0,2.701767021790147
15542,140392,1,0,2.6903270045295358
15543,140393,1,0,2.6954550412483513
15544,140394,1,0,2.7079179999418557
15545,140395,1,0,2.823353046551347
15546,140396,1,0,2.697009011171758
15547,140397,1,0,2.69383197883144
15548,140398,1,0,2.706254948861897
15549,140399,1,0,2.694232971407473
15550,140400,1,0,2.6881819940172136
15551,140401,1,0,2.68695002887398
15552,140402,1,0,2.7000440168194473
15553,140403,1,1,2.7004850562661886
15554,140404,1,0,2.6839940110221505
15555,140405,1,0,2.691267989575863
15556,140406,1,0,2.6961270486935973
15557,140407,1,0,2.6894540060311556
15558,140408,1,0,2.6970080216415226
15559,140409,1,0,2.757109992671758
15560,140410,1,0,2.7033909573219717
15561,140411,1,0,2.6929809828288853
15562,140412,1,0,2.693162008654326
15563,140413,1,0,2.6959070237353444
15564,140414,1,0,2.6970389881171286
15565,140415,1,0,2.742231998126954
15566,140416,1,0,2.702397992834449
15567,140417,1,0,2.7003950090147555
15568,140418,1,0,2.7137400466017425
15569,140419,1,0,2.7207129751332104
15570,140420,1,1,2.7118560392409563
15571,140421,1,0,2.8360559954307973
15572,140422,1,0,2.6884530088864267
15573,140423,1,0,2.688182983547449
15574,140424,1,0,2.7103539905510843
15575,140425,1,0,2.7055839891545475
15576,140426,1,0,2.7074780082330108
15577,140427,1,0,2.6843349914997816
15578,140428,1,0,2.7313620084896684
15579,140429,1,0,2.72820598911494
15580,140430,1,0,2.70500301849097
15581,140431,1,0,2.6906669954769313
15582,140432,1,0,2.704893995542079
15583,140433,1,0,2.7126679779030383
15584,140434,1,0,2.7020879788324237
15585,140435,1,0,2.6934619527310133
15586,140436,1,0,2.695686009246856
15587,140437,1,1,2.706856990698725
15588,140438,1,0,2.702930010855198
15589,140439,1,0,2.703991951420903
15590,140440,1,0,2.7203120407648385
15591,140441,1,0,2.702347992453724
15592,140442,1,0,2.6843149680644274
15593,140443,1,0,2.725171041674912
15594,140444,1,0,2.876822021789849
15595,140445,1,0,2.7505779871717095
15596,140446,1,0,2.7376440120860934
15597,140447,1,0,2.720822987612337
15598,140448,1,0,2.848078031092882
15599,140449,1,0,2.7250199927948415
15600,140450,1,0,2.7347889845259488
15601,140451,1,0,2.715654030907899
15602,140452,1,0,2.715293026994914
15603,140453,1,0,2.7155730058439076
15604,140454,1,1,2.726202947087586
15605,140455,1,0,2.710021974053234
15606,140456,1,0,2.7091509546153247
15607,140457,1,0,2.720571996178478
15608,140458,1,0,2.715602982789278
15609,140459,1,0,2.713079040404409
15610,140460,1,0,2.70935200387612
15611,140461,1,0,2.708829997573048
15612,140462,1,0,2.7100230217911303
15613,140463,1,0,2.704393002204597
15614,140464,1,0,2.7156429714523256
15615,140465,1,0,2.7262730291113257
15616,140466,1,0,2.7224860386922956
15617,140467,1,0,3.482733969576657
15618,140468,1,0,2.9404099914245307
15619,140469,1,0,2.778859983664006
15620,140470,1,0,2.7119360165670514
15621,140471,1,1,2.7026989846490324
15622,140472,1,0,2.7012460050173104
15623,140473,1,0,2.7162039768882096
15624,140474,1,0,2.831247984431684
15625,140475,1,0,2.697720017749816
15626,140476,1,0,2.7131690294481814
15627,140477,1,0,2.7185180224478245
15628,140478,1,0,2.7148109511472285
15629,140479,1,0,2.710864006076008
15630,140480,1,0,2.7041120338253677
15631,140481,1,0,2.7102029998786747
15632,140482,1,0,2.710442990064621
15633,140483,1,0,2.710213011596352
15634,140484,1,0,2.704042010009289
15635,140485,1,0,2.701156015973538
15636,140486,1,0,2.705243998207152
15637,140487,1,0,2.689754997845739
15638,140488,1,1,2.7124780463054776
15639,140489,1,0,2.7057949919253588
15640,140490,1,0,2.6943839620798826
15641,140491,1,0,2.707647974602878
15642,140492,1,0,2.7087010093964636
15643,140493,1,0,2.700254030060023
15644,140494,1,0,2.706094994209707
15645,140495,1,0,2.6907569845207036
15646,140496,1,0,2.7067160117439926
15647,140497,1,0,2.698842028621584
15648,140498,1,0,2.694703987799585
15649,140499,1,0,2.688823966309428
15650,140500,1,0,2.7056949911639094
15651,140501,1,0,2.825686999130994
15652,140502,1,0,2.7067569899372756
15653,140503,1,0,2.69143795594573
15654,140504,1,0,2.706365950871259
15655,140505,1,1,2.7101130108349025
15656,140506,1,0,2.6955159846693277
15657,140507,1,0,2.691267989575863
15658,140508,1,0,2.7106039924547076
15659,140509,1,0,2.7108339709229767
15660,140510,1,0,2.6979699614457786
15661,140511,1,0,2.701536985114217
15662,140512,1,0,2.7127080247737467
15663,140513,1,0,2.7019480476155877
15664,140514,1,0,2.6846060063689947
15665,140515,1,0,2.6972589548677206
15666,140516,1,0,2.6982910349033773
15667,140517,1,0,2.6904470287263393
15668,140518,1,0,2.6846649707295
15669,140519,1,0,2.6920289965346456
15670,140520,1,0,2.7086499612778425
15671,140521,1,0,2.683814032934606
15672,140522,1,1,2.7036109822802246
15673,140523,1,0,2.73201399249956
15674,140524,1,0,2.680668025277555
15675,140525,1,0,2.684595005121082
15676,140526,1,0,2.6964679709635675
15677,140527,1,0,2.821778994984925
15678,140528,1,0,2.7112350217066705
15679,140529,1,0,2.6850459980778396
15680,140530,1,0,2.706717001274228
15681,140531,1,0,2.7112350217066705
15682,140532,1,0,2.687009982764721
15683,140533,1,0,2.700595010537654
15684,140534,1,0,2.7040020213462412
15685,140535,1,0,2.6852170121856034
15686,140536,1,0,2.689215005375445
15687,140537,1,0,2.710142987780273
15688,140538,1,0,2.6944329729303718
15689,140539,1,1,2.7037010295316577
15690,140540,1,0,2.7052040095441043
15691,140541,1,0,2.712156972847879
15692,140542,1,0,2.708619984332472
15693,140543,1,0,2.7042829897254705
15694,140544,1,0,2.697919961065054
15695,140545,1,0,2.720562042668462
15696,140546,1,0,2.723006997257471
15697,140547,1,0,2.7083290042355657
15698,140548,1,0,2.706717001274228
15699,140549,1,0,2.7188389794901013
15700,140550,1,0,2.724969992414117
15701,140551,1,0,2.740590018220246
15702,140552,1,0,2.716965042054653
15703,140553,1,0,2.7612480334937572
15704,140554,1,0,2.8408949729055166
15705,140555,1,0,2.7275150059722364
15706,140556,1,1,2.7146509964950383
15707,140557,1,0,2.7176470030099154
15708,140558,1,0,2.714571019168943
15709,140559,1,0,2.71391001297161
15710,140560,1,0,2.7348290313966572
15711,140561,1,0,2.688211970962584
15712,140562,1,0,2.7229670085944235
15713,140563,1,0,2.7131380047649145
15714,140564,1,0,2.6903969701379538
15715,140565,1,0,2.704201964661479
15716,140566,1,0,2.699083008337766
15717,140567,1,0,2.696577983442694
15718,140568,1,0,2.6879720389842987
15719,140569,1,0,2.701927034649998
15720,140570,1,0,2.70600599469617
15721,140571,1,0,2.6995340012945235
15722,140572,1,0,2.690316003281623
15723,140573,1,1,2.7036109822802246
15724,140574,1,0,2.70244904095307
15725,140575,1,0,2.6935430360026658
15726,140576,1,0,2.7095620171166956
15727,140577,1,0,2.697989984881133
15728,140578,1,0,2.7031300123780966
15729,140579,1,0,2.6903360267169774
15730,140580,1,0,2.813313971273601
15731,140581,1,0,2.707278006710112
15732,140582,1,0,2.7000639820471406
15733,140583,1,0,2.6771920383907855
15734,140584,1,0,2.708138956222683
15735,140585,1,0,2.710213011596352
15736,140586,1,0,2.6935719652101398
15737,140587,1,0,2.6837739860638976
15738,140588,1,0,2.6929110172204673
15739,140589,1,0,2.7070270152762532
15740,140590,1,1,2.687810978386551
15741,140591,1,0,2.684616018086672
15742,140592,1,0,2.7134590200148523
15743,140593,1,0,2.7182979974895716
15744,140594,1,0,2.6960460236296058
15745,140595,1,0,2.711185021325946
15746,140596,1,0,2.7040020213462412
15747,140597,1,0,2.707798033952713
15748,140598,1,0,2.6819310151040554
15749,140599,1,0,2.710633969400078
15750,140600,1,0,2.7014469960704446
15751,140601,1,0,2.700765966437757
15752,140602,1,0,2.6910469750873744
15753,140603,1,0,2.69704801030457
15754,140604,1,0,2.7003540308214724
15755,140605,1,0,2.6818799669854343
15756,140606,1,0,2.7065759641118348
15757,140607,1,1,2.8725829906761646
15758,140608,1,0,2.7052939985878766
15759,140609,1,0,2.6950949686579406
15760,140610,1,0,2.6996940141543746
15761,140611,1,0,2.6902859681285918
15762,140612,1,0,2.704982995055616
15763,140613,1,0,2.6955559733323753
15764,140614,1,0,2.7142910403199494
15765,140615,1,0,2.6977600064128637
15766,140616,1,0,2.6932019973173738
15767,140617,1,0,2.682682010345161
15768,140618,1,0,2.7051130309700966
15769,140619,1,0,2.7057849802076817
15770,140620,1,0,2.695546019822359
15771,140621,1,0,2.699372998904437
15772,140622,1,0,2.69168900558725
15773,140623,1,0,2.686699037440121
15774,140624,1,1,2.672903996426612
15775,140625,1,0,2.690957044251263
15776,140626,1,0,2.6848360430449247
15777,140627,1,0,2.675839001312852
15778,140628,1,0,2.6797959581017494
15779,140629,1,0,2.6973889907822013
15780,140630,1,0,2.751238993369043
15781,140631,1,0,2.7024290175177157
15782,140632,1,0,2.691347966901958
15783,140633,1,0,2.8279409743845463
15784,140634,1,0,2.697890973649919
15785,140635,1,0,2.6874609757214785
15786,140636,1,0,2.690898021683097
15787,140637,1,0,2.70333094522357
15788,140638,1,0,2.7234680019319057
15789,140639,1,0,2.709320979192853
15790,140640,1,0,2.6935019996017218
15791,140641,1,1,2.7075480320490897
15792,140642,1,0,2.7034609811380506
15793,140643,1,0,2.6725640054792166
15794,140644,1,0,2.698891970794648
15795,140645,1,0,2.6912479661405087
15796,140646,1,0,2.702458994463086
15797,140647,1,0,2.733897010330111
15798,140648,1,0,2.695967035833746
15799,140649,1,0,2.689313958398998
15800,140650,1,0,2.6809589471668005
15801,140651,1,0,2.6999639812856913
15802,140652,1,0,2.6864089886657894
15803,140653,1,0,2.692801004741341
15804,140654,1,0,2.6978800306096673
15805,140655,1,0,2.6957569643855095
15806,140656,1,0,2.7036009705625474
15807,140657,1,0,2.6972179766744375
15808,140658,1,1,2.700745011679828
15809,140659,1,0,2.70034495042637
15810,140660,1,0,2.821428992319852
15811,140661,1,0,2.6970389881171286
15812,140662,1,0,2.6893640169873834
15813,140663,1,0,2.701686986256391
15814,140664,1,0,2.7018169639632106
15815,140665,1,0,2.6913280016742647
15816,140666,1,0,2.705894992686808
15817,140667,1,0,2.712638000957668
15818,140668,1,0,2.727905986830592
15819,140669,1,0,2.708059037104249
15820,140670,1,0,2.720412041526288
15821,140671,1,0,2.7101029991172254
15822,140672,1,0,2.7093919925391674
15823,140673,1,0,2.6983110001310706
15824,140674,1,0,2.7101730229333043
15825,140675,1,1,2.6956869987770915
15826,140676,1,0,2.6989520411007106
15827,140677,1,0,2.6954059721902013
15828,140678,1,0,2.7103330357931554
15829,140679,1,0,2.706706989556551
15830,140680,1,0,2.701968012843281
15831,140681,1,0,2.714700996875763
15832,140682,1,0,2.722756005823612
15833,140683,1,0,2.718529023695737
15834,140684,1,0,2.7088199858553708
15835,140685,1,0,2.7093510143458843
15836,140686,1,0,2.8429089579731226
15837,140687,1,0,2.709221967961639
15838,140688,1,0,2.7162039768882096
15839,140689,1,0,2.6892939931713045
15840,140690,1,0,2.7077990234829485
15841,140691,1,0,2.7147119981236756
15842,140692,1,1,2.704553015064448
15843,140693,1,0,2.7009460027329624
15844,140694,1,0,2.7234680019319057
15845,140695,1,0,2.725251019001007
15846,140696,1,0,2.7035700040869415
15847,140697,1,0,2.7067469782195985
15848,140698,1,0,2.709021035116166
15849,140699,1,0,2.710041997488588
15850,140700,1,0,2.709802007302642
15851,140701,1,0,2.7949099894613028
15852,140702,1,0,2.712407032959163
15853,140703,1,0,2.713098016101867
15854,140704,1,0,2.704682992771268
15855,140705,1,0,2.6929110172204673
15856,140706,1,0,2.712947956752032
15857,140707,1,0,2.718268020544201
15858,140708,1,0,2.7045219903811812
15859,140709,1,0,2.7108739595860243
15860,140710,1,1,2.709581982344389
15861,140711,1,0,2.719530020840466
15862,140712,1,0,2.7101620216853917
15863,140713,1,0,2.826858952175826
15864,140714,1,0,2.708149026148021
15865,140715,1,0,2.703550038859248
15866,140716,1,0,2.6972690247930586
15867,140717,1,0,2.699192031286657
15868,140718,1,0,2.7147919754497707
15869,140719,1,0,2.709802007302642
15870,140720,1,0,2.6994830113835633
15871,140721,1,0,2.712045970838517
15872,140722,1,0,2.7169649838469923
15873,140723,1,0,2.7027690084651113
15874,140724,1,0,2.7715269825421274
15875,140725,1,0,2.7061059954576194
15876,140726,1,0,2.7047829935327172
15877,140727,1,1,2.7125279884785414
15878,140728,1,0,2.7012659702450037
15879,140729,1,0,2.712888002861291
15880,140730,1,0,2.71010200958699
15881,140731,1,0,2.7043719892390072
15882,140732,1,0,2.700584998819977
15883,140733,1,0,2.71244696341455
15884,140734,1,0,2.709671971388161
15885,140735,1,0,2.71354999858886
15886,140736,1,0,2.697770018130541
15887,140737,1,0,2.7114349650219083
15888,140738,1,0,2.706637023948133
15889,140739,1,0,2.8405849589034915
15890,140740,1,0,2.696437994018197
15891,140741,1,0,2.7088100323453546
15892,140742,1,0,2.7060550055466592
15893,140743,1,0,2.696087001822889
15894,140744,1,1,2.693170972634107
15895,140745,1,0,2.7137200231663883
15896,140746,1,0,2.703100035432726
15897,140747,1,0,2.6949240127578378
15898,140748,1,0,2.699714037589729
15899,140749,1,0,2.711114997509867
15900,140750,1,0,2.705093997064978
15901,140751,1,0,2.6947350124828517
15902,140752,1,0,2.700215030927211
15903,140753,1,0,2.7122169849462807
15904,140754,1,0,2.7218550094403327
15905,140755,1,0,2.722165023442358
15906,140756,1,0,2.7145210187882185
15907,140757,1,0,2.7098029968328774
15908,140758,1,0,2.7203719946555793
15909,140759,1,0,2.697438991162926
15910,140760,1,0,2.7110949740745127
15911,140761,1,1,2.7175970026291907
15912,140762,1,0,2.715912996791303
15913,140763,1,0,2.708139014430344
15914,140764,1,0,2.724408986978233
15915,140765,1,0,2.7234270237386227
15916,140766,1,0,2.8375089750625193
15917,140767,1,0,2.7054650126956403
15918,140768,1,0,2.71741597680375
15919,140769,1,0,2.712808025535196
15920,140770,1,0,2.716985996812582
15921,140771,1,0,2.698181022424251
15922,140772,1,0,2.719540032558143
15923,140773,1,0,2.720001037232578
15924,140774,1,0,2.7073780074715614
15925,140775,1,0,2.6939930394291878
15926,140776,1,0,2.713668975047767
15927,140777,1,0,2.7143009938299656
15928,140778,1,1,2.716163988225162
15929,140779,1,0,2.7017570100724697
15930,140780,1,0,2.71566299488768
15931,140781,1,0,2.721464028581977
15932,140782,1,0,2.700094017200172
15933,140783,1,0,2.690807043109089
15934,140784,1,0,2.71864898968488
15935,140785,1,0,2.7178669697605073
15936,140786,1,0,2.701756951864809
15937,140787,1,0,2.7085900073871017
15938,140788,1,0,2.72148399380967
15939,140789,1,0,2.7115760021843016
15940,140790,1,0,2.705553954001516
15941,140791,1,0,2.701386983972043
15942,140792,1,0,2.833652019035071
15943,140793,1,0,2.7089209761470556
15944,140794,1,0,2.7032099897041917
15945,140795,1,1,2.7085099718533456
15946,140796,1,0,2.7064059977419674
15947,140797,1,0,2.7106140041723847
15948,140798,1,0,2.697309013456106
15949,140799,1,0,2.6990320184268057
15950,140800,1,0,2.7158940210938454
15951,140801,1,0,2.705605002120137
15952,140802,1,0,2.7088199858553708
15953,140803,1,0,2.7109840302728117
15954,140804,1,0,2.7063260204158723
15955,140805,1,0,2.7050129720009863
15956,140806,1,0,2.6956659858115017
15957,140807,1,0,2.7076179976575077
15958,140808,1,0,2.7055040118284523
15959,140809,1,0,2.696017036214471
15960,140810,1,0,2.6908370200544596
15961,140811,1,0,2.712237008381635
15962,140812,1,1,2.712777000851929
15963,140813,1,0,2.7105140034109354
15964,140814,1,0,2.7070179930888116
15965,140815,1,0,2.708839951083064
15966,140816,1,0,2.7139600133523345
15967,140817,1,0,2.6993530336767435
15968,140818,1,0,2.7094220276921988
15969,140819,1,0,2.827791031450033
15970,140820,1,0,2.7059059939347208
15971,140821,1,0,2.7047330513596535
15972,140822,1,0,2.704903017729521
15973,140823,1,0,2.7144509949721396
15974,140824,1,0,2.713728987146169
15975,140825,1,0,2.706386032514274
15976,140826,1,0,2.7073470409959555
15977,140827,1,0,2.707017003558576
15978,140828,1,0,2.7140810270793736
15979,140829,1,1,2.6921089738607407
15980,140830,1,0,2.7055839891545475
15981,140831,1,0,2.7132979594171047
15982,140832,1,0,2.71432101726532
15983,140833,1,0,2.7016870444640517
15984,140834,1,0,2.7164850034751
15985,140835,1,0,2.705614024307579
15986,140836,1,0,2.702589030377567
15987,140837,1,0,2.6931409956887364
15988,140838,1,0,2.7010859921574593
15989,140839,1,0,2.7102630119770765
15990,140840,1,0,2.7049730415455997
15991,140841,1,0,3.109172044787556
15992,140842,1,0,2.694713999517262
15993,140843,1,0,2.7052040095441043
15994,140844,1,0,2.7020780253224075
15995,140845,1,0,2.8376789996400476
15996,140846,1,1,2.690988010726869
15997,140847,1,0,2.7102630119770765
15998,140848,1,0,2.7052939985878766
15999,140849,1,0,2.704682992771268
16000,140850,1,0,2.696476993151009
16001,140851,1,0,2.70085601368919
16002,140852,1,0,2.697629970498383
16003,140853,1,0,2.6905169943347573
16004,140854,1,0,2.69547599600628
16005,140855,1,0,2.701006014831364
16006,140856,1,0,2.706194994971156
16007,140857,1,0,2.6999940164387226
16008,140858,1,0,2.697490039281547
16009,140859,1,0,2.709522028453648
16010,140860,1,0,2.7084400062449276
16011,140861,1,0,2.687169995624572
16012,140862,1,0,2.7026989846490324
16013,140863,1,1,2.7120669838041067
16014,140864,1,0,2.7092709788121283
16015,140865,1,0,2.6979809626936913
16016,140866,1,0,2.7139699668623507
16017,140867,1,0,2.709251013584435
16018,140868,1,0,2.7074270183220506
16019,140869,1,0,2.6956360088661313
16020,140870,1,0,2.7126880013383925
16021,140871,1,0,2.707909035962075
16022,140872,1,0,2.823022019583732
16023,140873,1,0,2.697079034987837
16024,140874,1,0,2.703731006477028
16025,140875,1,0,2.7054439997300506
16026,140876,1,0,2.703511039726436
16027,140877,1,0,2.6992220082320273
16028,140878,1,0,2.7265740209259093
16029,140879,1,0,2.735610003583133
16030,140880,1,1,2.836377010680735
16031,140881,1,0,2.7045829920098186
16032,140882,1,0,2.696587995160371
16033,140883,1,0,2.6996739907190204
16034,140884,1,0,2.6953949709422886
16035,140885,1,0,2.6862090453505516
16036,140886,1,0,2.6996629894711077
16037,140887,1,0,2.826809010002762
16038,140888,1,0,2.7070370269939303
16039,140889,1,0,2.6898549986071885
16040,140890,1,0,2.7090609655715525
16041,140891,1,0,2.7077990234829485
16042,140892,1,0,2.6995029766112566
16043,140893,1,0,2.6935620117001235
16044,140894,1,0,2.720192016568035
16045,140895,1,0,2.72483000298962
16046,140896,1,0,2.7180580073036253
16047,140897,1,1,2.6967580197378993
16048,140898,1,0,2.840003988239914
16049,140899,1,0,2.706146042328328
16050,140900,1,0,2.7176770381629467
16051,140901,1,0,2.693612012080848
16052,140902,1,0,2.719370007980615
16053,140903,1,0,2.711715002078563
16054,140904,1,0,2.7116050478070974
16055,140905,1,0,2.7011559577658772
16056,140906,1,0,2.715863985940814
16057,140907,1,0,2.712326997425407
16058,140908,1,0,2.7061650180257857
16059,140909,1,0,2.6970489998348057
16060,140910,1,0,2.7171859983354807
16061,140911,1,0,2.7336369967088103
16062,140912,1,0,2.7541040326468647
16063,140913,1,0,2.7270950376987457
16064,140914,1,1,2.767259022220969
16065,140915,1,0,2.7277650078758597
16066,140916,1,0,2.7190889813937247
16067,140917,1,0,2.705665014218539
16068,140918,1,0,2.722175035160035
16069,140919,1,0,2.766837948001921
16070,140920,1,0,2.7350789750926197
16071,140921,1,0,2.749295032117516
16072,140922,1,0,2.729509025812149
16073,140923,1,0,2.752511005382985
16074,140924,1,0,2.719780954066664
16075,140925,1,0,2.8563940431922674
16076,140926,1,0,2.702919999137521
16077,140927,1,0,2.747411956079304
16078,140928,1,0,2.7188489912077785
16079,140929,1,0,2.709372027311474
16080,140930,1,0,2.697620016988367
16081,140931,1,1,2.7244589873589575
16082,140932,1,0,2.7136290445923805
16083,140933,1,0,2.7469509514048696
16084,140934,1,0,2.693221962545067
16085,140935,1,0,2.7060459833592176
16086,140936,1,0,2.710644039325416
16087,140937,1,0,2.7028589975088835
16088,140938,1,0,2.6942830299958587
16089,140939,1,0,2.707097039092332
16090,140940,1,0,2.7096419944427907
16091,140941,1,0,2.6982409763149917
16092,140942,1,0,2.696887997444719
16093,140943,1,0,2.7054339880123734
16094,140944,1,0,2.7084900066256523
16095,140945,1,0,2.6955159846693277
16096,140946,1,0,2.7089709765277803
16097,140947,1,0,2.7080390136688948
16098,140948,1,1,2.700926037505269
16099,140949,1,0,2.68911401508376
16100,140950,1,0,2.7091410011053085
16101,140951,1,0,2.825526986271143
16102,140952,1,0,2.715112001169473
16103,140953,1,0,2.69805098650977
16104,140954,1,0,2.720411983318627
16105,140955,1,0,2.7040120330639184
16106,140956,1,0,2.7073679957538843
16107,140957,1,0,2.7454179944470525
16108,140958,1,0,2.7050740318372846
16109,140959,1,0,2.6939130038954318
16110,140960,1,0,2.694574010092765
16111,140961,1,0,2.6862789527513087
16112,140962,1,0,2.703058999031782
16113,140963,1,0,2.706375962588936
16114,140964,1,0,2.6934720226563513
16115,140965,1,1,2.6960669783875346
16116,140966,1,0,2.7043219888582826
16117,140967,1,0,2.71589303156361
16118,140968,1,0,2.7080089785158634
16119,140969,1,0,2.7075280086137354
16120,140970,1,0,2.7111450326628983
16121,140971,1,0,2.7081589796580374
16122,140972,1,0,2.7023580041714013
16123,140973,1,0,2.7180370525456965
16124,140974,1,0,2.7136189746670425
16125,140975,1,0,2.7138000004924834
16126,140976,1,0,2.694403985515237
16127,140977,1,0,2.716585004236549
16128,140978,1,0,2.8350049979053438
16129,140979,1,0,2.7066669426858425
16130,140980,1,0,2.796052023768425
16131,140981,1,0,2.708740998059511
16132,140982,1,1,2.7171659749001265
16133,140983,1,0,2.7077790000475943
16134,140984,1,0,2.7042419533245265
16135,140985,1,0,2.708399959374219
16136,140986,1,0,2.712867979425937
16137,140987,1,0,2.713229041546583
16138,140988,1,0,2.6998340035788715
16139,140989,1,0,2.713479974772781
16140,140990,1,0,2.7095419936813414
16141,140991,1,0,2.699895005207509
16142,140992,1,0,2.695766044780612
16143,140993,1,0,2.709591994062066
16144,140994,1,0,2.711495035327971
16145,140995,1,0,2.7108140056952834
16146,140996,1,0,2.691909030545503
16147,140997,1,0,2.7074369718320668
16148,140998,1,0,2.705935970880091
16149,140999,1,1,2.6952159823849797
16150,141000,1,0,2.6985520380549133
16151,141001,1,0,2.7142310282215476
16152,141002,1,0,2.715412003453821
16153,141003,1,0,2.7054950478486717
16154,141004,1,0,2.826759999152273
16155,141005,1,0,2.706927014514804
16156,141006,1,0,2.720652031712234
16157,141007,1,0,2.7029900229535997
16158,141008,1,0,2.7139599551446736
16159,141009,1,0,2.7116049895994365
16160,141010,1,0,2.7052339864894748
16161,141011,1,0,2.7033810038119555
16162,141012,1,0,2.728677005507052
16163,141013,1,0,2.710453001782298
16164,141014,1,0,2.7275749598629773
16165,141015,1,0,2.706086030229926
16166,141016,1,1,2.7088610222563148
16167,141017,1,0,2.7120569720864296
16168,141018,1,0,2.7096419944427907
16169,141019,1,0,2.7006050222553313
16170,141020,1,0,2.705704013351351
16171,141021,1,0,2.7071070508100092
16172,141022,1,0,2.704061975236982
16173,141023,1,0,2.6937919901683927
16174,141024,1,0,2.7026290190406144
16175,141025,1,0,2.7043430018238723
16176,141026,1,0,2.6993429637514055
16177,141027,1,0,2.6946939760819077
16178,141028,1,0,2.707648032810539
16179,141029,1,0,2.7043219888582826
16180,141030,1,0,2.7208129758946598
16181,141031,1,0,2.8218699735589325
16182,141032,1,0,2.7199010364711285
16183,141033,1,0,2.7144509949721396
16184,141034,1,1,2.7013570070266724
16185,141035,1,0,2.7015669620595872
16186,141036,1,0,2.718679024837911
16187,141037,1,0,2.707918989472091
16188,141038,1,0,2.7001940179616213
16189,141039,1,0,2.7087900089100003
16190,141040,1,0,2.712808025535196
16191,141041,1,0,2.703009988181293
16192,141042,1,0,2.6993220089934766
16193,141043,1,0,2.704922982957214
16194,141044,1,0,2.708700019866228
16195,141045,1,0,2.71764601347968
16196,141046,1,0,2.6971990009769797
16197,141047,1,0,2.7214239817112684
16198,141048,1,0,2.720753022003919
16199,141049,1,0,2.713518973905593
16200,141050,1,0,2.7094620163552463
16201,141051,1,1,2.716564980801195
16202,141052,1,0,2.71543295821175
16203,141053,1,0,2.7227759710513055
16204,141054,1,0,2.7052040095441043
16205,141055,1,0,2.713579044211656
16206,141056,1,0,2.7136090211570263
16207,141057,1,0,2.8315280214883387
16208,141058,1,0,2.698070020414889
16209,141059,1,0,2.710814995225519
16210,141060,1,0,2.702599042095244
16211,141061,1,0,2.7008549659512937
16212,141062,1,0,2.6895750197581947
16213,141063,1,0,2.7092309901490808
16214,141064,1,0,2.7104439795948565
16215,141065,1,0,2.6962169795297086
16216,141066,1,0,2.6848059496842325
16217,141067,1,0,2.707508043386042
16218,141068,1,1,2.722345001529902
16219,141069,1,0,2.6966879959218204
16220,141070,1,0,2.6975100045092404
16221,141071,1,0,2.7019180124625564
16222,141072,1,0,2.7061860309913754
16223,141073,1,0,2.7083400054834783
16224,141074,1,0,2.7429030160419643
16225,141075,1,0,2.7236980386078358
16226,141076,1,0,2.7197899762541056
16227,141077,1,0,2.7055239770561457
16228,141078,1,0,2.708279003854841
16229,141079,1,0,2.718046947848052
16230,141080,1,0,2.7103229658678174
16231,141081,1,0,2.690396038815379
16232,141082,1,0,2.711504988837987
16233,141083,1,0,2.714850998017937
16234,141084,1,0,2.8346130275167525
16235,141085,1,1,2.716084010899067
16236,141086,1,0,2.7097120182588696
16237,141087,1,0,2.712957968469709
16238,141088,1,0,2.7154330164194107
16239,141089,1,0,2.7051630313508213
16240,141090,1,0,2.7121970197185874
16241,141091,1,0,2.7163950144313276
16242,141092,1,0,2.7118870057165623
16243,141093,1,0,2.702939964365214
16244,141094,1,0,2.7155029820278287
16245,141095,1,0,2.711965993512422
16246,141096,1,0,2.7135490090586245
16247,141097,1,0,2.8061309712938964
16248,141098,1,0,2.70811899099499
16249,141099,1,0,2.711414999794215
16250,141100,1,0,2.7152320253662765
16251,141101,1,0,2.7334460173733532
16252,141102,1,1,2.6993330102413893
16253,141103,1,0,2.7097820420749485
16254,141104,1,0,2.70935200387612
16255,141105,1,0,2.6964680291712284
16256,141106,1,0,2.717836992815137
16257,141107,1,0,2.7191000408492982
16258,141108,1,0,2.7185590006411076
16259,141109,1,0,2.7029800112359226
16260,141110,1,0,2.8559330385178328
16261,141111,1,0,2.7150020468980074
16262,141112,1,0,2.7296600164845586
16263,141113,1,0,2.6918689836747944
16264,141114,1,0,2.6972690247930586
16265,141115,1,0,2.707968989852816
16266,141116,1,0,2.711195033043623
16267,141117,1,0,2.6920800446532667
16268,141118,1,0,2.712166984565556
16269,141119,1,1,2.7256020111963153
16270,141120,1,0,2.7194999856874347
16271,141121,1,0,2.710954984650016
16272,141122,1,0,2.71430000429973
16273,141123,1,0,2.7152220136485994
16274,141124,1,0,2.711976005230099
16275,141125,1,0,2.6980810216628015
16276,141126,1,0,2.7137299766764045
16277,141127,1,0,2.720351971220225
16278,141128,1,0,2.740969997830689
16279,141129,1,0,2.7226860402151942
16280,141130,1,0,2.7162139886058867
16281,141131,1,0,2.7176369912922382
16282,141132,1,0,2.7233579894527793
16283,141133,1,0,2.70420202286914
16284,141134,1,0,2.721744996961206
16285,141135,1,0,2.7221249765716493
16286,141136,1,1,2.716785005759448
16287,141137,1,0,2.834893995895982
16288,141138,1,0,2.7178970049135387
16289,141139,1,0,2.7127270004712045
16290,141140,1,0,2.728756982833147
16291,141141,1,0,2.714550995733589
16292,141142,1,0,2.7113849646411836
16293,141143,1,0,2.8451740508899093
16294,141144,1,0,2.718870004173368
16295,141145,1,0,2.7234380249865353
16296,141146,1,0,2.6999139809049666
16297,141147,1,0,2.721633994951844
16298,141148,1,0,2.719921001698822
16299,141149,1,0,2.7081489679403603
16300,141150,1,0,2.711456036195159
16301,141151,1,0,2.717836992815137
16302,141152,1,0,2.722044999245554
16303,141153,1,1,2.7071480290032923
16304,141154,1,0,2.705805003643036
16305,141155,1,0,2.7197510353289545
16306,141156,1,0,2.7212040149606764
16307,141157,1,0,2.7020780253224075
16308,141158,1,0,2.7070270152762532
16309,141159,1,0,2.7162039768882096
16310,141160,1,0,2.7131190290674567
16311,141161,1,0,2.704352024011314
16312,141162,1,0,2.7058349805884063
16313,141163,1,0,2.845453971531242
16314,141164,1,0,2.7151620015501976
16315,141165,1,0,2.7017579996027052
16316,141166,1,0,2.702669007703662
16317,141167,1,0,2.8100479976274073
16318,141168,1,0,2.709891996346414
16319,141169,1,0,2.7097220299765468
16320,141170,1,1,2.699313045013696
16321,141171,1,0,2.7187889791093767
16322,141172,1,0,2.7072179946117103
16323,141173,1,0,2.711976005230099
16324,141174,1,0,2.699873992241919
16325,141175,1,0,2.717135997954756
16326,141176,1,0,2.717476978432387
16327,141177,1,0,2.7054240345023572
16328,141178,1,0,2.709110965952277
16329,141179,1,0,2.71256803534925
16330,141180,1,0,2.715743030421436
16331,141181,1,0,2.702418016269803
16332,141182,1,0,2.7057849802076817
16333,141183,1,0,2.7259530033916235
16334,141184,1,0,2.720262040384114
16335,141185,1,0,2.701787045225501
16336,141186,1,0,2.7022380381822586
16337,141187,1,1,2.7146809734404087
16338,141188,1,0,2.7236579917371273
16339,141189,1,0,2.71612498909235
16340,141190,1,0,2.9030200093984604
16341,141191,1,0,2.7195909642614424
16342,141192,1,0,2.719379961490631
16343,141193,1,0,2.720301039516926
16344,141194,1,0,2.6988720055669546
16345,141195,1,0,2.713428984861821
16346,141196,1,0,2.7190300170332193
16347,141197,1,0,2.723568002693355
16348,141198,1,0,2.701797988265753
16349,141199,1,0,2.717365976423025
16350,141200,1,0,2.7170750545337796
16351,141201,1,0,2.7066160109825432
16352,141202,1,0,2.687720989342779
16353,141203,1,0,2.7206219965592027
16354,141204,1,1,2.7202509809285402
16355,141205,1,0,2.7045729802921414
16356,141206,1,0,2.703439968172461
16357,141207,1,0,2.7144509949721396
16358,141208,1,0,2.7133389958180487
16359,141209,1,0,2.7055550017394125
16360,141210,1,0,2.7068560011684895
16361,141211,1,0,2.712938003242016
16362,141212,1,0,2.7238180045969784
16363,141213,1,0,2.825847011990845
16364,141214,1,0,2.7020180132240057
16365,141215,1,0,2.717407012823969
16366,141216,1,0,2.84224800998345
16367,141217,1,0,2.7243189979344606
16368,141218,1,0,2.7001150301657617
16369,141219,1,0,2.714160014875233
16370,141220,1,0,2.7122769970446825
16371,141221,1,1,2.7130080270580947
16372,141222,1,0,2.7388360467739403
16373,141223,1,0,2.7185280341655016
16374,141224,1,0,2.7164850034751
16375,141225,1,0,2.7207329985685647
16376,141226,1,0,2.6973700150847435
16377,141227,1,0,2.7153220144100487
16378,141228,1,0,2.7080390136688948
16379,141229,1,0,2.737143018748611
16380,141230,1,0,2.723418001551181
16381,141231,1,0,2.706675964873284
16382,141232,1,0,2.7062849840149283
16383,141233,1,0,2.697720017749816
16384,141234,1,0,2.6896249619312584
16385,141235,1,0,2.7104130131192505
16386,141236,1,0,2.7523909811861813
16387,141237,1,0,2.708149026148021
16388,141238,1,1,2.6893040048889816
16389,141239,1,0,2.716384013183415
16390,141240,1,0,2.7110949740745127
16391,141241,1,0,2.6996139786206186
16392,141242,1,0,2.706435974687338
16393,141243,1,0,2.8334209928289056
16394,141244,1,0,2.711846027523279
16395,141245,1,0,2.7066259644925594
16396,141246,1,0,2.6983110001310706
16397,141247,1,0,2.70811899099499
16398,141248,1,0,2.731021959334612
16399,141249,1,0,2.7095319819636643
16400,141250,1,0,2.7069569914601743
16401,141251,1,0,2.7549160295166075
16402,141252,1,0,2.7162139886058867
16403,141253,1,0,2.7079390129074454
16404,141254,1,0,2.6996529777534306
16405,141255,1,1,2.713540045078844
16406,141256,1,0,2.7134789852425456
16407,141257,1,0,2.710213011596352
16408,141258,1,0,2.7056739781983197
16409,141259,1,0,2.707147039473057
16410,141260,1,0,2.7214439469389617
16411,141261,1,0,2.7100929873995483
16412,141262,1,0,2.7039609849452972
16413,141263,1,0,2.7215040172450244
16414,141264,1,0,2.713167981710285
16415,141265,1,0,2.708540007006377
16416,141266,1,0,2.712537010665983
16417,141267,1,0,2.7127080247737467
16418,141268,1,0,2.717857016250491
16419,141269,1,0,2.8207270079292357
16420,141270,1,0,2.7015169616788626
16421,141271,1,0,2.7152219554409385
16422,141272,1,1,2.7177269803360105
16423,141273,1,0,2.7043820009566844
16424,141274,1,0,2.6971990009769797
16425,141275,1,0,2.7124779880978167
16426,141276,1,0,2.7117260033264756
16427,141277,1,0,2.704282000195235
16428,141278,1,0,2.712176996283233
16429,141279,1,0,2.718028030358255
16430,141280,1,0,2.7142210165038705
16431,141281,1,0,2.7014469960704446
16432,141282,1,0,2.712215995416045
16433,141283,1,0,2.7128380024805665
16434,141284,1,0,2.7076989645138383
16435,141285,1,0,2.6989930192939937
16436,141286,1,0,2.7159739984199405
16437,141287,1,0,2.7128179790452123
16438,141288,1,0,2.7015869854949415
16439,141289,1,1,2.6901360251940787
16440,141290,1,0,2.7072069933637977
16441,141291,1,0,2.7112149982713163
16442,141292,1,0,2.701636985875666
16443,141293,1,0,2.704031008761376
16444,141294,1,0,2.7055139653384686
16445,141295,1,0,2.711915993131697
16446,141296,1,0,2.8199669905006886
16447,141297,1,0,2.6947339647449553
16448,141298,1,0,2.714150003157556
16449,141299,1,0,2.7091310475952923
16450,141300,1,0,2.699462987948209
16451,141301,1,0,2.697299001738429
16452,141302,1,0,2.708460029680282
16453,141303,1,0,2.718478033784777
16454,141304,1,0,2.7023580041714013
16455,141305,1,0,2.718828967772424
16456,141306,1,1,2.7078589773736894
16457,141307,1,0,2.7584629715420306
16458,141308,1,0,2.723778015933931
16459,141309,1,0,2.7198210009373724
16460,141310,1,0,2.712055982556194
16461,141311,1,0,2.7254309970885515
16462,141312,1,0,2.7091410011053085
16463,141313,1,0,2.706877014134079
16464,141314,1,0,2.7111240196973085
16465,141315,1,0,2.7064160094596446
16466,141316,1,0,2.687510976102203
16467,141317,1,0,2.7104640030302107
16468,141318,1,0,2.709913009312004
16469,141319,1,0,2.7051440556533635
16470,141320,1,0,2.697359013836831
16471,141321,1,0,2.7118459693156183
16472,141322,1,0,2.832108992151916
16473,141323,1,1,2.7192599955014884
16474,141324,1,0,2.706595987547189
16475,141325,1,0,2.7084500179626048
16476,141326,1,0,2.709121035877615
16477,141327,1,0,2.7132279938086867
16478,141328,1,0,2.696448005735874
16479,141329,1,0,2.7031799545511603
16480,141330,1,0,2.717237046454102
16481,141331,1,0,2.7036709943786263
16482,141332,1,0,2.692020032554865
16483,141333,1,0,2.713198948185891
16484,141334,1,0,2.704351965803653
16485,141335,1,0,2.6931409956887364
16486,141336,1,0,2.7048640185967088
16487,141337,1,0,2.706044993828982
16488,141338,1,0,2.71512201288715
16489,141339,1,0,2.7111550443805754
16490,141340,1,1,2.700665034353733
16491,141341,1,0,2.7097020065411925
16492,141342,1,0,2.710324013605714
16493,141343,1,0,2.712537010665983
16494,141344,1,0,2.712466986849904
16495,141345,1,0,2.722525969147682
16496,141346,1,0,2.722445991821587
16497,141347,1,0,2.702529018279165
16498,141348,1,0,2.706386032514274
16499,141349,1,0,2.8420769958756864
16500,141350,1,0,2.717356022913009
16501,141351,1,0,2.708679996430874
16502,141352,1,0,2.7086909976787865
16503,141353,1,0,2.8290230548009276
16504,141354,1,0,2.7257620240561664
16505,141355,1,0,2.7119169826619327
16506,141356,1,0,2.6972590130753815
16507,141357,1,0,2.713108027819544
16508,141358,1,1,2.718187985010445
16509,141359,1,0,2.7043820009566844
16510,141360,1,0,2.7075980324298143
16511,141361,1,0,2.7097720303572714
16512,141362,1,0,2.7131890528835356
16513,141363,1,0,2.7022279682569206
16514,141364,1,0,2.7090010116808116
16515,141365,1,0,2.7159739984199405
16516,141366,1,0,2.710163011215627
16517,141367,1,0,2.7036609826609492
16518,141368,1,0,2.7034610393457115
16519,141369,1,0,2.710863947868347
16520,141370,1,0,2.7190999826416373
16521,141371,1,0,2.704753016587347
16522,141372,1,0,2.715462993364781
16523,141373,1,0,2.7140299789607525
16524,141374,1,0,2.7194199501536787
16525,141375,1,1,2.848659991286695
16526,141376,1,0,2.717707015108317
16527,141377,1,0,2.713017980568111
16528,141378,1,0,2.7142309700138867
16529,141379,1,0,2.7121370076201856
16530,141380,1,0,2.7046530158258975
16531,141381,1,0,2.71728599909693
16532,141382,1,0,2.70502403145656
16533,141383,1,0,2.7076880214735866
16534,141384,1,0,2.704472979530692
16535,141385,1,0,2.7183080092072487
16536,141386,1,0,2.7159230085089803
16537,141387,1,0,2.7079489664174616
16538,141388,1,0,2.7017779648303986
16539,141389,1,0,2.7078179991804063
16540,141390,1,0,2.712807967327535
16541,141391,1,0,2.6973490021191537
16542,141392,1,1,2.7144610066898167
16543,141393,1,0,2.7163950144313276
16544,141394,1,0,2.718408009968698
16545,141395,1,0,2.6968789752572775
16546,141396,1,0,2.725942002143711
16547,141397,1,0,2.7310719597153366
16548,141398,1,0,2.714210015255958
16549,141399,1,0,2.699132019188255
16550,141400,1,0,2.7374940109439194
16551,141401,1,0,2.713818976189941
16552,141402,1,0,2.8383510070852935
16553,141403,1,0,2.698811993468553
16554,141404,1,0,2.7140699676238
16555,141405,1,0,2.7167050284333527
16556,141406,1,0,2.720381016843021
16557,141407,1,0,2.6902969693765044
16558,141408,1,0,2.7212839922867715
16559,141409,1,1,2.7209330000914633
16560,141410,1,0,2.7117860154248774
16561,141411,1,0,2.6956360088661313
16562,141412,1,0,2.7096219710074365
16563,141413,1,0,2.718247997108847
16564,141414,1,0,2.7131590177305043
16565,141415,1,0,2.6981609989888966
16566,141416,1,0,2.7263829833827913
16567,141417,1,0,2.7175970026291907
16568,141418,1,0,2.711536013521254
16569,141419,1,0,2.702508994843811
16570,141420,1,0,2.7166649815626442
16571,141421,1,0,2.709902008064091
16572,141422,1,0,2.7057650149799883
16573,141423,1,0,2.7491759974509478
16574,141424,1,0,2.7204719954170287
16575,141425,1,0,2.7140299789607525
16576,141426,1,1,2.7015770319849253
16577,141427,1,0,2.7046629693359137
16578,141428,1,0,2.836857980582863
16579,141429,1,0,2.7124269981868565
16580,141430,1,0,2.712728048209101
16581,141431,1,0,2.694002992939204
16582,141432,1,0,2.71687499480322
16583,141433,1,0,2.716635004617274
16584,141434,1,0,2.7009760378859937
16585,141435,1,0,2.699072996620089
16586,141436,1,0,2.718097995966673
16587,141437,1,0,2.7157030417583883
16588,141438,1,0,2.704832993913442
16589,141439,1,0,2.701476973015815
16590,141440,1,0,2.7174470014870167
16591,141441,1,0,2.7072070515714586
16592,141442,1,0,2.7055240352638066
16593,141443,1,1,2.714561007451266
16594,141444,1,0,2.715853974223137
16595,141445,1,0,2.709260967094451
16596,141446,1,0,2.7323340182192624
16597,141447,1,0,2.705393999349326
16598,141448,1,0,2.711585955694318
16599,141449,1,0,2.7199810137972236
16600,141450,1,0,2.7034009690396488
16601,141451,1,0,2.7100529987365007
16602,141452,1,0,2.7182879857718945
16603,141453,1,0,2.720753022003919
16604,141454,1,0,2.6953350170515478
16605,141455,1,0,2.824163995683193
16606,141456,1,0,2.715693030040711
16607,141457,1,0,2.716604038141668
16608,141458,1,0,2.7036810060963035
16609,141459,1,0,2.7361009852029383
16610,141460,1,1,2.735429967287928
16611,141461,1,0,2.724941004998982
16612,141462,1,0,2.698480966500938
16613,141463,1,0,2.704753016587347
16614,141464,1,0,2.7097119600512087
16615,141465,1,0,2.7080890140496194
16616,141466,1,0,2.702758996747434
16617,141467,1,0,2.7105840272270143
16618,141468,1,0,2.709362015593797
16619,141469,1,0,2.7831189800053835
16620,141470,1,0,2.6991029735654593
16621,141471,1,0,2.7098419959656894
16622,141472,1,0,2.7129490044899285
16623,141473,1,0,2.7199009782634676
16624,141474,1,0,2.699794014915824
16625,141475,1,0,2.7043629670515656
16626,141476,1,0,2.716654969844967
16627,141477,1,1,2.7163649792782962
16628,141478,1,0,2.691618981771171
16629,141479,1,0,2.716335002332926
16630,141480,1,0,2.7196999872103333
16631,141481,1,0,2.8396029956638813
16632,141482,1,0,2.69882200518623
16633,141483,1,0,2.712176996283233
16634,141484,1,0,2.7192000416107476
16635,141485,1,0,2.7197509771212935
16636,141486,1,0,2.688623033463955
16637,141487,1,0,2.7192499837838113
16638,141488,1,0,2.714982023462653
16639,141489,1,0,2.7158629964105785
16640,141490,1,0,2.689926011953503
16641,141491,1,0,2.7173859998583794
16642,141492,1,0,2.7201309567317367
16643,141493,1,0,2.764413016848266
16644,141494,1,1,2.7045630267821252
16645,141495,1,0,2.712968969717622
16646,141496,1,0,2.7205520309507847
16647,141497,1,0,2.7148809749633074
16648,141498,1,0,2.70677701337263
16649,141499,1,0,2.727034967392683
16650,141500,1,0,2.725732047110796
16651,141501,1,0,2.7126279892399907
16652,141502,1,0,2.6935929781757295
16653,141503,1,0,2.719710988458246
16654,141504,1,0,2.712877991143614
16655,141505,1,0,2.7057750266976655
16656,141506,1,0,2.693922957405448
16657,141507,1,0,2.7210030239075422
16658,141508,1,0,2.8409750084392726
16659,141509,1,0,2.7191000408492982
16660,141510,1,0,2.6982409763149917
16661,141511,1,1,2.7153220144100487
16662,141512,1,0,2.7186090010218322
16663,141513,1,0,2.706166007556021
16664,141514,1,0,2.6921999524347484
16665,141515,1,0,2.712326997425407
16666,141516,1,0,2.7180479955859482
16667,141517,1,0,2.7090010116808116
16668,141518,1,0,2.7023679576814175
16669,141519,1,0,2.7132389950565994
16670,141520,1,0,2.718537987675518
16671,141521,1,0,2.707487961743027
16672,141522,1,0,2.711264998652041
16673,141523,1,0,2.7637219754979014
16674,141524,1,0,2.7131580282002687
16675,141525,1,0,2.7020080015063286
16676,141526,1,0,2.703239966649562
16677,141527,1,0,2.714460017159581
16678,141528,1,1,2.715812996029854
16679,141529,1,0,2.7084400062449276
16680,141530,1,0,2.709682041313499
16681,141531,1,0,2.710933971684426
16682,141532,1,0,2.714621019549668
16683,141533,1,0,2.6989220059476793
16684,141534,1,0,2.829293953254819
16685,141535,1,0,2.71571398479864
16686,141536,1,0,2.719370007980615
16687,141537,1,0,2.6985820150002837
16688,141538,1,0,2.6979100075550377
16689,141539,1,0,2.704622980672866
16690,141540,1,0,2.7149420347996056
16691,141541,1,0,2.697288990020752
16692,141542,1,0,2.6991019840352237
16693,141543,1,0,2.7004139847122133
16694,141544,1,0,2.721665019635111
16695,141545,1,1,2.7017579996027052
16696,141546,1,0,2.7196209994144738
16697,141547,1,0,2.7200310141779482
16698,141548,1,0,2.712878049351275
16699,141549,1,0,2.697689982596785
16700,141550,1,0,2.70260899560526
16701,141551,1,0,2.7018270338885486
16702,141552,1,0,2.6985210133716464
16703,141553,1,0,2.690626948606223
16704,141554,1,0,2.7059760177507997
16705,141555,1,0,2.709992986638099
16706,141556,1,0,2.689385029952973
16707,141557,1,0,2.6971990009769797
16708,141558,1,0,2.70495394943282
16709,141559,1,0,2.7108750073239207
16710,141560,1,0,2.6983909774571657
16711,141561,1,0,2.8108999831601977
16712,141562,1,1,2.7047930052503943
16713,141563,1,0,2.937634999398142
16714,141564,1,0,2.738366019912064
16715,141565,1,0,2.7040819986723363
16716,141566,1,0,2.7072280063293874
16717,141567,1,0,2.7268840349279344
16718,141568,1,0,2.738997049164027
16719,141569,1,0,2.7161939651705325
16720,141570,1,0,2.709180989768356
16721,141571,1,0,2.7158140437677503
16722,141572,1,0,2.7129980153404176
16723,141573,1,0,2.7150819660164416
16724,141574,1,0,2.7089809882454574
16725,141575,1,0,2.724258985836059
16726,141576,1,0,2.722675970289856
16727,141577,1,0,2.708929998334497
16728,141578,1,0,2.7111549861729145
16729,141579,1,1,2.722735982388258
16730,141580,1,0,2.723898971453309
16731,141581,1,0,2.706115017645061
16732,141582,1,0,2.710682980250567
16733,141583,1,0,2.7191200060769916
16734,141584,1,0,2.7116150013171136
16735,141585,1,0,2.6886429986916482
16736,141586,1,0,2.7153330156579614
16737,141587,1,0,2.8387519996613264
16738,141588,1,0,2.7133889961987734
16739,141589,1,0,2.6902059908024967
16740,141590,1,0,2.703139965888113
16741,141591,1,0,2.713519032113254
16742,141592,1,0,2.7144610066898167
16743,141593,1,0,2.691246976610273
16744,141594,1,0,2.7023489819839597
16745,141595,1,0,2.705333987250924
16746,141596,1,1,2.7095720288343728
16747,141597,1,0,2.6950950268656015
16748,141598,1,0,2.7076679980382323
16749,141599,1,0,2.714229980483651
16750,141600,1,0,2.7008660254068673
16751,141601,1,0,2.6969980099238455
16752,141602,1,0,2.724348974879831
16753,141603,1,0,2.7197710005566478
16754,141604,1,0,2.70716700470075
16755,141605,1,0,2.7119959704577923
16756,141606,1,0,2.7096919948235154
16757,141607,1,0,2.717666036915034
16758,141608,1,0,2.6973100029863417
16759,141609,1,0,2.7862840215675533
16760,141610,1,0,2.709271037019789
16761,141611,1,0,2.7075480320490897
16762,141612,1,0,2.701857010833919
16763,141613,1,1,2.6990329497493804
16764,141614,1,0,2.843289985321462
16765,141615,1,0,2.713359019253403
16766,141616,1,0,2.6947440346702933
16767,141617,1,0,2.700084005482495
16768,141618,1,0,2.711565000936389
16769,141619,1,0,2.707407984416932
16770,141620,1,0,2.701536985114217
16771,141621,1,0,2.70840001758188
16772,141622,1,0,2.720421995036304
16773,141623,1,0,2.712888002861291
16774,141624,1,0,2.6924200356006622
16775,141625,1,0,2.7157829608768225
16776,141626,1,0,2.7108240174129605
16777,141627,1,0,2.717056020628661
16778,141628,1,0,2.7092010132037103
16779,141629,1,0,2.726073027588427
16780,141630,1,1,2.7180780307389796
16781,141631,1,0,2.7087010093964636
16782,141632,1,0,2.6974889915436506
16783,141633,1,0,2.769473008811474
16784,141634,1,0,2.715853974223137
16785,141635,1,0,2.711937006097287
16786,141636,1,0,2.700114971958101
16787,141637,1,0,2.7272150036878884
16788,141638,1,0,2.7169660315848887
16789,141639,1,0,2.7172769769094884
16790,141640,1,0,2.818914013914764
16791,141641,1,0,2.7054940001107752
16792,141642,1,0,2.707338018808514
16793,141643,1,0,2.7150120004080236
16794,141644,1,0,2.709891996346414
16795,141645,1,0,2.7157129952684045
16796,141646,1,0,2.7080090367235243
16797,141647,1,1,2.7084089815616608
16798,141648,1,0,2.6950750034302473
16799,141649,1,0,2.715934009756893
16800,141650,1,0,2.7077790000475943
16801,141651,1,0,2.7005249867215753
16802,141652,1,0,2.6919689844362438
16803,141653,1,0,2.7152830152772367
16804,141654,1,0,2.707857987843454
16805,141655,1,0,2.6983710122294724
16806,141656,1,0,2.714369969908148
16807,141657,1,0,2.719971991609782
16808,141658,1,0,2.718809002544731
16809,141659,1,0,2.703009988181293
16810,141660,1,0,2.694173017516732
16811,141661,1,0,2.7163749909959733
16812,141662,1,0,2.712156972847879
16813,141663,1,0,2.700295008253306
16814,141664,1,0,2.7158530429005623
16815,141665,1,1,2.7182470075786114
16816,141666,1,0,2.7112949755974114
16817,141667,1,0,2.8278109966777265
16818,141668,1,0,2.7141700265929103
16819,141669,1,0,2.7140899910591543
16820,141670,1,0,2.715233014896512
16821,141671,1,0,2.7083499589934945
16822,141672,1,0,2.713560010306537
16823,141673,1,0,2.708139014430344
16824,141674,1,0,2.71664495812729
16825,141675,1,0,2.7080889558419585
16826,141676,1,0,2.7097929851152003
16827,141677,1,0,2.715223003178835
16828,141678,1,0,2.7165249921381474
16829,141679,1,0,2.7486149920150638
16830,141680,1,0,5.417090025730431
16831,141681,1,0,2.934377989731729
16832,141682,1,1,2.802804985549301
16833,141683,1,0,2.7829480241052806
16834,141684,1,0,2.799950016196817
16835,141685,1,0,2.791153034195304
16836,141686,1,0,2.763360971584916
16837,141687,1,0,2.7571709943003953
16838,141688,1,0,2.7494149981066585
16839,141689,1,0,2.7465999592095613
16840,141690,1,0,2.759444003459066
16841,141691,1,0,2.7417520177550614
16842,141692,1,0,2.7467310428619385
16843,141693,1,0,2.9298500157892704
16844,141694,1,0,2.7424530126154423
16845,141695,1,0,2.75259098270908
16846,141696,1,0,2.7516400441527367
16847,141697,1,0,2.7388559537939727
16848,141698,1,0,2.7416309458203614
16849,141699,1,1,2.737623988650739
16850,141700,1,0,2.743022982031107
16851,141701,1,0,2.7436649543233216
16852,141702,1,0,2.7201820048503578
16853,141703,1,0,2.7230270206928253
16854,141704,1,0,2.737843955401331
16855,141705,1,0,2.738896000664681
16856,141706,1,0,2.744977013207972
16857,141707,1,0,2.7292579761706293
16858,141708,1,0,2.7405290165916085
16859,141709,1,0,2.7355699567124248
16860,141710,1,0,2.7331059682182968
16861,141711,1,0,2.727805986069143
16862,141712,1,0,2.7405089931562543
16863,141713,1,0,2.7510490035638213
16864,141714,1,0,2.7438750257715583
16865,141715,1,0,2.7322739479131997
16866,141716,1,1,2.7319329674355686
16867,141717,1,0,2.741942007560283
16868,141718,1,0,2.7384250424802303
16869,141719,1,0,2.7252209838479757
16870,141720,1,0,2.84523400478065
16871,141721,1,0,2.7236780151724815
16872,141722,1,0,2.7455189847387373
16873,141723,1,0,2.733836998231709
16874,141724,1,0,2.717125986237079
16875,141725,1,0,2.723067009355873
16876,141726,1,0,2.7229870320297778
16877,141727,1,0,2.7286269469186664
16878,141728,1,0,2.7270340360701084
16879,141729,1,0,2.7215139707550406
16880,141730,1,0,2.739175979513675
16881,141731,1,0,2.7280760114081204
16882,141732,1,0,2.7235769666731358
16883,141733,1,1,2.7098419959656894
16884,141734,1,0,2.7420520200394094
16885,141735,1,0,2.7321340166963637
16886,141736,1,0,2.7327039861120284
16887,141737,1,0,2.795000036712736
16888,141738,1,0,3.5175299854017794
16889,141739,1,0,2.974392962642014
16890,141740,1,0,2.7482039877213538
16891,141741,1,0,2.7253010193817317
16892,141742,1,0,2.722254954278469
16893,141743,1,0,2.7406890294514596
16894,141744,1,0,2.7303409879095852
16895,141745,1,0,2.7252109721302986
16896,141746,1,0,2.8749480261467397
16897,141747,1,0,2.7259319904260337
16898,141748,1,0,2.740669995546341
16899,141749,1,0,2.7398280217312276
16900,141750,1,1,2.7219049516133964
16901,141751,1,0,2.7377140359021723
16902,141752,1,0,2.7323240065015852
16903,141753,1,0,2.730851003434509
16904,141754,1,0,2.7154620038345456
16905,141755,1,0,2.7141800383105874
16906,141756,1,0,2.7275049942545593
16907,141757,1,0,2.736913040280342
16908,141758,1,0,2.7223959914408624
16909,141759,1,0,2.7216640301048756
16910,141760,1,0,2.7293679886497557
16911,141761,1,0,2.725530997850001
16912,141762,1,0,2.7219349867664278
16913,141763,1,0,2.7071069926023483
16914,141764,1,0,2.7280960348434746
16915,141765,1,0,2.7217339957132936
16916,141766,1,0,2.7127680368721485
16917,141767,1,1,2.7141610044054687
16918,141768,1,0,2.724489022511989
16919,141769,1,0,2.7313120081089437
16920,141770,1,0,2.7234480367042124
16921,141771,1,0,2.7095419936813414
16922,141772,1,0,2.7406089939177036
16923,141773,1,0,2.855413011275232
16924,141774,1,0,2.753472945187241
16925,141775,1,0,2.739067014772445
16926,141776,1,0,2.7113649994134903
16927,141777,1,0,2.7217440074309707
16928,141778,1,0,2.7192700072191656
16929,141779,1,0,2.712596964556724
16930,141780,1,0,2.715613052714616
16931,141781,1,0,2.729659026954323
16932,141782,1,0,2.7262730291113257
16933,141783,1,0,2.7062559965997934
16934,141784,1,1,2.7190190157853067
16935,141785,1,0,2.7191600529477
16936,141786,1,0,2.722675970289856
16937,141787,1,0,2.715032023843378
16938,141788,1,0,2.72418896201998
16939,141789,1,0,2.7299299836158752
16940,141790,1,0,2.7211029664613307
16941,141791,1,0,2.70664703566581
16942,141792,1,0,2.720021002460271
16943,141793,1,0,2.7276650071144104
16944,141794,1,0,2.7294490137137473
16945,141795,1,0,2.723958983551711
16946,141796,1,0,2.711264998652041
16947,141797,1,0,2.7300799847580492
16948,141798,1,0,2.7217940078116953
16949,141799,1,0,2.846716030035168
16950,141800,1,0,2.7091410011053085
16951,141801,1,1,2.7126669883728027
16952,141802,1,0,2.717346011195332
16953,141803,1,0,2.7149420347996056
16954,141804,1,0,2.720201970078051
16955,141805,1,0,2.733655972406268
16956,141806,1,0,2.7243290096521378
16957,141807,1,0,2.7247199905104935
16958,141808,1,0,2.7120260056108236
16959,141809,1,0,2.7232979773543775
16960,141810,1,0,2.721875032875687
16961,141811,1,0,2.734579029493034
16962,141812,1,0,2.7208219980821013
16963,141813,1,0,2.7234480367042124
16964,141814,1,0,2.7243600343354046
16965,141815,1,0,2.725160971749574
16966,141816,1,0,2.691759029403329
16967,141817,1,0,2.7090510120615363
16968,141818,1,1,2.7294789906591177
16969,141819,1,0,2.7245189994573593
16970,141820,1,0,2.7208729879930615
16971,141821,1,0,2.7348390431143343
16972,141822,1,0,2.729007974267006
16973,141823,1,0,2.7236680034548044
16974,141824,1,0,2.7198210009373724
16975,141825,1,0,2.711054985411465
16976,141826,1,0,2.8403940377756953
16977,141827,1,0,2.7341180248185992
16978,141828,1,0,2.736711991019547
16979,141829,1,0,2.7064860332757235
16980,141830,1,0,2.726784034166485
16981,141831,1,0,2.722745994105935
16982,141832,1,0,2.729868981987238
16983,141833,1,0,2.704913029447198
16984,141834,1,0,2.725161029957235
16985,141835,1,1,2.7283370145596564
16986,141836,1,0,2.7232670108787715
16987,141837,1,0,2.70987197291106
16988,141838,1,0,2.7198909665457904
16989,141839,1,0,2.7286080294288695
16990,141840,1,0,2.735729969572276
16991,141841,1,0,2.711425011511892
16992,141842,1,0,2.7188489912077785
16993,141843,1,0,2.728547027800232
16994,141844,1,0,2.7433650102466345
16995,141845,1,0,2.7218449977226555
16996,141846,1,0,2.72225501248613
16997,141847,1,0,2.7198310126550496
16998,141848,1,0,2.77388101676479
16999,141849,1,0,2.755507011897862
17000,141850,1,0,2.722094999626279
17001,141851,1,0,2.7265139506198466
17002,141852,1,1,2.8503320063464344
17003,141853,1,0,2.7314620092511177
17004,141854,1,0,2.7139000012539327
17005,141855,1,0,2.7241589850746095
17006,141856,1,0,2.7291279984638095
17007,141857,1,0,2.7213229914195836
17008,141858,1,0,2.7097120182588696
17009,141859,1,0,2.724769990891218
17010,141860,1,0,2.7292990125715733
17011,141861,1,0,2.7205520309507847
17012,141862,1,0,2.700003969948739
17013,141863,1,0,2.7200820040889084
17014,141864,1,0,2.7177970041520894
17015,141865,1,0,2.7126679779030383
17016,141866,1,0,2.700275043025613
17017,141867,1,0,2.7008660254068673
17018,141868,1,0,2.7156640426255763
17019,141869,1,1,2.7028490439988673
17020,141870,1,0,2.704502025153488
17021,141871,1,0,2.720181946642697
17022,141872,1,0,2.717356022913009
17023,141873,1,0,2.6995730004273355
17024,141874,1,0,2.705314022023231
17025,141875,1,0,2.7181479963473976
17026,141876,1,0,2.7103229658678174
17027,141877,1,0,2.709651947952807
17028,141878,1,0,2.7220050105825067
17029,141879,1,0,2.840364002622664
17030,141880,1,0,2.7170960092917085
17031,141881,1,0,2.7198409661650658
17032,141882,1,0,2.7020580018870533
17033,141883,1,0,2.7198410243727267
17034,141884,1,0,2.7145110070705414
17035,141885,1,0,2.70997203188017
17036,141886,1,1,2.6996430242434144
17037,141887,1,0,2.7270339778624475
17038,141888,1,0,2.724648977164179
17039,141889,1,0,2.6990220067091286
17040,141890,1,0,2.7162139886058867
17041,141891,1,0,2.706094994209707
17042,141892,1,0,2.716574992518872
17043,141893,1,0,2.7045420138165355
17044,141894,1,0,2.704822982195765
17045,141895,1,0,2.718889038078487
17046,141896,1,0,2.7201210032217205
17047,141897,1,0,2.7100719744339585
17048,141898,1,0,2.704432001337409
17049,141899,1,0,2.72068299818784
17050,141900,1,0,2.716154034715146
17051,141901,1,0,2.710943983402103
17052,141902,1,0,2.6984920259565115
17053,141903,1,1,2.719640964642167
17054,141904,1,0,2.7170759858563542
17055,141905,1,0,2.828422002494335
17056,141906,1,0,2.705243998207152
17057,141907,1,0,2.7105730259791017
17058,141908,1,0,2.7092210366390646
17059,141909,1,0,2.7082490269094706
17060,141910,1,0,2.7120370068587363
17061,141911,1,0,2.7222849894315004
17062,141912,1,0,2.728686959017068
17063,141913,1,0,2.719931013416499
17064,141914,1,0,2.7101229643449187
17065,141915,1,0,2.726683975197375
17066,141916,1,0,2.72563099861145
17067,141917,1,0,2.717024995945394
17068,141918,1,0,2.7134790434502065
17069,141919,1,0,2.7216639718972147
17070,141920,1,1,2.718798990827054
17071,141921,1,0,2.7125069755129516
17072,141922,1,0,2.705323975533247
17073,141923,1,0,2.7165550272911787
17074,141924,1,0,2.7219249750487506
17075,141925,1,0,2.7047329931519926
17076,141926,1,0,2.714230038691312
17077,141927,1,0,2.735571004450321
17078,141928,1,0,2.7405390283092856
17079,141929,1,0,2.7134790434502065
17080,141930,1,0,2.7211530250497162
17081,141931,1,0,2.7178769814781845
17082,141932,1,0,2.842809015419334
17083,141933,1,0,2.7102830354124308
17084,141934,1,0,2.6945139979943633
17085,141935,1,0,2.721264027059078
17086,141936,1,0,2.716393966693431
17087,141937,1,1,2.729227999225259
17088,141938,1,0,2.758152026217431
17089,141939,1,0,2.7401979896239936
17090,141940,1,0,2.7159840101376176
17091,141941,1,0,2.7111549861729145
17092,141942,1,0,2.696407027542591
17093,141943,1,0,2.711135020945221
17094,141944,1,0,2.714210015255958
17095,141945,1,0,2.7027599862776697
17096,141946,1,0,2.700003969948739
17097,141947,1,0,2.718729025218636
17098,141948,1,0,2.7166249928995967
17099,141949,1,0,2.7075979742221534
17100,141950,1,0,2.706375962588936
17101,141951,1,0,2.72225501248613
17102,141952,1,0,2.730631036683917
17103,141953,1,0,2.705725026316941
17104,141954,1,1,2.7098419959656894
17105,141955,1,0,2.716585004236549
17106,141956,1,0,2.7159139863215387
17107,141957,1,0,2.7088510105386376
17108,141958,1,0,2.834071987308562
17109,141959,1,0,2.720903023146093
17110,141960,1,0,2.7096819831058383
17111,141961,1,0,2.6979100075550377
17112,141962,1,0,2.6993529754690826
17113,141963,1,0,2.716635004617274
17114,141964,1,0,2.7087509515695274
17115,141965,1,0,2.7010960038751364
17116,141966,1,0,2.709652006160468
17117,141967,1,0,2.7079589781351388
17118,141968,1,0,2.7199109899811447
17119,141969,1,0,2.708310028538108
17120,141970,1,0,2.7133389958180487
17121,141971,1,1,2.715162991080433
17122,141972,1,0,2.7212530258111656
17123,141973,1,0,2.7134489500895143
17124,141974,1,0,2.705483988393098
17125,141975,1,0,2.7210330008529127
17126,141976,1,0,2.7131889946758747
17127,141977,1,0,2.6973490021191537
17128,141978,1,0,2.7177269803360105
17129,141979,1,0,2.7171060210093856
17130,141980,1,0,2.7139600133523345
17131,141981,1,0,2.6922490214928985
17132,141982,1,0,2.715762995649129
17133,141983,1,0,2.723317011259496
17134,141984,1,0,2.7197710005566478
17135,141985,1,0,2.8436199645511806
17136,141986,1,0,2.7170160319656134
17137,141987,1,0,2.7368920273147523
17138,141988,1,0,2.725691010709852
17139,141989,1,1,2.727644983679056
17140,141990,1,0,2.7320730150677264
17141,141991,1,0,2.722045057453215
17142,141992,1,0,2.720641961786896
17143,141993,1,0,2.7138000004924834
17144,141994,1,0,2.708038955461234
17145,141995,1,0,2.723067009355873
17146,141996,1,0,2.7136089629493654
17147,141997,1,0,2.705193997826427
17148,141998,1,0,2.7187690138816833
17149,141999,1,0,2.7190500404685736
17150,142000,1,0,2.7203219942748547
17151,142001,1,0,2.705114020500332
17152,142002,1,0,2.708369051106274
17153,142003,1,0,2.715432026889175
17154,142004,1,0,2.7196109876967967
17155,142005,1,0,2.7123670442961156
17156,142006,1,1,2.70881102187559
17157,142007,1,0,2.7127270004712045
17158,142008,1,0,2.7129080262966454
17159,142009,1,0,2.7018169639632106
17160,142010,1,0,2.715223003178835
17161,142011,1,0,2.8314670198597014
17162,142012,1,0,2.7043820009566844
17163,142013,1,0,2.700766024645418
17164,142014,1,0,2.6998439570888877
17165,142015,1,0,2.7007059543393552
17166,142016,1,0,2.7152419788762927
17167,142017,1,0,2.6934919878840446
17168,142018,1,0,2.718768024351448
17169,142019,1,0,2.723377023357898
17170,142020,1,0,2.725641999859363
17171,142021,1,0,2.7240989729762077
17172,142022,1,0,2.727014012634754
17173,142023,1,1,2.7560180169530213
17174,142024,1,0,2.725610975176096
17175,142025,1,0,2.7232670108787715
17176,142026,1,0,2.7196810115128756
17177,142027,1,0,2.7274650055915117
17178,142028,1,0,2.730300009716302
17179,142029,1,0,2.7346580172888935
17180,142030,1,0,2.7144509949721396
17181,142031,1,0,2.73078097961843
17182,142032,1,0,2.731752989348024
17183,142033,1,0,2.718087984248996
17184,142034,1,0,2.7297689812257886
17185,142035,1,0,2.722295990679413
17186,142036,1,0,2.7318529901094735
17187,142037,1,0,2.7173359994776547
17188,142038,1,0,2.834262966644019
17189,142039,1,0,2.720763033721596
17190,142040,1,1,2.724708989262581
17191,142041,1,0,2.7256219764240086
17192,142042,1,0,2.716435003094375
17193,142043,1,0,2.7160639874637127
17194,142044,1,0,2.731151005718857
17195,142045,1,0,2.7227260288782418
17196,142046,1,0,2.713929978199303
17197,142047,1,0,2.716735005378723
17198,142048,1,0,2.73101101629436
17199,142049,1,0,2.7197509771212935
17200,142050,1,0,2.7217240422032773
17201,142051,1,0,2.711355045903474
17202,142052,1,0,2.733686997089535
17203,142053,1,0,2.729297964833677
17204,142054,1,0,2.717926981858909
17205,142055,1,0,2.7221859782002866
17206,142056,1,0,2.729809028096497
17207,142057,1,1,2.731192042119801
17208,142058,1,0,2.7567489887587726
17209,142059,1,0,2.756880014203489
17210,142060,1,0,2.7365420246496797
17211,142061,1,0,2.763963013421744
17212,142062,1,0,2.7434250223450363
17213,142063,1,0,2.708710031583905
17214,142064,1,0,2.8598509961739182
17215,142065,1,0,2.7304699760861695
17216,142066,1,0,2.7381149702705443
17217,142067,1,0,2.7191690169274807
17218,142068,1,0,2.7381249819882214
17219,142069,1,0,2.72943900199607
17220,142070,1,0,2.7324840193614364
17221,142071,1,0,2.7167549706064165
17222,142072,1,0,2.709059976041317
17223,142073,1,0,2.7311209705658257
17224,142074,1,1,2.7255109744146466
17225,142075,1,0,2.7117760037072003
17226,142076,1,0,2.7040119748562574
17227,142077,1,0,2.722806006204337
17228,142078,1,0,2.7298490167595446
17229,142079,1,0,2.7118060388602316
17230,142080,1,0,2.712247020099312
17231,142081,1,0,2.7300100191496313
17232,142082,1,0,2.722226025070995
17233,142083,1,0,2.732715045567602
17234,142084,1,0,2.743433986324817
17235,142085,1,0,2.7757950010709465
17236,142086,1,0,2.760806994047016
17237,142087,1,0,2.73119198391214
17238,142088,1,0,2.715262002311647
17239,142089,1,0,2.7101029991172254
17240,142090,1,0,2.724689955357462
17241,142091,1,1,2.8458739980123937
17242,142092,1,0,2.7193999849259853
17243,142093,1,0,2.7135490090586245
17244,142094,1,0,2.7163050253875554
17245,142095,1,0,2.7173159760423005
17246,142096,1,0,2.7075879625044763
17247,142097,1,0,2.7051339857280254
17248,142098,1,0,2.7212940040044487
17249,142099,1,0,2.737562987022102
17250,142100,1,0,5.366896977648139
17251,142101,1,0,3.063948010094464
17252,142102,1,0,2.799278008751571
17253,142103,1,0,2.787236007861793
17254,142104,1,0,2.7745820116251707
17255,142105,1,0,2.7543140458874404
17256,142106,1,0,2.7466710307635367
17257,142107,1,0,2.75621801847592
17258,142108,1,1,2.756619011051953
17259,142109,1,0,2.756068017333746
17260,142110,1,0,2.7442360296845436
17261,142111,1,0,2.737022005021572
17262,142112,1,0,2.7441460406407714
17263,142113,1,0,2.7479829732328653
17264,142114,1,0,2.7337869978509843
17265,142115,1,0,2.7259120251983404
17266,142116,1,0,2.7468909975141287
17267,142117,1,0,2.903130021877587
17268,142118,1,0,2.7500070282258093
17269,142119,1,0,2.7333259931765497
17270,142120,1,0,2.725411963183433
17271,142121,1,0,2.7478630072437227
17272,142122,1,0,2.7353789773769677
17273,142123,1,0,2.749145030975342
17274,142124,1,0,2.757189969997853
17275,142125,1,1,2.732224005740136
17276,142126,1,0,2.7351999888196588
17277,142127,1,0,2.736090973485261
17278,142128,1,0,2.728077000938356
17279,142129,1,0,2.729989995714277
17280,142130,1,0,2.736482012551278
17281,142131,1,0,2.726503007579595
17282,142132,1,0,2.723296987824142
17283,142133,1,0,2.730701002292335
17284,142134,1,0,2.7319630025886
17285,142135,1,0,2.732635010033846
17286,142136,1,0,2.7205030201002955
17287,142137,1,0,2.7200419572182
17288,142138,1,0,2.727634971961379
17289,142139,1,0,2.7271650033071637
17290,142140,1,0,2.728516992647201
17291,142141,1,0,2.712196030188352
17292,142142,1,1,2.7340269880369306
17293,142143,1,0,2.736371010541916
17294,142144,1,0,2.8640879900194705
17295,142145,1,0,2.7210330008529127
17296,142146,1,0,2.7276549953967333
17297,142147,1,0,2.7239879709668458
17298,142148,1,0,2.724600024521351
17299,142149,1,0,2.7158730081282556
17300,142150,1,0,2.7150120004080236
17301,142151,1,0,2.726522972807288
17302,142152,1,0,2.72768602008
17303,142153,1,0,2.7213029679842293
17304,142154,1,0,2.7218249742873013
17305,142155,1,0,2.7304409886710346
17306,142156,1,0,2.719590032938868
17307,142157,1,0,2.71092401817441
17308,142158,1,0,2.714972011744976
17309,142159,1,1,2.7209330000914633
17310,142160,1,0,2.7328949654474854
17311,142161,1,0,2.714439993724227
17312,142162,1,0,2.714340982493013
17313,142163,1,0,2.723778015933931
17314,142164,1,0,2.7226059464737773
17315,142165,1,0,2.7269640122540295
17316,142166,1,0,2.7248699916526675
17317,142167,1,0,2.7355399797670543
17318,142168,1,0,2.730269974563271
17319,142169,1,0,2.715923998039216
17320,142170,1,0,2.842467976734042
17321,142171,1,0,2.7185179642401636
17322,142172,1,0,2.7215839945711195
17323,142173,1,0,2.729119034484029
17324,142174,1,0,2.7109140064567327
17325,142175,1,0,2.7203019708395004
17326,142176,1,1,2.7263429947197437
17327,142177,1,0,2.7243890217505395
17328,142178,1,0,2.734416979365051
17329,142179,1,0,2.7225359808653593
17330,142180,1,0,2.727745973970741
17331,142181,1,0,2.7214339934289455
17332,142182,1,0,2.7105839690193534
17333,142183,1,0,2.7097020065411925
17334,142184,1,0,2.719551033806056
17335,142185,1,0,2.721833996474743
17336,142186,1,0,2.711826004087925
17337,142187,1,0,2.733687055297196
17338,142188,1,0,2.7297899941913784
17339,142189,1,0,2.7354899793863297
17340,142190,1,0,2.722345001529902
17341,142191,1,0,2.716785005759448
17342,142192,1,0,2.725069993175566
17343,142193,1,1,2.7251100400462747
17344,142194,1,0,2.7120260056108236
17345,142195,1,0,2.714491041842848
17346,142196,1,0,2.748945029452443
17347,142197,1,0,2.850253018550575
17348,142198,1,0,2.7284870157018304
17349,142199,1,0,2.7159230085089803
17350,142200,1,0,2.7348680305294693
17351,142201,1,0,2.725330996327102
17352,142202,1,0,2.7280659996904433
17353,142203,1,0,2.7111349627375603
17354,142204,1,0,2.729718980845064
17355,142205,1,0,2.730861015152186
17356,142206,1,0,2.7192989946343005
17357,142207,1,0,2.7056449907831848
17358,142208,1,0,2.731952990870923
17359,142209,1,0,2.7281070360913873
17360,142210,1,1,2.7264929958619177
17361,142211,1,0,2.7202219935134053
17362,142212,1,0,2.7348590083420277
17363,142213,1,0,2.7335159829817712
17364,142214,1,0,2.722295990679413
17365,142215,1,0,2.7230269624851644
17366,142216,1,0,2.7257719775661826
17367,142217,1,0,2.7262219809927046
17368,142218,1,0,2.7300789952278137
17369,142219,1,0,2.7340969536453485
17370,142220,1,0,2.729639003518969
17371,142221,1,0,2.7349190204404294
17372,142222,1,0,2.735510002821684
17373,142223,1,0,2.85810703644529
17374,142224,1,0,2.7084400062449276
17375,142225,1,0,2.724208985455334
17376,142226,1,0,2.7190299588255584
17377,142227,1,1,2.7306010015308857
17378,142228,1,0,2.7159529854543507
17379,142229,1,0,2.7188690146431327
17380,142230,1,0,2.724279009271413
17381,142231,1,0,2.7145909843966365
17382,142232,1,0,2.7041310095228255
17383,142233,1,0,2.715393027756363
17384,142234,1,0,2.7256510220468044
17385,142235,1,0,2.731973014306277
17386,142236,1,0,2.7105339686386287
17387,142237,1,0,2.7185180224478245
17388,142238,1,0,2.7165949577465653
17389,142239,1,0,2.712588000576943
17390,142240,1,0,2.701326971873641
17391,142241,1,0,2.7162139886058867
17392,142242,1,0,2.7232069987803698
17393,142243,1,0,2.732494962401688
17394,142244,1,1,2.7219749754294753
17395,142245,1,0,2.727425016928464
17396,142246,1,0,2.7273150044493377
17397,142247,1,0,2.727955055888742
17398,142248,1,0,2.733336004894227
17399,142249,1,0,2.721544005908072
17400,142250,1,0,2.8615930350497365
17401,142251,1,0,2.7428740286268294
17402,142252,1,0,2.7353499899618328
17403,142253,1,0,2.7197410236112773
17404,142254,1,0,2.733476983848959
17405,142255,1,0,2.725261030718684
17406,142256,1,0,2.723156998399645
17407,142257,1,0,2.7105429908260703
17408,142258,1,0,2.7312919846735895
17409,142259,1,0,2.723497978877276
17410,142260,1,0,2.725059981457889
17411,142261,1,1,2.72483000298962
17412,142262,1,0,2.719380019698292
17413,142263,1,0,2.7271350263617933
17414,142264,1,0,2.719781012274325
17415,142265,1,0,2.7067060000263155
17416,142266,1,0,2.7149610104970634
17417,142267,1,0,2.7293380117043853
17418,142268,1,0,2.7264929958619177
17419,142269,1,0,2.7150120004080236
17420,142270,1,0,2.7254520100541413
17421,142271,1,0,2.7271650033071637
17422,142272,1,0,2.726965001784265
17423,142273,1,0,2.71110498579219
17424,142274,1,0,2.7195599977858365
17425,142275,1,0,2.7335869963280857
17426,142276,1,0,2.8537290054373443
17427,142277,1,0,2.7254410088062286
17428,142278,1,1,2.708268992137164
17429,142279,1,0,2.7306610136292875
17430,142280,1,0,2.7305709663778543
17431,142281,1,0,2.7307210257276893
17432,142282,1,0,2.7064260211773217
17433,142283,1,0,2.7365920250304043
17434,142284,1,0,2.7326539857313037
17435,142285,1,0,2.7272540028207004
17436,142286,1,0,2.70798901328817
17437,142287,1,0,2.7529119979590178
17438,142288,1,0,2.727154002059251
17439,142289,1,0,2.722675970289856
17440,142290,1,0,2.7103530010208488
17441,142291,1,0,2.7365119894966483
17442,142292,1,0,2.7232979773543775
17443,142293,1,0,2.724279009271413
17444,142294,1,0,2.7071479707956314
17445,142295,1,0,2.721533994190395
17446,142296,1,1,2.7318339562043548
