start_position,origin_id,n_predictions,single_origin_sample,duration_ms
0,142305,1,1,3.719073021784425
1,142306,1,0,2.6246949564665556
2,142307,1,0,2.577687962912023
3,142308,1,0,2.5798410060815513
4,142309,1,0,2.5662670377641916
5,142310,1,0,2.5732299545779824
6,142311,1,0,2.5757739786058664
7,142312,1,1,2.5550859863869846
8,142313,1,0,2.580553002189845
9,142314,1,0,2.5561279617249966
10,142315,1,0,2.569671953096986
11,142316,1,0,2.573029021732509
12,142317,1,0,2.560084976721555
13,142318,1,0,2.5676279910840094
14,142319,1,1,2.55565601401031
15,142320,1,0,2.569883014075458
16,142321,1,0,2.5564079987816513
17,142322,1,0,2.7067569899372756
18,142323,1,0,2.565284026786685
19,142324,1,0,2.5557970511727035
20,142325,1,0,2.557760977651924
21,142326,1,0,2.5445360224694014
22,142327,1,1,2.544785966165364
23,142328,1,0,2.572747995145619
24,142329,1,0,2.542331989388913
25,142330,1,0,2.5529720005579293
26,142331,1,0,2.541380003094673
27,142332,1,0,2.547662006691098
28,142333,1,0,2.55864200880751
29,142334,1,1,2.563179994467646
30,142335,1,0,2.575754013378173
31,142336,1,0,2.533955965191126
32,142337,1,0,2.553683996666223
33,142338,1,0,2.54450598731637
34,142339,1,0,2.5277649983763695
35,142340,1,0,2.542631991673261
36,142341,1,0,2.5355489924550056
37,142342,1,1,2.549945958890021
38,142343,1,0,2.5395959964953363
39,142344,1,0,2.549003984313458
40,142345,1,0,2.548784017562866
41,142346,1,0,2.5321440189145505
42,142347,1,0,2.544254995882511
43,142348,1,0,2.6538990205153823
44,142349,1,1,2.5396569981239736
45,142350,1,0,2.543924027122557
46,142351,1,0,2.530469966586679
47,142352,1,0,2.546389994677156
48,142353,1,0,2.5418910081498325
49,142354,1,0,2.541369991376996
50,142355,1,0,2.525069983676076
51,142356,1,0,2.5416110293008387
52,142357,1,1,2.5458180462010205
53,142358,1,0,2.535279025323689
54,142359,1,0,2.5389159563928843
55,142360,1,0,2.528986951801926
56,142361,1,0,2.540387969929725
57,142362,1,0,2.5349179632030427
58,142363,1,0,2.5324940215796232
59,142364,1,1,2.525941003113985
60,142365,1,0,2.530530036892742
61,142366,1,0,2.536491025239229
62,142367,1,0,2.529959019739181
63,142368,1,0,2.5356989935971797
64,142369,1,0,2.523237024433911
65,142370,1,0,2.538233995437622
66,142371,1,0,2.5203319964930415
67,142372,1,1,2.550747012719512
68,142373,1,0,2.5346079492010176
69,142374,1,0,2.6578360120765865
70,142375,1,0,2.5417510187253356
71,142376,1,0,2.529898949433118
72,142377,1,0,2.5275839725509286
73,142378,1,0,2.519849978853017
74,142379,1,1,2.52954795723781
75,142380,1,0,2.5185580016113818
76,142381,1,0,2.526902942918241
77,142382,1,0,2.5298590189777315
78,142383,1,0,2.530109020881355
79,142384,1,0,2.52725399332121
80,142385,1,0,2.5256809894926846
81,142386,1,1,2.5226749712601304
82,142387,1,0,2.5181680102832615
83,142388,1,0,2.522415015846491
84,142389,1,0,2.516062988433987
85,142390,1,0,2.5140700163319707
86,142391,1,0,2.522434981074184
87,142392,1,0,2.5104929809458554
88,142393,1,0,2.528937009628862
89,142394,1,1,2.5220850366167724
90,142395,1,0,2.536359999794513
91,142396,1,0,2.533485007006675
92,142397,1,0,2.535699983127415
93,142398,1,0,2.534126047976315
94,142399,1,0,2.524178009480238
95,142400,1,0,2.530739991925657
96,142401,1,1,2.652816998306662
97,142402,1,0,2.5284559815190732
98,142403,1,0,2.5157330092042685
99,142404,1,0,2.527995966374874
100,142405,1,0,2.5244189891964197
101,142406,1,0,2.5241789990104735
102,142407,1,0,2.527864999137819
103,142408,1,0,2.5188790168613195
104,142409,1,1,2.5298490072600543
105,142410,1,0,2.522024034988135
106,142411,1,0,2.5244589778594673
107,142412,1,0,2.513577986974269
108,142413,1,0,2.530119032599032
109,142414,1,0,2.5263429852202535
110,142415,1,0,2.52818496664986
111,142416,1,1,2.537602966185659
112,142417,1,0,2.524818992242217
113,142418,1,0,2.5294579681940377
114,142419,1,0,2.5822059833444655
115,142420,1,0,2.5283059803768992
116,142421,1,0,2.5405290070921183
117,142422,1,0,2.521393005736172
118,142423,1,0,2.5289669865742326
119,142424,1,1,2.513278042897582
120,142425,1,0,2.516664972063154
121,142426,1,0,2.511655038688332
122,142427,1,0,2.6514839846640825
123,142428,1,0,2.520381996873766
124,142429,1,0,2.508859965018928
125,142430,1,0,2.512626990210265
126,142431,1,1,2.5039110332727432
127,142432,1,0,2.5334449601359665
128,142433,1,0,2.5103719672188163
129,142434,1,0,2.5268839672207832
130,142435,1,0,2.517666027415544
131,142436,1,0,2.528556971810758
132,142437,1,0,2.517746004741639
133,142438,1,0,2.5292369537055492
134,142439,1,1,2.532283018808812
135,142440,1,0,2.520031004678458
136,142441,1,0,2.5285070296376944
137,142442,1,0,2.516073000151664
138,142443,1,0,2.528426004573703
139,142444,1,0,2.515061991289258
140,142445,1,0,2.5316120008938015
141,142446,1,1,2.518929017242044
142,142447,1,0,2.524107985664159
143,142448,1,0,2.529137011151761
144,142449,1,0,2.517535991501063
145,142450,1,0,2.52451904816553
146,142451,1,0,2.520671987440437
147,142452,1,0,2.526873955503106
148,142453,1,1,2.5166039704345167
149,142454,1,0,2.644792024511844
150,142455,1,0,2.527543983887881
151,142456,1,0,2.5409189984202385
152,142457,1,0,2.525951014831662
153,142458,1,0,2.5203009718097746
154,142459,1,0,2.5340370484627783
155,142460,1,0,2.5219240342266858
156,142461,1,1,2.5207310100086033
157,142462,1,0,2.523327013477683
158,142463,1,0,2.527964999899268
159,142464,1,0,2.5332850054837763
160,142465,1,0,2.511393977329135
161,142466,1,0,2.5201510288752615
162,142467,1,0,2.510191989131272
163,142468,1,1,2.519219007808715
164,142469,1,0,2.5133180315606296
165,142470,1,0,2.5180570082738996
166,142471,1,0,2.5076480233110487
167,142472,1,0,2.51592299900949
168,142473,1,0,2.507908036932349
169,142474,1,0,2.5138590135611594
170,142475,1,0,2.52645299769938
171,142476,1,1,2.5180370430462062
172,142477,1,0,2.519389963708818
173,142478,1,0,2.5107539840973914
174,142479,1,0,2.5214830529876053
175,142480,1,0,2.6491800090298057
176,142481,1,0,2.5189879816025496
177,142482,1,0,2.5097820325754583
178,142483,1,1,2.5169249856844544
179,142484,1,0,2.523888018913567
180,142485,1,0,2.509901998564601
181,142486,1,0,2.5210430030710995
182,142487,1,0,2.5116559700109065
183,142488,1,0,2.527945034671575
184,142489,1,0,2.515811997000128
185,142490,1,0,2.5274449726566672
186,142491,1,1,2.5116349570453167
187,142492,1,0,2.5303600123152137
188,142493,1,0,2.5304200244136155
189,142494,1,0,2.510663995053619
190,142495,1,0,2.512216044124216
191,142496,1,0,2.5134790339507163
192,142497,1,0,2.5259110261686146
193,142498,1,1,2.5178469950333238
194,142499,1,0,2.533466031309217
195,142500,1,0,2.5079179904423654
196,142501,1,0,2.518316963687539
197,142502,1,0,2.5230759638361633
198,142503,1,0,2.5207020225934684
199,142504,1,0,2.527093980461359
200,142505,1,0,2.522184979170561
201,142506,1,1,2.5275449734181166
202,142507,1,0,2.6410139980725944
203,142508,1,0,2.524559968151152
204,142509,1,0,2.5161230005323887
205,142510,1,0,2.5091609568335116
206,142511,1,0,2.5191690074279904
207,142512,1,0,2.5117950281128287
208,142513,1,1,2.5248490273952484
209,142514,1,0,2.5165749830193818
210,142515,1,0,2.5244790012948215
211,142516,1,0,2.5139600038528442
212,142517,1,0,2.517835993785411
213,142518,1,0,2.5137790362350643
214,142519,1,0,2.5712859933264554
215,142520,1,0,2.5318120024167
216,142521,1,1,2.5122759980149567
217,142522,1,0,2.5217439979314804
218,142523,1,0,2.519880945328623
219,142524,1,0,2.519459987524897
220,142525,1,0,2.5102729559876025
221,142526,1,0,2.5258720270358026
222,142527,1,0,2.5128169800154865
223,142528,1,1,2.521643997170031
224,142529,1,0,2.516494016163051
225,142530,1,0,2.520671987440437
226,142531,1,0,2.52351799281314
227,142532,1,0,2.502979012206197
228,142533,1,0,2.6489190058782697
229,142534,1,0,2.5161639787256718
230,142535,1,1,2.5230669998563826
231,142536,1,0,2.504531992599368
232,142537,1,0,2.5100320344790816
233,142538,1,0,2.5284059811383486
234,142539,1,0,2.5194690097123384
235,142540,1,0,2.530731027945876
236,142541,1,0,2.51229596324265
237,142542,1,0,2.5215439964085817
238,142543,1,1,2.5100919883698225
239,142544,1,0,2.5287370081059635
240,142545,1,0,2.5194890331476927
241,142546,1,0,2.5277549866586924
242,142547,1,0,2.5330240023322403
243,142548,1,0,2.510341990273446
244,142549,1,0,2.5297789834439754
245,142550,1,1,2.522023976780474
246,142551,1,0,2.521884976886213
247,142552,1,0,2.518929017242044
248,142553,1,0,2.5223050033673644
249,142554,1,0,2.513487997930497
250,142555,1,0,2.5190889718942344
251,142556,1,0,2.5235869688913226
252,142557,1,0,2.5194400222972035
253,142558,1,1,2.5320129934698343
254,142559,1,0,2.518026973120868
255,142560,1,0,2.6567140012048185
256,142561,1,0,2.5154020404443145
257,142562,1,0,2.526693046092987
258,142563,1,0,2.5222949916496873
259,142564,1,0,2.5129870045930147
260,142565,1,1,2.524589013773948
261,142566,1,0,2.517204964533448
262,142567,1,0,2.5220540119335055
263,142568,1,0,2.5153220049105585
264,142569,1,0,2.5292980135418475
265,142570,1,0,2.519609988667071
266,142571,1,0,2.5221839896403253
267,142572,1,0,2.5130370049737394
268,142573,1,1,2.5116350152529776
269,142574,1,0,2.5280059780925512
270,142575,1,0,2.5085689849220216
271,142576,1,0,2.5161929661408067
272,142577,1,0,2.5126669788733125
273,142578,1,0,2.527875010855496
274,142579,1,0,2.521633985452354
275,142580,1,1,2.5210630265064538
276,142581,1,0,2.5158620555885136
277,142582,1,0,2.5206220452673733
278,142583,1,0,2.5231160107068717
279,142584,1,0,2.5164440157823265
280,142585,1,0,2.5214030174538493
281,142586,1,0,2.709141990635544
282,142587,1,0,2.540087967645377
283,142588,1,1,2.5119949714280665
284,142589,1,0,2.5185479898937047
285,142590,1,0,2.520191017538309
286,142591,1,0,2.5036100414581597
287,142592,1,0,2.511875005438924
288,142593,1,0,2.513358020223677
289,142594,1,0,2.5247199810110033
290,142595,1,1,2.507547033019364
291,142596,1,0,2.5213530170731246
292,142597,1,0,2.518307010177523
293,142598,1,0,2.5225250283256173
294,142599,1,0,2.5193089968524873
295,142600,1,0,2.519390021916479
296,142601,1,0,2.5183979887515306
297,142602,1,1,2.5255310465581715
298,142603,1,0,2.5166039704345167
299,142604,1,0,2.514519961550832
300,142605,1,0,2.5153019814752042
301,142606,1,0,2.510502003133297
302,142607,1,0,2.5389950023964047
303,142608,1,0,2.52467900281772
304,142609,1,0,2.52622296102345
305,142610,1,1,2.5218029622919858
306,142611,1,0,2.51229596324265
307,142612,1,0,2.527575008571148
308,142613,1,0,2.6458940119482577
309,142614,1,0,2.5237969821318984
310,142615,1,0,2.515582018531859
311,142616,1,0,2.5232270127162337
312,142617,1,1,2.5087789981625974
313,142618,1,0,2.515913045499474
314,142619,1,0,2.532905025873333
315,142620,1,0,2.514881023671478
316,142621,1,0,2.52228497993201
317,142622,1,0,2.5053629651665688
318,142623,1,0,2.5181479868479073
319,142624,1,0,2.505092998035252
320,142625,1,1,2.516173990443349
321,142626,1,0,2.5058939936570823
322,142627,1,0,2.518227032851428
323,142628,1,0,2.51311797183007
324,142629,1,0,2.505894983187318
325,142630,1,0,2.514399995561689
326,142631,1,0,2.5054040015675128
327,142632,1,1,2.5131480069831014
328,142633,1,0,2.5026380317285657
329,142634,1,0,2.5162430247291923
330,142635,1,0,2.5209130253642797
331,142636,1,0,2.5276350206695497
332,142637,1,0,2.520581998396665
333,142638,1,0,2.5241280090995133
334,142639,1,0,2.645283006131649
335,142640,1,1,2.5127370026893914
336,142641,1,0,2.516143023967743
337,142642,1,0,2.5023079942911863
338,142643,1,0,2.5260719703510404
339,142644,1,0,2.5006350479088724
340,142645,1,0,2.515933010727167
341,142646,1,0,2.507978002540767
342,142647,1,1,2.5138090131804347
343,142648,1,0,2.502438030205667
344,142649,1,0,2.5076979654841125
345,142650,1,0,2.5118449702858925
346,142651,1,0,2.511183964088559
347,142652,1,0,2.521003014408052
348,142653,1,0,2.5101719656959176
349,142654,1,0,2.5220339884981513
350,142655,1,1,2.5052129640243948
351,142656,1,0,2.5158830103464425
352,142657,1,0,2.4967369972728193
353,142658,1,0,2.5149210123345256
354,142659,1,0,2.4997229920700192
355,142660,1,0,2.5127680273726583
356,142661,1,0,2.5145800318568945
357,142662,1,1,2.501906012184918
358,142663,1,0,2.5120360078290105
359,142664,1,0,2.4959860020317137
360,142665,1,0,2.5157619966194034
361,142666,1,0,2.6374489534646273
362,142667,1,0,2.518026973120868
363,142668,1,0,2.5073480210267007
364,142669,1,1,2.5181869859807193
365,142670,1,0,2.509790996555239
366,142671,1,0,2.512396953534335
367,142672,1,0,2.5294480146840215
368,142673,1,0,2.5099620106630027
369,142674,1,0,2.5161929661408067
370,142675,1,0,2.5106730172410607
371,142676,1,0,2.5237270165234804
372,142677,1,1,2.5055439909920096
373,142678,1,0,2.515522006433457
374,142679,1,0,2.5129870045930147
375,142680,1,0,2.5151720037683845
376,142681,1,0,2.508068981114775
377,142682,1,0,2.510693040676415
378,142683,1,0,2.522606053389609
379,142684,1,1,2.507728000637144
380,142685,1,0,2.5170650333166122
381,142686,1,0,2.509570971596986
382,142687,1,0,2.5181469973176718
383,142688,1,0,2.509630983695388
384,142689,1,0,2.5163739919662476
385,142690,1,0,2.50956101808697
386,142691,1,0,2.512497012503445
387,142692,1,1,2.6368169928900898
388,142693,1,0,2.4954259861260653
389,142694,1,0,2.506705990526825
390,142695,1,0,2.495775988791138
391,142696,1,0,2.5060150073841214
392,142697,1,0,2.4981500464491546
393,142698,1,0,2.5136490003205836
394,142699,1,1,2.4993119877763093
395,142700,1,0,2.5143909733742476
396,142701,1,0,2.5045019574463367
397,142702,1,0,2.508139004930854
398,142703,1,0,2.507667988538742
399,142704,1,0,2.5136179756373167
400,142705,1,0,2.5135379983112216
401,142706,1,0,2.5048719835467637
402,142707,1,1,2.5153320166282356
403,142708,1,0,2.501637034583837
404,142709,1,0,2.516413980629295
405,142710,1,0,2.5063749635592103
406,142711,1,0,2.5190290180034935
407,142712,1,0,2.50755698652938
408,142713,1,0,2.51913903048262
409,142714,1,1,2.535659004934132
410,142715,1,0,2.5288769975304604
411,142716,1,0,2.5163140380755067
412,142717,1,0,2.5040709879249334
413,142718,1,0,2.532212994992733
414,142719,1,0,2.648578956723213
415,142720,1,0,2.534728031605482
416,142721,1,0,2.5141100049950182
417,142722,1,1,2.510663995053619
418,142723,1,0,2.509229991119355
419,142724,1,0,2.504692005459219
420,142725,1,0,2.5385949993506074
421,142726,1,0,2.528515993617475
422,142727,1,0,2.5171759771183133
423,142728,1,0,2.501717011909932
424,142729,1,1,2.510653983335942
425,142730,1,0,2.4976999848149717
426,142731,1,0,2.513438987080008
427,142732,1,0,2.5072770076803863
428,142733,1,0,2.518287976272404
429,142734,1,0,2.508539007976651
430,142735,1,0,2.50119500560686
431,142736,1,0,2.5173460016958416
432,142737,1,1,2.5073669967241585
433,142738,1,0,2.510842983610928
434,142739,1,0,2.5061650085262954
435,142740,1,0,2.516895008739084
436,142741,1,0,2.5053040008060634
437,142742,1,0,2.5139990029856563
438,142743,1,0,2.510202000848949
439,142744,1,1,2.518797991797328
440,142745,1,0,2.6374479639343917
441,142746,1,0,2.505633980035782
442,142747,1,0,2.5165139813907444
443,142748,1,0,2.5031890254467726
444,142749,1,0,2.515431959182024
445,142750,1,0,2.5002239854075015
446,142751,1,1,2.511104044970125
447,142752,1,0,2.5032100384123623
448,142753,1,0,2.512286009732634
449,142754,1,0,2.512807957828045
450,142755,1,0,2.517114975489676
451,142756,1,0,2.50464299460873
452,142757,1,0,2.510212012566626
453,142758,1,0,2.5079879560507834
454,142759,1,1,2.5055829901248217
455,142760,1,0,2.5234370259568095
456,142761,1,0,2.509891986846924
457,142762,1,0,2.5231970357708633
458,142763,1,0,2.5129569694399834
459,142764,1,0,2.5209920131601393
460,142765,1,0,2.503490017261356
461,142766,1,1,2.515613043215126
462,142767,1,0,2.506385964807123
463,142768,1,0,2.5223950506187975
464,142769,1,0,2.515702974051237
465,142770,1,0,2.501686045434326
466,142771,1,0,2.5167249841615558
467,142772,1,0,2.647386980243027
468,142773,1,0,2.511024009436369
469,142774,1,1,2.5042520137503743
470,142775,1,0,2.5088200345635414
471,142776,1,0,2.4973590043373406
472,142777,1,0,2.5103020016103983
473,142778,1,0,2.515141968615353
474,142779,1,0,2.506375021766871
475,142780,1,0,2.5147010455839336
476,142781,1,1,2.509570971596986
477,142782,1,0,2.526973024941981
478,142783,1,0,2.5073770084418356
479,142784,1,0,2.517535991501063
480,142785,1,0,2.513257961254567
481,142786,1,0,2.513949992135167
482,142787,1,0,2.5069869589060545
483,142788,1,0,2.5143399834632874
484,142789,1,1,2.5150509900413454
485,142790,1,0,2.5037109735421836
486,142791,1,0,2.5214029592461884
487,142792,1,0,2.5110639980994165
488,142793,1,0,2.522024034988135
489,142794,1,0,2.512365987058729
490,142795,1,0,2.5243490235880017
491,142796,1,1,2.5110040442086756
492,142797,1,0,2.5191890308633447
493,142798,1,0,2.675769035704434
494,142799,1,0,2.506956981960684
495,142800,1,0,2.5156920310109854
496,142801,1,0,2.5107930414378643
497,142802,1,0,2.524850016925484
498,142803,1,0,2.5115039898082614
499,142804,1,1,2.5176259805448353
500,142805,1,0,2.5079979677684605
501,142806,1,0,2.5186279672197998
502,142807,1,0,2.520020992960781
503,142808,1,0,2.5173460016958416
504,142809,1,0,2.515432017389685
505,142810,1,0,2.506916003767401
506,142811,1,1,2.5309109478257596
507,142812,1,0,2.519027970265597
508,142813,1,0,2.519118948839605
509,142814,1,0,2.5151619920507073
510,142815,1,0,2.519970992580056
511,142816,1,0,2.512306033167988
512,142817,1,0,2.51772697083652
513,142818,1,1,2.5146210100501776
514,142819,1,0,2.5127969565801322
515,142820,1,0,2.5317519903182983
516,142821,1,0,2.5047819945029914
517,142822,1,0,2.5188380386680365
518,142823,1,0,2.523256989661604
519,142824,1,0,2.5243679992854595
520,142825,1,0,2.6383200311101973
521,142826,1,1,2.49880098272115
522,142827,1,0,2.5130980066023767
523,142828,1,0,2.498660993296653
524,142829,1,0,2.5148210115730762
525,142830,1,0,2.5074470322579145
526,142831,1,0,2.5145699619315565
527,142832,1,0,2.5040609762072563
528,142833,1,1,2.527142991311848
529,142834,1,0,2.4974389816634357
530,142835,1,0,2.5187779683619738
531,142836,1,0,2.502848976291716
532,142837,1,0,2.5098519981838763
533,142838,1,0,2.5183279649354517
534,142839,1,0,2.511403989046812
535,142840,1,0,2.5206920108757913
536,142841,1,1,2.5137600023299456
537,142842,1,0,2.522505004890263
538,142843,1,0,2.509981975890696
539,142844,1,0,2.5217740330845118
540,142845,1,0,2.510141988750547
541,142846,1,0,2.5194790214300156
542,142847,1,0,2.516352979000658
543,142848,1,1,2.5220350362360477
544,142849,1,0,2.520612033549696
545,142850,1,0,2.513880026526749
546,142851,1,0,2.6387410471215844
547,142852,1,0,2.5122269871644676
548,142853,1,0,2.522194990888238
549,142854,1,0,2.5095909950323403
550,142855,1,0,2.520331006962806
551,142856,1,1,2.5197300128638744
552,142857,1,0,2.5096010067500174
553,142858,1,0,2.5188479921780527
554,142859,1,0,2.5067859678529203
555,142860,1,0,2.516113978344947
556,142861,1,0,2.506125019863248
557,142862,1,0,2.5166140403598547
558,142863,1,1,2.5078479666262865
559,142864,1,0,2.5235280045308173
560,142865,1,0,2.513627987354994
561,142866,1,0,2.5147509877569973
562,142867,1,0,2.5089000118896365
563,142868,1,0,2.5602650130167603
564,142869,1,0,2.523477014619857
565,142870,1,0,2.50165699981153
566,142871,1,1,2.6008510030806065
567,142872,1,0,2.5469899992458522
568,142873,1,0,2.5321930297650397
569,142874,1,0,2.5153819588012993
570,142875,1,0,2.5373920216225088
571,142876,1,0,2.529348013922572
572,142877,1,0,2.507416997104883
573,142878,1,1,2.65505095012486
574,142879,1,0,2.5182769750244915
575,142880,1,0,2.51929898513481
576,142881,1,0,2.5091200368478894
577,142882,1,0,2.520040958188474
578,142883,1,0,2.518096996936947
579,142884,1,0,2.522565016988665
580,142885,1,1,2.5212030159309506
581,142886,1,0,2.5056939921341836
582,142887,1,0,2.521162969060242
583,142888,1,0,2.5076980236917734
584,142889,1,0,2.5290880003012717
585,142890,1,0,2.5144399842247367
586,142891,1,0,2.513177983928472
587,142892,1,0,2.5060250191017985
588,142893,1,1,2.50657502328977
589,142894,1,0,2.503480005543679
590,142895,1,0,2.50436196802184
591,142896,1,0,2.568900992628187
592,142897,1,0,2.5661460240371525
593,142898,1,0,2.5205520214512944
594,142899,1,0,2.5063850334845483
595,142900,1,1,2.514010004233569
596,142901,1,0,2.5039309985004365
597,142902,1,0,2.509751997422427
598,142903,1,0,2.5076979654841125
599,142904,1,0,2.636285964399576
600,142905,1,0,2.5139389908872545
601,142906,1,0,2.4999440065585077
602,142907,1,0,2.513268031179905
603,142908,1,1,2.506705990526825
604,142909,1,0,2.5120149948634207
605,142910,1,0,2.5008159573189914
606,142911,1,0,2.521382994018495
607,142912,1,0,2.50621500890702
608,142913,1,0,2.511103986762464
609,142914,1,0,2.507096971385181
610,142915,1,1,2.4975190171971917
611,142916,1,0,2.5126770487986505
612,142917,1,0,2.492870029527694
613,142918,1,0,2.5170149747282267
614,142919,1,0,2.503270050510764
615,142920,1,0,2.52066197572276
616,142921,1,0,2.5956500321626663
617,142922,1,0,2.5186780258081853
618,142923,1,1,2.5136680342257023
619,142924,1,0,2.52387800719589
620,142925,1,0,2.5233470369130373
621,142926,1,0,2.50757799949497
622,142927,1,0,2.5221940013580024
623,142928,1,0,2.51218699850142
624,142929,1,0,2.5243390118703246
625,142930,1,1,2.5049420073628426
626,142931,1,0,2.641906961798668
627,142932,1,0,2.5161830126307905
628,142933,1,0,2.5096909957937896
629,142934,1,0,2.523906994611025
630,142935,1,0,2.499441965483129
631,142936,1,0,2.5125169777311385
632,142937,1,0,2.503630006685853
633,142938,1,1,2.5119759957306087
634,142939,1,0,2.5100319762714207
635,142940,1,0,2.519770001526922
636,142941,1,0,2.5032199919223785
637,142942,1,0,2.518518012948334
638,142943,1,0,2.51808698521927
639,142944,1,0,2.5173050235025585
640,142945,1,1,2.516954962629825
641,142946,1,0,2.513738989364356
642,142947,1,0,2.516323991585523
643,142948,1,0,2.5106939719989896
644,142949,1,0,2.5195289636030793
645,142950,1,0,2.5151919689960778
646,142951,1,0,2.526682976167649
647,142952,1,0,2.504761971067637
648,142953,1,1,2.5205109850503504
649,142954,1,0,2.5073669967241585
650,142955,1,0,2.5243189884349704
651,142956,1,0,2.517835993785411
652,142957,1,0,2.6345030055381358
653,142958,1,0,2.5317620020359755
654,142959,1,0,2.513958956114948
655,142960,1,1,2.517385990358889
656,142961,1,0,2.5116250035353005
657,142962,1,0,2.510062011424452
658,142963,1,0,2.512066042982042
659,142964,1,0,2.513016981538385
660,142965,1,0,2.518207998946309
661,142966,1,0,2.5065660011023283
662,142967,1,1,2.517966029699892
663,142968,1,0,2.514529973268509
664,142969,1,0,2.5216140202246606
665,142970,1,0,2.5045819929800928
666,142971,1,0,2.515051979571581
667,142972,1,0,2.5087700341828167
668,142973,1,0,2.5159729993902147
669,142974,1,0,2.507396973669529
670,142975,1,1,2.5045020156539977
671,142976,1,0,2.519840025343001
672,142977,1,0,2.5018269661813974
673,142978,1,0,2.513037994503975
674,142979,1,0,2.5085489614866674
675,142980,1,0,2.5164640392176807
676,142981,1,0,2.5069459807127714
677,142982,1,1,2.511996019165963
678,142983,1,0,2.512697014026344
679,142984,1,0,2.636196033563465
680,142985,1,0,2.5121060316450894
681,142986,1,0,2.5011159596033394
682,142987,1,0,2.5215439964085817
683,142988,1,0,2.5035900180228055
684,142989,1,0,2.5121259968727827
685,142990,1,1,2.5083990185521543
686,142991,1,0,2.5087700341828167
687,142992,1,0,2.5050329859368503
688,142993,1,0,2.5140499928966165
689,142994,1,0,2.513327985070646
690,142995,1,0,2.5271140038967133
691,142996,1,0,2.5620880187489092
692,142997,1,1,2.5037809973582625
693,142998,1,0,2.5239280075766146
694,142999,1,0,2.529248013161123
695,143000,1,0,2.524429000914097
696,143001,1,0,2.508480043616146
697,143002,1,0,2.517466025892645
698,143003,1,0,2.5161639787256718
699,143004,1,0,2.5174960028380156
700,143005,1,1,2.505092998035252
701,143006,1,0,2.5265130097977817
702,143007,1,0,2.5213529588654637
703,143008,1,0,2.5103719672188163
704,143009,1,0,2.5283160503022373
705,143010,1,0,2.633811964187771
706,143011,1,0,2.5151909794658422
707,143012,1,1,2.5075069861486554
708,143013,1,0,2.5112140574492514
709,143014,1,0,2.5052339769899845
710,143015,1,0,2.508669043891132
711,143016,1,0,2.526412019506097
712,143017,1,0,2.495824999641627
713,143018,1,0,2.511875005438924
714,143019,1,0,2.5053840363398194
715,143020,1,1,2.5189879816025496
716,143021,1,0,2.5068760151043534
717,143022,1,0,2.5186180137097836
718,143023,1,0,2.5113350129686296
719,143024,1,0,2.5177469942718744
720,143025,1,0,2.5146210100501776
721,143026,1,0,2.520821988582611
722,143027,1,1,2.517195011023432
723,143028,1,0,2.515091036912054
724,143029,1,0,2.535419014748186
725,143030,1,0,2.508308971300721
726,143031,1,0,2.524299023207277
727,143032,1,0,2.516184002161026
728,143033,1,0,2.5204719859175384
729,143034,1,1,2.507527999114245
730,143035,1,0,2.5188589934259653
731,143036,1,0,2.519358997233212
732,143037,1,0,2.636205987073481
733,143038,1,0,2.5120859500020742
734,143039,1,0,2.5103120133280754
735,143040,1,0,2.5133289746008813
736,143041,1,0,2.507888013496995
737,143042,1,1,2.5163340033032
738,143043,1,0,2.5085589732043445
739,143044,1,0,2.5175560149364173
740,143045,1,0,2.515091036912054
741,143046,1,0,2.5021170149557292
742,143047,1,0,2.511093975044787
743,143048,1,0,2.4970080121420324
744,143049,1,1,2.509601996280253
745,143050,1,0,2.5062650092877448
746,143051,1,0,2.519989968277514
747,143052,1,0,2.5135090108960867
748,143053,1,0,2.5157519849017262
749,143054,1,0,2.505214011762291
750,143055,1,0,2.5110539863817394
751,143056,1,0,2.5092510040849447
752,143057,1,1,2.5189490406773984
753,143058,1,0,2.5152419693768024
754,143059,1,0,2.5094100274145603
755,143060,1,0,2.5185569538734853
756,143061,1,0,2.5110039860010147
757,143062,1,0,2.518999041058123
758,143063,1,0,2.6328900130465627
759,143064,1,1,2.5239080423489213
760,143065,1,0,2.511925995349884
761,143066,1,0,2.5154720060527325
762,143067,1,0,2.5225449935533106
763,143068,1,0,2.501605951692909
764,143069,1,0,2.538244007155299
765,143070,1,0,2.5124160456471145
766,143071,1,0,2.520320995245129
767,143072,1,1,2.5216839858330786
768,143073,1,0,2.5160530349239707
769,143074,1,0,2.509229991119355
770,143075,1,0,2.530529978685081
771,143076,1,0,2.520080015528947
772,143077,1,0,2.5485639926046133
773,143078,1,0,2.5391960516572
774,143079,1,1,2.5056839804165065
775,143080,1,0,2.5151720037683845
776,143081,1,0,2.5009250384755433
777,143082,1,0,2.5201409589499235
778,143083,1,0,2.512566978111863
779,143084,1,0,2.5189680163748562
780,143085,1,0,2.507766999769956
781,143086,1,0,2.5180880329571664
782,143087,1,1,2.51929898513481
783,143088,1,0,2.512216044124216
784,143089,1,0,2.51731596654281
785,143090,1,0,2.641254977788776
786,143091,1,0,2.519990026485175
787,143092,1,0,2.5108339614234865
788,143093,1,0,2.514961000997573
789,143094,1,1,2.5082689826376736
790,143095,1,0,2.5114649906754494
791,143096,1,0,2.54450598731637
792,143097,1,0,2.508678997401148
793,143098,1,0,2.5288269971497357
794,143099,1,0,2.511815051548183
795,143100,1,0,2.526571974158287
796,143101,1,0,2.502007002476603
797,143102,1,1,2.5105539825744927
798,143103,1,0,2.5328040355816483
799,143104,1,0,2.5163639802485704
800,143105,1,0,2.5119060301221907
801,143106,1,0,2.51159502658993
802,143107,1,0,2.522344992030412
803,143108,1,0,2.51236604526639
804,143109,1,1,2.5154229952022433
805,143110,1,0,2.5115840253420174
806,143111,1,0,2.5321930297650397
807,143112,1,0,2.529568038880825
808,143113,1,0,2.5168550200760365
809,143114,1,0,2.5098720216192305
810,143115,1,0,2.514620020519942
811,143116,1,1,2.6436300249770284
812,143117,1,0,2.5337660335935652
813,143118,1,0,2.5542440125718713
814,143119,1,0,2.503330004401505
815,143120,1,0,2.5357789709232748
816,143121,1,0,2.5096419849433005
817,143122,1,0,2.5588819989934564
818,143123,1,0,2.5269839679822326
819,143124,1,1,2.4972379906103015
820,143125,1,0,2.52369703957811
821,143126,1,0,2.50299897743389
822,143127,1,0,2.518718014471233
823,143128,1,0,2.5036910083144903
824,143129,1,0,2.514090039767325
825,143130,1,0,2.505013020709157
826,143131,1,1,2.5274140061810613
827,143132,1,0,2.5085899978876114
828,143133,1,0,2.5169950095005333
829,143134,1,0,2.5232970365323126
830,143135,1,0,2.509721030946821
831,143136,1,0,2.522655006032437
832,143137,1,0,2.5117960176430643
833,143138,1,0,2.527784963604063
834,143139,1,1,2.5129480054602027
835,143140,1,0,2.5208419538103044
836,143141,1,0,2.5021579931490123
837,143142,1,0,2.5209320010617375
838,143143,1,0,2.6535880169831216
839,143144,1,0,2.5023979833349586
840,143145,1,0,2.511194034013897
841,143146,1,1,2.498290967196226
842,143147,1,0,2.5177770294249058
843,143148,1,0,2.5070360279642045
844,143149,1,0,2.508859965018928
845,143150,1,0,2.5107540423050523
846,143151,1,0,2.5127470144070685
847,143152,1,0,2.502577961422503
848,143153,1,0,2.5086189853027463
849,143154,1,1,2.5161639787256718
850,143155,1,0,2.507939003407955
851,143156,1,0,2.5158030330203474
852,143157,1,0,2.502317016478628
853,143158,1,0,2.5166040286421776
854,143159,1,0,2.5133879971690476
855,143160,1,0,2.5161629891954362
856,143161,1,1,2.5066459784284234
857,143162,1,0,2.5090709677897394
858,143163,1,0,2.5002839975059032
859,143164,1,0,2.5102630024775863
860,143165,1,0,2.5130470166914165
861,143166,1,0,2.5106630055233836
862,143167,1,0,2.512075996492058
863,143168,1,0,2.504410978872329
864,143169,1,1,2.6332210400141776
865,143170,1,0,2.5002039619721472
866,143171,1,0,2.5172950117848814
867,143172,1,0,2.499232010450214
868,143173,1,0,2.5139600038528442
869,143174,1,0,2.5005039642564952
870,143175,1,0,2.5104429805651307
871,143176,1,1,2.4990919628180563
872,143177,1,0,2.5047920062206686
873,143178,1,0,2.521052025258541
874,143179,1,0,2.5038709864020348
875,143180,1,0,2.5135489995591342
876,143181,1,0,2.496707020327449
877,143182,1,0,2.5048019597306848
878,143183,1,1,2.533424994908273
879,143184,1,0,2.616829995531589
880,143185,1,0,2.5659859529696405
881,143186,1,0,2.548513002693653
882,143187,1,0,2.548553980886936
883,143188,1,0,2.499451977200806
884,143189,1,0,2.506855991668999
885,143190,1,0,2.5100120110437274
886,143191,1,1,2.512336999643594
887,143192,1,0,2.5036699953489006
888,143193,1,0,2.5159629876725376
889,143194,1,0,2.50353995943442
890,143195,1,0,2.5348379858769476
891,143196,1,0,2.650161972269416
892,143197,1,0,2.502447983715683
893,143198,1,1,2.513417974114418
894,143199,1,0,2.5045520160347223
895,143200,1,0,2.5164340040646493
896,143201,1,0,2.5051929987967014
897,143202,1,0,2.5126070249825716
898,143203,1,0,2.524379000533372
899,143204,1,0,2.507588011212647
900,143205,1,0,2.516383014153689
901,143206,1,1,2.5177469942718744
902,143207,1,0,2.507477009203285
903,143208,1,0,2.499522001016885
904,143209,1,0,2.5166150298900902
905,143210,1,0,2.506144985090941
906,143211,1,0,2.523096976801753
907,143212,1,0,2.516212989576161
908,143213,1,1,2.5224550045095384
909,143214,1,0,2.508528996258974
910,143215,1,0,2.518797991797328
911,143216,1,0,2.5177669594995677
912,143217,1,0,2.5124370004050434
913,143218,1,0,2.527864999137819
914,143219,1,0,2.505863958504051
915,143220,1,0,2.515272004529834
916,143221,1,1,2.503119991160929
917,143222,1,0,2.768661011941731
918,143223,1,0,2.5697529781609774
919,143224,1,0,2.513037994503975
920,143225,1,0,2.5269840261898935
921,143226,1,0,2.5148410350084305
922,143227,1,0,2.510852995328605
923,143228,1,1,2.5059449835680425
924,143229,1,0,2.5141100049950182
925,143230,1,0,2.5071569834835827
926,143231,1,0,2.5149009888991714
927,143232,1,0,2.5174960028380156
928,143233,1,0,2.5059840409085155
929,143234,1,0,2.5156219489872456
930,143235,1,0,2.5126260006800294
931,143236,1,1,2.5219140225090086
932,143237,1,0,2.5104429805651307
933,143238,1,0,2.5236780056729913
934,143239,1,0,2.5143399834632874
935,143240,1,0,2.519620000384748
936,143241,1,0,2.5027989759109914
937,143242,1,0,2.516104024834931
938,143243,1,1,2.518848981708288
939,143244,1,0,2.5093210279010236
940,143245,1,0,2.5171260349452496
941,143246,1,0,2.5084290537051857
942,143247,1,0,2.634001022670418
943,143248,1,0,2.506044984329492
944,143249,1,0,2.6433689636178315
945,143250,1,1,2.5031090481206775
946,143251,1,0,2.500263974070549
947,143252,1,0,2.5089600239880383
948,143253,1,0,2.498571004252881
949,143254,1,0,2.513108018320054
950,143255,1,0,2.50137597322464
951,143256,1,0,2.513277984689921
952,143257,1,0,2.5012149708345532
953,143258,1,1,2.5283059803768992
954,143259,1,0,2.5136490003205836
955,143260,1,0,2.51865794416517
956,143261,1,0,2.5139600038528442
957,143262,1,0,2.5042820489034057
958,143263,1,0,2.519518951885402
959,143264,1,0,2.506264951080084
960,143265,1,1,2.5270229671150446
961,143266,1,0,2.5182670215144753
962,143267,1,0,2.5248589809052646
963,143268,1,0,2.507748024072498
964,143269,1,0,2.5478219613432884
965,143270,1,0,2.510472957510501
966,143271,1,0,2.512055973056704
967,143272,1,0,2.530038997065276
968,143273,1,1,2.5094010052271187
969,143274,1,0,2.5197399663738906
970,143275,1,0,2.6437300257384777
971,143276,1,0,2.5186680140905082
972,143277,1,0,2.5124059757217765
973,143278,1,0,2.5272939819842577
974,143279,1,0,2.5306199677288532
975,143280,1,1,2.5174160255119205
976,143281,1,0,2.524589013773948
977,143282,1,0,2.508289006073028
978,143283,1,0,2.521082991734147
979,143284,1,0,2.5172850000672042
980,143285,1,0,2.5213529588654637
981,143286,1,0,2.5034499703906476
982,143287,1,0,2.524739014916122
983,143288,1,1,2.5105829699896276
984,143289,1,0,2.513688988983631
985,143290,1,0,2.513588988222182
986,143291,1,0,2.5074569857679307
987,143292,1,0,2.5179070071317255
988,143293,1,0,2.506616001483053
989,143294,1,0,2.557750965934247
990,143295,1,1,2.510623016860336
991,143296,1,0,2.519850037060678
992,143297,1,0,2.5138690252788365
993,143298,1,0,2.528586017433554
994,143299,1,0,2.5245689903385937
995,143300,1,0,2.5151720037683845
996,143301,1,0,2.519268949981779
997,143302,1,0,2.6331800036132336
998,143303,1,1,2.5360300205647945
999,143304,1,0,2.5203509721904993
1000,143305,1,0,2.5137990014627576
1001,143306,1,0,2.505864016711712
1002,143307,1,0,2.5173750473186374
1003,143308,1,0,2.514209016226232
1004,143309,1,0,2.509160025510937
1005,143310,1,1,2.528417040593922
1006,143311,1,0,2.5092310388572514
1007,143312,1,0,2.5106529938057065
1008,143313,1,0,2.507878001779318
1009,143314,1,0,2.512898005079478
1010,143315,1,0,2.4967880453914404
1011,143316,1,0,2.538874978199601
1012,143317,1,0,2.5252599734812975
1013,143318,1,1,2.5349989882670343
1014,143319,1,0,2.519640023820102
1015,143320,1,0,2.5042409542948008
1016,143321,1,0,2.5181070086546242
1017,143322,1,0,2.53438699292019
1018,143323,1,0,2.5188179570250213
1019,143324,1,0,2.5098620099015534
1020,143325,1,1,2.512766979634762
1021,143326,1,0,2.5245900033041835
1022,143327,1,0,2.5403480394743383
1023,143328,1,0,2.6447619893588126
1024,143329,1,0,2.5088090333156288
1025,143330,1,0,2.518076973501593
1026,143331,1,0,2.501156006474048
1027,143332,1,1,2.5471309782005847
1028,143333,1,0,2.5082490174099803
1029,143334,1,0,2.5163129903376102
1030,143335,1,0,2.543454000260681
1031,143336,1,0,2.519368950743228
1032,143337,1,0,2.5117950281128287
1033,143338,1,0,2.534457016736269
1034,143339,1,0,2.5231859763152897
1035,143340,1,1,2.507497032638639
1036,143341,1,0,2.510083024390042
1037,143342,1,0,2.5017769658006728
1038,143343,1,0,2.52025097142905
1039,143344,1,0,2.5118350167758763
1040,143345,1,0,2.514599997084588
1041,143346,1,0,2.4996629799716175
1042,143347,1,1,2.512365987058729
1043,143348,1,0,2.504742005839944
1044,143349,1,0,2.5002440088428557
1045,143350,1,0,2.5135489995591342
1046,143351,1,0,2.5149709545075893
1047,143352,1,0,2.5208930019289255
1048,143353,1,0,2.517975983209908
1049,143354,1,0,2.5221050018444657
1050,143355,1,1,2.631286974065006
1051,143356,1,0,2.519609988667071
1052,143357,1,0,2.510041987989098
1053,143358,1,0,2.5057540042325854
1054,143359,1,0,2.5068759568966925
1055,143360,1,0,2.50322901410982
1056,143361,1,0,2.5146109983325005
1057,143362,1,1,2.5012759724631906
1058,143363,1,0,2.5176869821734726
1059,143364,1,0,2.4991719983518124
1060,143365,1,0,2.511383965611458
1061,143366,1,0,2.506776014342904
1062,143367,1,0,2.512637001927942
1063,143368,1,0,2.5011959951370955
1064,143369,1,0,2.51885800389573
1065,143370,1,1,2.5132180307991803
1066,143371,1,0,2.506204997189343
1067,143372,1,0,2.5165139813907444
1068,143373,1,0,2.5055530131794512
1069,143374,1,0,2.514800988137722
1070,143375,1,0,2.508229052182287
1071,143376,1,0,2.5131070287898183
1072,143377,1,1,2.5071760173887014
1073,143378,1,0,2.5266429875046015
1074,143379,1,0,2.552830963395536
1075,143380,1,0,2.541280002333224
1076,143381,1,0,2.638781035784632
1077,143382,1,0,2.4950639926828444
1078,143383,1,0,2.510783961042762
1079,143384,1,0,2.493751992005855
1080,143385,1,1,2.5142900412902236
1081,143386,1,0,2.504622971173376
1082,143387,1,0,2.5249490281566978
1083,143388,1,0,2.5110539863817394
1084,143389,1,0,2.5139490026049316
1085,143390,1,0,2.5129279820248485
1086,143391,1,0,2.5105029926635325
1087,143392,1,1,2.5108239497058094
1088,143393,1,0,2.498371002729982
1089,143394,1,0,2.5151020381599665
1090,143395,1,0,2.501695998944342
1091,143396,1,0,2.514129038900137
1092,143397,1,0,2.503198978956789
1093,143398,1,0,2.517735993023962
1094,143399,1,1,2.50441103707999
1095,143400,1,0,2.5168749853037298
1096,143401,1,0,2.508550009224564
1097,143402,1,0,2.5065960362553596
1098,143403,1,0,2.5175559567287564
1099,143404,1,0,2.5163340033032
1100,143405,1,0,2.512086008209735
1101,143406,1,0,2.5007750373333693
1102,143407,1,1,2.518438035622239
1103,143408,1,0,2.628021000418812
1104,143409,1,0,2.5154019822366536
1105,143410,1,0,2.503591007553041
1106,143411,1,0,2.513958956114948
1107,143412,1,0,2.512827981263399
1108,143413,1,0,2.5053930003196
1109,143414,1,1,2.5158829521387815
1110,143415,1,0,2.507888013496995
1111,143416,1,0,2.5170750450342894
1112,143417,1,0,2.5042310007847846
1113,143418,1,0,2.5173260364681482
1114,143419,1,0,2.517104963771999
1115,143420,1,0,2.508519042748958
1116,143421,1,0,2.4969480000436306
1117,143422,1,1,2.52310698851943
1118,143423,1,0,2.5135789765045047
1119,143424,1,0,2.5149809662252665
1120,143425,1,0,2.5140700163319707
1121,143426,1,0,2.5024879723787308
1122,143427,1,0,2.517535991501063
1123,143428,1,0,2.5500759948045015
1124,143429,1,1,2.524850016925484
1125,143430,1,0,2.5049630203284323
1126,143431,1,0,2.5141590158455074
1127,143432,1,0,2.5138789787888527
1128,143433,1,0,2.5190390297211707
1129,143434,1,0,2.645283006131649
1130,143435,1,0,2.5144710089080036
1131,143436,1,0,2.516073000151664
1132,143437,1,1,2.5043010246008635
1133,143438,1,0,2.5138789787888527
1134,143439,1,0,2.507337019778788
1135,143440,1,0,2.5146309635601938
1136,143441,1,0,2.5072170537896454
1137,143442,1,0,2.516073000151664
1138,143443,1,0,2.519208996091038
1139,143444,1,1,2.510943973902613
1140,143445,1,0,2.5133679737336934
1141,143446,1,0,2.50662601320073
1142,143447,1,0,2.512616978492588
1143,143448,1,0,2.5092109572142363
1144,143449,1,0,2.51324794953689
1145,143450,1,0,2.517735993023962
1146,143451,1,0,2.522905997466296
1147,143452,1,1,2.5138090131804347
1148,143453,1,0,2.5135689647868276
1149,143454,1,0,2.5040009641088545
1150,143455,1,0,2.5079380138777196
1151,143456,1,0,2.5160129880532622
1152,143457,1,0,2.5031190016306937
1153,143458,1,0,2.5402280152775347
1154,143459,1,1,2.5146700209006667
1155,143460,1,0,2.528136014007032
1156,143461,1,0,2.6367370155639946
1157,143462,1,0,2.512416976969689
1158,143463,1,0,2.5135890464298427
1159,143464,1,0,2.504661970306188
1160,143465,1,0,2.5150509900413454
1161,143466,1,1,2.509880985599011
1162,143467,1,0,2.5545439566485584
1163,143468,1,0,2.5229559978470206
1164,143469,1,0,2.51890899380669
1165,143470,1,0,2.511375001631677
1166,143471,1,0,2.518096996936947
1167,143472,1,0,2.504601958207786
1168,143473,1,0,2.5145310210064054
1169,143474,1,1,2.5149810244329274
1170,143475,1,0,2.5085689849220216
1171,143476,1,0,2.5157630443573
1172,143477,1,0,2.50809796852991
1173,143478,1,0,2.523306990042329
1174,143479,1,0,4.252801998518407
1175,143480,1,0,3.4039089805446565
1176,143481,1,1,2.6044970145449042
1177,143482,1,0,2.59039195952937
1178,143483,1,0,2.5662360130809247
1179,143484,1,0,2.5808640057221055
1180,143485,1,0,2.5690209586173296
1181,143486,1,0,2.5430929963476956
1182,143487,1,0,2.7659059851430357
1183,143488,1,0,2.570835000369698
1184,143489,1,1,2.5541840004734695
1185,143490,1,0,2.5572190061211586
1186,143491,1,0,2.544726012274623
1187,143492,1,0,2.545227005612105
1188,143493,1,0,2.535038976930082
1189,143494,1,0,2.528637007344514
1190,143495,1,0,2.54193099681288
1191,143496,1,1,2.5317020481452346
1192,143497,1,0,2.587536000646651
1193,143498,1,0,2.53953697392717
1194,143499,1,0,2.5466199731454253
1195,143500,1,0,2.5412600371055305
1196,143501,1,0,2.528917044401169
1197,143502,1,0,2.54965596832335
1198,143503,1,0,2.5309399934485555
1199,143504,1,1,2.539596986025572
1200,143505,1,0,2.5305600138381124
1201,143506,1,0,2.5478419847786427
1202,143507,1,0,2.531762991566211
1203,143508,1,0,2.5747419567778707
1204,143509,1,0,2.5730589986778796
1205,143510,1,0,2.5365910260006785
1206,143511,1,1,2.535759995225817
1207,143512,1,0,2.53158196574077
1208,143513,1,0,2.538976026698947
1209,143514,1,0,2.6642680168151855
1210,143515,1,0,2.5239280075766146
1211,143516,1,0,2.532394020818174
1212,143517,1,0,2.5301490095444024
1213,143518,1,0,2.542181988246739
1214,143519,1,1,2.5381039595231414
1215,143520,1,0,2.534147002734244
1216,143521,1,0,2.602023014333099
1217,143522,1,0,2.5313409860245883
1218,143523,1,0,2.533835999201983
1219,143524,1,0,2.524038020055741
1220,143525,1,0,2.5326850009150803
1221,143526,1,1,2.5188089930452406
1222,143527,1,0,2.5275939842686057
1223,143528,1,0,2.538575034122914
1224,143529,1,0,2.5197400245815516
1225,143530,1,0,2.529888995923102
1226,143531,1,0,2.5165140395984054
1227,143532,1,0,2.5311210192739964
1228,143533,1,0,2.5209420127794147
1229,143534,1,1,2.5272039929404855
1230,143535,1,0,2.516834996640682
1231,143536,1,0,2.51970998942852
1232,143537,1,0,2.5367119815200567
1233,143538,1,0,2.524379000533372
1234,143539,1,0,2.5317620020359755
1235,143540,1,0,2.654269977938384
1236,143541,1,1,2.5179869844578207
1237,143542,1,0,2.516002976335585
1238,143543,1,0,2.511814993340522
1239,143544,1,0,2.516563981771469
1240,143545,1,0,2.511856029741466
1241,143546,1,0,2.520451962482184
1242,143547,1,0,2.5171649758704007
1243,143548,1,1,2.528596029151231
1244,143549,1,0,2.51324794953689
1245,143550,1,0,2.5214329943992198
1246,143551,1,0,2.51767598092556
1247,143552,1,0,2.5331350043416023
1248,143553,1,0,2.526282041799277
1249,143554,1,0,2.5174160255119205
1250,143555,1,0,2.531080972403288
1251,143556,1,1,2.515441970899701
1252,143557,1,0,2.528837008867413
1253,143558,1,0,2.5190479937009513
1254,143559,1,0,2.535648993216455
1255,143560,1,0,2.521975024137646
1256,143561,1,0,2.5316319661214948
1257,143562,1,0,2.526773954741657
1258,143563,1,1,2.51795700751245
1259,143564,1,0,2.5218739756383
1260,143565,1,0,2.5128070265054703
1261,143566,1,0,2.5215029600076377
1262,143567,1,0,2.6390209677629173
1263,143568,1,0,2.5199310039170086
1264,143569,1,0,2.518358000088483
1265,143570,1,0,2.5179670192301273
1266,143571,1,1,2.522826020140201
1267,143572,1,0,2.517456014174968
1268,143573,1,0,2.5240890099667013
1269,143574,1,0,2.516333945095539
1270,143575,1,0,2.5357899721711874
1271,143576,1,0,2.5187580031342804
1272,143577,1,0,2.5420309975743294
1273,143578,1,1,2.508779987692833
1274,143579,1,0,2.5199400261044502
1275,143580,1,0,2.5159840006381273
1276,143581,1,0,2.5066459784284234
1277,143582,1,0,2.5145509862340987
1278,143583,1,0,2.521312970202416
1279,143584,1,0,2.516013046260923
1280,143585,1,0,2.5118759949691594
1281,143586,1,1,2.510763006284833
1282,143587,1,0,2.500483999028802
1283,143588,1,0,2.523487026337534
1284,143589,1,0,2.5198200019076467
1285,143590,1,0,2.5201409589499235
1286,143591,1,0,2.522023976780474
1287,143592,1,0,2.508780045900494
1288,143593,1,1,2.6399429771117866
1289,143594,1,0,2.5065860245376825
1290,143595,1,0,2.5056240265257657
1291,143596,1,0,2.493221021723002
1292,143597,1,0,2.5152419693768024
1293,143598,1,0,2.5054029538296163
1294,143599,1,0,2.5175560149364173
1295,143600,1,0,2.525421034079045
1296,143601,1,1,2.5071569834835827
1297,143602,1,0,2.514539984986186
1298,143603,1,0,2.510252990759909
1299,143604,1,0,2.519419009331614
1300,143605,1,0,2.5133879971690476
1301,143606,1,0,2.51751602627337
1302,143607,1,0,2.505724027287215
1303,143608,1,1,2.525711024645716
1304,143609,1,0,2.5056139566004276
1305,143610,1,0,2.518718014471233
1306,143611,1,0,2.513108018320054
1307,143612,1,0,2.51996103907004
1308,143613,1,0,2.508078992832452
1309,143614,1,0,2.4995229905471206
1310,143615,1,1,2.5282460264861584
1311,143616,1,0,2.510212012566626
1312,143617,1,0,2.525720978155732
1313,143618,1,0,2.5073879514820874
1314,143619,1,0,2.5246290024369955
1315,143620,1,0,2.6407139957882464
1316,143621,1,0,2.50943104038015
1317,143622,1,0,2.5141299702227116
1318,143623,1,1,2.5022969930432737
1319,143624,1,0,2.510352001991123
1320,143625,1,0,2.5037709856405854
1321,143626,1,0,2.5199810042977333
1322,143627,1,0,2.5124269886873662
1323,143628,1,0,2.5231969775632024
1324,143629,1,0,2.50382098602131
1325,143630,1,1,2.5194790214300156
1326,143631,1,0,2.5033100391738117
1327,143632,1,0,2.513177983928472
1328,143633,1,0,2.5123170344159007
1329,143634,1,0,2.5028189993463457
1330,143635,1,0,2.511034021154046
1331,143636,1,0,2.505232987459749
1332,143637,1,0,2.5164540275000036
1333,143638,1,1,2.504953008610755
1334,143639,1,0,2.5096519966609776
1335,143640,1,0,2.5021680048666894
1336,143641,1,0,2.508188015781343
1337,143642,1,0,2.504821983166039
1338,143643,1,0,2.5158129865303636
1339,143644,1,0,2.5112840230576694
1340,143645,1,1,2.500384987797588
1341,143646,1,0,2.6262880419380963
1342,143647,1,0,2.510163001716137
1343,143648,1,0,2.508308971300721
1344,143649,1,0,2.498271001968533
1345,143650,1,0,2.51159502658993
1346,143651,1,0,2.5110639980994165
1347,143652,1,0,2.5125970132648945
1348,143653,1,1,2.5060539483092725
1349,143654,1,0,2.5049829855561256
1350,143655,1,0,2.5048019597306848
1351,143656,1,0,2.502458984963596
1352,143657,1,0,2.5201610405929387
1353,143658,1,0,2.491618040949106
1354,143659,1,0,2.513448998797685
1355,143660,1,1,2.504371979739517
1356,143661,1,0,2.5098720216192305
1357,143662,1,0,2.5032300036400557
1358,143663,1,0,2.516362990718335
1359,143664,1,0,2.506636024918407
1360,143665,1,0,2.5089799892157316
1361,143666,1,0,2.508880046661943
1362,143667,1,0,2.5142799713648856
1363,143668,1,1,2.5156419724226
1364,143669,1,0,2.5038509629666805
1365,143670,1,0,2.5186390266753733
1366,143671,1,0,2.5007050135172904
1367,143672,1,0,2.5723280268721282
1368,143673,1,0,2.6298739830963314
1369,143674,1,0,2.5115140015259385
1370,143675,1,1,2.5060250191017985
1371,143676,1,0,2.5157019845210016
1372,143677,1,0,2.526874013710767
1373,143678,1,0,2.508619043510407
1374,143679,1,0,2.513379033189267
1375,143680,1,0,2.5052130222320557
1376,143681,1,0,2.5179969961754978
1377,143682,1,0,2.504381991457194
1378,143683,1,1,2.5125459651462734
1379,143684,1,0,2.5047019589692354
1380,143685,1,0,2.5133780436590314
1381,143686,1,0,2.5174960028380156
1382,143687,1,0,2.517665969207883
1383,143688,1,0,2.5149310240522027
1384,143689,1,0,2.508759032934904
1385,143690,1,1,2.5193889741785824
1386,143691,1,0,2.5100820348598063
1387,143692,1,0,2.5181469973176718
1388,143693,1,0,2.508299017790705
1389,143694,1,0,2.5211329921148717
1390,143695,1,0,2.509000012651086
1391,143696,1,0,2.5152520393021405
1392,143697,1,1,2.512787003070116
1393,143698,1,0,2.5183879770338535
1394,143699,1,0,2.634463016875088
1395,143700,1,0,2.500755013898015
1396,143701,1,0,2.5062350323423743
1397,143702,1,0,2.5071569834835827
1398,143703,1,0,2.5143299717456102
1399,143704,1,0,2.5048420066013932
1400,143705,1,1,2.5132179725915194
1401,143706,1,0,2.4973690160550177
1402,143707,1,0,2.5096110184676945
1403,143708,1,0,2.510623016860336
1404,143709,1,0,2.5105930399149656
1405,143710,1,0,2.5107740075327456
1406,143711,1,0,2.5048330426216125
1407,143712,1,1,2.5118060293607414
1408,143713,1,0,2.5007740478031337
1409,143714,1,0,2.524860028643161
1410,143715,1,0,2.5030290125869215
1411,143716,1,0,2.511925995349884
1412,143717,1,0,2.5129379937425256
1413,143718,1,0,2.5194199988618493
1414,143719,1,0,2.5117950281128287
1415,143720,1,1,2.520260983146727
1416,143721,1,0,2.5103820371441543
1417,143722,1,0,2.5420509628020227
1418,143723,1,0,2.525651012547314
1419,143724,1,0,2.519970992580056
1420,143725,1,0,2.5291279889643192
1421,143726,1,0,2.6390209677629173
1422,143727,1,1,2.5144609971903265
1423,143728,1,0,2.516895008739084
1424,143729,1,0,2.508929988835007
1425,143730,1,0,2.5125870015472174
1426,143731,1,0,2.5064150104299188
1427,143732,1,0,2.519259986001998
1428,143733,1,0,2.5114939780905843
1429,143734,1,0,2.5203010300174356
1430,143735,1,1,2.514861000236124
1431,143736,1,0,2.522154012694955
1432,143737,1,0,2.5165040278807282
1433,143738,1,0,2.5174060137942433
1434,143739,1,0,2.5206419522874057
1435,143740,1,0,2.514310006517917
1436,143741,1,0,2.5129280402325094
1437,143742,1,1,2.493751992005855
1438,143743,1,0,2.5178469950333238
1439,143744,1,0,2.516253967769444
1440,143745,1,0,2.5212729815393686
1441,143746,1,0,2.5090400013141334
1442,143747,1,0,2.518577966839075
1443,143748,1,0,2.5105230160988867
1444,143749,1,0,2.520031004678458
1445,143750,1,1,2.5107840192504227
1446,143751,1,0,2.5139289791695774
1447,143752,1,0,2.644391031935811
1448,143753,1,0,2.5015659630298615
1449,143754,1,0,2.5123769883066416
1450,143755,1,0,2.5022280169650912
1451,143756,1,0,2.5177159695886075
1452,143757,1,1,2.504201023839414
1453,143758,1,0,2.511585014872253
1454,143759,1,0,2.5065959780476987
1455,143760,1,0,2.504681993741542
1456,143761,1,0,2.516233013011515
1457,143762,1,0,2.5076279998756945
1458,143763,1,0,2.5166149716824293
1459,143764,1,1,2.5126459659077227
1460,143765,1,0,2.52622296102345
1461,143766,1,0,2.5064049987122416
1462,143767,1,0,2.516805019695312
1463,143768,1,0,2.5075380108319223
1464,143769,1,0,2.5170150329358876
1465,143770,1,0,2.508780045900494
1466,143771,1,0,2.51877901609987
1467,143772,1,1,2.5340659776702523
1468,143773,1,0,2.5616969796828926
1469,143774,1,0,2.5308110052719712
1470,143775,1,0,2.515683008823544
1471,143776,1,0,2.51726497663185
1472,143777,1,0,2.5204309495165944
1473,143778,1,0,2.5216040085069835
1474,143779,1,1,2.635784971062094
1475,143780,1,0,2.5026689982041717
1476,143781,1,0,2.5178469950333238
1477,143782,1,0,2.5056239683181047
1478,143783,1,0,2.5212829932570457
1479,143784,1,0,2.508368983399123
1480,143785,1,0,2.512887993361801
1481,143786,1,0,2.50418100040406
1482,143787,1,1,2.5277850218117237
1483,143788,1,0,2.5022579939104617
1484,143789,1,0,2.5190479937009513
1485,143790,1,0,2.5098620099015534
1486,143791,1,0,2.508299017790705
1487,143792,1,0,2.5173749891109765
1488,143793,1,0,2.5163640384562314
1489,143794,1,1,2.5191179593093693
1490,143795,1,0,2.5131780421361327
1491,143796,1,0,2.5096909957937896
1492,143797,1,0,2.512606035452336
1493,143798,1,0,2.5305599556304514
1494,143799,1,0,2.5032199919223785
1495,143800,1,0,2.5119250058196485
1496,143801,1,0,2.4957360001280904
1497,143802,1,1,2.5099320337176323
1498,143803,1,0,2.5087089743465185
1499,143804,1,0,2.500975038856268
1500,143805,1,0,2.6347730308771133
1501,143806,1,0,2.5004239869304
1502,143807,1,0,2.509721030946821
1503,143808,1,0,2.4991119862534106
1504,143809,1,1,2.506926015485078
1505,143810,1,0,2.4893939844332635
1506,143811,1,0,2.5053740246221423
1507,143812,1,0,2.5095210294239223
1508,143813,1,0,2.501857001334429
1509,143814,1,0,2.5052130222320557
1510,143815,1,0,2.498099987860769
1511,143816,1,0,2.5111149880103767
1512,143817,1,1,2.5023779598996043
1513,143818,1,0,2.504723030142486
1514,143819,1,0,2.5058939936570823
1515,143820,1,0,2.511013997718692
1516,143821,1,0,2.5018370361067355
1517,143822,1,0,2.5145909748971462
1518,143823,1,0,2.5200810050591826
1519,143824,1,1,2.516543958336115
1520,143825,1,0,2.499553025700152
1521,143826,1,0,2.5086189853027463
1522,143827,1,0,2.521504007745534
1523,143828,1,0,2.504821983166039
1524,143829,1,0,2.51844699960202
1525,143830,1,0,2.5035300059244037
1526,143831,1,1,2.517857006751001
1527,143832,1,0,2.6306749787181616
1528,143833,1,0,2.5086990208365023
1529,143834,1,0,2.503339957911521
1530,143835,1,0,2.512336999643594
1531,143836,1,0,2.506966993678361
1532,143837,1,0,2.5111540453508496
1533,143838,1,0,2.516002976335585
1534,143839,1,1,2.5011859834194183
1535,143840,1,0,2.5174159673042595
1536,143841,1,0,2.506705990526825
1537,143842,1,0,2.517205022741109
1538,143843,1,0,2.5134580209851265
1539,143844,1,0,2.506616001483053
1540,143845,1,0,2.5021170149557292
1541,143846,1,1,2.513688988983631
1542,143847,1,0,2.507998957298696
1543,143848,1,0,2.5669970200397074
1544,143849,1,0,2.516473992727697
1545,143850,1,0,2.5037209852598608
1546,143851,1,0,2.5275039952248335
1547,143852,1,0,2.5086100213229656
1548,143853,1,0,2.510693040676415
1549,143854,1,1,2.4985509808175266
1550,143855,1,0,2.513228973839432
1551,143856,1,0,2.5090599665418267
1552,143857,1,0,2.519640023820102
1553,143858,1,0,2.6368870167061687
1554,143859,1,0,2.4940830189734697
1555,143860,1,0,2.51885800389573
1556,143861,1,1,2.5012450059875846
1557,143862,1,0,2.506845979951322
1558,143863,1,0,2.5009959936141968
1559,143864,1,0,2.512247010599822
1560,143865,1,0,2.495855966117233
1561,143866,1,0,2.5055240257643163
1562,143867,1,0,2.508940000552684
1563,143868,1,0,2.5164440157823265
1564,143869,1,1,2.505723969079554
1565,143870,1,0,2.5047219824045897
1566,143871,1,0,2.5183469988405704
1567,143872,1,0,2.5019070017151535
1568,143873,1,0,2.52228497993201
1569,143874,1,0,2.5048719835467637
1570,143875,1,0,2.518096996936947
1571,143876,1,1,2.5083990185521543
1572,143877,1,0,2.516212989576161
1573,143878,1,0,2.508089004550129
1574,143879,1,0,2.5164440157823265
1575,143880,1,0,2.5028890231624246
1576,143881,1,0,2.5080289924517274
1577,143882,1,0,2.513619023375213
1578,143883,1,0,2.5032800040207803
1579,143884,1,1,2.5171450106427073
1580,143885,1,0,2.620607032440603
1581,143886,1,0,2.5107929832302034
1582,143887,1,0,2.513808954972774
1583,143888,1,0,2.5195199996232986
1584,143889,1,0,2.4996830034069717
1585,143890,1,0,2.5136490003205836
1586,143891,1,1,2.5076869642362
1587,143892,1,0,2.5031400145962834
1588,143893,1,0,2.5091900024563074
1589,143894,1,0,2.505574026145041
1590,143895,1,0,2.5176460039801896
1591,143896,1,0,2.5028689997270703
1592,143897,1,0,2.526491996832192
1593,143898,1,0,2.5921339984051883
1594,143899,1,1,2.513819024898112
1595,143900,1,0,2.5323829613626003
1596,143901,1,0,2.5432530092075467
1597,143902,1,0,2.51494103576988
1598,143903,1,0,2.5033800047822297
1599,143904,1,0,2.517034998163581
1600,143905,1,0,2.505765005480498
1601,143906,1,1,2.516473992727697
1602,143907,1,0,2.5002239854075015
1603,143908,1,0,2.5153319584205747
1604,143909,1,0,2.5097219622693956
1605,143910,1,0,2.526602998841554
1606,143911,1,0,2.6458639767952263
1607,143912,1,0,2.50001298263669
1608,143913,1,1,2.512225997634232
1609,143914,1,0,2.5026980438269675
1610,143915,1,0,2.5182170211337507
1611,143916,1,0,2.4966070195659995
1612,143917,1,0,2.5140500511042774
1613,143918,1,0,2.50685604987666
1614,143919,1,0,2.5172950117848814
1615,143920,1,0,2.50580400461331
1616,143921,1,1,2.5200300151482224
1617,143922,1,0,2.508019038941711
1618,143923,1,0,2.5400270242244005
1619,143924,1,0,2.528467040974647
1620,143925,1,0,2.5080390041694045
1621,143926,1,0,2.5127570261247456
1622,143927,1,0,2.50516296364367
1623,143928,1,1,2.5182170211337507
1624,143929,1,0,2.5078679900616407
1625,143930,1,0,2.5126170367002487
1626,143931,1,0,2.502758987247944
1627,143932,1,0,2.5156630435958505
1628,143933,1,0,2.5047720409929752
1629,143934,1,0,2.5077880127355456
1630,143935,1,0,2.516023989301175
1631,143936,1,1,2.5007150252349675
1632,143937,1,0,2.524659037590027
1633,143938,1,0,2.6224509929306805
1634,143939,1,0,2.5230160099454224
1635,143940,1,0,2.5070569827221334
1636,143941,1,0,2.5077679893001914
1637,143942,1,0,2.4990320089273155
1638,143943,1,1,2.4991019745357335
1639,143944,1,0,2.5126459659077227
1640,143945,1,0,2.5026079965755343
1641,143946,1,0,2.512797014787793
1642,143947,1,0,2.5083390064537525
1643,143948,1,0,2.5176460039801896
1644,143949,1,0,2.5048129609785974
1645,143950,1,0,2.5151920272037387
1646,143951,1,1,2.5065650115720928
1647,143952,1,0,2.5079980259761214
1648,143953,1,0,2.512407023459673
1649,143954,1,0,2.5269630132243037
1650,143955,1,0,2.515963977202773
1651,143956,1,0,2.506766002625227
1652,143957,1,0,2.5324129965156317
1653,143958,1,1,2.5066050002351403
1654,143959,1,0,2.5339670246466994
1655,143960,1,0,2.504742005839944
1656,143961,1,0,2.5182070094160736
1657,143962,1,0,2.5097710313275456
1658,143963,1,0,2.522344992030412
1659,143964,1,0,2.6439999928697944
1660,143965,1,0,2.5043709902092814
1661,143966,1,1,2.515361993573606
1662,143967,1,0,2.515161002520472
1663,143968,1,0,2.5221550022251904
1664,143969,1,0,2.512697014026344
1665,143970,1,0,2.521804010029882
1666,143971,1,0,2.5060250191017985
1667,143972,1,0,2.518578025046736
1668,143973,1,1,2.5133680319413543
1669,143974,1,0,2.515002037398517
1670,143975,1,0,2.5225860299542546
1671,143976,1,0,2.5135690229944885
1672,143977,1,0,2.523276023566723
1673,143978,1,0,2.513288054615259
1674,143979,1,0,2.5262319832108915
1675,143980,1,1,2.5077879545278847
1676,143981,1,0,2.520260983146727
1677,143982,1,0,2.504752017557621
1678,143983,1,0,2.519950969144702
1679,143984,1,0,2.5192489847540855
1680,143985,1,0,2.5044310023076832
1681,143986,1,0,2.527655044104904
1682,143987,1,0,2.512916980776936
1683,143988,1,1,2.5207219878211617
1684,143989,1,0,2.5108630070462823
1685,143990,1,0,2.519348985515535
1686,143991,1,0,2.630164031870663
1687,143992,1,0,2.5066559901461005
1688,143993,1,0,2.5235579814761877
1689,143994,1,0,2.4938220158219337
1690,143995,1,1,2.5152909802272916
1691,143996,1,0,2.500965027138591
1692,143997,1,0,2.5150009896606207
1693,143998,1,0,2.5008049560710788
1694,143999,1,0,2.6512040058150887
1695,144000,1,0,2.5088100228458643
1696,144001,1,0,2.5045020156539977
1697,144002,1,0,2.508368983399123
1698,144003,1,1,2.4999830056913197
1699,144004,1,0,2.518518012948334
1700,144005,1,0,2.5023980415426195
1701,144006,1,0,2.5252210325561464
1702,144007,1,0,2.504071977455169
1703,144008,1,0,2.5264830328524113
1704,144009,1,0,2.5032899575307965
1705,144010,1,1,2.5136490003205836
1706,144011,1,0,2.5032400153577328
1707,144012,1,0,2.514749998226762
1708,144013,1,0,2.519368950743228
1709,144014,1,0,2.5020880275405943
1710,144015,1,0,2.507678000256419
1711,144016,1,0,2.502347982954234
1712,144017,1,0,2.6501620304770768
1713,144018,1,1,2.516142965760082
1714,144019,1,0,2.527393982745707
1715,144020,1,0,2.5011259713210166
1716,144021,1,0,2.511585014872253
1717,144022,1,0,2.5014160200953484
1718,144023,1,0,2.4980499874800444
1719,144024,1,0,3.304073994513601
1720,144025,1,1,3.8055329932831228
1721,144026,1,0,2.542220987379551
1722,144027,1,0,2.513348008506
1723,144028,1,0,2.51849798951298
1724,144029,1,0,2.498590969480574
1725,144030,1,0,2.505303011275828
1726,144031,1,0,2.504942996893078
1727,144032,1,0,2.5118659832514822
1728,144033,1,1,2.5042810011655092
1729,144034,1,0,2.498030022252351
1730,144035,1,0,2.507878001779318
1731,144036,1,0,2.4945129989646375
1732,144037,1,0,2.5156530318781734
1733,144038,1,0,2.502368006389588
1734,144039,1,0,2.51393998041749
1735,144040,1,1,2.504953008610755
1736,144041,1,0,2.5155229959636927
1737,144042,1,0,2.5050120311789215
1738,144043,1,0,2.5188089930452406
1739,144044,1,0,2.6467159623280168
1740,144045,1,0,2.5035100406967103
1741,144046,1,0,2.515572006814182
1742,144047,1,1,2.50217696884647
1743,144048,1,0,2.51429999480024
1744,144049,1,0,2.4992519756779075
1745,144050,1,0,2.5069169932976365
1746,144051,1,0,2.5035199942067266
1747,144052,1,0,2.520681999158114
1748,144053,1,0,2.501445997040719
1749,144054,1,0,2.5120360078290105
1750,144055,1,1,2.497528970707208
1751,144056,1,0,2.519379951991141
1752,144057,1,0,2.513929968699813
1753,144058,1,0,2.5062549975700676
1754,144059,1,0,2.5221750256605446
1755,144060,1,0,2.5040809996426105
1756,144061,1,0,2.5094710290431976
1757,144062,1,1,2.50716699520126
1758,144063,1,0,2.5115450262092054
1759,144064,1,0,2.512365987058729
1760,144065,1,0,2.5150220026262105
1761,144066,1,0,2.5085199740715325
1762,144067,1,0,2.5085689849220216
1763,144068,1,0,2.5056450394913554
1764,144069,1,0,2.4936520494520664
1765,144070,1,1,2.631035982631147
1766,144071,1,0,2.510944032110274
1767,144072,1,0,2.514310006517917
1768,144073,1,0,2.4983499897643924
1769,144074,1,0,2.516104024834931
1770,144075,1,0,2.496818022336811
1771,144076,1,0,2.508528996258974
1772,144077,1,1,2.5040709879249334
1773,144078,1,0,2.515432017389685
1774,144079,1,0,2.5115350144915283
1775,144080,1,0,2.508239005692303
1776,144081,1,0,2.508859965018928
1777,144082,1,0,2.4875900126062334
1778,144083,1,0,2.520811976864934
1779,144084,1,0,2.4996630381792784
1780,144085,1,1,2.505153010133654
1781,144086,1,0,2.5057540042325854
1782,144087,1,0,2.516974986065179
1783,144088,1,0,2.5077880127355456
1784,144089,1,0,2.513427985832095
1785,144090,1,0,2.495535009074956
1786,144091,1,0,2.511233964469284
1787,144092,1,1,2.507898025214672
1788,144093,1,0,2.5103430380113423
1789,144094,1,0,2.505864016711712
1790,144095,1,0,2.5022280169650912
1791,144096,1,0,2.525891992263496
1792,144097,1,0,2.634864009451121
1793,144098,1,0,2.558753010816872
1794,144099,1,0,2.502738032490015
1795,144100,1,1,2.5110639980994165
1796,144101,1,0,2.5133179733529687
1797,144102,1,0,2.502568007912487
1798,144103,1,0,2.5189280277118087
1799,144104,1,0,2.503149036783725
1800,144105,1,0,2.5202109827660024
1801,144106,1,0,2.509400015696883
1802,144107,1,1,2.548502990975976
1803,144108,1,0,2.534727973397821
1804,144109,1,0,2.517616027034819
1805,144110,1,0,2.524940005969256
1806,144111,1,0,2.5425120256841183
1807,144112,1,0,2.5494660367257893
1808,144113,1,0,2.516132954042405
1809,144114,1,0,2.531512000132352
1810,144115,1,1,2.5175660266540945
1811,144116,1,0,2.526341995690018
1812,144117,1,0,2.5066559901461005
1813,144118,1,0,2.530338999349624
1814,144119,1,0,2.5191589957103133
1815,144120,1,0,2.5154119939543307
1816,144121,1,0,2.521954011172056
1817,144122,1,1,2.5085899978876114
1818,144123,1,0,2.661583013832569
1819,144124,1,0,2.516734995879233
1820,144125,1,0,2.528136014007032
1821,144126,1,0,2.498521003872156
1822,144127,1,0,2.5620380183681846
1823,144128,1,0,2.5261720293201506
1824,144129,1,1,2.505733980797231
1825,144130,1,0,2.525851014070213
1826,144131,1,0,2.512205974198878
1827,144132,1,0,2.5124860112555325
1828,144133,1,0,2.5045819929800928
1829,144134,1,0,2.525951014831662
1830,144135,1,0,2.508368983399123
1831,144136,1,0,2.583277993835509
1832,144137,1,1,2.531461010221392
1833,144138,1,0,2.501867013052106
1834,144139,1,0,2.563321031630039
1835,144140,1,0,2.510643971618265
1836,144141,1,0,2.5076179881580174
1837,144142,1,0,2.4973080144263804
1838,144143,1,0,2.519609988667071
1839,144144,1,1,2.511375001631677
1840,144145,1,0,2.5683599524199963
1841,144146,1,0,2.5043420027941465
1842,144147,1,0,2.4996319552883506
1843,144148,1,0,2.5163739919662476
1844,144149,1,0,2.4988919612951577
1845,144150,1,0,2.6397819747217
1846,144151,1,0,2.4948340142145753
1847,144152,1,1,2.546049014199525
1848,144153,1,0,2.4999729939736426
1849,144154,1,0,2.4975889828056097
1850,144155,1,0,2.5033889687620103
1851,144156,1,0,2.508208970539272
1852,144157,1,0,2.505312964785844
1853,144158,1,0,2.497479028534144
1854,144159,1,1,2.509169979020953
1855,144160,1,0,2.511163998860866
1856,144161,1,0,2.516173990443349
1857,144162,1,0,2.499772992450744
1858,144163,1,0,2.5163530372083187
1859,144164,1,0,2.503319992683828
1860,144165,1,0,2.506396034732461
1861,144166,1,0,2.5043009663932025
1862,144167,1,1,2.515463042072952
1863,144168,1,0,2.5128480046987534
1864,144169,1,0,2.512347011361271
1865,144170,1,0,2.516243956051767
1866,144171,1,0,2.496887987945229
1867,144172,1,0,2.5160229997709394
1868,144173,1,0,2.5056239683181047
1869,144174,1,1,2.516002976335585
1870,144175,1,0,2.5055939913727343
1871,144176,1,0,2.6511839823797345
1872,144177,1,0,2.558893000241369
1873,144178,1,0,2.5010560057125986
1874,144179,1,0,2.510313002858311
1875,144180,1,0,2.500354021321982
1876,144181,1,0,2.515762986149639
1877,144182,1,1,2.509230049327016
1878,144183,1,0,2.5334960082545877
1879,144184,1,0,2.510051999706775
1880,144185,1,0,2.5277050444856286
1881,144186,1,0,2.5237969821318984
1882,144187,1,0,2.508028002921492
1883,144188,1,0,2.5202520191669464
1884,144189,1,1,2.510122023522854
1885,144190,1,0,2.516654960345477
1886,144191,1,0,2.5133980088867247
1887,144192,1,0,2.5267230230383575
1888,144193,1,0,2.509250945877284
1889,144194,1,0,2.5198800140060484
1890,144195,1,0,2.50662601320073
1891,144196,1,1,2.528286015149206
1892,144197,1,0,2.508569974452257
1893,144198,1,0,2.507316996343434
1894,144199,1,0,2.5102219660766423
1895,144200,1,0,2.513257961254567
1896,144201,1,0,2.522065013181418
1897,144202,1,0,2.508158970158547
1898,144203,1,0,2.645662985742092
1899,144204,1,1,2.4989009834825993
1900,144205,1,0,2.5164440157823265
1901,144206,1,0,2.5092409923672676
1902,144207,1,0,2.5172249879688025
1903,144208,1,0,2.5187580031342804
1904,144209,1,0,2.5009760283865035
1905,144210,1,0,2.515572006814182
1906,144211,1,1,2.5124960229732096
1907,144212,1,0,2.515372005291283
1908,144213,1,0,2.501376031432301
1909,144214,1,0,2.5179769727401435
1910,144215,1,0,2.5043010246008635
1911,144216,1,0,2.5260610273107886
1912,144217,1,0,2.5009660166688263
1913,144218,1,0,2.5168549618683755
1914,144219,1,1,2.523177012335509
1915,144220,1,0,2.5137889897450805
1916,144221,1,0,2.5122759980149567
1917,144222,1,0,2.506396034732461
1918,144223,1,0,2.52387800719589
1919,144224,1,0,2.549164986703545
1920,144225,1,0,2.517045009881258
1921,144226,1,1,2.5049520190805197
1922,144227,1,0,2.53773300210014
1923,144228,1,0,2.5097609614022076
1924,144229,1,0,2.6297239819541574
1925,144230,1,0,2.5182770332321525
1926,144231,1,0,2.505583979655057
1927,144232,1,0,2.5220749666914344
1928,144233,1,0,2.507266995962709
1929,144234,1,1,2.5184580008499324
1930,144235,1,0,2.506194985471666
1931,144236,1,0,2.5168450083583593
1932,144237,1,0,2.4958860012702644
1933,144238,1,0,2.505333977751434
1934,144239,1,0,2.512146020308137
1935,144240,1,0,2.509901998564601
1936,144241,1,1,2.5155420298688114
1937,144242,1,0,2.4983810144476593
1938,144243,1,0,2.5236569927074015
1939,144244,1,0,2.509130979888141
1940,144245,1,0,2.5161340017803013
1941,144246,1,0,2.5015759747475386
1942,144247,1,0,2.5221140240319073
1943,144248,1,0,2.5061549968086183
1944,144249,1,1,2.5474309804849327
1945,144250,1,0,2.5162840029224753
1946,144251,1,0,2.5098519981838763
1947,144252,1,0,2.5206009740941226
1948,144253,1,0,2.507386961951852
1949,144254,1,0,2.522115013562143
1950,144255,1,0,2.5039209867827594
1951,144256,1,1,2.636316989082843
1952,144257,1,0,2.505373035091907
1953,144258,1,0,2.5216740323230624
1954,144259,1,0,2.5206220452673733
1955,144260,1,0,2.5040910113602877
1956,144261,1,0,2.511594968382269
1957,144262,1,0,2.496075991075486
1958,144263,1,0,2.5133879971690476
1959,144264,1,1,2.50364001840353
1960,144265,1,0,2.505853946786374
1961,144266,1,0,2.4963270407170057
1962,144267,1,0,2.5125970132648945
1963,144268,1,0,2.5259419926442206
1964,144269,1,0,2.5066149537451565
1965,144270,1,0,2.506434975657612
1966,144271,1,1,2.515992964617908
1967,144272,1,0,2.5140790385194123
1968,144273,1,0,2.505382988601923
1969,144274,1,0,2.568970958236605
1970,144275,1,0,2.506786026060581
1971,144276,1,0,2.5213630287908018
1972,144277,1,0,2.504372037947178
1973,144278,1,1,2.508368983399123
1974,144279,1,0,2.5058540049940348
1975,144280,1,0,2.5141300284303725
1976,144281,1,0,2.5046929949894547
1977,144282,1,0,2.6315670111216605
1978,144283,1,0,2.5117960176430643
1979,144284,1,0,2.4994220002554357
1980,144285,1,0,2.5022380286827683
1981,144286,1,1,2.498169953469187
1982,144287,1,0,2.504872973076999
1983,144288,1,0,2.5012859841808677
1984,144289,1,0,2.5101020000874996
1985,144290,1,0,2.4987910292111337
1986,144291,1,0,2.5111440336331725
1987,144292,1,0,2.546739997342229
1988,144293,1,1,2.5646729627624154
1989,144294,1,0,2.512285951524973
1990,144295,1,0,2.5002240436151624
1991,144296,1,0,2.5217339862138033
1992,144297,1,0,2.4937320267781615
1993,144298,1,0,2.5115759926848114
1994,144299,1,0,2.537261985708028
1995,144300,1,0,2.5172150344587862
1996,144301,1,1,2.505023032426834
1997,144302,1,0,2.5198200019076467
1998,144303,1,0,2.513688988983631
1999,144304,1,0,2.502257004380226
2000,144305,1,0,2.507597964722663
2001,144306,1,0,2.4963569594547153
2002,144307,1,0,2.519348985515535
2003,144308,1,1,2.4992619873955846
2004,144309,1,0,2.655580989085138
2005,144310,1,0,2.4992419639602304
2006,144311,1,0,2.507257042452693
2007,144312,1,0,2.5019969907589257
2008,144313,1,0,2.503559982869774
2009,144314,1,0,2.5161639787256718
2010,144315,1,0,2.503630006685853
2011,144316,1,1,2.5227050064131618
2012,144317,1,0,2.5036699953489006
2013,144318,1,0,2.5266229640692472
2014,144319,1,0,2.504040952771902
2015,144320,1,0,2.5260719703510404
2016,144321,1,0,2.5052829878404737
2017,144322,1,0,2.519518951885402
2018,144323,1,1,2.5063850334845483
2019,144324,1,0,2.5540440110489726
2020,144325,1,0,2.528345969039947
2021,144326,1,0,2.5001339963637292
2022,144327,1,0,2.5059839827008545
2023,144328,1,0,2.502829011064023
2024,144329,1,0,2.5206610444001853
2025,144330,1,0,2.5039209867827594
2026,144331,1,1,2.521784044802189
2027,144332,1,0,2.504030999261886
2028,144333,1,0,2.51499202568084
2029,144334,1,0,2.500343951396644
2030,144335,1,0,2.6350439875386655
2031,144336,1,0,2.5161230005323887
2032,144337,1,0,2.493501000571996
2033,144338,1,1,2.5094200391322374
2034,144339,1,0,2.496647008229047
2035,144340,1,0,2.5061849737539887
2036,144341,1,0,2.4941530427895486
2037,144342,1,0,2.507487020920962
2038,144343,1,0,2.4981300230138004
2039,144344,1,0,2.49926297692582
2040,144345,1,1,2.5065350346267223
2041,144346,1,0,2.512536011636257
2042,144347,1,0,2.5040709879249334
2043,144348,1,0,2.5049319956451654
2044,144349,1,0,2.5348379858769476
2045,144350,1,0,2.4980399757623672
2046,144351,1,0,2.5208129663951695
2047,144352,1,0,2.5008050142787397
2048,144353,1,1,2.513668965548277
2049,144354,1,0,2.494382963050157
2050,144355,1,0,2.512146020308137
2051,144356,1,0,2.498441026546061
2052,144357,1,0,2.5109940324909985
2053,144358,1,0,2.5073069846257567
2054,144359,1,0,2.5145200197584927
2055,144360,1,1,2.504110976587981
2056,144361,1,0,2.510602993424982
2057,144362,1,0,2.6299849851056933
2058,144363,1,0,2.5000839959830046
2059,144364,1,0,2.5056839804165065
2060,144365,1,0,2.5002339971251786
2061,144366,1,0,2.505633980035782
2062,144367,1,0,2.504953008610755
2063,144368,1,1,2.512916980776936
2064,144369,1,0,2.5008749798871577
2065,144370,1,0,2.5122659862972796
2066,144371,1,0,2.516362990718335
2067,144372,1,0,2.5081290514208376
2068,144373,1,0,2.519027970265597
2069,144374,1,0,2.4948640493676066
2070,144375,1,1,2.56752799032256
2071,144376,1,0,2.4998440057970583
2072,144377,1,0,2.5217439979314804
2073,144378,1,0,2.4977599969133735
2074,144379,1,0,2.5150009896606207
2075,144380,1,0,2.5035899598151445
2076,144381,1,0,2.5139289791695774
2077,144382,1,0,2.502326969988644
2078,144383,1,1,2.518518012948334
2079,144384,1,0,2.508589008357376
2080,144385,1,0,2.5004440103657544
2081,144386,1,0,2.5081890053115785
2082,144387,1,0,2.507086028344929
2083,144388,1,0,2.639812999404967
2084,144389,1,0,2.5028390227817
2085,144390,1,1,2.5191190070472658
2086,144391,1,0,2.5017160223796964
2087,144392,1,0,2.5079879560507834
2088,144393,1,0,2.513547951821238
2089,144394,1,0,2.5093010044656694
2090,144395,1,0,2.5223649572581053
2091,144396,1,0,2.504442003555596
2092,144397,1,0,2.5225550052709877
2093,144398,1,1,2.5064459769055247
2094,144399,1,0,2.5106329703703523
2095,144400,1,0,2.5852019898593426
2096,144401,1,0,2.510724007152021
2097,144402,1,0,2.4993919651024044
2098,144403,1,0,2.50644504558295
2099,144404,1,0,2.5099320337176323
2100,144405,1,1,2.5028790114447474
2101,144406,1,0,2.506616001483053
2102,144407,1,0,2.495786000508815
2103,144408,1,0,2.520020992960781
2104,144409,1,0,2.4992420221678913
2105,144410,1,0,2.509100013412535
2106,144411,1,0,2.493260952178389
2107,144412,1,1,2.510272024665028
2108,144413,1,0,2.49558495124802
2109,144414,1,0,2.5093399453908205
2110,144415,1,0,2.624874992761761
2111,144416,1,0,2.5060949847102165
2112,144417,1,0,2.52820597961545
2113,144418,1,0,2.506535965949297
2114,144419,1,0,2.5189490406773984
2115,144420,1,1,2.504302014131099
2116,144421,1,0,2.5073069846257567
2117,144422,1,0,2.4996029678732157
2118,144423,1,0,2.5130370049737394
2119,144424,1,0,2.508299017790705
2120,144425,1,0,2.733496017754078
2121,144426,1,0,2.507828001398593
2122,144427,1,1,2.5097919860854745
2123,144428,1,0,2.5093700387515128
2124,144429,1,0,2.501025970559567
2125,144430,1,0,2.503891009837389
2126,144431,1,0,2.50031502218917
2127,144432,1,0,2.5178269715979695
2128,144433,1,0,2.5137390475720167
2129,144434,1,0,2.509571029804647
2130,144435,1,1,2.5137889897450805
2131,144436,1,0,2.5103620137088
2132,144437,1,0,2.521453017834574
2133,144438,1,0,2.5128370034508407
2134,144439,1,0,2.5220740353688598
2135,144440,1,0,2.5001639733090997
2136,144441,1,0,2.6348240207880735
2137,144442,1,1,2.5051329866982996
2138,144443,1,0,2.498660993296653
2139,144444,1,0,2.510623016860336
2140,144445,1,0,2.495435008313507
2141,144446,1,0,2.519859990570694
2142,144447,1,0,2.5006249779835343
2143,144448,1,0,2.514188992790878
2144,144449,1,0,2.5033599813468754
2145,144450,1,1,2.566767972894013
2146,144451,1,0,2.5063850334845483
2147,144452,1,0,2.5135179748758674
2148,144453,1,0,2.5056939921341836
2149,144454,1,0,2.513177983928472
2150,144455,1,0,2.513208019081503
2151,144456,1,0,2.501306007616222
2152,144457,1,1,2.522124967072159
2153,144458,1,0,2.5096320314332843
2154,144459,1,0,2.524529001675546
2155,144460,1,0,2.5091200368478894
2156,144461,1,0,2.511464001145214
2157,144462,1,0,2.4982000468298793
2158,144463,1,0,2.511444967240095
2159,144464,1,0,2.515572006814182
2160,144465,1,1,2.517807006370276
2161,144466,1,0,2.51605297671631
2162,144467,1,0,2.5040810578502715
2163,144468,1,0,2.634192002005875
2164,144469,1,0,2.5042110355570912
2165,144470,1,0,2.5134789757430553
2166,144471,1,0,2.4991820100694895
2167,144472,1,1,2.5073669967241585
2168,144473,1,0,2.498971007298678
2169,144474,1,0,2.5080180494114757
2170,144475,1,0,2.504400967154652
2171,144476,1,0,2.495625987648964
2172,144477,1,0,2.509601996280253
2173,144478,1,0,2.500664966646582
2174,144479,1,0,2.518849039915949
2175,144480,1,1,2.5023879716172814
2176,144481,1,0,2.5080579798668623
2177,144482,1,0,2.5010950048454106
2178,144483,1,0,2.5181070086546242
2179,144484,1,0,2.510372956749052
2180,144485,1,0,2.5163039681501687
2181,144486,1,0,2.5081089697778225
2182,144487,1,1,2.507466997485608
2183,144488,1,0,2.502988965716213
2184,144489,1,0,2.509120968170464
2185,144490,1,0,2.516773995012045
2186,144491,1,0,2.506747026927769
2187,144492,1,0,2.516824984923005
2188,144493,1,0,2.505733980797231
2189,144494,1,1,2.636397024616599
2190,144495,1,0,2.510173013433814
2191,144496,1,0,2.516623993869871
2192,144497,1,0,2.5168650317937136
2193,144498,1,0,2.509009966161102
2194,144499,1,0,2.5228559970855713
2195,144500,1,0,2.504662028513849
2196,144501,1,0,2.5117749464698136
2197,144502,1,1,2.5009450037032366
2198,144503,1,0,2.5215729838237166
2199,144504,1,0,2.5031990371644497
2200,144505,1,0,2.517786982934922
2201,144506,1,0,2.5091299903579056
2202,144507,1,0,2.516955020837486
2203,144508,1,0,2.5072870193980634
2204,144509,1,1,2.5112649891525507
2205,144510,1,0,2.5046630180440843
2206,144511,1,0,2.513648010790348
2207,144512,1,0,2.5147609994746745
2208,144513,1,0,2.497809997294098
2209,144514,1,0,2.5122460210695863
2210,144515,1,0,2.51236604526639
2211,144516,1,0,2.52048100810498
2212,144517,1,1,2.5096519966609776
2213,144518,1,0,2.5186180137097836
2214,144519,1,0,2.511225000489503
2215,144520,1,0,2.5156419724226
2216,144521,1,0,2.6303150225430727
2217,144522,1,0,2.4981999886222184
2218,144523,1,0,2.5105930399149656
2219,144524,1,1,2.503690018784255
2220,144525,1,0,2.5374930119141936
2221,144526,1,0,2.4996830034069717
2222,144527,1,0,2.5084090302698314
2223,144528,1,0,2.5075480225495994
2224,144529,1,0,2.510372025426477
2225,144530,1,0,2.5088399997912347
2226,144531,1,0,2.509340993128717
2227,144532,1,1,2.5087600224651396
2228,144533,1,0,2.5052630226127803
2229,144534,1,0,2.515632950235158
2230,144535,1,0,2.5024680071510375
2231,144536,1,0,2.51592299900949
2232,144537,1,0,2.5132979499176145
2233,144538,1,0,2.5145210092887282
2234,144539,1,1,2.501717011909932
2235,144540,1,0,2.517596003599465
2236,144541,1,0,2.5125870015472174
2237,144542,1,0,2.5099620106630027
2238,144543,1,0,2.5101020000874996
2239,144544,1,0,2.5110840215347707
2240,144545,1,0,2.510372956749052
2241,144546,1,0,2.5063350331038237
2242,144547,1,1,2.6402529911138117
2243,144548,1,0,2.512716979254037
2244,144549,1,0,2.51172500429675
2245,144550,1,0,2.5040709879249334
2246,144551,1,0,2.612592012155801
2247,144552,1,0,2.521153015550226
2248,144553,1,0,2.5066949892789125
2249,144554,1,1,2.52310698851943
2250,144555,1,0,2.497417968697846
2251,144556,1,0,2.526812953874469
2252,144557,1,0,2.506225020624697
2253,144558,1,0,2.513127983547747
2254,144559,1,0,2.500665024854243
2255,144560,1,0,2.5106840184889734
2256,144561,1,1,2.498581015970558
2257,144562,1,0,2.513769024517387
2258,144563,1,0,2.5679690297693014
2259,144564,1,0,2.4990219972096384
2260,144565,1,0,2.506476012058556
2261,144566,1,0,2.4853269569575787
2262,144567,1,0,2.514721010811627
2263,144568,1,0,2.502137969713658
2264,144569,1,1,2.5116759934462607
2265,144570,1,0,2.5010459939949214
2266,144571,1,0,2.5149209541268647
2267,144572,1,0,2.5061549968086183
2268,144573,1,0,2.519058994948864
2269,144574,1,0,2.638108970131725
2270,144575,1,0,2.5027680094353855
2271,144576,1,1,2.5680899852886796
2272,144577,1,0,2.4925899924710393
2273,144578,1,0,2.503629948478192
2274,144579,1,0,2.4986810167320073
2275,144580,1,0,2.5075169978663325
2276,144581,1,0,2.498581015970558
2277,144582,1,0,2.5067560491152108
2278,144583,1,0,2.4925090256147087
2279,144584,1,1,2.503939962480217
2280,144585,1,0,2.5011159596033394
2281,144586,1,0,2.5101619539782405
2282,144587,1,0,2.514491032343358
2283,144588,1,0,2.5191790191456676
2284,144589,1,0,2.508038014639169
2285,144590,1,0,2.5054229772649705
2286,144591,1,1,2.5084289954975247
2287,144592,1,0,2.5017670122906566
2288,144593,1,0,2.5135179748758674
2289,144594,1,0,2.5017360458150506
2290,144595,1,0,2.5125970132648945
2291,144596,1,0,2.5069970288313925
2292,144597,1,0,2.529567980673164
2293,144598,1,0,2.5142900412902236
2294,144599,1,1,2.517205022741109
2295,144600,1,0,2.628561982419342
2296,144601,1,0,2.503630006685853
2297,144602,1,0,2.519770001526922
2298,144603,1,0,2.4984999909065664
2299,144604,1,0,2.523086965084076
2300,144605,1,0,2.4987109936773777
2301,144606,1,1,2.5134989991784096
2302,144607,1,0,2.5094510056078434
2303,144608,1,0,2.5205009733326733
2304,144609,1,0,2.5096109602600336
2305,144610,1,0,2.507097029592842
2306,144611,1,0,2.511103986762464
2307,144612,1,0,2.503288968000561
2308,144613,1,0,2.5160129880532622
2309,144614,1,1,2.506375021766871
2310,144615,1,0,2.524588955566287
2311,144616,1,0,2.5059349718503654
2312,144617,1,0,2.5114850141108036
2313,144618,1,0,2.501717011909932
2314,144619,1,0,2.5137090124189854
2315,144620,1,0,2.5149909779429436
2316,144621,1,1,2.510954043827951
2317,144622,1,0,2.513327985070646
2318,144623,1,0,2.5018469896167517
2319,144624,1,0,2.519539964850992
2320,144625,1,0,2.5073070428334177
2321,144626,1,0,2.5136189651675522
2322,144627,1,0,2.6235930272378027
2323,144628,1,1,2.5061150081455708
2324,144629,1,0,2.507817989680916
2325,144630,1,0,2.5051829870790243
2326,144631,1,0,2.5096209719777107
2327,144632,1,0,2.497319015674293
2328,144633,1,0,2.506926015485078
2329,144634,1,0,2.4892439832910895
2330,144635,1,0,2.501615963410586
2331,144636,1,1,2.500825037714094
2332,144637,1,0,2.5082980282604694
2333,144638,1,0,2.504030999261886
2334,144639,1,0,2.507598022930324
2335,144640,1,0,2.505564014427364
2336,144641,1,0,2.5198999792337418
2337,144642,1,0,2.500354021321982
2338,144643,1,1,2.5118860066868365
2339,144644,1,0,2.502268005628139
2340,144645,1,0,2.5135590112768114
2341,144646,1,0,2.5125970132648945
2342,144647,1,0,2.5079380138777196
2343,144648,1,0,2.517045009881258
2344,144649,1,0,2.513348008506
2345,144650,1,0,2.5189390289597213
2346,144651,1,1,2.6016319752670825
2347,144652,1,0,2.5227160076610744
2348,144653,1,0,2.638429985381663
2349,144654,1,0,2.5155729963444173
2350,144655,1,0,2.5274649960920215
2351,144656,1,0,2.5066660018637776
2352,144657,1,0,2.5221240357495844
2353,144658,1,1,2.5079789920710027
2354,144659,1,0,2.5175759801641107
2355,144660,1,0,2.5100220227614045
2356,144661,1,0,2.519058994948864
2357,144662,1,0,2.5153119931928813
2358,144663,1,0,2.5133680319413543
2359,144664,1,0,2.5184680125676095
2360,144665,1,0,2.494594024028629
2361,144666,1,1,2.521985035855323
2362,144667,1,0,2.54988600499928
2363,144668,1,0,2.5162239908240736
2364,144669,1,0,2.5026079965755343
2365,144670,1,0,2.5061549968086183
2366,144671,1,0,2.5033800047822297
2367,144672,1,0,2.5133980088867247
2368,144673,1,1,2.5084700318984687
2369,144674,1,0,2.508658973965794
2370,144675,1,0,2.5161639787256718
2371,144676,1,0,2.5031300028786063
2372,144677,1,0,2.5268729659728706
2373,144678,1,0,2.5081189814954996
2374,144679,1,0,2.5181269738823175
2375,144680,1,0,2.6374879525974393
2376,144681,1,1,2.513257961254567
2377,144682,1,0,2.4959370493888855
2378,144683,1,0,2.4987009819597006
2379,144684,1,0,2.5017060106620193
2380,144685,1,0,2.539237029850483
2381,144686,1,0,2.546249015722424
2382,144687,1,0,2.4942029849626124
2383,144688,1,1,2.512898005079478
2384,144689,1,0,2.5042520137503743
2385,144690,1,0,2.5034500285983086
2386,144691,1,0,2.4970279773697257
2387,144692,1,0,2.514380030333996
2388,144693,1,0,2.501385984942317
2389,144694,1,0,2.5173050235025585
2390,144695,1,0,2.5000739842653275
2391,144696,1,1,2.5194300105795264
2392,144697,1,0,2.519208996091038
2393,144698,1,0,2.4946940247900784
2394,144699,1,0,2.5173650356009603
2395,144700,1,0,2.513669023755938
2396,144701,1,0,2.545398019719869
2397,144702,1,0,2.508589008357376
2398,144703,1,1,2.518637978937477
2399,144704,1,0,2.500344009604305
2400,144705,1,0,2.5198999792337418
2401,144706,1,0,2.633480995427817
2402,144707,1,0,2.508448960725218
2403,144708,1,0,2.514780964702368
2404,144709,1,0,2.505023032426834
2405,144710,1,1,2.513048006221652
2406,144711,1,0,2.51218699850142
2407,144712,1,0,2.523396979086101
2408,144713,1,0,2.51213600859046
2409,144714,1,0,2.520361973438412
2410,144715,1,0,2.503690018784255
2411,144716,1,0,2.503119991160929
2412,144717,1,0,2.5142700178548694
2413,144718,1,1,2.493622014299035
2414,144719,1,0,2.518487977795303
2415,144720,1,0,2.500643953680992
2416,144721,1,0,2.5076880119740963
2417,144722,1,0,2.497118024621159
2418,144723,1,0,2.508950012270361
2419,144724,1,0,2.5071469717659056
2420,144725,1,1,2.5131370057351887
2421,144726,1,0,2.5019070017151535
2422,144727,1,0,2.554004022385925
2423,144728,1,0,2.5083800428546965
2424,144729,1,0,2.5044920039363205
2425,144730,1,0,2.5183170218952
2426,144731,1,0,2.4941620067693293
2427,144732,1,0,2.50972097273916
2428,144733,1,1,2.631497976835817
2429,144734,1,0,2.5041710468940437
2430,144735,1,0,2.5007250369526446
2431,144736,1,0,2.505163021851331
2432,144737,1,0,2.5127079570665956
2433,144738,1,0,2.5074369623325765
2434,144739,1,0,2.514680032618344
2435,144740,1,1,2.4993219994939864
2436,144741,1,0,2.518166962545365
2437,144742,1,0,2.5030190008692443
2438,144743,1,0,2.5134889874607325
2439,144744,1,0,2.5046219816431403
2440,144745,1,0,2.5069870171137154
2441,144746,1,0,2.49447301030159
2442,144747,1,0,2.512257022317499
2443,144748,1,1,2.5049829855561256
2444,144749,1,0,2.512626990210265
2445,144750,1,0,2.504971984308213
2446,144751,1,0,2.512256964109838
2447,144752,1,0,2.5177060160785913
2448,144753,1,0,2.501946990378201
2449,144754,1,0,2.5135489995591342
2450,144755,1,1,2.4974290281534195
2451,144756,1,0,2.5140090147033334
2452,144757,1,0,2.5170649751089513
2453,144758,1,0,2.523756993468851
2454,144759,1,0,2.619635022711009
2455,144760,1,0,2.5083390064537525
2456,144761,1,0,2.5018970482051373
2457,144762,1,0,2.5009860401041806
2458,144763,1,1,2.513838990125805
2459,144764,1,0,2.504542004317045
2460,144765,1,0,2.518246998079121
2461,144766,1,0,2.494162996299565
2462,144767,1,0,2.505364012904465
2463,144768,1,0,2.5016560102812946
2464,144769,1,0,2.5088900001719594
2465,144770,1,1,2.504451957065612
2466,144771,1,0,2.5123070226982236
2467,144772,1,0,2.5139389908872545
2468,144773,1,0,2.520101028494537
2469,144774,1,0,2.506916003767401
2470,144775,1,0,2.5106529938057065
2471,144776,1,0,2.511504979338497
2472,144777,1,1,2.5839789886958897
2473,144778,1,0,2.516282955184579
2474,144779,1,0,2.51494103576988
2475,144780,1,0,2.5168450083583593
2476,144781,1,0,2.4937320267781615
2477,144782,1,0,2.517424989491701
2478,144783,1,0,2.5063150096684694
2479,144784,1,0,2.516563981771469
2480,144785,1,1,2.520190959330648
2481,144786,1,0,2.638600009959191
2482,144787,1,0,2.516062988433987
2483,144788,1,0,2.500113972928375
2484,144789,1,0,2.516544016543776
2485,144790,1,0,2.5072970311157405
2486,144791,1,0,2.510954043827951
2487,144792,1,1,2.5013459962792695
2488,144793,1,0,2.5128169800154865
2489,144794,1,0,2.4943629978224635
2490,144795,1,0,2.5030890246853232
2491,144796,1,0,2.511814993340522
2492,144797,1,0,2.504681993741542
2493,144798,1,0,2.513859944883734
2494,144799,1,0,2.5072870193980634
2495,144800,1,1,2.506494987756014
2496,144801,1,0,2.4997229920700192
2497,144802,1,0,2.621888997964561
2498,144803,1,0,2.500263974070549
2499,144804,1,0,2.5097710313275456
2500,144805,1,0,2.5006640353240073
2501,144806,1,0,2.506926015485078
2502,144807,1,1,2.505633980035782
2503,144808,1,0,2.5037300074473023
2504,144809,1,0,2.511434955522418
2505,144810,1,0,2.506336022634059
2506,144811,1,0,2.5187080027535558
2507,144812,1,0,2.624814980663359
2508,144813,1,0,2.50821904046461
2509,144814,1,0,2.5007340009324253
2510,144815,1,1,2.511925995349884
2511,144816,1,0,2.5051230331882834
2512,144817,1,0,2.5030290125869215
2513,144818,1,0,2.5098819751292467
2514,144819,1,0,2.490626007784158
2515,144820,1,0,2.503169991541654
2516,144821,1,0,2.4932509986683726
2517,144822,1,1,2.510132035240531
2518,144823,1,0,2.5016459985636175
2519,144824,1,0,2.521452959626913
2520,144825,1,0,2.5012060068547726
2521,144826,1,0,2.513838990125805
2522,144827,1,0,2.5813349639065564
2523,144828,1,0,2.5074370205402374
2524,144829,1,0,2.5027990341186523
2525,144830,1,1,2.5054740253835917
2526,144831,1,0,2.515622996725142
2527,144832,1,0,2.5002940092235804
2528,144833,1,0,2.5112340226769447
2529,144834,1,0,2.4942519958131015
2530,144835,1,0,2.515553031116724
2531,144836,1,0,2.5086290552280843
2532,144837,1,1,2.5238770176656544
2533,144838,1,0,2.504971984308213
2534,144839,1,0,2.635514014400542
2535,144840,1,0,2.513999992515892
2536,144841,1,0,2.494151995051652
2537,144842,1,0,2.5104430387727916
2538,144843,1,0,2.4966869968920946
2539,144844,1,0,2.5073569850064814
2540,144845,1,1,2.5040109758265316
2541,144846,1,0,2.5101920473389328
2542,144847,1,0,2.494162996299565
2543,144848,1,0,2.5106329703703523
2544,144849,1,0,2.4976999848149717
2545,144850,1,0,2.5118060293607414
2546,144851,1,0,2.511194034013897
2547,144852,1,1,2.518347988370806
2548,144853,1,0,2.512887993361801
2549,144854,1,0,2.5090500130318105
2550,144855,1,0,2.5164239923469722
2551,144856,1,0,2.5072969729080796
2552,144857,1,0,2.520100970286876
2553,144858,1,0,2.503299037925899
2554,144859,1,1,2.5108539848588407
2555,144860,1,0,2.5070360279642045
2556,144861,1,0,2.5169849977828562
2557,144862,1,0,2.537042018957436
2558,144863,1,0,2.5192289613187313
2559,144864,1,0,2.5178369833156466
2560,144865,1,0,2.631376963108778
2561,144866,1,0,2.511905040591955
2562,144867,1,1,2.5061849737539887
2563,144868,1,0,2.5103529915213585
2564,144869,1,0,2.495034015737474
2565,144870,1,0,2.5119460187852383
2566,144871,1,0,2.4987609940581024
2567,144872,1,0,2.5078380131162703
2568,144873,1,0,2.503340016119182
2569,144874,1,1,2.5120859500020742
2570,144875,1,0,2.5100019993260503
2571,144876,1,0,2.4976690183393657
2572,144877,1,0,2.559453947469592
2573,144878,1,0,2.5174059555865824
2574,144879,1,0,2.5203910190612078
2575,144880,1,0,2.5118860066868365
2576,144881,1,0,2.524017996620387
2577,144882,1,1,2.5192000321112573
2578,144883,1,0,2.5355590041726828
2579,144884,1,0,2.5279360124841332
2580,144885,1,0,2.5059349718503654
2581,144886,1,0,2.5269039906561375
2582,144887,1,0,2.515291969757527
2583,144888,1,0,2.521093003451824
2584,144889,1,1,2.5097709731198847
2585,144890,1,0,2.520100970286876
2586,144891,1,0,2.5083390064537525
2587,144892,1,0,2.6509930030442774
2588,144893,1,0,2.5221749674528837
2589,144894,1,0,2.505112031940371
2590,144895,1,0,2.5164340040646493
2591,144896,1,0,2.514560997951776
2592,144897,1,1,2.5310299824923277
2593,144898,1,0,2.5137689663097262
2594,144899,1,0,2.5252799969166517
2595,144900,1,0,2.5068059912882745
2596,144901,1,0,2.5170950102619827
2597,144902,1,0,2.565464994404465
2598,144903,1,0,2.513438055757433
2599,144904,1,1,2.524358977098018
2600,144905,1,0,2.5165840052068233
2601,144906,1,0,2.516043954528868
2602,144907,1,0,2.506455988623202
2603,144908,1,0,2.5194999761879444
2604,144909,1,0,2.514470019377768
2605,144910,1,0,2.5119660422205925
2606,144911,1,0,2.5101520004682243
2607,144912,1,1,2.518568013329059
2608,144913,1,0,2.513749001082033
2609,144914,1,0,2.5072870193980634
2610,144915,1,0,2.520059992093593
2611,144916,1,0,2.5051830452866852
2612,144917,1,0,2.5245689903385937
2613,144918,1,0,2.633359981700778
2614,144919,1,1,2.5183079997077584
2615,144920,1,0,2.507898025214672
2616,144921,1,0,2.506065007764846
2617,144922,1,0,2.5395170086994767
2618,144923,1,0,2.4920490104705095
2619,144924,1,0,2.5257510133087635
2620,144925,1,0,2.511464001145214
2621,144926,1,1,2.516774053219706
2622,144927,1,0,2.5124060339294374
2623,144928,1,0,2.5730080087669194
2624,144929,1,0,2.517246000934392
2625,144930,1,0,2.5239980313926935
2626,144931,1,0,2.5273439823649824
2627,144932,1,0,2.5185979902744293
2628,144933,1,0,2.528626995626837
2629,144934,1,1,2.5155230541713536
2630,144935,1,0,2.531161007937044
2631,144936,1,0,2.515954023692757
2632,144937,1,0,2.5189680163748562
2633,144938,1,0,2.5112739531323314
2634,144939,1,0,2.523205999750644
2635,144940,1,0,2.50739703187719
2636,144941,1,1,2.510473015718162
2637,144942,1,0,2.510532969608903
2638,144943,1,0,2.5047019589692354
2639,144944,1,0,2.524589013773948
2640,144945,1,0,2.6308359811082482
2641,144946,1,0,2.5275740190409124
2642,144947,1,0,2.515422005672008
2643,144948,1,0,2.5590219884179533
2644,144949,1,1,2.524508978240192
2645,144950,1,0,2.512557024601847
2646,144951,1,0,2.5350890355184674
2647,144952,1,0,2.51054298132658
2648,144953,1,0,2.5141899823211133
2649,144954,1,0,2.511654980480671
2650,144955,1,0,2.5232170009985566
2651,144956,1,1,2.514501044061035
2652,144957,1,0,2.519288973417133
2653,144958,1,0,2.5071569834835827
2654,144959,1,0,2.51038302667439
2655,144960,1,0,2.5162239908240736
2656,144961,1,0,2.504782984033227
2657,144962,1,0,2.514219959266484
2658,144963,1,0,2.4990009842440486
2659,144964,1,1,2.516643959097564
2660,144965,1,0,2.5013659615069628
2661,144966,1,0,2.508999954443425
2662,144967,1,0,2.5018170126713812
2663,144968,1,0,2.51252599991858
2664,144969,1,0,2.507096971385181
2665,144970,1,0,2.5121860089711845
2666,144971,1,1,2.6389010017737746
2667,144972,1,0,2.4897639523260295
2668,144973,1,0,2.5083289947360754
2669,144974,1,0,2.4934009998105466
2670,144975,1,0,2.519930014386773
2671,144976,1,0,2.4994019768200815
2672,144977,1,0,2.515933010727167
2673,144978,1,0,2.501376031432301
2674,144979,1,1,2.5009950040839612
2675,144980,1,0,2.5000740424729884
2676,144981,1,0,2.5080080376937985
2677,144982,1,0,2.5028890231624246
2678,144983,1,0,2.5072969729080796
2679,144984,1,0,2.5140400393866003
2680,144985,1,0,2.503490017261356
2681,144986,1,1,2.513258019462228
2682,144987,1,0,2.4988719960674644
2683,144988,1,0,2.5007950025610626
2684,144989,1,0,2.493140986189246
2685,144990,1,0,2.5100120110437274
2686,144991,1,0,2.504872973076999
2687,144992,1,0,2.5125370011664927
2688,144993,1,1,2.4999630404636264
2689,144994,1,0,2.50891997711733
2690,144995,1,0,2.501235983800143
2691,144996,1,0,2.5122869992628694
2692,144997,1,0,2.49383196933195
2693,144998,1,0,2.6205769972875714
2694,144999,1,0,2.5039510219357908
2695,145000,1,0,2.497949986718595
2696,145001,1,1,2.506065007764846
2697,145002,1,0,2.498249989002943
2698,145003,1,0,2.557290019467473
2699,145004,1,0,2.4986310163512826
2700,145005,1,0,2.517335000447929
2701,145006,1,0,2.504953008610755
2702,145007,1,0,2.5074470322579145
2703,145008,1,1,2.5097710313275456
2704,145009,1,0,2.5047219824045897
2705,145010,1,0,2.5085589732043445
2706,145011,1,0,2.491037012077868
2707,145012,1,0,2.5088799884542823
2708,145013,1,0,2.502989023923874
2709,145014,1,0,2.512637001927942
2710,145015,1,0,2.5029490352608263
2711,145016,1,1,2.512386010494083
2712,145017,1,0,2.499061985872686
2713,145018,1,0,2.5216140202246606
2714,145019,1,0,2.5089000118896365
2715,145020,1,0,2.512786944862455
2716,145021,1,0,2.5099419872276485
2717,145022,1,0,2.510463004000485
2718,145023,1,1,2.5138900382444263
2719,145024,1,0,2.6391810388304293
2720,145025,1,0,2.531030972022563
2721,145026,1,0,2.5039210449904203
2722,145027,1,0,2.5171549641527236
2723,145028,1,0,2.550927980337292
2724,145029,1,0,2.503069001249969
2725,145030,1,0,2.5162040255963802
2726,145031,1,1,2.5054129655472934
2727,145032,1,0,2.5120959617197514
2728,145033,1,0,2.4995830026455224
2729,145034,1,0,2.5067959795705974
2730,145035,1,0,2.5030489778146148
2731,145036,1,0,2.509490994270891
2732,145037,1,0,2.4995330022647977
2733,145038,1,1,2.5216840440407395
2734,145039,1,0,2.4948840145953
2735,145040,1,0,2.51077301800251
2736,145041,1,0,2.497768960893154
2737,145042,1,0,2.5133590097539127
2738,145043,1,0,2.507566998247057
2739,145044,1,0,2.4987920187413692
2740,145045,1,0,2.5104230153374374
2741,145046,1,1,2.504911972209811
2742,145047,1,0,2.516544016543776
2743,145048,1,0,2.500674978364259
2744,145049,1,0,2.5130680296570063
2745,145050,1,0,2.497257955837995
2746,145051,1,0,2.640374004840851
2747,145052,1,0,2.49365100171417
2748,145053,1,1,2.5337960105389357
2749,145054,1,0,2.512286009732634
2750,145055,1,0,2.4988409713841975
2751,145056,1,0,2.5210920139215887
2752,145057,1,0,2.505944052245468
2753,145058,1,0,2.527955046389252
2754,145059,1,0,2.4997630389407277
2755,145060,1,0,2.509912010282278
2756,145061,1,1,2.498470013961196
2757,145062,1,0,2.5113740121014416
2758,145063,1,0,2.5007249787449837
2759,145064,1,0,2.509922021999955
2760,145065,1,0,2.5105829699896276
2761,145066,1,0,2.504131000023335
2762,145067,1,0,2.505994983948767
2763,145068,1,1,2.4941530427895486
2764,145069,1,0,2.502447983715683
2765,145070,1,0,2.4973289691843092
2766,145071,1,0,2.5176260387524962
2767,145072,1,0,2.5013559497892857
2768,145073,1,0,2.5104929809458554
2769,145074,1,0,2.4967180215753615
2770,145075,1,1,2.5144899846054614
2771,145076,1,0,2.5019869790412486
2772,145077,1,0,2.624735003337264
2773,145078,1,0,2.615327015519142
2774,145079,1,0,2.526362019125372
2775,145080,1,0,2.508128003682941
2776,145081,1,0,2.4908860214054585
2777,145082,1,0,2.503490017261356
2778,145083,1,1,2.499152033124119
2779,145084,1,0,2.513006969820708
2780,145085,1,0,2.4938120041042566
2781,145086,1,0,2.502448041923344
2782,145087,1,0,2.504671982023865
2783,145088,1,0,2.506966993678361
2784,145089,1,0,2.522494993172586
2785,145090,1,1,2.506605989765376
2786,145091,1,0,2.5078679900616407
2787,145092,1,0,2.497117966413498
2788,145093,1,0,2.5240479735657573
2789,145094,1,0,2.502347982954234
2790,145095,1,0,2.5083490181714296
2791,145096,1,0,2.490485960152
2792,145097,1,0,2.5131069705821574
2793,145098,1,1,2.5111439754255116
2794,145099,1,0,2.5206520222127438
2795,145100,1,0,2.5067959795705974
2796,145101,1,0,2.504452015273273
2797,145102,1,0,2.513949992135167
2798,145103,1,0,2.4974789703264832
2799,145104,1,0,2.661241975147277
2800,145105,1,1,2.494072017725557
2801,145106,1,0,2.5071270065382123
2802,145107,1,0,2.5031790137290955
2803,145108,1,0,2.504190953914076
2804,145109,1,0,2.524588955566287
2805,145110,1,0,2.506545977666974
2806,145111,1,0,2.5208619772456586
2807,145112,1,0,2.5080889463424683
2808,145113,1,1,2.5255309883505106
2809,145114,1,0,2.5078990147449076
2810,145115,1,0,2.5210430030710995
2811,145116,1,0,2.5019269669428468
2812,145117,1,0,2.5146400439552963
2813,145118,1,0,2.5162239908240736
2814,145119,1,0,2.5232860352844
2815,145120,1,1,2.502236980944872
2816,145121,1,0,2.5059140170924366
2817,145122,1,0,2.5103429798036814
2818,145123,1,0,2.503378957044333
2819,145124,1,0,2.520571055356413
2820,145125,1,0,2.505514014046639
2821,145126,1,0,2.5154119939543307
2822,145127,1,0,2.503821044228971
2823,145128,1,1,2.5227959849871695
2824,145129,1,0,2.553182013798505
2825,145130,1,0,2.6434590108692646
2826,145131,1,0,2.518027031328529
2827,145132,1,0,2.498239977285266
2828,145133,1,0,2.5158519856631756
2829,145134,1,0,2.503800962585956
2830,145135,1,1,2.5199009687639773
2831,145136,1,0,2.5111549766734242
2832,145137,1,0,2.5146009866148233
2833,145138,1,0,2.521153015550226
2834,145139,1,0,2.5231059989891946
2835,145140,1,0,2.507406985387206
2836,145141,1,0,2.5079789920710027
2837,145142,1,1,2.5141200167126954
2838,145143,1,0,2.502357994671911
2839,145144,1,0,2.518488036002964
2840,145145,1,0,2.5113049778155982
2841,145146,1,0,2.515142026823014
2842,145147,1,0,2.5064960354939103
2843,145148,1,0,2.5136589538306
2844,145149,1,0,2.508048026356846
2845,145150,1,1,2.5171550223603845
2846,145151,1,0,2.5047020171768963
2847,145152,1,0,2.5112340226769447
2848,145153,1,0,2.525351010262966
2849,145154,1,0,2.550175995565951
2850,145155,1,0,2.5111750001087785
2851,145156,1,0,2.501937036868185
2852,145157,1,1,2.6362559874542058
2853,145158,1,0,2.5068660033866763
2854,145159,1,0,2.5124659878201783
2855,145160,1,0,2.504672040231526
2856,145161,1,0,2.5133590097539127
2857,145162,1,0,2.508940000552684
2858,145163,1,0,2.5025579961948097
2859,145164,1,0,2.510733960662037
2860,145165,1,1,2.4958159774541855
2861,145166,1,0,2.507266995962709
2862,145167,1,0,2.4995930143631995
2863,145168,1,0,2.5160129880532622
2864,145169,1,0,2.503540017642081
2865,145170,1,0,2.5128480046987534
2866,145171,1,0,2.5002729962579906
2867,145172,1,1,2.510142046958208
2868,145173,1,0,2.4978590081445873
2869,145174,1,0,2.5093809817917645
2870,145175,1,0,2.51592299900949
2871,145176,1,0,2.502507995814085
2872,145177,1,0,2.503269992303103
2873,145178,1,0,2.501395996659994
2874,145179,1,0,2.789849997498095
2875,145180,1,1,2.5126570253632963
2876,145181,1,0,2.5104829692281783
2877,145182,1,0,2.514871011953801
2878,145183,1,0,2.623432024847716
2879,145184,1,0,2.5108230183832347
2880,145185,1,0,2.501936978660524
2881,145186,1,0,2.514940977562219
2882,145187,1,1,2.50137597322464
2883,145188,1,0,2.513508021365851
2884,145189,1,0,2.4829820031300187
2885,145190,1,0,2.5004150229506195
2886,145191,1,0,2.4980499874800444
2887,145192,1,0,2.5061150081455708
2888,145193,1,0,2.508048026356846
2889,145194,1,0,2.4965269840322435
2890,145195,1,1,2.511986007448286
2891,145196,1,0,2.4886620230972767
2892,145197,1,0,2.5090400013141334
2893,145198,1,0,2.4981899769045413
2894,145199,1,0,2.500403963495046
2895,145200,1,0,2.496426983270794
2896,145201,1,0,2.505163021851331
2897,145202,1,1,2.4996529682539403
2898,145203,1,0,2.502086979802698
2899,145204,1,0,2.495595021173358
2900,145205,1,0,2.5089000118896365
2901,145206,1,0,2.5020469911396503
2902,145207,1,0,2.5069270050153136
2903,145208,1,0,2.5014160200953484
2904,145209,1,1,2.4963769828900695
2905,145210,1,0,2.6262280298396945
2906,145211,1,0,2.500614966265857
2907,145212,1,0,2.504201023839414
2908,145213,1,0,2.5059739709831774
2909,145214,1,0,2.5132879964075983
2910,145215,1,0,2.5062449858523905
2911,145216,1,0,2.508058969397098
2912,145217,1,1,2.4957850109785795
2913,145218,1,0,2.5167540297843516
2914,145219,1,0,2.519409987144172
2915,145220,1,0,2.4979489971883595
2916,145221,1,0,2.507005992811173
2917,145222,1,0,2.4850560002960265
2918,145223,1,0,2.5085899978876114
2919,145224,1,1,2.5009959936141968
2920,145225,1,0,2.513007028028369
2921,145226,1,0,2.49153800541535
2922,145227,1,0,2.506877004634589
2923,145228,1,0,2.499922993592918
2924,145229,1,0,2.5621579843573272
2925,145230,1,0,2.4936419795267284
2926,145231,1,0,2.500113972928375
2927,145232,1,1,2.5006550131365657
2928,145233,1,0,2.5129870045930147
2929,145234,1,0,2.504803007468581
2930,145235,1,0,2.5034399586729705
2931,145236,1,0,2.6363760116510093
2932,145237,1,0,2.5022279587574303
2933,145238,1,0,2.5039800093509257
2934,145239,1,1,2.4923199671320617
2935,145240,1,0,2.50985095044598
2936,145241,1,0,2.4923699675127864
2937,145242,1,0,2.500254020560533
2938,145243,1,0,2.4950740044005215
2939,145244,1,0,2.5031990371644497
2940,145245,1,0,2.503069001249969
2941,145246,1,0,2.4879519478417933
2942,145247,1,1,2.50137597322464
2943,145248,1,0,2.493402047548443
2944,145249,1,0,2.5051829870790243
2945,145250,1,0,2.5029280222952366
2946,145251,1,0,2.5098719634115696
2947,145252,1,0,2.500183996744454
2948,145253,1,0,2.510633028578013
2949,145254,1,1,2.499292022548616
2950,145255,1,0,2.5063749635592103
2951,145256,1,0,2.5012060068547726
2952,145257,1,0,2.511183964088559
2953,145258,1,0,2.496347005944699
2954,145259,1,0,2.509261015802622
2955,145260,1,0,2.4967279750853777
2956,145261,1,0,2.502937975805253
2957,145262,1,1,2.509019977878779
2958,145263,1,0,2.621318039018661
2959,145264,1,0,2.502198040019721
2960,145265,1,0,2.494162996299565
2961,145266,1,0,2.5108730187639594
2962,145267,1,0,2.4916380061767995
2963,145268,1,0,2.5099419872276485
2964,145269,1,1,2.4977800203487277
2965,145270,1,0,2.5031190016306937
2966,145271,1,0,2.4977789726108313
2967,145272,1,0,2.5100719649344683
2968,145273,1,0,2.5152619928121567
2969,145274,1,0,2.5142700178548694
2970,145275,1,0,2.5102620129473507
2971,145276,1,0,2.511874947231263
2972,145277,1,1,2.515090978704393
2973,145278,1,0,2.5154119939543307
2974,145279,1,0,2.5143399834632874
2975,145280,1,0,2.5033699930645525
2976,145281,1,0,2.5164439575746655
2977,145282,1,0,2.504331001546234
2978,145283,1,0,2.516595006454736
2979,145284,1,1,2.499702968634665
2980,145285,1,0,2.504872973076999
2981,145286,1,0,2.516905020456761
2982,145287,1,0,2.505153010133654
2983,145288,1,0,2.5129279820248485
2984,145289,1,0,2.626628032885492
2985,145290,1,0,2.5111239519901574
2986,145291,1,1,2.4936620029620826
2987,145292,1,0,2.5007950025610626
2988,145293,1,0,2.502337039913982
2989,145294,1,0,2.50634498661384
2990,145295,1,0,2.4988310178741813
2991,145296,1,0,2.4975690175779164
2992,145297,1,0,2.5105829699896276
2993,145298,1,0,2.501807000953704
2994,145299,1,1,2.5074980221688747
2995,145300,1,0,2.5037199957296252
2996,145301,1,0,2.5054540019482374
2997,145302,1,0,2.497769019100815
2998,145303,1,0,2.5129769928753376
2999,145304,1,0,2.5010560057125986
3000,145305,1,0,2.500263974070549
3001,145306,1,1,2.4999239831231534
3002,145307,1,0,2.5135480100288987
3003,145308,1,0,2.500595001038164
3004,145309,1,0,2.513577986974269
3005,145310,1,0,2.505022974219173
3006,145311,1,0,2.502718009054661
3007,145312,1,0,2.5110039860010147
3008,145313,1,0,2.497759007383138
3009,145314,1,1,2.5035900180228055
3010,145315,1,0,2.4989910307340324
3011,145316,1,0,2.6283409679308534
3012,145317,1,0,2.505714015569538
3013,145318,1,0,2.5190680171363056
3014,145319,1,0,2.498790971003473
3015,145320,1,0,2.499393012840301
3016,145321,1,1,2.4966170312836766
3017,145322,1,0,2.492329978849739
3018,145323,1,0,2.508528996258974
3019,145324,1,0,2.502498042304069
3020,145325,1,0,2.507096971385181
3021,145326,1,0,2.4942830204963684
3022,145327,1,0,2.508689009118825
3023,145328,1,0,2.495915978215635
3024,145329,1,1,2.5125269894488156
3025,145330,1,0,2.533335005864501
3026,145331,1,0,2.51551199471578
3027,145332,1,0,2.505153010133654
3028,145333,1,0,2.5123770465143025
3029,145334,1,0,2.5067160022445023
3030,145335,1,0,2.5121860089711845
3031,145336,1,1,2.509270969312638
3032,145337,1,0,2.5048929965123534
3033,145338,1,0,2.517535991501063
3034,145339,1,0,2.500344009604305
3035,145340,1,0,2.5230770115740597
3036,145341,1,0,2.509822021238506
3037,145342,1,0,2.643408952280879
3038,145343,1,0,2.5219349772669375
3039,145344,1,1,2.508028002921492
3040,145345,1,0,2.516484004445374
3041,145346,1,0,2.495996013749391
3042,145347,1,0,2.5196599890477955
3043,145348,1,0,2.508149016648531
3044,145349,1,0,2.5185580016113818
3045,145350,1,0,2.497698995284736
3046,145351,1,1,2.5144399842247367
3047,145352,1,0,2.506545977666974
3048,145353,1,0,2.526763011701405
3049,145354,1,0,2.51347798621282
3050,145355,1,0,2.637818979565054
3051,145356,1,0,2.5184869882650673
3052,145357,1,0,2.5129480054602027
3053,145358,1,1,2.5320929707959294
3054,145359,1,0,2.508289006073028
3055,145360,1,0,2.514780964702368
3056,145361,1,0,2.5091199786402285
3057,145362,1,0,2.51172500429675
3058,145363,1,0,2.506535965949297
3059,145364,1,0,2.5078480248339474
3060,145365,1,0,2.5166349951177835
3061,145366,1,1,2.498721005395055
3062,145367,1,0,2.525571035221219
3063,145368,1,0,2.5163840036839247
3064,145369,1,0,2.6412950246594846
3065,145370,1,0,2.514810999855399
3066,145371,1,0,2.51453003147617
3067,145372,1,0,2.50930996844545
3068,145373,1,1,2.501646988093853
3069,145374,1,0,2.505584037862718
3070,145375,1,0,2.497448993381113
3071,145376,1,0,2.506947028450668
3072,145377,1,0,2.5018060114234686
3073,145378,1,0,2.514901978429407
3074,145379,1,0,2.4997929576784372
3075,145380,1,0,2.523076022043824
3076,145381,1,1,2.4939330178312957
3077,145382,1,0,2.515993022825569
3078,145383,1,0,2.510633028578013
3079,145384,1,0,2.5066659436561167
3080,145385,1,0,2.5064859655685723
3081,145386,1,0,2.50956101808697
3082,145387,1,0,2.5104429805651307
3083,145388,1,1,2.496296016033739
3084,145389,1,0,2.5130879948846996
3085,145390,1,0,2.4858369724825025
3086,145391,1,0,2.5120959617197514
3087,145392,1,0,2.502568007912487
3088,145393,1,0,2.5156420306302607
3089,145394,1,0,2.4958860012702644
3090,145395,1,0,2.6274999836459756
3091,145396,1,1,2.4987609940581024
3092,145397,1,0,2.5104330270551145
3093,145398,1,0,2.5139600038528442
3094,145399,1,0,2.4943429743871093
3095,145400,1,0,2.508608973585069
3096,145401,1,0,2.4930109502747655
3097,145402,1,0,2.5115649914368987
3098,145403,1,1,2.5040010223165154
3099,145404,1,0,2.516895008739084
3100,145405,1,0,2.5074779987335205
3101,145406,1,0,2.5233770138584077
3102,145407,1,0,2.5065759546123445
3103,145408,1,0,2.512968028895557
3104,145409,1,0,2.509250014554709
3105,145410,1,0,2.505514014046639
3106,145411,1,1,2.514539984986186
3107,145412,1,0,2.505072974599898
3108,145413,1,0,2.5086990208365023
3109,145414,1,0,2.4986210046336055
3110,145415,1,0,2.5173850008286536
3111,145416,1,0,2.505452954210341
3112,145417,1,0,2.5158129865303636
3113,145418,1,1,2.495374996215105
3114,145419,1,0,2.5221340474672616
3115,145420,1,0,2.508350007701665
3116,145421,1,0,2.5231059989891946
3117,145422,1,0,2.6337509625591338
3118,145423,1,0,2.505664015188813
3119,145424,1,0,2.513819024898112
3120,145425,1,1,2.5056939921341836
3121,145426,1,0,2.5151820154860616
3122,145427,1,0,2.4967369972728193
3123,145428,1,0,2.510744030587375
3124,145429,1,0,2.4970180238597095
3125,145430,1,0,2.5137689663097262
3126,145431,1,0,2.5484130019322038
3127,145432,1,0,2.5098120095208287
3128,145433,1,1,2.5051230331882834
3129,145434,1,0,2.4958860012702644
3130,145435,1,0,2.5039599859155715
3131,145436,1,0,2.4942230083979666
3132,145437,1,0,2.5090400013141334
3133,145438,1,0,2.4996830034069717
3134,145439,1,0,2.5161539670079947
3135,145440,1,1,2.4996029678732157
3136,145441,1,0,2.511253987904638
3137,145442,1,0,2.502396993804723
3138,145443,1,0,2.516343956813216
3139,145444,1,0,2.501427021343261
3140,145445,1,0,2.511654980480671
3141,145446,1,0,2.5091900024563074
3142,145447,1,0,2.5043209898285568
3143,145448,1,1,2.645362983457744
3144,145449,1,0,2.499693015124649
3145,145450,1,0,2.517735993023962
3146,145451,1,0,2.5083789951168
3147,145452,1,0,2.519849978853017
3148,145453,1,0,2.5053939898498356
3149,145454,1,0,2.5130570284090936
3150,145455,1,1,2.497118024621159
3151,145456,1,0,2.594988967757672
3152,145457,1,0,2.51685397233814
3153,145458,1,0,2.508218982256949
3154,145459,1,0,2.5252399500459433
3155,145460,1,0,2.5036800070665777
3156,145461,1,0,2.5144899846054614
3157,145462,1,0,2.5012350524775684
3158,145463,1,1,2.51955003477633
3159,145464,1,0,2.4982699542306364
3160,145465,1,0,2.513469022233039
3161,145466,1,0,2.503680996596813
3162,145467,1,0,2.5077579775825143
3163,145468,1,0,2.5099219637922943
3164,145469,1,0,2.5066660018637776
3165,145470,1,1,2.514079969841987
3166,145471,1,0,2.5295179802924395
3167,145472,1,0,2.535680017899722
3168,145473,1,0,2.50475195934996
3169,145474,1,0,2.5177160277962685
3170,145475,1,0,2.633680996950716
3171,145476,1,0,2.4992419639602304
3172,145477,1,0,2.5037400191649795
3173,145478,1,1,2.4971679667942226
3174,145479,1,0,2.519469999242574
3175,145480,1,0,2.5010050158016384
3176,145481,1,0,2.5131069705821574
3177,145482,1,0,2.5040209875442088
3178,145483,1,0,2.5162530364468694
3179,145484,1,0,2.5080390041694045
3180,145485,1,1,2.5097920442931354
3181,145486,1,0,2.501376031432301
3182,145487,1,0,2.508239005692303
3183,145488,1,0,2.501176029909402
3184,145489,1,0,2.4983499897643924
3185,145490,1,0,2.5044920039363205
3186,145491,1,0,2.4993919651024044
3187,145492,1,0,2.5114149902947247
3188,145493,1,1,2.486298035364598
3189,145494,1,0,2.4944230099208653
3190,145495,1,0,2.493271022103727
3191,145496,1,0,2.5053530116565526
3192,145497,1,0,2.4995230487547815
3193,145498,1,0,2.5104530504904687
3194,145499,1,0,2.514791034627706
3195,145500,1,1,2.5173260364681482
3196,145501,1,0,2.6272489922121167
3197,145502,1,0,2.505733980797231
3198,145503,1,0,2.503700030501932
3199,145504,1,0,2.4909560452215374
3200,145505,1,0,2.498560003004968
3201,145506,1,0,2.5161440134979784
3202,145507,1,1,2.504942996893078
3203,145508,1,0,2.499041031114757
3204,145509,1,0,2.505574026145041
3205,145510,1,0,2.4956560228019953
3206,145511,1,0,2.507786964997649
3207,145512,1,0,2.4990419624373317
3208,145513,1,0,2.5150009896606207
3209,145514,1,0,2.498790971003473
3210,145515,1,1,2.5100019993260503
3211,145516,1,0,2.503980998881161
3212,145517,1,0,2.502076968085021
3213,145518,1,0,2.5146909756585956
3214,145519,1,0,2.497469016816467
3215,145520,1,0,2.5099419872276485
3216,145521,1,0,2.4947639903984964
3217,145522,1,1,2.50364001840353
3218,145523,1,0,2.4963869946077466
3219,145524,1,0,2.508369041606784
3220,145525,1,0,2.503550029359758
3221,145526,1,0,2.5119560305029154
3222,145527,1,0,2.5050329859368503
3223,145528,1,0,2.6404939708299935
3224,145529,1,0,2.514059015084058
3225,145530,1,1,2.495876047760248
3226,145531,1,0,2.5098519981838763
3227,145532,1,0,2.5058850296773016
3228,145533,1,0,2.511664992198348
3229,145534,1,0,2.4971779785118997
3230,145535,1,0,2.5174360489472747
3231,145536,1,0,2.50242801848799
3232,145537,1,1,2.5031789555214345
3233,145538,1,0,2.5043109781108797
3234,145539,1,0,2.515703032258898
3235,145540,1,0,2.50335899181664
3236,145541,1,0,2.495915978215635
3237,145542,1,0,2.5093809817917645
3238,145543,1,0,2.499110996723175
3239,145544,1,0,2.5128970155492425
3240,145545,1,1,2.499462978448719
3241,145546,1,0,2.506065007764846
3242,145547,1,0,2.50477297231555
3243,145548,1,0,2.513999992515892
3244,145549,1,0,2.4982900358736515
3245,145550,1,0,2.5010149693116546
3246,145551,1,0,2.496837987564504
3247,145552,1,1,2.5044609792530537
3248,145553,1,0,2.5023280177265406
3249,145554,1,0,2.6215790421701968
3250,145555,1,0,2.5077780010178685
3251,145556,1,0,2.488521975465119
3252,145557,1,0,2.626217028591782
3253,145558,1,0,2.4914279929362237
3254,145559,1,0,2.5113850133493543
3255,145560,1,1,2.502268005628139
3256,145561,1,0,2.511925995349884
3257,145562,1,0,2.4931509979069233
3258,145563,1,0,2.5154619943350554
3259,145564,1,0,2.5110439746640623
3260,145565,1,0,2.4988310178741813
3261,145566,1,0,2.500404021702707
3262,145567,1,1,2.495585009455681
3263,145568,1,0,2.5086490204557776
3264,145569,1,0,2.493270963896066
3265,145570,1,0,2.5132279843091965
3266,145571,1,0,2.516805019695312
3267,145572,1,0,2.525330986827612
3268,145573,1,0,2.51270696753636
3269,145574,1,1,2.51295801717788
3270,145575,1,0,2.5122759980149567
3271,145576,1,0,2.52094300230965
3272,145577,1,0,2.5255110231228173
3273,145578,1,0,2.5032899575307965
3274,145579,1,0,2.5260509573854506
3275,145580,1,0,2.513267972972244
3276,145581,1,0,2.6408539852127433
3277,145582,1,1,2.614916011225432
3278,145583,1,0,2.520821988582611
3279,145584,1,0,2.5166539708152413
3280,145585,1,0,2.5065160007216036
3281,145586,1,0,2.5227059959433973
3282,145587,1,0,2.5032589910551906
3283,145588,1,0,2.52509000711143
3284,145589,1,1,2.511664992198348
3285,145590,1,0,2.5139289791695774
3286,145591,1,0,2.506093995179981
3287,145592,1,0,2.5219240342266858
3288,145593,1,0,2.5000839959830046
3289,145594,1,0,2.5015560095198452
3290,145595,1,0,2.517815970350057
3291,145596,1,0,2.506636024918407
3292,145597,1,1,2.516634005587548
3293,145598,1,0,2.4963569594547153
3294,145599,1,0,2.5177370407618582
3295,145600,1,0,2.5058540049940348
3296,145601,1,0,2.520832000300288
3297,145602,1,0,2.5050630210898817
3298,145603,1,0,2.5142899830825627
3299,145604,1,1,2.5103730149567127
3300,145605,1,0,2.5211029569618404
3301,145606,1,0,2.5157430209219456
3302,145607,1,0,2.634943986777216
3303,145608,1,0,2.5117360055446625
3304,145609,1,0,2.4999629822559655
3305,145610,1,0,2.5085589732043445
3306,145611,1,0,2.5062449858523905
3307,145612,1,1,2.507828001398593
3308,145613,1,0,2.495085005648434
3309,145614,1,0,2.5019270251505077
3310,145615,1,0,2.5053840363398194
3311,145616,1,0,2.5120259961113334
3312,145617,1,0,2.515552972909063
3313,145618,1,0,2.50382098602131
3314,145619,1,1,2.5244790012948215
3315,145620,1,0,2.499612979590893
3316,145621,1,0,2.5119660422205925
3317,145622,1,0,2.506365010049194
3318,145623,1,0,2.515272004529834
3319,145624,1,0,2.502598043065518
3320,145625,1,0,2.5105630047619343
3321,145626,1,0,2.511244034394622
3322,145627,1,1,2.514961000997573
3323,145628,1,0,2.5068759568966925
3324,145629,1,0,2.501957002095878
3325,145630,1,0,2.5163340033032
3326,145631,1,0,2.506386023014784
3327,145632,1,0,2.509411016944796
3328,145633,1,0,2.5047319941222668
3329,145634,1,1,2.634582982864231
3330,145635,1,0,2.505153010133654
3331,145636,1,0,2.5056939921341836
3332,145637,1,0,2.498329966329038
3333,145638,1,0,2.515683008823544
3334,145639,1,0,2.5212530163116753
3335,145640,1,0,2.5025290087796748
3336,145641,1,0,2.5140600046142936
3337,145642,1,1,2.489144040737301
3338,145643,1,0,2.5092200376093388
3339,145644,1,0,2.4960259906947613
3340,145645,1,0,2.512466977350414
3341,145646,1,0,2.503601019270718
3342,145647,1,0,2.5149909779429436
3343,145648,1,0,2.5009550154209137
3344,145649,1,1,2.515741973184049
3345,145650,1,0,2.4990919628180563
3346,145651,1,0,2.5676090153865516
3347,145652,1,0,2.5055540027096868
3348,145653,1,0,2.50137597322464
3349,145654,1,0,2.502829011064023
3350,145655,1,0,2.4873799993656576
3351,145656,1,1,2.515902975574136
3352,145657,1,0,2.538083994295448
3353,145658,1,0,2.512577048037201
3354,145659,1,0,2.5093210279010236
3355,145660,1,0,2.6394319720566273
3356,145661,1,0,2.5135279865935445
3357,145662,1,0,2.4988920195028186
3358,145663,1,0,2.5091409916058183
3359,145664,1,1,2.489653998054564
3360,145665,1,0,2.5033289566636086
3361,145666,1,0,2.490075014065951
3362,145667,1,0,2.5081990170292556
3363,145668,1,0,2.495744964107871
3364,145669,1,0,2.5042310007847846
3365,145670,1,0,2.5011749821715057
3366,145671,1,1,2.512365987058729
3367,145672,1,0,2.502787974663079
3368,145673,1,0,2.5077179889194667
3369,145674,1,0,2.4910770007409155
3370,145675,1,0,2.505654003471136
3371,145676,1,0,2.5093809817917645
3372,145677,1,0,2.503480005543679
3373,145678,1,0,2.5155320181511343
3374,145679,1,1,2.504953008610755
3375,145680,1,0,2.5048129609785974
3376,145681,1,0,2.4984710034914315
3377,145682,1,0,2.561707980930805
3378,145683,1,0,2.500273985788226
3379,145684,1,0,2.5126769905909896
3380,145685,1,0,2.4923490127548575
3381,145686,1,1,2.503399970009923
3382,145687,1,0,2.629763970617205
3383,145688,1,0,2.502246992662549
3384,145689,1,0,2.513337996788323
3385,145690,1,0,2.4986310163512826
3386,145691,1,0,2.502418006770313
3387,145692,1,0,2.4956849520094693
3388,145693,1,0,2.5056140148080885
3389,145694,1,1,2.504350966773927
3390,145695,1,0,2.5206920108757913
3391,145696,1,0,2.501707000192255
3392,145697,1,0,2.5096910540014505
3393,145698,1,0,2.499232010450214
3394,145699,1,0,2.5151920272037387
3395,145700,1,0,2.4945829645730555
3396,145701,1,1,2.494813990779221
3397,145702,1,0,2.5072069838643074
3398,145703,1,0,2.513348008506
3399,145704,1,0,2.5186080019921064
3400,145705,1,0,2.494402986485511
3401,145706,1,0,2.5037809973582625
3402,145707,1,0,2.4920080322772264
3403,145708,1,0,2.578918996732682
3404,145709,1,1,2.493541978765279
3405,145710,1,0,2.504401025362313
3406,145711,1,0,2.533125050831586
3407,145712,1,0,2.5104719679802656
3408,145713,1,0,2.6283609913662076
3409,145714,1,0,2.5067160022445023
3410,145715,1,0,2.503689960576594
3411,145716,1,1,2.4896839749999344
3412,145717,1,0,2.554464968852699
3413,145718,1,0,2.495294960681349
3414,145719,1,0,2.5113540468737483
3415,145720,1,0,2.4961259914562106
3416,145721,1,0,2.5087399990297854
3417,145722,1,0,2.4998229928314686
3418,145723,1,1,2.510141988750547
3419,145724,1,0,2.511263999622315
3420,145725,1,0,2.504410978872329
3421,145726,1,0,2.5110039860010147
3422,145727,1,0,2.498751040548086
3423,145728,1,0,2.5152310263365507
3424,145729,1,0,2.499462047126144
3425,145730,1,0,2.51213600859046
3426,145731,1,1,2.504101023077965
3427,145732,1,0,2.5180570082738996
3428,145733,1,0,2.528035023715347
3429,145734,1,0,2.51241703517735
3430,145735,1,0,2.510702994186431
3431,145736,1,0,2.4963970063254237
3432,145737,1,0,2.5038609746843576
3433,145738,1,1,2.504872973076999
3434,145739,1,0,2.5178659707307816
3435,145740,1,0,2.6210880023427308
3436,145741,1,0,2.508570032659918
3437,145742,1,0,2.503790019545704
3438,145743,1,0,2.5186080019921064
3439,145744,1,0,2.5051229749806225
3440,145745,1,0,2.5107940309681
3441,145746,1,1,2.5093710282817483
3442,145747,1,0,2.503549971152097
3443,145748,1,0,2.548834017943591
3444,145749,1,0,2.4987910292111337
3445,145750,1,0,2.5089200353249907
3446,145751,1,0,2.499633003026247
3447,145752,1,0,2.506375953089446
3448,145753,1,1,2.4924600147642195
3449,145754,1,0,2.505994983948767
3450,145755,1,0,2.5021170149557292
3451,145756,1,0,2.5105320382863283
3452,145757,1,0,2.497698995284736
3453,145758,1,0,2.5467710220254958
3454,145759,1,0,2.518637978937477
3455,145760,1,0,2.5026079965755343
3456,145761,1,1,2.5116150500252843
3457,145762,1,0,2.4913580273278058
3458,145763,1,0,2.511305036023259
3459,145764,1,0,2.500634000170976
3460,145765,1,0,2.5057540042325854
3461,145766,1,0,2.614885976072401
3462,145767,1,0,2.506386023014784
3463,145768,1,1,2.4943530443124473
3464,145769,1,0,2.5032900157384574
3465,145770,1,0,2.5049129617400467
3466,145771,1,0,2.5019669556058943
3467,145772,1,0,2.4984810152091086
3468,145773,1,0,2.4934610119089484
3469,145774,1,0,2.5182070094160736
3470,145775,1,0,2.5030699907802045
3471,145776,1,1,2.509651007130742
3472,145777,1,0,2.5060250191017985
3473,145778,1,0,2.5050429976545274
3474,145779,1,0,2.5078380131162703
3475,145780,1,0,2.5223250268027186
3476,145781,1,0,2.5038100429810584
3477,145782,1,0,2.5118860066868365
3478,145783,1,1,2.503811032511294
3479,145784,1,0,2.5031690020114183
3480,145785,1,0,2.5117649929597974
3481,145786,1,0,2.503180003259331
3482,145787,1,0,2.5095620076172054
3483,145788,1,0,2.501456008758396
3484,145789,1,0,2.5125870015472174
3485,145790,1,1,2.502567949704826
3486,145791,1,0,2.5110039860010147
3487,145792,1,0,2.506975957658142
3488,145793,1,0,2.635644981637597
3489,145794,1,0,2.516484004445374
3490,145795,1,0,2.500344009604305
3491,145796,1,0,2.5076879537664354
3492,145797,1,0,2.486017008777708
3493,145798,1,1,2.50621500890702
3494,145799,1,0,2.502447983715683
3495,145800,1,0,2.5105130043812096
3496,145801,1,0,2.502838964574039
3497,145802,1,0,2.5109739508479834
3498,145803,1,0,2.4965470074675977
3499,145804,1,0,2.511734957806766
3500,145805,1,1,2.507458033505827
3501,145806,1,0,2.515522006433457
3502,145807,1,0,2.523276023566723
3503,145808,1,0,2.5051929987967014
3504,145809,1,0,2.515731961466372
3505,145810,1,0,2.4947230122052133
3506,145811,1,0,2.5184580008499324
3507,145812,1,0,2.504101023077965
3508,145813,1,1,2.5239380192942917
3509,145814,1,0,2.5087190442718565
3510,145815,1,0,2.5165340048260987
3511,145816,1,0,2.5047720409929752
3512,145817,1,0,2.520059992093593
3513,145818,1,0,2.5040709879249334
3514,145819,1,0,2.6321079931221902
3515,145820,1,1,2.5293679791502655
3516,145821,1,0,2.5027579977177083
3517,145822,1,0,2.5075579760596156
3518,145823,1,0,2.497809997294098
3519,145824,1,0,2.5077880127355456
3520,145825,1,0,2.504242002032697
3521,145826,1,0,2.5029590469785035
3522,145827,1,0,2.499382011592388
3523,145828,1,1,2.504292002413422
3524,145829,1,0,2.4948439677245915
3525,145830,1,0,2.501727023627609
3526,145831,1,0,2.511364989914
3527,145832,1,0,2.503228955902159
3528,145833,1,0,2.5666169822216034
3529,145834,1,0,2.5009249802678823
3530,145835,1,1,2.526042051613331
3531,145836,1,0,2.501626033335924
3532,145837,1,0,2.5126469554379582
3533,145838,1,0,2.4949839571490884
3534,145839,1,0,2.510613005142659
3535,145840,1,0,2.513818966690451
3536,145841,1,0,2.515372005291283
3537,145842,1,0,2.51375901279971
3538,145843,1,1,2.5050329859368503
3539,145844,1,0,2.5177469942718744
3540,145845,1,0,2.4908860214054585
3541,145846,1,0,2.6351240230724216
3542,145847,1,0,2.496145956683904
3543,145848,1,0,2.503750962205231
3544,145849,1,0,2.4942830204963684
3545,145850,1,1,2.5003839982673526
3546,145851,1,0,2.4974989937618375
3547,145852,1,0,2.511675003916025
3548,145853,1,0,2.495824999641627
3549,145854,1,0,2.5054829893633723
3550,145855,1,0,2.5137990014627576
3551,145856,1,0,2.4902549921534956
3552,145857,1,0,2.5117159821093082
3553,145858,1,1,2.498510992154479
3554,145859,1,0,2.6024729595519602
3555,145860,1,0,2.507888013496995
3556,145861,1,0,2.5094610173255205
3557,145862,1,0,2.50459200469777
3558,145863,1,0,2.5304799783043563
3559,145864,1,0,2.5244889548048377
3560,145865,1,1,2.552600984927267
3561,145866,1,0,2.5164340040646493
3562,145867,1,0,2.50242801848799
3563,145868,1,0,2.516202977858484
3564,145869,1,0,2.5063749635592103
3565,145870,1,0,2.5161230005323887
3566,145871,1,0,2.5001440080814064
3567,145872,1,1,2.6363260112702847
3568,145873,1,0,2.51512200338766
3569,145874,1,0,2.5022270274348557
3570,145875,1,0,2.507897967007011
3571,145876,1,0,2.5037199957296252
3572,145877,1,0,2.511484024580568
3573,145878,1,0,2.5002440088428557
3574,145879,1,0,2.5085789966396987
3575,145880,1,1,2.499322989024222
3576,145881,1,0,2.5110039860010147
3577,145882,1,0,2.4966979981400073
3578,145883,1,0,2.5109039852395654
3579,145884,1,0,2.501506998669356
3580,145885,1,0,2.5004540220834315
3581,145886,1,0,2.500473987311125
3582,145887,1,1,2.5091799907386303
3583,145888,1,0,2.503429015632719
3584,145889,1,0,2.5002039619721472
3585,145890,1,0,2.5024079950526357
3586,145891,1,0,2.4793550255708396
3587,145892,1,0,2.505172975361347
3588,145893,1,0,2.4981999886222184
3589,145894,1,0,2.513208019081503
3590,145895,1,1,2.495936001650989
3591,145896,1,0,2.510232967324555
3592,145897,1,0,2.4934709654189646
3593,145898,1,0,2.509801008272916
3594,145899,1,0,2.6337510207667947
3595,145900,1,0,2.5075770099647343
3596,145901,1,0,2.5090400013141334
3597,145902,1,1,2.4868289474397898
3598,145903,1,0,2.506204997189343
3599,145904,1,0,2.4931710213422775
3600,145905,1,0,2.506075019482523
3601,145906,1,0,2.4962059687823057
3602,145907,1,0,2.5042310007847846
3603,145908,1,0,2.5037300074473023
3604,145909,1,0,2.5330950156785548
3605,145910,1,1,2.4987609940581024
3606,145911,1,0,2.509912010282278
3607,145912,1,0,2.5025889626704156
3608,145913,1,0,2.5120460195466876
3609,145914,1,0,2.513738989364356
3610,145915,1,0,2.4975990527309477
3611,145916,1,0,2.5067859678529203
3612,145917,1,1,2.494994958397001
3613,145918,1,0,2.519630012102425
3614,145919,1,0,2.5073170545510948
3615,145920,1,0,2.5175460032187402
3616,145921,1,0,2.508518984541297
3617,145922,1,0,2.51929898513481
3618,145923,1,0,2.508289006073028
3619,145924,1,0,2.5178460055030882
3620,145925,1,1,2.6455530314706266
3621,145926,1,0,2.500253962352872
3622,145927,1,0,2.516675041988492
3623,145928,1,0,2.4982410250231624
3624,145929,1,0,2.519128960557282
3625,145930,1,0,2.5019669556058943
3626,145931,1,0,2.5173460016958416
3627,145932,1,1,2.49745900509879
3628,145933,1,0,2.51200603088364
3629,145934,1,0,2.5944890221580863
3630,145935,1,0,2.5128679699264467
3631,145936,1,0,2.517937042284757
3632,145937,1,0,2.51453003147617
3633,145938,1,0,2.520811976864934
3634,145939,1,1,2.507327008061111
3635,145940,1,0,2.5139699573628604
3636,145941,1,0,2.500504022464156
3637,145942,1,0,2.503469993826002
3638,145943,1,0,2.510922960937023
3639,145944,1,0,2.518377033993602
3640,145945,1,0,2.509692043531686
3641,145946,1,0,2.4984910269267857
3642,145947,1,1,2.505023032426834
3643,145948,1,0,2.49329098733142
3644,145949,1,0,2.5169049622491
3645,145950,1,0,2.50418100040406
3646,145951,1,0,2.5097820325754583
3647,145952,1,0,2.621509018354118
3648,145953,1,0,2.5152619928121567
3649,145954,1,1,2.5141299702227116
3650,145955,1,0,2.5182280223816633
3651,145956,1,0,2.5109939742833376
3652,145957,1,0,2.4984199553728104
3653,145958,1,0,2.5218239752575755
3654,145959,1,0,2.708850021008402
3655,145960,1,0,2.5184080004692078
3656,145961,1,0,2.5016169529408216
3657,145962,1,1,2.508368983399123
3658,145963,1,0,2.4983499897643924
3659,145964,1,0,2.5053040008060634
3660,145965,1,0,2.5049729738384485
3661,145966,1,0,2.490415994543582
3662,145967,1,0,2.5033989804796875
3663,145968,1,0,2.492800005711615
3664,145969,1,1,2.5042410125024617
3665,145970,1,0,2.4987810174934566
3666,145971,1,0,2.5059350300580263
3667,145972,1,0,2.5021680048666894
3668,145973,1,0,2.505163021851331
3669,145974,1,0,2.506295044440776
3670,145975,1,0,2.5141100049950182
3671,145976,1,0,2.50418100040406
3672,145977,1,1,2.5089600239880383
3673,145978,1,0,2.6356540038250387
3674,145979,1,0,2.51229596324265
3675,145980,1,0,2.5103730149567127
3676,145981,1,0,2.5087700341828167
3677,145982,1,0,2.5032099802047014
3678,145983,1,0,2.49331200029701
3679,145984,1,1,2.5605359696783125
3680,145985,1,0,2.4977389839477837
3681,145986,1,0,2.5076069869101048
3682,145987,1,0,2.4914079695008695
3683,145988,1,0,2.5109740090556443
3684,145989,1,0,2.5064159999601543
3685,145990,1,0,2.4949339567683637
3686,145991,1,0,2.5057540042325854
3687,145992,1,1,2.492730040103197
3688,145993,1,0,2.5092409923672676
3689,145994,1,0,2.497287990991026
3690,145995,1,0,2.5089900009334087
3691,145996,1,0,2.496215980499983
3692,145997,1,0,2.5064560468308628
3693,145998,1,0,2.49570602318272
3694,145999,1,1,2.5125970132648945
3695,146000,1,0,2.5045520160347223
3696,146001,1,0,2.510121965315193
3697,146002,1,0,2.5090599665418267
3698,146003,1,0,2.510062011424452
3699,146004,1,0,2.5246890145353973
3700,146005,1,0,2.6266989880241454
3701,146006,1,1,2.5070770061574876
3702,146007,1,0,2.4971580132842064
3703,146008,1,0,2.509731042664498
3704,146009,1,0,2.5047819945029914
3705,146010,1,0,2.560946042649448
3706,146011,1,0,2.5008850498124957
3707,146012,1,0,2.514118968974799
3708,146013,1,0,2.5035300059244037
3709,146014,1,1,2.5010749814100564
3710,146015,1,0,2.509010024368763
3711,146016,1,0,2.4896839749999344
3712,146017,1,0,2.50662601320073
3713,146018,1,0,2.495354972779751
3714,146019,1,0,2.507316996343434
3715,146020,1,0,2.5105829699896276
3716,146021,1,1,2.5377830024808645
3717,146022,1,0,2.500404021702707
3718,146023,1,0,2.5197300128638744
3719,146024,1,0,2.5030989781953394
3720,146025,1,0,2.5123959640040994
3721,146026,1,0,2.5068860268220305
3722,146027,1,0,2.5029690004885197
3723,146028,1,0,2.507076016627252
3724,146029,1,1,2.494102984201163
3725,146030,1,0,2.5149009888991714
3726,146031,1,0,2.617881982587278
3727,146032,1,0,2.511525002773851
3728,146033,1,0,2.488171972800046
3729,146034,1,0,2.5142800295725465
3730,146035,1,0,2.5224650162272155
3731,146036,1,1,2.5100819766521454
3732,146037,1,0,2.5171550223603845
3733,146038,1,0,2.4955449625849724
3734,146039,1,0,2.510602993424982
3735,146040,1,0,2.512365987058729
3736,146041,1,0,2.5156919728033245
3737,146042,1,0,2.5073069846257567
3738,146043,1,0,2.523177012335509
3739,146044,1,1,2.501006005331874
3740,146045,1,0,2.5150610017590225
3741,146046,1,0,2.504713018424809
3742,146047,1,0,2.5212629698216915
3743,146048,1,0,2.5242380215786397
3744,146049,1,0,2.5002339971251786
3745,146050,1,0,2.5223249685950577
3746,146051,1,1,2.5067960377782583
3747,146052,1,0,2.5143810198642313
3748,146053,1,0,2.5012560072354972
3749,146054,1,0,2.515132015105337
3750,146055,1,0,2.5050529511645436
3751,146056,1,0,2.5154019822366536
3752,146057,1,0,2.5097120087593794
3753,146058,1,0,2.6436999905854464
3754,146059,1,1,2.513428044039756
3755,146060,1,0,2.508459030650556
3756,146061,1,0,2.5162840029224753
3757,146062,1,0,2.5068160030059516
3758,146063,1,0,2.5180570082738996
3759,146064,1,0,2.5085790548473597
3760,146065,1,0,2.518287976272404
3761,146066,1,1,2.5010560057125986
3762,146067,1,0,2.5304000009782612
3763,146068,1,0,2.505574026145041
3764,146069,1,0,2.506173972506076
3765,146070,1,0,2.512215985916555
3766,146071,1,0,2.50634498661384
3767,146072,1,0,2.506705990526825
3768,146073,1,0,2.510111953597516
3769,146074,1,1,2.5111440336331725
3770,146075,1,0,2.500515023712069
3771,146076,1,0,2.5141899823211133
3772,146077,1,0,2.5012760306708515
3773,146078,1,0,2.5157930213026702
3774,146079,1,0,2.4970879894681275
3775,146080,1,0,2.520681999158114
3776,146081,1,1,2.4995519779622555
3777,146082,1,0,2.5042409542948008
3778,146083,1,0,2.510803984478116
3779,146084,1,0,2.6265379856340587
3780,146085,1,0,2.5139900390058756
3781,146086,1,0,2.49552505556494
3782,146087,1,0,2.5100120110437274
3783,146088,1,1,2.499772992450744
3784,146089,1,0,2.5004750350490212
3785,146090,1,0,2.4893340305425227
3786,146091,1,0,2.497828972991556
3787,146092,1,0,2.501857001334429
3788,146093,1,0,2.511333965230733
3789,146094,1,0,2.5066559901461005
3790,146095,1,0,2.5027680094353855
3791,146096,1,1,2.51241703517735
3792,146097,1,0,2.5138090131804347
3793,146098,1,0,2.517535991501063
3794,146099,1,0,2.5087190442718565
3795,146100,1,0,2.5143700186163187
3796,146101,1,0,2.501947048585862
3797,146102,1,0,2.51388899050653
3798,146103,1,1,2.4969169753603637
3799,146104,1,0,2.5099320337176323
3800,146105,1,0,2.502518007531762
3801,146106,1,0,2.5212629698216915
3802,146107,1,0,2.526052005123347
3803,146108,1,0,2.514650986995548
3804,146109,1,0,2.5197500362992287
3805,146110,1,0,2.5095309829339385
3806,146111,1,1,2.633652009535581
3807,146112,1,0,2.500745002180338
3808,146113,1,0,2.5130080175586045
3809,146114,1,0,2.4978999863378704
3810,146115,1,0,2.512005972675979
3811,146116,1,0,2.5172149762511253
3812,146117,1,0,2.5040910113602877
3813,146118,1,1,2.521634043660015
3814,146119,1,0,2.499873051419854
3815,146120,1,0,2.5134689640253782
3816,146121,1,0,2.5009760283865035
3817,146122,1,0,2.507807977963239
3818,146123,1,0,2.503208990674466
3819,146124,1,0,2.5174059555865824
3820,146125,1,0,2.504312025848776
3821,146126,1,1,2.516133012250066
3822,146127,1,0,2.499903959687799
3823,146128,1,0,2.5135489995591342
3824,146129,1,0,2.51556298462674
3825,146130,1,0,2.5025579961948097
3826,146131,1,0,2.505593001842499
3827,146132,1,0,2.4930709623731673
3828,146133,1,1,2.5060049956664443
3829,146134,1,0,2.498950983863324
3830,146135,1,0,2.617620979435742
3831,146136,1,0,2.4987009819597006
3832,146137,1,0,2.6351739652454853
3833,146138,1,0,2.5114850141108036
3834,146139,1,0,2.5077369646169245
3835,146140,1,0,2.5182570097967982
3836,146141,1,1,2.5030489778146148
3837,146142,1,0,2.5091409916058183
3838,146143,1,0,2.504661970306188
3839,146144,1,0,2.510302991140634
3840,146145,1,0,2.504452015273273
3841,146146,1,0,2.5007350486703217
3842,146147,1,0,2.501675975508988
3843,146148,1,1,2.510291989892721
3844,146149,1,0,2.505954005755484
3845,146150,1,0,2.5119659840129316
3846,146151,1,0,2.5113350129686296
3847,146152,1,0,2.4970080121420324
3848,146153,1,0,2.51118402229622
3849,146154,1,0,2.4938120041042566
3850,146155,1,1,2.512776991352439
3851,146156,1,0,2.5057640159502625
3852,146157,1,0,2.5019579916261137
3853,146158,1,0,2.498089976143092
3854,146159,1,0,2.5078379549086094
3855,146160,1,0,2.495504973921925
3856,146161,1,0,2.5634110206738114
3857,146162,1,0,2.4997630389407277
3858,146163,1,1,2.512717037461698
3859,146164,1,0,2.629783994052559
3860,146165,1,0,2.4965169723145664
3861,146166,1,0,2.5066559901461005
3862,146167,1,0,2.4993419647216797
3863,146168,1,0,2.5045719812624156
3864,146169,1,0,2.494995016604662
3865,146170,1,1,2.506194985471666
3866,146171,1,0,2.495444961823523
3867,146172,1,0,2.502727962564677
3868,146173,1,0,2.498190966434777
3869,146174,1,0,2.498170011676848
3870,146175,1,0,2.4979099980555475
3871,146176,1,0,2.500483999028802
3872,146177,1,0,2.5155519833788276
3873,146178,1,1,2.4969980004243553
3874,146179,1,0,2.5086799869313836
3875,146180,1,0,2.4884119629859924
3876,146181,1,0,2.513278042897582
3877,146182,1,0,2.498240035492927
3878,146183,1,0,2.5053530116565526
3879,146184,1,0,2.4959059664979577
3880,146185,1,1,2.5072770076803863
3881,146186,1,0,2.503069001249969
3882,146187,1,0,2.508500008843839
3883,146188,1,0,2.49944202369079
3884,146189,1,0,2.512996958103031
3885,146190,1,0,2.6248240028508008
3886,146191,1,0,2.4944039760157466
3887,146192,1,0,2.502438030205667
3888,146193,1,1,2.49447301030159
3889,146194,1,0,2.5089599657803774
3890,146195,1,0,2.504110976587981
3891,146196,1,0,2.5129279820248485
3892,146197,1,0,2.5015469873324037
3893,146198,1,0,2.5105829699896276
3894,146199,1,0,2.505303011275828
3895,146200,1,1,2.5092600262723863
3896,146201,1,0,2.499361988157034
3897,146202,1,0,2.50621500890702
3898,146203,1,0,2.5101930368691683
3899,146204,1,0,2.510243037249893
3900,146205,1,0,2.507647965103388
3901,146206,1,0,2.4979900335893035
3902,146207,1,0,2.513408020604402
3903,146208,1,1,2.5043419445864856
3904,146209,1,0,2.519299043342471
3905,146210,1,0,2.5048130191862583
3906,146211,1,0,2.564232039730996
3907,146212,1,0,2.5050329859368503
3908,146213,1,0,2.509870973881334
3909,146214,1,0,2.497779962141067
3910,146215,1,1,2.503379015251994
3911,146216,1,0,2.5044920039363205
3912,146217,1,0,2.6249950169585645
3913,146218,1,0,2.514610008802265
3914,146219,1,0,2.497287990991026
3915,146220,1,0,2.5061650085262954
3916,146221,1,0,2.505463024135679
3917,146222,1,0,2.50809796852991
3918,146223,1,1,2.5025790091603994
3919,146224,1,0,2.5084990193136036
3920,146225,1,0,2.4987509823404253
3921,146226,1,0,2.4961759918369353
3922,146227,1,0,2.5007249787449837
3923,146228,1,0,2.495254040695727
3924,146229,1,0,2.5105130043812096
3925,146230,1,1,2.4904360179789364
3926,146231,1,0,2.507347031496465
3927,146232,1,0,2.4919889983721077
3928,146233,1,0,2.507086028344929
3929,146234,1,0,2.497768960893154
3930,146235,1,0,2.510313002858311
3931,146236,1,0,2.5013459962792695
3932,146237,1,1,2.5131680304184556
3933,146238,1,0,2.499152033124119
3934,146239,1,0,2.5087600224651396
3935,146240,1,0,2.496407018043101
3936,146241,1,0,2.5167239946313202
3937,146242,1,0,2.5027989759109914
3938,146243,1,0,2.6191940414719284
3939,146244,1,0,2.51669401768595
3940,146245,1,1,2.4937120033428073
3941,146246,1,0,2.506065007764846
3942,146247,1,0,2.4947139900177717
3943,146248,1,0,2.5021969922818244
3944,146249,1,0,2.4993919651024044
3945,146250,1,0,2.510472957510501
3946,146251,1,0,2.4954649852588773
3947,146252,1,1,2.5042810011655092
3948,146253,1,0,2.4962860043160617
3949,146254,1,0,2.5003539631143212
3950,146255,1,0,2.5094409938901663
3951,146256,1,0,2.4984200135804713
3952,146257,1,0,2.5106429820880294
3953,146258,1,0,2.567388000898063
3954,146259,1,0,2.538906002882868
3955,146260,1,1,2.503569994587451
3956,146261,1,0,2.515762986149639
3957,146262,1,0,2.504531992599368
3958,146263,1,0,2.5231660110875964
3959,146264,1,0,2.515582018531859
3960,146265,1,0,2.5094610173255205
3961,146266,1,0,2.5074080331251025
3962,146267,1,1,2.5093609583564103
3963,146268,1,0,2.514470019377768
3964,146269,1,0,2.4999339948408306
3965,146270,1,0,2.65229499200359
3966,146271,1,0,2.506125019863248
3967,146272,1,0,2.545056981034577
3968,146273,1,0,2.5599239743314683
3969,146274,1,0,2.5014859857037663
3970,146275,1,1,2.5185379781760275
3971,146276,1,0,2.5055629666894674
3972,146277,1,0,2.51726497663185
3973,146278,1,0,2.5127470144070685
3974,146279,1,0,2.5204310077242553
3975,146280,1,0,2.50956101808697
3976,146281,1,0,2.52859597094357
3977,146282,1,1,2.516955020837486
3978,146283,1,0,2.507678000256419
3979,146284,1,0,2.5236770161427557
3980,146285,1,0,2.5063350331038237
3981,146286,1,0,2.5197200011461973
3982,146287,1,0,2.5077370228245854
3983,146288,1,0,2.518268011044711
3984,146289,1,0,2.5006039650179446
3985,146290,1,1,2.5219140225090086
3986,146291,1,0,2.5116350152529776
3987,146292,1,0,2.5140700163319707
3988,146293,1,0,2.5131379952654243
3989,146294,1,0,2.5107230176217854
3990,146295,1,0,2.517385990358889
3991,146296,1,0,2.6161790010519326
3992,146297,1,1,2.510543039534241
3993,146298,1,0,2.5030489778146148
3994,146299,1,0,2.5135090108960867
3995,146300,1,0,2.5054040015675128
3996,146301,1,0,2.5148909771814942
3997,146302,1,0,2.5011550169438124
3998,146303,1,0,2.5134789757430553
3999,146304,1,1,2.5103329680860043
4000,146305,1,0,2.503400028217584
4001,146306,1,0,2.5075770099647343
4002,146307,1,0,2.4932610103860497
4003,146308,1,0,2.51890899380669
4004,146309,1,0,2.4983700131997466
4005,146310,1,0,2.5111240101978183
4006,146311,1,0,2.498379966709763
4007,146312,1,1,2.528126002289355
4008,146313,1,0,2.4986410280689597
4009,146314,1,0,2.521453017834574
4010,146315,1,0,2.5034300051629543
4011,146316,1,0,2.5123670347966254
4012,146317,1,0,2.503119991160929
4013,146318,1,0,2.497137989848852
4014,146319,1,1,2.515142026823014
4015,146320,1,0,2.500525035429746
4016,146321,1,0,2.513619023375213
4017,146322,1,0,2.4993320112116635
4018,146323,1,0,2.629633992910385
4019,146324,1,0,2.501114970073104
4020,146325,1,0,2.510682970751077
4021,146326,1,0,2.4959860020317137
4022,146327,1,1,2.5068059912882745
4023,146328,1,0,2.509019977878779
4024,146329,1,0,2.502698975149542
4025,146330,1,0,2.508619043510407
4026,146331,1,0,2.493842039257288
4027,146332,1,0,2.5112139992415905
4028,146333,1,0,2.504120988305658
4029,146334,1,1,2.5115839671343565
4030,146335,1,0,2.5003039627335966
4031,146336,1,0,2.50557396793738
4032,146337,1,0,2.548684016801417
4033,146338,1,0,2.5170150329358876
4034,146339,1,0,2.5053630233742297
4035,146340,1,0,2.514469961170107
4036,146341,1,0,2.5108929839916527
4037,146342,1,1,2.505172975361347
4038,146343,1,0,2.5191690074279904
4039,146344,1,0,2.486788958776742
4040,146345,1,0,2.505514014046639
4041,146346,1,0,2.4992719991132617
4042,146347,1,0,2.518396999221295
4043,146348,1,0,2.505693002603948
4044,146349,1,1,2.638099016621709
4045,146350,1,0,2.4962459574453533
4046,146351,1,0,2.508518984541297
4047,146352,1,0,2.504892006982118
4048,146353,1,0,2.508458972442895
4049,146354,1,0,2.5114850141108036
4050,146355,1,0,2.5003039627335966
4051,146356,1,0,2.508769975975156
4052,146357,1,1,2.4973590043373406
4053,146358,1,0,2.510602993424982
4054,146359,1,0,2.497198001947254
4055,146360,1,0,2.513598999939859
4056,146361,1,0,2.495735010597855
4057,146362,1,0,2.6035549817606807
4058,146363,1,0,2.5160929653793573
4059,146364,1,1,2.5078480248339474
4060,146365,1,0,2.5038100429810584
4061,146366,1,0,2.4884120211936533
4062,146367,1,0,2.5092799915000796
4063,146368,1,0,2.4999340530484915
4064,146369,1,0,2.5057439925149083
4065,146370,1,0,2.5011359830386937
4066,146371,1,1,2.5073870201595128
4067,146372,1,0,2.5025579961948097
4068,146373,1,0,2.522154012694955
4069,146374,1,0,2.503970987163484
4070,146375,1,0,2.5189780280925333
4071,146376,1,0,2.629564027301967
4072,146377,1,0,2.48571700649336
4073,146378,1,0,2.508379053324461
4074,146379,1,1,2.4947940255515277
4075,146380,1,0,2.5060349726118147
4076,146381,1,0,2.50382098602131
4077,146382,1,0,2.5028189993463457
4078,146383,1,0,2.4987320066429675
4079,146384,1,0,2.51015298999846
4080,146385,1,0,2.4975789710879326
4081,146386,1,1,2.4985609925352037
4082,146387,1,0,2.5939279585145414
4083,146388,1,0,2.498009998816997
4084,146389,1,0,2.5113149895332754
4085,146390,1,0,2.494593965820968
4086,146391,1,0,2.5112240109592676
4087,146392,1,0,2.491416991688311
4088,146393,1,0,2.506766002625227
4089,146394,1,1,2.491918974556029
4090,146395,1,0,2.5154519826173782
4091,146396,1,0,2.503208990674466
4092,146397,1,0,2.505583979655057
4093,146398,1,0,2.5015060091391206
4094,146399,1,0,2.5196700007654727
4095,146400,1,0,2.499351976439357
4096,146401,1,1,2.5172760360874236
4097,146402,1,0,2.627449983265251
4098,146403,1,0,2.5078679900616407
4099,146404,1,0,2.5209420127794147
4100,146405,1,0,2.4957249988801777
4101,146406,1,0,2.5085399975068867
4102,146407,1,0,2.503390016499907
4103,146408,1,0,2.5060349726118147
4104,146409,1,1,2.4902349687181413
4105,146410,1,0,2.5073070428334177
4106,146411,1,0,2.505373035091907
4107,146412,1,0,2.5096310419030488
4108,146413,1,0,2.510852995328605
4109,146414,1,0,2.502368006389588
4110,146415,1,0,2.513358020223677
4111,146416,1,1,2.504331001546234
4112,146417,1,0,2.516473992727697
4113,146418,1,0,2.500554022844881
4114,146419,1,0,2.5088099646382034
4115,146420,1,0,2.500765025615692
4116,146421,1,0,2.5097019970417023
4117,146422,1,0,2.4880910059437156
4118,146423,1,0,2.517034998163581
4119,146424,1,1,2.497919020242989
4120,146425,1,0,2.5063049979507923
4121,146426,1,0,2.4959860020317137
4122,146427,1,0,2.4954949622042477
4123,146428,1,0,2.5129669811576605
4124,146429,1,0,2.62242101598531
4125,146430,1,0,2.523045986890793
4126,146431,1,1,2.5098120095208287
4127,146432,1,0,2.508850011508912
4128,146433,1,0,2.4979700101539493
4129,146434,1,0,2.5460690376348794
4130,146435,1,0,2.4964369949884713
4131,146436,1,0,2.508859965018928
4132,146437,1,0,2.5492850109003484
4133,146438,1,0,2.500173985026777
4134,146439,1,1,2.5138589553534985
4135,146440,1,0,2.5003739865496755
4136,146441,1,0,2.517535991501063
4137,146442,1,0,2.493200998287648
4138,146443,1,0,2.5134379975497723
4139,146444,1,0,2.5003839982673526
4140,146445,1,0,2.5042810011655092
4141,146446,1,1,2.494734013453126
4142,146447,1,0,2.512847015168518
4143,146448,1,0,2.4976489949040115
4144,146449,1,0,2.5062449858523905
4145,146450,1,0,2.500563976354897
4146,146451,1,0,2.4985410273075104
4147,146452,1,0,2.512898005079478
4148,146453,1,1,2.5008749798871577
4149,146454,1,0,2.509079989977181
4150,146455,1,0,2.6255460106767714
4151,146456,1,0,2.5109039852395654
4152,146457,1,0,2.498329966329038
4153,146458,1,0,2.5022670160979033
4154,146459,1,0,2.504692005459219
4155,146460,1,0,2.50943104038015
4156,146461,1,1,2.4970080121420324
4157,146462,1,0,2.4923289893195033
4158,146463,1,0,2.5589819997549057
4159,146464,1,0,2.4985609925352037
4160,146465,1,0,2.505954005755484
4161,146466,1,0,2.4922089651226997
4162,146467,1,0,2.516644017305225
4163,146468,1,1,2.497829031199217
4164,146469,1,0,2.5132379960268736
4165,146470,1,0,2.5054640136659145
4166,146471,1,0,2.5102230138145387
4167,146472,1,0,2.5033000274561346
4168,146473,1,0,2.5116850156337023
4169,146474,1,0,2.4903660523705184
4170,146475,1,0,2.4972190149128437
4171,146476,1,1,2.51095398562029
4172,146477,1,0,2.493271022103727
4173,146478,1,0,2.508719975594431
4174,146479,1,0,2.4987710057757795
4175,146480,1,0,2.5252500199712813
4176,146481,1,0,2.5016769650392234
4177,146482,1,0,2.6375779998488724
4178,146483,1,1,2.4994019768200815
4179,146484,1,0,2.5143310194835067
4180,146485,1,0,2.494724001735449
4181,146486,1,0,2.4987009819597006
4182,146487,1,0,2.5068469694815576
4183,146488,1,0,2.5011860416270792
4184,146489,1,0,2.5021869805641472
4185,146490,1,0,2.500745002180338
4186,146491,1,1,2.507898025214672
4187,146492,1,0,2.498960995581001
4188,146493,1,0,2.5110840215347707
4189,146494,1,0,2.4951149825938046
4190,146495,1,0,2.511605038307607
4191,146496,1,0,2.5091200368478894
4192,146497,1,0,2.514780964702368
4193,146498,1,1,2.522174036130309
4194,146499,1,0,2.513327985070646
4195,146500,1,0,2.5206319987773895
4196,146501,1,0,2.5119350175373256
4197,146502,1,0,2.5222450494766235
4198,146503,1,0,2.507337019778788
4199,146504,1,0,2.5123769883066416
4200,146505,1,0,2.512215985916555
4201,146506,1,1,2.512627048417926
4202,146507,1,0,2.5145200197584927
4203,146508,1,0,2.6372279971837997
4204,146509,1,0,2.5143600068986416
4205,146510,1,0,2.4987910292111337
4206,146511,1,0,2.520270994864404
4207,146512,1,0,2.4966170312836766
4208,146513,1,1,2.520620997529477
4209,146514,1,0,2.5090999552048743
4210,146515,1,0,2.5131969596259296
4211,146516,1,0,2.508769975975156
4212,146517,1,0,2.5095510063692927
4213,146518,1,0,2.5015970459207892
4214,146519,1,0,2.5188789586536586
4215,146520,1,1,2.5121059734374285
4216,146521,1,0,2.505082986317575
4217,146522,1,0,2.5170950102619827
4218,146523,1,0,2.504030999261886
4219,146524,1,0,2.516613982152194
4220,146525,1,0,2.499553025700152
4221,146526,1,0,2.5064359651878476
4222,146527,1,0,2.5010660174302757
4223,146528,1,1,2.506044984329492
4224,146529,1,0,2.5057439925149083
4225,146530,1,0,2.502787974663079
4226,146531,1,0,2.501716953702271
4227,146532,1,0,2.5074980221688747
4228,146533,1,0,2.508038014639169
4229,146534,1,0,2.499703026842326
4230,146535,1,1,2.6363260112702847
4231,146536,1,0,2.498350979294628
4232,146537,1,0,2.507155993953347
4233,146538,1,0,2.4983700131997466
4234,146539,1,0,2.5085090310312808
4235,146540,1,0,2.5007250369526446
4236,146541,1,0,2.5155729963444173
4237,146542,1,0,2.505643991753459
4238,146543,1,1,2.5153920287266374
4239,146544,1,0,2.507416997104883
4240,146545,1,0,2.5085690431296825
4241,146546,1,0,2.5068760151043534
4242,146547,1,0,2.4856770178303123
4243,146548,1,0,2.5141999940387905
4244,146549,1,0,2.4911669897846878
4245,146550,1,1,2.5109139969572425
4246,146551,1,0,2.501156006474048
4247,146552,1,0,2.5004540220834315
4248,146553,1,0,2.495445020031184
4249,146554,1,0,2.5134090101346374
4250,146555,1,0,2.500073052942753
4251,146556,1,0,2.5125370011664927
4252,146557,1,0,2.498731017112732
4253,146558,1,1,2.5059140170924366
4254,146559,1,0,2.5046519585885108
4255,146560,1,0,2.5010560057125986
4256,146561,1,0,2.6275599957443774
4257,146562,1,0,2.504883043002337
4258,146563,1,0,2.5052729761227965
4259,146564,1,0,2.4909069761633873
4260,146565,1,1,2.503260038793087
4261,146566,1,0,2.492639992851764
4262,146567,1,0,2.5129570276476443
4263,146568,1,0,2.5011360412463546
4264,146569,1,0,2.5116250035353005
4265,146570,1,0,2.5009559467434883
4266,146571,1,0,2.499282010830939
4267,146572,1,0,2.5029589887708426
4268,146573,1,1,2.493842039257288
4269,146574,1,0,2.512016042601317
4270,146575,1,0,2.4960660375654697
4271,146576,1,0,2.5023079942911863
4272,146577,1,0,2.494974003639072
4273,146578,1,0,2.5143000530079007
4274,146579,1,0,2.498040033970028
4275,146580,1,1,2.5006249779835343
4276,146581,1,0,2.4896649993024766
4277,146582,1,0,2.5140399811789393
4278,146583,1,0,2.4957050336524844
4279,146584,1,0,2.5109340203925967
4280,146585,1,0,2.4943029857240617
4281,146586,1,0,2.501445997040719
4282,146587,1,1,2.52550101140514
4283,146588,1,0,2.6226710178889334
4284,146589,1,0,2.5031690020114183
4285,146590,1,0,2.4935120018199086
4286,146591,1,0,2.5048929965123534
4287,146592,1,0,2.4992619873955846
4288,146593,1,0,2.5079179904423654
4289,146594,1,0,2.4974890402518213
4290,146595,1,1,2.5064150104299188
4291,146596,1,0,2.4905959726311266
4292,146597,1,0,2.5316319661214948
4293,146598,1,0,2.507869037799537
4294,146599,1,0,2.498982008546591
4295,146600,1,0,2.509511017706245
4296,146601,1,0,2.492469036951661
4297,146602,1,1,2.513497951440513
4298,146603,1,0,2.50446202699095
4299,146604,1,0,2.507226017769426
4300,146605,1,0,2.5037110317498446
4301,146606,1,0,2.50564404996112
4302,146607,1,0,2.502096991520375
4303,146608,1,0,2.5200910167768598
4304,146609,1,0,2.5004249764606357
4305,146610,1,1,2.5074179866351187
4306,146611,1,0,2.497619017958641
4307,146612,1,0,2.5118860066868365
4308,146613,1,0,2.5125870015472174
4309,146614,1,0,2.626909001264721
4310,146615,1,0,2.507476950995624
4311,146616,1,0,2.4903659941628575
4312,146617,1,1,2.5060850312002003
4313,146618,1,0,2.4993630358949304
4314,146619,1,0,2.5146009866148233
4315,146620,1,0,2.50258797314018
4316,146621,1,0,2.5102630024775863
4317,146622,1,0,2.502848976291716
4318,146623,1,0,2.5063349748961627
4319,146624,1,0,2.50873900949955
4320,146625,1,1,2.4921389995142817
4321,146626,1,0,2.5034599821083248
4322,146627,1,0,2.503660973161459
4323,146628,1,0,2.514790976420045
4324,146629,1,0,2.4948539794422686
4325,146630,1,0,2.532052982132882
4326,146631,1,0,2.514138992410153
4327,146632,1,1,2.5007050135172904
4328,146633,1,0,2.4937920388765633
4329,146634,1,0,2.5055139558389783
4330,146635,1,0,2.5003739865496755
4331,146636,1,0,2.512416976969689
4332,146637,1,0,2.5190889718942344
4333,146638,1,0,2.5085100205615163
4334,146639,1,0,2.5872350088320673
4335,146640,1,1,2.49921198701486
4336,146641,1,0,2.6390220155008137
4337,146642,1,0,2.506144985090941
4338,146643,1,0,2.5052939890883863
4339,146644,1,0,2.508299017790705
4340,146645,1,0,2.500114031136036
4341,146646,1,0,2.509229991119355
4342,146647,1,1,2.491448016371578
4343,146648,1,0,2.513268031179905
4344,146649,1,0,2.497469016816467
4345,146650,1,0,2.5037499726749957
4346,146651,1,0,2.5578709901310503
4347,146652,1,0,2.5489850086160004
4348,146653,1,0,2.4967979989014566
4349,146654,1,0,2.5176560156978667
4350,146655,1,1,2.497479028534144
4351,146656,1,0,2.507947967387736
4352,146657,1,0,2.50498199602589
4353,146658,1,0,2.497988985851407
4354,146659,1,0,2.509019977878779
4355,146660,1,0,2.500755013898015
4356,146661,1,0,2.507477009203285
4357,146662,1,1,2.5114850141108036
4358,146663,1,0,2.5116850156337023
4359,146664,1,0,2.5539129856042564
4360,146665,1,0,2.5188480503857136
4361,146666,1,0,2.5044609792530537
4362,146667,1,0,2.638318983372301
4363,146668,1,0,2.5118449702858925
4364,146669,1,1,2.492058032657951
4365,146670,1,0,2.514500985853374
4366,146671,1,0,2.5111340219154954
4367,146672,1,0,2.518718014471233
4368,146673,1,0,2.4982100003398955
4369,146674,1,0,2.5025379727594554
4370,146675,1,0,2.4955359986051917
4371,146676,1,0,2.513418032322079
4372,146677,1,1,2.4999030283652246
4373,146678,1,0,2.51295801717788
4374,146679,1,0,2.4976899730972946
4375,146680,1,0,2.501235983800143
4376,146681,1,0,2.5081890053115785
4377,146682,1,0,2.5054130237549543
4378,146683,1,0,2.5153820170089602
4379,146684,1,1,2.5007750373333693
4380,146685,1,0,2.5004339986480772
4381,146686,1,0,2.495155029464513
4382,146687,1,0,2.519418951123953
4383,146688,1,0,2.5014859857037663
4384,146689,1,0,2.5109340203925967
4385,146690,1,0,2.5029389653354883
4386,146691,1,0,2.518679015338421
4387,146692,1,1,2.5056140148080885
4388,146693,1,0,2.5106030516326427
4389,146694,1,0,2.6424970128573477
4390,146695,1,0,2.5135379983112216
4391,146696,1,0,2.5089700357057154
4392,146697,1,0,2.488882979378104
4393,146698,1,0,2.509219979401678
4394,146699,1,1,2.4891929933801293
4395,146700,1,0,2.5108939735218883
4396,146701,1,0,2.492249011993408
4397,146702,1,0,2.5188879808411
4398,146703,1,0,2.500895003322512
4399,146704,1,0,2.5103320367634296
4400,146705,1,0,2.509430982172489
4401,146706,1,0,2.4964369949884713
4402,146707,1,1,2.514810999855399
4403,146708,1,0,2.493490988854319
4404,146709,1,0,2.511093975044787
4405,146710,1,0,2.5035900180228055
4406,146711,1,0,2.5105829699896276
4407,146712,1,0,2.5017769658006728
4408,146713,1,0,2.5197910144925117
4409,146714,1,1,2.495696011465043
4410,146715,1,0,2.5422319886274636
4411,146716,1,0,2.4979999870993197
4412,146717,1,0,2.5073870201595128
4413,146718,1,0,2.504852949641645
4414,146719,1,0,2.508008969016373
4415,146720,1,0,2.626488043460995
4416,146721,1,0,2.496758010238409
4417,146722,1,1,2.509180980268866
4418,146723,1,0,2.5008450029417872
4419,146724,1,0,2.5033089914359152
4420,146725,1,0,2.497548994142562
4421,146726,1,0,2.5113439769484103
4422,146727,1,0,2.5108129484578967
4423,146728,1,0,2.5089799892157316
4424,146729,1,1,2.5260220281779766
4425,146730,1,0,2.497118024621159
4426,146731,1,0,2.5156919728033245
4427,146732,1,0,2.5102520012296736
4428,146733,1,0,2.5133679737336934
4429,146734,1,0,2.4975689593702555
4430,146735,1,0,2.514650986995548
4431,146736,1,1,2.509280981030315
4432,146737,1,0,2.5198200019076467
4433,146738,1,0,2.508539007976651
4434,146739,1,0,2.5218839873559773
4435,146740,1,0,2.603615983389318
4436,146741,1,0,2.5096010067500174
4437,146742,1,0,2.524518989957869
4438,146743,1,0,2.5093500153161585
4439,146744,1,1,2.5146909756585956
4440,146745,1,0,2.5127370026893914
4441,146746,1,0,2.5242879637517035
4442,146747,1,0,2.649961970746517
4443,146748,1,0,2.4951749946922064
4444,146749,1,0,2.5111440336331725
4445,146750,1,0,2.5056340382434428
4446,146751,1,1,2.5190789601765573
4447,146752,1,0,2.5099909980781376
4448,146753,1,0,2.5230859755538404
4449,146754,1,0,2.5016359868459404
4450,146755,1,0,2.5203219847753644
4451,146756,1,0,2.5077879545278847
4452,146757,1,0,2.5214030174538493
4453,146758,1,0,2.5202110409736633
4454,146759,1,1,2.511174010578543
4455,146760,1,0,2.5119149941019714
4456,146761,1,0,2.5135079631581903
4457,146762,1,0,2.527585020288825
4458,146763,1,0,2.5011359830386937
4459,146764,1,0,2.52346700290218
4460,146765,1,0,2.7748929569497705
4461,146766,1,1,2.516884997021407
4462,146767,1,0,2.5206920108757913
4463,146768,1,0,2.511986007448286
4464,146769,1,0,2.521864022128284
4465,146770,1,0,2.5037400191649795
4466,146771,1,0,2.519630012102425
4467,146772,1,0,2.5051329866982996
4468,146773,1,0,2.6407939731143415
4469,146774,1,1,2.515422005672008
4470,146775,1,0,2.4985509808175266
4471,146776,1,0,2.5114149902947247
4472,146777,1,0,2.502348041161895
4473,146778,1,0,2.5120959617197514
4474,146779,1,0,2.4966380442492664
4475,146780,1,0,2.5105929817073047
4476,146781,1,1,2.4986310163512826
4477,146782,1,0,2.518026973120868
4478,146783,1,0,2.5090209674090147
4479,146784,1,0,2.52251501660794
4480,146785,1,0,2.5208830484189093
4481,146786,1,0,2.5047919480130076
4482,146787,1,0,2.5128370034508407
4483,146788,1,0,2.5101520004682243
4484,146789,1,1,2.5132980081252754
4485,146790,1,0,2.49784899642691
4486,146791,1,0,2.5105829699896276
4487,146792,1,0,2.5073870201595128
4488,146793,1,0,2.5229660095646977
4489,146794,1,0,2.50242801848799
4490,146795,1,0,2.5196989881806076
4491,146796,1,1,2.509149955585599
4492,146797,1,0,2.5085799861699343
4493,146798,1,0,2.5068160030059516
4494,146799,1,0,2.5049629621207714
4495,146800,1,0,2.637028053868562
4496,146801,1,0,2.5013259728439152
4497,146802,1,0,2.51241703517735
4498,146803,1,0,2.507706987671554
4499,146804,1,1,2.5140400393866003
4500,146805,1,0,2.5012759724631906
4501,146806,1,0,2.5042910128831863
4502,146807,1,0,2.4997529690153897
4503,146808,1,0,2.5013049598783255
4504,146809,1,0,2.5031300028786063
4505,146810,1,0,2.4994020350277424
4506,146811,1,1,2.5052729761227965
4507,146812,1,0,2.5012560072354972
4508,146813,1,0,2.5043319910764694
4509,146814,1,0,2.492660016287118
4510,146815,1,0,2.5635709753260016
4511,146816,1,0,2.5068969698622823
4512,146817,1,0,2.510763006284833
4513,146818,1,1,2.497898996807635
4514,146819,1,0,2.5012560072354972
4515,146820,1,0,2.4938820279203355
4516,146821,1,0,2.5045720394700766
4517,146822,1,0,2.508678997401148
4518,146823,1,0,2.5049829855561256
4519,146824,1,0,2.5107740075327456
4520,146825,1,0,2.5022379704751074
4521,146826,1,1,2.634603006299585
4522,146827,1,0,2.5039910105988383
4523,146828,1,0,2.5080780033022165
4524,146829,1,0,2.493221021723002
4525,146830,1,0,2.5044920039363205
4526,146831,1,0,2.4965970078483224
4527,146832,1,0,2.4983109906315804
4528,146833,1,1,2.5169949512928724
4529,146834,1,0,2.4913979577831924
4530,146835,1,0,2.5103429798036814
4531,146836,1,0,2.4811489856801927
4532,146837,1,0,2.512336999643594
4533,146838,1,0,2.496647008229047
4534,146839,1,0,2.512626990210265
4535,146840,1,0,2.580022031906992
4536,146841,1,1,2.5278250104747713
4537,146842,1,0,2.4969480000436306
4538,146843,1,0,2.5055939913727343
4539,146844,1,0,2.500194008462131
4540,146845,1,0,2.4917779956012964
4541,146846,1,0,2.5062659988179803
4542,146847,1,0,2.4960560258477926
4543,146848,1,1,2.5098619516938925
4544,146849,1,0,2.4894740199670196
4545,146850,1,0,2.5107330293394625
4546,146851,1,0,2.5037109735421836
4547,146852,1,0,2.513128041755408
4548,146853,1,0,2.6281410246156156
4549,146854,1,0,2.501526032574475
4550,146855,1,0,2.505264012143016
4551,146856,1,1,2.507316996343434
4552,146857,1,0,2.5062549975700676
4553,146858,1,0,2.4940120056271553
4554,146859,1,0,2.513647952582687
4555,146860,1,0,2.5154820177704096
4556,146861,1,0,2.505724027287215
4557,146862,1,0,2.4960460141301155
4558,146863,1,1,2.5240579852834344
4559,146864,1,0,2.4939519935287535
4560,146865,1,0,2.509261015802622
4561,146866,1,0,2.5014860439114273
4562,146867,1,0,2.509912010282278
4563,146868,1,0,2.5024080532602966
4564,146869,1,0,2.514230029191822
4565,146870,1,0,2.4966070195659995
4566,146871,1,1,2.5091099669225514
4567,146872,1,0,2.520410984288901
4568,146873,1,0,2.494963991921395
4569,146874,1,0,2.5120859500020742
4570,146875,1,0,2.497768960893154
4571,146876,1,0,2.513107960112393
4572,146877,1,0,2.5014759739860892
4573,146878,1,1,2.515843021683395
4574,146879,1,0,2.6247749920003116
4575,146880,1,0,2.5085399975068867
4576,146881,1,0,2.527543983887881
4577,146882,1,0,2.4907360202632844
4578,146883,1,0,2.509730984456837
4579,146884,1,0,2.4908760096877813
4580,146885,1,1,2.511605038307607
4581,146886,1,0,2.4998129811137915
4582,146887,1,0,2.50026403227821
4583,146888,1,0,2.4901849683374166
4584,146889,1,0,2.5068859686143696
4585,146890,1,0,2.4878010153770447
4586,146891,1,0,2.5179070071317255
4587,146892,1,0,2.499582013115287
4588,146893,1,1,2.5044220383279026
4589,146894,1,0,2.4994919658638537
4590,146895,1,0,2.5054829893633723
4591,146896,1,0,2.5100919883698225
4592,146897,1,0,2.4959059664979577
4593,146898,1,0,2.5171650340780616
4594,146899,1,0,2.4987109936773777
4595,146900,1,1,2.5059040053747594
4596,146901,1,0,2.503470052033663
4597,146902,1,0,2.5271630147472024
4598,146903,1,0,2.508880046661943
4599,146904,1,0,2.5210219901055098
4600,146905,1,0,2.505303011275828
4601,146906,1,0,2.6401340146549046
4602,146907,1,0,2.5091099669225514
4603,146908,1,1,2.4984009796753526
4604,146909,1,0,2.5197810027748346
4605,146910,1,0,2.492789993993938
4606,146911,1,0,2.513327985070646
4607,146912,1,0,2.49745900509879
4608,146913,1,0,2.5143700186163187
4609,146914,1,0,2.519859990570694
4610,146915,1,1,2.5083390064537525
4611,146916,1,0,2.5780380237847567
4612,146917,1,0,2.494543034117669
4613,146918,1,0,2.52415903378278
4614,146919,1,0,2.4982100003398955
4615,146920,1,0,2.516273991204798
4616,146921,1,0,2.5082490174099803
4617,146922,1,0,2.557308995164931
4618,146923,1,1,2.5026779621839523
4619,146924,1,0,2.5164950056932867
4620,146925,1,0,2.4970879894681275
4621,146926,1,0,2.5236880173906684
4622,146927,1,0,2.505733980797231
4623,146928,1,0,2.507667988538742
4624,146929,1,0,2.503138966858387
4625,146930,1,1,2.557770989369601
4626,146931,1,0,2.556667954195291
4627,146932,1,0,2.6254759868606925
4628,146933,1,0,2.50382098602131
4629,146934,1,0,2.502647985238582
4630,146935,1,0,2.511034021154046
4631,146936,1,0,2.495375054422766
4632,146937,1,0,2.490465994924307
4633,146938,1,1,2.5124370004050434
4634,146939,1,0,2.4980800226330757
4635,146940,1,0,2.501445997040719
4636,146941,1,0,2.5504970108158886
4637,146942,1,0,2.506555989384651
4638,146943,1,0,2.503490017261356
4639,146944,1,0,2.508850011508912
4640,146945,1,1,2.499922993592918
4641,146946,1,0,2.5605050032027066
4642,146947,1,0,2.5455080321989954
4643,146948,1,0,2.5056840386241674
4644,146949,1,0,2.515832951758057
4645,146950,1,0,2.4961470044218004
4646,146951,1,0,2.5128680281341076
4647,146952,1,1,2.500974980648607
4648,146953,1,0,2.5114750023931265
4649,146954,1,0,2.506144985090941
4650,146955,1,0,2.514460007660091
4651,146956,1,0,2.503159048501402
4652,146957,1,0,2.5136389886029065
4653,146958,1,0,2.515491971280426
4654,146959,1,0,2.642928040586412
4655,146960,1,1,2.5129980058409274
4656,146961,1,0,2.5057950406335294
4657,146962,1,0,2.5127969565801322
4658,146963,1,0,2.5212320033460855
4659,146964,1,0,2.5202719843946397
4660,146965,1,0,2.5045310030691326
4661,146966,1,0,2.517316024750471
4662,146967,1,1,2.5014259736053646
4663,146968,1,0,2.519348985515535
4664,146969,1,0,2.510573947802186
4665,146970,1,0,2.504200965631753
4666,146971,1,0,2.516763983294368
4667,146972,1,0,2.5109840207733214
4668,146973,1,0,2.5187479914166033
4669,146974,1,0,2.507416997104883
4670,146975,1,1,2.519128960557282
4671,146976,1,0,2.506636024918407
4672,146977,1,0,2.5148409768007696
4673,146978,1,0,2.5103920488618314
4674,146979,1,0,2.5136289768852293
4675,146980,1,0,2.5155929615721107
4676,146981,1,0,2.5055129663087428
4677,146982,1,1,2.5127570261247456
4678,146983,1,0,2.5003040209412575
4679,146984,1,0,2.518787980079651
4680,146985,1,0,2.627680019941181
4681,146986,1,0,2.5102130020968616
4682,146987,1,0,2.5008959928527474
4683,146988,1,0,2.507055993191898
4684,146989,1,0,2.500984992366284
4685,146990,1,1,2.501416951417923
4686,146991,1,0,2.499252965208143
4687,146992,1,0,2.501006005331874
4688,146993,1,0,2.5079980259761214
4689,146994,1,0,2.4862379650585353
4690,146995,1,0,2.5081479689106345
4691,146996,1,0,2.4932409869506955
4692,146997,1,1,2.5010149693116546
4693,146998,1,0,2.4992830003611743
4694,146999,1,0,2.4987920187413692
4695,147000,1,0,2.498500980436802
4696,147001,1,0,2.5081990170292556
4697,147002,1,0,2.5035999715328217
4698,147003,1,0,2.513118030037731
4699,147004,1,0,2.512296021450311
4700,147005,1,1,2.5121759972535074
4701,147006,1,0,2.510402991902083
4702,147007,1,0,2.500945993233472
4703,147008,1,0,2.5107130059041083
4704,147009,1,0,2.4954149848781526
4705,147010,1,0,2.50755698652938
4706,147011,1,0,2.507016994059086
4707,147012,1,1,2.6282909675501287
4708,147013,1,0,2.490926010068506
4709,147014,1,0,2.5085100205615163
4710,147015,1,0,2.4998930166475475
4711,147016,1,0,2.61956499889493
4712,147017,1,0,2.514010004233569
4713,147018,1,0,2.5010749814100564
4714,147019,1,0,2.5188190047629178
4715,147020,1,1,2.5014160200953484
4716,147021,1,0,2.5078380131162703
4717,147022,1,0,2.4955550325103104
4718,147023,1,0,2.519389963708818
4719,147024,1,0,2.4996030260808766
4720,147025,1,0,2.5096209719777107
4721,147026,1,0,2.501076029147953
4722,147027,1,1,2.5117649929597974
4723,147028,1,0,2.511675003916025
4724,147029,1,0,2.502708986867219
4725,147030,1,0,2.511135011445731
4726,147031,1,0,2.4860980338416994
4727,147032,1,0,2.5020469911396503
4728,147033,1,0,2.4959059664979577
4729,147034,1,1,2.505793992895633
4730,147035,1,0,2.5082789943553507
4731,147036,1,0,2.512236009351909
4732,147037,1,0,2.5011959951370955
4733,147038,1,0,2.6291829999536276
4734,147039,1,0,2.496768021956086
4735,147040,1,0,2.49434303259477
4736,147041,1,0,2.5652250042185187
4737,147042,1,1,2.4993219994939864
4738,147043,1,0,2.518327033612877
4739,147044,1,0,2.5234270142391324
4740,147045,1,0,2.55800096783787
4741,147046,1,0,2.504911972209811
4742,147047,1,0,2.5075169978663325
4743,147048,1,0,2.504953008610755
4744,147049,1,1,2.507878001779318
4745,147050,1,0,2.507627010345459
4746,147051,1,0,2.4991819518618286
4747,147052,1,0,2.503490017261356
4748,147053,1,0,2.498761983588338
4749,147054,1,0,2.5051329866982996
4750,147055,1,0,2.4997330037876964
4751,147056,1,0,2.5100529892370105
4752,147057,1,1,2.510393038392067
4753,147058,1,0,2.5123669765889645
4754,147059,1,0,2.509831974748522
4755,147060,1,0,2.5121860089711845
4756,147061,1,0,2.5022969930432737
4757,147062,1,0,2.5105730164796114
4758,147063,1,0,2.5152320158667862
4759,147064,1,1,2.511986007448286
4760,147065,1,0,2.6302949991077185
4761,147066,1,0,2.496577042620629
4762,147067,1,0,2.5556369801051915
4763,147068,1,0,2.499282010830939
4764,147069,1,0,2.4995519779622555
4765,147070,1,0,2.509271027520299
4766,147071,1,0,2.5007250369526446
4767,147072,1,1,2.497257955837995
4768,147073,1,0,2.505793992895633
4769,147074,1,0,2.5148210115730762
4770,147075,1,0,2.498009998816997
4771,147076,1,0,2.503190014977008
4772,147077,1,0,2.4890429922379553
4773,147078,1,0,2.50405102269724
4774,147079,1,1,2.4940429721027613
4775,147080,1,0,2.5109139969572425
4776,147081,1,0,2.495113993063569
4777,147082,1,0,2.4983310140669346
4778,147083,1,0,2.5014260318130255
4779,147084,1,0,2.508089004550129
4780,147085,1,0,2.49452400021255
4781,147086,1,0,2.5200300151482224
4782,147087,1,1,2.495085005648434
4783,147088,1,0,2.5068160030059516
4784,147089,1,0,2.4917279952205718
4785,147090,1,0,2.496347005944699
4786,147091,1,0,2.6414059684611857
4787,147092,1,0,2.537251973990351
4788,147093,1,0,2.5048829847946763
4789,147094,1,1,2.494663989637047
4790,147095,1,0,2.5093909935094416
4791,147096,1,0,2.498842019122094
4792,147097,1,0,2.5096209719777107
4793,147098,1,0,2.4909169878810644
4794,147099,1,0,2.508228993974626
4795,147100,1,0,2.511786005925387
4796,147101,1,1,2.499852969776839
4797,147102,1,0,2.504131000023335
4798,147103,1,0,2.4989719968289137
4799,147104,1,0,2.506354998331517
4800,147105,1,0,2.5016869767569005
4801,147106,1,0,2.5099519989453256
4802,147107,1,0,2.50523304566741
4803,147108,1,0,2.5201510288752615
4804,147109,1,1,2.5026180082932115
4805,147110,1,0,2.509580983314663
4806,147111,1,0,2.501445997040719
4807,147112,1,0,2.5146499974653125
4808,147113,1,0,2.5056239683181047
4809,147114,1,0,2.5040709879249334
4810,147115,1,0,2.519409987144172
4811,147116,1,1,2.502578019630164
4812,147117,1,0,2.536199986934662
4813,147118,1,0,2.6204269961453974
4814,147119,1,0,2.520190959330648
4815,147120,1,0,2.4975279811769724
4816,147121,1,0,2.5122460210695863
4817,147122,1,0,2.496426983270794
4818,147123,1,0,2.5131680304184556
4819,147124,1,1,2.5096110184676945
4820,147125,1,0,2.507957979105413
4821,147126,1,0,2.523016999475658
4822,147127,1,0,2.5010749814100564
4823,147128,1,0,2.5103120133280754
4824,147129,1,0,2.5007249787449837
4825,147130,1,0,2.5074779987335205
4826,147131,1,1,2.494594024028629
4827,147132,1,0,2.519279019907117
4828,147133,1,0,2.5020379689522088
4829,147134,1,0,2.5053329882211983
4830,147135,1,0,2.508239005692303
4831,147136,1,0,2.5128269917331636
4832,147137,1,0,2.5147199630737305
4833,147138,1,0,2.503629948478192
4834,147139,1,1,2.50260898610577
4835,147140,1,0,2.4895539972931147
4836,147141,1,0,2.5013359845615923
4837,147142,1,0,2.6977300294674933
4838,147143,1,0,2.5227749720215797
4839,147144,1,0,2.628541027661413
4840,147145,1,0,2.4961759918369353
4841,147146,1,1,2.511734957806766
4842,147147,1,0,2.5026280200108886
4843,147148,1,0,2.508308971300721
4844,147149,1,0,2.4935309775173664
4845,147150,1,0,2.50850897282362
4846,147151,1,0,2.498410001862794
4847,147152,1,0,2.5090400013141334
4848,147153,1,0,2.5003040209412575
4849,147154,1,1,2.5008650263771415
4850,147155,1,0,2.5053140125237405
4851,147156,1,0,2.5146299740299582
4852,147157,1,0,2.513418032322079
4853,147158,1,0,2.4999139714054763
4854,147159,1,0,2.5129669811576605
4855,147160,1,0,2.4931709631346166
4856,147161,1,1,2.516755019314587
4857,147162,1,0,2.503469993826002
4858,147163,1,0,2.5241280090995133
4859,147164,1,0,2.4971480015665293
4860,147165,1,0,2.5026689982041717
4861,147166,1,0,2.4947539786808193
4862,147167,1,0,2.5220849784091115
4863,147168,1,1,2.5006950017996132
4864,147169,1,0,2.5079279439523816
4865,147170,1,0,2.4981399765238166
4866,147171,1,0,2.61266203597188
4867,147172,1,0,2.501386043149978
4868,147173,1,0,2.493200998287648
4869,147174,1,0,2.5092510040849447
4870,147175,1,0,2.4933110107667744
4871,147176,1,1,2.5023079942911863
4872,147177,1,0,2.4965470074675977
4873,147178,1,0,2.504591946490109
4874,147179,1,0,2.500333997886628
4875,147180,1,0,2.516863984055817
4876,147181,1,0,2.495354972779751
4877,147182,1,0,2.5165139813907444
4878,147183,1,1,2.5138590135611594
4879,147184,1,0,2.5086700334213674
4880,147185,1,0,2.5212830514647067
4881,147186,1,0,2.493551990482956
4882,147187,1,0,2.525290008634329
4883,147188,1,0,2.5082490174099803
4884,147189,1,0,2.5200910167768598
4885,147190,1,0,2.505103009752929
4886,147191,1,1,2.5135790347121656
4887,147192,1,0,2.511504979338497
4888,147193,1,0,2.518909052014351
4889,147194,1,0,2.517446002457291
4890,147195,1,0,2.50716699520126
4891,147196,1,0,2.514510997571051
4892,147197,1,0,2.625516033731401
4893,147198,1,1,2.5190190062858164
4894,147199,1,0,2.506365010049194
4895,147200,1,0,2.5151409790851176
4896,147201,1,0,2.4970280355773866
4897,147202,1,0,2.512476989068091
4898,147203,1,0,2.527104050386697
4899,147204,1,0,2.5155219482257962
4900,147205,1,0,2.5179359945468605
4901,147206,1,1,2.4992319522425532
4902,147207,1,0,2.517746004741639
4903,147208,1,0,2.5127370026893914
4904,147209,1,0,2.5171359884552658
4905,147210,1,0,2.5032199919223785
4906,147211,1,0,2.5142600061371922
4907,147212,1,0,2.5080590276047587
4908,147213,1,1,2.5124659878201783
4909,147214,1,0,2.505052019841969
4910,147215,1,0,2.5081790518015623
4911,147216,1,0,2.5065660011023283
4912,147217,1,0,2.5061549968086183
4913,147218,1,0,2.522734983358532
4914,147219,1,0,2.5098019978031516
4915,147220,1,0,2.509040990844369
4916,147221,1,1,2.4985410273075104
4917,147222,1,0,2.514721010811627
4918,147223,1,0,2.505584037862718
4919,147224,1,0,2.6442200178280473
4920,147225,1,0,2.5086800451390445
4921,147226,1,0,2.4942230083979666
4922,147227,1,0,2.5085300439968705
4923,147228,1,1,2.491518040187657
4924,147229,1,0,2.5102130020968616
4925,147230,1,0,2.4979899753816426
4926,147231,1,0,2.5237880181521177
4927,147232,1,0,2.4948540376499295
4928,147233,1,0,2.502999035641551
4929,147234,1,0,2.5007639778777957
4930,147235,1,0,2.5085299857892096
4931,147236,1,1,2.490775950718671
4932,147237,1,0,2.504932985175401
4933,147238,1,0,2.498590969480574
4934,147239,1,0,2.5092099676840007
4935,147240,1,0,2.495555963832885
4936,147241,1,0,2.4953350075520575
4937,147242,1,0,2.509570971596986
4938,147243,1,1,2.622160012833774
4939,147244,1,0,2.5491249980404973
4940,147245,1,0,2.502829011064023
4941,147246,1,0,2.510783029720187
4942,147247,1,0,2.502207993529737
4943,147248,1,0,2.512847015168518
4944,147249,1,0,2.5147399865090847
4945,147250,1,1,2.626086992677301
4946,147251,1,0,2.5117049808613956
4947,147252,1,0,2.50312895514071
4948,147253,1,0,2.5110539863817394
4949,147254,1,0,2.5103819789364934
4950,147255,1,0,2.5206319987773895
4951,147256,1,0,2.5105829699896276
4952,147257,1,0,2.5165840052068233
4953,147258,1,1,2.5056040030904114
4954,147259,1,0,2.513968967832625
4955,147260,1,0,2.5127269909717143
4956,147261,1,0,2.500273985788226
4957,147262,1,0,2.5125370011664927
4958,147263,1,0,2.5051230331882834
4959,147264,1,0,2.523216011468321
4960,147265,1,1,2.5023180060088634
4961,147266,1,0,2.510992984753102
4962,147267,1,0,2.503591007553041
4963,147268,1,0,2.559893997386098
4964,147269,1,0,2.500204020179808
4965,147270,1,0,2.5142700178548694
4966,147271,1,0,2.5113450246863067
4967,147272,1,0,2.502397052012384
4968,147273,1,1,2.507678000256419
4969,147274,1,0,2.495595021173358
4970,147275,1,0,2.5046319933608174
4971,147276,1,0,2.4978689616546035
4972,147277,1,0,2.632759977132082
4973,147278,1,0,2.5009350501932204
4974,147279,1,0,2.5033499696291983
4975,147280,1,1,2.5031999684870243
4976,147281,1,0,2.556178020313382
4977,147282,1,0,2.5087399990297854
4978,147283,1,0,2.5004439521580935
4979,147284,1,0,2.5646029971539974
4980,147285,1,0,2.50580400461331
4981,147286,1,0,2.5024780188687146
4982,147287,1,0,2.493632026016712
4983,147288,1,1,2.5108340196311474
4984,147289,1,0,2.4998229928314686
4985,147290,1,0,2.566297014709562
4986,147291,1,0,2.4975190171971917
4987,147292,1,0,2.51406995812431
4988,147293,1,0,2.5127779808826745
4989,147294,1,0,2.494183019734919
4990,147295,1,1,2.5100219645537436
4991,147296,1,0,2.499602036550641
4992,147297,1,0,2.5169149739667773
4993,147298,1,0,2.499291964340955
4994,147299,1,0,2.52305599860847
4995,147300,1,0,2.503560041077435
4996,147301,1,0,2.516344015020877
4997,147302,1,0,2.4994330015033484
4998,147303,1,1,2.6407139957882464
4999,147304,1,0,2.515801985282451
5000,147305,1,0,2.49704800080508
5001,147306,1,0,2.5177759816870093
5002,147307,1,0,2.502768998965621
5003,147308,1,0,2.510473015718162
5004,147309,1,0,2.4974889820441604
5005,147310,1,1,2.5151019799523056
5006,147311,1,0,2.49867100501433
5007,147312,1,0,2.5156430201604962
5008,147313,1,0,2.505664015188813
5009,147314,1,0,2.508188015781343
5010,147315,1,0,2.504602016415447
5011,147316,1,0,2.517045009881258
5012,147317,1,1,2.513588988222182
5013,147318,1,0,2.510552993044257
5014,147319,1,0,2.5212729815393686
5015,147320,1,0,2.502438030205667
5016,147321,1,0,2.552130026742816
5017,147322,1,0,2.498399990145117
5018,147323,1,0,2.5239880196750164
5019,147324,1,0,2.502438030205667
5020,147325,1,1,2.5519300252199173
5021,147326,1,0,2.502507995814085
5022,147327,1,0,2.508800011128187
5023,147328,1,0,2.518076973501593
5024,147329,1,0,2.499612979590893
5025,147330,1,0,2.6446920237503946
5026,147331,1,0,2.5061049964278936
5027,147332,1,1,2.514731022529304
5028,147333,1,0,2.5062450440600514
5029,147334,1,0,2.5169450091198087
5030,147335,1,0,2.510752994567156
5031,147336,1,0,2.509570971596986
5032,147337,1,0,2.511334023438394
5033,147338,1,0,2.504120988305658
5034,147339,1,0,2.5213430053554475
5035,147340,1,1,2.501637034583837
5036,147341,1,0,2.525229996535927
5037,147342,1,0,2.494393032975495
5038,147343,1,0,2.5243089767172933
5039,147344,1,0,2.500754955690354
5040,147345,1,0,2.538975968491286
5041,147346,1,0,2.4945830227807164
5042,147347,1,1,2.5136590120382607
5043,147348,1,0,2.514861000236124
5044,147349,1,0,2.503559982869774
5045,147350,1,0,2.5124960229732096
5046,147351,1,0,2.4906969629228115
5047,147352,1,0,2.5124259991571307
5048,147353,1,0,2.499633003026247
5049,147354,1,0,2.507517987396568
5050,147355,1,1,2.4991020327433944
5051,147356,1,0,2.6391709689050913
5052,147357,1,0,2.5040809996426105
5053,147358,1,0,2.505824959371239
5054,147359,1,0,2.5073669967241585
5055,147360,1,0,2.4945230106823146
5056,147361,1,0,2.504131000023335
5057,147362,1,1,2.4954050313681364
5058,147363,1,0,2.5108029949478805
5059,147364,1,0,2.5023279595188797
5060,147365,1,0,2.5055340374819934
5061,147366,1,0,2.4893429945223033
5062,147367,1,0,2.508779987692833
5063,147368,1,0,2.4990009842440486
5064,147369,1,0,2.5148720014840364
5065,147370,1,1,2.491528051905334
5066,147371,1,0,2.510852995328605
5067,147372,1,0,2.5005650240927935
5068,147373,1,0,2.5117150507867336
5069,147374,1,0,2.521943999454379
5070,147375,1,0,2.500183996744454
5071,147376,1,0,2.511174010578543
5072,147377,1,1,2.483511983882636
5073,147378,1,0,2.5205410202033818
5074,147379,1,0,2.5064360233955085
5075,147380,1,0,2.509762009140104
5076,147381,1,0,2.5068260147236288
5077,147382,1,0,2.5201099924743176
5078,147383,1,0,2.6297239819541574
5079,147384,1,0,2.514861000236124
5080,147385,1,1,2.508710022084415
5081,147386,1,0,2.497037989087403
5082,147387,1,0,2.5101120118051767
5083,147388,1,0,2.496647008229047
5084,147389,1,0,2.516974986065179
5085,147390,1,0,2.4921089643612504
5086,147391,1,0,2.5150119909085333
5087,147392,1,1,2.498932008165866
5088,147393,1,0,2.5021469919010997
5089,147394,1,0,2.4936720146797597
5090,147395,1,0,2.5125769898295403
5091,147396,1,0,2.5034400168806314
5092,147397,1,0,2.5100320344790816
5093,147398,1,0,2.5076880119740963
5094,147399,1,1,2.4930110084824264
5095,147400,1,0,2.502807998098433
5096,147401,1,0,2.498250047210604
5097,147402,1,0,2.5040910113602877
5098,147403,1,0,2.4975790292955935
5099,147404,1,0,2.517816028557718
5100,147405,1,0,2.4959759903140366
5101,147406,1,0,2.5075169978663325
5102,147407,1,1,2.501695998944342
5103,147408,1,0,2.5082590291276574
5104,147409,1,0,2.624544024001807
5105,147410,1,0,2.501465962268412
5106,147411,1,0,2.503881056327373
5107,147412,1,0,2.5009660166688263
5108,147413,1,0,2.5094010052271187
5109,147414,1,1,2.5012760306708515
5110,147415,1,0,2.5176460039801896
5111,147416,1,0,2.496207016520202
5112,147417,1,0,2.502588031347841
5113,147418,1,0,2.506605989765376
5114,147419,1,0,2.5194500340148807
5115,147420,1,0,2.5127570261247456
5116,147421,1,0,2.5153320166282356
5117,147422,1,1,2.5187680148519576
5118,147423,1,0,2.514128980692476
5119,147424,1,0,2.5237780064344406
5120,147425,1,0,2.5058750179596245
5121,147426,1,0,2.513539046049118
5122,147427,1,0,2.5041820481419563
5123,147428,1,0,2.524629991967231
5124,147429,1,1,2.517125045415014
5125,147430,1,0,2.5279249530285597
5126,147431,1,0,2.517946995794773
5127,147432,1,0,2.512225997634232
5128,147433,1,0,2.5195799535140395
5129,147434,1,0,2.509511017706245
5130,147435,1,0,2.5252599734812975
5131,147436,1,0,2.639983023982495
5132,147437,1,1,2.56082700798288
5133,147438,1,0,2.5308800395578146
5134,147439,1,0,2.5440349709242582
5135,147440,1,0,2.527945034671575
5136,147441,1,0,2.5073469732888043
5137,147442,1,0,2.521603018976748
5138,147443,1,0,2.50359094934538
5139,147444,1,1,2.581375010777265
5140,147445,1,0,2.5105730164796114
5141,147446,1,0,2.5152619928121567
5142,147447,1,0,2.506695978809148
5143,147448,1,0,2.5167440180666745
5144,147449,1,0,2.5151720037683845
5145,147450,1,0,2.5152619928121567
5146,147451,1,0,2.5447470252402127
5147,147452,1,1,2.5153919705189764
5148,147453,1,0,2.511445025447756
5149,147454,1,0,2.508128003682941
5150,147455,1,0,2.518187975510955
5151,147456,1,0,2.508929988835007
5152,147457,1,0,2.5109840207733214
5153,147458,1,0,2.5003140326589346
5154,147459,1,1,2.5132480077445507
5155,147460,1,0,2.510372956749052
5156,147461,1,0,2.5114539894275367
5157,147462,1,0,2.642136998474598
5158,147463,1,0,2.5046730297617614
5159,147464,1,0,2.5121659855358303
5160,147465,1,0,2.5024579954333603
5161,147466,1,1,2.5000139721669257
5162,147467,1,0,2.4962069583125412
5163,147468,1,0,2.506144985090941
5164,147469,1,0,2.5439250166527927
5165,147470,1,0,2.5048230309039354
5166,147471,1,0,2.5072770076803863
5167,147472,1,0,2.495224995072931
5168,147473,1,0,2.510803984478116
5169,147474,1,1,2.494252985343337
5170,147475,1,0,2.5067959795705974
5171,147476,1,0,2.4940529838204384
5172,147477,1,0,2.505803946405649
5173,147478,1,0,2.5062650092877448
5174,147479,1,0,2.511174010578543
5175,147480,1,0,2.50178697751835
5176,147481,1,1,2.509430982172489
5177,147482,1,0,2.5009950040839612
5178,147483,1,0,2.519429021049291
5179,147484,1,0,2.50242801848799
5180,147485,1,0,2.509451995138079
5181,147486,1,0,2.514059015084058
5182,147487,1,0,2.4987109936773777
5183,147488,1,0,2.515591972041875
5184,147489,1,1,2.6267089997418225
5185,147490,1,0,2.5138090131804347
5186,147491,1,0,2.498810994438827
5187,147492,1,0,2.511594968382269
5188,147493,1,0,2.4992719991132617
5189,147494,1,0,2.5100220227614045
5190,147495,1,0,2.5103630032390356
5191,147496,1,1,2.4980700109153986
5192,147497,1,0,2.510072023142129
5193,147498,1,0,2.4937319685705006
5194,147499,1,0,2.501284994650632
5195,147500,1,0,2.4993530241772532
5196,147501,1,0,2.5198900257237256
5197,147502,1,0,2.4974890402518213
5198,147503,1,0,2.516473992727697
5199,147504,1,1,2.4998930166475475
5200,147505,1,0,2.5149810244329274
5201,147506,1,0,2.497587993275374
5202,147507,1,0,2.5129379937425256
5203,147508,1,0,2.501877024769783
5204,147509,1,0,2.501145994756371
5205,147510,1,0,2.507597964722663
5206,147511,1,1,2.5087890098802745
5207,147512,1,0,2.5029389653354883
5208,147513,1,0,2.4961369927041233
5209,147514,1,0,2.515351981855929
5210,147515,1,0,2.6463550166226923
5211,147516,1,0,2.5114649906754494
5212,147517,1,0,2.49055604217574
5213,147518,1,0,2.5071570416912436
5214,147519,1,1,2.560855995398015
5215,147520,1,0,2.49949301360175
5216,147521,1,0,2.5243190466426313
5217,147522,1,0,2.501717011909932
5218,147523,1,0,2.5434240233153105
5219,147524,1,0,2.522365015465766
5220,147525,1,0,2.5102029903791845
5221,147526,1,1,2.5372420204803348
5222,147527,1,0,2.509630983695388
5223,147528,1,0,2.4997529690153897
5224,147529,1,0,2.54911498632282
5225,147530,1,0,2.5111539871431887
5226,147531,1,0,2.499852969776839
5227,147532,1,0,2.518759050872177
5228,147533,1,1,2.5035610306076705
5229,147534,1,0,2.508139004930854
5230,147535,1,0,2.5006550131365657
5231,147536,1,0,2.515933010727167
5232,147537,1,0,2.499132009688765
5233,147538,1,0,2.514699997846037
5234,147539,1,0,2.496647008229047
5235,147540,1,0,2.5045209913514555
5236,147541,1,1,2.4950640508905053
5237,147542,1,0,2.630255010444671
5238,147543,1,0,2.509891986846924
5239,147544,1,0,2.4999440065585077
5240,147545,1,0,2.81140097649768
5241,147546,1,0,2.5478519964963198
5242,147547,1,0,2.4933009990490973
5243,147548,1,1,2.51569296233356
5244,147549,1,0,2.4894539965316653
5245,147550,1,0,2.5042209890671074
5246,147551,1,0,2.5004950002767146
5247,147552,1,0,2.509180980268866
5248,147553,1,0,2.4972890387289226
5249,147554,1,0,2.5075169978663325
5250,147555,1,0,2.491277002263814
5251,147556,1,1,2.503560041077435
5252,147557,1,0,2.4908760096877813
5253,147558,1,0,2.4897640105336905
5254,147559,1,0,2.510313002858311
5255,147560,1,0,2.4982200120575726
5256,147561,1,0,2.5023079942911863
5257,147562,1,0,2.487200021278113
5258,147563,1,1,2.511285012587905
5259,147564,1,0,2.4939620052464306
5260,147565,1,0,2.5089499540627003
5261,147566,1,0,2.496647008229047
5262,147567,1,0,2.520110982004553
5263,147568,1,0,2.625505963806063
5264,147569,1,0,2.5112740113399923
5265,147570,1,0,2.5087500107474625
5266,147571,1,1,2.4870289489626884
5267,147572,1,0,2.5162329548038542
5268,147573,1,0,2.5015569990500808
5269,147574,1,0,2.5072969729080796
5270,147575,1,0,2.5013259728439152
5271,147576,1,0,2.5013459962792695
5272,147577,1,0,2.4916279944591224
5273,147578,1,1,2.5035199942067266
5274,147579,1,0,2.4935409892350435
5275,147580,1,0,2.500605012755841
5276,147581,1,0,2.489714010152966
5277,147582,1,0,2.504110976587981
5278,147583,1,0,2.488461963366717
5279,147584,1,0,2.499693015124649
5280,147585,1,0,2.4883620208129287
5281,147586,1,1,2.5014060083776712
5282,147587,1,0,2.497678971849382
5283,147588,1,0,2.495775988791138
5284,147589,1,0,2.5013459962792695
5285,147590,1,0,2.4931709631346166
5286,147591,1,0,2.4963259929791093
5287,147592,1,0,2.4979999870993197
5288,147593,1,1,2.5094810407608747
5289,147594,1,0,2.5012060068547726
5290,147595,1,0,2.685187035240233
5291,147596,1,0,2.4975889828056097
5292,147597,1,0,2.5478320312686265
5293,147598,1,0,2.505514014046639
5294,147599,1,0,2.5113039882853627
5295,147600,1,0,2.512055973056704
5296,147601,1,1,2.4903659941628575
5297,147602,1,0,2.5035900180228055
5298,147603,1,0,2.503559982869774
5299,147604,1,0,2.5072770076803863
5300,147605,1,0,2.496936998795718
5301,147606,1,0,2.506424963939935
5302,147607,1,0,2.4934110115282238
5303,147608,1,1,2.509901998564601
5304,147609,1,0,2.505444048438221
5305,147610,1,0,2.5065760128200054
5306,147611,1,0,2.491957973688841
5307,147612,1,0,2.5033599813468754
5308,147613,1,0,2.5165239931084216
5309,147614,1,0,2.5189279695041478
5310,147615,1,1,2.5096909957937896
5311,147616,1,0,2.5006450014188886
5312,147617,1,0,2.5167749845422804
5313,147618,1,0,2.5044720387086272
5314,147619,1,0,2.509261015802622
5315,147620,1,0,2.509051002562046
5316,147621,1,0,2.63926200568676
5317,147622,1,0,2.5126769905909896
5318,147623,1,1,2.506705990526825
5319,147624,1,0,2.5096909957937896
5320,147625,1,0,2.4915080284699798
5321,147626,1,0,2.515442029107362
5322,147627,1,0,2.5030489778146148
5323,147628,1,0,2.510954043827951
5324,147629,1,0,2.501525974366814
5325,147630,1,1,2.511894970666617
5326,147631,1,0,2.5021680048666894
5327,147632,1,0,2.510313002858311
5328,147633,1,0,2.5065350346267223
5329,147634,1,0,2.518838969990611
5330,147635,1,0,2.5046319933608174
5331,147636,1,0,2.504131000023335
5332,147637,1,0,2.506075019482523
5333,147638,1,1,2.496758010238409
5334,147639,1,0,2.5061150081455708
5335,147640,1,0,2.496015978977084
5336,147641,1,0,2.510462945792824
5337,147642,1,0,2.498790971003473
5338,147643,1,0,2.5178969954140484
5339,147644,1,0,2.50019395025447
5340,147645,1,1,2.512567036319524
5341,147646,1,0,2.5013560079969466
5342,147647,1,0,2.5100019993260503
5343,147648,1,0,2.6501620304770768
5344,147649,1,0,2.502849034499377
5345,147650,1,0,2.5097819743677974
5346,147651,1,0,2.5020470493473113
5347,147652,1,0,2.5160229997709394
5348,147653,1,1,2.510473015718162
5349,147654,1,0,2.513718034606427
5350,147655,1,0,2.5209030136466026
5351,147656,1,0,2.518898982089013
5352,147657,1,0,2.5083290529437363
5353,147658,1,0,2.4975889828056097
5354,147659,1,0,2.510963997337967
5355,147660,1,1,2.5014160200953484
5356,147661,1,0,2.5140090147033334
5357,147662,1,0,2.501946990378201
5358,147663,1,0,2.5146600091829896
5359,147664,1,0,2.505863958504051
5360,147665,1,0,2.5249189930036664
5361,147666,1,0,2.5023979833349586
5362,147667,1,0,2.5124059757217765
5363,147668,1,1,2.4973080144263804
5364,147669,1,0,2.5008959928527474
5365,147670,1,0,2.5036099832504988
5366,147671,1,0,2.50364001840353
5367,147672,1,0,2.502217947039753
5368,147673,1,0,2.5235270150005817
5369,147674,1,0,2.6693869731388986
5370,147675,1,1,2.5076379533857107
5371,147676,1,0,2.517596003599465
5372,147677,1,0,2.5067260139621794
5373,147678,1,0,2.514229970984161
5374,147679,1,0,2.519148983992636
5375,147680,1,0,2.498480025678873
5376,147681,1,0,2.518287976272404
5377,147682,1,1,2.5063559878617525
5378,147683,1,0,2.5271140038967133
5379,147684,1,0,2.5152320158667862
5380,147685,1,0,2.526502008549869
5381,147686,1,0,2.517115033697337
5382,147687,1,0,2.513999992515892
5383,147688,1,0,2.515011001378298
5384,147689,1,0,2.515002037398517
5385,147690,1,1,2.5202009710483253
5386,147691,1,0,2.5131379952654243
5387,147692,1,0,2.5195199996232986
5388,147693,1,0,2.5043109781108797
5389,147694,1,0,2.5200499803759158
5390,147695,1,0,2.5119350175373256
5391,147696,1,0,2.6134030194953084
5392,147697,1,1,2.5033599813468754
5393,147698,1,0,2.5154820177704096
5394,147699,1,0,2.508299017790705
5395,147700,1,0,2.5001539615914226
5396,147701,1,0,2.6359260082244873
5397,147702,1,0,2.504671982023865
5398,147703,1,0,2.5147509877569973
5399,147704,1,0,2.4989310186356306
5400,147705,1,1,2.5063060456886888
5401,147706,1,0,2.5059939944185317
5402,147707,1,0,2.5114149902947247
5403,147708,1,0,2.508489997126162
5404,147709,1,0,2.509912010282278
5405,147710,1,0,2.5133180315606296
5406,147711,1,0,2.5071059935726225
5407,147712,1,1,2.5171650340780616
5408,147713,1,0,2.5178269715979695
5409,147714,1,0,2.53199297003448
5410,147715,1,0,2.506486023776233
5411,147716,1,0,2.516895008739084
5412,147717,1,0,2.498891029972583
5413,147718,1,0,2.5090600247494876
5414,147719,1,0,2.5055530131794512
5415,147720,1,1,2.5108539848588407
5416,147721,1,0,2.6354740257374942
5417,147722,1,0,2.5049730320461094
5418,147723,1,0,2.5138690252788365
5419,147724,1,0,2.4946729536168277
5420,147725,1,0,2.509410958737135
5421,147726,1,0,2.503790019545704
5422,147727,1,1,2.6353440480306745
5423,147728,1,0,2.503079012967646
5424,147729,1,0,2.498790971003473
5425,147730,1,0,2.51417001709342
5426,147731,1,0,2.4960660375654697
5427,147732,1,0,2.514149993658066
5428,147733,1,0,2.487821038812399
5429,147734,1,0,2.501025970559567
5430,147735,1,1,2.4950350052677095
5431,147736,1,0,2.528645971324295
5432,147737,1,0,2.50001298263669
5433,147738,1,0,2.5155320181511343
5434,147739,1,0,2.5013269623741508
5435,147740,1,0,2.513007028028369
5436,147741,1,0,2.4963259929791093
5437,147742,1,1,2.5054930010810494
5438,147743,1,0,2.501396054867655
5439,147744,1,0,2.498730958905071
5440,147745,1,0,2.521522983442992
5441,147746,1,0,2.559514017775655
5442,147747,1,0,2.528175013139844
5443,147748,1,0,2.511225000489503
5444,147749,1,1,2.517735993023962
5445,147750,1,0,2.5059040053747594
5446,147751,1,0,2.5100319762714207
5447,147752,1,0,2.5056040030904114
5448,147753,1,0,2.5087700341828167
5449,147754,1,0,2.6321090408600867
5450,147755,1,0,2.492569969035685
5451,147756,1,0,2.5090700364671648
5452,147757,1,1,2.4833030183799565
5453,147758,1,0,2.5090999552048743
5454,147759,1,0,2.491608029231429
5455,147760,1,0,2.5099219637922943
5456,147761,1,0,2.49609601451084
5457,147762,1,0,2.5147509877569973
5458,147763,1,0,2.504101023077965
5459,147764,1,1,2.519790024962276
5460,147765,1,0,2.5031990371644497
5461,147766,1,0,2.5027479860000312
5462,147767,1,0,2.5177259813062847
5463,147768,1,0,2.502797986380756
5464,147769,1,0,2.5200499803759158
5465,147770,1,0,2.5107840192504227
5466,147771,1,0,2.520873036701232
5467,147772,1,1,2.5101620121859014
5468,147773,1,0,2.5172150344587862
5469,147774,1,0,2.5098819751292467
5470,147775,1,0,2.51551199471578
5471,147776,1,0,2.5069660041481256
5472,147777,1,0,2.536582003813237
5473,147778,1,0,2.522415015846491
5474,147779,1,1,2.5026589864864945
5475,147780,1,0,2.634662960190326
5476,147781,1,0,2.502207993529737
5477,147782,1,0,2.5025990325957537
5478,147783,1,0,2.496887987945229
5479,147784,1,0,2.5114549789577723
5480,147785,1,0,2.505013020709157
5481,147786,1,0,2.517305954825133
5482,147787,1,1,2.517375978641212
5483,147788,1,0,2.5134289753623307
5484,147789,1,0,2.5167950079776347
5485,147790,1,0,2.5011259713210166
5486,147791,1,0,2.509111014660448
5487,147792,1,0,2.4988119839690626
5488,147793,1,0,2.517446002457291
5489,147794,1,1,2.502929011825472
5490,147795,1,0,2.5089099653996527
5491,147796,1,0,2.551128971390426
5492,147797,1,0,2.506695978809148
5493,147798,1,0,2.5021780165843666
5494,147799,1,0,2.5059839827008545
5495,147800,1,0,2.504803007468581
5496,147801,1,0,2.504461968783289
5497,147802,1,1,2.51429999480024
5498,147803,1,0,2.4975580163300037
5499,147804,1,0,2.5145509862340987
5500,147805,1,0,2.5037109735421836
5501,147806,1,0,2.516073000151664
5502,147807,1,0,2.623912994749844
5503,147808,1,0,2.5071969721466303
5504,147809,1,1,2.5099519989453256
5505,147810,1,0,2.4978889850899577
5506,147811,1,0,2.504030999261886
5507,147812,1,0,2.4982310133054852
5508,147813,1,0,2.5011959951370955
5509,147814,1,0,2.489283971954137
5510,147815,1,0,2.5093809817917645
5511,147816,1,0,2.5048019597306848
5512,147817,1,1,2.511735016014427
5513,147818,1,0,2.5010750396177173
5514,147819,1,0,2.51649395795539
5515,147820,1,0,2.5009249802678823
5516,147821,1,0,2.5174450129270554
5517,147822,1,0,2.4919279967434704
5518,147823,1,0,2.516244014259428
5519,147824,1,1,2.511375001631677
5520,147825,1,0,2.504891948774457
5521,147826,1,0,2.519438974559307
5522,147827,1,0,2.5058240280486643
5523,147828,1,0,2.5102730141952634
5524,147829,1,0,2.4962470051832497
5525,147830,1,0,2.513800049200654
5526,147831,1,1,2.5696230004541576
5527,147832,1,0,2.5317930267192423
5528,147833,1,0,2.6319780154153705
5529,147834,1,0,2.4952749954536557
5530,147835,1,0,2.507247030735016
5531,147836,1,0,2.4912270018830895
5532,147837,1,0,2.500114031136036
5533,147838,1,0,2.4969169753603637
5534,147839,1,1,2.5077579775825143
5535,147840,1,0,2.502577961422503
5536,147841,1,0,2.509079989977181
5537,147842,1,0,2.504892006982118
5538,147843,1,0,2.510692982468754
5539,147844,1,0,2.5065549998544157
5540,147845,1,0,2.5099419872276485
5541,147846,1,1,2.516884997021407
5542,147847,1,0,2.5040610344149172
5543,147848,1,0,2.5120859500020742
5544,147849,1,0,2.4917589616961777
5545,147850,1,0,2.516985055990517
5546,147851,1,0,2.507055993191898
5547,147852,1,0,2.516644017305225
5548,147853,1,0,2.500044007319957
5549,147854,1,1,2.5128170382231474
5550,147855,1,0,2.5053429999388754
5551,147856,1,0,2.5104230153374374
5552,147857,1,0,2.506065007764846
5553,147858,1,0,2.5136590120382607
5554,147859,1,0,2.5205209967680275
5555,147860,1,0,2.6309670065529644
5556,147861,1,1,2.5180669617839158
5557,147862,1,0,2.5011160178110003
5558,147863,1,0,2.505253010895103
5559,147864,1,0,2.495524997357279
5560,147865,1,0,2.509219979401678
5561,147866,1,0,2.4981200112961233
5562,147867,1,0,2.5113950250670314
5563,147868,1,0,2.4952550302259624
5564,147869,1,1,2.5055440491996706
5565,147870,1,0,2.501156006474048
5566,147871,1,0,2.498640969861299
5567,147872,1,0,2.5145200197584927
5568,147873,1,0,2.4922689772211015
5569,147874,1,0,2.5076669990085065
5570,147875,1,0,2.507097029592842
5571,147876,1,1,2.5126260006800294
5572,147877,1,0,2.5002440088428557
5573,147878,1,0,2.50673497794196
5574,147879,1,0,2.4994229897856712
5575,147880,1,0,2.513027982786298
5576,147881,1,0,2.504131000023335
5577,147882,1,0,2.517216023989022
5578,147883,1,0,2.5163540267385542
5579,147884,1,1,2.5044319918379188
5580,147885,1,0,2.517455955967307
5581,147886,1,0,2.625617024023086
5582,147887,1,0,2.522365015465766
5583,147888,1,0,2.508439007215202
5584,147889,1,0,2.523195988032967
5585,147890,1,0,2.511214988771826
5586,147891,1,1,2.5169349974021316
5587,147892,1,0,2.5147710111923516
5588,147893,1,0,2.5074370205402374
5589,147894,1,0,2.5125970132648945
5590,147895,1,0,2.5075269513763487
5591,147896,1,0,2.5213329936377704
5592,147897,1,0,2.50477297231555
5593,147898,1,1,2.5198310031555593
5594,147899,1,0,2.5115649914368987
5595,147900,1,0,2.5208620354533195
5596,147901,1,0,2.510963997337967
5597,147902,1,0,2.521112037356943
5598,147903,1,0,2.5143400416709483
5599,147904,1,0,2.505654003471136
5600,147905,1,0,2.5163140380755067
5601,147906,1,1,2.496987988706678
5602,147907,1,0,2.515661995857954
5603,147908,1,0,2.4994819541461766
5604,147909,1,0,2.511334023438394
5605,147910,1,0,2.5044720387086272
5606,147911,1,0,2.544756978750229
5607,147912,1,0,2.5172349996864796
5608,147913,1,1,2.6380090275779366
5609,147914,1,0,2.517895947676152
5610,147915,1,0,2.4885520106181502
5611,147916,1,0,2.5285559822805226
5612,147917,1,0,2.502096991520375
5613,147918,1,0,2.5125769898295403
5614,147919,1,0,2.5455980212427676
5615,147920,1,0,2.5370820076204836
5616,147921,1,1,2.528254990465939
5617,147922,1,0,2.5790699874050915
5618,147923,1,0,2.5781189906410873
5619,147924,1,0,2.5098620099015534
5620,147925,1,0,2.5188790168613195
5621,147926,1,0,2.5007849908433855
5622,147927,1,0,2.5219039525836706
5623,147928,1,1,2.5001740432344377
5624,147929,1,0,2.509430982172489
5625,147930,1,0,2.493911946658045
5626,147931,1,0,2.5139590143226087
5627,147932,1,0,2.4985310155898333
5628,147933,1,0,2.504131000023335
5629,147934,1,0,2.5138090131804347
5630,147935,1,0,2.495044027455151
5631,147936,1,1,2.565535018220544
5632,147937,1,0,2.5134679744951427
5633,147938,1,0,2.523167000617832
5634,147939,1,0,2.6306850486434996
5635,147940,1,0,2.5154619943350554
5636,147941,1,0,2.511814993340522
5637,147942,1,0,2.4991919635795057
5638,147943,1,1,2.502629009541124
5639,147944,1,0,2.4929700302891433
5640,147945,1,0,2.5209030136466026
5641,147946,1,0,2.5035300059244037
5642,147947,1,0,2.699111995752901
5643,147948,1,0,2.5158830103464425
5644,147949,1,0,2.511013997718692
5645,147950,1,0,2.5116950273513794
5646,147951,1,1,2.49370199162513
5647,147952,1,0,2.511034021154046
5648,147953,1,0,2.5005750358104706
5649,147954,1,0,2.521073038224131
5650,147955,1,0,2.4945730110630393
5651,147956,1,0,2.5044920039363205
5652,147957,1,0,2.5056740269064903
5653,147958,1,1,2.507598022930324
5654,147959,1,0,2.504101023077965
5655,147960,1,0,2.508309029508382
5656,147961,1,0,2.493511012289673
5657,147962,1,0,2.519037981983274
5658,147963,1,0,2.515843021683395
5659,147964,1,0,2.503390016499907
5660,147965,1,1,2.5222140247933567
5661,147966,1,0,2.654249023180455
5662,147967,1,0,2.50675599090755
5663,147968,1,0,2.5052339769899845
5664,147969,1,0,2.5051229749806225
5665,147970,1,0,2.4995930143631995
5666,147971,1,0,2.5190290180034935
5667,147972,1,0,2.5126669788733125
5668,147973,1,1,2.4975590058602393
5669,147974,1,0,2.5203420082107186
5670,147975,1,0,2.4929610081017017
5671,147976,1,0,2.5076880119740963
5672,147977,1,0,2.5017469888553023
5673,147978,1,0,2.511585014872253
5674,147979,1,0,2.506504999473691
5675,147980,1,1,2.516884997021407
5676,147981,1,0,2.504611969925463
5677,147982,1,0,2.5189780280925333
5678,147983,1,0,2.507978002540767
5679,147984,1,0,2.5133590097539127
5680,147985,1,0,2.512697014026344
5681,147986,1,0,2.5100730126723647
5682,147987,1,0,2.5483329663984478
5683,147988,1,1,2.504792995750904
5684,147989,1,0,2.5117460172623396
5685,147990,1,0,2.4973590043373406
5686,147991,1,0,2.516934007871896
5687,147992,1,0,2.617610967718065
5688,147993,1,0,2.5037709856405854
5689,147994,1,0,2.4999839952215552
5690,147995,1,1,2.5026590446941555
5691,147996,1,0,2.514079969841987
5692,147997,1,0,2.4943429743871093
5693,147998,1,0,2.5128370034508407
5694,147999,1,0,2.5147710111923516
5695,148000,1,0,2.5125870015472174
5696,148001,1,0,2.507777011487633
5697,148002,1,0,2.5104829692281783
5698,148003,1,1,2.500815025996417
5699,148004,1,0,2.5041610351763666
5700,148005,1,0,2.5033699930645525
5701,148006,1,0,2.5166149716824293
5702,148007,1,0,2.5220350362360477
5703,148008,1,0,2.4955960107035935
5704,148009,1,0,2.506295044440776
5705,148010,1,1,2.5302499998360872
5706,148011,1,0,2.509211015421897
5707,148012,1,0,2.4999830056913197
5708,148013,1,0,2.5094010052271187
5709,148014,1,0,2.50418100040406
5710,148015,1,0,2.507898025214672
5711,148016,1,0,2.5063049979507923
5712,148017,1,0,2.51095398562029
5713,148018,1,1,2.4955060216598213
5714,148019,1,0,2.641004975885153
5715,148020,1,0,2.513187995646149
5716,148021,1,0,2.5003349874168634
5717,148022,1,0,2.5747520267032087
5718,148023,1,0,2.502307004760951
5719,148024,1,0,2.5114149902947247
5720,148025,1,1,2.4982409668155015
5721,148026,1,0,2.5075480225495994
5722,148027,1,0,2.504612028133124
5723,148028,1,0,2.518737979698926
5724,148029,1,0,2.497799985576421
5725,148030,1,0,2.5039910105988383
5726,148031,1,0,2.5106939719989896
5727,148032,1,0,2.5016069994308054
5728,148033,1,1,2.509591984562576
5729,148034,1,0,2.5028579984791577
5730,148035,1,0,2.5158730568364263
5731,148036,1,0,2.5040809996426105
5732,148037,1,0,2.5152519810944796
5733,148038,1,0,2.5070360279642045
5734,148039,1,0,2.5087500107474625
5735,148040,1,1,2.4976489949040115
5736,148041,1,0,2.513567975256592
5737,148042,1,0,2.514950989279896
5738,148043,1,0,2.502957999240607
5739,148044,1,0,2.506786026060581
5740,148045,1,0,2.624735003337264
5741,148046,1,0,2.5109239504672587
5742,148047,1,1,2.4961059680208564
5743,148048,1,0,3.373612998984754
5744,148049,1,0,3.6966510233469307
5745,148050,1,0,2.5137889897450805
5746,148051,1,0,2.487970981746912
5747,148052,1,0,2.491257037036121
5748,148053,1,0,2.49073700979352
5749,148054,1,0,2.490615996066481
5750,148055,1,1,2.5004849885590374
5751,148056,1,0,2.48937401920557
5752,148057,1,0,2.5085589732043445
5753,148058,1,0,2.501487033441663
5754,148059,1,0,2.509079989977181
5755,148060,1,0,2.49311001971364
5756,148061,1,0,2.5085689849220216
5757,148062,1,1,2.4878320400603116
5758,148063,1,0,2.505834971088916
5759,148064,1,0,2.501235983800143
5760,148065,1,0,2.5120959617197514
5761,148066,1,0,2.500605012755841
5762,148067,1,0,2.510483027435839
5763,148068,1,0,2.499922993592918
5764,148069,1,0,2.5102420477196574
5765,148070,1,1,2.510452992282808
5766,148071,1,0,2.4950639926828444
5767,148072,1,0,2.673535025678575
5768,148073,1,0,2.499001973774284
5769,148074,1,0,2.509700949303806
5770,148075,1,0,2.4987109936773777
5771,148076,1,0,2.505654003471136
5772,148077,1,1,2.5000529712997377
5773,148078,1,0,2.502727962564677
5774,148079,1,0,2.502327028196305
5775,148080,1,0,2.4919689749367535
5776,148081,1,0,2.49370199162513
5777,148082,1,0,2.491396968252957
5778,148083,1,0,2.500465023331344
5779,148084,1,0,2.499992959201336
5780,148085,1,1,2.511295024305582
5781,148086,1,0,2.5155729963444173
5782,148087,1,0,2.508008969016373
5783,148088,1,0,2.5103919906541705
5784,148089,1,0,2.50891997711733
5785,148090,1,0,2.4932409869506955
5786,148091,1,0,2.5122659862972796
5787,148092,1,1,2.5010649696923792
5788,148093,1,0,2.506776014342904
5789,148094,1,0,2.499873982742429
5790,148095,1,0,2.500323986168951
5791,148096,1,0,2.502448041923344
5792,148097,1,0,2.493982028681785
5793,148098,1,0,2.6333809946663678
5794,148099,1,0,2.4976590066216886
5795,148100,1,1,2.5117950281128287
5796,148101,1,0,2.490746963303536
5797,148102,1,0,2.5113049778155982
5798,148103,1,0,2.498862042557448
5799,148104,1,0,2.5131970178335905
5800,148105,1,0,2.499762980733067
5801,148106,1,0,2.5136990007013083
5802,148107,1,1,2.510633028578013
5803,148108,1,0,2.4937320267781615
5804,148109,1,0,2.514030027668923
5805,148110,1,0,2.50500300899148
5806,148111,1,0,2.506225020624697
5807,148112,1,0,2.4979700101539493
5808,148113,1,0,2.513208019081503
5809,148114,1,1,2.4995720013976097
5810,148115,1,0,2.5227860314771533
5811,148116,1,0,2.500703965779394
5812,148117,1,0,2.511875005438924
5813,148118,1,0,2.513818966690451
5814,148119,1,0,2.506574965082109
5815,148120,1,0,2.513648010790348
5816,148121,1,0,2.4865290033631027
5817,148122,1,1,2.5139899807982147
5818,148123,1,0,2.5091200368478894
5819,148124,1,0,2.5128969573415816
5820,148125,1,0,2.627049048896879
5821,148126,1,0,2.5194899644702673
5822,148127,1,0,2.501605951692909
5823,148128,1,0,2.498360991012305
5824,148129,1,1,2.5173250469379127
5825,148130,1,0,2.4952649837359786
5826,148131,1,0,2.504501026123762
5827,148132,1,0,2.500734990462661
5828,148133,1,0,2.5077079772017896
5829,148134,1,0,2.493851992767304
5830,148135,1,0,2.5171860470436513
5831,148136,1,0,2.5043319910764694
5832,148137,1,1,2.504591946490109
5833,148138,1,0,2.4938120041042566
5834,148139,1,0,2.519820991437882
5835,148140,1,0,2.4965869961306453
5836,148141,1,0,2.5069270050153136
5837,148142,1,0,2.4948639911599457
5838,148143,1,0,2.4995520361699164
5839,148144,1,1,2.503069001249969
5840,148145,1,0,2.5036700535565615
5841,148146,1,0,2.5209520244970918
5842,148147,1,0,2.4965269840322435
5843,148148,1,0,2.5179770309478045
5844,148149,1,0,2.491116989403963
5845,148150,1,0,2.5163840036839247
5846,148151,1,0,2.5040010223165154
5847,148152,1,1,2.6297240401618183
5848,148153,1,0,2.493901993148029
5849,148154,1,0,2.487419988028705
5850,148155,1,0,2.5007849908433855
5851,148156,1,0,2.501326031051576
5852,148157,1,0,2.506405988242477
5853,148158,1,0,2.4993320112116635
5854,148159,1,1,2.5044119684025645
5855,148160,1,0,2.494904969353229
5856,148161,1,0,2.5098620099015534
5857,148162,1,0,2.5028390227817
5858,148163,1,0,2.5256709777750075
5859,148164,1,0,2.5015370338223875
5860,148165,1,0,2.509710961021483
5861,148166,1,0,2.5107840192504227
5862,148167,1,1,2.5131379952654243
5863,148168,1,0,2.5314820231869817
5864,148169,1,0,2.499040972907096
5865,148170,1,0,2.5382040184922516
5866,148171,1,0,2.5068969698622823
5867,148172,1,0,2.519299043342471
5868,148173,1,0,2.553753030952066
5869,148174,1,1,2.514480031095445
5870,148175,1,0,2.5073669967241585
5871,148176,1,0,2.509912010282278
5872,148177,1,0,2.511445025447756
5873,148178,1,0,2.6391620049253106
5874,148179,1,0,2.5134790339507163
5875,148180,1,0,2.5006950017996132
5876,148181,1,0,2.511445025447756
5877,148182,1,1,2.500344009604305
5878,148183,1,0,2.520340960472822
5879,148184,1,0,2.5318320258520544
5880,148185,1,0,2.54340295214206
5881,148186,1,0,2.5091100251302123
5882,148187,1,0,2.5052529526874423
5883,148188,1,0,2.5147009873762727
5884,148189,1,1,2.498500980436802
5885,148190,1,0,2.5108729605562985
5886,148191,1,0,2.4940219591371715
5887,148192,1,0,2.5098120095208287
5888,148193,1,0,2.502919000107795
5889,148194,1,0,2.5047630188055336
5890,148195,1,0,2.493071020580828
5891,148196,1,1,2.508410019800067
5892,148197,1,0,2.4971580132842064
5893,148198,1,0,2.5111240101978183
5894,148199,1,0,2.501727023627609
5895,148200,1,0,2.503619994968176
5896,148201,1,0,2.5261009577661753
5897,148202,1,0,2.512847015168518
5898,148203,1,0,2.521373040508479
5899,148204,1,1,2.504782984033227
5900,148205,1,0,2.630725968629122
5901,148206,1,0,2.5028889649547637
5902,148207,1,0,2.511425002012402
5903,148208,1,0,2.499232010450214
5904,148209,1,0,2.5099419872276485
5905,148210,1,0,2.498521003872156
5906,148211,1,1,2.4975789710879326
5907,148212,1,0,2.51015298999846
5908,148213,1,0,2.4971780367195606
5909,148214,1,0,2.514780964702368
5910,148215,1,0,2.4978499859571457
5911,148216,1,0,2.509822021238506
5912,148217,1,0,2.4972580140456557
5913,148218,1,0,2.50902003608644
5914,148219,1,1,2.502647985238582
5915,148220,1,0,2.5078579783439636
5916,148221,1,0,2.4981299648061395
5917,148222,1,0,2.4987109936773777
5918,148223,1,0,2.630025031976402
5919,148224,1,0,2.5028979871422052
5920,148225,1,0,2.5049729738384485
5921,148226,1,1,2.493361011147499
5922,148227,1,0,2.5017570005729795
5923,148228,1,0,2.4954149848781526
5924,148229,1,0,2.5014159618876874
5925,148230,1,0,2.4980289745144546
5926,148231,1,0,2.633700962178409
5927,148232,1,0,2.5043219793587923
5928,148233,1,0,2.5092799915000796
5929,148234,1,1,2.493350999429822
5930,148235,1,0,2.5007250369526446
5931,148236,1,0,2.5040009641088545
5932,148237,1,0,2.5100529892370105
5933,148238,1,0,2.510202000848949
5934,148239,1,0,2.5069969706237316
5935,148240,1,0,2.505242999177426
5936,148241,1,1,2.490887010935694
5937,148242,1,0,2.5047220406122506
5938,148243,1,0,2.5015760329551995
5939,148244,1,0,2.508519042748958
5940,148245,1,0,2.493221021723002
5941,148246,1,0,2.506776014342904
5942,148247,1,0,2.4908260093070567
5943,148248,1,0,2.5074269506148994
5944,148249,1,1,2.4888929910957813
5945,148250,1,0,2.5048620300367475
5946,148251,1,0,2.516083011869341
5947,148252,1,0,2.5013259728439152
5948,148253,1,0,2.5163739919662476
5949,148254,1,0,2.492971019819379
5950,148255,1,0,2.519129018764943
5951,148256,1,1,2.494032960385084
5952,148257,1,0,2.5034300051629543
5953,148258,1,0,2.620837010908872
5954,148259,1,0,2.5069969706237316
5955,148260,1,0,2.4934420362114906
5956,148261,1,0,2.5037499726749957
5957,148262,1,0,2.4954249965958297
5958,148263,1,1,2.497538982424885
5959,148264,1,0,2.5066150119528174
5960,148265,1,0,2.4905960308387876
5961,148266,1,0,2.516613982152194
5962,148267,1,0,2.5005039642564952
5963,148268,1,0,2.505654003471136
5964,148269,1,0,2.4942729505710304
5965,148270,1,0,2.5100120110437274
5966,148271,1,1,2.498762041795999
5967,148272,1,0,2.504681993741542
5968,148273,1,0,2.499993017408997
5969,148274,1,0,2.5529720005579293
5970,148275,1,0,2.4967669742181897
5971,148276,1,0,2.498180023394525
5972,148277,1,0,2.5069770053960383
5973,148278,1,1,2.4984609917737544
5974,148279,1,0,2.506916003767401
5975,148280,1,0,2.4827219895087183
5976,148281,1,0,2.5012759724631906
5977,148282,1,0,2.4884919985197484
5978,148283,1,0,2.5043520145118237
5979,148284,1,0,2.627940964885056
5980,148285,1,0,2.5036599836312234
5981,148286,1,1,2.4924890021793544
5982,148287,1,0,2.508828998543322
5983,148288,1,0,2.5025280192494392
5984,148289,1,0,2.5015170103870332
5985,148290,1,0,2.508800011128187
5986,148291,1,0,2.4893939844332635
5987,148292,1,0,2.507106983102858
5988,148293,1,1,2.487811027094722
5989,148294,1,0,2.503630006685853
5990,148295,1,0,2.498821006156504
5991,148296,1,0,2.5048519601114094
5992,148297,1,0,2.4995720013976097
5993,148298,1,0,2.5178659707307816
5994,148299,1,0,2.5430640089325607
5995,148300,1,0,2.5091100251302123
5996,148301,1,1,2.497479028534144
5997,148302,1,0,2.5105230160988867
5998,148303,1,0,2.510051999706775
5999,148304,1,0,2.500183996744454
6000,148305,1,0,2.510202000848949
6001,148306,1,0,2.4931610096246004
6002,148307,1,0,2.5226750294677913
6003,148308,1,1,2.5072270072996616
6004,148309,1,0,2.5126870023086667
6005,148310,1,0,2.622640982735902
6006,148311,1,0,2.5130680296570063
6007,148312,1,0,2.5011859834194183
6008,148313,1,0,2.5176559574902058
6009,148314,1,0,2.511013997718692
6010,148315,1,0,2.5035899598151445
6011,148316,1,1,2.5115649914368987
6012,148317,1,0,2.5001539615914226
6013,148318,1,0,2.509870973881334
6014,148319,1,0,2.504692005459219
6015,148320,1,0,2.5108340196311474
6016,148321,1,0,2.496737986803055
6017,148322,1,0,2.516703971195966
6018,148323,1,1,2.495866036042571
6019,148324,1,0,2.836717991158366
6020,148325,1,0,2.5168039719574153
6021,148326,1,0,2.5009349919855595
6022,148327,1,0,2.5211829924955964
6023,148328,1,0,2.5071270065382123
6024,148329,1,0,2.5095109594985843
6025,148330,1,1,2.5153319584205747
6026,148331,1,0,2.5236369692720473
6027,148332,1,0,2.5097709731198847
6028,148333,1,0,2.5000039604492486
6029,148334,1,0,2.5124370004050434
6030,148335,1,0,2.5020570028573275
6031,148336,1,0,2.515572006814182
6032,148337,1,0,2.6316680014133453
6033,148338,1,1,2.5114649906754494
6034,148339,1,0,2.4995330022647977
6035,148340,1,0,2.515731961466372
6036,148341,1,0,2.5073669967241585
6037,148342,1,0,2.5093110161833465
6038,148343,1,0,2.51241703517735
6039,148344,1,0,2.5086489622481167
6040,148345,1,1,2.519498986657709
6041,148346,1,0,2.509891986846924
6042,148347,1,0,2.530038997065276
6043,148348,1,0,2.506776014342904
6044,148349,1,0,2.5473409914411604
6045,148350,1,0,2.5014759739860892
6046,148351,1,0,2.505543001461774
6047,148352,1,0,2.5228860322386026
6048,148353,1,1,2.508700010366738
6049,148354,1,0,2.5217439979314804
6050,148355,1,0,2.510243037249893
6051,148356,1,0,2.509772020857781
6052,148357,1,0,2.4998330045491457
6053,148358,1,0,2.5144999963231385
6054,148359,1,0,2.4946630001068115
6055,148360,1,1,2.508930047042668
6056,148361,1,0,2.506294986233115
6057,148362,1,0,2.517184999305755
6058,148363,1,0,2.6312159607186913
6059,148364,1,0,2.499483001884073
6060,148365,1,0,2.4994330015033484
6061,148366,1,0,2.4997229920700192
6062,148367,1,0,2.5156420306302607
6063,148368,1,1,2.500755013898015
6064,148369,1,0,2.502337039913982
6065,148370,1,0,2.4959759903140366
6066,148371,1,0,2.5167150306515396
6067,148372,1,0,2.5069459807127714
6068,148373,1,0,2.5153220049105585
6069,148374,1,0,2.520381996873766
6070,148375,1,1,2.5011859834194183
6071,148376,1,0,2.522584982216358
6072,148377,1,0,2.4912479566410184
6073,148378,1,0,2.509120968170464
6074,148379,1,0,2.5024490314535797
6075,148380,1,0,2.511765982490033
6076,148381,1,0,2.5104229571297765
6077,148382,1,0,2.50920100370422
6078,148383,1,1,2.506535965949297
6079,148384,1,0,2.5167340063489974
6080,148385,1,0,2.50160600990057
6081,148386,1,0,2.5058650062419474
6082,148387,1,0,2.509731042664498
6083,148388,1,0,2.5086800451390445
6084,148389,1,0,2.515052037779242
6085,148390,1,1,2.6259070145897567
6086,148391,1,0,2.5034999707713723
6087,148392,1,0,2.498932008165866
6088,148393,1,0,2.505954005755484
6089,148394,1,0,2.4968069628812373
6090,148395,1,0,2.5120159843936563
6091,148396,1,0,2.504111034795642
6092,148397,1,0,2.5204410194419324
6093,148398,1,1,2.5174960028380156
6094,148399,1,0,2.55328300409019
6095,148400,1,0,2.5096110184676945
6096,148401,1,0,2.5032300036400557
6097,148402,1,0,2.5133679737336934
6098,148403,1,0,2.496076049283147
6099,148404,1,0,2.504692005459219
6100,148405,1,1,2.4973279796540737
6101,148406,1,0,2.5054129655472934
6102,148407,1,0,2.4956350098364055
6103,148408,1,0,2.513448998797685
6104,148409,1,0,2.4948840145953
6105,148410,1,0,2.509291050955653
6106,148411,1,0,2.517717017326504
6107,148412,1,1,2.4993520346470177
6108,148413,1,0,2.512926992494613
6109,148414,1,0,2.490615996066481
6110,148415,1,0,2.5064850342459977
6111,148416,1,0,2.6132839848287404
6112,148417,1,0,2.5084689841605723
6113,148418,1,0,2.498810994438827
6114,148419,1,0,2.5102319777943194
6115,148420,1,1,2.498571004252881
6116,148421,1,0,2.507066004909575
6117,148422,1,0,2.494412998203188
6118,148423,1,0,2.5058239698410034
6119,148424,1,0,2.5072270072996616
6120,148425,1,0,2.4950149818323553
6121,148426,1,0,2.5071570416912436
6122,148427,1,1,2.496005967259407
6123,148428,1,0,2.5060150073841214
6124,148429,1,0,2.494051994290203
6125,148430,1,0,2.5157229974865913
6126,148431,1,0,2.5031999684870243
6127,148432,1,0,2.5115449680015445
6128,148433,1,0,2.5123259983956814
6129,148434,1,0,2.5175859918817878
6130,148435,1,1,2.505994983948767
6131,148436,1,0,2.5105930399149656
6132,148437,1,0,2.5112039875239134
6133,148438,1,0,2.499061985872686
6134,148439,1,0,2.5072770076803863
6135,148440,1,0,2.4881010176613927
6136,148441,1,0,2.508650009986013
6137,148442,1,1,2.501385984942317
6138,148443,1,0,2.637317986227572
6139,148444,1,0,2.5059549952857196
6140,148445,1,0,2.505643991753459
6141,148446,1,0,2.493632026016712
6142,148447,1,0,2.5216639623977244
6143,148448,1,0,2.5158930220641196
6144,148449,1,0,2.496717032045126
6145,148450,1,1,2.523648028727621
6146,148451,1,0,2.4966979981400073
6147,148452,1,0,2.5059739709831774
6148,148453,1,0,2.496065979357809
6149,148454,1,0,2.509430982172489
6150,148455,1,0,2.4982200120575726
6151,148456,1,0,2.5107039837166667
6152,148457,1,1,2.4970980011858046
6153,148458,1,0,2.5105629465542734
6154,148459,1,0,2.5089099653996527
6155,148460,1,0,2.509731042664498
6156,148461,1,0,2.4959860020317137
6157,148462,1,0,2.498330024536699
6158,148463,1,0,2.5124470121227205
6159,148464,1,0,2.505593001842499
6160,148465,1,1,2.50798900378868
6161,148466,1,0,2.494824002496898
6162,148467,1,0,2.518418012186885
6163,148468,1,0,2.496427041478455
6164,148469,1,0,2.636977005749941
6165,148470,1,0,2.4998229928314686
6166,148471,1,0,2.5105929817073047
6167,148472,1,1,2.4925300385802984
6168,148473,1,0,2.4938220158219337
6169,148474,1,0,2.5042110355570912
6170,148475,1,0,2.4986810167320073
6171,148476,1,0,2.5073279975913465
6172,148477,1,0,2.495374996215105
6173,148478,1,0,2.5068059912882745
6174,148479,1,1,2.49704800080508
6175,148480,1,0,2.507305995095521
6176,148481,1,0,2.498871006537229
6177,148482,1,0,2.505714015569538
6178,148483,1,0,2.490826998837292
6179,148484,1,0,2.5079489569179714
6180,148485,1,0,2.4923490127548575
6181,148486,1,0,2.501957002095878
6182,148487,1,1,2.5012859841808677
6183,148488,1,0,2.510323014575988
6184,148489,1,0,2.5149910361506045
6185,148490,1,0,2.493340987712145
6186,148491,1,0,2.504442003555596
6187,148492,1,0,2.501445997040719
6188,148493,1,0,2.5140090147033334
6189,148494,1,1,2.4999130400829017
6190,148495,1,0,2.514099993277341
6191,148496,1,0,2.6303549529984593
6192,148497,1,0,2.511735016014427
6193,148498,1,0,2.493681968189776
6194,148499,1,0,2.511575003154576
6195,148500,1,0,2.606260997708887
6196,148501,1,0,2.492921019438654
6197,148502,1,1,2.511243976186961
6198,148503,1,0,2.4965880438685417
6199,148504,1,0,2.523066010326147
6200,148505,1,0,2.515422005672008
6201,148506,1,0,2.5069270050153136
6202,148507,1,0,2.50265805516392
6203,148508,1,0,2.50972097273916
6204,148509,1,1,2.5025690556503832
6205,148510,1,0,2.6084549608640373
6206,148511,1,0,2.54788197344169
6207,148512,1,0,2.499382011592388
6208,148513,1,0,2.507637022063136
6209,148514,1,0,2.497609006240964
6210,148515,1,0,2.512808016035706
6211,148516,1,0,2.495305030606687
6212,148517,1,1,2.5085490196943283
6213,148518,1,0,2.4963669711723924
6214,148519,1,0,2.5092409923672676
6215,148520,1,0,2.5016660219989717
6216,148521,1,0,2.514449995942414
6217,148522,1,0,2.6334510184824467
6218,148523,1,0,2.5009950040839612
6219,148524,1,1,2.5168940192088485
6220,148525,1,0,2.5501560303382576
6221,148526,1,0,2.502858988009393
6222,148527,1,0,2.511013997718692
6223,148528,1,0,2.506204997189343
6224,148529,1,0,2.4937919806689024
6225,148530,1,0,2.508149016648531
6226,148531,1,0,2.5089900009334087
6227,148532,1,1,2.502688963431865
6228,148533,1,0,2.506354998331517
6229,148534,1,0,2.484694996383041
6230,148535,1,0,2.512766979634762
6231,148536,1,0,2.494682965334505
6232,148537,1,0,2.512857026886195
6233,148538,1,0,2.500584989320487
6234,148539,1,1,2.5131480069831014
6235,148540,1,0,2.4977090070024133
6236,148541,1,0,2.5012159603647888
6237,148542,1,0,2.5044119684025645
6238,148543,1,0,2.501246053725481
6239,148544,1,0,2.5021469919010997
6240,148545,1,0,2.5003139744512737
6241,148546,1,1,2.5090299895964563
6242,148547,1,0,2.51054298132658
6243,148548,1,0,2.5084500084631145
6244,148549,1,0,2.6246150373481214
6245,148550,1,0,2.512355975341052
6246,148551,1,0,2.4948639911599457
6247,148552,1,0,2.5070360279642045
6248,148553,1,0,2.496786997653544
6249,148554,1,1,2.5034099817276
6250,148555,1,0,2.4956759880296886
6251,148556,1,0,2.5062349741347134
6252,148557,1,0,2.4950639926828444
6253,148558,1,0,2.501295995898545
6254,148559,1,0,2.509351004846394
6255,148560,1,0,2.493061008863151
6256,148561,1,1,2.498591027688235
6257,148562,1,0,2.4842650163918734
6258,148563,1,0,2.505884040147066
6259,148564,1,0,2.4963869946077466
6260,148565,1,0,2.498591027688235
6261,148566,1,0,2.486147976014763
6262,148567,1,0,2.505685028154403
6263,148568,1,0,2.4927600170485675
6264,148569,1,1,2.5124259991571307
6265,148570,1,0,2.500814967788756
6266,148571,1,0,2.5128969573415816
6267,148572,1,0,2.4948330246843398
6268,148573,1,0,2.5036699953489006
6269,148574,1,0,2.500814967788756
6270,148575,1,0,2.6276299613527954
6271,148576,1,1,2.569251984823495
6272,148577,1,0,2.5064049987122416
6273,148578,1,0,2.5154119939543307
6274,148579,1,0,2.5017770240083337
6275,148580,1,0,2.513037994503975
6276,148581,1,0,2.501756011042744
6277,148582,1,0,2.49570602318272
6278,148583,1,0,2.5194899644702673
6279,148584,1,1,2.498571004252881
6280,148585,1,0,2.5093810399994254
6281,148586,1,0,2.5083390064537525
6282,148587,1,0,2.514780964702368
6283,148588,1,0,2.499862981494516
6284,148589,1,0,2.5179969961754978
6285,148590,1,0,2.5001540197990835
6286,148591,1,1,2.521643997170031
6287,148592,1,0,2.5089000118896365
6288,148593,1,0,2.515672007575631
6289,148594,1,0,2.506494987756014
6290,148595,1,0,2.506995981093496
6291,148596,1,0,2.515553031116724
6292,148597,1,0,2.4960360024124384
6293,148598,1,0,2.515491971280426
6294,148599,1,1,2.503069001249969
6295,148600,1,0,2.5173260364681482
6296,148601,1,0,2.5581520167179406
6297,148602,1,0,2.6326400111429393
6298,148603,1,0,2.512637001927942
6299,148604,1,0,2.502667950466275
6300,148605,1,0,2.5145200197584927
6301,148606,1,1,2.5049929972738028
6302,148607,1,0,2.520612033549696
6303,148608,1,0,2.5072870193980634
6304,148609,1,0,2.516133012250066
6305,148610,1,0,2.4975689593702555
6306,148611,1,0,2.514239982701838
6307,148612,1,0,2.499343012459576
6308,148613,1,0,2.5099210324697196
6309,148614,1,1,2.5028579984791577
6310,148615,1,0,2.5141300284303725
6311,148616,1,0,2.5406290078535676
6312,148617,1,0,2.5265520089305937
6313,148618,1,0,2.5100019993260503
6314,148619,1,0,2.500354021321982
6315,148620,1,0,2.51190597191453
6316,148621,1,1,2.5028989766724408
6317,148622,1,0,2.506024029571563
6318,148623,1,0,2.502858988009393
6319,148624,1,0,2.514460007660091
6320,148625,1,0,2.4995729909278452
6321,148626,1,0,2.5142100057564676
6322,148627,1,0,2.4994920240715146
6323,148628,1,1,2.6411950238980353
6324,148629,1,0,2.511474012862891
6325,148630,1,0,2.503811032511294
6326,148631,1,0,2.52387800719589
6327,148632,1,0,2.492399013135582
6328,148633,1,0,2.5080179912038147
6329,148634,1,0,2.4869589833542705
6330,148635,1,0,2.504982054233551
6331,148636,1,1,2.4947940255515277
6332,148637,1,0,2.506594988517463
6333,148638,1,0,2.4976700078696012
6334,148639,1,0,2.5040610344149172
6335,148640,1,0,2.5059650070033967
6336,148641,1,0,2.4961470044218004
6337,148642,1,0,2.4996529682539403
6338,148643,1,1,2.502858988009393
6339,148644,1,0,2.505504002328962
6340,148645,1,0,2.502577961422503
6341,148646,1,0,2.508368983399123
6342,148647,1,0,2.495445020031184
6343,148648,1,0,2.518337976653129
6344,148649,1,0,2.5017259758897126
6345,148650,1,0,2.5065059890039265
6346,148651,1,1,2.497378969565034
6347,148652,1,0,2.5093709700740874
6348,148653,1,0,2.4953550309874117
6349,148654,1,0,2.5132480077445507
6350,148655,1,0,2.6291729882359505
6351,148656,1,0,2.4962970055639744
6352,148657,1,0,2.501707000192255
6353,148658,1,1,2.502317016478628
6354,148659,1,0,2.5147810229100287
6355,148660,1,0,2.496758010238409
6356,148661,1,0,2.505072974599898
6357,148662,1,0,2.4998440057970583
6358,148663,1,0,2.507616998627782
6359,148664,1,0,2.499001973774284
6360,148665,1,0,2.504041010979563
6361,148666,1,1,2.496486995369196
6362,148667,1,0,2.50814895844087
6363,148668,1,0,2.513769024517387
6364,148669,1,0,2.500965027138591
6365,148670,1,0,2.5033190031535923
6366,148671,1,0,2.4884919985197484
6367,148672,1,0,2.5179259828291833
6368,148673,1,1,2.496968023478985
6369,148674,1,0,2.508779987692833
6370,148675,1,0,2.4977389839477837
6371,148676,1,0,2.544315007980913
6372,148677,1,0,2.5083490181714296
6373,148678,1,0,2.512075996492058
6374,148679,1,0,2.5085490196943283
6375,148680,1,0,2.518417953979224
6376,148681,1,1,2.6359259500168264
6377,148682,1,0,2.5001339963637292
6378,148683,1,0,2.514800988137722
6379,148684,1,0,2.493691979907453
6380,148685,1,0,2.5039410102181137
6381,148686,1,0,2.5014060083776712
6382,148687,1,0,2.5095309829339385
6383,148688,1,1,2.4995029671117663
6384,148689,1,0,2.572186989709735
6385,148690,1,0,2.5281559792347252
6386,148691,1,0,2.5008550146594644
6387,148692,1,0,2.513208019081503
6388,148693,1,0,2.5020780158229172
6389,148694,1,0,2.5096620083786547
6390,148695,1,1,2.5044020148925483
6391,148696,1,0,2.516834996640682
6392,148697,1,0,2.5102130020968616
6393,148698,1,0,2.5246000150218606
6394,148699,1,0,2.5075069861486554
6395,148700,1,0,2.521182002965361
6396,148701,1,0,2.5067160022445023
6397,148702,1,0,2.50796799082309
6398,148703,1,1,2.5184680125676095
6399,148704,1,0,2.5016359868459404
6400,148705,1,0,2.51352897612378
6401,148706,1,0,2.498660993296653
6402,148707,1,0,2.5051130214706063
6403,148708,1,0,2.62832100270316
6404,148709,1,0,2.5123360101133585
6405,148710,1,1,2.5170049630105495
6406,148711,1,0,2.4993920233100653
6407,148712,1,0,2.5009950040839612
6408,148713,1,0,2.498089976143092
6409,148714,1,0,2.5178660289384425
6410,148715,1,0,2.5044019566848874
6411,148716,1,0,2.557439962401986
6412,148717,1,0,2.5003640330396593
6413,148718,1,1,2.5166840059682727
6414,148719,1,0,2.502297982573509
6415,148720,1,0,2.5084890075959265
6416,148721,1,0,2.5052829878404737
6417,148722,1,0,2.4996530264616013
6418,148723,1,0,2.504511969164014
6419,148724,1,0,2.5013660197146237
6420,148725,1,1,2.500414033420384
6421,148726,1,0,2.4900449789129198
6422,148727,1,0,2.533375984057784
6423,148728,1,0,2.5118449702858925
6424,148729,1,0,2.507438010070473
6425,148730,1,0,2.4994330015033484
6426,148731,1,0,2.5038410094566643
6427,148732,1,0,2.501096052583307
6428,148733,1,1,2.5086289970204234
6429,148734,1,0,2.6351739652454853
6430,148735,1,0,2.5007250369526446
6431,148736,1,0,2.498810994438827
6432,148737,1,0,2.4905760074034333
6433,148738,1,0,2.5032390258274972
6434,148739,1,0,2.499873982742429
6435,148740,1,1,2.5068260147236288
6436,148741,1,0,2.4962970055639744
6437,148742,1,0,2.5063849752768874
6438,148743,1,0,2.501957002095878
6439,148744,1,0,2.5052130222320557
6440,148745,1,0,2.4968479992821813
6441,148746,1,0,2.503709984011948
6442,148747,1,0,2.5031999684870243
6443,148748,1,1,2.5156119954772294
6444,148749,1,0,2.516424050554633
6445,148750,1,0,2.504831994883716
6446,148751,1,0,2.5131780421361327
6447,148752,1,0,2.5772469816729426
6448,148753,1,0,2.5152809685096145
6449,148754,1,0,2.498009998816997
6450,148755,1,1,2.514780033379793
6451,148756,1,0,2.49944202369079
6452,148757,1,0,2.506664954125881
6453,148758,1,0,2.49908200930804
6454,148759,1,0,2.5108240079134703
6455,148760,1,0,2.5024579954333603
6456,148761,1,0,2.608585054986179
6457,148762,1,0,2.508539007976651
6458,148763,1,1,2.5072069838643074
6459,148764,1,0,2.507406985387206
6460,148765,1,0,2.4981810129247606
6461,148766,1,0,2.5085490196943283
6462,148767,1,0,2.501275041140616
6463,148768,1,0,2.51535204006359
6464,148769,1,0,2.5069660041481256
6465,148770,1,1,2.505514014046639
6466,148771,1,0,2.5016660219989717
6467,148772,1,0,2.5085489614866674
6468,148773,1,0,2.507266995962709
6469,148774,1,0,2.501525974366814
6470,148775,1,0,2.5104429805651307
6471,148776,1,0,2.5082280044443905
6472,148777,1,1,2.527233969885856
6473,148778,1,0,2.504191012121737
6474,148779,1,0,2.5199410156346858
6475,148780,1,0,2.512397011741996
6476,148781,1,0,2.509169979020953
6477,148782,1,0,2.502989023923874
6478,148783,1,0,2.5173359899781644
6479,148784,1,0,2.5090299895964563
6480,148785,1,1,2.5076870224438608
6481,148786,1,0,2.5154119939543307
6482,148787,1,0,2.6159679982811213
6483,148788,1,0,2.521212969440967
6484,148789,1,0,2.4937220150604844
6485,148790,1,0,2.50605505425483
6486,148791,1,0,2.4921389995142817
6487,148792,1,1,2.512627048417926
6488,148793,1,0,2.492510015144944
6489,148794,1,0,2.5057640159502625
6490,148795,1,0,2.50423199031502
6491,148796,1,0,2.498940972145647
6492,148797,1,0,2.500905015040189
6493,148798,1,0,2.4987710057757795
6494,148799,1,0,2.5067359674721956
6495,148800,1,1,2.4986110511235893
6496,148801,1,0,2.5072660064324737
6497,148802,1,0,2.540028013754636
6498,148803,1,0,2.507337019778788
6499,148804,1,0,2.495294960681349
6500,148805,1,0,2.5123960222117603
6501,148806,1,0,2.500974980648607
6502,148807,1,1,2.5165840052068233
6503,148808,1,0,2.5225949939340353
6504,148809,1,0,2.512075996492058
6505,148810,1,0,2.5226359721273184
6506,148811,1,0,2.5173259782604873
6507,148812,1,0,2.5203810073435307
6508,148813,1,0,2.5121860089711845
6509,148814,1,0,2.6454429607838392
6510,148815,1,1,2.512266975827515
6511,148816,1,0,2.512856968678534
6512,148817,1,0,2.520009991712868
6513,148818,1,0,2.502177027054131
6514,148819,1,0,2.518167020753026
6515,148820,1,0,2.506636024918407
6516,148821,1,0,2.515171014238149
6517,148822,1,1,2.497198001947254
6518,148823,1,0,2.5244790012948215
6519,148824,1,0,2.5028390227817
6520,148825,1,0,2.5106429820880294
6521,148826,1,0,2.4986009811982512
6522,148827,1,0,2.606360998470336
6523,148828,1,0,2.522715018130839
6524,148829,1,0,2.4893939844332635
6525,148830,1,1,2.512365987058729
6526,148831,1,0,2.4981499882414937
6527,148832,1,0,2.508870034944266
6528,148833,1,0,2.49663699651137
6529,148834,1,0,2.5189690059050918
6530,148835,1,0,2.5014959974214435
6531,148836,1,0,2.517055021598935
6532,148837,1,1,2.5047019589692354
6533,148838,1,0,2.520812035072595
6534,148839,1,0,2.5129769928753376
6535,148840,1,0,2.6285419589839876
6536,148841,1,0,2.522734983358532
6537,148842,1,0,2.5021969922818244
6538,148843,1,0,2.512696955818683
6539,148844,1,1,2.5070670526474714
6540,148845,1,0,2.505022974219173
6541,148846,1,0,2.50219798181206
6542,148847,1,0,2.51147395465523
6543,148848,1,0,2.5055530131794512
6544,148849,1,0,2.5105130043812096
6545,148850,1,0,2.5101820356212556
6546,148851,1,0,2.5020880275405943
6547,148852,1,1,2.6191039942204952
6548,148853,1,0,2.505564014427364
6549,148854,1,0,2.5122869992628694
6550,148855,1,0,2.4980399757623672
6551,148856,1,0,2.5144710089080036
6552,148857,1,0,2.5029389653354883
6553,148858,1,0,2.503410039935261
6554,148859,1,1,2.4946939665824175
6555,148860,1,0,2.5129069690592587
6556,148861,1,0,2.5068860268220305
6557,148862,1,0,2.5016270228661597
6558,148863,1,0,2.5105130043812096
6559,148864,1,0,2.499713038560003
6560,148865,1,0,2.5646539870649576
6561,148866,1,0,2.5033290148712695
6562,148867,1,1,2.639612997882068
6563,148868,1,0,2.5039210449904203
6564,148869,1,0,2.5027290103025734
6565,148870,1,0,2.503259980585426
6566,148871,1,0,2.4999530287459493
6567,148872,1,0,2.504312025848776
6568,148873,1,0,2.480256953276694
6569,148874,1,1,2.508068981114775
6570,148875,1,0,2.4912970256991684
6571,148876,1,0,2.5023879716172814
6572,148877,1,0,2.496015978977084
6573,148878,1,0,2.578458981588483
6574,148879,1,0,2.494162996299565
6575,148880,1,0,2.5061150081455708
6576,148881,1,0,2.499543013982475
6577,148882,1,1,2.514950989279896
6578,148883,1,0,2.5092900032177567
6579,148884,1,0,2.5040110340341926
6580,148885,1,0,2.5108339614234865
6581,148886,1,0,2.4972480023279786
6582,148887,1,0,2.505664015188813
6583,148888,1,0,2.5114850141108036
6584,148889,1,1,2.5103429798036814
6585,148890,1,0,2.4962060269899666
6586,148891,1,0,2.506957040168345
6587,148892,1,0,2.5024889619089663
6588,148893,1,0,2.6277709985151887
6589,148894,1,0,2.504211966879666
6590,148895,1,0,2.498871006537229
6591,148896,1,0,2.543635026086122
6592,148897,1,1,2.4982800241559744
6593,148898,1,0,2.5074370205402374
6594,148899,1,0,2.501918002963066
6595,148900,1,0,2.503200026694685
6596,148901,1,0,2.4902760051190853
6597,148902,1,0,2.512697014026344
6598,148903,1,0,2.4983600014820695
6599,148904,1,1,2.504602016415447
6600,148905,1,0,2.4907960323616862
6601,148906,1,0,2.4967179633677006
6602,148907,1,0,2.4909970234148204
6603,148908,1,0,2.5060850312002003
6604,148909,1,0,2.4917279952205718
6605,148910,1,0,2.496086002793163
6606,148911,1,1,2.5017670122906566
6607,148912,1,0,2.4963169707916677
6608,148913,1,0,2.5098619516938925
6609,148914,1,0,2.4853370268829167
6610,148915,1,0,2.5030190008692443
6611,148916,1,0,2.496967965271324
6612,148917,1,0,2.5100120110437274
6613,148918,1,0,2.4977190187200904
6614,148919,1,1,2.506605989765376
6615,148920,1,0,2.626658999361098
6616,148921,1,0,2.5132280425168574
6617,148922,1,0,2.506476012058556
6618,148923,1,0,2.493932959623635
6619,148924,1,0,2.5067460373975337
6620,148925,1,0,2.490295039024204
6621,148926,1,1,2.4940220173448324
6622,148927,1,0,2.494102984201163
6623,148928,1,0,2.557269996032119
6624,148929,1,0,2.4968080106191337
6625,148930,1,0,2.5062650092877448
6626,148931,1,0,2.4964669719338417
6627,148932,1,0,2.5149709545075893
6628,148933,1,0,2.4947839556261897
6629,148934,1,1,2.511263999622315
6630,148935,1,0,2.501316019333899
6631,148936,1,0,2.494462998583913
6632,148937,1,0,2.504752017557621
6633,148938,1,0,2.503699972294271
6634,148939,1,0,2.5018969899974763
6635,148940,1,0,2.4909969652071595
6636,148941,1,1,2.509369980543852
6637,148942,1,0,2.5145909748971462
6638,148943,1,0,2.5243890122510493
6639,148944,1,0,2.5059449835680425
6640,148945,1,0,2.516413980629295
6641,148946,1,0,2.626969013363123
6642,148947,1,0,2.492650004569441
6643,148948,1,0,2.522605995181948
6644,148949,1,1,2.4931809748522937
6645,148950,1,0,2.510051999706775
6646,148951,1,0,2.5275939842686057
6647,148952,1,0,2.5119350175373256
6648,148953,1,0,2.503129013348371
6649,148954,1,0,2.5114440359175205
6650,148955,1,0,2.511915983632207
6651,148956,1,1,2.512838051188737
6652,148957,1,0,2.5007749791257083
6653,148958,1,0,2.521232992876321
6654,148959,1,0,2.5019969907589257
6655,148960,1,0,2.509270969312638
6656,148961,1,0,2.520821988582611
6657,148962,1,0,2.486858982592821
6658,148963,1,0,2.5168939610011876
6659,148964,1,1,2.512257022317499
6660,148965,1,0,2.5140400393866003
6661,148966,1,0,2.496757952030748
6662,148967,1,0,2.511644968762994
6663,148968,1,0,2.5011649704538286
6664,148969,1,0,2.517787041142583
6665,148970,1,0,2.5045120273716748
6666,148971,1,1,2.5148920249193907
6667,148972,1,0,2.5086390087381005
6668,148973,1,0,2.616068988572806
6669,148974,1,0,2.5208930019289255
6670,148975,1,0,2.4976590066216886
6671,148976,1,0,2.506775956135243
6672,148977,1,0,2.494162996299565
6673,148978,1,0,2.5069169932976365
6674,148979,1,1,2.502268005628139
6675,148980,1,0,2.50299897743389
6676,148981,1,0,2.5020670145750046
6677,148982,1,0,2.5032589910551906
6678,148983,1,0,2.4986110511235893
6679,148984,1,0,2.49732902739197
6680,148985,1,0,2.506556047592312
6681,148986,1,1,2.498852030839771
6682,148987,1,0,2.5037110317498446
6683,148988,1,0,2.4898650008253753
6684,148989,1,0,2.511625993065536
6685,148990,1,0,2.5059040053747594
6686,148991,1,0,2.5083390064537525
6687,148992,1,0,2.496807021088898
6688,148993,1,1,2.513577986974269
6689,148994,1,0,2.4999440065585077
6690,148995,1,0,2.5179869844578207
6691,148996,1,0,2.5089100236073136
6692,148997,1,0,2.5100019993260503
6693,148998,1,0,2.5006250361911952
6694,148999,1,0,2.629362978041172
6695,149000,1,0,2.5170560111291707
6696,149001,1,1,2.49434303259477
6697,149002,1,0,2.507327008061111
6698,149003,1,0,2.501936978660524
6699,149004,1,0,2.5583620299585164
6700,149005,1,0,2.496126980986446
6701,149006,1,0,2.504792995750904
6702,149007,1,0,2.49112700112164
6703,149008,1,1,2.5052729761227965
6704,149009,1,0,2.5143310194835067
6705,149010,1,0,2.5432129623368382
6706,149011,1,0,2.5421620230190456
6707,149012,1,0,2.499322989024222
6708,149013,1,0,2.5120560312643647
6709,149014,1,0,2.496156026609242
6710,149015,1,0,2.5141299702227116
6711,149016,1,1,2.5001339963637292
6712,149017,1,0,2.5123560335487127
6713,149018,1,0,2.4969580117613077
6714,149019,1,0,2.5107840192504227
6715,149020,1,0,2.505873970221728
6716,149021,1,0,2.5000939494930208
6717,149022,1,0,2.5026180082932115
6718,149023,1,1,2.50096496893093
6719,149024,1,0,2.5233770138584077
6720,149025,1,0,2.5051230331882834
6721,149026,1,0,2.6310760295018554
6722,149027,1,0,2.4990010424517095
6723,149028,1,0,2.5114750023931265
6724,149029,1,0,2.4986210046336055
6725,149030,1,0,2.5087399990297854
6726,149031,1,1,2.5043609784916043
6727,149032,1,0,2.496758010238409
6728,149033,1,0,2.5061150081455708
6729,149034,1,0,2.4931509979069233
6730,149035,1,0,2.5130470166914165
6731,149036,1,0,2.496758010238409
6732,149037,1,0,2.5134989991784096
6733,149038,1,1,2.507888013496995
6734,149039,1,0,2.519539964850992
6735,149040,1,0,2.509100013412535
6736,149041,1,0,2.5214829947799444
6737,149042,1,0,2.5095909950323403
6738,149043,1,0,2.5235669454559684
6739,149044,1,0,2.5189879816025496
6740,149045,1,0,2.49962299130857
6741,149046,1,1,2.510141988750547
6742,149047,1,0,2.5050330441445112
6743,149048,1,0,2.5169249856844544
6744,149049,1,0,2.514961000997573
6745,149050,1,0,2.520270994864404
6746,149051,1,0,2.5088199763558805
6747,149052,1,0,2.63831001939252
6748,149053,1,1,2.5094010052271187
6749,149054,1,0,2.522164024412632
6750,149055,1,0,2.51357804518193
6751,149056,1,0,2.4989719968289137
6752,149057,1,0,2.511445025447756
6753,149058,1,0,2.4988509831018746
6754,149059,1,0,2.511354978196323
6755,149060,1,1,2.50281800981611
6756,149061,1,0,2.5234470376744866
6757,149062,1,0,2.505403012037277
6758,149063,1,0,2.505514014046639
6759,149064,1,0,2.4995329440571368
6760,149065,1,0,2.5107229594141245
6761,149066,1,0,2.511033962946385
6762,149067,1,0,2.5024470523931086
6763,149068,1,1,2.525190997403115
6764,149069,1,0,2.51159502658993
6765,149070,1,0,2.515622996725142
6766,149071,1,0,2.5125269894488156
6767,149072,1,0,2.5140289799310267
6768,149073,1,0,2.4995229905471206
6769,149074,1,0,2.5123960222117603
6770,149075,1,1,2.5023779598996043
6771,149076,1,0,2.5144899846054614
6772,149077,1,0,2.509902056772262
6773,149078,1,0,2.512305974960327
6774,149079,1,0,2.7355500496923923
6775,149080,1,0,2.510613005142659
6776,149081,1,0,2.513508021365851
6777,149082,1,0,2.5000530295073986
6778,149083,1,1,2.5178460055030882
6779,149084,1,0,2.506144985090941
6780,149085,1,0,2.510483027435839
6781,149086,1,0,2.5020770262926817
6782,149087,1,0,2.497799985576421
6783,149088,1,0,2.5175660266540945
6784,149089,1,0,2.5054739671759307
6785,149090,1,1,2.505082986317575
6786,149091,1,0,2.491999010089785
6787,149092,1,0,2.5007949443534017
6788,149093,1,0,2.489153004717082
6789,149094,1,0,2.5058939936570823
6790,149095,1,0,2.521554008126259
6791,149096,1,0,2.507807977963239
6792,149097,1,0,2.5009349919855595
6793,149098,1,1,2.510473015718162
6794,149099,1,0,2.502027025911957
6795,149100,1,0,2.497790032066405
6796,149101,1,0,2.5087989633902907
6797,149102,1,0,2.5034399586729705
6798,149103,1,0,2.5160840013995767
6799,149104,1,0,2.499301976058632
6800,149105,1,1,2.6245140470564365
6801,149106,1,0,2.498501038644463
6802,149107,1,0,2.514249994419515
6803,149108,1,0,2.5019869790412486
6804,149109,1,0,2.5174259790219367
6805,149110,1,0,2.5158830103464425
6806,149111,1,0,2.498170011676848
6807,149112,1,0,2.5123670347966254
6808,149113,1,1,2.4889539927244186
6809,149114,1,0,2.5057150050997734
6810,149115,1,0,2.5040110340341926
6811,149116,1,0,2.508149016648531
6812,149117,1,0,2.494724001735449
6813,149118,1,0,2.508267993107438
6814,149119,1,0,2.5009759701788425
6815,149120,1,1,2.506023971363902
6816,149121,1,0,2.498068963177502
6817,149122,1,0,2.512766979634762
6818,149123,1,0,2.5059239706024528
6819,149124,1,0,2.5136990007013083
6820,149125,1,0,2.5121259968727827
6821,149126,1,0,2.5014060083776712
6822,149127,1,1,2.5139290373772383
6823,149128,1,0,2.4852969800122082
6824,149129,1,0,2.587916038464755
6825,149130,1,0,2.5002239854075015
6826,149131,1,0,2.5085789966396987
6827,149132,1,0,2.629854017868638
6828,149133,1,0,2.5034599821083248
6829,149134,1,0,2.5070360279642045
6830,149135,1,1,2.499132009688765
6831,149136,1,0,2.5358000420965254
6832,149137,1,0,2.5044120266102254
6833,149138,1,0,2.5149110006168485
6834,149139,1,0,2.5001540197990835
6835,149140,1,0,2.5109139969572425
6836,149141,1,0,2.4975190171971917
6837,149142,1,1,2.506536024156958
6838,149143,1,0,2.512827981263399
6839,149144,1,0,2.511744969524443
6840,149145,1,0,2.4988309596665204
6841,149146,1,0,2.5122560327872634
6842,149147,1,0,2.519901026971638
6843,149148,1,0,2.5116250035353005
6844,149149,1,0,2.5181269738823175
6845,149150,1,1,2.5027289520949125
6846,149151,1,0,2.514491032343358
6847,149152,1,0,2.4992719991132617
6848,149153,1,0,2.5176260387524962
6849,149154,1,0,2.4938719579949975
6850,149155,1,0,2.59155296953395
6851,149156,1,0,2.5026079965755343
6852,149157,1,1,2.510102989617735
6853,149158,1,0,2.6404440286569297
6854,149159,1,0,2.501156006474048
6855,149160,1,0,2.500514965504408
6856,149161,1,0,2.4873600341379642
6857,149162,1,0,2.4979690206237137
6858,149163,1,0,2.4959659785963595
6859,149164,1,0,2.507888013496995
6860,149165,1,1,2.4948440259322524
6861,149166,1,0,2.5090500130318105
6862,149167,1,0,2.4995229905471206
6863,149168,1,0,2.5155419716611505
6864,149169,1,0,2.522344992030412
6865,149170,1,0,2.5077780010178685
6866,149171,1,0,2.5064049987122416
6867,149172,1,1,2.4851459893397987
6868,149173,1,0,2.5141100049950182
6869,149174,1,0,2.499071997590363
6870,149175,1,0,2.5155619950965047
6871,149176,1,0,2.502368006389588
6872,149177,1,0,2.520681999158114
6873,149178,1,0,2.499273046851158
6874,149179,1,0,2.5132879964075983
6875,149180,1,1,2.735820016823709
6876,149181,1,0,2.4926800397224724
6877,149182,1,0,2.5045619695447385
6878,149183,1,0,2.492468978744
6879,149184,1,0,2.5071469717659056
6880,149185,1,0,2.6136540109291673
6881,149186,1,0,2.5093310396187007
6882,149187,1,1,2.4981299648061395
6883,149188,1,0,2.502689021639526
6884,149189,1,0,2.50137597322464
6885,149190,1,0,2.4897250114008784
6886,149191,1,0,2.501946990378201
6887,149192,1,0,2.486768993549049
6888,149193,1,0,2.505864016711712
6889,149194,1,0,2.5013659615069628
6890,149195,1,1,2.5046520167961717
6891,149196,1,0,2.4949240032583475
6892,149197,1,0,2.5113350129686296
6893,149198,1,0,2.4945730110630393
6894,149199,1,0,2.509421028662473
6895,149200,1,0,2.4898539995774627
6896,149201,1,0,2.513899002224207
6897,149202,1,1,2.4917080299928784
6898,149203,1,0,2.509411016944796
6899,149204,1,0,2.49745900509879
6900,149205,1,0,2.4982200120575726
6901,149206,1,0,2.503880998119712
6902,149207,1,0,2.4986910284496844
6903,149208,1,0,2.501695998944342
6904,149209,1,1,2.4962370516732335
6905,149210,1,0,2.5077080354094505
6906,149211,1,0,2.6218490093015134
6907,149212,1,0,2.499451977200806
6908,149213,1,0,2.4854459916241467
6909,149214,1,0,2.495024004019797
6910,149215,1,0,2.490626007784158
6911,149216,1,0,2.5016969884745777
6912,149217,1,1,2.493551990482956
6913,149218,1,0,2.529278048314154
6914,149219,1,0,2.5097610196098685
6915,149220,1,0,2.5023979833349586
6916,149221,1,0,2.5105830281972885
6917,149222,1,0,2.4849160108715296
6918,149223,1,0,2.503680996596813
6919,149224,1,1,2.49153800541535
6920,149225,1,0,2.498901973012835
6921,149226,1,0,2.496166038326919
6922,149227,1,0,2.505483978893608
6923,149228,1,0,2.4937920388765633
6924,149229,1,0,2.5096809840761125
6925,149230,1,0,2.492018975317478
6926,149231,1,0,2.504792995750904
6927,149232,1,1,2.4968470097519457
6928,149233,1,0,2.523327013477683
6929,149234,1,0,2.490256039891392
6930,149235,1,0,2.518838969990611
6931,149236,1,0,2.508289006073028
6932,149237,1,0,2.497528970707208
6933,149238,1,0,2.632508985698223
6934,149239,1,1,2.4882410070858896
6935,149240,1,0,2.510613005142659
6936,149241,1,0,2.492949948646128
6937,149242,1,0,2.506926015485078
6938,149243,1,0,2.4958060239441693
6939,149244,1,0,2.5112139992415905
6940,149245,1,0,2.4941019946709275
6941,149246,1,0,2.5067160022445023
6942,149247,1,1,2.5076979654841125
6943,149248,1,0,2.5020369794219732
6944,149249,1,0,2.510402991902083
6945,149250,1,0,2.4859069962985814
6946,149251,1,0,2.5210820022039115
6947,149252,1,0,2.49411299591884
6948,149253,1,0,2.5058650062419474
6949,149254,1,1,2.4933309759944677
6950,149255,1,0,2.5540439528413117
6951,149256,1,0,2.4930709623731673
6952,149257,1,0,2.501076029147953
6953,149258,1,0,2.511113998480141
6954,149259,1,0,2.530610014218837
6955,149260,1,0,2.540407993365079
6956,149261,1,0,2.5030390243045986
6957,149262,1,1,2.501496986951679
6958,149263,1,0,2.488932979758829
6959,149264,1,0,2.6454729959368706
6960,149265,1,0,2.4941819719970226
6961,149266,1,0,2.4916980182752013
6962,149267,1,0,2.488302008714527
6963,149268,1,0,2.5046319933608174
6964,149269,1,1,2.4959970032796264
6965,149270,1,0,2.4998539593070745
6966,149271,1,0,2.5183879770338535
6967,149272,1,0,2.499862981494516
6968,149273,1,0,2.5067160022445023
6969,149274,1,0,2.4945230106823146
6970,149275,1,0,2.5094010052271187
6971,149276,1,1,2.500825037714094
6972,149277,1,0,2.51090299570933
6973,149278,1,0,2.5044020148925483
6974,149279,1,0,2.5192489847540855
6975,149280,1,0,2.5020879693329334
6976,149281,1,0,2.6083439588546753
6977,149282,1,0,2.5114850141108036
6978,149283,1,0,2.5087399990297854
6979,149284,1,1,2.5146310217678547
6980,149285,1,0,2.5052629644051194
6981,149286,1,0,2.513538987841457
6982,149287,1,0,2.5112450239248574
6983,149288,1,0,2.513448998797685
6984,149289,1,0,2.504461968783289
6985,149290,1,0,2.527063013985753
6986,149291,1,1,2.6533270138315856
6987,149292,1,0,2.4907970218919218
6988,149293,1,0,2.51440005376935
6989,149294,1,0,2.4963170289993286
6990,149295,1,0,2.5067460373975337
6991,149296,1,0,2.501076029147953
6992,149297,1,0,2.5181270320899785
6993,149298,1,0,2.5089800474233925
6994,149299,1,1,2.5385849876329303
6995,149300,1,0,2.5150320143438876
6996,149301,1,0,2.513829036615789
6997,149302,1,0,2.5209629675373435
6998,149303,1,0,2.5074569857679307
6999,149304,1,0,2.516212989576161
7000,149305,1,0,2.504040952771902
7001,149306,1,1,2.573169011157006
7002,149307,1,0,2.5054740253835917
7003,149308,1,0,2.510122023522854
7004,149309,1,0,2.503119991160929
7005,149310,1,0,2.5134289753623307
7006,149311,1,0,2.5037909508682787
7007,149312,1,0,2.513408020604402
7008,149313,1,0,2.511394035536796
7009,149314,1,1,2.5037709856405854
7010,149315,1,0,2.5118659832514822
7011,149316,1,0,2.4940120056271553
7012,149317,1,0,2.641304978169501
7013,149318,1,0,2.5015169521793723
7014,149319,1,0,2.5200910167768598
7015,149320,1,0,2.49627698212862
7016,149321,1,1,2.509922021999955
7017,149322,1,0,2.5045620277523994
7018,149323,1,0,2.514229970984161
7019,149324,1,0,2.505714015569538
7020,149325,1,0,2.5053939898498356
7021,149326,1,0,2.498371002729982
7022,149327,1,0,2.482220996171236
7023,149328,1,0,2.5051130214706063
7024,149329,1,1,2.495294960681349
7025,149330,1,0,2.5153019814752042
7026,149331,1,0,2.5008450029417872
7027,149332,1,0,2.5105829699896276
7028,149333,1,0,2.493029984179884
7029,149334,1,0,2.5095510063692927
7030,149335,1,0,2.5049829855561256
7031,149336,1,1,2.5053639546968043
7032,149337,1,0,2.505373035091907
7033,149338,1,0,2.515292027965188
7034,149339,1,0,2.5157430209219456
7035,149340,1,0,2.4990009842440486
7036,149341,1,0,2.510683028958738
7037,149342,1,0,2.4954950204119086
7038,149343,1,0,2.508639998268336
7039,149344,1,1,2.6238030404783785
7040,149345,1,0,2.511354978196323
7041,149346,1,0,2.5044819922186434
7042,149347,1,0,2.5145100080408156
7043,149348,1,0,2.5060949847102165
7044,149349,1,0,2.5089600239880383
7045,149350,1,0,2.516083011869341
7046,149351,1,1,2.5027390220202506
7047,149352,1,0,2.5059550534933805
7048,149353,1,0,2.497759007383138
7049,149354,1,0,2.5077780010178685
7050,149355,1,0,2.5001339963637292
7051,149356,1,0,2.558792009949684
7052,149357,1,0,2.5049829855561256
7053,149358,1,1,2.5049420073628426
7054,149359,1,0,2.5040620239451528
7055,149360,1,0,2.508048026356846
7056,149361,1,0,2.494562999345362
7057,149362,1,0,2.4996830034069717
7058,149363,1,0,2.5080290506593883
7059,149364,1,0,2.5130180292762816
7060,149365,1,0,2.510302991140634
7061,149366,1,1,2.486689016222954
7062,149367,1,0,2.500333997886628
7063,149368,1,0,2.4981400347314775
7064,149369,1,0,2.5143600068986416
7065,149370,1,0,2.6183430454693735
7066,149371,1,0,2.4998029693961143
7067,149372,1,0,2.4931910447776318
7068,149373,1,1,2.495915978215635
7069,149374,1,0,2.4815290234982967
7070,149375,1,0,2.5069559924304485
7071,149376,1,0,2.4972179671749473
7072,149377,1,0,2.480817958712578
7073,149378,1,0,2.5000430177897215
7074,149379,1,0,2.4788539740256965
7075,149380,1,0,2.4927600170485675
7076,149381,1,1,2.5324930320493877
7077,149382,1,0,2.500103961210698
7078,149383,1,0,2.4919789866544306
7079,149384,1,0,2.4971789680421352
7080,149385,1,0,2.488663012627512
7081,149386,1,0,2.510402991902083
7082,149387,1,0,2.4963769828900695
7083,149388,1,1,2.513899002224207
7084,149389,1,0,2.493952983058989
7085,149390,1,0,2.5122559745796025
7086,149391,1,0,2.500194008462131
7087,149392,1,0,2.5050920085050166
7088,149393,1,0,2.5120459613390267
7089,149394,1,0,2.508828998543322
7090,149395,1,0,2.5124269886873662
7091,149396,1,1,2.4912169901654124
7092,149397,1,0,2.624634013045579
7093,149398,1,0,2.509681973606348
7094,149399,1,0,2.511925995349884
7095,149400,1,0,2.498590969480574
7096,149401,1,0,2.4947840138338506
7097,149402,1,0,2.4977289722301066
7098,149403,1,1,2.5355590041726828
7099,149404,1,0,2.5735300150699914
7100,149405,1,0,2.490976999979466
7101,149406,1,0,2.505834971088916
7102,149407,1,0,2.4915779940783978
7103,149408,1,0,2.5138690252788365
7104,149409,1,0,2.5013560079969466
7105,149410,1,0,2.514180028811097
7106,149411,1,1,2.495876047760248
7107,149412,1,0,2.5121659855358303
7108,149413,1,0,2.496747998520732
7109,149414,1,0,2.505593001842499
7110,149415,1,0,2.5007849908433855
7111,149416,1,0,2.506124961655587
7112,149417,1,0,2.5077880127355456
7113,149418,1,1,2.5114549789577723
7114,149419,1,0,2.509501005988568
7115,149420,1,0,2.4918779963627458
7116,149421,1,0,2.5078279431909323
7117,149422,1,0,2.497277979273349
7118,149423,1,0,2.638460020534694
7119,149424,1,0,2.5073669967241585
7120,149425,1,1,2.50299897743389
7121,149426,1,0,2.489635022357106
7122,149427,1,0,2.498059009667486
7123,149428,1,0,2.4950139923021197
7124,149429,1,0,2.494322950951755
7125,149430,1,0,2.508078992832452
7126,149431,1,0,2.493221021723002
7127,149432,1,0,2.5004439521580935
7128,149433,1,1,2.481168950907886
7129,149434,1,0,2.5070859701372683
7130,149435,1,0,2.4989719968289137
7131,149436,1,0,2.514610008802265
7132,149437,1,0,2.4949139915406704
7133,149438,1,0,2.510062011424452
7134,149439,1,0,2.5010459939949214
7135,149440,1,1,2.5062959757633507
7136,149441,1,0,2.4951649829745293
7137,149442,1,0,2.5035099824890494
7138,149443,1,0,2.4903559824451804
7139,149444,1,0,2.512246952392161
7140,149445,1,0,2.5046420050784945
7141,149446,1,0,2.5022380286827683
7142,149447,1,0,2.5077780010178685
7143,149448,1,1,2.4891040520742536
7144,149449,1,0,2.516394015401602
7145,149450,1,0,2.6276999851688743
7146,149451,1,0,2.51090299570933
7147,149452,1,0,2.4942720192484558
7148,149453,1,0,2.500455011613667
7149,149454,1,0,2.4910169886425138
7150,149455,1,1,2.5033800047822297
7151,149456,1,0,2.4933209642767906
7152,149457,1,0,2.498880960047245
7153,149458,1,0,2.5061549968086183
7154,149459,1,0,2.501936978660524
7155,149460,1,0,2.506284974515438
7156,149461,1,0,2.48788099270314
7157,149462,1,0,2.506385964807123
7158,149463,1,1,2.4920989526435733
7159,149464,1,0,2.512626990210265
7160,149465,1,0,2.5029589887708426
7161,149466,1,0,2.511103986762464
7162,149467,1,0,2.502418006770313
7163,149468,1,0,2.5104130036197603
7164,149469,1,0,2.4933620006777346
7165,149470,1,1,2.5096110184676945
7166,149471,1,0,2.49768904177472
7167,149472,1,0,2.5044219801202416
7168,149473,1,0,2.505874028429389
7169,149474,1,0,2.4995929561555386
7170,149475,1,0,2.5134889874607325
7171,149476,1,0,2.612902957480401
7172,149477,1,0,2.5073770084418356
7173,149478,1,1,2.481197996530682
7174,149479,1,0,2.505765005480498
7175,149480,1,0,2.499553025700152
7176,149481,1,0,2.512397011741996
7177,149482,1,0,2.550367033109069
7178,149483,1,0,2.5058240280486643
7179,149484,1,0,2.5100119528360665
7180,149485,1,1,2.498109999578446
7181,149486,1,0,2.5044410140253603
7182,149487,1,0,2.4955359986051917
7183,149488,1,0,2.503961033653468
7184,149489,1,0,2.498731017112732
7185,149490,1,0,2.5165450060740113
7186,149491,1,0,2.497287990991026
7187,149492,1,1,2.5093709700740874
7188,149493,1,0,2.492950006853789
7189,149494,1,0,2.506246033590287
7190,149495,1,0,2.493981970474124
7191,149496,1,0,2.5045520160347223
7192,149497,1,0,2.503709984011948
7193,149498,1,0,2.50345905078575
7194,149499,1,0,2.5158629869110882
7195,149500,1,1,2.5072969729080796
7196,149501,1,0,2.51453003147617
7197,149502,1,0,2.5068859686143696
7198,149503,1,0,2.641164988745004
7199,149504,1,0,2.5050429976545274
7200,149505,1,0,2.512497012503445
7201,149506,1,0,2.4984200135804713
7202,149507,1,1,2.6042269892059267
7203,149508,1,0,2.514950989279896
7204,149509,1,0,2.507636963855475
7205,149510,1,0,2.522504946682602
7206,149511,1,0,2.505793992895633
7207,149512,1,0,2.5177960051223636
7208,149513,1,0,2.505714015569538
7209,149514,1,0,2.5057640159502625
7210,149515,1,1,2.4995519779622555
7211,149516,1,0,2.5126069667749107
7212,149517,1,0,2.5172759778797626
7213,149518,1,0,2.506925957277417
7214,149519,1,0,2.5105930399149656
7215,149520,1,0,2.496416971553117
7216,149521,1,0,2.5072870193980634
7217,149522,1,1,2.4975090054795146
7218,149523,1,0,2.5099829654209316
7219,149524,1,0,2.503139025066048
7220,149525,1,0,2.5116350152529776
7221,149526,1,0,2.495936001650989
7222,149527,1,0,2.5128679699264467
7223,149528,1,0,2.502768998965621
7224,149529,1,0,2.6376990135759115
7225,149530,1,1,2.520962036214769
7226,149531,1,0,2.501045004464686
7227,149532,1,0,2.5441350298933685
7228,149533,1,0,2.493050997145474
7229,149534,1,0,2.5028790114447474
7230,149535,1,0,2.496357017662376
7231,149536,1,0,2.5149710127152503
7232,149537,1,1,2.4947840138338506
7233,149538,1,0,2.504312025848776
7234,149539,1,0,2.5007049553096294
7235,149540,1,0,2.5140190264210105
7236,149541,1,0,2.517926972359419
7237,149542,1,0,2.5059549952857196
7238,149543,1,0,2.5041410117410123
7239,149544,1,0,2.4867390166036785
7240,149545,1,1,2.5093709700740874
7241,149546,1,0,2.4970080121420324
7242,149547,1,0,2.505433978512883
7243,149548,1,0,2.5018169544637203
7244,149549,1,0,2.504752017557621
7245,149550,1,0,2.5009349919855595
7246,149551,1,0,2.510173013433814
7247,149552,1,1,2.497137989848852
7248,149553,1,0,2.504111034795642
7249,149554,1,0,2.4967879871837795
7250,149555,1,0,2.5076069869101048
7251,149556,1,0,2.62278103036806
7252,149557,1,0,2.4976389831863344
7253,149558,1,0,2.5630700401961803
7254,149559,1,0,2.5045820511877537
7255,149560,1,1,2.5077270111069083
7256,149561,1,0,2.4892830406315625
7257,149562,1,0,2.505863958504051
7258,149563,1,0,2.4962369934655726
7259,149564,1,0,2.5045020156539977
7260,149565,1,0,2.4991219979710877
7261,149566,1,0,2.5101520004682243
7262,149567,1,1,2.510302991140634
7263,149568,1,0,2.4995129788294435
7264,149569,1,0,2.5054930010810494
7265,149570,1,0,2.493130974471569
7266,149571,1,0,2.5120560312643647
7267,149572,1,0,2.504821983166039
7268,149573,1,0,2.518888039048761
7269,149574,1,1,2.503790019545704
7270,149575,1,0,2.520390960853547
7271,149576,1,0,2.5095819728448987
7272,149577,1,0,2.512277045752853
7273,149578,1,0,2.499772992450744
7274,149579,1,0,2.5033099809661508
7275,149580,1,0,2.5014060083776712
7276,149581,1,0,2.5015060091391206
7277,149582,1,1,2.628471003845334
7278,149583,1,0,2.5507170357741416
7279,149584,1,0,2.5054829893633723
7280,149585,1,0,2.4948539794422686
7281,149586,1,0,2.4959759903140366
7282,149587,1,0,2.50083499122411
7283,149588,1,0,2.5078580365516245
7284,149589,1,1,2.4923200253397226
7285,149590,1,0,2.498410001862794
7286,149591,1,0,2.5037109735421836
7287,149592,1,0,2.5043319910764694
7288,149593,1,0,2.503079012967646
7289,149594,1,0,2.4946939665824175
7290,149595,1,0,2.5013660197146237
7291,149596,1,0,2.498601039405912
7292,149597,1,1,2.5051330449059606
7293,149598,1,0,2.4953849497251213
7294,149599,1,0,2.501125039998442
7295,149600,1,0,2.4904650053940713
7296,149601,1,0,2.500072994735092
7297,149602,1,0,2.4874709779396653
7298,149603,1,0,2.5019770255312324
7299,149604,1,1,2.4979999870993197
7300,149605,1,0,2.5044319918379188
7301,149606,1,0,2.501867013052106
7302,149607,1,0,2.5094710290431976
7303,149608,1,0,2.5453779962845147
7304,149609,1,0,2.6194549864158034
7305,149610,1,0,2.512866980396211
7306,149611,1,0,2.505354001186788
7307,149612,1,1,2.5122460210695863
7308,149613,1,0,2.4982800241559744
7309,149614,1,0,2.5073569850064814
7310,149615,1,0,2.5103120133280754
7311,149616,1,0,2.499243011698127
7312,149617,1,0,2.5063849752768874
7313,149618,1,0,2.491377992555499
7314,149619,1,1,2.5046319933608174
7315,149620,1,0,2.4878009571693838
7316,149621,1,0,2.499843016266823
7317,149622,1,0,2.4936419795267284
7318,149623,1,0,2.5155830080620944
7319,149624,1,0,2.498821006156504
7320,149625,1,0,2.50498199602589
7321,149626,1,0,2.4910260108299553
7322,149627,1,1,2.5135689647868276
7323,149628,1,0,2.4992719991132617
7324,149629,1,0,2.5088100228458643
7325,149630,1,0,2.489493985194713
7326,149631,1,0,2.510062011424452
7327,149632,1,0,2.502007002476603
7328,149633,1,0,2.600850013550371
7329,149634,1,1,2.507177006918937
7330,149635,1,0,2.6078939554281533
7331,149636,1,0,2.5092409923672676
7332,149637,1,0,2.487009041942656
7333,149638,1,0,2.4983809562399983
7334,149639,1,0,2.4869589833542705
7335,149640,1,0,2.502759045455605
7336,149641,1,1,2.4868090404197574
7337,149642,1,0,2.511024009436369
7338,149643,1,0,2.4993520346470177
7339,149644,1,0,2.510613005142659
7340,149645,1,0,2.501496986951679
7341,149646,1,0,2.491807972546667
7342,149647,1,0,2.509490994270891
7343,149648,1,0,2.4982609902508557
7344,149649,1,1,2.5012560072354972
7345,149650,1,0,2.491618040949106
7346,149651,1,0,2.519037981983274
7347,149652,1,0,2.4996630381792784
7348,149653,1,0,2.5084289954975247
7349,149654,1,0,2.4916279944591224
7350,149655,1,0,2.5057740276679397
7351,149656,1,1,2.4933210224844515
7352,149657,1,0,2.5111439754255116
7353,149658,1,0,2.497058012522757
7354,149659,1,0,2.513187995646149
7355,149660,1,0,2.5049920077435672
7356,149661,1,0,2.5029390235431492
7357,149662,1,0,2.6277410215698183
7358,149663,1,0,2.4967179633677006
7359,149664,1,1,2.5142389931716025
7360,149665,1,0,2.5000240420922637
7361,149666,1,0,2.4983800249174237
7362,149667,1,0,2.4940429721027613
7363,149668,1,0,2.5125970132648945
7364,149669,1,0,2.488171972800046
7365,149670,1,0,2.5051230331882834
7366,149671,1,1,2.501796989236027
7367,149672,1,0,2.510842983610928
7368,149673,1,0,2.5081380154006183
7369,149674,1,0,2.495846012607217
7370,149675,1,0,2.5129769928753376
7371,149676,1,0,2.48237099731341
7372,149677,1,0,2.5106630055233836
7373,149678,1,0,2.5014159618876874
7374,149679,1,1,2.5148410350084305
7375,149680,1,0,2.499974041711539
7376,149681,1,0,2.510522957891226
7377,149682,1,0,2.4922590237110853
7378,149683,1,0,2.5079589686356485
7379,149684,1,0,2.545707975514233
7380,149685,1,0,2.507547033019364
7381,149686,1,1,2.5066660018637776
7382,149687,1,0,2.499862981494516
7383,149688,1,0,2.6304959901608527
7384,149689,1,0,2.4947639903984964
7385,149690,1,0,2.504742005839944
7386,149691,1,0,2.4996729916892946
7387,149692,1,0,2.506905992049724
7388,149693,1,0,2.4974889820441604
7389,149694,1,1,2.500173985026777
7390,149695,1,0,2.5049920077435672
7391,149696,1,0,2.506766002625227
7392,149697,1,0,2.4996030260808766
7393,149698,1,0,2.5001740432344377
7394,149699,1,0,2.521163027267903
7395,149700,1,0,2.4981300230138004
7396,149701,1,1,2.5089499540627003
7397,149702,1,0,2.5076980236917734
7398,149703,1,0,2.513118030037731
7399,149704,1,0,2.5008850498124957
7400,149705,1,0,2.5144999963231385
7401,149706,1,0,2.496305969543755
7402,149707,1,0,2.5035800063051283
7403,149708,1,1,2.4977090070024133
7404,149709,1,0,2.51213600859046
7405,149710,1,0,2.4983800249174237
7406,149711,1,0,2.518717956263572
7407,149712,1,0,2.5077370228245854
7408,149713,1,0,2.502147981431335
7409,149714,1,0,2.5125170359387994
7410,149715,1,0,2.627941023092717
7411,149716,1,1,2.5113450246863067
7412,149717,1,0,2.497238980140537
7413,149718,1,0,2.502086979802698
7414,149719,1,0,2.4929310311563313
7415,149720,1,0,2.507566998247057
7416,149721,1,0,2.4975090054795146
7417,149722,1,0,2.5104020023718476
7418,149723,1,1,2.5076079764403403
7419,149724,1,0,2.499623049516231
7420,149725,1,0,2.505654003471136
7421,149726,1,0,2.491677994839847
7422,149727,1,0,2.5123069644905627
7423,149728,1,0,2.4961960152722895
7424,149729,1,0,2.509351004846394
7425,149730,1,0,2.5012349942699075
7426,149731,1,1,2.5281860143877566
7427,149732,1,0,2.502577961422503
7428,149733,1,0,2.519801026210189
7429,149734,1,0,2.672964008525014
7430,149735,1,0,2.5011649704538286
7431,149736,1,0,2.508218982256949
7432,149737,1,0,2.495435008313507
7433,149738,1,1,2.5087890098802745
7434,149739,1,0,2.5013560079969466
7435,149740,1,0,2.5227259611710906
7436,149741,1,0,2.639011014252901
7437,149742,1,0,2.522275026421994
7438,149743,1,0,2.518929017242044
7439,149744,1,0,2.5055239675566554
7440,149745,1,0,2.515483007300645
7441,149746,1,1,2.499973983503878
7442,149747,1,0,2.519540023058653
7443,149748,1,0,2.5044410140253603
7444,149749,1,0,2.5100120110437274
7445,149750,1,0,2.503811032511294
7446,149751,1,0,2.517396002076566
7447,149752,1,0,2.503540017642081
7448,149753,1,1,2.5020780158229172
7449,149754,1,0,2.514449995942414
7450,149755,1,0,2.5007249787449837
7451,149756,1,0,2.5062549975700676
7452,149757,1,0,2.4945539771579206
7453,149758,1,0,2.506024029571563
7454,149759,1,0,2.505654003471136
7455,149760,1,0,2.5131679722107947
7456,149761,1,1,2.5022479821927845
7457,149762,1,0,2.505153010133654
7458,149763,1,0,2.4959160364232957
7459,149764,1,0,2.506956981960684
7460,149765,1,0,2.4977389839477837
7461,149766,1,0,2.5048429961316288
7462,149767,1,0,2.5116350152529776
7463,149768,1,1,2.6212180382572114
7464,149769,1,0,2.5096210301853716
7465,149770,1,0,2.498159999959171
7466,149771,1,0,2.518929017242044
7467,149772,1,0,2.498581015970558
7468,149773,1,0,2.5092900032177567
7469,149774,1,0,2.503980998881161
7470,149775,1,0,2.529098012018949
7471,149776,1,1,2.504461968783289
7472,149777,1,0,2.5113439769484103
7473,149778,1,0,2.499552967492491
7474,149779,1,0,2.4977599969133735
7475,149780,1,0,2.5140400393866003
7476,149781,1,0,2.4991919635795057
7477,149782,1,0,2.50878999941051
7478,149783,1,1,2.5007150252349675
7479,149784,1,0,2.560015011113137
7480,149785,1,0,2.504531992599368
7481,149786,1,0,2.5060740299522877
7482,149787,1,0,2.5071270065382123
7483,149788,1,0,2.5146109983325005
7484,149789,1,0,2.495435008313507
7485,149790,1,1,2.498190035112202
7486,149791,1,0,2.5062349741347134
7487,149792,1,0,2.507678000256419
7488,149793,1,0,2.507627010345459
7489,149794,1,0,2.622450003400445
7490,149795,1,0,2.511925995349884
7491,149796,1,0,2.502779010683298
7492,149797,1,0,2.571455028373748
7493,149798,1,1,2.5157429627142847
7494,149799,1,0,2.5113040464930236
7495,149800,1,0,2.503320050891489
7496,149801,1,0,2.5004749768413603
7497,149802,1,0,2.4955649860203266
7498,149803,1,0,2.4955549743026495
7499,149804,1,0,2.50436196802184
7500,149805,1,1,2.494623011443764
7501,149806,1,0,2.5112340226769447
7502,149807,1,0,2.496347005944699
7503,149808,1,0,2.5062350323423743
7504,149809,1,0,2.491988008841872
7505,149810,1,0,2.503059047739953
7506,149811,1,0,2.492008963599801
7507,149812,1,0,2.5227359728887677
7508,149813,1,1,2.4931709631346166
7509,149814,1,0,2.5008049560710788
7510,149815,1,0,2.4954249965958297
7511,149816,1,0,2.5134379975497723
7512,149817,1,0,2.4995830026455224
7513,149818,1,0,2.505654003471136
7514,149819,1,0,2.5135489995591342
7515,149820,1,1,2.4937120033428073
7516,149821,1,0,2.6382789947092533
7517,149822,1,0,2.4938220158219337
7518,149823,1,0,2.500664966646582
7519,149824,1,0,2.503490017261356
7520,149825,1,0,2.5001339963637292
7521,149826,1,0,2.4888429907150567
7522,149827,1,0,2.5069370167329907
7523,149828,1,1,2.5098920450545847
7524,149829,1,0,2.493482024874538
7525,149830,1,0,2.5033800047822297
7526,149831,1,0,2.507225959561765
7527,149832,1,0,2.5146810221485794
7528,149833,1,0,2.491738006938249
7529,149834,1,0,2.509911952074617
7530,149835,1,1,2.5463789934292436
7531,149836,1,0,2.540338027756661
7532,149837,1,0,2.4979999870993197
7533,149838,1,0,2.517717017326504
7534,149839,1,0,2.500465023331344
7535,149840,1,0,2.5081890053115785
7536,149841,1,0,2.508940000552684
7537,149842,1,0,2.4978690198622644
7538,149843,1,1,2.5083789951168
7539,149844,1,0,2.4889929918572307
7540,149845,1,0,2.502357994671911
7541,149846,1,0,2.503269992303103
7542,149847,1,0,2.6335210422985256
7543,149848,1,0,2.501235983800143
7544,149849,1,0,2.5123159866780043
7545,149850,1,1,2.5011260295286775
7546,149851,1,0,2.5078679900616407
7547,149852,1,0,2.522445982322097
7548,149853,1,0,2.501456008758396
7549,149854,1,0,2.513337996788323
7550,149855,1,0,2.4885719758458436
7551,149856,1,0,2.508950012270361
7552,149857,1,1,2.4989810190163553
7553,149858,1,0,2.50850897282362
7554,149859,1,0,2.5013259728439152
7555,149860,1,0,2.5006950017996132
7556,149861,1,0,2.4988410295918584
7557,149862,1,0,2.5098620099015534
7558,149863,1,0,2.4986909702420235
7559,149864,1,0,2.5090400013141334
7560,149865,1,1,2.4978190194815397
7561,149866,1,0,2.505744982045144
7562,149867,1,0,2.510923019144684
7563,149868,1,0,2.5005839997902513
7564,149869,1,0,2.5082090287469327
7565,149870,1,0,2.48705898411572
7566,149871,1,0,2.507608034648001
7567,149872,1,1,2.511295024305582
7568,149873,1,0,2.509270969312638
7569,149874,1,0,2.613563963677734
7570,149875,1,0,2.5107040419243276
7571,149876,1,0,2.5004849885590374
7572,149877,1,0,2.5048519601114094
7573,149878,1,0,2.5012249825522304
7574,149879,1,0,2.4981200112961233
7575,149880,1,1,2.4987509823404253
7576,149881,1,0,2.493089996278286
7577,149882,1,0,2.5085789966396987
7578,149883,1,0,2.503800962585956
7579,149884,1,0,2.51118402229622
7580,149885,1,0,2.5826270575635135
7581,149886,1,0,2.5002440088428557
7582,149887,1,1,2.498821006156504
7583,149888,1,0,2.5082590291276574
7584,149889,1,0,2.500815025996417
7585,149890,1,0,2.514460007660091
7586,149891,1,0,2.50915001379326
7587,149892,1,0,2.507658035028726
7588,149893,1,0,2.5076179881580174
7589,149894,1,0,2.4963669711723924
7590,149895,1,1,2.5108129484578967
7591,149896,1,0,2.494312997441739
7592,149897,1,0,2.5048129609785974
7593,149898,1,0,2.5012859841808677
7594,149899,1,0,2.508929988835007
7595,149900,1,0,2.625936991535127
7596,149901,1,0,2.5084289954975247
7597,149902,1,1,2.4943730095401406
7598,149903,1,0,2.5037809973582625
7599,149904,1,0,2.5164749822579324
7600,149905,1,0,2.4929409846663475
7601,149906,1,0,2.5094010052271187
7602,149907,1,0,2.5036410079337656
7603,149908,1,0,2.507367986254394
7604,149909,1,0,2.498239977285266
7605,149910,1,1,2.5564779643900692
7606,149911,1,0,2.49130796873942
7607,149912,1,0,2.509030979126692
7608,149913,1,0,2.488752012141049
7609,149914,1,0,2.5047819945029914
7610,149915,1,0,2.4973779800347984
7611,149916,1,0,2.5107740075327456
7612,149917,1,1,2.5040109758265316
7613,149918,1,0,2.5093209696933627
7614,149919,1,0,2.508719975594431
7615,149920,1,0,2.4928710190579295
7616,149921,1,0,2.5096320314332843
7617,149922,1,0,2.501946990378201
7618,149923,1,0,2.516133012250066
7619,149924,1,0,2.4986709468066692
7620,149925,1,1,2.5061750202439725
