ID,Model,ModelParameters,TransformationParameters,TransformationRuntime,FitRuntime,PredictRuntime,TotalRuntime,Ensemble,Exceptions,Runs,Generation,ValidationRound,ValidationStartDate,smape,mae,rmse,made,mage,mate,matse,underestimate,mle,overestimate,imle,spl,containment,contour,maxe,oda,dwae,mqae,ewmae,uwmse,smoothness,wasserstein,dwd,custom,smape_weighted,mae_weighted,rmse_weighted,made_weighted,mage_weighted,mate_weighted,matse_weighted,underestimate_weighted,mle_weighted,overestimate_weighted,imle_weighted,spl_weighted,containment_weighted,contour_weighted,maxe_weighted,oda_weighted,dwae_weighted,mqae_weighted,ewmae_weighted,uwmse_weighted,smoothness_weighted,wasserstein_weighted,dwd_weighted,custom_weighted,TotalRuntimeSeconds,Score
ae4ecf991c6ae1ea6d0a1bc472fb875b,WindowRegression,"{""window_size"": 10, ""input_dim"": ""univariate"", ""output_dim"": ""forecast_length"", ""normalize_window"": false, ""max_windows"": 200000, ""fourier_encoding_components"": null, ""scale"": false, ""datepart_method"": null, ""regression_type"": ""User"", ""regression_model"": {""model"": ""xgboost"", ""model_params"": {""booster"": ""gbtree"", ""objective"": ""reg:squarederror"", ""max_depth"": 6, ""eta"": 0.03, ""min_child_weight"": 1, ""subsample"": 0.5, ""colsample_bylevel"": 0.5, ""reg_alpha"": 0.001, ""reg_lambda"": 1, ""tree_method"": ""hist"", ""device"": ""cuda""}}}","{""fillna"": null, ""transformations"": {}, ""transformation_params"": {}}",0 days 00:00:00.000188,0 days 00:00:00.181592,0 days 00:00:00.179715,0 days 00:00:00.399959,0,,1,0,0,2023-10-12 20:48:00,0.03141800599919646,8.401560144756843,11.293251310779885,0.6736038176992689,8.401560144756843,18.878211840867152,1.1031277763006294e-05,-278.28903055265255,5.252621589898583,259.4108187117854,5.041368373022706,3.3260916317749993,1.0,0.546875,30.52412732836092,1.0,1.1982753272409918,5.814151199201525,33.35503135116069,12.22453686050246,2.6594894958608344,0.5881282624253954,0.37680557713177787,0.0,0.03141800599919646,8.401560144756843,11.293251310779885,0.6736038176992689,8.401560144756843,18.878211840867152,1.1031277763006294e-05,-278.28903055265255,5.252621589898583,259.4108187117854,5.041368373022706,3.3260916317749993,1.0,0.546875,30.52412732836092,1.0,1.1982753272409918,5.814151199201525,33.35503135116069,12.22453686050246,2.6594894958608344,0.5881282624253954,0.37680557713177787,0.0,0.4,1.0
85c106fa086e4a88e18a9f5327d0f2cf,WindowRegression,"{""window_size"": 10, ""input_dim"": ""univariate"", ""output_dim"": ""forecast_length"", ""normalize_window"": false, ""max_windows"": 200000, ""fourier_encoding_components"": null, ""scale"": false, ""datepart_method"": null, ""regression_type"": ""User"", ""regression_model"": {""model"": ""xgboost"", ""model_params"": {""booster"": ""gbtree"", ""objective"": ""reg:squarederror"", ""max_depth"": 6, ""eta"": 0.03, ""min_child_weight"": 1, ""subsample"": 0.5, ""colsample_bylevel"": 0.5, ""reg_alpha"": 0.001, ""reg_lambda"": 1, ""tree_method"": ""hist"", ""device"": ""cuda""}}}","{""fillna"": ""ffill_mean_biased"", ""transformations"": {""0"": null}, ""transformation_params"": {""0"": {}}}",0 days 00:00:00.000194,0 days 00:00:00.148868,0 days 00:00:00.179701,0 days 00:00:00.367621,0,,1,1,0,2023-10-12 20:48:00,0.03141800599919646,8.401560144756843,11.293251310779885,0.6736038176992689,8.401560144756843,18.878211840867152,1.1031277763006294e-05,-278.28903055265255,5.252621589898583,259.4108187117854,5.041368373022706,3.3260916317749993,1.0,0.546875,30.52412732836092,1.0,1.1982753272409918,5.814151199201525,33.35503135116069,12.22453686050246,2.6594894958608344,0.5881282624253954,0.37680557713177787,0.0,0.03141800599919646,8.401560144756843,11.293251310779885,0.6736038176992689,8.401560144756843,18.878211840867152,1.1031277763006294e-05,-278.28903055265255,5.252621589898583,259.4108187117854,5.041368373022706,3.3260916317749993,1.0,0.546875,30.52412732836092,1.0,1.1982753272409918,5.814151199201525,33.35503135116069,12.22453686050246,2.6594894958608344,0.5881282624253954,0.37680557713177787,0.0,0.3676,1.0
eb6002a374a9873249010f0d4a07c486,WindowRegression,"{""window_size"": 10, ""input_dim"": ""univariate"", ""output_dim"": ""forecast_length"", ""normalize_window"": false, ""max_windows"": 200000, ""fourier_encoding_components"": null, ""scale"": false, ""datepart_method"": null, ""regression_type"": ""User"", ""regression_model"": {""model"": ""xgboost"", ""model_params"": {""booster"": ""gbtree"", ""objective"": ""reg:squarederror"", ""max_depth"": 6, ""eta"": 0.03, ""min_child_weight"": 1, ""subsample"": 0.5, ""colsample_bylevel"": 0.5, ""reg_alpha"": 0.001, ""reg_lambda"": 1, ""tree_method"": ""hist"", ""device"": ""cuda""}}}","{""fillna"": ""ffill"", ""transformations"": {""0"": null}, ""transformation_params"": {""0"": {}}}",0 days 00:00:00.000191,0 days 00:00:00.148573,0 days 00:00:00.179854,0 days 00:00:00.367552,0,,1,2,0,2023-10-12 20:48:00,0.03141800599919646,8.401560144756843,11.293251310779885,0.6736038176992689,8.401560144756843,18.878211840867152,1.1031277763006294e-05,-278.28903055265255,5.252621589898583,259.4108187117854,5.041368373022706,3.3260916317749993,1.0,0.546875,30.52412732836092,1.0,1.1982753272409918,5.814151199201525,33.35503135116069,12.22453686050246,2.6594894958608344,0.5881282624253954,0.37680557713177787,0.0,0.03141800599919646,8.401560144756843,11.293251310779885,0.6736038176992689,8.401560144756843,18.878211840867152,1.1031277763006294e-05,-278.28903055265255,5.252621589898583,259.4108187117854,5.041368373022706,3.3260916317749993,1.0,0.546875,30.52412732836092,1.0,1.1982753272409918,5.814151199201525,33.35503135116069,12.22453686050246,2.6594894958608344,0.5881282624253954,0.37680557713177787,0.0,0.3676,1.0
e5ae2de7371edf27a15eeb18d98c909a,WindowRegression,"{""window_size"": 2, ""input_dim"": ""univariate"", ""output_dim"": ""forecast_length"", ""normalize_window"": false, ""max_windows"": 200000, ""fourier_encoding_components"": null, ""scale"": false, ""datepart_method"": null, ""regression_type"": ""User"", ""regression_model"": {""model"": ""xgboost"", ""model_params"": {""booster"": ""gbtree"", ""objective"": ""reg:squarederror"", ""max_depth"": 6, ""eta"": 0.01, ""min_child_weight"": 2, ""subsample"": 1, ""colsample_bylevel"": 1, ""reg_alpha"": 0, ""reg_lambda"": 1, ""n_estimators"": 100, ""tree_method"": ""hist"", ""device"": ""cuda""}}}","{""fillna"": null, ""transformations"": {}, ""transformation_params"": {}}",0 days 00:00:00.000186,0 days 00:00:00.135955,0 days 00:00:00.288771,0 days 00:00:00.464295,0,,1,0,0,2023-10-12 20:48:00,0.03164309328511463,8.461673909270985,11.311942137215256,0.6825249565532805,8.461673909270985,27.253455246369413,1.5925260154859695e-05,-284.4002927198562,5.345319411667792,257.1468374734868,5.025631744403846,3.3260916317749993,1.0,0.53125,30.939292961193132,1.0,1.1995759235208192,5.86833470741503,33.78035622303457,11.979393433330342,2.6662690734829786,0.6085378281824044,0.3346181662405632,0.0,0.03164309328511463,8.461673909270985,11.311942137215256,0.6825249565532805,8.461673909270985,27.253455246369413,1.5925260154859695e-05,-284.4002927198562,5.345319411667792,257.1468374734868,5.025631744403846,3.3260916317749993,1.0,0.53125,30.939292961193132,1.0,1.1995759235208192,5.86833470741503,33.78035622303457,11.979393433330342,2.6662690734829786,0.6085378281824044,0.3346181662405632,0.0,0.4643,1.001655043877181
e6ea9313aa95ef4c63e4ec8ea0503d95,WindowRegression,"{""window_size"": 2, ""input_dim"": ""univariate"", ""output_dim"": ""forecast_length"", ""normalize_window"": false, ""max_windows"": 200000, ""fourier_encoding_components"": null, ""scale"": false, ""datepart_method"": null, ""regression_type"": ""User"", ""regression_model"": {""model"": ""xgboost"", ""model_params"": {""booster"": ""gbtree"", ""objective"": ""reg:squarederror"", ""max_depth"": 6, ""eta"": 0.01, ""min_child_weight"": 2, ""subsample"": 1, ""colsample_bylevel"": 1, ""reg_alpha"": 0, ""reg_lambda"": 1, ""n_estimators"": 100, ""tree_method"": ""hist"", ""device"": ""cuda""}}}","{""fillna"": null, ""transformations"": {""0"": null}, ""transformation_params"": {""0"": {}}}",0 days 00:00:00.000193,0 days 00:00:00.136044,0 days 00:00:00.179073,0 days 00:00:00.354243,0,,1,1,0,2023-10-12 20:48:00,0.03164309328511463,8.461673909270985,11.311942137215256,0.6825249565532805,8.461673909270985,27.253455246369413,1.5925260154859695e-05,-284.4002927198562,5.345319411667792,257.1468374734868,5.025631744403846,3.3260916317749993,1.0,0.53125,30.939292961193132,1.0,1.1995759235208192,5.86833470741503,33.78035622303457,11.979393433330342,2.6662690734829786,0.6085378281824044,0.3346181662405632,0.0,0.03164309328511463,8.461673909270985,11.311942137215256,0.6825249565532805,8.461673909270985,27.253455246369413,1.5925260154859695e-05,-284.4002927198562,5.345319411667792,257.1468374734868,5.025631744403846,3.3260916317749993,1.0,0.53125,30.939292961193132,1.0,1.1995759235208192,5.86833470741503,33.78035622303457,11.979393433330342,2.6662690734829786,0.6085378281824044,0.3346181662405632,0.0,0.3542,1.001655043877181
35fab7d1177be588676fef579812adba,WindowRegression,"{""window_size"": 2, ""input_dim"": ""univariate"", ""output_dim"": ""forecast_length"", ""normalize_window"": false, ""max_windows"": 200000, ""fourier_encoding_components"": null, ""scale"": false, ""datepart_method"": null, ""regression_type"": ""User"", ""regression_model"": {""model"": ""xgboost"", ""model_params"": {""booster"": ""gbtree"", ""objective"": ""reg:squarederror"", ""max_depth"": 6, ""eta"": 0.01, ""min_child_weight"": 2, ""subsample"": 1, ""colsample_bylevel"": 1, ""reg_alpha"": 0, ""reg_lambda"": 1, ""n_estimators"": 100, ""tree_method"": ""hist"", ""device"": ""cuda""}}}","{""fillna"": ""ffill_mean_biased"", ""transformations"": {""0"": null}, ""transformation_params"": {""0"": {}}}",0 days 00:00:00.000188,0 days 00:00:00.136229,0 days 00:00:00.180969,0 days 00:00:00.357381,0,,1,3,0,2023-10-12 20:48:00,0.03164309328511463,8.461673909270985,11.311942137215256,0.6825249565532805,8.461673909270985,27.253455246369413,1.5925260154859695e-05,-284.4002927198562,5.345319411667792,257.1468374734868,5.025631744403846,3.3260916317749993,1.0,0.53125,30.939292961193132,1.0,1.1995759235208192,5.86833470741503,33.78035622303457,11.979393433330342,2.6662690734829786,0.6085378281824044,0.3346181662405632,0.0,0.03164309328511463,8.461673909270985,11.311942137215256,0.6825249565532805,8.461673909270985,27.253455246369413,1.5925260154859695e-05,-284.4002927198562,5.345319411667792,257.1468374734868,5.025631744403846,3.3260916317749993,1.0,0.53125,30.939292961193132,1.0,1.1995759235208192,5.86833470741503,33.78035622303457,11.979393433330342,2.6662690734829786,0.6085378281824044,0.3346181662405632,0.0,0.3574,1.001655043877181
68534460ae3142fd0ce1c990ff255fd2,WindowRegression,"{""window_size"": 10, ""input_dim"": ""univariate"", ""output_dim"": ""forecast_length"", ""normalize_window"": false, ""max_windows"": 200000, ""fourier_encoding_components"": null, ""scale"": false, ""datepart_method"": null, ""regression_type"": ""User"", ""regression_model"": {""model"": ""xgboost"", ""model_params"": {""booster"": ""gbtree"", ""objective"": ""reg:squarederror"", ""max_depth"": 6, ""eta"": 0.01, ""min_child_weight"": 1, ""subsample"": 1, ""colsample_bylevel"": 0.7, ""reg_alpha"": 0, ""reg_lambda"": 0.11, ""tree_method"": ""hist"", ""device"": ""cuda""}}}","{""fillna"": ""ffill"", ""transformations"": {""0"": null}, ""transformation_params"": {""0"": {}}}",0 days 00:00:00.000194,0 days 00:00:00.151734,0 days 00:00:00.290474,0 days 00:00:00.481649,0,,1,3,0,2023-10-12 20:48:00,0.03171380448079851,8.480650750551149,11.318689501033436,0.6721300425110154,8.480650750551149,23.821132691831735,1.391961980128703e-05,-283.29139036355264,5.342448981704254,259.4702576717209,5.053494225279419,3.3260916317749993,1.0,0.515625,31.330402482381032,1.0,1.1999862057875215,5.911179450421211,34.33587203547593,11.980613409253031,2.6438210909522106,0.536178462935709,0.5907626361408421,0.0,0.03171380448079851,8.480650750551149,11.318689501033436,0.6721300425110154,8.480650750551149,23.821132691831735,1.391961980128703e-05,-283.29139036355264,5.342448981704254,259.4702576717209,5.053494225279419,3.3260916317749993,1.0,0.515625,31.330402482381032,1.0,1.1999862057875215,5.911179450421211,34.33587203547593,11.980613409253031,2.6438210909522106,0.536178462935709,0.5907626361408421,0.0,0.4816,1.002252512545193
1a43465f43c69a875a4ba64ffdd08763,WindowRegression,"{""window_size"": 5, ""input_dim"": ""univariate"", ""output_dim"": ""forecast_length"", ""normalize_window"": false, ""max_windows"": 200000, ""fourier_encoding_components"": null, ""scale"": false, ""datepart_method"": null, ""regression_type"": ""User"", ""regression_model"": {""model"": ""xgboost"", ""model_params"": {""booster"": ""gbtree"", ""objective"": ""reg:squarederror"", ""max_depth"": 6, ""eta"": 0.03, ""min_child_weight"": 0.5, ""subsample"": 0.5, ""colsample_bylevel"": 0.5, ""reg_alpha"": 0, ""reg_lambda"": 1, ""tree_method"": ""hist"", ""device"": ""cuda""}}}","{""fillna"": null, ""transformations"": {""0"": null}, ""transformation_params"": {""0"": {}}}",0 days 00:00:00.000191,0 days 00:00:00.146704,0 days 00:00:00.179945,0 days 00:00:00.365795,0,,1,1,0,2023-10-12 20:48:00,0.03162782931004583,8.457529433970308,11.34541900598513,0.6878222923693227,8.457529433970308,29.691191444799188,1.7349724788718717e-05,-285.48653760944944,5.387845175509332,255.79534616465025,4.975465576472557,3.3260916317749993,1.0,0.53125,30.66032080489822,1.0,1.1994863006474563,5.903553826029599,34.11164917405071,12.248813562509712,2.676059737412031,0.6697811898291757,0.39227045874725935,0.0,0.03162782931004583,8.457529433970308,11.34541900598513,0.6878222923693227,8.457529433970308,29.691191444799188,1.7349724788718717e-05,-285.48653760944944,5.387845175509332,255.79534616465025,4.975465576472557,3.3260916317749993,1.0,0.53125,30.66032080489822,1.0,1.1994863006474563,5.903553826029599,34.11164917405071,12.248813562509712,2.676059737412031,0.6697811898291757,0.39227045874725935,0.0,0.3658,1.0046193690169145
c04e957c7ceb00fd784c5698ebc26afa,WindowRegression,"{""window_size"": 5, ""input_dim"": ""univariate"", ""output_dim"": ""forecast_length"", ""normalize_window"": false, ""max_windows"": 200000, ""fourier_encoding_components"": null, ""scale"": false, ""datepart_method"": null, ""regression_type"": ""User"", ""regression_model"": {""model"": ""xgboost"", ""model_params"": {""booster"": ""gbtree"", ""objective"": ""reg:squarederror"", ""max_depth"": 6, ""eta"": 0.03, ""min_child_weight"": 0.5, ""subsample"": 0.5, ""colsample_bylevel"": 0.5, ""reg_alpha"": 0, ""reg_lambda"": 1, ""tree_method"": ""hist"", ""device"": ""cuda""}}}","{""fillna"": null, ""transformations"": {}, ""transformation_params"": {}}",0 days 00:00:00.000180,0 days 00:00:00.146818,0 days 00:00:00.179081,0 days 00:00:00.365440,0,,1,0,0,2023-10-12 20:48:00,0.03162782931004583,8.457529433970308,11.34541900598513,0.6878222923693227,8.457529433970308,29.691191444799188,1.7349724788718717e-05,-285.48653760944944,5.387845175509332,255.79534616465025,4.975465576472557,3.3260916317749993,1.0,0.53125,30.66032080489822,1.0,1.1994863006474563,5.903553826029599,34.11164917405071,12.248813562509712,2.676059737412031,0.6697811898291757,0.39227045874725935,0.0,0.03162782931004583,8.457529433970308,11.34541900598513,0.6878222923693227,8.457529433970308,29.691191444799188,1.7349724788718717e-05,-285.48653760944944,5.387845175509332,255.79534616465025,4.975465576472557,3.3260916317749993,1.0,0.53125,30.66032080489822,1.0,1.1994863006474563,5.903553826029599,34.11164917405071,12.248813562509712,2.676059737412031,0.6697811898291757,0.39227045874725935,0.0,0.3654,1.0046193690169145
b74c6e65fa419b1aeb571b5fc96ff790,WindowRegression,"{""window_size"": 5, ""input_dim"": ""univariate"", ""output_dim"": ""forecast_length"", ""normalize_window"": false, ""max_windows"": 200000, ""fourier_encoding_components"": null, ""scale"": false, ""datepart_method"": null, ""regression_type"": ""User"", ""regression_model"": {""model"": ""xgboost"", ""model_params"": {""booster"": ""gbtree"", ""objective"": ""reg:squarederror"", ""max_depth"": 6, ""eta"": 0.03, ""min_child_weight"": 0.5, ""subsample"": 0.5, ""colsample_bylevel"": 0.5, ""reg_alpha"": 0, ""reg_lambda"": 1, ""tree_method"": ""hist"", ""device"": ""cuda""}}}","{""fillna"": ""rolling_mean"", ""transformations"": {""0"": null}, ""transformation_params"": {""0"": {}}}",0 days 00:00:00.000195,0 days 00:00:00.146846,0 days 00:00:00.181267,0 days 00:00:00.367576,0,,1,3,0,2023-10-12 20:48:00,0.03162782931004583,8.457529433970308,11.34541900598513,0.6878222923693227,8.457529433970308,29.691191444799188,1.7349724788718717e-05,-285.48653760944944,5.387845175509332,255.79534616465025,4.975465576472557,3.3260916317749993,1.0,0.53125,30.66032080489822,1.0,1.1994863006474563,5.903553826029599,34.11164917405071,12.248813562509712,2.676059737412031,0.6697811898291757,0.39227045874725935,0.0,0.03162782931004583,8.457529433970308,11.34541900598513,0.6878222923693227,8.457529433970308,29.691191444799188,1.7349724788718717e-05,-285.48653760944944,5.387845175509332,255.79534616465025,4.975465576472557,3.3260916317749993,1.0,0.53125,30.66032080489822,1.0,1.1994863006474563,5.903553826029599,34.11164917405071,12.248813562509712,2.676059737412031,0.6697811898291757,0.39227045874725935,0.0,0.3676,1.0046193690169145
62e490ddb13340721a1a69b8348681e2,WindowRegression,"{""window_size"": 5, ""input_dim"": ""univariate"", ""output_dim"": ""forecast_length"", ""normalize_window"": false, ""max_windows"": 200000, ""fourier_encoding_components"": null, ""scale"": false, ""datepart_method"": null, ""regression_type"": ""User"", ""regression_model"": {""model"": ""xgboost"", ""model_params"": {""booster"": ""gbtree"", ""objective"": ""reg:squarederror"", ""max_depth"": 3, ""eta"": 0.003, ""min_child_weight"": 1, ""subsample"": 1, ""colsample_bylevel"": 0.5, ""reg_alpha"": 0, ""reg_lambda"": 1, ""tree_method"": ""hist"", ""device"": ""cuda""}}}","{""fillna"": ""ffill"", ""transformations"": {""0"": null}, ""transformation_params"": {""0"": {}}}",0 days 00:00:00.000189,0 days 00:00:00.081146,0 days 00:00:00.174108,0 days 00:00:00.294334,0,,1,1,0,2023-10-12 20:48:00,0.031868267868301436,8.521866570956945,11.361829610415771,0.6808571610230296,8.521866570956945,37.56207702240499,2.1948991169417494e-05,-291.48076878182474,5.435565365117867,253.91869175941974,5.002137097401064,3.3260916317749993,1.0,0.5,31.386785971582867,1.0,1.2008768154170557,5.953941873677347,34.34797489398346,12.10292454039559,2.653988088543777,0.652183357345953,0.4754299259432956,0.0,0.031868267868301436,8.521866570956945,11.361829610415771,0.6808571610230296,8.521866570956945,37.56207702240499,2.1948991169417494e-05,-291.48076878182474,5.435565365117867,253.91869175941974,5.002137097401064,3.3260916317749993,1.0,0.5,31.386785971582867,1.0,1.2008768154170557,5.953941873677347,34.34797489398346,12.10292454039559,2.653988088543777,0.652183357345953,0.4754299259432956,0.0,0.2943,1.0060725027495336
f23200d1504deecc9146760fccbdf465,WindowRegression,"{""window_size"": 5, ""input_dim"": ""univariate"", ""output_dim"": ""forecast_length"", ""normalize_window"": false, ""max_windows"": 200000, ""fourier_encoding_components"": null, ""scale"": false, ""datepart_method"": null, ""regression_type"": ""User"", ""regression_model"": {""model"": ""xgboost"", ""model_params"": {""booster"": ""gbtree"", ""objective"": ""reg:squarederror"", ""max_depth"": 3, ""eta"": 0.003, ""min_child_weight"": 1, ""subsample"": 1, ""colsample_bylevel"": 0.5, ""reg_alpha"": 0, ""reg_lambda"": 1, ""tree_method"": ""hist"", ""device"": ""cuda""}}}","{""fillna"": null, ""transformations"": {}, ""transformation_params"": {}}",0 days 00:00:00.000183,0 days 00:00:00.084892,0 days 00:00:00.172767,0 days 00:00:00.296202,0,,1,0,0,2023-10-12 20:48:00,0.031868267868301436,8.521866570956945,11.361829610415771,0.6808571610230296,8.521866570956945,37.56207702240499,2.1948991169417494e-05,-291.48076878182474,5.435565365117867,253.91869175941974,5.002137097401064,3.3260916317749993,1.0,0.5,31.386785971582867,1.0,1.2008768154170557,5.953941873677347,34.34797489398346,12.10292454039559,2.653988088543777,0.652183357345953,0.4754299259432956,0.0,0.031868267868301436,8.521866570956945,11.361829610415771,0.6808571610230296,8.521866570956945,37.56207702240499,2.1948991169417494e-05,-291.48076878182474,5.435565365117867,253.91869175941974,5.002137097401064,3.3260916317749993,1.0,0.5,31.386785971582867,1.0,1.2008768154170557,5.953941873677347,34.34797489398346,12.10292454039559,2.653988088543777,0.652183357345953,0.4754299259432956,0.0,0.2962,1.0060725027495336
976283bae01b3ff9e85dbe3b46fadced,WindowRegression,"{""window_size"": 20, ""input_dim"": ""univariate"", ""output_dim"": ""forecast_length"", ""normalize_window"": false, ""max_windows"": 200000, ""fourier_encoding_components"": null, ""scale"": false, ""datepart_method"": null, ""regression_type"": ""User"", ""regression_model"": {""model"": ""xgboost"", ""model_params"": {""booster"": ""gbtree"", ""objective"": ""reg:squarederror"", ""max_depth"": 6, ""eta"": 0.03, ""min_child_weight"": 1, ""subsample"": 1, ""colsample_bylevel"": 0.7, ""reg_alpha"": 0, ""reg_lambda"": 1, ""n_estimators"": 7, ""grow_policy"": ""lossguide"", ""tree_method"": ""hist"", ""device"": ""cuda""}}}","{""fillna"": ""linear"", ""transformations"": {""0"": null}, ""transformation_params"": {""0"": {}}}",0 days 00:00:00.000186,0 days 00:00:00.033171,0 days 00:00:00.164590,0 days 00:00:00.236028,0,,1,3,0,2023-10-12 20:48:00,0.031894491225715804,8.528886329288298,11.366894165437717,0.6828887470214734,8.528886329288298,36.33949459026917,2.123458842244405e-05,-291.0941098323601,5.431311137150954,254.75461524209095,5.014605492336611,3.3260916317749993,1.0,0.484375,31.553398419022415,1.0,1.2010284356325238,5.961656400748796,34.41471126762927,12.112716683376657,2.655893034710559,0.6350417061071496,0.4742458341747512,0.0,0.031894491225715804,8.528886329288298,11.366894165437717,0.6828887470214734,8.528886329288298,36.33949459026917,2.123458842244405e-05,-291.0941098323601,5.431311137150954,254.75461524209095,5.014605492336611,3.3260916317749993,1.0,0.484375,31.553398419022415,1.0,1.2010284356325238,5.961656400748796,34.41471126762927,12.112716683376657,2.655893034710559,0.6350417061071496,0.4742458341747512,0.0,0.236,1.0065209612919477
71986e2c58b479ec429726e704873db7,WindowRegression,"{""window_size"": 20, ""input_dim"": ""univariate"", ""output_dim"": ""forecast_length"", ""normalize_window"": false, ""max_windows"": 200000, ""fourier_encoding_components"": null, ""scale"": false, ""datepart_method"": null, ""regression_type"": ""User"", ""regression_model"": {""model"": ""xgboost"", ""model_params"": {""booster"": ""gbtree"", ""objective"": ""reg:squarederror"", ""max_depth"": 9, ""eta"": 0.3, ""min_child_weight"": 2, ""subsample"": 1, ""colsample_bylevel"": 0.9, ""reg_alpha"": 100, ""reg_lambda"": 1, ""n_estimators"": 10, ""tree_method"": ""hist"", ""device"": ""cuda""}}}","{""fillna"": ""ffill_mean_biased"", ""transformations"": {""0"": null}, ""transformation_params"": {""0"": {}}}",0 days 00:00:00.000197,0 days 00:00:00.017985,0 days 00:00:00.164364,0 days 00:00:00.220369,0,,1,1,0,2023-10-12 20:48:00,0.03197054505888746,8.549204302572377,11.38036969199867,0.6849862485899749,8.549204302572377,38.59918057620598,2.2555011351170797e-05,-292.87412797041907,5.457155379401126,254.2749473942131,5.01198526888099,3.3260916317749993,1.0,0.484375,31.538889539700904,1.0,1.2014671770174636,5.985737853216186,34.45714069658608,12.137766505212868,2.659691112899491,0.6870171425890292,0.4506175476442885,0.0,0.03197054505888746,8.549204302572377,11.38036969199867,0.6849862485899749,8.549204302572377,38.59918057620598,2.2555011351170797e-05,-292.87412797041907,5.457155379401126,254.2749473942131,5.01198526888099,3.3260916317749993,1.0,0.484375,31.538889539700904,1.0,1.2014671770174636,5.985737853216186,34.45714069658608,12.137766505212868,2.659691112899491,0.6870171425890292,0.4506175476442885,0.0,0.2204,1.007714198402335
eea7f2af2406aa3f0f7813209c549655,WindowRegression,"{""window_size"": 5, ""input_dim"": ""univariate"", ""output_dim"": ""forecast_length"", ""normalize_window"": false, ""max_windows"": 200000, ""fourier_encoding_components"": null, ""scale"": false, ""datepart_method"": null, ""regression_type"": ""User"", ""regression_model"": {""model"": ""LightGBM"", ""model_params"": {""objective"": ""regression"", ""learning_rate"": 0.01, ""num_leaves"": 70, ""max_depth"": 10, ""boosting_type"": ""gbdt"", ""n_estimators"": 250, ""linear_tree"": false, ""lambda_l1"": 1, ""lambda_l2"": 0.0, ""min_data_in_leaf"": 20, ""feature_fraction"": 0.5, ""max_bin"": 255, ""device_type"": ""cuda""}}}","{""fillna"": null, ""transformations"": {""0"": null}, ""transformation_params"": {""0"": {}}}",0 days 00:00:00.000192,0 days 00:00:00.144607,0 days 00:00:00.168443,0 days 00:00:00.351753,0,,1,3,0,2023-10-12 20:48:00,0.03197768813311426,8.551111417637799,11.381021646292545,0.6849960211765472,8.551111417637799,39.381511118408525,2.301215769459922e-05,-293.3263209236138,5.463371125402881,253.9448098052053,5.008621926554899,3.3260916317749993,1.0,0.484375,31.526660880852432,1.0,1.2015083505727255,5.987998889161611,34.464160810625735,12.14625909887107,2.6596771311658736,0.7013249479537127,0.45125782812046167,0.0,0.03197768813311426,8.551111417637799,11.381021646292545,0.6849960211765472,8.551111417637799,39.381511118408525,2.301215769459922e-05,-293.3263209236138,5.463371125402881,253.9448098052053,5.008621926554899,3.3260916317749993,1.0,0.484375,31.526660880852432,1.0,1.2015083505727255,5.987998889161611,34.464160810625735,12.14625909887107,2.6596771311658736,0.7013249479537127,0.45125782812046167,0.0,0.3518,1.0077719279503574
3df6a4a61cdf53b073fe125e1463c7e3,WindowRegression,"{""window_size"": 10, ""input_dim"": ""univariate"", ""output_dim"": ""forecast_length"", ""normalize_window"": false, ""max_windows"": 200000, ""fourier_encoding_components"": null, ""scale"": false, ""datepart_method"": null, ""regression_type"": ""User"", ""regression_model"": {""model"": ""LightGBM"", ""model_params"": {""objective"": ""regression"", ""learning_rate"": 0.01, ""num_leaves"": 31, ""max_depth"": 5, ""boosting_type"": ""gbdt"", ""n_estimators"": 100, ""linear_tree"": false, ""lambda_l1"": 1, ""lambda_l2"": 0.0, ""min_data_in_leaf"": 30, ""feature_fraction"": 1.0, ""max_bin"": 255, ""device_type"": ""cuda""}}}","{""fillna"": null, ""transformations"": {}, ""transformation_params"": {}}",0 days 00:00:00.000194,0 days 00:00:00.082252,0 days 00:00:00.168459,0 days 00:00:00.289393,0,,1,0,0,2023-10-12 20:48:00,0.031978354876981994,8.551289430201734,11.381083168577147,0.6849969333622972,8.551289430201734,39.4545348536376,2.3054828320047985e-05,-293.3685291932743,5.463951164169021,253.9139943396367,5.00830744316259,3.3260916317749993,1.0,0.484375,31.525519442166114,1.0,1.2015121936931363,5.988209937154049,34.4648160770646,12.147053207598466,2.659675826082988,0.7026604568375042,0.45131759271977623,0.0,0.031978354876981994,8.551289430201734,11.381083168577147,0.6849969333622972,8.551289430201734,39.4545348536376,2.3054828320047985e-05,-293.3685291932743,5.463951164169021,253.9139943396367,5.00830744316259,3.3260916317749993,1.0,0.484375,31.525519442166114,1.0,1.2015121936931363,5.988209937154049,34.4648160770646,12.147053207598466,2.659675826082988,0.7026604568375042,0.45131759271977623,0.0,0.2894,1.0077773756538493
678f0000fdbf85c28a63493636336943,WindowRegression,"{""window_size"": 2, ""input_dim"": ""univariate"", ""output_dim"": ""forecast_length"", ""normalize_window"": false, ""max_windows"": 200000, ""fourier_encoding_components"": null, ""scale"": false, ""datepart_method"": null, ""regression_type"": ""User"", ""regression_model"": {""model"": ""LightGBM"", ""model_params"": {""objective"": ""regression"", ""learning_rate"": 0.7, ""num_leaves"": 31, ""max_depth"": 5, ""boosting_type"": ""gbdt"", ""n_estimators"": 100, ""linear_tree"": false, ""lambda_l1"": 10, ""lambda_l2"": 0.0, ""min_data_in_leaf"": 15, ""feature_fraction"": 1.0, ""max_bin"": 255, ""device_type"": ""cuda""}}}","{""fillna"": ""rolling_mean"", ""transformations"": {""0"": null}, ""transformation_params"": {""0"": {}}}",0 days 00:00:00.000199,0 days 00:00:00.074397,0 days 00:00:00.164886,0 days 00:00:00.276918,0,,1,2,0,2023-10-12 20:48:00,0.03198467307755352,8.552976313106058,11.381671827302199,0.6850055774181905,8.552976313106058,40.14652247468257,2.3459183760100002e-05,-293.76850325673513,5.469446475208848,253.62198078205256,5.0053227674394805,3.3260916317749993,1.0,0.484375,31.514702939304698,1.0,1.201548611265937,5.990209870431163,34.47102551380826,12.15459020010122,2.659663458769935,0.71531600798308,0.45188393410525013,0.0,0.03198467307755352,8.552976313106058,11.381671827302199,0.6850055774181905,8.552976313106058,40.14652247468257,2.3459183760100002e-05,-293.76850325673513,5.469446475208848,253.62198078205256,5.0053227674394805,3.3260916317749993,1.0,0.484375,31.514702939304698,1.0,1.201548611265937,5.990209870431163,34.47102551380826,12.15459020010122,2.659663458769935,0.71531600798308,0.45188393410525013,0.0,0.2769,1.0078295004767948
1f6d6c1208602ae6521750e0c581a321,WindowRegression,"{""window_size"": 20, ""input_dim"": ""univariate"", ""output_dim"": ""forecast_length"", ""normalize_window"": false, ""max_windows"": 200000, ""fourier_encoding_components"": null, ""scale"": false, ""datepart_method"": null, ""regression_type"": ""User"", ""regression_model"": {""model"": ""xgboost"", ""model_params"": {""booster"": ""gbtree"", ""objective"": ""reg:squarederror"", ""max_depth"": 6, ""eta"": 0.3, ""min_child_weight"": 1, ""subsample"": 1, ""colsample_bylevel"": 1, ""reg_alpha"": 0, ""reg_lambda"": 1, ""tree_method"": ""hist"", ""device"": ""cuda""}}}","{""fillna"": null, ""transformations"": {""0"": null}, ""transformation_params"": {""0"": {}}}",0 days 00:00:00.000191,0 days 00:00:00.061858,0 days 00:00:00.171594,0 days 00:00:00.272614,0,,1,2,0,2023-10-12 20:48:00,0.03222551250152203,8.617527706221438,11.386838699954884,0.7112067491585757,8.617527706221438,6.726003157938976,3.930266790918382e-06,-279.1238881780555,5.335201692674337,272.3978850201165,5.223963690340381,3.3260916317749993,1.0,0.46875,31.9875411451103,1.0,1.202941362234349,6.1006008170516,35.27511654507019,12.45314404824313,2.7323491328498615,0.8611800581940844,0.4349762465726988,0.0,0.03222551250152203,8.617527706221438,11.386838699954884,0.7112067491585757,8.617527706221438,6.726003157938976,3.930266790918382e-06,-279.1238881780555,5.335201692674337,272.3978850201165,5.223963690340381,3.3260916317749993,1.0,0.46875,31.9875411451103,1.0,1.202941362234349,6.1006008170516,35.27511654507019,12.45314404824313,2.7323491328498615,0.8611800581940844,0.4349762465726988,0.0,0.2726,1.008287019087733
12280a5fb30b722a41740567f275e839,WindowRegression,"{""window_size"": 21, ""input_dim"": ""univariate"", ""output_dim"": ""forecast_length"", ""normalize_window"": false, ""max_windows"": 200000, ""fourier_encoding_components"": null, ""scale"": false, ""datepart_method"": null, ""regression_type"": ""User"", ""regression_model"": {""model"": ""LightGBM"", ""model_params"": {""objective"": ""regression"", ""learning_rate"": 0.01, ""num_leaves"": 70, ""max_depth"": 10, ""boosting_type"": ""gbdt"", ""n_estimators"": 50, ""linear_tree"": false, ""lambda_l1"": 0.0, ""lambda_l2"": 0.0, ""min_data_in_leaf"": 15, ""feature_fraction"": 0.8, ""max_bin"": 255, ""device_type"": ""cuda""}}}","{""fillna"": null, ""transformations"": {""0"": null}, ""transformation_params"": {""0"": {}}}",0 days 00:00:00.000190,0 days 00:00:00.673727,0 days 00:00:00.165586,0 days 00:00:00.876987,0,,1,2,0,2023-10-12 20:48:00,0.03203163655590338,8.565534324483963,11.400432262846627,0.6846660299819205,8.565534324483963,39.5675715510406,2.312088008474776e-05,-293.8808841590071,5.473969313647213,254.3133126079665,5.01352635679023,3.3260916317749993,1.0,0.53125,31.48533270880216,1.0,1.201819687450315,6.0145579669698,34.455108809598286,12.226541088494582,2.666540313415193,0.6537728087458468,0.338527096704126,0.0,0.03203163655590338,8.565534324483963,11.400432262846627,0.6846660299819205,8.565534324483963,39.5675715510406,2.312088008474776e-05,-293.8808841590071,5.473969313647213,254.3133126079665,5.01352635679023,3.3260916317749993,1.0,0.53125,31.48533270880216,1.0,1.201819687450315,6.0145579669698,34.455108809598286,12.226541088494582,2.666540313415193,0.6537728087458468,0.338527096704126,0.0,0.877,1.0094907081333109
af4957c7902787e6e05df783721243cf,WindowRegression,"{""window_size"": 90, ""input_dim"": ""univariate"", ""output_dim"": ""forecast_length"", ""normalize_window"": false, ""max_windows"": 200000, ""fourier_encoding_components"": null, ""scale"": false, ""datepart_method"": null, ""regression_type"": ""User"", ""regression_model"": {""model"": ""LightGBM"", ""model_params"": {""objective"": ""regression"", ""learning_rate"": 0.01, ""num_leaves"": 70, ""max_depth"": 10, ""boosting_type"": ""dart"", ""n_estimators"": 50, ""linear_tree"": false, ""lambda_l1"": 0.0, ""lambda_l2"": 1, ""min_data_in_leaf"": 15, ""feature_fraction"": 0.5, ""max_bin"": 255, ""device_type"": ""cuda""}}}","{""fillna"": null, ""transformations"": {}, ""transformation_params"": {}}",0 days 00:00:00.000179,0 days 00:00:00.961440,0 days 00:00:00.166979,0 days 00:00:01.166514,0,,1,0,0,2023-10-12 20:48:00,0.03196654774994949,8.54816710531452,11.407105803941766,0.6849086565064028,8.54816710531452,34.11893085200427,1.9937026153636788e-05,-290.60081279606675,5.425529865485617,256.4818819440625,5.0382339255724595,3.3260916317749993,1.0,0.515625,31.647588403397094,1.0,1.2014447839122393,5.97465908756156,34.42970968446306,12.130538980931098,2.662111164437401,0.5954096133514823,0.39463325178268444,0.0,0.03196654774994949,8.54816710531452,11.407105803941766,0.6849086565064028,8.54816710531452,34.11893085200427,1.9937026153636788e-05,-290.60081279606675,5.425529865485617,256.4818819440625,5.0382339255724595,3.3260916317749993,1.0,0.515625,31.647588403397094,1.0,1.2014447839122393,5.97465908756156,34.42970968446306,12.130538980931098,2.662111164437401,0.5954096133514823,0.39463325178268444,0.0,1.1665,1.010081639912963
aae4b48b17540daad69947938ebfcc9a,WindowRegression,"{""window_size"": 5, ""input_dim"": ""univariate"", ""output_dim"": ""forecast_length"", ""normalize_window"": false, ""max_windows"": 200000, ""fourier_encoding_components"": null, ""scale"": false, ""datepart_method"": null, ""regression_type"": ""User"", ""regression_model"": {""model"": ""xgboost"", ""model_params"": {""booster"": ""gbtree"", ""objective"": ""reg:squarederror"", ""max_depth"": 6, ""eta"": 0.05, ""min_child_weight"": 1, ""subsample"": 1, ""colsample_bylevel"": 1, ""reg_alpha"": 0.001, ""reg_lambda"": 1, ""tree_method"": ""hist"", ""device"": ""cuda""}}}","{""fillna"": null, ""transformations"": {}, ""transformation_params"": {}}",0 days 00:00:00.000185,0 days 00:00:00.094499,0 days 00:00:00.172136,0 days 00:00:00.305120,0,,1,0,0,2023-10-12 20:48:00,0.03216426745443253,8.601154350419392,11.416978890851908,0.6847650833503732,8.601154350419392,4.605565424448287,2.691212063994581e-06,-277.5397219256447,5.320404279704654,272.9341565011964,5.217298934514243,3.3260916317749993,1.0,0.453125,31.88998455869296,1.0,1.2025882458956956,6.069231850377912,34.62934513803229,12.261519191027332,2.6883369189475386,0.846945083889686,0.4995785940348712,0.0,0.03216426745443253,8.601154350419392,11.416978890851908,0.6847650833503732,8.601154350419392,4.605565424448287,2.691212063994581e-06,-277.5397219256447,5.320404279704654,272.9341565011964,5.217298934514243,3.3260916317749993,1.0,0.453125,31.88998455869296,1.0,1.2025882458956956,6.069231850377912,34.62934513803229,12.261519191027332,2.6883369189475386,0.846945083889686,0.4995785940348712,0.0,0.3051,1.0109558865438442
d8cd8b66a9a28255be6ed91e0ed0f3ea,WindowRegression,"{""window_size"": 10, ""input_dim"": ""univariate"", ""output_dim"": ""forecast_length"", ""normalize_window"": false, ""max_windows"": 200000, ""fourier_encoding_components"": null, ""scale"": false, ""datepart_method"": null, ""regression_type"": ""User"", ""regression_model"": {""model"": ""xgboost"", ""model_params"": {""booster"": ""gbtree"", ""colsample_bylevel"": 0.54, ""learning_rate"": 0.025, ""max_depth"": 11, ""min_child_weight"": 0.0127, ""n_estimators"": 240, ""tree_method"": ""hist"", ""objective"": ""reg:squarederror"", ""device"": ""cuda""}}}","{""fillna"": null, ""transformations"": {}, ""transformation_params"": {}}",0 days 00:00:00.000202,0 days 00:00:00.306385,0 days 00:00:00.191812,0 days 00:00:00.539650,0,,1,0,0,2023-10-12 20:48:00,0.03192907579249878,8.538299082429035,11.424146367608785,0.6779020062147857,8.538299082429035,1.1856518393396982,6.928227567434025e-07,-273.81839655739896,5.255319010372115,272.63274471805926,5.198076502981086,3.3260916317749993,1.0,0.515625,31.227175871092186,1.0,1.2012317122626577,5.9499276885482555,34.21693595970284,11.867551724675401,2.688516210512859,1.0039814001629974,0.3642899395256022,0.0,0.03192907579249878,8.538299082429035,11.424146367608785,0.6779020062147857,8.538299082429035,1.1856518393396982,6.928227567434025e-07,-273.81839655739896,5.255319010372115,272.63274471805926,5.198076502981086,3.3260916317749993,1.0,0.515625,31.227175871092186,1.0,1.2012317122626577,5.9499276885482555,34.21693595970284,11.867551724675401,2.688516210512859,1.0039814001629974,0.3642899395256022,0.0,0.5396,1.011590555565159
0f760decfc490502f2782c17cb181970,WindowRegression,"{""window_size"": 5, ""input_dim"": ""univariate"", ""output_dim"": ""forecast_length"", ""normalize_window"": false, ""max_windows"": 200000, ""fourier_encoding_components"": null, ""scale"": false, ""datepart_method"": null, ""regression_type"": ""User"", ""regression_model"": {""model"": ""xgboost"", ""model_params"": {""booster"": ""gbtree"", ""objective"": ""reg:squarederror"", ""max_depth"": 6, ""eta"": 0.3, ""min_child_weight"": 1, ""subsample"": 1, ""colsample_bylevel"": 0.9, ""reg_alpha"": 0, ""reg_lambda"": 5, ""n_estimators"": 100, ""grow_policy"": ""lossguide"", ""tree_method"": ""hist"", ""device"": ""cuda""}}}","{""fillna"": null, ""transformations"": {}, ""transformation_params"": {}}",0 days 00:00:00.000192,0 days 00:00:00.090051,0 days 00:00:00.171947,0 days 00:00:00.303750,0,,1,0,0,2023-10-12 20:48:00,0.031503267058204144,8.424267174992849,11.459274970010743,0.6763018146277804,8.424267174992849,23.951412858437834,1.3995747599669475e-05,-257.60084317055225,5.048734157958959,281.5522560289901,5.258186623669708,3.3260916317749993,1.0,0.46875,31.993533993729216,1.0,1.198766772892476,5.6925598647737425,33.1897140460526,12.791659058109483,2.7201720192275602,1.7990925291083955,0.48989116019938694,0.0,0.031503267058204144,8.424267174992849,11.459274970010743,0.6763018146277804,8.424267174992849,23.951412858437834,1.3995747599669475e-05,-257.60084317055225,5.048734157958959,281.5522560289901,5.258186623669708,3.3260916317749993,1.0,0.46875,31.993533993729216,1.0,1.198766772892476,5.6925598647737425,33.1897140460526,12.791659058109483,2.7201720192275602,1.7990925291083955,0.48989116019938694,0.0,0.3038,1.0147011391725942
45bdced91dc2d47343e4838f14c37e0a,WindowRegression,"{""window_size"": 5, ""input_dim"": ""univariate"", ""output_dim"": ""forecast_length"", ""normalize_window"": false, ""max_windows"": 200000, ""fourier_encoding_components"": null, ""scale"": false, ""datepart_method"": null, ""regression_type"": ""User"", ""regression_model"": {""model"": ""xgboost"", ""model_params"": {""booster"": ""gbtree"", ""objective"": ""reg:squarederror"", ""max_depth"": 6, ""eta"": 0.03, ""min_child_weight"": 1, ""subsample"": 1, ""colsample_bylevel"": 1, ""reg_alpha"": 0, ""reg_lambda"": 1, ""tree_method"": ""hist"", ""device"": ""cuda""}}}","{""fillna"": null, ""transformations"": {}, ""transformation_params"": {}}",0 days 00:00:00.000186,0 days 00:00:00.129334,0 days 00:00:00.183058,0 days 00:00:00.352443,0,,1,0,0,2023-10-12 20:48:00,0.03231136653980719,8.64048614952793,11.522325495403463,0.6816313412429512,8.64048614952793,21.5013604671949,1.2564086132495415e-05,-287.24623701849123,5.445141896531142,265.74487655129633,5.140117870851244,3.3260916317749993,1.0,0.53125,30.907385477854405,1.0,1.2034363215085966,5.980285094487179,35.18598794902624,12.329370720951124,2.660220011967894,0.693264014157236,0.665833870942331,0.0,0.03231136653980719,8.64048614952793,11.522325495403463,0.6816313412429512,8.64048614952793,21.5013604671949,1.2564086132495415e-05,-287.24623701849123,5.445141896531142,265.74487655129633,5.140117870851244,3.3260916317749993,1.0,0.53125,30.907385477854405,1.0,1.2034363215085966,5.980285094487179,35.18598794902624,12.329370720951124,2.660220011967894,0.693264014157236,0.665833870942331,0.0,0.3524,1.0202841660315234
0fa87e2fe02d9f220491a11aeea01526,WindowRegression,"{""window_size"": 20, ""input_dim"": ""univariate"", ""output_dim"": ""forecast_length"", ""normalize_window"": false, ""max_windows"": 200000, ""fourier_encoding_components"": null, ""scale"": false, ""datepart_method"": null, ""regression_type"": ""User"", ""regression_model"": {""model"": ""LightGBM"", ""model_params"": {""objective"": ""regression"", ""learning_rate"": 0.1, ""num_leaves"": 31, ""max_depth"": 5, ""boosting_type"": ""gbdt"", ""n_estimators"": 100, ""linear_tree"": false, ""lambda_l1"": 0.0, ""lambda_l2"": 0.0, ""min_data_in_leaf"": 20, ""feature_fraction"": 1.0, ""max_bin"": 255, ""device_type"": ""cuda""}}}","{""fillna"": null, ""transformations"": {}, ""transformation_params"": {}}",0 days 00:00:00.000184,0 days 00:00:00.626542,0 days 00:00:00.165492,0 days 00:00:00.829561,0,,1,0,0,2023-10-12 20:48:00,0.033303529383645655,8.90577148137254,11.864148005320295,0.7140009620691878,8.90577148137254,3.819235522641975,2.2317287382801663e-06,-286.89430516524226,5.480336269323955,283.0750696426003,5.369229876712337,3.3260916317749993,1.0,0.5,32.062769044820016,1.0,1.2091408904934766,6.236448813942035,35.08673170971616,14.117255347097904,2.797799480316787,0.9205425836636862,1.9639964295740864,0.0,0.033303529383645655,8.90577148137254,11.864148005320295,0.7140009620691878,8.90577148137254,3.819235522641975,2.2317287382801663e-06,-286.89430516524226,5.480336269323955,283.0750696426003,5.369229876712337,3.3260916317749993,1.0,0.5,32.062769044820016,1.0,1.2091408904934766,6.236448813942035,35.08673170971616,14.117255347097904,2.797799480316787,0.9205425836636862,1.9639964295740864,0.0,0.8296,1.050552022515913
974543be739ebd0f0fa3afbe59ca4a8d,WindowRegression,"{""window_size"": 10, ""input_dim"": ""univariate"", ""output_dim"": ""forecast_length"", ""normalize_window"": false, ""max_windows"": 200000, ""fourier_encoding_components"": null, ""scale"": false, ""datepart_method"": null, ""regression_type"": ""User"", ""regression_model"": {""model"": ""LightGBM"", ""model_params"": {""objective"": ""regression"", ""learning_rate"": 0.1, ""num_leaves"": 1000, ""max_depth"": 5, ""boosting_type"": ""gbdt"", ""n_estimators"": 100, ""linear_tree"": false, ""lambda_l1"": 0.0, ""lambda_l2"": 0.0, ""min_data_in_leaf"": 20, ""feature_fraction"": 1.0, ""max_bin"": 255, ""device_type"": ""cuda""}}}","{""fillna"": null, ""transformations"": {}, ""transformation_params"": {}}",0 days 00:00:00.000184,0 days 00:00:02.577556,0 days 00:00:00.168062,0 days 00:00:02.783581,0,,1,0,0,2023-10-12 20:48:00,0.035591050586669656,9.51735463308853,12.722927439260772,0.7445772251125414,9.51735463308853,11.729208827011462,6.8538356069811624e-06,-298.69074384532723,5.709491240913077,310.4199526723387,5.788309258588187,3.3260916317749993,1.0,0.5,32.2658245709099,1.0,1.222190639259597,6.613555216680079,36.27167776294441,16.291043639611946,2.7912291105494056,2.9701115424821816,2.254236700652845,0.0,0.035591050586669656,9.51735463308853,12.722927439260772,0.7445772251125414,9.51735463308853,11.729208827011462,6.8538356069811624e-06,-298.69074384532723,5.709491240913077,310.4199526723387,5.788309258588187,3.3260916317749993,1.0,0.5,32.2658245709099,1.0,1.222190639259597,6.613555216680079,36.27167776294441,16.291043639611946,2.7912291105494056,2.9701115424821816,2.254236700652845,0.0,2.7836,1.1265956179613394
05878ff01e8132c79ce33c00df05018d,WindowRegression,"{""window_size"": 20, ""input_dim"": ""univariate"", ""output_dim"": ""forecast_length"", ""normalize_window"": false, ""max_windows"": 200000, ""fourier_encoding_components"": null, ""scale"": false, ""datepart_method"": null, ""regression_type"": ""User"", ""regression_model"": {""model"": ""LightGBM"", ""model_params"": {""objective"": ""regression"", ""learning_rate"": 0.7, ""num_leaves"": 31, ""max_depth"": -1, ""boosting_type"": ""dart"", ""n_estimators"": 50, ""linear_tree"": false, ""lambda_l1"": 0.0, ""lambda_l2"": 0.0, ""min_data_in_leaf"": 20, ""feature_fraction"": 1.0, ""max_bin"": 255, ""device_type"": ""cuda""}}}","{""fillna"": null, ""transformations"": {""0"": null}, ""transformation_params"": {""0"": {}}}",0 days 00:00:00.000191,0 days 00:00:00.336160,0 days 00:00:00.165848,0 days 00:00:00.539674,0,,1,2,0,2023-10-12 20:48:00,0.035614075145016764,9.5239732260398,13.262294153673817,0.7337075602647455,9.5239732260398,51.790564805134636,3.0263253251118052e-05,-330.6624256358409,6.096959539890284,278.8718608307063,5.359693449315296,3.3260916317749993,1.0,0.5,41.782513692902285,1.0,1.222331102469342,6.3860690695902225,36.0038827351612,16.57250092570626,2.909545676180614,1.1247003244152465,2.674851380236004,0.0,0.035614075145016764,9.5239732260398,13.262294153673817,0.7337075602647455,9.5239732260398,51.790564805134636,3.0263253251118052e-05,-330.6624256358409,6.096959539890284,278.8718608307063,5.359693449315296,3.3260916317749993,1.0,0.5,41.782513692902285,1.0,1.222331102469342,6.3860690695902225,36.0038827351612,16.57250092570626,2.909545676180614,1.1247003244152465,2.674851380236004,0.0,0.5397,1.1743557093265424
71986e2c58b479ec429726e704873db7,WindowRegression,"{""window_size"": 20, ""input_dim"": ""univariate"", ""output_dim"": ""forecast_length"", ""normalize_window"": false, ""max_windows"": 200000, ""fourier_encoding_components"": null, ""scale"": false, ""datepart_method"": null, ""regression_type"": ""User"", ""regression_model"": {""model"": ""xgboost"", ""model_params"": {""booster"": ""gbtree"", ""objective"": ""reg:squarederror"", ""max_depth"": 9, ""eta"": 0.3, ""min_child_weight"": 2, ""subsample"": 1, ""colsample_bylevel"": 0.9, ""reg_alpha"": 100, ""reg_lambda"": 1, ""n_estimators"": 10, ""tree_method"": ""hist"", ""device"": ""cuda""}}}","{""fillna"": ""ffill_mean_biased"", ""transformations"": {""0"": null}, ""transformation_params"": {""0"": {}}}",0 days 00:00:00.000196,0 days 00:00:00.017003,0 days 00:00:00.161913,0 days 00:00:00.216804,0,,1,0,1,2023-10-10 20:48:00,0.036343941293313656,9.964712887023381,15.983220650761918,0.8553736099039077,9.964712887023381,8.237713296173752,4.6919892324120045e-06,-322.9896690328351,6.052027619270661,314.75195573666133,5.779301523318349,2.647045326175362,1.0,0.46875,65.30058820355771,1.0,1.2293083121057697,5.907281828969509,31.504424730546795,96.83947179765421,2.965084872137534,2.902221752560555,0.515097406968284,0.0,0.036343941293313656,9.964712887023381,15.983220650761918,0.8553736099039077,9.964712887023381,8.237713296173752,4.6919892324120045e-06,-322.9896690328351,6.052027619270661,314.75195573666133,5.779301523318349,2.647045326175362,1.0,0.46875,65.30058820355771,1.0,1.2293083121057697,5.907281828969509,31.504424730546795,96.83947179765421,2.965084872137534,2.902221752560555,0.515097406968284,0.0,0.2168,1.4152895575347075
eea7f2af2406aa3f0f7813209c549655,WindowRegression,"{""window_size"": 5, ""input_dim"": ""univariate"", ""output_dim"": ""forecast_length"", ""normalize_window"": false, ""max_windows"": 200000, ""fourier_encoding_components"": null, ""scale"": false, ""datepart_method"": null, ""regression_type"": ""User"", ""regression_model"": {""model"": ""LightGBM"", ""model_params"": {""objective"": ""regression"", ""learning_rate"": 0.01, ""num_leaves"": 70, ""max_depth"": 10, ""boosting_type"": ""gbdt"", ""n_estimators"": 250, ""linear_tree"": false, ""lambda_l1"": 1, ""lambda_l2"": 0.0, ""min_data_in_leaf"": 20, ""feature_fraction"": 0.5, ""max_bin"": 255, ""device_type"": ""cuda""}}}","{""fillna"": null, ""transformations"": {""0"": null}, ""transformation_params"": {""0"": {}}}",0 days 00:00:00.000203,0 days 00:00:00.131114,0 days 00:00:00.163891,0 days 00:00:00.333189,0,,1,0,1,2023-10-10 20:48:00,0.03633147422000793,9.961289233168486,15.983372152235042,0.8553587343596942,9.961289233168486,9.405089087107626,5.356896403165846e-06,-323.46380000494537,6.056069434747041,314.05871091783774,5.769934629554311,2.647045326175362,1.0,0.46875,65.3187559759026,1.0,1.2292368728703549,5.9039006531012195,31.48212598651336,96.78092844086581,2.965099253828006,2.9325997660201257,0.5141770976894253,0.0,0.03633147422000793,9.961289233168486,15.983372152235042,0.8553587343596942,9.961289233168486,9.405089087107626,5.356896403165846e-06,-323.46380000494537,6.056069434747041,314.05871091783774,5.769934629554311,2.647045326175362,1.0,0.46875,65.3187559759026,1.0,1.2292368728703549,5.9039006531012195,31.48212598651336,96.78092844086581,2.965099253828006,2.9325997660201257,0.5141770976894253,0.0,0.3332,1.4153029727566797
3df6a4a61cdf53b073fe125e1463c7e3,WindowRegression,"{""window_size"": 10, ""input_dim"": ""univariate"", ""output_dim"": ""forecast_length"", ""normalize_window"": false, ""max_windows"": 200000, ""fourier_encoding_components"": null, ""scale"": false, ""datepart_method"": null, ""regression_type"": ""User"", ""regression_model"": {""model"": ""LightGBM"", ""model_params"": {""objective"": ""regression"", ""learning_rate"": 0.01, ""num_leaves"": 31, ""max_depth"": 5, ""boosting_type"": ""gbdt"", ""n_estimators"": 100, ""linear_tree"": false, ""lambda_l1"": 1, ""lambda_l2"": 0.0, ""min_data_in_leaf"": 30, ""feature_fraction"": 1.0, ""max_bin"": 255, ""device_type"": ""cuda""}}}","{""fillna"": null, ""transformations"": {}, ""transformation_params"": {}}",0 days 00:00:00.000182,0 days 00:00:00.072883,0 days 00:00:00.165583,0 days 00:00:00.276659,0,,1,0,1,2023-10-10 20:48:00,0.036330716255985045,9.961081084433886,15.983382034303792,0.8553578299675385,9.961081084433886,9.476062323330552,5.397320929751649e-06,-323.4926258635496,6.056313968170205,314.01656354021907,5.769364772677804,2.647045326175362,1.0,0.46875,65.31986052647335,1.0,1.229232529427515,5.903695086911453,31.48077028422906,96.77737110942245,2.965100128188554,2.9344466656492476,0.5141211454177016,0.0,0.036330716255985045,9.961081084433886,15.983382034303792,0.8553578299675385,9.961081084433886,9.476062323330552,5.397320929751649e-06,-323.4926258635496,6.056313968170205,314.01656354021907,5.769364772677804,2.647045326175362,1.0,0.46875,65.31986052647335,1.0,1.229232529427515,5.903695086911453,31.48077028422906,96.77737110942245,2.965100128188554,2.9344466656492476,0.5141211454177016,0.0,0.2767,1.4153038477986388
678f0000fdbf85c28a63493636336943,WindowRegression,"{""window_size"": 2, ""input_dim"": ""univariate"", ""output_dim"": ""forecast_length"", ""normalize_window"": false, ""max_windows"": 200000, ""fourier_encoding_components"": null, ""scale"": false, ""datepart_method"": null, ""regression_type"": ""User"", ""regression_model"": {""model"": ""LightGBM"", ""model_params"": {""objective"": ""regression"", ""learning_rate"": 0.7, ""num_leaves"": 31, ""max_depth"": 5, ""boosting_type"": ""gbdt"", ""n_estimators"": 100, ""linear_tree"": false, ""lambda_l1"": 10, ""lambda_l2"": 0.0, ""min_data_in_leaf"": 15, ""feature_fraction"": 1.0, ""max_bin"": 255, ""device_type"": ""cuda""}}}","{""fillna"": ""rolling_mean"", ""transformations"": {""0"": null}, ""transformation_params"": {""0"": {}}}",0 days 00:00:00.000203,0 days 00:00:00.065456,0 days 00:00:00.164109,0 days 00:00:00.267946,0,,1,0,1,2023-10-10 20:48:00,0.03632004272545311,9.958149967482484,15.983529361708628,0.8553450944628327,9.958149967482484,10.475496002789441,5.966572601172299e-06,-323.8985469608342,6.059742603744864,313.42305095804477,5.7613356355179395,2.647045326175362,1.0,0.46875,65.33541462970607,1.0,1.229171364135281,5.900800336938725,31.461679503032475,96.72730099847972,2.9651124407117306,2.9604544088446962,0.513333234534333,0.0,0.03632004272545311,9.958149967482484,15.983529361708628,0.8553450944628327,9.958149967482484,10.475496002789441,5.966572601172299e-06,-323.8985469608342,6.059742603744864,313.42305095804477,5.7613356355179395,2.647045326175362,1.0,0.46875,65.33541462970607,1.0,1.229171364135281,5.900800336938725,31.461679503032475,96.72730099847972,2.9651124407117306,2.9604544088446962,0.513333234534333,0.0,0.2679,1.4153168934132967
af4957c7902787e6e05df783721243cf,WindowRegression,"{""window_size"": 90, ""input_dim"": ""univariate"", ""output_dim"": ""forecast_length"", ""normalize_window"": false, ""max_windows"": 200000, ""fourier_encoding_components"": null, ""scale"": false, ""datepart_method"": null, ""regression_type"": ""User"", ""regression_model"": {""model"": ""LightGBM"", ""model_params"": {""objective"": ""regression"", ""learning_rate"": 0.01, ""num_leaves"": 70, ""max_depth"": 10, ""boosting_type"": ""dart"", ""n_estimators"": 50, ""linear_tree"": false, ""lambda_l1"": 0.0, ""lambda_l2"": 1, ""min_data_in_leaf"": 15, ""feature_fraction"": 0.5, ""max_bin"": 255, ""device_type"": ""cuda""}}}","{""fillna"": null, ""transformations"": {}, ""transformation_params"": {}}",0 days 00:00:00.000186,0 days 00:00:00.944073,0 days 00:00:00.167197,0 days 00:00:01.150235,0,,1,0,1,2023-10-10 20:48:00,0.03632005559565233,9.958098149662817,16.011520917799807,0.8580255595079097,9.958098149662817,23.368669544968725,1.331019203250442e-05,-330.3434755616945,6.128440258160534,306.9748060167258,5.706503351279668,2.647045326175362,1.0,0.46875,65.9810188443189,1.0,1.2291702827958504,5.868222395177697,31.382168158654626,96.78500860184954,2.972917774986933,3.251295883565413,0.41676031802751595,0.0,0.03632005559565233,9.958098149662817,16.011520917799807,0.8580255595079097,9.958098149662817,23.368669544968725,1.331019203250442e-05,-330.3434755616945,6.128440258160534,306.9748060167258,5.706503351279668,2.647045326175362,1.0,0.46875,65.9810188443189,1.0,1.2291702827958504,5.868222395177697,31.382168158654626,96.78500860184954,2.972917774986933,3.251295883565413,0.41676031802751595,0.0,1.1502,1.4177955025685238
976283bae01b3ff9e85dbe3b46fadced,WindowRegression,"{""window_size"": 20, ""input_dim"": ""univariate"", ""output_dim"": ""forecast_length"", ""normalize_window"": false, ""max_windows"": 200000, ""fourier_encoding_components"": null, ""scale"": false, ""datepart_method"": null, ""regression_type"": ""User"", ""regression_model"": {""model"": ""xgboost"", ""model_params"": {""booster"": ""gbtree"", ""objective"": ""reg:squarederror"", ""max_depth"": 6, ""eta"": 0.03, ""min_child_weight"": 1, ""subsample"": 1, ""colsample_bylevel"": 0.7, ""reg_alpha"": 0, ""reg_lambda"": 1, ""n_estimators"": 7, ""grow_policy"": ""lossguide"", ""tree_method"": ""hist"", ""device"": ""cuda""}}}","{""fillna"": ""linear"", ""transformations"": {""0"": null}, ""transformation_params"": {""0"": {}}}",0 days 00:00:00.000206,0 days 00:00:00.033158,0 days 00:00:00.163087,0 days 00:00:00.233988,0,,1,0,1,2023-10-10 20:48:00,0.036407879780978626,9.982165489947363,16.037752446855816,0.8567401376183401,9.982165489947363,7.8416871255067235,4.466422930003043e-06,-323.350139241069,6.062916246690758,315.50845211556225,5.789481984105622,2.647045326175362,1.0,0.46875,66.23595210333951,1.0,1.2296724201090976,5.898888451262422,31.533545663558247,97.00321540141331,2.9662496093154713,2.9063220534476115,0.4340219010728241,0.0,0.036407879780978626,9.982165489947363,16.037752446855816,0.8567401376183401,9.982165489947363,7.8416871255067235,4.466422930003043e-06,-323.350139241069,6.062916246690758,315.50845211556225,5.789481984105622,2.647045326175362,1.0,0.46875,66.23595210333951,1.0,1.2296724201090976,5.898888451262422,31.533545663558247,97.00321540141331,2.9662496093154713,2.9063220534476115,0.4340219010728241,0.0,0.234,1.4201182640420924
f23200d1504deecc9146760fccbdf465,WindowRegression,"{""window_size"": 5, ""input_dim"": ""univariate"", ""output_dim"": ""forecast_length"", ""normalize_window"": false, ""max_windows"": 200000, ""fourier_encoding_components"": null, ""scale"": false, ""datepart_method"": null, ""regression_type"": ""User"", ""regression_model"": {""model"": ""xgboost"", ""model_params"": {""booster"": ""gbtree"", ""objective"": ""reg:squarederror"", ""max_depth"": 3, ""eta"": 0.003, ""min_child_weight"": 1, ""subsample"": 1, ""colsample_bylevel"": 0.5, ""reg_alpha"": 0, ""reg_lambda"": 1, ""tree_method"": ""hist"", ""device"": ""cuda""}}}","{""fillna"": null, ""transformations"": {}, ""transformation_params"": {}}",0 days 00:00:00.000190,0 days 00:00:00.079292,0 days 00:00:00.171726,0 days 00:00:00.290040,0,,1,0,1,2023-10-10 20:48:00,0.036359387369064834,9.96885043570694,16.10473673791981,0.8591050066179502,9.96885043570694,13.648900183470687,7.774061853409754e-06,-325.82766403435744,6.077507805147378,312.17876385088675,5.75214325950221,2.647045326175362,1.0,0.453125,67.10309425535888,1.0,1.229394642196389,5.878820011578581,31.399581374387964,97.53050772655995,2.9707667956548334,3.094266320991809,0.4250237085680923,0.0,0.036359387369064834,9.96885043570694,16.10473673791981,0.8591050066179502,9.96885043570694,13.648900183470687,7.774061853409754e-06,-325.82766403435744,6.077507805147378,312.17876385088675,5.75214325950221,2.647045326175362,1.0,0.453125,67.10309425535888,1.0,1.229394642196389,5.878820011578581,31.399581374387964,97.53050772655995,2.9707667956548334,3.094266320991809,0.4250237085680923,0.0,0.29,1.4260496197890469
62e490ddb13340721a1a69b8348681e2,WindowRegression,"{""window_size"": 5, ""input_dim"": ""univariate"", ""output_dim"": ""forecast_length"", ""normalize_window"": false, ""max_windows"": 200000, ""fourier_encoding_components"": null, ""scale"": false, ""datepart_method"": null, ""regression_type"": ""User"", ""regression_model"": {""model"": ""xgboost"", ""model_params"": {""booster"": ""gbtree"", ""objective"": ""reg:squarederror"", ""max_depth"": 3, ""eta"": 0.003, ""min_child_weight"": 1, ""subsample"": 1, ""colsample_bylevel"": 0.5, ""reg_alpha"": 0, ""reg_lambda"": 1, ""tree_method"": ""hist"", ""device"": ""cuda""}}}","{""fillna"": ""ffill"", ""transformations"": {""0"": null}, ""transformation_params"": {""0"": {}}}",0 days 00:00:00.000214,0 days 00:00:00.079815,0 days 00:00:00.173479,0 days 00:00:00.292609,0,,1,0,1,2023-10-10 20:48:00,0.036359387369064834,9.96885043570694,16.10473673791981,0.8591050066179502,9.96885043570694,13.648900183470687,7.774061853409754e-06,-325.82766403435744,6.077507805147378,312.17876385088675,5.75214325950221,2.647045326175362,1.0,0.453125,67.10309425535888,1.0,1.229394642196389,5.878820011578581,31.399581374387964,97.53050772655995,2.9707667956548334,3.094266320991809,0.4250237085680923,0.0,0.036359387369064834,9.96885043570694,16.10473673791981,0.8591050066179502,9.96885043570694,13.648900183470687,7.774061853409754e-06,-325.82766403435744,6.077507805147378,312.17876385088675,5.75214325950221,2.647045326175362,1.0,0.453125,67.10309425535888,1.0,1.229394642196389,5.878820011578581,31.399581374387964,97.53050772655995,2.9707667956548334,3.094266320991809,0.4250237085680923,0.0,0.2926,1.4260496197890469
12280a5fb30b722a41740567f275e839,WindowRegression,"{""window_size"": 21, ""input_dim"": ""univariate"", ""output_dim"": ""forecast_length"", ""normalize_window"": false, ""max_windows"": 200000, ""fourier_encoding_components"": null, ""scale"": false, ""datepart_method"": null, ""regression_type"": ""User"", ""regression_model"": {""model"": ""LightGBM"", ""model_params"": {""objective"": ""regression"", ""learning_rate"": 0.01, ""num_leaves"": 70, ""max_depth"": 10, ""boosting_type"": ""gbdt"", ""n_estimators"": 50, ""linear_tree"": false, ""lambda_l1"": 0.0, ""lambda_l2"": 0.0, ""min_data_in_leaf"": 15, ""feature_fraction"": 0.8, ""max_bin"": 255, ""device_type"": ""cuda""}}}","{""fillna"": null, ""transformations"": {""0"": null}, ""transformation_params"": {""0"": {}}}",0 days 00:00:00.000203,0 days 00:00:00.676073,0 days 00:00:00.167273,0 days 00:00:00.881707,0,,1,0,1,2023-10-10 20:48:00,0.03668032932693747,10.056782296456333,16.155729385309645,0.8612542948142093,10.056782296456333,36.225169201828976,2.063292296373451e-05,-339.92961808751716,6.260221620252657,303.7044488856882,5.6872071687235035,2.647045326175362,1.0,0.484375,68.69461606264667,1.0,1.2312279120882845,5.936279626807677,31.62003319604455,98.11189050379662,2.9891000514585486,3.8065568267528325,0.5253206810986648,0.0,0.03668032932693747,10.056782296456333,16.155729385309645,0.8612542948142093,10.056782296456333,36.225169201828976,2.063292296373451e-05,-339.92961808751716,6.260221620252657,303.7044488856882,5.6872071687235035,2.647045326175362,1.0,0.484375,68.69461606264667,1.0,1.2312279120882845,5.936279626807677,31.62003319604455,98.11189050379662,2.9891000514585486,3.8065568267528325,0.5253206810986648,0.0,0.8817,1.430564940132725
68534460ae3142fd0ce1c990ff255fd2,WindowRegression,"{""window_size"": 10, ""input_dim"": ""univariate"", ""output_dim"": ""forecast_length"", ""normalize_window"": false, ""max_windows"": 200000, ""fourier_encoding_components"": null, ""scale"": false, ""datepart_method"": null, ""regression_type"": ""User"", ""regression_model"": {""model"": ""xgboost"", ""model_params"": {""booster"": ""gbtree"", ""objective"": ""reg:squarederror"", ""max_depth"": 6, ""eta"": 0.01, ""min_child_weight"": 1, ""subsample"": 1, ""colsample_bylevel"": 0.7, ""reg_alpha"": 0, ""reg_lambda"": 0.11, ""tree_method"": ""hist"", ""device"": ""cuda""}}}","{""fillna"": ""ffill"", ""transformations"": {""0"": null}, ""transformation_params"": {""0"": {}}}",0 days 00:00:00.000190,0 days 00:00:00.144808,0 days 00:00:00.177356,0 days 00:00:00.361441,0,,1,0,1,2023-10-10 20:48:00,0.03742257858407086,10.259875384044278,16.800610411025094,0.8824481680627451,10.259875384044278,28.27881176795563,1.6106882523124788e-05,-342.4554181733947,6.336498899396362,314.1766064054391,5.823004207162302,2.647045326175362,1.0,0.453125,75.7817390331802,1.0,1.2354517527976898,6.020825693242606,31.9634510330865,100.18322333418361,3.003920092895273,3.673760794065048,1.335287478362884,0.0,0.03742257858407086,10.259875384044278,16.800610411025094,0.8824481680627451,10.259875384044278,28.27881176795563,1.6106882523124788e-05,-342.4554181733947,6.336498899396362,314.1766064054391,5.823004207162302,2.647045326175362,1.0,0.453125,75.7817390331802,1.0,1.2354517527976898,6.020825693242606,31.9634510330865,100.18322333418361,3.003920092895273,3.673760794065048,1.335287478362884,0.0,0.3614,1.487668161159949
b74c6e65fa419b1aeb571b5fc96ff790,WindowRegression,"{""window_size"": 5, ""input_dim"": ""univariate"", ""output_dim"": ""forecast_length"", ""normalize_window"": false, ""max_windows"": 200000, ""fourier_encoding_components"": null, ""scale"": false, ""datepart_method"": null, ""regression_type"": ""User"", ""regression_model"": {""model"": ""xgboost"", ""model_params"": {""booster"": ""gbtree"", ""objective"": ""reg:squarederror"", ""max_depth"": 6, ""eta"": 0.03, ""min_child_weight"": 0.5, ""subsample"": 0.5, ""colsample_bylevel"": 0.5, ""reg_alpha"": 0, ""reg_lambda"": 1, ""tree_method"": ""hist"", ""device"": ""cuda""}}}","{""fillna"": ""rolling_mean"", ""transformations"": {""0"": null}, ""transformation_params"": {""0"": {}}}",0 days 00:00:00.000206,0 days 00:00:00.141709,0 days 00:00:00.178119,0 days 00:00:00.359118,0,,1,0,1,2023-10-10 20:48:00,0.038052733825985736,10.432603987305242,16.93394789586969,0.8956541245950731,10.432603987305242,52.51627760401607,2.9911918536768394e-05,-360.1014663957758,6.583192951092858,307.5851887917597,5.786212650026773,2.647045326175362,1.0,0.46875,76.75751325301098,1.0,1.2390327556336285,6.197491555001492,32.299672655771246,100.04781764956958,3.042011214584957,4.464952730131954,2.025460283692288,0.0,0.038052733825985736,10.432603987305242,16.93394789586969,0.8956541245950731,10.432603987305242,52.51627760401607,2.9911918536768394e-05,-360.1014663957758,6.583192951092858,307.5851887917597,5.786212650026773,2.647045326175362,1.0,0.46875,76.75751325301098,1.0,1.2390327556336285,6.197491555001492,32.299672655771246,100.04781764956958,3.042011214584957,4.464952730131954,2.025460283692288,0.0,0.3591,1.4994749899619715
c04e957c7ceb00fd784c5698ebc26afa,WindowRegression,"{""window_size"": 5, ""input_dim"": ""univariate"", ""output_dim"": ""forecast_length"", ""normalize_window"": false, ""max_windows"": 200000, ""fourier_encoding_components"": null, ""scale"": false, ""datepart_method"": null, ""regression_type"": ""User"", ""regression_model"": {""model"": ""xgboost"", ""model_params"": {""booster"": ""gbtree"", ""objective"": ""reg:squarederror"", ""max_depth"": 6, ""eta"": 0.03, ""min_child_weight"": 0.5, ""subsample"": 0.5, ""colsample_bylevel"": 0.5, ""reg_alpha"": 0, ""reg_lambda"": 1, ""tree_method"": ""hist"", ""device"": ""cuda""}}}","{""fillna"": null, ""transformations"": {}, ""transformation_params"": {}}",0 days 00:00:00.000186,0 days 00:00:00.141497,0 days 00:00:00.177480,0 days 00:00:00.358029,0,,1,0,1,2023-10-10 20:48:00,0.038052733825985736,10.432603987305242,16.93394789586969,0.8956541245950731,10.432603987305242,52.51627760401607,2.9911918536768394e-05,-360.1014663957758,6.583192951092858,307.5851887917597,5.786212650026773,2.647045326175362,1.0,0.46875,76.75751325301098,1.0,1.2390327556336285,6.197491555001492,32.299672655771246,100.04781764956958,3.042011214584957,4.464952730131954,2.025460283692288,0.0,0.038052733825985736,10.432603987305242,16.93394789586969,0.8956541245950731,10.432603987305242,52.51627760401607,2.9911918536768394e-05,-360.1014663957758,6.583192951092858,307.5851887917597,5.786212650026773,2.647045326175362,1.0,0.46875,76.75751325301098,1.0,1.2390327556336285,6.197491555001492,32.299672655771246,100.04781764956958,3.042011214584957,4.464952730131954,2.025460283692288,0.0,0.358,1.4994749899619715
1a43465f43c69a875a4ba64ffdd08763,WindowRegression,"{""window_size"": 5, ""input_dim"": ""univariate"", ""output_dim"": ""forecast_length"", ""normalize_window"": false, ""max_windows"": 200000, ""fourier_encoding_components"": null, ""scale"": false, ""datepart_method"": null, ""regression_type"": ""User"", ""regression_model"": {""model"": ""xgboost"", ""model_params"": {""booster"": ""gbtree"", ""objective"": ""reg:squarederror"", ""max_depth"": 6, ""eta"": 0.03, ""min_child_weight"": 0.5, ""subsample"": 0.5, ""colsample_bylevel"": 0.5, ""reg_alpha"": 0, ""reg_lambda"": 1, ""tree_method"": ""hist"", ""device"": ""cuda""}}}","{""fillna"": null, ""transformations"": {""0"": null}, ""transformation_params"": {""0"": {}}}",0 days 00:00:00.000197,0 days 00:00:00.141551,0 days 00:00:00.177694,0 days 00:00:00.358474,0,,1,0,1,2023-10-10 20:48:00,0.038052733825985736,10.432603987305242,16.93394789586969,0.8956541245950731,10.432603987305242,52.51627760401607,2.9911918536768394e-05,-360.1014663957758,6.583192951092858,307.5851887917597,5.786212650026773,2.647045326175362,1.0,0.46875,76.75751325301098,1.0,1.2390327556336285,6.197491555001492,32.299672655771246,100.04781764956958,3.042011214584957,4.464952730131954,2.025460283692288,0.0,0.038052733825985736,10.432603987305242,16.93394789586969,0.8956541245950731,10.432603987305242,52.51627760401607,2.9911918536768394e-05,-360.1014663957758,6.583192951092858,307.5851887917597,5.786212650026773,2.647045326175362,1.0,0.46875,76.75751325301098,1.0,1.2390327556336285,6.197491555001492,32.299672655771246,100.04781764956958,3.042011214584957,4.464952730131954,2.025460283692288,0.0,0.3585,1.4994749899619715
ae4ecf991c6ae1ea6d0a1bc472fb875b,WindowRegression,"{""window_size"": 10, ""input_dim"": ""univariate"", ""output_dim"": ""forecast_length"", ""normalize_window"": false, ""max_windows"": 200000, ""fourier_encoding_components"": null, ""scale"": false, ""datepart_method"": null, ""regression_type"": ""User"", ""regression_model"": {""model"": ""xgboost"", ""model_params"": {""booster"": ""gbtree"", ""objective"": ""reg:squarederror"", ""max_depth"": 6, ""eta"": 0.03, ""min_child_weight"": 1, ""subsample"": 0.5, ""colsample_bylevel"": 0.5, ""reg_alpha"": 0.001, ""reg_lambda"": 1, ""tree_method"": ""hist"", ""device"": ""cuda""}}}","{""fillna"": null, ""transformations"": {}, ""transformation_params"": {}}",0 days 00:00:00.000194,0 days 00:00:00.152970,0 days 00:00:00.179033,0 days 00:00:00.371214,0,,1,0,1,2023-10-10 20:48:00,0.038144642795573204,10.457559395633552,17.124635363152848,0.9004378591559815,10.457559395633552,43.96940335386171,2.504383919111671e-05,-356.62660233720453,6.573816960324374,312.6571989833428,5.816481105881348,2.647045326175362,1.0,0.46875,79.5471268947731,1.0,1.2395492749012267,6.163392424449908,32.131261135498086,99.51009479771812,3.05007965171687,4.2805954404909246,2.1291263721402647,0.0,0.038144642795573204,10.457559395633552,17.124635363152848,0.9004378591559815,10.457559395633552,43.96940335386171,2.504383919111671e-05,-356.62660233720453,6.573816960324374,312.6571989833428,5.816481105881348,2.647045326175362,1.0,0.46875,79.5471268947731,1.0,1.2395492749012267,6.163392424449908,32.131261135498086,99.51009479771812,3.05007965171687,4.2805954404909246,2.1291263721402647,0.0,0.3712,1.5163600713292071
85c106fa086e4a88e18a9f5327d0f2cf,WindowRegression,"{""window_size"": 10, ""input_dim"": ""univariate"", ""output_dim"": ""forecast_length"", ""normalize_window"": false, ""max_windows"": 200000, ""fourier_encoding_components"": null, ""scale"": false, ""datepart_method"": null, ""regression_type"": ""User"", ""regression_model"": {""model"": ""xgboost"", ""model_params"": {""booster"": ""gbtree"", ""objective"": ""reg:squarederror"", ""max_depth"": 6, ""eta"": 0.03, ""min_child_weight"": 1, ""subsample"": 0.5, ""colsample_bylevel"": 0.5, ""reg_alpha"": 0.001, ""reg_lambda"": 1, ""tree_method"": ""hist"", ""device"": ""cuda""}}}","{""fillna"": ""ffill_mean_biased"", ""transformations"": {""0"": null}, ""transformation_params"": {""0"": {}}}",0 days 00:00:00.000200,0 days 00:00:00.152288,0 days 00:00:00.178392,0 days 00:00:00.369945,0,,1,0,1,2023-10-10 20:48:00,0.038144642795573204,10.457559395633552,17.124635363152848,0.9004378591559815,10.457559395633552,43.96940335386171,2.504383919111671e-05,-356.62660233720453,6.573816960324374,312.6571989833428,5.816481105881348,2.647045326175362,1.0,0.46875,79.5471268947731,1.0,1.2395492749012267,6.163392424449908,32.131261135498086,99.51009479771812,3.05007965171687,4.2805954404909246,2.1291263721402647,0.0,0.038144642795573204,10.457559395633552,17.124635363152848,0.9004378591559815,10.457559395633552,43.96940335386171,2.504383919111671e-05,-356.62660233720453,6.573816960324374,312.6571989833428,5.816481105881348,2.647045326175362,1.0,0.46875,79.5471268947731,1.0,1.2395492749012267,6.163392424449908,32.131261135498086,99.51009479771812,3.05007965171687,4.2805954404909246,2.1291263721402647,0.0,0.3699,1.5163600713292071
eb6002a374a9873249010f0d4a07c486,WindowRegression,"{""window_size"": 10, ""input_dim"": ""univariate"", ""output_dim"": ""forecast_length"", ""normalize_window"": false, ""max_windows"": 200000, ""fourier_encoding_components"": null, ""scale"": false, ""datepart_method"": null, ""regression_type"": ""User"", ""regression_model"": {""model"": ""xgboost"", ""model_params"": {""booster"": ""gbtree"", ""objective"": ""reg:squarederror"", ""max_depth"": 6, ""eta"": 0.03, ""min_child_weight"": 1, ""subsample"": 0.5, ""colsample_bylevel"": 0.5, ""reg_alpha"": 0.001, ""reg_lambda"": 1, ""tree_method"": ""hist"", ""device"": ""cuda""}}}","{""fillna"": ""ffill"", ""transformations"": {""0"": null}, ""transformation_params"": {""0"": {}}}",0 days 00:00:00.000196,0 days 00:00:00.152710,0 days 00:00:00.178712,0 days 00:00:00.370685,0,,1,0,1,2023-10-10 20:48:00,0.038144642795573204,10.457559395633552,17.124635363152848,0.9004378591559815,10.457559395633552,43.96940335386171,2.504383919111671e-05,-356.62660233720453,6.573816960324374,312.6571989833428,5.816481105881348,2.647045326175362,1.0,0.46875,79.5471268947731,1.0,1.2395492749012267,6.163392424449908,32.131261135498086,99.51009479771812,3.05007965171687,4.2805954404909246,2.1291263721402647,0.0,0.038144642795573204,10.457559395633552,17.124635363152848,0.9004378591559815,10.457559395633552,43.96940335386171,2.504383919111671e-05,-356.62660233720453,6.573816960324374,312.6571989833428,5.816481105881348,2.647045326175362,1.0,0.46875,79.5471268947731,1.0,1.2395492749012267,6.163392424449908,32.131261135498086,99.51009479771812,3.05007965171687,4.2805954404909246,2.1291263721402647,0.0,0.3707,1.5163600713292071
aae4b48b17540daad69947938ebfcc9a,WindowRegression,"{""window_size"": 5, ""input_dim"": ""univariate"", ""output_dim"": ""forecast_length"", ""normalize_window"": false, ""max_windows"": 200000, ""fourier_encoding_components"": null, ""scale"": false, ""datepart_method"": null, ""regression_type"": ""User"", ""regression_model"": {""model"": ""xgboost"", ""model_params"": {""booster"": ""gbtree"", ""objective"": ""reg:squarederror"", ""max_depth"": 6, ""eta"": 0.05, ""min_child_weight"": 1, ""subsample"": 1, ""colsample_bylevel"": 1, ""reg_alpha"": 0.001, ""reg_lambda"": 1, ""tree_method"": ""hist"", ""device"": ""cuda""}}}","{""fillna"": null, ""transformations"": {}, ""transformation_params"": {}}",0 days 00:00:00.000174,0 days 00:00:00.085309,0 days 00:00:00.174672,0 days 00:00:00.299822,0,,1,0,1,2023-10-10 20:48:00,0.03813123202074329,10.454086801198457,17.226845357709724,0.9002436148528865,10.454086801198457,70.92721757922482,4.039831555211326e-05,-369.99438642796304,6.6913852566864085,299.0671688487382,5.6693020288686,2.647045326175362,1.0,0.46875,78.61611575366624,1.0,1.2394774131153743,6.2168122410971085,31.99093716241589,101.90979289382125,3.0602946383816896,5.099456236862211,2.203640139537781,0.0,0.03813123202074329,10.454086801198457,17.226845357709724,0.9002436148528865,10.454086801198457,70.92721757922482,4.039831555211326e-05,-369.99438642796304,6.6913852566864085,299.0671688487382,5.6693020288686,2.647045326175362,1.0,0.46875,78.61611575366624,1.0,1.2394774131153743,6.2168122410971085,31.99093716241589,101.90979289382125,3.0602946383816896,5.099456236862211,2.203640139537781,0.0,0.2998,1.5254106088355595
d8cd8b66a9a28255be6ed91e0ed0f3ea,WindowRegression,"{""window_size"": 10, ""input_dim"": ""univariate"", ""output_dim"": ""forecast_length"", ""normalize_window"": false, ""max_windows"": 200000, ""fourier_encoding_components"": null, ""scale"": false, ""datepart_method"": null, ""regression_type"": ""User"", ""regression_model"": {""model"": ""xgboost"", ""model_params"": {""booster"": ""gbtree"", ""colsample_bylevel"": 0.54, ""learning_rate"": 0.025, ""max_depth"": 11, ""min_child_weight"": 0.0127, ""n_estimators"": 240, ""tree_method"": ""hist"", ""objective"": ""reg:squarederror"", ""device"": ""cuda""}}}","{""fillna"": null, ""transformations"": {}, ""transformation_params"": {}}",0 days 00:00:00.000182,0 days 00:00:00.271515,0 days 00:00:00.190703,0 days 00:00:00.504049,0,,1,0,1,2023-10-10 20:48:00,0.038275687719563585,10.49354289710243,17.229321999302872,0.9079771914463564,10.49354289710243,43.92929212732997,2.5020992870029866e-05,-357.7580187709427,6.542856166029033,313.82872664361275,5.867912395285627,2.647045326175362,1.0,0.40625,79.34109596565395,1.0,1.2402936715122967,6.2388294912739015,31.95851997462779,101.4195373700306,3.0461384462575083,4.069923958273837,2.3398880149315024,0.0,0.038275687719563585,10.49354289710243,17.229321999302872,0.9079771914463564,10.49354289710243,43.92929212732997,2.5020992870029866e-05,-357.7580187709427,6.542856166029033,313.82872664361275,5.867912395285627,2.647045326175362,1.0,0.40625,79.34109596565395,1.0,1.2402936715122967,6.2388294912739015,31.95851997462779,101.4195373700306,3.0461384462575083,4.069923958273837,2.3398880149315024,0.0,0.504,1.5256299116319811
45bdced91dc2d47343e4838f14c37e0a,WindowRegression,"{""window_size"": 5, ""input_dim"": ""univariate"", ""output_dim"": ""forecast_length"", ""normalize_window"": false, ""max_windows"": 200000, ""fourier_encoding_components"": null, ""scale"": false, ""datepart_method"": null, ""regression_type"": ""User"", ""regression_model"": {""model"": ""xgboost"", ""model_params"": {""booster"": ""gbtree"", ""objective"": ""reg:squarederror"", ""max_depth"": 6, ""eta"": 0.03, ""min_child_weight"": 1, ""subsample"": 1, ""colsample_bylevel"": 1, ""reg_alpha"": 0, ""reg_lambda"": 1, ""tree_method"": ""hist"", ""device"": ""cuda""}}}","{""fillna"": null, ""transformations"": {}, ""transformation_params"": {}}",0 days 00:00:00.000185,0 days 00:00:00.116385,0 days 00:00:00.179205,0 days 00:00:00.335389,0,,1,0,1,2023-10-10 20:48:00,0.03902269219888532,10.698481570129786,17.432923161552985,0.9280650074339377,10.698481570129786,46.24847397267513,2.634193909079955e-05,-365.4756472304907,6.709147640332924,319.2271732578156,5.947557543615585,2.647045326175362,1.0,0.453125,81.63169223326986,1.0,1.244524782319637,6.387154027695673,32.78479668384294,104.80852174461208,3.101424233147677,4.444755963946408,3.0823539991672866,0.0,0.03902269219888532,10.698481570129786,17.432923161552985,0.9280650074339377,10.698481570129786,46.24847397267513,2.634193909079955e-05,-365.4756472304907,6.709147640332924,319.2271732578156,5.947557543615585,2.647045326175362,1.0,0.453125,81.63169223326986,1.0,1.244524782319637,6.387154027695673,32.78479668384294,104.80852174461208,3.101424233147677,4.444755963946408,3.0823539991672866,0.0,0.3354,1.5436584807877713
0fa87e2fe02d9f220491a11aeea01526,WindowRegression,"{""window_size"": 20, ""input_dim"": ""univariate"", ""output_dim"": ""forecast_length"", ""normalize_window"": false, ""max_windows"": 200000, ""fourier_encoding_components"": null, ""scale"": false, ""datepart_method"": null, ""regression_type"": ""User"", ""regression_model"": {""model"": ""LightGBM"", ""model_params"": {""objective"": ""regression"", ""learning_rate"": 0.1, ""num_leaves"": 31, ""max_depth"": 5, ""boosting_type"": ""gbdt"", ""n_estimators"": 100, ""linear_tree"": false, ""lambda_l1"": 0.0, ""lambda_l2"": 0.0, ""min_data_in_leaf"": 20, ""feature_fraction"": 1.0, ""max_bin"": 255, ""device_type"": ""cuda""}}}","{""fillna"": null, ""transformations"": {}, ""transformation_params"": {}}",0 days 00:00:00.000182,0 days 00:00:00.604680,0 days 00:00:00.166923,0 days 00:00:00.809703,0,,1,0,1,2023-10-10 20:48:00,0.043588541978342665,11.951357502786209,17.59695815159772,0.9555213762497993,11.951357502786209,50.254580331471516,2.8623714047461435e-05,-407.57073025489444,7.486235275356374,357.3161499234229,6.625898227546108,2.647045326175362,1.0,0.453125,77.4174075194278,1.0,1.2700848870198822,7.884177116084579,38.50565230506616,99.16737121837059,3.1700179532218153,4.930932162208821,6.454555789413889,0.0,0.043588541978342665,11.951357502786209,17.59695815159772,0.9555213762497993,11.951357502786209,50.254580331471516,2.8623714047461435e-05,-407.57073025489444,7.486235275356374,357.3161499234229,6.625898227546108,2.647045326175362,1.0,0.453125,77.4174075194278,1.0,1.2700848870198822,7.884177116084579,38.50565230506616,99.16737121837059,3.1700179532218153,4.930932162208821,6.454555789413889,0.0,0.8097,1.5581835263685915
e5ae2de7371edf27a15eeb18d98c909a,WindowRegression,"{""window_size"": 2, ""input_dim"": ""univariate"", ""output_dim"": ""forecast_length"", ""normalize_window"": false, ""max_windows"": 200000, ""fourier_encoding_components"": null, ""scale"": false, ""datepart_method"": null, ""regression_type"": ""User"", ""regression_model"": {""model"": ""xgboost"", ""model_params"": {""booster"": ""gbtree"", ""objective"": ""reg:squarederror"", ""max_depth"": 6, ""eta"": 0.01, ""min_child_weight"": 2, ""subsample"": 1, ""colsample_bylevel"": 1, ""reg_alpha"": 0, ""reg_lambda"": 1, ""n_estimators"": 100, ""tree_method"": ""hist"", ""device"": ""cuda""}}}","{""fillna"": null, ""transformations"": {}, ""transformation_params"": {}}",0 days 00:00:00.000187,0 days 00:00:00.140660,0 days 00:00:00.177124,0 days 00:00:00.356804,0,,1,0,1,2023-10-10 20:48:00,0.03787646403058414,10.383366738324526,17.71216379284345,0.8986805835769092,10.383366738324526,54.622542941018764,3.111159300060407e-05,-359.5790070968942,6.563620358322865,304.95646415587544,5.720468552516319,2.647045326175362,1.0,0.421875,88.19453323911875,1.0,1.2380130263545253,5.940339455878563,31.78901133492534,103.52454540611991,3.0013093109104956,4.552420343349941,2.1146189476369437,0.0,0.03787646403058414,10.383366738324526,17.71216379284345,0.8986805835769092,10.383366738324526,54.622542941018764,3.111159300060407e-05,-359.5790070968942,6.563620358322865,304.95646415587544,5.720468552516319,2.647045326175362,1.0,0.421875,88.19453323911875,1.0,1.2380130263545253,5.940339455878563,31.78901133492534,103.52454540611991,3.0013093109104956,4.552420343349941,2.1146189476369437,0.0,0.3568,1.5683848083621803
e6ea9313aa95ef4c63e4ec8ea0503d95,WindowRegression,"{""window_size"": 2, ""input_dim"": ""univariate"", ""output_dim"": ""forecast_length"", ""normalize_window"": false, ""max_windows"": 200000, ""fourier_encoding_components"": null, ""scale"": false, ""datepart_method"": null, ""regression_type"": ""User"", ""regression_model"": {""model"": ""xgboost"", ""model_params"": {""booster"": ""gbtree"", ""objective"": ""reg:squarederror"", ""max_depth"": 6, ""eta"": 0.01, ""min_child_weight"": 2, ""subsample"": 1, ""colsample_bylevel"": 1, ""reg_alpha"": 0, ""reg_lambda"": 1, ""n_estimators"": 100, ""tree_method"": ""hist"", ""device"": ""cuda""}}}","{""fillna"": null, ""transformations"": {""0"": null}, ""transformation_params"": {""0"": {}}}",0 days 00:00:00.000209,0 days 00:00:00.132337,0 days 00:00:00.177658,0 days 00:00:00.349021,0,,1,0,1,2023-10-10 20:48:00,0.03787646403058414,10.383366738324526,17.71216379284345,0.8986805835769092,10.383366738324526,54.622542941018764,3.111159300060407e-05,-359.5790070968942,6.563620358322865,304.95646415587544,5.720468552516319,2.647045326175362,1.0,0.421875,88.19453323911875,1.0,1.2380130263545253,5.940339455878563,31.78901133492534,103.52454540611991,3.0013093109104956,4.552420343349941,2.1146189476369437,0.0,0.03787646403058414,10.383366738324526,17.71216379284345,0.8986805835769092,10.383366738324526,54.622542941018764,3.111159300060407e-05,-359.5790070968942,6.563620358322865,304.95646415587544,5.720468552516319,2.647045326175362,1.0,0.421875,88.19453323911875,1.0,1.2380130263545253,5.940339455878563,31.78901133492534,103.52454540611991,3.0013093109104956,4.552420343349941,2.1146189476369437,0.0,0.349,1.5683848083621803
35fab7d1177be588676fef579812adba,WindowRegression,"{""window_size"": 2, ""input_dim"": ""univariate"", ""output_dim"": ""forecast_length"", ""normalize_window"": false, ""max_windows"": 200000, ""fourier_encoding_components"": null, ""scale"": false, ""datepart_method"": null, ""regression_type"": ""User"", ""regression_model"": {""model"": ""xgboost"", ""model_params"": {""booster"": ""gbtree"", ""objective"": ""reg:squarederror"", ""max_depth"": 6, ""eta"": 0.01, ""min_child_weight"": 2, ""subsample"": 1, ""colsample_bylevel"": 1, ""reg_alpha"": 0, ""reg_lambda"": 1, ""n_estimators"": 100, ""tree_method"": ""hist"", ""device"": ""cuda""}}}","{""fillna"": ""ffill_mean_biased"", ""transformations"": {""0"": null}, ""transformation_params"": {""0"": {}}}",0 days 00:00:00.000203,0 days 00:00:00.132194,0 days 00:00:00.177350,0 days 00:00:00.348775,0,,1,0,1,2023-10-10 20:48:00,0.03787646403058414,10.383366738324526,17.71216379284345,0.8986805835769092,10.383366738324526,54.622542941018764,3.111159300060407e-05,-359.5790070968942,6.563620358322865,304.95646415587544,5.720468552516319,2.647045326175362,1.0,0.421875,88.19453323911875,1.0,1.2380130263545253,5.940339455878563,31.78901133492534,103.52454540611991,3.0013093109104956,4.552420343349941,2.1146189476369437,0.0,0.03787646403058414,10.383366738324526,17.71216379284345,0.8986805835769092,10.383366738324526,54.622542941018764,3.111159300060407e-05,-359.5790070968942,6.563620358322865,304.95646415587544,5.720468552516319,2.647045326175362,1.0,0.421875,88.19453323911875,1.0,1.2380130263545253,5.940339455878563,31.78901133492534,103.52454540611991,3.0013093109104956,4.552420343349941,2.1146189476369437,0.0,0.3488,1.5683848083621803
974543be739ebd0f0fa3afbe59ca4a8d,WindowRegression,"{""window_size"": 10, ""input_dim"": ""univariate"", ""output_dim"": ""forecast_length"", ""normalize_window"": false, ""max_windows"": 200000, ""fourier_encoding_components"": null, ""scale"": false, ""datepart_method"": null, ""regression_type"": ""User"", ""regression_model"": {""model"": ""LightGBM"", ""model_params"": {""objective"": ""regression"", ""learning_rate"": 0.1, ""num_leaves"": 1000, ""max_depth"": 5, ""boosting_type"": ""gbdt"", ""n_estimators"": 100, ""linear_tree"": false, ""lambda_l1"": 0.0, ""lambda_l2"": 0.0, ""min_data_in_leaf"": 20, ""feature_fraction"": 1.0, ""max_bin"": 255, ""device_type"": ""cuda""}}}","{""fillna"": null, ""transformations"": {}, ""transformation_params"": {}}",0 days 00:00:00.000182,0 days 00:00:01.940786,0 days 00:00:00.169704,0 days 00:00:02.150005,0,,1,0,1,2023-10-10 20:48:00,0.04432067282212823,12.152920364119211,17.71346333151621,1.0118458086450683,12.152920364119211,22.229907845383423,1.2661582710883677e-05,-400.00840557450647,7.295197133511863,377.77849772912305,7.02075727074549,2.647045326175362,1.0,0.421875,68.49524099387781,1.0,1.274149120083335,7.992009054242469,39.21795878335473,120.13158540401817,3.2477497488003806,3.5340122960047657,6.229014347717051,0.0,0.04432067282212823,12.152920364119211,17.71346333151621,1.0118458086450683,12.152920364119211,22.229907845383423,1.2661582710883677e-05,-400.00840557450647,7.295197133511863,377.77849772912305,7.02075727074549,2.647045326175362,1.0,0.421875,68.49524099387781,1.0,1.274149120083335,7.992009054242469,39.21795878335473,120.13158540401817,3.2477497488003806,3.5340122960047657,6.229014347717051,0.0,2.15,1.568499880508987
1f6d6c1208602ae6521750e0c581a321,WindowRegression,"{""window_size"": 20, ""input_dim"": ""univariate"", ""output_dim"": ""forecast_length"", ""normalize_window"": false, ""max_windows"": 200000, ""fourier_encoding_components"": null, ""scale"": false, ""datepart_method"": null, ""regression_type"": ""User"", ""regression_model"": {""model"": ""xgboost"", ""model_params"": {""booster"": ""gbtree"", ""objective"": ""reg:squarederror"", ""max_depth"": 6, ""eta"": 0.3, ""min_child_weight"": 1, ""subsample"": 1, ""colsample_bylevel"": 1, ""reg_alpha"": 0, ""reg_lambda"": 1, ""tree_method"": ""hist"", ""device"": ""cuda""}}}","{""fillna"": null, ""transformations"": {""0"": null}, ""transformation_params"": {""0"": {}}}",0 days 00:00:00.000206,0 days 00:00:00.060187,0 days 00:00:00.282701,0 days 00:00:00.383268,0,,1,0,1,2023-10-10 20:48:00,0.040042974102845394,10.978080396246128,17.843621270879975,0.9640081169149289,10.978080396246128,58.80894733998139,3.349606107520658e-05,-380.7030463498668,6.896759623200563,321.8940990098854,6.030496295267469,2.647045326175362,1.0,0.46875,78.87278749335746,1.0,1.2502742141105356,6.434979181311872,32.194035503303276,103.0451004658466,3.1297291903862288,4.527284141106555,5.558178991455109,0.0,0.040042974102845394,10.978080396246128,17.843621270879975,0.9640081169149289,10.978080396246128,58.80894733998139,3.349606107520658e-05,-380.7030463498668,6.896759623200563,321.8940990098854,6.030496295267469,2.647045326175362,1.0,0.46875,78.87278749335746,1.0,1.2502742141105356,6.434979181311872,32.194035503303276,103.0451004658466,3.1297291903862288,4.527284141106555,5.558178991455109,0.0,0.3833,1.58002516545855
05878ff01e8132c79ce33c00df05018d,WindowRegression,"{""window_size"": 20, ""input_dim"": ""univariate"", ""output_dim"": ""forecast_length"", ""normalize_window"": false, ""max_windows"": 200000, ""fourier_encoding_components"": null, ""scale"": false, ""datepart_method"": null, ""regression_type"": ""User"", ""regression_model"": {""model"": ""LightGBM"", ""model_params"": {""objective"": ""regression"", ""learning_rate"": 0.7, ""num_leaves"": 31, ""max_depth"": -1, ""boosting_type"": ""dart"", ""n_estimators"": 50, ""linear_tree"": false, ""lambda_l1"": 0.0, ""lambda_l2"": 0.0, ""min_data_in_leaf"": 20, ""feature_fraction"": 1.0, ""max_bin"": 255, ""device_type"": ""cuda""}}}","{""fillna"": null, ""transformations"": {""0"": null}, ""transformation_params"": {""0"": {}}}",0 days 00:00:00.000216,0 days 00:00:00.324966,0 days 00:00:00.167205,0 days 00:00:00.533296,0,,1,0,1,2023-10-10 20:48:00,0.045619368745516344,12.508560251425934,18.29190070984404,1.0733777233617934,12.508560251425934,24.245576232133317,1.3809655486266209e-05,-412.39671616169653,7.563908939394411,388.1511399295632,7.119006376210669,2.647045326175362,1.0,0.390625,77.73893787463021,1.0,1.2812886611428043,8.157749178753942,41.82145904335912,91.43677531495248,3.3244778387333875,3.936292148748651,8.22808862449444,0.0,0.045619368745516344,12.508560251425934,18.29190070984404,1.0733777233617934,12.508560251425934,24.245576232133317,1.3809655486266209e-05,-412.39671616169653,7.563908939394411,388.1511399295632,7.119006376210669,2.647045326175362,1.0,0.390625,77.73893787463021,1.0,1.2812886611428043,8.157749178753942,41.82145904335912,91.43677531495248,3.3244778387333875,3.936292148748651,8.22808862449444,0.0,0.5333,1.6197196189536354
0f760decfc490502f2782c17cb181970,WindowRegression,"{""window_size"": 5, ""input_dim"": ""univariate"", ""output_dim"": ""forecast_length"", ""normalize_window"": false, ""max_windows"": 200000, ""fourier_encoding_components"": null, ""scale"": false, ""datepart_method"": null, ""regression_type"": ""User"", ""regression_model"": {""model"": ""xgboost"", ""model_params"": {""booster"": ""gbtree"", ""objective"": ""reg:squarederror"", ""max_depth"": 6, ""eta"": 0.3, ""min_child_weight"": 1, ""subsample"": 1, ""colsample_bylevel"": 0.9, ""reg_alpha"": 0, ""reg_lambda"": 5, ""n_estimators"": 100, ""grow_policy"": ""lossguide"", ""tree_method"": ""hist"", ""device"": ""cuda""}}}","{""fillna"": null, ""transformations"": {}, ""transformation_params"": {}}",0 days 00:00:00.000191,0 days 00:00:00.076694,0 days 00:00:00.171365,0 days 00:00:00.287870,0,,1,0,1,2023-10-10 20:48:00,0.04339046314263984,11.89575826371879,18.42177969982856,0.9694389441156323,11.89575826371879,91.12173189439636,5.190059055415607e-05,-426.22513038619945,7.731899995904618,335.1033984918031,6.312893374222437,2.647045326175362,1.0,0.421875,83.76180402954924,1.0,1.2689615156458414,7.377282428642637,36.95578404592607,110.28158715995086,3.1407608948454446,5.743926962436631,5.794406099149115,0.0,0.04339046314263984,11.89575826371879,18.42177969982856,0.9694389441156323,11.89575826371879,91.12173189439636,5.190059055415607e-05,-426.22513038619945,7.731899995904618,335.1033984918031,6.312893374222437,2.647045326175362,1.0,0.421875,83.76180402954924,1.0,1.2689615156458414,7.377282428642637,36.95578404592607,110.28158715995086,3.1407608948454446,5.743926962436631,5.794406099149115,0.0,0.2879,1.6312202033655439
b74c6e65fa419b1aeb571b5fc96ff790,WindowRegression,"{""window_size"": 5, ""input_dim"": ""univariate"", ""output_dim"": ""forecast_length"", ""normalize_window"": false, ""max_windows"": 200000, ""fourier_encoding_components"": null, ""scale"": false, ""datepart_method"": null, ""regression_type"": ""User"", ""regression_model"": {""model"": ""xgboost"", ""model_params"": {""booster"": ""gbtree"", ""objective"": ""reg:squarederror"", ""max_depth"": 6, ""eta"": 0.03, ""min_child_weight"": 0.5, ""subsample"": 0.5, ""colsample_bylevel"": 0.5, ""reg_alpha"": 0, ""reg_lambda"": 1, ""tree_method"": ""hist"", ""device"": ""cuda""}}}","{""fillna"": ""rolling_mean"", ""transformations"": {""0"": null}, ""transformation_params"": {""0"": {}}}",0 days 00:00:00.000209,0 days 00:00:00.137814,0 days 00:00:00.179737,0 days 00:00:00.357414,0,,1,0,2,2023-10-08 20:48:00,0.050403028679378875,14.068519539517183,18.831094669426456,3.2228217750316253,14.068519539517183,41.71653856838384,2.3349135308929147e-05,-429.33435598035794,7.832355595549555,471.0508945487418,8.61663436091644,7.880934702553588,1.0,0.46875,59.51876858443211,0.84375,5.520695121243465,9.57278193456026,49.853524070318265,57.796121887400254,3.265849504476163,3.5120904117818017,3.7440156330005556,0.0,0.050403028679378875,14.068519539517183,18.831094669426456,3.2228217750316253,14.068519539517183,41.71653856838384,2.3349135308929147e-05,-429.33435598035794,7.832355595549555,471.0508945487418,8.61663436091644,7.880934702553588,1.0,0.46875,59.51876858443211,0.84375,5.520695121243465,9.57278193456026,49.853524070318265,57.796121887400254,3.265849504476163,3.5120904117818017,3.7440156330005556,0.0,0.3574,1.6674644131448115
c04e957c7ceb00fd784c5698ebc26afa,WindowRegression,"{""window_size"": 5, ""input_dim"": ""univariate"", ""output_dim"": ""forecast_length"", ""normalize_window"": false, ""max_windows"": 200000, ""fourier_encoding_components"": null, ""scale"": false, ""datepart_method"": null, ""regression_type"": ""User"", ""regression_model"": {""model"": ""xgboost"", ""model_params"": {""booster"": ""gbtree"", ""objective"": ""reg:squarederror"", ""max_depth"": 6, ""eta"": 0.03, ""min_child_weight"": 0.5, ""subsample"": 0.5, ""colsample_bylevel"": 0.5, ""reg_alpha"": 0, ""reg_lambda"": 1, ""tree_method"": ""hist"", ""device"": ""cuda""}}}","{""fillna"": null, ""transformations"": {}, ""transformation_params"": {}}",0 days 00:00:00.000187,0 days 00:00:00.137876,0 days 00:00:00.179294,0 days 00:00:00.356732,0,,1,0,2,2023-10-08 20:48:00,0.050403028679378875,14.068519539517183,18.831094669426456,3.2228217750316253,14.068519539517183,41.71653856838384,2.3349135308929147e-05,-429.33435598035794,7.832355595549555,471.0508945487418,8.61663436091644,7.880934702553588,1.0,0.46875,59.51876858443211,0.84375,5.520695121243465,9.57278193456026,49.853524070318265,57.796121887400254,3.265849504476163,3.5120904117818017,3.7440156330005556,0.0,0.050403028679378875,14.068519539517183,18.831094669426456,3.2228217750316253,14.068519539517183,41.71653856838384,2.3349135308929147e-05,-429.33435598035794,7.832355595549555,471.0508945487418,8.61663436091644,7.880934702553588,1.0,0.46875,59.51876858443211,0.84375,5.520695121243465,9.57278193456026,49.853524070318265,57.796121887400254,3.265849504476163,3.5120904117818017,3.7440156330005556,0.0,0.3567,1.6674644131448115
1a43465f43c69a875a4ba64ffdd08763,WindowRegression,"{""window_size"": 5, ""input_dim"": ""univariate"", ""output_dim"": ""forecast_length"", ""normalize_window"": false, ""max_windows"": 200000, ""fourier_encoding_components"": null, ""scale"": false, ""datepart_method"": null, ""regression_type"": ""User"", ""regression_model"": {""model"": ""xgboost"", ""model_params"": {""booster"": ""gbtree"", ""objective"": ""reg:squarederror"", ""max_depth"": 6, ""eta"": 0.03, ""min_child_weight"": 0.5, ""subsample"": 0.5, ""colsample_bylevel"": 0.5, ""reg_alpha"": 0, ""reg_lambda"": 1, ""tree_method"": ""hist"", ""device"": ""cuda""}}}","{""fillna"": null, ""transformations"": {""0"": null}, ""transformation_params"": {""0"": {}}}",0 days 00:00:00.000200,0 days 00:00:00.137416,0 days 00:00:00.179101,0 days 00:00:00.356308,0,,1,0,2,2023-10-08 20:48:00,0.050403028679378875,14.068519539517183,18.831094669426456,3.2228217750316253,14.068519539517183,41.71653856838384,2.3349135308929147e-05,-429.33435598035794,7.832355595549555,471.0508945487418,8.61663436091644,7.880934702553588,1.0,0.46875,59.51876858443211,0.84375,5.520695121243465,9.57278193456026,49.853524070318265,57.796121887400254,3.265849504476163,3.5120904117818017,3.7440156330005556,0.0,0.050403028679378875,14.068519539517183,18.831094669426456,3.2228217750316253,14.068519539517183,41.71653856838384,2.3349135308929147e-05,-429.33435598035794,7.832355595549555,471.0508945487418,8.61663436091644,7.880934702553588,1.0,0.46875,59.51876858443211,0.84375,5.520695121243465,9.57278193456026,49.853524070318265,57.796121887400254,3.265849504476163,3.5120904117818017,3.7440156330005556,0.0,0.3563,1.6674644131448115
45bdced91dc2d47343e4838f14c37e0a,WindowRegression,"{""window_size"": 5, ""input_dim"": ""univariate"", ""output_dim"": ""forecast_length"", ""normalize_window"": false, ""max_windows"": 200000, ""fourier_encoding_components"": null, ""scale"": false, ""datepart_method"": null, ""regression_type"": ""User"", ""regression_model"": {""model"": ""xgboost"", ""model_params"": {""booster"": ""gbtree"", ""objective"": ""reg:squarederror"", ""max_depth"": 6, ""eta"": 0.03, ""min_child_weight"": 1, ""subsample"": 1, ""colsample_bylevel"": 1, ""reg_alpha"": 0, ""reg_lambda"": 1, ""tree_method"": ""hist"", ""device"": ""cuda""}}}","{""fillna"": null, ""transformations"": {}, ""transformation_params"": {}}",0 days 00:00:00.000189,0 days 00:00:00.109024,0 days 00:00:00.178478,0 days 00:00:00.327289,0,,1,0,2,2023-10-08 20:48:00,0.0497885574074743,13.89663198138038,18.84266441021209,3.1249804918986612,13.89663198138038,2.3638988766288094,1.3230962256504881e-06,-443.5102739658578,7.992388610364476,445.8741728424866,8.247568159129347,7.880934702553588,1.0,0.46875,60.21740795300502,0.84375,5.492386472631796,9.300921771663559,48.35976187360535,77.66069441403121,3.1767529676283983,3.2135614865643523,2.310820118097125,0.0,0.0497885574074743,13.89663198138038,18.84266441021209,3.1249804918986612,13.89663198138038,2.3638988766288094,1.3230962256504881e-06,-443.5102739658578,7.992388610364476,445.8741728424866,8.247568159129347,7.880934702553588,1.0,0.46875,60.21740795300502,0.84375,5.492386472631796,9.300921771663559,48.35976187360535,77.66069441403121,3.1767529676283983,3.2135614865643523,2.310820118097125,0.0,0.3273,1.6684888958617234
aae4b48b17540daad69947938ebfcc9a,WindowRegression,"{""window_size"": 5, ""input_dim"": ""univariate"", ""output_dim"": ""forecast_length"", ""normalize_window"": false, ""max_windows"": 200000, ""fourier_encoding_components"": null, ""scale"": false, ""datepart_method"": null, ""regression_type"": ""User"", ""regression_model"": {""model"": ""xgboost"", ""model_params"": {""booster"": ""gbtree"", ""objective"": ""reg:squarederror"", ""max_depth"": 6, ""eta"": 0.05, ""min_child_weight"": 1, ""subsample"": 1, ""colsample_bylevel"": 1, ""reg_alpha"": 0.001, ""reg_lambda"": 1, ""tree_method"": ""hist"", ""device"": ""cuda""}}}","{""fillna"": null, ""transformations"": {}, ""transformation_params"": {}}",0 days 00:00:00.000188,0 days 00:00:00.083169,0 days 00:00:00.286228,0 days 00:00:00.409412,0,,1,0,2,2023-10-08 20:48:00,0.0494876395009315,13.812506546926329,18.869898236362506,3.1173117493146045,13.812506546926329,20.578650000490597,1.1518062136169339e-05,-431.71088450139723,7.807265438278501,452.28953450188783,8.31423053490252,7.880934702553588,1.0,0.4375,59.052073691655096,0.859375,5.4260276308422375,9.142703147709822,47.66345964343237,66.50279969410734,3.1670802861764185,3.1892518833312096,1.941670904784583,0.0,0.0494876395009315,13.812506546926329,18.869898236362506,3.1173117493146045,13.812506546926329,20.578650000490597,1.1518062136169339e-05,-431.71088450139723,7.807265438278501,452.28953450188783,8.31423053490252,7.880934702553588,1.0,0.4375,59.052073691655096,0.859375,5.4260276308422375,9.142703147709822,47.66345964343237,66.50279969410734,3.1670802861764185,3.1892518833312096,1.941670904784583,0.0,0.4094,1.6709004091984025
0f760decfc490502f2782c17cb181970,WindowRegression,"{""window_size"": 5, ""input_dim"": ""univariate"", ""output_dim"": ""forecast_length"", ""normalize_window"": false, ""max_windows"": 200000, ""fourier_encoding_components"": null, ""scale"": false, ""datepart_method"": null, ""regression_type"": ""User"", ""regression_model"": {""model"": ""xgboost"", ""model_params"": {""booster"": ""gbtree"", ""objective"": ""reg:squarederror"", ""max_depth"": 6, ""eta"": 0.3, ""min_child_weight"": 1, ""subsample"": 1, ""colsample_bylevel"": 0.9, ""reg_alpha"": 0, ""reg_lambda"": 5, ""n_estimators"": 100, ""grow_policy"": ""lossguide"", ""tree_method"": ""hist"", ""device"": ""cuda""}}}","{""fillna"": null, ""transformations"": {}, ""transformation_params"": {}}",0 days 00:00:00.000186,0 days 00:00:00.074332,0 days 00:00:00.170832,0 days 00:00:00.284754,0,,1,0,2,2023-10-08 20:48:00,0.05060461759011396,14.12449770743865,19.21882433674264,3.3077820733407277,14.12449770743865,3.7372578219146817,2.0917780228864366e-06,-453.85255554899413,8.175703861011103,450.11529772707945,8.293271898842136,7.880934702553588,1.0,0.46875,58.81692081050278,0.859375,5.68832671000005,9.487984224769846,48.54482138297401,83.22685898921222,3.2427850228890494,3.526340309339082,6.032127470756509,0.0,0.05060461759011396,14.12449770743865,19.21882433674264,3.3077820733407277,14.12449770743865,3.7372578219146817,2.0917780228864366e-06,-453.85255554899413,8.175703861011103,450.11529772707945,8.293271898842136,7.880934702553588,1.0,0.46875,58.81692081050278,0.859375,5.68832671000005,9.487984224769846,48.54482138297401,83.22685898921222,3.2427850228890494,3.526340309339082,6.032127470756509,0.0,0.2848,1.7017972776712638
976283bae01b3ff9e85dbe3b46fadced,WindowRegression,"{""window_size"": 20, ""input_dim"": ""univariate"", ""output_dim"": ""forecast_length"", ""normalize_window"": false, ""max_windows"": 200000, ""fourier_encoding_components"": null, ""scale"": false, ""datepart_method"": null, ""regression_type"": ""User"", ""regression_model"": {""model"": ""xgboost"", ""model_params"": {""booster"": ""gbtree"", ""objective"": ""reg:squarederror"", ""max_depth"": 6, ""eta"": 0.03, ""min_child_weight"": 1, ""subsample"": 1, ""colsample_bylevel"": 0.7, ""reg_alpha"": 0, ""reg_lambda"": 1, ""n_estimators"": 7, ""grow_policy"": ""lossguide"", ""tree_method"": ""hist"", ""device"": ""cuda""}}}","{""fillna"": ""linear"", ""transformations"": {""0"": null}, ""transformation_params"": {""0"": {}}}",0 days 00:00:00.000206,0 days 00:00:00.029116,0 days 00:00:00.164442,0 days 00:00:00.232278,0,,1,0,2,2023-10-08 20:48:00,0.049906452028920884,13.928412311388229,19.248665649191683,3.161466636990162,13.928412311388229,13.285748239170061,7.436157072529782e-06,-439.0663198448383,7.955761813207687,452.35206808400835,8.301656619919092,7.880934702553588,1.0,0.453125,58.50643214032607,0.84375,5.639676835963955,9.01466917565092,48.7971251553347,68.65431783092797,3.1122323298998777,3.175249006225728,1.7262288731118163,0.0,0.049906452028920884,13.928412311388229,19.248665649191683,3.161466636990162,13.928412311388229,13.285748239170061,7.436157072529782e-06,-439.0663198448383,7.955761813207687,452.35206808400835,8.301656619919092,7.880934702553588,1.0,0.453125,58.50643214032607,0.84375,5.639676835963955,9.01466917565092,48.7971251553347,68.65431783092797,3.1122323298998777,3.175249006225728,1.7262288731118163,0.0,0.2323,1.7044396799013954
12280a5fb30b722a41740567f275e839,WindowRegression,"{""window_size"": 21, ""input_dim"": ""univariate"", ""output_dim"": ""forecast_length"", ""normalize_window"": false, ""max_windows"": 200000, ""fourier_encoding_components"": null, ""scale"": false, ""datepart_method"": null, ""regression_type"": ""User"", ""regression_model"": {""model"": ""LightGBM"", ""model_params"": {""objective"": ""regression"", ""learning_rate"": 0.01, ""num_leaves"": 70, ""max_depth"": 10, ""boosting_type"": ""gbdt"", ""n_estimators"": 50, ""linear_tree"": false, ""lambda_l1"": 0.0, ""lambda_l2"": 0.0, ""min_data_in_leaf"": 15, ""feature_fraction"": 0.8, ""max_bin"": 255, ""device_type"": ""cuda""}}}","{""fillna"": null, ""transformations"": {""0"": null}, ""transformation_params"": {""0"": {}}}",0 days 00:00:00.000211,0 days 00:00:00.663576,0 days 00:00:00.166251,0 days 00:00:00.868025,0,,1,0,2,2023-10-08 20:48:00,0.05042256497666662,14.072767899434723,19.26577015096128,3.177943589741788,14.072767899434723,29.747359626908292,1.664987433877035e-05,-435.454892968457,7.886708064552941,465.2022525953653,8.530751799985339,7.880934702553588,1.0,0.46875,56.59110694924675,0.84375,5.574088950973287,9.222433874241755,49.46305319021563,69.68789812864328,3.131425836278274,4.165796413572451,2.0682206105364456,0.0,0.05042256497666662,14.072767899434723,19.26577015096128,3.177943589741788,14.072767899434723,29.747359626908292,1.664987433877035e-05,-435.454892968457,7.886708064552941,465.2022525953653,8.530751799985339,7.880934702553588,1.0,0.46875,56.59110694924675,0.84375,5.574088950973287,9.222433874241755,49.46305319021563,69.68789812864328,3.131425836278274,4.165796413572451,2.0682206105364456,0.0,0.868,1.7059542571740425
af4957c7902787e6e05df783721243cf,WindowRegression,"{""window_size"": 90, ""input_dim"": ""univariate"", ""output_dim"": ""forecast_length"", ""normalize_window"": false, ""max_windows"": 200000, ""fourier_encoding_components"": null, ""scale"": false, ""datepart_method"": null, ""regression_type"": ""User"", ""regression_model"": {""model"": ""LightGBM"", ""model_params"": {""objective"": ""regression"", ""learning_rate"": 0.01, ""num_leaves"": 70, ""max_depth"": 10, ""boosting_type"": ""dart"", ""n_estimators"": 50, ""linear_tree"": false, ""lambda_l1"": 0.0, ""lambda_l2"": 1, ""min_data_in_leaf"": 15, ""feature_fraction"": 0.5, ""max_bin"": 255, ""device_type"": ""cuda""}}}","{""fillna"": null, ""transformations"": {}, ""transformation_params"": {}}",0 days 00:00:00.000187,0 days 00:00:00.918746,0 days 00:00:00.166446,0 days 00:00:01.123741,0,,1,0,2,2023-10-08 20:48:00,0.05026937974498731,14.029665704598813,19.28703885864649,3.159008921719856,14.029665704598813,14.673186034251557,8.21271893316872e-06,-441.6127095300362,7.992052667838109,456.2858955642878,8.37992795719522,7.880934702553588,1.0,0.46875,57.857623002339096,0.84375,5.606369760710077,9.161398646478524,49.065239661797676,70.05404935339465,3.1059716022972697,3.4671370917258844,1.6399413874262188,0.0,0.05026937974498731,14.029665704598813,19.28703885864649,3.159008921719856,14.029665704598813,14.673186034251557,8.21271893316872e-06,-441.6127095300362,7.992052667838109,456.2858955642878,8.37992795719522,7.880934702553588,1.0,0.46875,57.857623002339096,0.84375,5.606369760710077,9.161398646478524,49.065239661797676,70.05404935339465,3.1059716022972697,3.4671370917258844,1.6399413874262188,0.0,1.1237,1.7078375684632288
68534460ae3142fd0ce1c990ff255fd2,WindowRegression,"{""window_size"": 10, ""input_dim"": ""univariate"", ""output_dim"": ""forecast_length"", ""normalize_window"": false, ""max_windows"": 200000, ""fourier_encoding_components"": null, ""scale"": false, ""datepart_method"": null, ""regression_type"": ""User"", ""regression_model"": {""model"": ""xgboost"", ""model_params"": {""booster"": ""gbtree"", ""objective"": ""reg:squarederror"", ""max_depth"": 6, ""eta"": 0.01, ""min_child_weight"": 1, ""subsample"": 1, ""colsample_bylevel"": 0.7, ""reg_alpha"": 0, ""reg_lambda"": 0.11, ""tree_method"": ""hist"", ""device"": ""cuda""}}}","{""fillna"": ""ffill"", ""transformations"": {""0"": null}, ""transformation_params"": {""0"": {}}}",0 days 00:00:00.000213,0 days 00:00:00.138352,0 days 00:00:00.178599,0 days 00:00:00.356455,0,,1,0,2,2023-10-08 20:48:00,0.050168980250011166,14.001568822779461,19.29803913259218,3.145124032733441,14.001568822779461,4.350362943379878,2.4349386716593846e-06,-450.2253838006327,8.113150631859941,445.8750208572528,8.20626808110643,7.880934702553588,1.0,0.453125,58.92288467385879,0.84375,5.67200972207286,9.062737967871929,48.3937829672072,68.31088813074906,3.1468550885931212,2.7083187606082806,3.7260615001794446,0.0,0.050168980250011166,14.001568822779461,19.29803913259218,3.145124032733441,14.001568822779461,4.350362943379878,2.4349386716593846e-06,-450.2253838006327,8.113150631859941,445.8750208572528,8.20626808110643,7.880934702553588,1.0,0.453125,58.92288467385879,0.84375,5.67200972207286,9.062737967871929,48.3937829672072,68.31088813074906,3.1468550885931212,2.7083187606082806,3.7260615001794446,0.0,0.3565,1.7088116257690456
ae4ecf991c6ae1ea6d0a1bc472fb875b,WindowRegression,"{""window_size"": 10, ""input_dim"": ""univariate"", ""output_dim"": ""forecast_length"", ""normalize_window"": false, ""max_windows"": 200000, ""fourier_encoding_components"": null, ""scale"": false, ""datepart_method"": null, ""regression_type"": ""User"", ""regression_model"": {""model"": ""xgboost"", ""model_params"": {""booster"": ""gbtree"", ""objective"": ""reg:squarederror"", ""max_depth"": 6, ""eta"": 0.03, ""min_child_weight"": 1, ""subsample"": 0.5, ""colsample_bylevel"": 0.5, ""reg_alpha"": 0.001, ""reg_lambda"": 1, ""tree_method"": ""hist"", ""device"": ""cuda""}}}","{""fillna"": null, ""transformations"": {}, ""transformation_params"": {}}",0 days 00:00:00.000190,0 days 00:00:00.141394,0 days 00:00:00.177145,0 days 00:00:00.357626,0,,1,0,2,2023-10-08 20:48:00,0.05053179053306793,14.103145984341722,19.310457396085802,3.2619226044135474,14.103145984341722,20.40398911934608,1.142030281368061e-05,-441.0986769392621,7.965427054923242,461.50266605860816,8.454132509551279,7.880934702553588,1.0,0.46875,54.67280419582676,0.828125,5.665458218719995,9.227152457739807,48.702910990715225,65.24010179840883,3.2323677531573285,2.901934133992254,7.538166451386105,0.0,0.05053179053306793,14.103145984341722,19.310457396085802,3.2619226044135474,14.103145984341722,20.40398911934608,1.142030281368061e-05,-441.0986769392621,7.965427054923242,461.50266605860816,8.454132509551279,7.880934702553588,1.0,0.46875,54.67280419582676,0.828125,5.665458218719995,9.227152457739807,48.702910990715225,65.24010179840883,3.2323677531573285,2.901934133992254,7.538166451386105,0.0,0.3576,1.7099112438641257
85c106fa086e4a88e18a9f5327d0f2cf,WindowRegression,"{""window_size"": 10, ""input_dim"": ""univariate"", ""output_dim"": ""forecast_length"", ""normalize_window"": false, ""max_windows"": 200000, ""fourier_encoding_components"": null, ""scale"": false, ""datepart_method"": null, ""regression_type"": ""User"", ""regression_model"": {""model"": ""xgboost"", ""model_params"": {""booster"": ""gbtree"", ""objective"": ""reg:squarederror"", ""max_depth"": 6, ""eta"": 0.03, ""min_child_weight"": 1, ""subsample"": 0.5, ""colsample_bylevel"": 0.5, ""reg_alpha"": 0.001, ""reg_lambda"": 1, ""tree_method"": ""hist"", ""device"": ""cuda""}}}","{""fillna"": ""ffill_mean_biased"", ""transformations"": {""0"": null}, ""transformation_params"": {""0"": {}}}",0 days 00:00:00.000205,0 days 00:00:00.141660,0 days 00:00:00.179522,0 days 00:00:00.361109,0,,1,0,2,2023-10-08 20:48:00,0.05053179053306793,14.103145984341722,19.310457396085802,3.2619226044135474,14.103145984341722,20.40398911934608,1.142030281368061e-05,-441.0986769392621,7.965427054923242,461.50266605860816,8.454132509551279,7.880934702553588,1.0,0.46875,54.67280419582676,0.828125,5.665458218719995,9.227152457739807,48.702910990715225,65.24010179840883,3.2323677531573285,2.901934133992254,7.538166451386105,0.0,0.05053179053306793,14.103145984341722,19.310457396085802,3.2619226044135474,14.103145984341722,20.40398911934608,1.142030281368061e-05,-441.0986769392621,7.965427054923242,461.50266605860816,8.454132509551279,7.880934702553588,1.0,0.46875,54.67280419582676,0.828125,5.665458218719995,9.227152457739807,48.702910990715225,65.24010179840883,3.2323677531573285,2.901934133992254,7.538166451386105,0.0,0.3611,1.7099112438641257
eb6002a374a9873249010f0d4a07c486,WindowRegression,"{""window_size"": 10, ""input_dim"": ""univariate"", ""output_dim"": ""forecast_length"", ""normalize_window"": false, ""max_windows"": 200000, ""fourier_encoding_components"": null, ""scale"": false, ""datepart_method"": null, ""regression_type"": ""User"", ""regression_model"": {""model"": ""xgboost"", ""model_params"": {""booster"": ""gbtree"", ""objective"": ""reg:squarederror"", ""max_depth"": 6, ""eta"": 0.03, ""min_child_weight"": 1, ""subsample"": 0.5, ""colsample_bylevel"": 0.5, ""reg_alpha"": 0.001, ""reg_lambda"": 1, ""tree_method"": ""hist"", ""device"": ""cuda""}}}","{""fillna"": ""ffill"", ""transformations"": {""0"": null}, ""transformation_params"": {""0"": {}}}",0 days 00:00:00.000199,0 days 00:00:00.141729,0 days 00:00:00.178997,0 days 00:00:00.360433,0,,1,0,2,2023-10-08 20:48:00,0.05053179053306793,14.103145984341722,19.310457396085802,3.2619226044135474,14.103145984341722,20.40398911934608,1.142030281368061e-05,-441.0986769392621,7.965427054923242,461.50266605860816,8.454132509551279,7.880934702553588,1.0,0.46875,54.67280419582676,0.828125,5.665458218719995,9.227152457739807,48.702910990715225,65.24010179840883,3.2323677531573285,2.901934133992254,7.538166451386105,0.0,0.05053179053306793,14.103145984341722,19.310457396085802,3.2619226044135474,14.103145984341722,20.40398911934608,1.142030281368061e-05,-441.0986769392621,7.965427054923242,461.50266605860816,8.454132509551279,7.880934702553588,1.0,0.46875,54.67280419582676,0.828125,5.665458218719995,9.227152457739807,48.702910990715225,65.24010179840883,3.2323677531573285,2.901934133992254,7.538166451386105,0.0,0.3604,1.7099112438641257
678f0000fdbf85c28a63493636336943,WindowRegression,"{""window_size"": 2, ""input_dim"": ""univariate"", ""output_dim"": ""forecast_length"", ""normalize_window"": false, ""max_windows"": 200000, ""fourier_encoding_components"": null, ""scale"": false, ""datepart_method"": null, ""regression_type"": ""User"", ""regression_model"": {""model"": ""LightGBM"", ""model_params"": {""objective"": ""regression"", ""learning_rate"": 0.7, ""num_leaves"": 31, ""max_depth"": 5, ""boosting_type"": ""gbdt"", ""n_estimators"": 100, ""linear_tree"": false, ""lambda_l1"": 10, ""lambda_l2"": 0.0, ""min_data_in_leaf"": 15, ""feature_fraction"": 1.0, ""max_bin"": 255, ""device_type"": ""cuda""}}}","{""fillna"": ""rolling_mean"", ""transformations"": {""0"": null}, ""transformation_params"": {""0"": {}}}",0 days 00:00:00.000204,0 days 00:00:00.058952,0 days 00:00:00.165058,0 days 00:00:00.261723,0,,1,0,2,2023-10-08 20:48:00,0.04996062889286824,13.943409614540144,19.33363762435637,3.152607309559291,13.943409614540144,7.263771181733318,4.06560040683553e-06,-442.55722207441795,8.002542667758041,449.82099325615127,8.26443414173336,7.880934702553588,1.0,0.453125,58.3965277708121,0.84375,5.638893046886399,8.99187126918871,48.87914647824592,69.26676288922565,3.1002481348070945,3.037354673412991,2.02833273168367,0.0,0.04996062889286824,13.943409614540144,19.33363762435637,3.152607309559291,13.943409614540144,7.263771181733318,4.06560040683553e-06,-442.55722207441795,8.002542667758041,449.82099325615127,8.26443414173336,7.880934702553588,1.0,0.453125,58.3965277708121,0.84375,5.638893046886399,8.99187126918871,48.87914647824592,69.26676288922565,3.1002481348070945,3.037354673412991,2.02833273168367,0.0,0.2617,1.711963817355379
3df6a4a61cdf53b073fe125e1463c7e3,WindowRegression,"{""window_size"": 10, ""input_dim"": ""univariate"", ""output_dim"": ""forecast_length"", ""normalize_window"": false, ""max_windows"": 200000, ""fourier_encoding_components"": null, ""scale"": false, ""datepart_method"": null, ""regression_type"": ""User"", ""regression_model"": {""model"": ""LightGBM"", ""model_params"": {""objective"": ""regression"", ""learning_rate"": 0.01, ""num_leaves"": 31, ""max_depth"": 5, ""boosting_type"": ""gbdt"", ""n_estimators"": 100, ""linear_tree"": false, ""lambda_l1"": 1, ""lambda_l2"": 0.0, ""min_data_in_leaf"": 30, ""feature_fraction"": 1.0, ""max_bin"": 255, ""device_type"": ""cuda""}}}","{""fillna"": null, ""transformations"": {}, ""transformation_params"": {}}",0 days 00:00:00.000188,0 days 00:00:00.062352,0 days 00:00:00.164110,0 days 00:00:00.264355,0,,1,0,2,2023-10-08 20:48:00,0.049955024862751815,13.941849835065625,19.3338094336,3.15255086594748,13.941849835065625,8.865761079079675,4.962249078090009e-06,-441.70631418256016,7.991134043941865,450.57207526163984,8.274398026582334,7.880934702553588,1.0,0.453125,58.42154721699626,0.84375,5.639202305609362,8.98909129735222,48.86680377417054,69.23868809181042,3.1002668726453937,3.0839576166522145,2.024562481201267,0.0,0.049955024862751815,13.941849835065625,19.3338094336,3.15255086594748,13.941849835065625,8.865761079079675,4.962249078090009e-06,-441.70631418256016,7.991134043941865,450.57207526163984,8.274398026582334,7.880934702553588,1.0,0.453125,58.42154721699626,0.84375,5.639202305609362,8.98909129735222,48.86680377417054,69.23868809181042,3.1002668726453937,3.0839576166522145,2.024562481201267,0.0,0.2644,1.711979030799134
eea7f2af2406aa3f0f7813209c549655,WindowRegression,"{""window_size"": 5, ""input_dim"": ""univariate"", ""output_dim"": ""forecast_length"", ""normalize_window"": false, ""max_windows"": 200000, ""fourier_encoding_components"": null, ""scale"": false, ""datepart_method"": null, ""regression_type"": ""User"", ""regression_model"": {""model"": ""LightGBM"", ""model_params"": {""objective"": ""regression"", ""learning_rate"": 0.01, ""num_leaves"": 70, ""max_depth"": 10, ""boosting_type"": ""gbdt"", ""n_estimators"": 250, ""linear_tree"": false, ""lambda_l1"": 1, ""lambda_l2"": 0.0, ""min_data_in_leaf"": 20, ""feature_fraction"": 0.5, ""max_bin"": 255, ""device_type"": ""cuda""}}}","{""fillna"": null, ""transformations"": {""0"": null}, ""transformation_params"": {""0"": {}}}",0 days 00:00:00.000193,0 days 00:00:00.124842,0 days 00:00:00.165280,0 days 00:00:00.328947,0,,1,0,2,2023-10-08 20:48:00,0.04995476814561154,13.941778382502946,19.333818080324054,3.152548280299532,13.941778382502946,8.93914727617448,5.003324016341789e-06,-441.66733460200703,7.99061105122377,450.6064818781815,8.274854228646895,7.880934702553588,1.0,0.453125,58.422693342832645,0.84375,5.639216533722062,8.98896394850871,48.86623836229491,69.23740987054505,3.1002677310061473,3.0860924695605325,2.0243897682844607,0.0,0.04995476814561154,13.941778382502946,19.333818080324054,3.152548280299532,13.941778382502946,8.93914727617448,5.003324016341789e-06,-441.66733460200703,7.99061105122377,450.6064818781815,8.274854228646895,7.880934702553588,1.0,0.453125,58.422693342832645,0.84375,5.639216533722062,8.98896394850871,48.86623836229491,69.23740987054505,3.1002677310061473,3.0860924695605325,2.0243897682844607,0.0,0.3289,1.7119797964532242
71986e2c58b479ec429726e704873db7,WindowRegression,"{""window_size"": 20, ""input_dim"": ""univariate"", ""output_dim"": ""forecast_length"", ""normalize_window"": false, ""max_windows"": 200000, ""fourier_encoding_components"": null, ""scale"": false, ""datepart_method"": null, ""regression_type"": ""User"", ""regression_model"": {""model"": ""xgboost"", ""model_params"": {""booster"": ""gbtree"", ""objective"": ""reg:squarederror"", ""max_depth"": 9, ""eta"": 0.3, ""min_child_weight"": 2, ""subsample"": 1, ""colsample_bylevel"": 0.9, ""reg_alpha"": 100, ""reg_lambda"": 1, ""n_estimators"": 10, ""tree_method"": ""hist"", ""device"": ""cuda""}}}","{""fillna"": ""ffill_mean_biased"", ""transformations"": {""0"": null}, ""transformation_params"": {""0"": {}}}",0 days 00:00:00.000205,0 days 00:00:00.015576,0 days 00:00:00.163662,0 days 00:00:00.217957,0,,1,0,2,2023-10-08 20:48:00,0.04994805407507066,13.939909641630777,19.33406836944407,3.1524806563270165,13.939909641630777,10.85845961924133,6.077581016953282e-06,-440.6478787225642,7.976921576091307,451.50633834180553,8.28677807435186,7.880934702553588,1.0,0.453125,58.45266864539735,0.84375,5.639590552067773,8.985633319353063,48.85145081318598,69.20422456110249,3.1002901799572684,3.1494880820717244,2.019872705911359,0.0,0.04994805407507066,13.939909641630777,19.33406836944407,3.1524806563270165,13.939909641630777,10.85845961924133,6.077581016953282e-06,-440.6478787225642,7.976921576091307,451.50633834180553,8.28677807435186,7.880934702553588,1.0,0.453125,58.45266864539735,0.84375,5.639590552067773,8.985633319353063,48.85145081318598,69.20422456110249,3.1002901799572684,3.1494880820717244,2.019872705911359,0.0,0.218,1.712001959169091
f23200d1504deecc9146760fccbdf465,WindowRegression,"{""window_size"": 5, ""input_dim"": ""univariate"", ""output_dim"": ""forecast_length"", ""normalize_window"": false, ""max_windows"": 200000, ""fourier_encoding_components"": null, ""scale"": false, ""datepart_method"": null, ""regression_type"": ""User"", ""regression_model"": {""model"": ""xgboost"", ""model_params"": {""booster"": ""gbtree"", ""objective"": ""reg:squarederror"", ""max_depth"": 3, ""eta"": 0.003, ""min_child_weight"": 1, ""subsample"": 1, ""colsample_bylevel"": 0.5, ""reg_alpha"": 0, ""reg_lambda"": 1, ""tree_method"": ""hist"", ""device"": ""cuda""}}}","{""fillna"": null, ""transformations"": {}, ""transformation_params"": {}}",0 days 00:00:00.000187,0 days 00:00:00.078715,0 days 00:00:00.174319,0 days 00:00:00.292725,0,,1,0,2,2023-10-08 20:48:00,0.05005346410068502,13.969371573581213,19.348413778107346,3.164681521414504,13.969371573581213,7.381398449764674,4.1314374846837224e-06,-443.3291911297165,8.016092796298931,450.71058957948117,8.281254742143572,7.880934702553588,1.0,0.4375,58.461563195447525,0.84375,5.665116088805348,9.011285160743986,48.87171742550394,68.78827252918005,3.116088455545037,2.8991839317828494,1.7055421641874435,0.0,0.05005346410068502,13.969371573581213,19.348413778107346,3.164681521414504,13.969371573581213,7.381398449764674,4.1314374846837224e-06,-443.3291911297165,8.016092796298931,450.71058957948117,8.281254742143572,7.880934702553588,1.0,0.4375,58.461563195447525,0.84375,5.665116088805348,9.011285160743986,48.87171742550394,68.78827252918005,3.116088455545037,2.8991839317828494,1.7055421641874435,0.0,0.2927,1.7132722229990993
62e490ddb13340721a1a69b8348681e2,WindowRegression,"{""window_size"": 5, ""input_dim"": ""univariate"", ""output_dim"": ""forecast_length"", ""normalize_window"": false, ""max_windows"": 200000, ""fourier_encoding_components"": null, ""scale"": false, ""datepart_method"": null, ""regression_type"": ""User"", ""regression_model"": {""model"": ""xgboost"", ""model_params"": {""booster"": ""gbtree"", ""objective"": ""reg:squarederror"", ""max_depth"": 3, ""eta"": 0.003, ""min_child_weight"": 1, ""subsample"": 1, ""colsample_bylevel"": 0.5, ""reg_alpha"": 0, ""reg_lambda"": 1, ""tree_method"": ""hist"", ""device"": ""cuda""}}}","{""fillna"": ""ffill"", ""transformations"": {""0"": null}, ""transformation_params"": {""0"": {}}}",0 days 00:00:00.000200,0 days 00:00:00.078479,0 days 00:00:00.174125,0 days 00:00:00.292608,0,,1,0,2,2023-10-08 20:48:00,0.05005346410068502,13.969371573581213,19.348413778107346,3.164681521414504,13.969371573581213,7.381398449764674,4.1314374846837224e-06,-443.3291911297165,8.016092796298931,450.71058957948117,8.281254742143572,7.880934702553588,1.0,0.4375,58.461563195447525,0.84375,5.665116088805348,9.011285160743986,48.87171742550394,68.78827252918005,3.116088455545037,2.8991839317828494,1.7055421641874435,0.0,0.05005346410068502,13.969371573581213,19.348413778107346,3.164681521414504,13.969371573581213,7.381398449764674,4.1314374846837224e-06,-443.3291911297165,8.016092796298931,450.71058957948117,8.281254742143572,7.880934702553588,1.0,0.4375,58.461563195447525,0.84375,5.665116088805348,9.011285160743986,48.87171742550394,68.78827252918005,3.116088455545037,2.8991839317828494,1.7055421641874435,0.0,0.2926,1.7132722229990993
d8cd8b66a9a28255be6ed91e0ed0f3ea,WindowRegression,"{""window_size"": 10, ""input_dim"": ""univariate"", ""output_dim"": ""forecast_length"", ""normalize_window"": false, ""max_windows"": 200000, ""fourier_encoding_components"": null, ""scale"": false, ""datepart_method"": null, ""regression_type"": ""User"", ""regression_model"": {""model"": ""xgboost"", ""model_params"": {""booster"": ""gbtree"", ""colsample_bylevel"": 0.54, ""learning_rate"": 0.025, ""max_depth"": 11, ""min_child_weight"": 0.0127, ""n_estimators"": 240, ""tree_method"": ""hist"", ""objective"": ""reg:squarederror"", ""device"": ""cuda""}}}","{""fillna"": null, ""transformations"": {}, ""transformation_params"": {}}",0 days 00:00:00.000191,0 days 00:00:00.250904,0 days 00:00:00.190830,0 days 00:00:00.483232,0,,1,0,2,2023-10-08 20:48:00,0.05075723688339382,14.166512731608918,19.359926953482116,3.2326728324310063,14.166512731608918,9.634942375152605,5.392767015949686e-06,-458.1458785990617,8.226332020906206,448.5109362239091,8.288050854639984,7.880934702553588,1.0,0.46875,57.25154290900173,0.84375,5.7566158230816,9.233617685058224,49.88413946238853,66.4849904953097,3.2227035100791324,2.7718796784503636,5.150411315021964,0.0,0.05075723688339382,14.166512731608918,19.359926953482116,3.2326728324310063,14.166512731608918,9.634942375152605,5.392767015949686e-06,-458.1458785990617,8.226332020906206,448.5109362239091,8.288050854639984,7.880934702553588,1.0,0.46875,57.25154290900173,0.84375,5.7566158230816,9.233617685058224,49.88413946238853,66.4849904953097,3.2227035100791324,2.7718796784503636,5.150411315021964,0.0,0.4832,1.7142916969360495
35fab7d1177be588676fef579812adba,WindowRegression,"{""window_size"": 2, ""input_dim"": ""univariate"", ""output_dim"": ""forecast_length"", ""normalize_window"": false, ""max_windows"": 200000, ""fourier_encoding_components"": null, ""scale"": false, ""datepart_method"": null, ""regression_type"": ""User"", ""regression_model"": {""model"": ""xgboost"", ""model_params"": {""booster"": ""gbtree"", ""objective"": ""reg:squarederror"", ""max_depth"": 6, ""eta"": 0.01, ""min_child_weight"": 2, ""subsample"": 1, ""colsample_bylevel"": 1, ""reg_alpha"": 0, ""reg_lambda"": 1, ""n_estimators"": 100, ""tree_method"": ""hist"", ""device"": ""cuda""}}}","{""fillna"": ""ffill_mean_biased"", ""transformations"": {""0"": null}, ""transformation_params"": {""0"": {}}}",0 days 00:00:00.000202,0 days 00:00:00.124623,0 days 00:00:00.290439,0 days 00:00:00.455008,0,,1,0,2,2023-10-08 20:48:00,0.04991146588353598,13.930267699404851,19.490415535705786,3.228086364183802,13.930267699404851,23.078484317749826,1.2917242694448616e-05,-457.30780853983015,8.190605478383453,434.2293242220803,8.02791171098239,7.880934702553588,1.0,0.453125,59.279260727245855,0.859375,5.4700694764414965,8.980817792766242,48.652087161873304,68.82327683026645,3.2116571104502767,3.60481927123556,4.83094185704975,0.0,0.04991146588353598,13.930267699404851,19.490415535705786,3.228086364183802,13.930267699404851,23.078484317749826,1.2917242694448616e-05,-457.30780853983015,8.190605478383453,434.2293242220803,8.02791171098239,7.880934702553588,1.0,0.453125,59.279260727245855,0.859375,5.4700694764414965,8.980817792766242,48.652087161873304,68.82327683026645,3.2116571104502767,3.60481927123556,4.83094185704975,0.0,0.455,1.7258462598013171
e5ae2de7371edf27a15eeb18d98c909a,WindowRegression,"{""window_size"": 2, ""input_dim"": ""univariate"", ""output_dim"": ""forecast_length"", ""normalize_window"": false, ""max_windows"": 200000, ""fourier_encoding_components"": null, ""scale"": false, ""datepart_method"": null, ""regression_type"": ""User"", ""regression_model"": {""model"": ""xgboost"", ""model_params"": {""booster"": ""gbtree"", ""objective"": ""reg:squarederror"", ""max_depth"": 6, ""eta"": 0.01, ""min_child_weight"": 2, ""subsample"": 1, ""colsample_bylevel"": 1, ""reg_alpha"": 0, ""reg_lambda"": 1, ""n_estimators"": 100, ""tree_method"": ""hist"", ""device"": ""cuda""}}}","{""fillna"": null, ""transformations"": {}, ""transformation_params"": {}}",0 days 00:00:00.000192,0 days 00:00:00.124446,0 days 00:00:00.179678,0 days 00:00:00.343887,0,,1,0,2,2023-10-08 20:48:00,0.04991146588353598,13.930267699404851,19.490415535705786,3.228086364183802,13.930267699404851,23.078484317749826,1.2917242694448616e-05,-457.30780853983015,8.190605478383453,434.2293242220803,8.02791171098239,7.880934702553588,1.0,0.453125,59.279260727245855,0.859375,5.4700694764414965,8.980817792766242,48.652087161873304,68.82327683026645,3.2116571104502767,3.60481927123556,4.83094185704975,0.0,0.04991146588353598,13.930267699404851,19.490415535705786,3.228086364183802,13.930267699404851,23.078484317749826,1.2917242694448616e-05,-457.30780853983015,8.190605478383453,434.2293242220803,8.02791171098239,7.880934702553588,1.0,0.453125,59.279260727245855,0.859375,5.4700694764414965,8.980817792766242,48.652087161873304,68.82327683026645,3.2116571104502767,3.60481927123556,4.83094185704975,0.0,0.3439,1.7258462598013171
e6ea9313aa95ef4c63e4ec8ea0503d95,WindowRegression,"{""window_size"": 2, ""input_dim"": ""univariate"", ""output_dim"": ""forecast_length"", ""normalize_window"": false, ""max_windows"": 200000, ""fourier_encoding_components"": null, ""scale"": false, ""datepart_method"": null, ""regression_type"": ""User"", ""regression_model"": {""model"": ""xgboost"", ""model_params"": {""booster"": ""gbtree"", ""objective"": ""reg:squarederror"", ""max_depth"": 6, ""eta"": 0.01, ""min_child_weight"": 2, ""subsample"": 1, ""colsample_bylevel"": 1, ""reg_alpha"": 0, ""reg_lambda"": 1, ""n_estimators"": 100, ""tree_method"": ""hist"", ""device"": ""cuda""}}}","{""fillna"": null, ""transformations"": {""0"": null}, ""transformation_params"": {""0"": {}}}",0 days 00:00:00.000205,0 days 00:00:00.124557,0 days 00:00:00.179387,0 days 00:00:00.343542,0,,1,0,2,2023-10-08 20:48:00,0.04991146588353598,13.930267699404851,19.490415535705786,3.228086364183802,13.930267699404851,23.078484317749826,1.2917242694448616e-05,-457.30780853983015,8.190605478383453,434.2293242220803,8.02791171098239,7.880934702553588,1.0,0.453125,59.279260727245855,0.859375,5.4700694764414965,8.980817792766242,48.652087161873304,68.82327683026645,3.2116571104502767,3.60481927123556,4.83094185704975,0.0,0.04991146588353598,13.930267699404851,19.490415535705786,3.228086364183802,13.930267699404851,23.078484317749826,1.2917242694448616e-05,-457.30780853983015,8.190605478383453,434.2293242220803,8.02791171098239,7.880934702553588,1.0,0.453125,59.279260727245855,0.859375,5.4700694764414965,8.980817792766242,48.652087161873304,68.82327683026645,3.2116571104502767,3.60481927123556,4.83094185704975,0.0,0.3435,1.7258462598013171
1f6d6c1208602ae6521750e0c581a321,WindowRegression,"{""window_size"": 20, ""input_dim"": ""univariate"", ""output_dim"": ""forecast_length"", ""normalize_window"": false, ""max_windows"": 200000, ""fourier_encoding_components"": null, ""scale"": false, ""datepart_method"": null, ""regression_type"": ""User"", ""regression_model"": {""model"": ""xgboost"", ""model_params"": {""booster"": ""gbtree"", ""objective"": ""reg:squarederror"", ""max_depth"": 6, ""eta"": 0.3, ""min_child_weight"": 1, ""subsample"": 1, ""colsample_bylevel"": 1, ""reg_alpha"": 0, ""reg_lambda"": 1, ""tree_method"": ""hist"", ""device"": ""cuda""}}}","{""fillna"": null, ""transformations"": {""0"": null}, ""transformation_params"": {""0"": {}}}",0 days 00:00:00.000224,0 days 00:00:00.057700,0 days 00:00:00.172218,0 days 00:00:00.269703,0,,1,0,2,2023-10-08 20:48:00,0.051701680500897344,14.429991915761548,19.677356393211603,3.3007154726759045,14.429991915761548,69.90210187479533,3.9124857695890514e-05,-426.80869036697186,7.816814070706925,496.7107922417672,8.997714924809662,7.880934702553588,1.0,0.46875,63.28122117755629,0.84375,5.296313687941463,9.759982952848885,51.43180574036167,81.95258714270629,3.279060000992986,6.893005293367804,7.354353814229177,0.0,0.051701680500897344,14.429991915761548,19.677356393211603,3.3007154726759045,14.429991915761548,69.90210187479533,3.9124857695890514e-05,-426.80869036697186,7.816814070706925,496.7107922417672,8.997714924809662,7.880934702553588,1.0,0.46875,63.28122117755629,0.84375,5.296313687941463,9.759982952848885,51.43180574036167,81.95258714270629,3.279060000992986,6.893005293367804,7.354353814229177,0.0,0.2697,1.7423995846465168
0fa87e2fe02d9f220491a11aeea01526,WindowRegression,"{""window_size"": 20, ""input_dim"": ""univariate"", ""output_dim"": ""forecast_length"", ""normalize_window"": false, ""max_windows"": 200000, ""fourier_encoding_components"": null, ""scale"": false, ""datepart_method"": null, ""regression_type"": ""User"", ""regression_model"": {""model"": ""LightGBM"", ""model_params"": {""objective"": ""regression"", ""learning_rate"": 0.1, ""num_leaves"": 31, ""max_depth"": 5, ""boosting_type"": ""gbdt"", ""n_estimators"": 100, ""linear_tree"": false, ""lambda_l1"": 0.0, ""lambda_l2"": 0.0, ""min_data_in_leaf"": 20, ""feature_fraction"": 1.0, ""max_bin"": 255, ""device_type"": ""cuda""}}}","{""fillna"": null, ""transformations"": {}, ""transformation_params"": {}}",0 days 00:00:00.000198,0 days 00:00:00.589136,0 days 00:00:00.166666,0 days 00:00:00.794029,0,,1,0,2,2023-10-08 20:48:00,0.05095758914257262,14.223390748914653,20.105497398299004,3.268780514589173,14.223390748914653,83.04475615937554,4.648092374883267e-05,-413.62612588558113,7.5532817826590595,496.67088204495667,8.974463209705934,7.880934702553588,1.0,0.484375,66.70269311420634,0.84375,4.979084632686679,9.13473378644819,50.41597432139367,71.05300540112052,3.32024743879414,6.612048841369807,13.563002588820053,0.0,0.05095758914257262,14.223390748914653,20.105497398299004,3.268780514589173,14.223390748914653,83.04475615937554,4.648092374883267e-05,-413.62612588558113,7.5532817826590595,496.67088204495667,8.974463209705934,7.880934702553588,1.0,0.484375,66.70269311420634,0.84375,4.979084632686679,9.13473378644819,50.41597432139367,71.05300540112052,3.32024743879414,6.612048841369807,13.563002588820053,0.0,0.794,1.7803108108563437
974543be739ebd0f0fa3afbe59ca4a8d,WindowRegression,"{""window_size"": 10, ""input_dim"": ""univariate"", ""output_dim"": ""forecast_length"", ""normalize_window"": false, ""max_windows"": 200000, ""fourier_encoding_components"": null, ""scale"": false, ""datepart_method"": null, ""regression_type"": ""User"", ""regression_model"": {""model"": ""LightGBM"", ""model_params"": {""objective"": ""regression"", ""learning_rate"": 0.1, ""num_leaves"": 1000, ""max_depth"": 5, ""boosting_type"": ""gbdt"", ""n_estimators"": 100, ""linear_tree"": false, ""lambda_l1"": 0.0, ""lambda_l2"": 0.0, ""min_data_in_leaf"": 20, ""feature_fraction"": 1.0, ""max_bin"": 255, ""device_type"": ""cuda""}}}","{""fillna"": null, ""transformations"": {}, ""transformation_params"": {}}",0 days 00:00:00.000188,0 days 00:00:01.291295,0 days 00:00:00.164928,0 days 00:00:01.494287,0,,1,0,2,2023-10-08 20:48:00,0.05540186355987683,15.460830114004864,22.583853477381346,3.7038572929516738,15.460830114004864,114.09816164955191,6.386180412567889e-05,-437.6974828233797,7.975487409218876,551.7956444729316,9.824755978232611,7.880934702553588,1.0,0.453125,78.00853297939102,0.828125,6.0195463577532795,9.496794010046264,54.55515718434387,84.55145705077888,3.45717321456751,7.162224237729272,23.3299093704386,0.0,0.05540186355987683,15.460830114004864,22.583853477381346,3.7038572929516738,15.460830114004864,114.09816164955191,6.386180412567889e-05,-437.6974828233797,7.975487409218876,551.7956444729316,9.824755978232611,7.880934702553588,1.0,0.453125,78.00853297939102,0.828125,6.0195463577532795,9.496794010046264,54.55515718434387,84.55145705077888,3.45717321456751,7.162224237729272,23.3299093704386,0.0,1.4943,1.9997654223654888
05878ff01e8132c79ce33c00df05018d,WindowRegression,"{""window_size"": 20, ""input_dim"": ""univariate"", ""output_dim"": ""forecast_length"", ""normalize_window"": false, ""max_windows"": 200000, ""fourier_encoding_components"": null, ""scale"": false, ""datepart_method"": null, ""regression_type"": ""User"", ""regression_model"": {""model"": ""LightGBM"", ""model_params"": {""objective"": ""regression"", ""learning_rate"": 0.7, ""num_leaves"": 31, ""max_depth"": -1, ""boosting_type"": ""dart"", ""n_estimators"": 50, ""linear_tree"": false, ""lambda_l1"": 0.0, ""lambda_l2"": 0.0, ""min_data_in_leaf"": 20, ""feature_fraction"": 1.0, ""max_bin"": 255, ""device_type"": ""cuda""}}}","{""fillna"": null, ""transformations"": {""0"": null}, ""transformation_params"": {""0"": {}}}",0 days 00:00:00.000203,0 days 00:00:00.313461,0 days 00:00:00.163772,0 days 00:00:00.514891,0,,1,0,2,2023-10-08 20:48:00,0.059690056178414615,16.65988648132651,22.946951826804792,3.6275879196269845,16.65988648132651,33.5097500903903,1.875571933530237e-05,-516.3614923572532,9.20734645775001,549.8712424476435,9.890596092281905,7.880934702553588,1.0,0.5,62.54894860240165,0.84375,5.473098536185583,10.898760217877443,61.614136383464334,79.60384544844865,3.5103435864132946,3.7781117224487755,27.268482479383522,0.0,0.059690056178414615,16.65988648132651,22.946951826804792,3.6275879196269845,16.65988648132651,33.5097500903903,1.875571933530237e-05,-516.3614923572532,9.20734645775001,549.8712424476435,9.890596092281905,7.880934702553588,1.0,0.5,62.54894860240165,0.84375,5.473098536185583,10.898760217877443,61.614136383464334,79.60384544844865,3.5103435864132946,3.7781117224487755,27.268482479383522,0.0,0.5149,2.0319172216508594
