ID,Model,ModelParameters,TransformationParameters,TransformationRuntime,FitRuntime,PredictRuntime,TotalRuntime,Ensemble,Exceptions,Runs,Generation,ValidationRound,ValidationStartDate,smape,mae,rmse,made,mage,mate,matse,underestimate,mle,overestimate,imle,spl,containment,contour,maxe,oda,dwae,mqae,ewmae,uwmse,smoothness,wasserstein,dwd,custom,smape_weighted,mae_weighted,rmse_weighted,made_weighted,mage_weighted,mate_weighted,matse_weighted,underestimate_weighted,mle_weighted,overestimate_weighted,imle_weighted,spl_weighted,containment_weighted,contour_weighted,maxe_weighted,oda_weighted,dwae_weighted,mqae_weighted,ewmae_weighted,uwmse_weighted,smoothness_weighted,wasserstein_weighted,dwd_weighted,custom_weighted,TotalRuntimeSeconds,Score
ae4ecf991c6ae1ea6d0a1bc472fb875b,WindowRegression,"{""window_size"": 10, ""input_dim"": ""univariate"", ""output_dim"": ""forecast_length"", ""normalize_window"": false, ""max_windows"": 200000, ""fourier_encoding_components"": null, ""scale"": false, ""datepart_method"": null, ""regression_type"": ""User"", ""regression_model"": {""model"": ""xgboost"", ""model_params"": {""booster"": ""gbtree"", ""objective"": ""reg:squarederror"", ""max_depth"": 6, ""eta"": 0.03, ""min_child_weight"": 1, ""subsample"": 0.5, ""colsample_bylevel"": 0.5, ""reg_alpha"": 0.001, ""reg_lambda"": 1, ""tree_method"": ""hist"", ""device"": ""cuda""}}}","{""fillna"": null, ""transformations"": {}, ""transformation_params"": {}}",0 days 00:00:00.000202,0 days 00:00:00.145345,0 days 00:00:00.180680,0 days 00:00:00.366098,0,,1,0,1,2023-10-14 20:48:00,0.017209881817020854,4.619129888002874,7.38581811695863,0.7779065632727894,4.619129888002874,55.19822721298624,3.212840020729434e-05,-175.4112700225851,3.2951498634717806,120.21304280959885,2.685187488772964,13.376473697457747,1.0,0.515625,29.691903587434354,1.0,1.234173246230802,2.6209505514324754,13.572413308661016,6.432706857596652,2.226355764108715,2.7807550009076683,0.8874936821138698,0.0,0.017209881817020854,4.619129888002874,7.38581811695863,0.7779065632727894,4.619129888002874,55.19822721298624,3.212840020729434e-05,-175.4112700225851,3.2951498634717806,120.21304280959885,2.685187488772964,13.376473697457747,1.0,0.515625,29.691903587434354,1.0,1.234173246230802,2.6209505514324754,13.572413308661016,6.432706857596652,2.226355764108715,2.7807550009076683,0.8874936821138698,0.0,0.3661,1.0
45bdced91dc2d47343e4838f14c37e0a,WindowRegression,"{""window_size"": 5, ""input_dim"": ""univariate"", ""output_dim"": ""forecast_length"", ""normalize_window"": false, ""max_windows"": 200000, ""fourier_encoding_components"": null, ""scale"": false, ""datepart_method"": null, ""regression_type"": ""User"", ""regression_model"": {""model"": ""xgboost"", ""model_params"": {""booster"": ""gbtree"", ""objective"": ""reg:squarederror"", ""max_depth"": 6, ""eta"": 0.03, ""min_child_weight"": 1, ""subsample"": 1, ""colsample_bylevel"": 1, ""reg_alpha"": 0, ""reg_lambda"": 1, ""tree_method"": ""hist"", ""device"": ""cuda""}}}","{""fillna"": null, ""transformations"": {}, ""transformation_params"": {}}",0 days 00:00:00.000190,0 days 00:00:00.118403,0 days 00:00:00.180120,0 days 00:00:00.338627,0,,1,0,1,2023-10-14 20:48:00,0.017714378658672193,4.754526374786337,7.531499629468026,0.7718119684096725,4.754526374786337,56.73893764859531,3.302517831010916e-05,-180.51431281746045,3.3911067665751835,123.77537516886514,2.766067215213743,13.376473697457747,1.0,0.515625,29.42171028941084,1.0,1.2403705986161402,2.7354490699274012,14.552599435140536,6.5214491027453,2.2533374814385754,2.795811855458669,1.4704913234582206,0.0,0.017714378658672193,4.754526374786337,7.531499629468026,0.7718119684096725,4.754526374786337,56.73893764859531,3.302517831010916e-05,-180.51431281746045,3.3911067665751835,123.77537516886514,2.766067215213743,13.376473697457747,1.0,0.515625,29.42171028941084,1.0,1.2403705986161402,2.7354490699274012,14.552599435140536,6.5214491027453,2.2533374814385754,2.795811855458669,1.4704913234582206,0.0,0.3386,1.0197244922908264
c04e957c7ceb00fd784c5698ebc26afa,WindowRegression,"{""window_size"": 5, ""input_dim"": ""univariate"", ""output_dim"": ""forecast_length"", ""normalize_window"": false, ""max_windows"": 200000, ""fourier_encoding_components"": null, ""scale"": false, ""datepart_method"": null, ""regression_type"": ""User"", ""regression_model"": {""model"": ""xgboost"", ""model_params"": {""booster"": ""gbtree"", ""objective"": ""reg:squarederror"", ""max_depth"": 6, ""eta"": 0.03, ""min_child_weight"": 0.5, ""subsample"": 0.5, ""colsample_bylevel"": 0.5, ""reg_alpha"": 0, ""reg_lambda"": 1, ""tree_method"": ""hist"", ""device"": ""cuda""}}}","{""fillna"": null, ""transformations"": {}, ""transformation_params"": {}}",0 days 00:00:00.000181,0 days 00:00:00.140736,0 days 00:00:00.181030,0 days 00:00:00.362681,0,,1,0,1,2023-10-14 20:48:00,0.01796656774399329,4.822222810692892,7.580648672767193,0.7799442091400025,4.822222810692892,64.41244946270308,3.749158368229209e-05,-186.5173546735241,3.4654091660317063,122.10490521082102,2.783637689415612,13.376473697457747,1.0,0.5625,28.786507043096208,1.0,1.2434576097668693,2.771321468488909,14.878572918209134,6.7549641534223595,2.2617956867909106,2.940721616539285,0.9128813385543864,0.0,0.01796656774399329,4.822222810692892,7.580648672767193,0.7799442091400025,4.822222810692892,64.41244946270308,3.749158368229209e-05,-186.5173546735241,3.4654091660317063,122.10490521082102,2.783637689415612,13.376473697457747,1.0,0.5625,28.786507043096208,1.0,1.2434576097668693,2.771321468488909,14.878572918209134,6.7549641534223595,2.2617956867909106,2.940721616539285,0.9128813385543864,0.0,0.3627,1.026379008083236
27d05e3a05e1f9e5ed13a6d16ac8b120,WindowRegression,"{""window_size"": 90, ""input_dim"": ""univariate"", ""output_dim"": ""forecast_length"", ""normalize_window"": false, ""max_windows"": 200000, ""fourier_encoding_components"": null, ""scale"": false, ""datepart_method"": null, ""regression_type"": ""User"", ""regression_model"": {""model"": ""LightGBM"", ""model_params"": {""objective"": ""regression"", ""learning_rate"": 0.01, ""num_leaves"": 70, ""max_depth"": 10, ""boosting_type"": ""dart"", ""n_estimators"": 50, ""linear_tree"": false, ""lambda_l1"": 0.0, ""lambda_l2"": 1, ""min_data_in_leaf"": 15, ""feature_fraction"": 0.5, ""max_bin"": 255, ""device_type"": ""cuda""}}}","{""fillna"": ""ffill_mean_biased"", ""transformations"": {""0"": null}, ""transformation_params"": {""0"": {}}}",0 days 00:00:00.000203,0 days 00:00:00.939015,0 days 00:00:00.167767,0 days 00:00:01.146035,0,,1,0,1,2023-10-14 20:48:00,0.017411626065577075,4.673238562193092,7.613250801201546,0.7907458667052595,4.673238562193092,22.173295580032573,1.2906075978873392e-05,-160.63028178019522,3.164879586892879,138.45698620016265,2.866022597901629,13.376473697457747,1.0,0.484375,32.88513150306608,1.0,1.2366536279681533,2.603851728031023,13.620583199950758,7.02865210647923,2.2140197859076336,1.7864938638413894,0.6224244611135145,0.0,0.017411626065577075,4.673238562193092,7.613250801201546,0.7907458667052595,4.673238562193092,22.173295580032573,1.2906075978873392e-05,-160.63028178019522,3.164879586892879,138.45698620016265,2.866022597901629,13.376473697457747,1.0,0.484375,32.88513150306608,1.0,1.2366536279681533,2.603851728031023,13.620583199950758,7.02865210647923,2.2140197859076336,1.7864938638413894,0.6224244611135145,0.0,1.146,1.0307931607089953
af4957c7902787e6e05df783721243cf,WindowRegression,"{""window_size"": 90, ""input_dim"": ""univariate"", ""output_dim"": ""forecast_length"", ""normalize_window"": false, ""max_windows"": 200000, ""fourier_encoding_components"": null, ""scale"": false, ""datepart_method"": null, ""regression_type"": ""User"", ""regression_model"": {""model"": ""LightGBM"", ""model_params"": {""objective"": ""regression"", ""learning_rate"": 0.01, ""num_leaves"": 70, ""max_depth"": 10, ""boosting_type"": ""dart"", ""n_estimators"": 50, ""linear_tree"": false, ""lambda_l1"": 0.0, ""lambda_l2"": 1, ""min_data_in_leaf"": 15, ""feature_fraction"": 0.5, ""max_bin"": 255, ""device_type"": ""cuda""}}}","{""fillna"": null, ""transformations"": {}, ""transformation_params"": {}}",0 days 00:00:00.000185,0 days 00:00:00.939481,0 days 00:00:00.167794,0 days 00:00:01.146505,0,,1,0,1,2023-10-14 20:48:00,0.017411626065621005,4.673238562204915,7.613250801701915,0.7907458667807233,4.673238562204915,22.173295545973815,1.2906075959049324e-05,-160.6302817635442,3.164879586651264,138.45698621757037,2.8660225981104404,13.376473697457747,1.0,0.484375,32.88513150127983,1.0,1.2366536279686948,2.6038517276936344,13.620583199371689,7.028652107468878,2.2140197860894433,1.7864938635871714,0.6224244610533932,0.0,0.017411626065621005,4.673238562204915,7.613250801701915,0.7907458667807233,4.673238562204915,22.173295545973815,1.2906075959049324e-05,-160.6302817635442,3.164879586651264,138.45698621757037,2.8660225981104404,13.376473697457747,1.0,0.484375,32.88513150127983,1.0,1.2366536279686948,2.6038517276936344,13.620583199371689,7.028652107468878,2.2140197860894433,1.7864938635871714,0.6224244610533932,0.0,1.1465,1.0307931607767427
6306328e6ecfa16f7c9899ea4a9af5fb,WindowRegression,"{""window_size"": 90, ""input_dim"": ""univariate"", ""output_dim"": ""forecast_length"", ""normalize_window"": false, ""max_windows"": 200000, ""fourier_encoding_components"": null, ""scale"": false, ""datepart_method"": null, ""regression_type"": ""User"", ""regression_model"": {""model"": ""LightGBM"", ""model_params"": {""objective"": ""regression"", ""learning_rate"": 0.01, ""num_leaves"": 70, ""max_depth"": 10, ""boosting_type"": ""dart"", ""n_estimators"": 50, ""linear_tree"": false, ""lambda_l1"": 0.0, ""lambda_l2"": 1, ""min_data_in_leaf"": 15, ""feature_fraction"": 0.5, ""max_bin"": 255, ""device_type"": ""cuda""}}}","{""fillna"": ""rolling_mean"", ""transformations"": {""0"": null}, ""transformation_params"": {""0"": {}}}",0 days 00:00:00.000207,0 days 00:00:00.939688,0 days 00:00:00.167051,0 days 00:00:01.145859,0,,1,0,1,2023-10-14 20:48:00,0.017411626065528023,4.67323856217979,7.6132508019779435,0.7907458667445849,4.67323856217979,22.173295590400812,1.2906075984908276e-05,-160.6302817849537,3.1648795868427078,138.45698619455288,2.8660225977526634,13.376473697457747,1.0,0.484375,32.88513151093139,1.0,1.2366536279675442,2.6038517279156186,13.620583198388086,7.028652110154118,2.2140197860291315,1.7864938646132438,0.6224244610240988,0.0,0.017411626065528023,4.67323856217979,7.6132508019779435,0.7907458667445849,4.67323856217979,22.173295590400812,1.2906075984908276e-05,-160.6302817849537,3.1648795868427078,138.45698619455288,2.8660225977526634,13.376473697457747,1.0,0.484375,32.88513151093139,1.0,1.2366536279675442,2.6038517279156186,13.620583198388086,7.028652110154118,2.2140197860291315,1.7864938646132438,0.6224244610240988,0.0,1.1459,1.0307931608141154
2bdac2373a37168a37e9a09a054c0b82,WindowRegression,"{""window_size"": 90, ""input_dim"": ""univariate"", ""output_dim"": ""forecast_length"", ""normalize_window"": false, ""max_windows"": 200000, ""fourier_encoding_components"": null, ""scale"": false, ""datepart_method"": null, ""regression_type"": ""User"", ""regression_model"": {""model"": ""LightGBM"", ""model_params"": {""objective"": ""regression"", ""learning_rate"": 0.01, ""num_leaves"": 70, ""max_depth"": 10, ""boosting_type"": ""dart"", ""n_estimators"": 50, ""linear_tree"": false, ""lambda_l1"": 0.0, ""lambda_l2"": 1, ""min_data_in_leaf"": 15, ""feature_fraction"": 0.5, ""max_bin"": 255, ""device_type"": ""cuda""}}}","{""fillna"": null, ""transformations"": {""0"": null}, ""transformation_params"": {""0"": {}}}",0 days 00:00:00.000196,0 days 00:00:00.942042,0 days 00:00:00.167068,0 days 00:00:01.148207,0,,1,0,1,2023-10-14 20:48:00,0.017411626065461212,4.673238562161998,7.613250802000194,0.7907458667000637,4.673238562161998,22.173295586992026,1.2906075982924176e-05,-160.63028178267996,3.1648795867784947,138.45698619568793,2.8660225977433824,13.376473697457747,1.0,0.484375,32.885131506453035,1.0,1.2366536279667295,2.603851727834842,13.620583197920263,7.028652108697784,2.2140197859909994,1.7864938649145712,0.6224244612368538,0.0,0.017411626065461212,4.673238562161998,7.613250802000194,0.7907458667000637,4.673238562161998,22.173295586992026,1.2906075982924176e-05,-160.63028178267996,3.1648795867784947,138.45698619568793,2.8660225977433824,13.376473697457747,1.0,0.484375,32.885131506453035,1.0,1.2366536279667295,2.603851727834842,13.620583197920263,7.028652108697784,2.2140197859909994,1.7864938649145712,0.6224244612368538,0.0,1.1482,1.030793160817128
f23200d1504deecc9146760fccbdf465,WindowRegression,"{""window_size"": 5, ""input_dim"": ""univariate"", ""output_dim"": ""forecast_length"", ""normalize_window"": false, ""max_windows"": 200000, ""fourier_encoding_components"": null, ""scale"": false, ""datepart_method"": null, ""regression_type"": ""User"", ""regression_model"": {""model"": ""xgboost"", ""model_params"": {""booster"": ""gbtree"", ""objective"": ""reg:squarederror"", ""max_depth"": 3, ""eta"": 0.003, ""min_child_weight"": 1, ""subsample"": 1, ""colsample_bylevel"": 0.5, ""reg_alpha"": 0, ""reg_lambda"": 1, ""tree_method"": ""hist"", ""device"": ""cuda""}}}","{""fillna"": null, ""transformations"": {}, ""transformation_params"": {}}",0 days 00:00:00.000177,0 days 00:00:00.079984,0 days 00:00:00.175902,0 days 00:00:00.296183,0,,1,0,1,2023-10-14 20:48:00,0.017428337155569962,4.677727286754532,7.627783538632906,0.7880062377050895,4.677727286754532,42.462923421760934,2.4715753866549233e-05,-170.9187348870255,3.280504005118324,128.45581146526456,2.76525681861549,13.376473697457747,1.0,0.53125,33.31247375690509,1.0,1.2368591709931058,2.620766631738459,13.595107959858964,7.139699984795133,2.211784394579013,2.282911038647357,0.6764449870417617,0.0,0.017428337155569962,4.677727286754532,7.627783538632906,0.7880062377050895,4.677727286754532,42.462923421760934,2.4715753866549233e-05,-170.9187348870255,3.280504005118324,128.45581146526456,2.76525681861549,13.376473697457747,1.0,0.53125,33.31247375690509,1.0,1.2368591709931058,2.620766631738459,13.595107959858964,7.139699984795133,2.211784394579013,2.282911038647357,0.6764449870417617,0.0,0.2962,1.0327608150976122
90e1975e5cf81ed7185bd211ea6ce8e7,WindowRegression,"{""window_size"": 5, ""input_dim"": ""univariate"", ""output_dim"": ""forecast_length"", ""normalize_window"": false, ""max_windows"": 200000, ""fourier_encoding_components"": null, ""scale"": false, ""datepart_method"": null, ""regression_type"": ""User"", ""regression_model"": {""model"": ""xgboost"", ""model_params"": {""booster"": ""gbtree"", ""objective"": ""reg:squarederror"", ""max_depth"": 3, ""eta"": 0.003, ""min_child_weight"": 1, ""subsample"": 1, ""colsample_bylevel"": 0.5, ""reg_alpha"": 0, ""reg_lambda"": 1, ""tree_method"": ""hist"", ""device"": ""cuda""}}}","{""fillna"": null, ""transformations"": {""0"": null}, ""transformation_params"": {""0"": {}}}",0 days 00:00:00.000207,0 days 00:00:00.079463,0 days 00:00:00.175749,0 days 00:00:00.295251,0,,1,0,1,2023-10-14 20:48:00,0.017428337155569962,4.677727286754532,7.627783538632906,0.7880062377050895,4.677727286754532,42.462923421760934,2.4715753866549233e-05,-170.9187348870255,3.280504005118324,128.45581146526456,2.76525681861549,13.376473697457747,1.0,0.53125,33.31247375690509,1.0,1.2368591709931058,2.620766631738459,13.595107959858964,7.139699984795133,2.211784394579013,2.282911038647357,0.6764449870417617,0.0,0.017428337155569962,4.677727286754532,7.627783538632906,0.7880062377050895,4.677727286754532,42.462923421760934,2.4715753866549233e-05,-170.9187348870255,3.280504005118324,128.45581146526456,2.76525681861549,13.376473697457747,1.0,0.53125,33.31247375690509,1.0,1.2368591709931058,2.620766631738459,13.595107959858964,7.139699984795133,2.211784394579013,2.282911038647357,0.6764449870417617,0.0,0.2953,1.0327608150976122
68534460ae3142fd0ce1c990ff255fd2,WindowRegression,"{""window_size"": 10, ""input_dim"": ""univariate"", ""output_dim"": ""forecast_length"", ""normalize_window"": false, ""max_windows"": 200000, ""fourier_encoding_components"": null, ""scale"": false, ""datepart_method"": null, ""regression_type"": ""User"", ""regression_model"": {""model"": ""xgboost"", ""model_params"": {""booster"": ""gbtree"", ""objective"": ""reg:squarederror"", ""max_depth"": 6, ""eta"": 0.01, ""min_child_weight"": 1, ""subsample"": 1, ""colsample_bylevel"": 0.7, ""reg_alpha"": 0, ""reg_lambda"": 0.11, ""tree_method"": ""hist"", ""device"": ""cuda""}}}","{""fillna"": ""ffill"", ""transformations"": {""0"": null}, ""transformation_params"": {""0"": {}}}",0 days 00:00:00.000215,0 days 00:00:00.150051,0 days 00:00:00.181691,0 days 00:00:00.371902,0,,1,0,1,2023-10-14 20:48:00,0.017576265090894626,4.717380835636618,7.637655360075115,0.781598269131079,4.717380835636618,42.47943742048665,2.472536592090082e-05,-172.1959054506151,3.300345024887614,129.71646803012845,2.7967913449055333,13.376473697457747,1.0,0.515625,32.472475799775566,1.0,1.2386734636979129,2.6371660266718715,13.582276419314171,6.892177812697987,2.215928057169079,2.28948418151472,0.8102653461132491,0.0,0.017576265090894626,4.717380835636618,7.637655360075115,0.781598269131079,4.717380835636618,42.47943742048665,2.472536592090082e-05,-172.1959054506151,3.300345024887614,129.71646803012845,2.7967913449055333,13.376473697457747,1.0,0.515625,32.472475799775566,1.0,1.2386734636979129,2.6371660266718715,13.582276419314171,6.892177812697987,2.215928057169079,2.28948418151472,0.8102653461132491,0.0,0.3719,1.0340974065605868
976283bae01b3ff9e85dbe3b46fadced,WindowRegression,"{""window_size"": 20, ""input_dim"": ""univariate"", ""output_dim"": ""forecast_length"", ""normalize_window"": false, ""max_windows"": 200000, ""fourier_encoding_components"": null, ""scale"": false, ""datepart_method"": null, ""regression_type"": ""User"", ""regression_model"": {""model"": ""xgboost"", ""model_params"": {""booster"": ""gbtree"", ""objective"": ""reg:squarederror"", ""max_depth"": 6, ""eta"": 0.03, ""min_child_weight"": 1, ""subsample"": 1, ""colsample_bylevel"": 0.7, ""reg_alpha"": 0, ""reg_lambda"": 1, ""n_estimators"": 7, ""grow_policy"": ""lossguide"", ""tree_method"": ""hist"", ""device"": ""cuda""}}}","{""fillna"": ""linear"", ""transformations"": {""0"": null}, ""transformation_params"": {""0"": {}}}",0 days 00:00:00.000205,0 days 00:00:00.037480,0 days 00:00:00.165883,0 days 00:00:00.242215,0,,1,0,1,2023-10-14 20:48:00,0.0174806264377864,4.691757056068923,7.649291604404526,0.7933002492224406,4.691757056068923,43.161889273047564,2.5122590385314927e-05,-171.7171704307293,3.294077512244062,128.55528115768175,2.768345597885391,13.376473697457747,1.0,0.53125,33.67736811917348,1.0,1.2375013875450558,2.6303815609537398,13.65649212587699,7.204299790103009,2.220701407639802,2.2973570501347633,0.47187161357813406,0.0,0.0174806264377864,4.691757056068923,7.649291604404526,0.7933002492224406,4.691757056068923,43.161889273047564,2.5122590385314927e-05,-171.7171704307293,3.294077512244062,128.55528115768175,2.768345597885391,13.376473697457747,1.0,0.53125,33.67736811917348,1.0,1.2375013875450558,2.6303815609537398,13.65649212587699,7.204299790103009,2.220701407639802,2.2973570501347633,0.47187161357813406,0.0,0.2422,1.035672891380974
678f0000fdbf85c28a63493636336943,WindowRegression,"{""window_size"": 2, ""input_dim"": ""univariate"", ""output_dim"": ""forecast_length"", ""normalize_window"": false, ""max_windows"": 200000, ""fourier_encoding_components"": null, ""scale"": false, ""datepart_method"": null, ""regression_type"": ""User"", ""regression_model"": {""model"": ""LightGBM"", ""model_params"": {""objective"": ""regression"", ""learning_rate"": 0.7, ""num_leaves"": 31, ""max_depth"": 5, ""boosting_type"": ""gbdt"", ""n_estimators"": 100, ""linear_tree"": false, ""lambda_l1"": 10, ""lambda_l2"": 0.0, ""min_data_in_leaf"": 15, ""feature_fraction"": 1.0, ""max_bin"": 255, ""device_type"": ""cuda""}}}","{""fillna"": ""rolling_mean"", ""transformations"": {""0"": null}, ""transformation_params"": {""0"": {}}}",0 days 00:00:00.000204,0 days 00:00:00.064555,0 days 00:00:00.165434,0 days 00:00:00.268337,0,,1,0,1,2023-10-14 20:48:00,0.017376808100428034,4.663882127824877,7.664356883387644,0.7935629200911408,4.663882127824877,41.4118197735952,2.410395380751272e-05,-169.95013797719366,3.2674593735283946,128.53831820359846,2.754982288495703,13.376473697457747,1.0,0.546875,34.10132288093155,1.0,1.2362250779583237,2.5894866234135674,13.58866293681221,7.247758046235083,2.2151860263856338,2.2338205622678142,0.5710534999164179,0.0,0.017376808100428034,4.663882127824877,7.664356883387644,0.7935629200911408,4.663882127824877,41.4118197735952,2.410395380751272e-05,-169.95013797719366,3.2674593735283946,128.53831820359846,2.754982288495703,13.376473697457747,1.0,0.546875,34.10132288093155,1.0,1.2362250779583237,2.5894866234135674,13.58866293681221,7.247758046235083,2.2151860263856338,2.2338205622678142,0.5710534999164179,0.0,0.2683,1.0377126490279336
d3288b89154151e477bb8f1bbe96e8f0,WindowRegression,"{""window_size"": 10, ""input_dim"": ""univariate"", ""output_dim"": ""forecast_length"", ""normalize_window"": false, ""max_windows"": 200000, ""fourier_encoding_components"": null, ""scale"": false, ""datepart_method"": null, ""regression_type"": ""User"", ""regression_model"": {""model"": ""LightGBM"", ""model_params"": {""objective"": ""regression"", ""learning_rate"": 0.01, ""num_leaves"": 31, ""max_depth"": 5, ""boosting_type"": ""gbdt"", ""n_estimators"": 100, ""linear_tree"": false, ""lambda_l1"": 1, ""lambda_l2"": 0.0, ""min_data_in_leaf"": 30, ""feature_fraction"": 1.0, ""max_bin"": 255, ""device_type"": ""cuda""}}}","{""fillna"": ""ffill"", ""transformations"": {""0"": null}, ""transformation_params"": {""0"": {}}}",0 days 00:00:00.000202,0 days 00:00:00.072956,0 days 00:00:00.166003,0 days 00:00:00.277313,0,,1,0,1,2023-10-14 20:48:00,0.01737844489584993,4.66432141215904,7.6646539679075,0.7935690942960429,4.66432141215904,41.63678217443157,2.4234894281701797e-05,-170.07667627630508,3.268953244591141,128.4398941018735,2.754166675329031,13.376473697457747,1.0,0.546875,34.10483309909978,1.0,1.236245201693085,2.5900073542178923,13.590639829673583,7.249760199841698,2.215179837010887,2.242005818842034,0.571454281807938,0.0,0.01737844489584993,4.66432141215904,7.6646539679075,0.7935690942960429,4.66432141215904,41.63678217443157,2.4234894281701797e-05,-170.07667627630508,3.268953244591141,128.4398941018735,2.754166675329031,13.376473697457747,1.0,0.546875,34.10483309909978,1.0,1.236245201693085,2.5900073542178923,13.590639829673583,7.249760199841698,2.215179837010887,2.242005818842034,0.571454281807938,0.0,0.2773,1.0377528726721057
3df6a4a61cdf53b073fe125e1463c7e3,WindowRegression,"{""window_size"": 10, ""input_dim"": ""univariate"", ""output_dim"": ""forecast_length"", ""normalize_window"": false, ""max_windows"": 200000, ""fourier_encoding_components"": null, ""scale"": false, ""datepart_method"": null, ""regression_type"": ""User"", ""regression_model"": {""model"": ""LightGBM"", ""model_params"": {""objective"": ""regression"", ""learning_rate"": 0.01, ""num_leaves"": 31, ""max_depth"": 5, ""boosting_type"": ""gbdt"", ""n_estimators"": 100, ""linear_tree"": false, ""lambda_l1"": 1, ""lambda_l2"": 0.0, ""min_data_in_leaf"": 30, ""feature_fraction"": 1.0, ""max_bin"": 255, ""device_type"": ""cuda""}}}","{""fillna"": null, ""transformations"": {}, ""transformation_params"": {}}",0 days 00:00:00.000184,0 days 00:00:00.073162,0 days 00:00:00.165973,0 days 00:00:00.278003,0,,1,0,1,2023-10-14 20:48:00,0.01737844489584993,4.66432141215904,7.6646539679075,0.7935690942960429,4.66432141215904,41.63678217443157,2.4234894281701797e-05,-170.07667627630508,3.268953244591141,128.4398941018735,2.754166675329031,13.376473697457747,1.0,0.546875,34.10483309909978,1.0,1.236245201693085,2.5900073542178923,13.590639829673583,7.249760199841698,2.215179837010887,2.242005818842034,0.571454281807938,0.0,0.01737844489584993,4.66432141215904,7.6646539679075,0.7935690942960429,4.66432141215904,41.63678217443157,2.4234894281701797e-05,-170.07667627630508,3.268953244591141,128.4398941018735,2.754166675329031,13.376473697457747,1.0,0.546875,34.10483309909978,1.0,1.236245201693085,2.5900073542178923,13.590639829673583,7.249760199841698,2.215179837010887,2.242005818842034,0.571454281807938,0.0,0.278,1.0377528726721057
eea7f2af2406aa3f0f7813209c549655,WindowRegression,"{""window_size"": 5, ""input_dim"": ""univariate"", ""output_dim"": ""forecast_length"", ""normalize_window"": false, ""max_windows"": 200000, ""fourier_encoding_components"": null, ""scale"": false, ""datepart_method"": null, ""regression_type"": ""User"", ""regression_model"": {""model"": ""LightGBM"", ""model_params"": {""objective"": ""regression"", ""learning_rate"": 0.01, ""num_leaves"": 70, ""max_depth"": 10, ""boosting_type"": ""gbdt"", ""n_estimators"": 250, ""linear_tree"": false, ""lambda_l1"": 1, ""lambda_l2"": 0.0, ""min_data_in_leaf"": 20, ""feature_fraction"": 0.5, ""max_bin"": 255, ""device_type"": ""cuda""}}}","{""fillna"": null, ""transformations"": {""0"": null}, ""transformation_params"": {""0"": {}}}",0 days 00:00:00.000203,0 days 00:00:00.132007,0 days 00:00:00.165682,0 days 00:00:00.336290,0,,1,0,1,2023-10-14 20:48:00,0.01737851198515155,4.6643394176329025,7.664666179012005,0.793569347365607,4.6643394176329025,41.646002978206525,2.4240261295985996e-05,-170.08186285335614,3.2690144593870545,128.43585987514962,2.7541332149581974,13.376473697457747,1.0,0.546875,34.1049769766214,1.0,1.2362460265217483,2.5900286980359617,13.590720858952743,7.249842370135858,2.2151795833188777,2.2423413177838145,0.5714707091354175,0.0,0.01737851198515155,4.6643394176329025,7.664666179012005,0.793569347365607,4.6643394176329025,41.646002978206525,2.4240261295985996e-05,-170.08186285335614,3.2690144593870545,128.43585987514962,2.7541332149581974,13.376473697457747,1.0,0.546875,34.1049769766214,1.0,1.2362460265217483,2.5900286980359617,13.590720858952743,7.249842370135858,2.2151795833188777,2.2423413177838145,0.5714707091354175,0.0,0.3363,1.0377545259898981
71986e2c58b479ec429726e704873db7,WindowRegression,"{""window_size"": 20, ""input_dim"": ""univariate"", ""output_dim"": ""forecast_length"", ""normalize_window"": false, ""max_windows"": 200000, ""fourier_encoding_components"": null, ""scale"": false, ""datepart_method"": null, ""regression_type"": ""User"", ""regression_model"": {""model"": ""xgboost"", ""model_params"": {""booster"": ""gbtree"", ""objective"": ""reg:squarederror"", ""max_depth"": 9, ""eta"": 0.3, ""min_child_weight"": 2, ""subsample"": 1, ""colsample_bylevel"": 0.9, ""reg_alpha"": 100, ""reg_lambda"": 1, ""n_estimators"": 10, ""tree_method"": ""hist"", ""device"": ""cuda""}}}","{""fillna"": ""ffill_mean_biased"", ""transformations"": {""0"": null}, ""transformation_params"": {""0"": {}}}",0 days 00:00:00.000203,0 days 00:00:00.016827,0 days 00:00:00.165430,0 days 00:00:00.220969,0,,1,0,1,2023-10-14 20:48:00,0.017379575095983348,4.66462473605128,7.6648600375430025,0.7935733575572305,4.66462473605128,41.79211771855262,2.4325308100766706e-05,-170.16405041291728,3.2699843099425934,128.37193269436466,2.7536026820875525,13.376473697457747,1.0,0.546875,34.10725688923776,1.0,1.2362590968518579,2.5903669165381196,13.592004865461645,7.251145567587426,2.215175563252637,2.2476577023373374,0.5717310199342291,0.0,0.017379575095983348,4.66462473605128,7.6648600375430025,0.7935733575572305,4.66462473605128,41.79211771855262,2.4325308100766706e-05,-170.16405041291728,3.2699843099425934,128.37193269436466,2.7536026820875525,13.376473697457747,1.0,0.546875,34.10725688923776,1.0,1.2362590968518579,2.5903669165381196,13.592004865461645,7.251145567587426,2.215175563252637,2.2476577023373374,0.5717310199342291,0.0,0.221,1.0377807733910565
e5ae2de7371edf27a15eeb18d98c909a,WindowRegression,"{""window_size"": 2, ""input_dim"": ""univariate"", ""output_dim"": ""forecast_length"", ""normalize_window"": false, ""max_windows"": 200000, ""fourier_encoding_components"": null, ""scale"": false, ""datepart_method"": null, ""regression_type"": ""User"", ""regression_model"": {""model"": ""xgboost"", ""model_params"": {""booster"": ""gbtree"", ""objective"": ""reg:squarederror"", ""max_depth"": 6, ""eta"": 0.01, ""min_child_weight"": 2, ""subsample"": 1, ""colsample_bylevel"": 1, ""reg_alpha"": 0, ""reg_lambda"": 1, ""n_estimators"": 100, ""tree_method"": ""hist"", ""device"": ""cuda""}}}","{""fillna"": null, ""transformations"": {}, ""transformation_params"": {}}",0 days 00:00:00.000188,0 days 00:00:00.137268,0 days 00:00:00.179967,0 days 00:00:00.357554,0,,1,0,1,2023-10-14 20:48:00,0.01771351623173371,4.754276320261113,7.740387282652123,0.7810864340050353,4.754276320261113,44.682700473738805,2.600778604036757e-05,-174.478192485225,3.335051418464254,129.7954920114862,2.812322480688324,13.376473697457747,1.0,0.5625,34.08873180853698,1.0,1.2403591816895958,2.7058185874277654,14.116995181087063,7.143503112218063,2.2137429112823637,2.322189348165795,1.5071511891423017,0.0,0.01771351623173371,4.754276320261113,7.740387282652123,0.7810864340050353,4.754276320261113,44.682700473738805,2.600778604036757e-05,-174.478192485225,3.335051418464254,129.7954920114862,2.812322480688324,13.376473697457747,1.0,0.5625,34.08873180853698,1.0,1.2403591816895958,2.7058185874277654,14.116995181087063,7.143503112218063,2.2137429112823637,2.322189348165795,1.5071511891423017,0.0,0.3576,1.0480067556604684
597f98003f1edf0f733bf81f45a7bce7,WindowRegression,"{""window_size"": 2, ""input_dim"": ""univariate"", ""output_dim"": ""forecast_length"", ""normalize_window"": false, ""max_windows"": 200000, ""fourier_encoding_components"": null, ""scale"": false, ""datepart_method"": null, ""regression_type"": ""User"", ""regression_model"": {""model"": ""xgboost"", ""model_params"": {""booster"": ""gbtree"", ""objective"": ""reg:squarederror"", ""max_depth"": 6, ""eta"": 0.01, ""min_child_weight"": 2, ""subsample"": 1, ""colsample_bylevel"": 1, ""reg_alpha"": 0, ""reg_lambda"": 1, ""n_estimators"": 100, ""tree_method"": ""hist"", ""device"": ""cuda""}}}","{""fillna"": ""ffill"", ""transformations"": {""0"": null}, ""transformation_params"": {""0"": {}}}",0 days 00:00:00.000199,0 days 00:00:00.137067,0 days 00:00:00.180465,0 days 00:00:00.357542,0,,1,0,1,2023-10-14 20:48:00,0.01771351623173371,4.754276320261113,7.740387282652123,0.7810864340050353,4.754276320261113,44.682700473738805,2.600778604036757e-05,-174.478192485225,3.335051418464254,129.7954920114862,2.812322480688324,13.376473697457747,1.0,0.5625,34.08873180853698,1.0,1.2403591816895958,2.7058185874277654,14.116995181087063,7.143503112218063,2.2137429112823637,2.322189348165795,1.5071511891423017,0.0,0.01771351623173371,4.754276320261113,7.740387282652123,0.7810864340050353,4.754276320261113,44.682700473738805,2.600778604036757e-05,-174.478192485225,3.335051418464254,129.7954920114862,2.812322480688324,13.376473697457747,1.0,0.5625,34.08873180853698,1.0,1.2403591816895958,2.7058185874277654,14.116995181087063,7.143503112218063,2.2137429112823637,2.322189348165795,1.5071511891423017,0.0,0.3575,1.0480067556604684
35fab7d1177be588676fef579812adba,WindowRegression,"{""window_size"": 2, ""input_dim"": ""univariate"", ""output_dim"": ""forecast_length"", ""normalize_window"": false, ""max_windows"": 200000, ""fourier_encoding_components"": null, ""scale"": false, ""datepart_method"": null, ""regression_type"": ""User"", ""regression_model"": {""model"": ""xgboost"", ""model_params"": {""booster"": ""gbtree"", ""objective"": ""reg:squarederror"", ""max_depth"": 6, ""eta"": 0.01, ""min_child_weight"": 2, ""subsample"": 1, ""colsample_bylevel"": 1, ""reg_alpha"": 0, ""reg_lambda"": 1, ""n_estimators"": 100, ""tree_method"": ""hist"", ""device"": ""cuda""}}}","{""fillna"": ""ffill_mean_biased"", ""transformations"": {""0"": null}, ""transformation_params"": {""0"": {}}}",0 days 00:00:00.000210,0 days 00:00:00.137443,0 days 00:00:00.180588,0 days 00:00:00.358176,0,,1,0,1,2023-10-14 20:48:00,0.01771351623173371,4.754276320261113,7.740387282652123,0.7810864340050353,4.754276320261113,44.682700473738805,2.600778604036757e-05,-174.478192485225,3.335051418464254,129.7954920114862,2.812322480688324,13.376473697457747,1.0,0.5625,34.08873180853698,1.0,1.2403591816895958,2.7058185874277654,14.116995181087063,7.143503112218063,2.2137429112823637,2.322189348165795,1.5071511891423017,0.0,0.01771351623173371,4.754276320261113,7.740387282652123,0.7810864340050353,4.754276320261113,44.682700473738805,2.600778604036757e-05,-174.478192485225,3.335051418464254,129.7954920114862,2.812322480688324,13.376473697457747,1.0,0.5625,34.08873180853698,1.0,1.2403591816895958,2.7058185874277654,14.116995181087063,7.143503112218063,2.2137429112823637,2.322189348165795,1.5071511891423017,0.0,0.3582,1.0480067556604684
1f6d6c1208602ae6521750e0c581a321,WindowRegression,"{""window_size"": 20, ""input_dim"": ""univariate"", ""output_dim"": ""forecast_length"", ""normalize_window"": false, ""max_windows"": 200000, ""fourier_encoding_components"": null, ""scale"": false, ""datepart_method"": null, ""regression_type"": ""User"", ""regression_model"": {""model"": ""xgboost"", ""model_params"": {""booster"": ""gbtree"", ""objective"": ""reg:squarederror"", ""max_depth"": 6, ""eta"": 0.3, ""min_child_weight"": 1, ""subsample"": 1, ""colsample_bylevel"": 1, ""reg_alpha"": 0, ""reg_lambda"": 1, ""tree_method"": ""hist"", ""device"": ""cuda""}}}","{""fillna"": null, ""transformations"": {""0"": null}, ""transformation_params"": {""0"": {}}}",0 days 00:00:00.000214,0 days 00:00:00.055145,0 days 00:00:00.172849,0 days 00:00:00.268076,0,,1,0,1,2023-10-14 20:48:00,0.018842959182205268,5.057451590456935,7.806505033652167,0.7978336738934794,5.057451590456935,72.58987380189501,4.225129382335649e-05,-198.13338779556943,3.671565486900095,125.54351399367442,2.847334337331083,13.376473697457747,1.0,0.546875,32.25208811749326,1.0,1.254125155552861,3.0320454167310715,15.041886807044271,7.101770521846529,2.3178051058615323,3.589027128877546,1.5415904209704112,0.0,0.018842959182205268,5.057451590456935,7.806505033652167,0.7978336738934794,5.057451590456935,72.58987380189501,4.225129382335649e-05,-198.13338779556943,3.671565486900095,125.54351399367442,2.847334337331083,13.376473697457747,1.0,0.546875,32.25208811749326,1.0,1.254125155552861,3.0320454167310715,15.041886807044271,7.101770521846529,2.3178051058615323,3.589027128877546,1.5415904209704112,0.0,0.2681,1.0569587430981537
aae4b48b17540daad69947938ebfcc9a,WindowRegression,"{""window_size"": 5, ""input_dim"": ""univariate"", ""output_dim"": ""forecast_length"", ""normalize_window"": false, ""max_windows"": 200000, ""fourier_encoding_components"": null, ""scale"": false, ""datepart_method"": null, ""regression_type"": ""User"", ""regression_model"": {""model"": ""xgboost"", ""model_params"": {""booster"": ""gbtree"", ""objective"": ""reg:squarederror"", ""max_depth"": 6, ""eta"": 0.05, ""min_child_weight"": 1, ""subsample"": 1, ""colsample_bylevel"": 1, ""reg_alpha"": 0.001, ""reg_lambda"": 1, ""tree_method"": ""hist"", ""device"": ""cuda""}}}","{""fillna"": null, ""transformations"": {}, ""transformation_params"": {}}",0 days 00:00:00.000187,0 days 00:00:00.092484,0 days 00:00:00.287768,0 days 00:00:00.420884,0,,1,0,1,2023-10-14 20:48:00,0.018528332576758285,4.9730267705610345,7.810233373916785,0.8314691320280901,4.9730267705610345,66.15494795138147,3.850581351595772e-05,-192.21433063364384,3.5818827371109534,126.05938268226237,2.7952397595346845,13.376473697457747,1.0,0.515625,30.570681321474694,1.0,1.2503069894112264,2.896734153290136,14.922568190685963,6.936589300218863,2.331202851502116,3.1125859235601174,1.2677531117331435,0.0,0.018528332576758285,4.9730267705610345,7.810233373916785,0.8314691320280901,4.9730267705610345,66.15494795138147,3.850581351595772e-05,-192.21433063364384,3.5818827371109534,126.05938268226237,2.7952397595346845,13.376473697457747,1.0,0.515625,30.570681321474694,1.0,1.2503069894112264,2.896734153290136,14.922568190685963,6.936589300218863,2.331202851502116,3.1125859235601174,1.2677531117331435,0.0,0.4209,1.057463540292666
d8cd8b66a9a28255be6ed91e0ed0f3ea,WindowRegression,"{""window_size"": 10, ""input_dim"": ""univariate"", ""output_dim"": ""forecast_length"", ""normalize_window"": false, ""max_windows"": 200000, ""fourier_encoding_components"": null, ""scale"": false, ""datepart_method"": null, ""regression_type"": ""User"", ""regression_model"": {""model"": ""xgboost"", ""model_params"": {""booster"": ""gbtree"", ""colsample_bylevel"": 0.54, ""learning_rate"": 0.025, ""max_depth"": 11, ""min_child_weight"": 0.0127, ""n_estimators"": 240, ""tree_method"": ""hist"", ""objective"": ""reg:squarederror"", ""device"": ""cuda""}}}","{""fillna"": null, ""transformations"": {}, ""transformation_params"": {}}",0 days 00:00:00.000190,0 days 00:00:00.268159,0 days 00:00:00.193044,0 days 00:00:00.503032,0,,1,0,1,2023-10-14 20:48:00,0.018046467891249245,4.843562889201905,7.829138134338041,0.80139954956662,4.843562889201905,52.57361987899276,3.060073457252367e-05,-181.28082239395735,3.432644523294677,128.7072025149646,2.808992845641277,13.376473697457747,1.0,0.53125,33.489437997035566,1.0,1.2444291467855673,2.723041349254749,14.552871612620686,7.049870365877906,2.318116928067516,2.5931559515848206,1.2010600055335792,0.0,0.018046467891249245,4.843562889201905,7.829138134338041,0.80139954956662,4.843562889201905,52.57361987899276,3.060073457252367e-05,-181.28082239395735,3.432644523294677,128.7072025149646,2.808992845641277,13.376473697457747,1.0,0.53125,33.489437997035566,1.0,1.2444291467855673,2.723041349254749,14.552871612620686,7.049870365877906,2.318116928067516,2.5931559515848206,1.2010600055335792,0.0,0.503,1.060023143050531
0f760decfc490502f2782c17cb181970,WindowRegression,"{""window_size"": 5, ""input_dim"": ""univariate"", ""output_dim"": ""forecast_length"", ""normalize_window"": false, ""max_windows"": 200000, ""fourier_encoding_components"": null, ""scale"": false, ""datepart_method"": null, ""regression_type"": ""User"", ""regression_model"": {""model"": ""xgboost"", ""model_params"": {""booster"": ""gbtree"", ""objective"": ""reg:squarederror"", ""max_depth"": 6, ""eta"": 0.3, ""min_child_weight"": 1, ""subsample"": 1, ""colsample_bylevel"": 0.9, ""reg_alpha"": 0, ""reg_lambda"": 5, ""n_estimators"": 100, ""grow_policy"": ""lossguide"", ""tree_method"": ""hist"", ""device"": ""cuda""}}}","{""fillna"": null, ""transformations"": {}, ""transformation_params"": {}}",0 days 00:00:00.000191,0 days 00:00:00.073355,0 days 00:00:00.171720,0 days 00:00:00.285164,0,,1,0,1,2023-10-14 20:48:00,0.021119085922820056,5.66842002279958,7.883867467158434,0.8448957589922846,5.66842002279958,59.64595495832691,3.4717222063184904e-05,-211.21241820875002,4.001243376384373,151.5664632504231,3.317423700159516,13.376473697457747,1.0,0.5625,25.733099991921335,1.0,1.2814175594065536,3.7624089627728674,18.80694795515751,7.508938949190164,2.360639200756585,3.162635041458009,2.1208723737410655,0.0,0.021119085922820056,5.66842002279958,7.883867467158434,0.8448957589922846,5.66842002279958,59.64595495832691,3.4717222063184904e-05,-211.21241820875002,4.001243376384373,151.5664632504231,3.317423700159516,13.376473697457747,1.0,0.5625,25.733099991921335,1.0,1.2814175594065536,3.7624089627728674,18.80694795515751,7.508938949190164,2.360639200756585,3.162635041458009,2.1208723737410655,0.0,0.2852,1.0674331999939493
0fa87e2fe02d9f220491a11aeea01526,WindowRegression,"{""window_size"": 20, ""input_dim"": ""univariate"", ""output_dim"": ""forecast_length"", ""normalize_window"": false, ""max_windows"": 200000, ""fourier_encoding_components"": null, ""scale"": false, ""datepart_method"": null, ""regression_type"": ""User"", ""regression_model"": {""model"": ""LightGBM"", ""model_params"": {""objective"": ""regression"", ""learning_rate"": 0.1, ""num_leaves"": 31, ""max_depth"": 5, ""boosting_type"": ""gbdt"", ""n_estimators"": 100, ""linear_tree"": false, ""lambda_l1"": 0.0, ""lambda_l2"": 0.0, ""min_data_in_leaf"": 20, ""feature_fraction"": 1.0, ""max_bin"": 255, ""device_type"": ""cuda""}}}","{""fillna"": null, ""transformations"": {}, ""transformation_params"": {}}",0 days 00:00:00.000192,0 days 00:00:00.612665,0 days 00:00:00.167223,0 days 00:00:00.818961,0,,1,0,1,2023-10-14 20:48:00,0.021239024278008434,5.700431030346749,8.305826472734687,0.9496133406303972,5.700431030346749,93.36351062708127,5.434269152541077e-05,-229.0955482846366,4.165145068204256,135.73203765755534,3.1125097884177024,13.376473697457747,1.0,0.484375,34.23184694511292,1.0,1.2828315062625566,3.721592491442977,17.362214099782797,8.291151756329768,2.5128019830905997,4.144332648653901,7.5866277153840125,0.0,0.021239024278008434,5.700431030346749,8.305826472734687,0.9496133406303972,5.700431030346749,93.36351062708127,5.434269152541077e-05,-229.0955482846366,4.165145068204256,135.73203765755534,3.1125097884177024,13.376473697457747,1.0,0.484375,34.23184694511292,1.0,1.2828315062625566,3.721592491442977,17.362214099782797,8.291151756329768,2.5128019830905997,4.144332648653901,7.5866277153840125,0.0,0.819,1.1245641770765542
974543be739ebd0f0fa3afbe59ca4a8d,WindowRegression,"{""window_size"": 10, ""input_dim"": ""univariate"", ""output_dim"": ""forecast_length"", ""normalize_window"": false, ""max_windows"": 200000, ""fourier_encoding_components"": null, ""scale"": false, ""datepart_method"": null, ""regression_type"": ""User"", ""regression_model"": {""model"": ""LightGBM"", ""model_params"": {""objective"": ""regression"", ""learning_rate"": 0.1, ""num_leaves"": 1000, ""max_depth"": 5, ""boosting_type"": ""gbdt"", ""n_estimators"": 100, ""linear_tree"": false, ""lambda_l1"": 0.0, ""lambda_l2"": 0.0, ""min_data_in_leaf"": 20, ""feature_fraction"": 1.0, ""max_bin"": 255, ""device_type"": ""cuda""}}}","{""fillna"": null, ""transformations"": {}, ""transformation_params"": {}}",0 days 00:00:00.000191,0 days 00:00:01.921281,0 days 00:00:00.168669,0 days 00:00:02.128797,0,,1,0,1,2023-10-14 20:48:00,0.02504975975811712,6.723346704386358,9.312479906898888,1.0693246298848509,6.723346704386358,91.94420996420376,5.351658057921215e-05,-261.11919952246535,4.8179997172165745,169.1749895582616,3.6593653810325124,13.376473697457747,1.0,0.515625,35.65621857519727,1.0,1.327221436781999,4.557199438834788,20.903679076157992,12.25360132949354,2.7088007624969226,3.768141972007536,12.504776803703368,0.0,0.02504975975811712,6.723346704386358,9.312479906898888,1.0693246298848509,6.723346704386358,91.94420996420376,5.351658057921215e-05,-261.11919952246535,4.8179997172165745,169.1749895582616,3.6593653810325124,13.376473697457747,1.0,0.515625,35.65621857519727,1.0,1.327221436781999,4.557199438834788,20.903679076157992,12.25360132949354,2.7088007624969226,3.768141972007536,12.504776803703368,0.0,2.1288,1.2608596311783573
05878ff01e8132c79ce33c00df05018d,WindowRegression,"{""window_size"": 20, ""input_dim"": ""univariate"", ""output_dim"": ""forecast_length"", ""normalize_window"": false, ""max_windows"": 200000, ""fourier_encoding_components"": null, ""scale"": false, ""datepart_method"": null, ""regression_type"": ""User"", ""regression_model"": {""model"": ""LightGBM"", ""model_params"": {""objective"": ""regression"", ""learning_rate"": 0.7, ""num_leaves"": 31, ""max_depth"": -1, ""boosting_type"": ""dart"", ""n_estimators"": 50, ""linear_tree"": false, ""lambda_l1"": 0.0, ""lambda_l2"": 0.0, ""min_data_in_leaf"": 20, ""feature_fraction"": 1.0, ""max_bin"": 255, ""device_type"": ""cuda""}}}","{""fillna"": null, ""transformations"": {""0"": null}, ""transformation_params"": {""0"": {}}}",0 days 00:00:00.000203,0 days 00:00:00.324122,0 days 00:00:00.167329,0 days 00:00:00.530002,0,,1,0,1,2023-10-14 20:48:00,0.025119852821599065,6.742003779415938,9.435547363255038,1.074328710314603,6.742003779415938,174.43021533308274,0.00010152796655663873,-302.9592286078514,5.269505396604062,128.52901327476866,3.198082581885788,13.376473697457747,1.0,0.484375,36.91980307558697,1.0,1.3280172917521973,4.440120500849002,22.972198888536546,10.10450800230519,2.6811511807558825,8.266273156872755,8.385234203292821,0.0,0.025119852821599065,6.742003779415938,9.435547363255038,1.074328710314603,6.742003779415938,174.43021533308274,0.00010152796655663873,-302.9592286078514,5.269505396604062,128.52901327476866,3.198082581885788,13.376473697457747,1.0,0.484375,36.91980307558697,1.0,1.3280172917521973,4.440120500849002,22.972198888536546,10.10450800230519,2.6811511807558825,8.266273156872755,8.385234203292821,0.0,0.53,1.2775223020439685
ae4ecf991c6ae1ea6d0a1bc472fb875b,WindowRegression,"{""window_size"": 10, ""input_dim"": ""univariate"", ""output_dim"": ""forecast_length"", ""normalize_window"": false, ""max_windows"": 200000, ""fourier_encoding_components"": null, ""scale"": false, ""datepart_method"": null, ""regression_type"": ""User"", ""regression_model"": {""model"": ""xgboost"", ""model_params"": {""booster"": ""gbtree"", ""objective"": ""reg:squarederror"", ""max_depth"": 6, ""eta"": 0.03, ""min_child_weight"": 1, ""subsample"": 0.5, ""colsample_bylevel"": 0.5, ""reg_alpha"": 0.001, ""reg_lambda"": 1, ""tree_method"": ""hist"", ""device"": ""cuda""}}}","{""fillna"": null, ""transformations"": {}, ""transformation_params"": {}}",0 days 00:00:00.000193,0 days 00:00:00.141885,0 days 00:00:00.180226,0 days 00:00:00.362311,0,,1,0,2,2023-10-12 20:48:00,0.03145509060230203,8.411378549495907,11.171551924665755,0.6629380398038908,8.411378549495907,67.6973499313026,3.9558210131692804e-05,-303.01278854952034,5.588930508319968,235.31543861821774,4.734102446102634,4.37347489113288,1.0,0.53125,28.651986087737896,1.0,1.198487850578277,5.910764220411255,33.40323318327113,12.085371521533348,2.652233430596449,1.1115364625873794,0.36858057964379826,0.0,0.03145509060230203,8.411378549495907,11.171551924665755,0.6629380398038908,8.411378549495907,67.6973499313026,3.9558210131692804e-05,-303.01278854952034,5.588930508319968,235.31543861821774,4.734102446102634,4.37347489113288,1.0,0.53125,28.651986087737896,1.0,1.198487850578277,5.910764220411255,33.40323318327113,12.085371521533348,2.652233430596449,1.1115364625873794,0.36858057964379826,0.0,0.3623,1.5125679711790727
928652b1ea86cc37a1afb5f0220f692f,WindowRegression,"{""window_size"": 20, ""input_dim"": ""univariate"", ""output_dim"": ""forecast_length"", ""normalize_window"": false, ""max_windows"": 200000, ""fourier_encoding_components"": null, ""scale"": false, ""datepart_method"": null, ""regression_type"": ""User"", ""regression_model"": {""model"": ""LightGBM"", ""model_params"": {""objective"": ""regression"", ""learning_rate"": 0.7, ""num_leaves"": 15, ""max_depth"": 5, ""boosting_type"": ""gbdt"", ""n_estimators"": 250, ""linear_tree"": false, ""lambda_l1"": 0.0, ""lambda_l2"": 0.0, ""min_data_in_leaf"": 20, ""feature_fraction"": 1.0, ""max_bin"": 255, ""device_type"": ""cuda""}}}","{""fillna"": null, ""transformations"": {""0"": null}, ""transformation_params"": {""0"": {}}}",0 days 00:00:00.000194,0 days 00:00:00.755610,0 days 00:00:00.168041,0 days 00:00:00.962518,0,,1,0,1,2023-10-14 20:48:00,0.033133686902876575,8.894149684257854,11.213025452618412,1.1858338196678064,8.894149684257854,76.47901010175701,4.451498477525151e-05,-322.85229494712985,5.914546208038422,246.37328484537284,5.015556759880868,13.376473697457747,1.0,0.578125,42.49364565527867,1.0,1.4168245246611706,6.826469591380576,33.58143883601364,17.253015405034,2.8991502948138255,5.738031473531178,18.734776294088697,0.0,0.033133686902876575,8.894149684257854,11.213025452618412,1.1858338196678064,8.894149684257854,76.47901010175701,4.451498477525151e-05,-322.85229494712985,5.914546208038422,246.37328484537284,5.015556759880868,13.376473697457747,1.0,0.578125,42.49364565527867,1.0,1.4168245246611706,6.826469591380576,33.58143883601364,17.253015405034,2.8991502948138255,5.738031473531178,18.734776294088697,0.0,0.9625,1.5181832635266368
6306328e6ecfa16f7c9899ea4a9af5fb,WindowRegression,"{""window_size"": 90, ""input_dim"": ""univariate"", ""output_dim"": ""forecast_length"", ""normalize_window"": false, ""max_windows"": 200000, ""fourier_encoding_components"": null, ""scale"": false, ""datepart_method"": null, ""regression_type"": ""User"", ""regression_model"": {""model"": ""LightGBM"", ""model_params"": {""objective"": ""regression"", ""learning_rate"": 0.01, ""num_leaves"": 70, ""max_depth"": 10, ""boosting_type"": ""dart"", ""n_estimators"": 50, ""linear_tree"": false, ""lambda_l1"": 0.0, ""lambda_l2"": 1, ""min_data_in_leaf"": 15, ""feature_fraction"": 0.5, ""max_bin"": 255, ""device_type"": ""cuda""}}}","{""fillna"": ""rolling_mean"", ""transformations"": {""0"": null}, ""transformation_params"": {""0"": {}}}",0 days 00:00:00.000235,0 days 00:00:00.912928,0 days 00:00:00.166697,0 days 00:00:01.230188,0,,1,0,2,2023-10-12 20:48:00,0.0316668723107698,8.467930928446265,11.258125421863225,0.6759420403786793,8.467930928446265,59.448947833643615,3.4738346078506054e-05,-300.6982636271023,5.552129870506303,241.24931579345866,4.843185038771231,4.37347489113288,1.0,0.484375,30.288092526152468,1.0,1.1997112167553312,5.933560530989983,33.98838543389382,12.087775565042048,2.6436415207679524,1.1259610071503754,0.6766325986905035,0.0,0.0316668723107698,8.467930928446265,11.258125421863225,0.6759420403786793,8.467930928446265,59.448947833643615,3.4738346078506054e-05,-300.6982636271023,5.552129870506303,241.24931579345866,4.843185038771231,4.37347489113288,1.0,0.484375,30.288092526152468,1.0,1.1997112167553312,5.933560530989983,33.98838543389382,12.087775565042048,2.6436415207679524,1.1259610071503754,0.6766325986905035,0.0,1.2302,1.524289556496573
2bdac2373a37168a37e9a09a054c0b82,WindowRegression,"{""window_size"": 90, ""input_dim"": ""univariate"", ""output_dim"": ""forecast_length"", ""normalize_window"": false, ""max_windows"": 200000, ""fourier_encoding_components"": null, ""scale"": false, ""datepart_method"": null, ""regression_type"": ""User"", ""regression_model"": {""model"": ""LightGBM"", ""model_params"": {""objective"": ""regression"", ""learning_rate"": 0.01, ""num_leaves"": 70, ""max_depth"": 10, ""boosting_type"": ""dart"", ""n_estimators"": 50, ""linear_tree"": false, ""lambda_l1"": 0.0, ""lambda_l2"": 1, ""min_data_in_leaf"": 15, ""feature_fraction"": 0.5, ""max_bin"": 255, ""device_type"": ""cuda""}}}","{""fillna"": null, ""transformations"": {""0"": null}, ""transformation_params"": {""0"": {}}}",0 days 00:00:00.000198,0 days 00:00:00.913197,0 days 00:00:00.166553,0 days 00:00:01.118954,0,,1,0,2,2023-10-12 20:48:00,0.03166687231326055,8.467930929112697,11.25812542253109,0.6759420404642439,8.467930929112697,59.44894774859495,3.4738346028808795e-05,-300.6982636059038,5.5521298702981765,241.24931585730883,4.843185039682924,4.37347489113288,1.0,0.484375,30.288092532649898,1.0,1.1997112167697404,5.933560531665097,33.98838543452575,12.087775563079648,2.6436415209569413,1.1259610063800443,0.6766325967585832,0.0,0.03166687231326055,8.467930929112697,11.25812542253109,0.6759420404642439,8.467930929112697,59.44894774859495,3.4738346028808795e-05,-300.6982636059038,5.5521298702981765,241.24931585730883,4.843185039682924,4.37347489113288,1.0,0.484375,30.288092532649898,1.0,1.1997112167697404,5.933560531665097,33.98838543452575,12.087775563079648,2.6436415209569413,1.1259610063800443,0.6766325967585832,0.0,1.119,1.5242895565869985
af4957c7902787e6e05df783721243cf,WindowRegression,"{""window_size"": 90, ""input_dim"": ""univariate"", ""output_dim"": ""forecast_length"", ""normalize_window"": false, ""max_windows"": 200000, ""fourier_encoding_components"": null, ""scale"": false, ""datepart_method"": null, ""regression_type"": ""User"", ""regression_model"": {""model"": ""LightGBM"", ""model_params"": {""objective"": ""regression"", ""learning_rate"": 0.01, ""num_leaves"": 70, ""max_depth"": 10, ""boosting_type"": ""dart"", ""n_estimators"": 50, ""linear_tree"": false, ""lambda_l1"": 0.0, ""lambda_l2"": 1, ""min_data_in_leaf"": 15, ""feature_fraction"": 0.5, ""max_bin"": 255, ""device_type"": ""cuda""}}}","{""fillna"": null, ""transformations"": {}, ""transformation_params"": {}}",0 days 00:00:00.000193,0 days 00:00:00.913405,0 days 00:00:00.166705,0 days 00:00:01.119690,0,,1,0,2,2023-10-12 20:48:00,0.03166687231421622,8.467930929367867,11.25812542259309,0.6759420404241762,8.467930929367867,59.4489478497635,3.4738346087925535e-05,-300.6982636646535,5.552129871126209,241.24931581489,4.843185039222106,4.37347489113288,1.0,0.484375,30.288092532602604,1.0,1.1997112167752575,5.933560532179197,33.98838543702807,12.08777556542163,2.6436415209128583,1.1259610077715179,0.6766325974193157,0.0,0.03166687231421622,8.467930929367867,11.25812542259309,0.6759420404241762,8.467930929367867,59.4489478497635,3.4738346087925535e-05,-300.6982636646535,5.552129871126209,241.24931581489,4.843185039222106,4.37347489113288,1.0,0.484375,30.288092532602604,1.0,1.1997112167752575,5.933560532179197,33.98838543702807,12.08777556542163,2.6436415209128583,1.1259610077715179,0.6766325974193157,0.0,1.1197,1.524289556595393
27d05e3a05e1f9e5ed13a6d16ac8b120,WindowRegression,"{""window_size"": 90, ""input_dim"": ""univariate"", ""output_dim"": ""forecast_length"", ""normalize_window"": false, ""max_windows"": 200000, ""fourier_encoding_components"": null, ""scale"": false, ""datepart_method"": null, ""regression_type"": ""User"", ""regression_model"": {""model"": ""LightGBM"", ""model_params"": {""objective"": ""regression"", ""learning_rate"": 0.01, ""num_leaves"": 70, ""max_depth"": 10, ""boosting_type"": ""dart"", ""n_estimators"": 50, ""linear_tree"": false, ""lambda_l1"": 0.0, ""lambda_l2"": 1, ""min_data_in_leaf"": 15, ""feature_fraction"": 0.5, ""max_bin"": 255, ""device_type"": ""cuda""}}}","{""fillna"": ""ffill_mean_biased"", ""transformations"": {""0"": null}, ""transformation_params"": {""0"": {}}}",0 days 00:00:00.000203,0 days 00:00:00.913224,0 days 00:00:00.166131,0 days 00:00:01.118420,0,,1,0,2,2023-10-12 20:48:00,0.031666872314762035,8.467930929513898,11.25812542305962,0.6759420404650608,8.467930929513898,59.44894777078662,3.473834604177625e-05,-300.69826362983804,5.552129870731292,241.24931585905142,4.843185039745746,4.37347489113288,1.0,0.484375,30.28809253306099,1.0,1.199711216778415,5.93356053199595,33.98838543636403,12.087775569636536,2.6436415209674644,1.1259610060611451,0.6766325968069582,0.0,0.031666872314762035,8.467930929513898,11.25812542305962,0.6759420404650608,8.467930929513898,59.44894777078662,3.473834604177625e-05,-300.69826362983804,5.552129870731292,241.24931585905142,4.843185039745746,4.37347489113288,1.0,0.484375,30.28809253306099,1.0,1.199711216778415,5.93356053199595,33.98838543636403,12.087775569636536,2.6436415209674644,1.1259610060611451,0.6766325968069582,0.0,1.1184,1.5242895566585588
68534460ae3142fd0ce1c990ff255fd2,WindowRegression,"{""window_size"": 10, ""input_dim"": ""univariate"", ""output_dim"": ""forecast_length"", ""normalize_window"": false, ""max_windows"": 200000, ""fourier_encoding_components"": null, ""scale"": false, ""datepart_method"": null, ""regression_type"": ""User"", ""regression_model"": {""model"": ""xgboost"", ""model_params"": {""booster"": ""gbtree"", ""objective"": ""reg:squarederror"", ""max_depth"": 6, ""eta"": 0.01, ""min_child_weight"": 1, ""subsample"": 1, ""colsample_bylevel"": 0.7, ""reg_alpha"": 0, ""reg_lambda"": 0.11, ""tree_method"": ""hist"", ""device"": ""cuda""}}}","{""fillna"": ""ffill"", ""transformations"": {""0"": null}, ""transformation_params"": {""0"": {}}}",0 days 00:00:00.000201,0 days 00:00:00.144292,0 days 00:00:00.180115,0 days 00:00:00.364966,0,,1,0,2,2023-10-12 20:48:00,0.031811575936392604,8.506633131906312,11.374060661536006,0.6708634331035978,8.506633131906312,70.92314438750691,4.144316803727805e-05,-307.67383241475545,5.646637767606155,236.75068802724854,4.780925568279299,4.37347489113288,1.0,0.515625,30.354368625834468,1.0,1.2005477215146148,5.931457260981646,34.31160165014457,12.26383086942444,2.62344422507042,1.2798550052783288,0.8759781652454419,0.0,0.031811575936392604,8.506633131906312,11.374060661536006,0.6708634331035978,8.506633131906312,70.92314438750691,4.144316803727805e-05,-307.67383241475545,5.646637767606155,236.75068802724854,4.780925568279299,4.37347489113288,1.0,0.515625,30.354368625834468,1.0,1.2005477215146148,5.931457260981646,34.31160165014457,12.26383086942444,2.62344422507042,1.2798550052783288,0.8759781652454419,0.0,0.365,1.539986563630635
45bdced91dc2d47343e4838f14c37e0a,WindowRegression,"{""window_size"": 5, ""input_dim"": ""univariate"", ""output_dim"": ""forecast_length"", ""normalize_window"": false, ""max_windows"": 200000, ""fourier_encoding_components"": null, ""scale"": false, ""datepart_method"": null, ""regression_type"": ""User"", ""regression_model"": {""model"": ""xgboost"", ""model_params"": {""booster"": ""gbtree"", ""objective"": ""reg:squarederror"", ""max_depth"": 6, ""eta"": 0.03, ""min_child_weight"": 1, ""subsample"": 1, ""colsample_bylevel"": 1, ""reg_alpha"": 0, ""reg_lambda"": 1, ""tree_method"": ""hist"", ""device"": ""cuda""}}}","{""fillna"": null, ""transformations"": {}, ""transformation_params"": {}}",0 days 00:00:00.000193,0 days 00:00:00.111915,0 days 00:00:00.179297,0 days 00:00:00.331243,0,,1,0,2,2023-10-12 20:48:00,0.03214713558294707,8.596380677509842,11.401689652008095,0.6707949165383016,8.596380677509842,60.719341605996306,3.5480686862121934e-05,-305.4438524833131,5.645841369795641,244.7245108773168,4.872265348513552,4.37347489113288,1.0,0.53125,28.979808690088248,1.0,1.2024852748504489,6.061112637107794,34.77756849202665,12.49545315614237,2.6820528002764092,0.8219001494563287,0.5852590174509065,0.0,0.03214713558294707,8.596380677509842,11.401689652008095,0.6707949165383016,8.596380677509842,60.719341605996306,3.5480686862121934e-05,-305.4438524833131,5.645841369795641,244.7245108773168,4.872265348513552,4.37347489113288,1.0,0.53125,28.979808690088248,1.0,1.2024852748504489,6.061112637107794,34.77756849202665,12.49545315614237,2.6820528002764092,0.8219001494563287,0.5852590174509065,0.0,0.3312,1.5437273801569245
d8cd8b66a9a28255be6ed91e0ed0f3ea,WindowRegression,"{""window_size"": 10, ""input_dim"": ""univariate"", ""output_dim"": ""forecast_length"", ""normalize_window"": false, ""max_windows"": 200000, ""fourier_encoding_components"": null, ""scale"": false, ""datepart_method"": null, ""regression_type"": ""User"", ""regression_model"": {""model"": ""xgboost"", ""model_params"": {""booster"": ""gbtree"", ""colsample_bylevel"": 0.54, ""learning_rate"": 0.025, ""max_depth"": 11, ""min_child_weight"": 0.0127, ""n_estimators"": 240, ""tree_method"": ""hist"", ""objective"": ""reg:squarederror"", ""device"": ""cuda""}}}","{""fillna"": null, ""transformations"": {}, ""transformation_params"": {}}",0 days 00:00:00.000199,0 days 00:00:00.249445,0 days 00:00:00.190873,0 days 00:00:00.482022,0,,1,0,2,2023-10-12 20:48:00,0.03204834336653874,8.569933728124624,11.4074711487814,0.6715592654130429,8.569933728124624,63.91677445345704,3.7349071970108907e-05,-306.1962665267165,5.653811984691148,242.27949207325946,4.831226654871079,4.37347489113288,1.0,0.515625,29.667302640573325,1.0,1.201914638148981,6.035211635821556,34.20237042575758,12.034089557912177,2.6483288032235004,1.077710701842508,0.4876229626189747,0.0,0.03204834336653874,8.569933728124624,11.4074711487814,0.6715592654130429,8.569933728124624,63.91677445345704,3.7349071970108907e-05,-306.1962665267165,5.653811984691148,242.27949207325946,4.831226654871079,4.37347489113288,1.0,0.515625,29.667302640573325,1.0,1.201914638148981,6.035211635821556,34.20237042575758,12.034089557912177,2.6483288032235004,1.077710701842508,0.4876229626189747,0.0,0.482,1.5445101636863525
90e1975e5cf81ed7185bd211ea6ce8e7,WindowRegression,"{""window_size"": 5, ""input_dim"": ""univariate"", ""output_dim"": ""forecast_length"", ""normalize_window"": false, ""max_windows"": 200000, ""fourier_encoding_components"": null, ""scale"": false, ""datepart_method"": null, ""regression_type"": ""User"", ""regression_model"": {""model"": ""xgboost"", ""model_params"": {""booster"": ""gbtree"", ""objective"": ""reg:squarederror"", ""max_depth"": 3, ""eta"": 0.003, ""min_child_weight"": 1, ""subsample"": 1, ""colsample_bylevel"": 0.5, ""reg_alpha"": 0, ""reg_lambda"": 1, ""tree_method"": ""hist"", ""device"": ""cuda""}}}","{""fillna"": null, ""transformations"": {""0"": null}, ""transformation_params"": {""0"": {}}}",0 days 00:00:00.000206,0 days 00:00:00.078619,0 days 00:00:00.175059,0 days 00:00:00.294202,0,,1,0,2,2023-10-12 20:48:00,0.03218855109477496,8.60738624849256,11.41491136440629,0.682914788569975,8.60738624849256,73.26997509658031,4.2814513037152393e-05,-312.07134750005207,5.714015839316537,238.80137240347176,4.839359000293866,4.37347489113288,1.0,0.484375,30.946662849444692,1.0,1.2027226584831971,6.04669654006028,34.66651216834285,12.504198474838555,2.651301469030448,1.4239977881765804,0.5797742055404038,0.0,0.03218855109477496,8.60738624849256,11.41491136440629,0.682914788569975,8.60738624849256,73.26997509658031,4.2814513037152393e-05,-312.07134750005207,5.714015839316537,238.80137240347176,4.839359000293866,4.37347489113288,1.0,0.484375,30.946662849444692,1.0,1.2027226584831971,6.04669654006028,34.66651216834285,12.504198474838555,2.651301469030448,1.4239977881765804,0.5797742055404038,0.0,0.2942,1.5455175288159926
f23200d1504deecc9146760fccbdf465,WindowRegression,"{""window_size"": 5, ""input_dim"": ""univariate"", ""output_dim"": ""forecast_length"", ""normalize_window"": false, ""max_windows"": 200000, ""fourier_encoding_components"": null, ""scale"": false, ""datepart_method"": null, ""regression_type"": ""User"", ""regression_model"": {""model"": ""xgboost"", ""model_params"": {""booster"": ""gbtree"", ""objective"": ""reg:squarederror"", ""max_depth"": 3, ""eta"": 0.003, ""min_child_weight"": 1, ""subsample"": 1, ""colsample_bylevel"": 0.5, ""reg_alpha"": 0, ""reg_lambda"": 1, ""tree_method"": ""hist"", ""device"": ""cuda""}}}","{""fillna"": null, ""transformations"": {}, ""transformation_params"": {}}",0 days 00:00:00.000201,0 days 00:00:00.078754,0 days 00:00:00.175168,0 days 00:00:00.293993,0,,1,0,2,2023-10-12 20:48:00,0.03218855109477496,8.60738624849256,11.41491136440629,0.682914788569975,8.60738624849256,73.26997509658031,4.2814513037152393e-05,-312.07134750005207,5.714015839316537,238.80137240347176,4.839359000293866,4.37347489113288,1.0,0.484375,30.946662849444692,1.0,1.2027226584831971,6.04669654006028,34.66651216834285,12.504198474838555,2.651301469030448,1.4239977881765804,0.5797742055404038,0.0,0.03218855109477496,8.60738624849256,11.41491136440629,0.682914788569975,8.60738624849256,73.26997509658031,4.2814513037152393e-05,-312.07134750005207,5.714015839316537,238.80137240347176,4.839359000293866,4.37347489113288,1.0,0.484375,30.946662849444692,1.0,1.2027226584831971,6.04669654006028,34.66651216834285,12.504198474838555,2.651301469030448,1.4239977881765804,0.5797742055404038,0.0,0.294,1.5455175288159926
976283bae01b3ff9e85dbe3b46fadced,WindowRegression,"{""window_size"": 20, ""input_dim"": ""univariate"", ""output_dim"": ""forecast_length"", ""normalize_window"": false, ""max_windows"": 200000, ""fourier_encoding_components"": null, ""scale"": false, ""datepart_method"": null, ""regression_type"": ""User"", ""regression_model"": {""model"": ""xgboost"", ""model_params"": {""booster"": ""gbtree"", ""objective"": ""reg:squarederror"", ""max_depth"": 6, ""eta"": 0.03, ""min_child_weight"": 1, ""subsample"": 1, ""colsample_bylevel"": 0.7, ""reg_alpha"": 0, ""reg_lambda"": 1, ""n_estimators"": 7, ""grow_policy"": ""lossguide"", ""tree_method"": ""hist"", ""device"": ""cuda""}}}","{""fillna"": ""linear"", ""transformations"": {""0"": null}, ""transformation_params"": {""0"": {}}}",0 days 00:00:00.000219,0 days 00:00:00.031184,0 days 00:00:00.165453,0 days 00:00:00.235496,0,,1,0,2,2023-10-12 20:48:00,0.0321580259749126,8.599208377144294,11.41709724109218,0.6837525917093024,8.599208377144294,71.25509019251695,4.1637136958074006e-05,-310.80221316487587,5.696788046093011,239.54712297235892,4.843510223590194,4.37347489113288,1.0,0.5,30.891514998500497,1.0,1.202546271126126,6.040172099877425,34.60202356491497,12.473254445412321,2.656146740918769,1.3922618914934253,0.48171661687104206,0.0,0.0321580259749126,8.599208377144294,11.41709724109218,0.6837525917093024,8.599208377144294,71.25509019251695,4.1637136958074006e-05,-310.80221316487587,5.696788046093011,239.54712297235892,4.843510223590194,4.37347489113288,1.0,0.5,30.891514998500497,1.0,1.202546271126126,6.040172099877425,34.60202356491497,12.473254445412321,2.656146740918769,1.3922618914934253,0.48171661687104206,0.0,0.2355,1.5458134847481961
678f0000fdbf85c28a63493636336943,WindowRegression,"{""window_size"": 2, ""input_dim"": ""univariate"", ""output_dim"": ""forecast_length"", ""normalize_window"": false, ""max_windows"": 200000, ""fourier_encoding_components"": null, ""scale"": false, ""datepart_method"": null, ""regression_type"": ""User"", ""regression_model"": {""model"": ""LightGBM"", ""model_params"": {""objective"": ""regression"", ""learning_rate"": 0.7, ""num_leaves"": 31, ""max_depth"": 5, ""boosting_type"": ""gbdt"", ""n_estimators"": 100, ""linear_tree"": false, ""lambda_l1"": 10, ""lambda_l2"": 0.0, ""min_data_in_leaf"": 15, ""feature_fraction"": 1.0, ""max_bin"": 255, ""device_type"": ""cuda""}}}","{""fillna"": ""rolling_mean"", ""transformations"": {""0"": null}, ""transformation_params"": {""0"": {}}}",0 days 00:00:00.000209,0 days 00:00:00.057802,0 days 00:00:00.165479,0 days 00:00:00.261731,0,,1,0,2,2023-10-12 20:48:00,0.032263912604111926,8.627529198590253,11.417888025148345,0.6853876070816982,8.627529198590253,70.72936479223063,4.132993503839475e-05,-311.4456167510034,5.709701795045536,240.71625195877277,4.866561665464085,4.37347489113288,1.0,0.484375,31.036660570716776,1.0,1.203157008652501,6.074574204443032,34.74545560330557,12.509117841121101,2.659116724527496,1.3795306553923812,0.4769137594434043,0.0,0.032263912604111926,8.627529198590253,11.417888025148345,0.6853876070816982,8.627529198590253,70.72936479223063,4.132993503839475e-05,-311.4456167510034,5.709701795045536,240.71625195877277,4.866561665464085,4.37347489113288,1.0,0.484375,31.036660570716776,1.0,1.203157008652501,6.074574204443032,34.74545560330557,12.509117841121101,2.659116724527496,1.3795306553923812,0.4769137594434043,0.0,0.2617,1.5459205526509854
eea7f2af2406aa3f0f7813209c549655,WindowRegression,"{""window_size"": 5, ""input_dim"": ""univariate"", ""output_dim"": ""forecast_length"", ""normalize_window"": false, ""max_windows"": 200000, ""fourier_encoding_components"": null, ""scale"": false, ""datepart_method"": null, ""regression_type"": ""User"", ""regression_model"": {""model"": ""LightGBM"", ""model_params"": {""objective"": ""regression"", ""learning_rate"": 0.01, ""num_leaves"": 70, ""max_depth"": 10, ""boosting_type"": ""gbdt"", ""n_estimators"": 250, ""linear_tree"": false, ""lambda_l1"": 1, ""lambda_l2"": 0.0, ""min_data_in_leaf"": 20, ""feature_fraction"": 0.5, ""max_bin"": 255, ""device_type"": ""cuda""}}}","{""fillna"": null, ""transformations"": {""0"": null}, ""transformation_params"": {""0"": {}}}",0 days 00:00:00.000205,0 days 00:00:00.124952,0 days 00:00:00.165541,0 days 00:00:00.329464,0,,1,0,2,2023-10-12 20:48:00,0.03226738635983755,8.628456632379766,11.418463764820297,0.6853923595096743,8.628456632379766,71.10981366645865,4.155224620015146e-05,-311.66551906938184,5.7126530525397445,240.5557054029232,4.864764920987097,4.37347489113288,1.0,0.484375,31.030713749976712,1.0,1.2031770034875258,6.075453473247358,34.74886949850437,12.513792020785466,2.65910992130093,1.3886760634477797,0.4772251290911858,0.0,0.03226738635983755,8.628456632379766,11.418463764820297,0.6853923595096743,8.628456632379766,71.10981366645865,4.155224620015146e-05,-311.66551906938184,5.7126530525397445,240.5557054029232,4.864764920987097,4.37347489113288,1.0,0.484375,31.030713749976712,1.0,1.2031770034875258,6.075453473247358,34.74886949850437,12.513792020785466,2.65910992130093,1.3886760634477797,0.4772251290911858,0.0,0.3295,1.5459985047021778
3df6a4a61cdf53b073fe125e1463c7e3,WindowRegression,"{""window_size"": 10, ""input_dim"": ""univariate"", ""output_dim"": ""forecast_length"", ""normalize_window"": false, ""max_windows"": 200000, ""fourier_encoding_components"": null, ""scale"": false, ""datepart_method"": null, ""regression_type"": ""User"", ""regression_model"": {""model"": ""LightGBM"", ""model_params"": {""objective"": ""regression"", ""learning_rate"": 0.01, ""num_leaves"": 31, ""max_depth"": 5, ""boosting_type"": ""gbdt"", ""n_estimators"": 100, ""linear_tree"": false, ""lambda_l1"": 1, ""lambda_l2"": 0.0, ""min_data_in_leaf"": 30, ""feature_fraction"": 1.0, ""max_bin"": 255, ""device_type"": ""cuda""}}}","{""fillna"": null, ""transformations"": {}, ""transformation_params"": {}}",0 days 00:00:00.000185,0 days 00:00:00.061197,0 days 00:00:00.166075,0 days 00:00:00.265740,0,,1,0,2,2023-10-12 20:48:00,0.03226766137842013,8.628530057662317,11.418509477311337,0.6853927357611861,8.628530057662317,71.13993394707722,4.156984665853195e-05,-311.68292881873276,5.712886658604371,240.54299487165554,4.86462260931421,4.37347489113288,1.0,0.484375,31.030242937940784,1.0,1.2031785864719535,6.0755230852899125,34.74913977787355,12.514162354363,2.659109382684947,1.3894001088392784,0.4772497803441106,0.0,0.03226766137842013,8.628530057662317,11.418509477311337,0.6853927357611861,8.628530057662317,71.13993394707722,4.156984665853195e-05,-311.68292881873276,5.712886658604371,240.54299487165554,4.86462260931421,4.37347489113288,1.0,0.484375,31.030242937940784,1.0,1.2031785864719535,6.0755230852899125,34.74913977787355,12.514162354363,2.659109382684947,1.3894001088392784,0.4772497803441106,0.0,0.2657,1.5460046939273004
d3288b89154151e477bb8f1bbe96e8f0,WindowRegression,"{""window_size"": 10, ""input_dim"": ""univariate"", ""output_dim"": ""forecast_length"", ""normalize_window"": false, ""max_windows"": 200000, ""fourier_encoding_components"": null, ""scale"": false, ""datepart_method"": null, ""regression_type"": ""User"", ""regression_model"": {""model"": ""LightGBM"", ""model_params"": {""objective"": ""regression"", ""learning_rate"": 0.01, ""num_leaves"": 31, ""max_depth"": 5, ""boosting_type"": ""gbdt"", ""n_estimators"": 100, ""linear_tree"": false, ""lambda_l1"": 1, ""lambda_l2"": 0.0, ""min_data_in_leaf"": 30, ""feature_fraction"": 1.0, ""max_bin"": 255, ""device_type"": ""cuda""}}}","{""fillna"": ""ffill"", ""transformations"": {""0"": null}, ""transformation_params"": {""0"": {}}}",0 days 00:00:00.000202,0 days 00:00:00.061801,0 days 00:00:00.165063,0 days 00:00:00.265255,0,,1,0,2,2023-10-12 20:48:00,0.03226766137842013,8.628530057662317,11.418509477311337,0.6853927357611861,8.628530057662317,71.13993394707722,4.156984665853195e-05,-311.68292881873276,5.712886658604371,240.54299487165554,4.86462260931421,4.37347489113288,1.0,0.484375,31.030242937940784,1.0,1.2031785864719535,6.0755230852899125,34.74913977787355,12.514162354363,2.659109382684947,1.3894001088392784,0.4772497803441106,0.0,0.03226766137842013,8.628530057662317,11.418509477311337,0.6853927357611861,8.628530057662317,71.13993394707722,4.156984665853195e-05,-311.68292881873276,5.712886658604371,240.54299487165554,4.86462260931421,4.37347489113288,1.0,0.484375,31.030242937940784,1.0,1.2031785864719535,6.0755230852899125,34.74913977787355,12.514162354363,2.659109382684947,1.3894001088392784,0.4772497803441106,0.0,0.2653,1.5460046939273004
71986e2c58b479ec429726e704873db7,WindowRegression,"{""window_size"": 20, ""input_dim"": ""univariate"", ""output_dim"": ""forecast_length"", ""normalize_window"": false, ""max_windows"": 200000, ""fourier_encoding_components"": null, ""scale"": false, ""datepart_method"": null, ""regression_type"": ""User"", ""regression_model"": {""model"": ""xgboost"", ""model_params"": {""booster"": ""gbtree"", ""objective"": ""reg:squarederror"", ""max_depth"": 9, ""eta"": 0.3, ""min_child_weight"": 2, ""subsample"": 1, ""colsample_bylevel"": 0.9, ""reg_alpha"": 100, ""reg_lambda"": 1, ""n_estimators"": 10, ""tree_method"": ""hist"", ""device"": ""cuda""}}}","{""fillna"": ""ffill_mean_biased"", ""transformations"": {""0"": null}, ""transformation_params"": {""0"": {}}}",0 days 00:00:00.000213,0 days 00:00:00.015612,0 days 00:00:00.164520,0 days 00:00:00.219366,0,,1,0,2,2023-10-12 20:48:00,0.03227062457069282,8.629321179503279,11.419003226028869,0.6853967896889442,8.629321179503279,71.46446537682277,4.1759483069783506e-05,-311.8705104325163,5.715403219843983,240.40604505569354,4.863088688117976,4.37347489113288,1.0,0.484375,31.025170166358293,1.0,1.203195642230013,6.076273121317407,34.75205190711161,12.518155097410677,2.6591035793402273,1.3972235605305228,0.4775153856436414,0.0,0.03227062457069282,8.629321179503279,11.419003226028869,0.6853967896889442,8.629321179503279,71.46446537682277,4.1759483069783506e-05,-311.8705104325163,5.715403219843983,240.40604505569354,4.863088688117976,4.37347489113288,1.0,0.484375,31.025170166358293,1.0,1.203195642230013,6.076273121317407,34.75205190711161,12.518155097410677,2.6591035793402273,1.3972235605305228,0.4775153856436414,0.0,0.2194,1.5460715448447901
1f6d6c1208602ae6521750e0c581a321,WindowRegression,"{""window_size"": 20, ""input_dim"": ""univariate"", ""output_dim"": ""forecast_length"", ""normalize_window"": false, ""max_windows"": 200000, ""fourier_encoding_components"": null, ""scale"": false, ""datepart_method"": null, ""regression_type"": ""User"", ""regression_model"": {""model"": ""xgboost"", ""model_params"": {""booster"": ""gbtree"", ""objective"": ""reg:squarederror"", ""max_depth"": 6, ""eta"": 0.3, ""min_child_weight"": 1, ""subsample"": 1, ""colsample_bylevel"": 1, ""reg_alpha"": 0, ""reg_lambda"": 1, ""tree_method"": ""hist"", ""device"": ""cuda""}}}","{""fillna"": null, ""transformations"": {""0"": null}, ""transformation_params"": {""0"": {}}}",0 days 00:00:00.000205,0 days 00:00:00.052922,0 days 00:00:00.171546,0 days 00:00:00.264417,0,,1,0,2,2023-10-12 20:48:00,0.03234928288650608,8.650470626675656,11.497936381390739,0.6772433036059085,8.650470626675656,57.59046051929181,3.365235922993933e-05,-305.6102903132669,5.671659282795551,248.01982979397508,4.911294086686304,4.37347489113288,1.0,0.46875,29.69980814214796,1.0,1.2036515125610352,6.084849766028263,34.66134256168259,11.66862731632242,2.6790407385534154,0.7831139988677044,0.5179419848526183,0.0,0.03234928288650608,8.650470626675656,11.497936381390739,0.6772433036059085,8.650470626675656,57.59046051929181,3.365235922993933e-05,-305.6102903132669,5.671659282795551,248.01982979397508,4.911294086686304,4.37347489113288,1.0,0.46875,29.69980814214796,1.0,1.2036515125610352,6.084849766028263,34.66134256168259,11.66862731632242,2.6790407385534154,0.7831139988677044,0.5179419848526183,0.0,0.2644,1.5567586690214108
0f760decfc490502f2782c17cb181970,WindowRegression,"{""window_size"": 5, ""input_dim"": ""univariate"", ""output_dim"": ""forecast_length"", ""normalize_window"": false, ""max_windows"": 200000, ""fourier_encoding_components"": null, ""scale"": false, ""datepart_method"": null, ""regression_type"": ""User"", ""regression_model"": {""model"": ""xgboost"", ""model_params"": {""booster"": ""gbtree"", ""objective"": ""reg:squarederror"", ""max_depth"": 6, ""eta"": 0.3, ""min_child_weight"": 1, ""subsample"": 1, ""colsample_bylevel"": 0.9, ""reg_alpha"": 0, ""reg_lambda"": 5, ""n_estimators"": 100, ""grow_policy"": ""lossguide"", ""tree_method"": ""hist"", ""device"": ""cuda""}}}","{""fillna"": null, ""transformations"": {}, ""transformation_params"": {}}",0 days 00:00:00.000188,0 days 00:00:00.076382,0 days 00:00:00.172333,0 days 00:00:00.289151,0,,1,0,2,2023-10-12 20:48:00,0.03195554248464256,8.545467477728891,11.499894085624193,0.6667802622144501,8.545467477728891,42.69714143240344,2.494961020659739e-05,-294.80353000352625,5.534838702532012,252.1063885711228,4.930448417201583,4.37347489113288,1.0,0.484375,28.445457763486047,1.0,1.2013864969528685,5.831667689050004,35.25418176743578,13.16770906590568,2.6969942358803576,0.6804199636827974,0.7750169280628962,0.0,0.03195554248464256,8.545467477728891,11.499894085624193,0.6667802622144501,8.545467477728891,42.69714143240344,2.494961020659739e-05,-294.80353000352625,5.534838702532012,252.1063885711228,4.930448417201583,4.37347489113288,1.0,0.484375,28.445457763486047,1.0,1.2013864969528685,5.831667689050004,35.25418176743578,13.16770906590568,2.6969942358803576,0.6804199636827974,0.7750169280628962,0.0,0.2892,1.5570237316322757
aae4b48b17540daad69947938ebfcc9a,WindowRegression,"{""window_size"": 5, ""input_dim"": ""univariate"", ""output_dim"": ""forecast_length"", ""normalize_window"": false, ""max_windows"": 200000, ""fourier_encoding_components"": null, ""scale"": false, ""datepart_method"": null, ""regression_type"": ""User"", ""regression_model"": {""model"": ""xgboost"", ""model_params"": {""booster"": ""gbtree"", ""objective"": ""reg:squarederror"", ""max_depth"": 6, ""eta"": 0.05, ""min_child_weight"": 1, ""subsample"": 1, ""colsample_bylevel"": 1, ""reg_alpha"": 0.001, ""reg_lambda"": 1, ""tree_method"": ""hist"", ""device"": ""cuda""}}}","{""fillna"": null, ""transformations"": {}, ""transformation_params"": {}}",0 days 00:00:00.000196,0 days 00:00:00.086737,0 days 00:00:00.175317,0 days 00:00:00.302144,0,,1,0,2,2023-10-12 20:48:00,0.032262653105784064,8.627299975844778,11.567460577892604,0.6763594485569864,8.627299975844778,68.37291712949445,3.995297047624501e-05,-310.2600577917801,5.716682896146692,241.88714066228567,4.805844286617996,4.37347489113288,1.0,0.515625,30.067190237587056,1.0,1.2031520667164528,6.014105442823199,34.14233271266012,12.282145391296368,2.6795339510855647,1.2017628437611936,0.6844808027946381,0.0,0.032262653105784064,8.627299975844778,11.567460577892604,0.6763594485569864,8.627299975844778,68.37291712949445,3.995297047624501e-05,-310.2600577917801,5.716682896146692,241.88714066228567,4.805844286617996,4.37347489113288,1.0,0.515625,30.067190237587056,1.0,1.2031520667164528,6.014105442823199,34.14233271266012,12.282145391296368,2.6795339510855647,1.2017628437611936,0.6844808027946381,0.0,0.3021,1.5661718708361467
e5ae2de7371edf27a15eeb18d98c909a,WindowRegression,"{""window_size"": 2, ""input_dim"": ""univariate"", ""output_dim"": ""forecast_length"", ""normalize_window"": false, ""max_windows"": 200000, ""fourier_encoding_components"": null, ""scale"": false, ""datepart_method"": null, ""regression_type"": ""User"", ""regression_model"": {""model"": ""xgboost"", ""model_params"": {""booster"": ""gbtree"", ""objective"": ""reg:squarederror"", ""max_depth"": 6, ""eta"": 0.01, ""min_child_weight"": 2, ""subsample"": 1, ""colsample_bylevel"": 1, ""reg_alpha"": 0, ""reg_lambda"": 1, ""n_estimators"": 100, ""tree_method"": ""hist"", ""device"": ""cuda""}}}","{""fillna"": null, ""transformations"": {}, ""transformation_params"": {}}",0 days 00:00:00.000189,0 days 00:00:00.131092,0 days 00:00:00.179644,0 days 00:00:00.350901,0,,1,0,2,2023-10-12 20:48:00,0.03325045452128465,8.891205110588658,11.75475161165064,0.677170634391729,8.891205110588658,88.64830499388336,5.180067285240858e-05,-328.8427160357787,5.996704360431741,240.19441104189536,4.888341947803222,4.37347489113288,1.0,0.484375,31.599958843828063,1.0,1.2088283607129058,6.148291743681814,35.35475051293295,13.085908595159514,2.6716821819659318,1.37380750591337,0.6500721721021693,0.0,0.03325045452128465,8.891205110588658,11.75475161165064,0.677170634391729,8.891205110588658,88.64830499388336,5.180067285240858e-05,-328.8427160357787,5.996704360431741,240.19441104189536,4.888341947803222,4.37347489113288,1.0,0.484375,31.599958843828063,1.0,1.2088283607129058,6.148291743681814,35.35475051293295,13.085908595159514,2.6716821819659318,1.37380750591337,0.6500721721021693,0.0,0.3509,1.5915300682344817
35fab7d1177be588676fef579812adba,WindowRegression,"{""window_size"": 2, ""input_dim"": ""univariate"", ""output_dim"": ""forecast_length"", ""normalize_window"": false, ""max_windows"": 200000, ""fourier_encoding_components"": null, ""scale"": false, ""datepart_method"": null, ""regression_type"": ""User"", ""regression_model"": {""model"": ""xgboost"", ""model_params"": {""booster"": ""gbtree"", ""objective"": ""reg:squarederror"", ""max_depth"": 6, ""eta"": 0.01, ""min_child_weight"": 2, ""subsample"": 1, ""colsample_bylevel"": 1, ""reg_alpha"": 0, ""reg_lambda"": 1, ""n_estimators"": 100, ""tree_method"": ""hist"", ""device"": ""cuda""}}}","{""fillna"": ""ffill_mean_biased"", ""transformations"": {""0"": null}, ""transformation_params"": {""0"": {}}}",0 days 00:00:00.000216,0 days 00:00:00.131401,0 days 00:00:00.180378,0 days 00:00:00.351945,0,,1,0,2,2023-10-12 20:48:00,0.03325045452128465,8.891205110588658,11.75475161165064,0.677170634391729,8.891205110588658,88.64830499388336,5.180067285240858e-05,-328.8427160357787,5.996704360431741,240.19441104189536,4.888341947803222,4.37347489113288,1.0,0.484375,31.599958843828063,1.0,1.2088283607129058,6.148291743681814,35.35475051293295,13.085908595159514,2.6716821819659318,1.37380750591337,0.6500721721021693,0.0,0.03325045452128465,8.891205110588658,11.75475161165064,0.677170634391729,8.891205110588658,88.64830499388336,5.180067285240858e-05,-328.8427160357787,5.996704360431741,240.19441104189536,4.888341947803222,4.37347489113288,1.0,0.484375,31.599958843828063,1.0,1.2088283607129058,6.148291743681814,35.35475051293295,13.085908595159514,2.6716821819659318,1.37380750591337,0.6500721721021693,0.0,0.3519,1.5915300682344817
597f98003f1edf0f733bf81f45a7bce7,WindowRegression,"{""window_size"": 2, ""input_dim"": ""univariate"", ""output_dim"": ""forecast_length"", ""normalize_window"": false, ""max_windows"": 200000, ""fourier_encoding_components"": null, ""scale"": false, ""datepart_method"": null, ""regression_type"": ""User"", ""regression_model"": {""model"": ""xgboost"", ""model_params"": {""booster"": ""gbtree"", ""objective"": ""reg:squarederror"", ""max_depth"": 6, ""eta"": 0.01, ""min_child_weight"": 2, ""subsample"": 1, ""colsample_bylevel"": 1, ""reg_alpha"": 0, ""reg_lambda"": 1, ""n_estimators"": 100, ""tree_method"": ""hist"", ""device"": ""cuda""}}}","{""fillna"": ""ffill"", ""transformations"": {""0"": null}, ""transformation_params"": {""0"": {}}}",0 days 00:00:00.000201,0 days 00:00:00.131297,0 days 00:00:00.179741,0 days 00:00:00.351126,0,,1,0,2,2023-10-12 20:48:00,0.03325045452128465,8.891205110588658,11.75475161165064,0.677170634391729,8.891205110588658,88.64830499388336,5.180067285240858e-05,-328.8427160357787,5.996704360431741,240.19441104189536,4.888341947803222,4.37347489113288,1.0,0.484375,31.599958843828063,1.0,1.2088283607129058,6.148291743681814,35.35475051293295,13.085908595159514,2.6716821819659318,1.37380750591337,0.6500721721021693,0.0,0.03325045452128465,8.891205110588658,11.75475161165064,0.677170634391729,8.891205110588658,88.64830499388336,5.180067285240858e-05,-328.8427160357787,5.996704360431741,240.19441104189536,4.888341947803222,4.37347489113288,1.0,0.484375,31.599958843828063,1.0,1.2088283607129058,6.148291743681814,35.35475051293295,13.085908595159514,2.6716821819659318,1.37380750591337,0.6500721721021693,0.0,0.3511,1.5915300682344817
c04e957c7ceb00fd784c5698ebc26afa,WindowRegression,"{""window_size"": 5, ""input_dim"": ""univariate"", ""output_dim"": ""forecast_length"", ""normalize_window"": false, ""max_windows"": 200000, ""fourier_encoding_components"": null, ""scale"": false, ""datepart_method"": null, ""regression_type"": ""User"", ""regression_model"": {""model"": ""xgboost"", ""model_params"": {""booster"": ""gbtree"", ""objective"": ""reg:squarederror"", ""max_depth"": 6, ""eta"": 0.03, ""min_child_weight"": 0.5, ""subsample"": 0.5, ""colsample_bylevel"": 0.5, ""reg_alpha"": 0, ""reg_lambda"": 1, ""tree_method"": ""hist"", ""device"": ""cuda""}}}","{""fillna"": null, ""transformations"": {}, ""transformation_params"": {}}",0 days 00:00:00.000198,0 days 00:00:00.137847,0 days 00:00:00.179649,0 days 00:00:00.357506,0,,1,0,2,2023-10-12 20:48:00,0.032328418466470436,8.644946226706622,11.888680226226864,0.6917793357228047,8.644946226706622,57.13519979519697,3.338633257739347e-05,-305.2058791522104,5.666569795176171,248.07067935701343,4.832792105559436,4.373474891132879,1.0,0.53125,32.334584222615376,1.0,1.2035324523487596,5.933508339977548,34.5952280541668,13.16154948126943,2.744949455224543,0.8137656816586062,0.790701525068825,0.0,0.032328418466470436,8.644946226706622,11.888680226226864,0.6917793357228047,8.644946226706622,57.13519979519697,3.338633257739347e-05,-305.2058791522104,5.666569795176171,248.07067935701343,4.832792105559436,4.373474891132879,1.0,0.53125,32.334584222615376,1.0,1.2035324523487596,5.933508339977548,34.5952280541668,13.16154948126943,2.744949455224543,0.8137656816586062,0.790701525068825,0.0,0.3575,1.6096632814351575
0fa87e2fe02d9f220491a11aeea01526,WindowRegression,"{""window_size"": 20, ""input_dim"": ""univariate"", ""output_dim"": ""forecast_length"", ""normalize_window"": false, ""max_windows"": 200000, ""fourier_encoding_components"": null, ""scale"": false, ""datepart_method"": null, ""regression_type"": ""User"", ""regression_model"": {""model"": ""LightGBM"", ""model_params"": {""objective"": ""regression"", ""learning_rate"": 0.1, ""num_leaves"": 31, ""max_depth"": 5, ""boosting_type"": ""gbdt"", ""n_estimators"": 100, ""linear_tree"": false, ""lambda_l1"": 0.0, ""lambda_l2"": 0.0, ""min_data_in_leaf"": 20, ""feature_fraction"": 1.0, ""max_bin"": 255, ""device_type"": ""cuda""}}}","{""fillna"": null, ""transformations"": {}, ""transformation_params"": {}}",0 days 00:00:00.000187,0 days 00:00:00.604201,0 days 00:00:00.166103,0 days 00:00:00.809152,0,,1,0,2,2023-10-12 20:48:00,0.03315360702281252,8.86567129832207,11.93438331431464,0.6681235491579213,8.86567129832207,48.56005989711048,2.8375542844244438e-05,-307.9815114948615,5.743426113434957,259.421451597751,5.088036051166695,4.373474891132879,1.0,0.5,30.37378867550433,1.0,1.2082803231801846,5.970074795218655,33.987661411416454,14.954971403874332,2.700461855962673,0.6879225837120418,0.6472520144806266,0.0,0.03315360702281252,8.86567129832207,11.93438331431464,0.6681235491579213,8.86567129832207,48.56005989711048,2.8375542844244438e-05,-307.9815114948615,5.743426113434957,259.421451597751,5.088036051166695,4.373474891132879,1.0,0.5,30.37378867550433,1.0,1.2082803231801846,5.970074795218655,33.987661411416454,14.954971403874332,2.700461855962673,0.6879225837120418,0.6472520144806266,0.0,0.8092,1.615851233448603
974543be739ebd0f0fa3afbe59ca4a8d,WindowRegression,"{""window_size"": 10, ""input_dim"": ""univariate"", ""output_dim"": ""forecast_length"", ""normalize_window"": false, ""max_windows"": 200000, ""fourier_encoding_components"": null, ""scale"": false, ""datepart_method"": null, ""regression_type"": ""User"", ""regression_model"": {""model"": ""LightGBM"", ""model_params"": {""objective"": ""regression"", ""learning_rate"": 0.1, ""num_leaves"": 1000, ""max_depth"": 5, ""boosting_type"": ""gbdt"", ""n_estimators"": 100, ""linear_tree"": false, ""lambda_l1"": 0.0, ""lambda_l2"": 0.0, ""min_data_in_leaf"": 20, ""feature_fraction"": 1.0, ""max_bin"": 255, ""device_type"": ""cuda""}}}","{""fillna"": null, ""transformations"": {}, ""transformation_params"": {}}",0 days 00:00:00.000191,0 days 00:00:01.282520,0 days 00:00:00.278572,0 days 00:00:01.600158,0,,1,0,2,2023-10-12 20:48:00,0.03447806478061922,9.219952664218454,12.769328978256164,0.7164755145496025,9.219952664218454,70.90943199310277,4.143515534874892e-05,-330.4932012515419,6.094602414015851,259.58376925843913,5.094444860226591,4.37347489113288,1.0,0.53125,35.052123322162515,1.0,1.2158622740761917,6.041988932009459,35.55624830879035,17.856548427783608,2.8772640026856693,1.2029747551551282,2.479935526987626,0.0,0.03447806478061922,9.219952664218454,12.769328978256164,0.7164755145496025,9.219952664218454,70.90943199310277,4.143515534874892e-05,-330.4932012515419,6.094602414015851,259.58376925843913,5.094444860226591,4.37347489113288,1.0,0.53125,35.052123322162515,1.0,1.2158622740761917,6.041988932009459,35.55624830879035,17.856548427783608,2.8772640026856693,1.2029747551551282,2.479935526987626,0.0,1.6002,1.7288983801180287
05878ff01e8132c79ce33c00df05018d,WindowRegression,"{""window_size"": 20, ""input_dim"": ""univariate"", ""output_dim"": ""forecast_length"", ""normalize_window"": false, ""max_windows"": 200000, ""fourier_encoding_components"": null, ""scale"": false, ""datepart_method"": null, ""regression_type"": ""User"", ""regression_model"": {""model"": ""LightGBM"", ""model_params"": {""objective"": ""regression"", ""learning_rate"": 0.7, ""num_leaves"": 31, ""max_depth"": -1, ""boosting_type"": ""dart"", ""n_estimators"": 50, ""linear_tree"": false, ""lambda_l1"": 0.0, ""lambda_l2"": 0.0, ""min_data_in_leaf"": 20, ""feature_fraction"": 1.0, ""max_bin"": 255, ""device_type"": ""cuda""}}}","{""fillna"": null, ""transformations"": {""0"": null}, ""transformation_params"": {""0"": {}}}",0 days 00:00:00.000201,0 days 00:00:00.309835,0 days 00:00:00.166255,0 days 00:00:00.514624,0,,1,0,2,2023-10-12 20:48:00,0.039387454553364634,10.53251034280737,13.780722521802575,0.7778915700633423,10.53251034280737,111.79653629943277,6.532709004733842e-05,-392.93859911955224,7.058760166709424,281.14206282011946,5.624391864945675,4.37347489113288,1.0,0.53125,38.843702483034576,1.0,1.243549406998863,7.400329187140246,42.34823306807749,19.428665034166475,3.0129227162762886,2.0195001379520963,5.935951528831941,0.0,0.039387454553364634,10.53251034280737,13.780722521802575,0.7778915700633423,10.53251034280737,111.79653629943277,6.532709004733842e-05,-392.93859911955224,7.058760166709424,281.14206282011946,5.624391864945675,4.37347489113288,1.0,0.53125,38.843702483034576,1.0,1.243549406998863,7.400329187140246,42.34823306807749,19.428665034166475,3.0129227162762886,2.0195001379520963,5.935951528831941,0.0,0.5146,1.8658356195044337
928652b1ea86cc37a1afb5f0220f692f,WindowRegression,"{""window_size"": 20, ""input_dim"": ""univariate"", ""output_dim"": ""forecast_length"", ""normalize_window"": false, ""max_windows"": 200000, ""fourier_encoding_components"": null, ""scale"": false, ""datepart_method"": null, ""regression_type"": ""User"", ""regression_model"": {""model"": ""LightGBM"", ""model_params"": {""objective"": ""regression"", ""learning_rate"": 0.7, ""num_leaves"": 15, ""max_depth"": 5, ""boosting_type"": ""gbdt"", ""n_estimators"": 250, ""linear_tree"": false, ""lambda_l1"": 0.0, ""lambda_l2"": 0.0, ""min_data_in_leaf"": 20, ""feature_fraction"": 1.0, ""max_bin"": 255, ""device_type"": ""cuda""}}}","{""fillna"": null, ""transformations"": {""0"": null}, ""transformation_params"": {""0"": {}}}",0 days 00:00:00.000206,0 days 00:00:00.738975,0 days 00:00:00.168074,0 days 00:00:00.945798,0,,1,0,2,2023-10-12 20:48:00,0.042095577635573096,11.256936272183907,14.208520604258585,0.8321131864967547,11.256936272183907,92.63823385913565,5.4132144388921056e-05,-406.54107763945285,7.314140206160274,313.9028437803172,6.111810929591375,4.37347489113288,1.0,0.578125,32.226422659983655,0.984375,1.340824930213709,8.38180343935966,44.98446417332933,15.202193020775356,3.26548688422247,1.2739511837404205,8.729679246630866,0.0,0.042095577635573096,11.256936272183907,14.208520604258585,0.8321131864967547,11.256936272183907,92.63823385913565,5.4132144388921056e-05,-406.54107763945285,7.314140206160274,313.9028437803172,6.111810929591375,4.37347489113288,1.0,0.578125,32.226422659983655,0.984375,1.340824930213709,8.38180343935966,44.98446417332933,15.202193020775356,3.26548688422247,1.2739511837404205,8.729679246630866,0.0,0.9458,1.923757176152808
35fab7d1177be588676fef579812adba,WindowRegression,"{""window_size"": 2, ""input_dim"": ""univariate"", ""output_dim"": ""forecast_length"", ""normalize_window"": false, ""max_windows"": 200000, ""fourier_encoding_components"": null, ""scale"": false, ""datepart_method"": null, ""regression_type"": ""User"", ""regression_model"": {""model"": ""xgboost"", ""model_params"": {""booster"": ""gbtree"", ""objective"": ""reg:squarederror"", ""max_depth"": 6, ""eta"": 0.01, ""min_child_weight"": 2, ""subsample"": 1, ""colsample_bylevel"": 1, ""reg_alpha"": 0, ""reg_lambda"": 1, ""n_estimators"": 100, ""tree_method"": ""hist"", ""device"": ""cuda""}}}","{""fillna"": ""ffill_mean_biased"", ""transformations"": {""0"": null}, ""transformation_params"": {""0"": {}}}",0 days 00:00:00.000194,0 days 00:00:00.135060,0 days 00:00:00.177483,0 days 00:00:00.351646,0,,1,1,0,2023-10-16 20:48:00,0.07847728064207514,22.311119688203235,27.22857072525043,3.386296244043369,22.311119688203235,14.477507192241319,7.955077979804138e-06,-721.1945836186242,12.68456872237271,706.7170764263828,12.467911171056347,11.817269241559499,1.0,0.421875,64.01387518275442,1.0,1.8152597670284227,17.09040980708866,79.35673642915145,174.33350401717513,3.971993701252061,5.946927920558512,2.4479758351079735,0.0,0.07847728064207514,22.311119688203235,27.22857072525043,3.386296244043369,22.311119688203235,14.477507192241319,7.955077979804138e-06,-721.1945836186242,12.68456872237271,706.7170764263828,12.467911171056347,11.817269241559499,1.0,0.421875,64.01387518275442,1.0,1.8152597670284227,17.09040980708866,79.35673642915145,174.33350401717513,3.971993701252061,5.946927920558512,2.4479758351079735,0.0,0.3516,3.686601848850125
e5ae2de7371edf27a15eeb18d98c909a,WindowRegression,"{""window_size"": 2, ""input_dim"": ""univariate"", ""output_dim"": ""forecast_length"", ""normalize_window"": false, ""max_windows"": 200000, ""fourier_encoding_components"": null, ""scale"": false, ""datepart_method"": null, ""regression_type"": ""User"", ""regression_model"": {""model"": ""xgboost"", ""model_params"": {""booster"": ""gbtree"", ""objective"": ""reg:squarederror"", ""max_depth"": 6, ""eta"": 0.01, ""min_child_weight"": 2, ""subsample"": 1, ""colsample_bylevel"": 1, ""reg_alpha"": 0, ""reg_lambda"": 1, ""n_estimators"": 100, ""tree_method"": ""hist"", ""device"": ""cuda""}}}","{""fillna"": null, ""transformations"": {}, ""transformation_params"": {}}",0 days 00:00:00.000180,0 days 00:00:00.136056,0 days 00:00:00.177375,0 days 00:00:00.352577,0,,1,0,0,2023-10-16 20:48:00,0.07847728064207514,22.311119688203235,27.22857072525043,3.386296244043369,22.311119688203235,14.477507192241319,7.955077979804138e-06,-721.1945836186242,12.68456872237271,706.7170764263828,12.467911171056347,11.817269241559499,1.0,0.421875,64.01387518275442,1.0,1.8152597670284227,17.09040980708866,79.35673642915145,174.33350401717513,3.971993701252061,5.946927920558512,2.4479758351079735,0.0,0.07847728064207514,22.311119688203235,27.22857072525043,3.386296244043369,22.311119688203235,14.477507192241319,7.955077979804138e-06,-721.1945836186242,12.68456872237271,706.7170764263828,12.467911171056347,11.817269241559499,1.0,0.421875,64.01387518275442,1.0,1.8152597670284227,17.09040980708866,79.35673642915145,174.33350401717513,3.971993701252061,5.946927920558512,2.4479758351079735,0.0,0.3526,3.686601848850125
597f98003f1edf0f733bf81f45a7bce7,WindowRegression,"{""window_size"": 2, ""input_dim"": ""univariate"", ""output_dim"": ""forecast_length"", ""normalize_window"": false, ""max_windows"": 200000, ""fourier_encoding_components"": null, ""scale"": false, ""datepart_method"": null, ""regression_type"": ""User"", ""regression_model"": {""model"": ""xgboost"", ""model_params"": {""booster"": ""gbtree"", ""objective"": ""reg:squarederror"", ""max_depth"": 6, ""eta"": 0.01, ""min_child_weight"": 2, ""subsample"": 1, ""colsample_bylevel"": 1, ""reg_alpha"": 0, ""reg_lambda"": 1, ""n_estimators"": 100, ""tree_method"": ""hist"", ""device"": ""cuda""}}}","{""fillna"": ""ffill"", ""transformations"": {""0"": null}, ""transformation_params"": {""0"": {}}}",0 days 00:00:00.000194,0 days 00:00:00.134605,0 days 00:00:00.180533,0 days 00:00:00.354904,0,,1,2,0,2023-10-16 20:48:00,0.07847728064207514,22.311119688203235,27.22857072525043,3.386296244043369,22.311119688203235,14.477507192241319,7.955077979804138e-06,-721.1945836186242,12.68456872237271,706.7170764263828,12.467911171056347,11.817269241559499,1.0,0.421875,64.01387518275442,1.0,1.8152597670284227,17.09040980708866,79.35673642915145,174.33350401717513,3.971993701252061,5.946927920558512,2.4479758351079735,0.0,0.07847728064207514,22.311119688203235,27.22857072525043,3.386296244043369,22.311119688203235,14.477507192241319,7.955077979804138e-06,-721.1945836186242,12.68456872237271,706.7170764263828,12.467911171056347,11.817269241559499,1.0,0.421875,64.01387518275442,1.0,1.8152597670284227,17.09040980708866,79.35673642915145,174.33350401717513,3.971993701252061,5.946927920558512,2.4479758351079735,0.0,0.3549,3.686601848850125
af4957c7902787e6e05df783721243cf,WindowRegression,"{""window_size"": 90, ""input_dim"": ""univariate"", ""output_dim"": ""forecast_length"", ""normalize_window"": false, ""max_windows"": 200000, ""fourier_encoding_components"": null, ""scale"": false, ""datepart_method"": null, ""regression_type"": ""User"", ""regression_model"": {""model"": ""LightGBM"", ""model_params"": {""objective"": ""regression"", ""learning_rate"": 0.01, ""num_leaves"": 70, ""max_depth"": 10, ""boosting_type"": ""dart"", ""n_estimators"": 50, ""linear_tree"": false, ""lambda_l1"": 0.0, ""lambda_l2"": 1, ""min_data_in_leaf"": 15, ""feature_fraction"": 0.5, ""max_bin"": 255, ""device_type"": ""cuda""}}}","{""fillna"": null, ""transformations"": {}, ""transformation_params"": {}}",0 days 00:00:00.000180,0 days 00:00:00.974223,0 days 00:00:00.166152,0 days 00:00:01.178091,0,,1,0,0,2023-10-16 20:48:00,0.08036985082457382,22.84994244366635,27.28969849946323,3.471723329245526,22.84994244366635,46.21807491395157,2.539583542489638e-05,-754.307195654299,13.25529186966818,708.0891207403474,12.538568703276717,11.817269241559499,1.0,0.40625,63.54322568226053,1.0,1.8304636782723251,17.830052364878174,82.37064404608546,157.80013601246955,4.013114331304024,5.239327191603527,4.513849635178906,0.0,0.08036985082457382,22.84994244366635,27.28969849946323,3.471723329245526,22.84994244366635,46.21807491395157,2.539583542489638e-05,-754.307195654299,13.25529186966818,708.0891207403474,12.538568703276717,11.817269241559499,1.0,0.40625,63.54322568226053,1.0,1.8304636782723251,17.830052364878174,82.37064404608546,157.80013601246955,4.013114331304024,5.239327191603527,4.513849635178906,0.0,1.1781,3.694878220302116
6306328e6ecfa16f7c9899ea4a9af5fb,WindowRegression,"{""window_size"": 90, ""input_dim"": ""univariate"", ""output_dim"": ""forecast_length"", ""normalize_window"": false, ""max_windows"": 200000, ""fourier_encoding_components"": null, ""scale"": false, ""datepart_method"": null, ""regression_type"": ""User"", ""regression_model"": {""model"": ""LightGBM"", ""model_params"": {""objective"": ""regression"", ""learning_rate"": 0.01, ""num_leaves"": 70, ""max_depth"": 10, ""boosting_type"": ""dart"", ""n_estimators"": 50, ""linear_tree"": false, ""lambda_l1"": 0.0, ""lambda_l2"": 1, ""min_data_in_leaf"": 15, ""feature_fraction"": 0.5, ""max_bin"": 255, ""device_type"": ""cuda""}}}","{""fillna"": ""rolling_mean"", ""transformations"": {""0"": null}, ""transformation_params"": {""0"": {}}}",0 days 00:00:00.000197,0 days 00:00:00.960925,0 days 00:00:00.167092,0 days 00:00:01.166468,0,,1,3,0,2023-10-16 20:48:00,0.0803698508260141,22.849942444075907,27.289698499706788,3.4717233290413003,22.849942444075907,46.21807473898298,2.539583532875491e-05,-754.3071955799205,13.25529186858256,708.0891208409375,12.538568704804902,11.817269241559499,1.0,0.40625,63.54322567845884,1.0,1.8304636782838337,17.830052365046733,82.37064404361229,157.80013610840348,4.013114331257313,5.239327188633947,4.5138496361716145,0.0,0.0803698508260141,22.849942444075907,27.289698499706788,3.4717233290413003,22.849942444075907,46.21807473898298,2.539583532875491e-05,-754.3071955799205,13.25529186858256,708.0891208409375,12.538568704804902,11.817269241559499,1.0,0.40625,63.54322567845884,1.0,1.8304636782838337,17.830052365046733,82.37064404361229,157.80013610840348,4.013114331257313,5.239327188633947,4.5138496361716145,0.0,1.1665,3.6948782203350925
2bdac2373a37168a37e9a09a054c0b82,WindowRegression,"{""window_size"": 90, ""input_dim"": ""univariate"", ""output_dim"": ""forecast_length"", ""normalize_window"": false, ""max_windows"": 200000, ""fourier_encoding_components"": null, ""scale"": false, ""datepart_method"": null, ""regression_type"": ""User"", ""regression_model"": {""model"": ""LightGBM"", ""model_params"": {""objective"": ""regression"", ""learning_rate"": 0.01, ""num_leaves"": 70, ""max_depth"": 10, ""boosting_type"": ""dart"", ""n_estimators"": 50, ""linear_tree"": false, ""lambda_l1"": 0.0, ""lambda_l2"": 1, ""min_data_in_leaf"": 15, ""feature_fraction"": 0.5, ""max_bin"": 255, ""device_type"": ""cuda""}}}","{""fillna"": null, ""transformations"": {""0"": null}, ""transformation_params"": {""0"": {}}}",0 days 00:00:00.000190,0 days 00:00:00.963514,0 days 00:00:00.166767,0 days 00:00:01.168339,0,,1,1,0,2023-10-16 20:48:00,0.08036985082928058,22.84994244500882,27.2896985010783,3.4717233291251364,22.84994244500882,46.218074736232666,2.5395835327243675e-05,-754.3071956083986,13.255291868963253,708.089120872166,12.538568705318516,11.817269241559499,1.0,0.40625,63.54322568679345,1.0,1.8304636783100483,17.830052365761258,82.3706440527572,157.80013601035228,4.013114331312339,5.239327188715918,4.513849636160118,0.0,0.08036985082928058,22.84994244500882,27.2896985010783,3.4717233291251364,22.84994244500882,46.218074736232666,2.5395835327243675e-05,-754.3071956083986,13.255291868963253,708.089120872166,12.538568705318516,11.817269241559499,1.0,0.40625,63.54322568679345,1.0,1.8304636783100483,17.830052365761258,82.3706440527572,157.80013601035228,4.013114331312339,5.239327188715918,4.513849636160118,0.0,1.1683,3.694878220520788
27d05e3a05e1f9e5ed13a6d16ac8b120,WindowRegression,"{""window_size"": 90, ""input_dim"": ""univariate"", ""output_dim"": ""forecast_length"", ""normalize_window"": false, ""max_windows"": 200000, ""fourier_encoding_components"": null, ""scale"": false, ""datepart_method"": null, ""regression_type"": ""User"", ""regression_model"": {""model"": ""LightGBM"", ""model_params"": {""objective"": ""regression"", ""learning_rate"": 0.01, ""num_leaves"": 70, ""max_depth"": 10, ""boosting_type"": ""dart"", ""n_estimators"": 50, ""linear_tree"": false, ""lambda_l1"": 0.0, ""lambda_l2"": 1, ""min_data_in_leaf"": 15, ""feature_fraction"": 0.5, ""max_bin"": 255, ""device_type"": ""cuda""}}}","{""fillna"": ""ffill_mean_biased"", ""transformations"": {""0"": null}, ""transformation_params"": {""0"": {}}}",0 days 00:00:00.000197,0 days 00:00:00.961247,0 days 00:00:00.167462,0 days 00:00:01.166978,0,,1,3,0,2023-10-16 20:48:00,0.0803698508397298,22.849942447977696,27.28969850336201,3.4717233296039742,22.849942447977696,46.21807474048546,2.5395835329580493e-05,-754.307195705529,13.255291870727213,708.0891209650435,12.53856870689617,11.817269241559499,1.0,0.40625,63.54322569186115,1.0,1.830463678393473,17.83005236914047,82.37064406071954,157.80013613675095,4.013114331399941,5.239327192900137,4.513849653653886,0.0,0.0803698508397298,22.849942447977696,27.28969850336201,3.4717233296039742,22.849942447977696,46.21807474048546,2.5395835329580493e-05,-754.307195705529,13.255291870727213,708.0891209650435,12.53856870689617,11.817269241559499,1.0,0.40625,63.54322569186115,1.0,1.830463678393473,17.83005236914047,82.37064406071954,157.80013613675095,4.013114331399941,5.239327192900137,4.513849653653886,0.0,1.167,3.6948782208299904
f23200d1504deecc9146760fccbdf465,WindowRegression,"{""window_size"": 5, ""input_dim"": ""univariate"", ""output_dim"": ""forecast_length"", ""normalize_window"": false, ""max_windows"": 200000, ""fourier_encoding_components"": null, ""scale"": false, ""datepart_method"": null, ""regression_type"": ""User"", ""regression_model"": {""model"": ""xgboost"", ""model_params"": {""booster"": ""gbtree"", ""objective"": ""reg:squarederror"", ""max_depth"": 3, ""eta"": 0.003, ""min_child_weight"": 1, ""subsample"": 1, ""colsample_bylevel"": 0.5, ""reg_alpha"": 0, ""reg_lambda"": 1, ""tree_method"": ""hist"", ""device"": ""cuda""}}}","{""fillna"": null, ""transformations"": {}, ""transformation_params"": {}}",0 days 00:00:00.000183,0 days 00:00:00.082612,0 days 00:00:00.173208,0 days 00:00:00.294572,0,,1,0,0,2023-10-16 20:48:00,0.07994093589476288,22.727652462038975,27.331789474898116,3.4452808870399165,22.727652462038975,37.06530177155582,2.03665839721162e-05,-745.8175296710251,13.114666836467777,708.7522278994693,12.536262642390188,11.817269241559499,1.0,0.40625,66.53141518005577,1.0,1.8270241323622383,17.680094770060318,81.43177662654395,173.40178217979096,4.0042015273361535,5.736197114608581,3.892828569983497,0.0,0.07994093589476288,22.727652462038975,27.331789474898116,3.4452808870399165,22.727652462038975,37.06530177155582,2.03665839721162e-05,-745.8175296710251,13.114666836467777,708.7522278994693,12.536262642390188,11.817269241559499,1.0,0.40625,66.53141518005577,1.0,1.8270241323622383,17.680094770060318,81.43177662654395,173.40178217979096,4.0042015273361535,5.736197114608581,3.892828569983497,0.0,0.2946,3.7005771117137853
90e1975e5cf81ed7185bd211ea6ce8e7,WindowRegression,"{""window_size"": 5, ""input_dim"": ""univariate"", ""output_dim"": ""forecast_length"", ""normalize_window"": false, ""max_windows"": 200000, ""fourier_encoding_components"": null, ""scale"": false, ""datepart_method"": null, ""regression_type"": ""User"", ""regression_model"": {""model"": ""xgboost"", ""model_params"": {""booster"": ""gbtree"", ""objective"": ""reg:squarederror"", ""max_depth"": 3, ""eta"": 0.003, ""min_child_weight"": 1, ""subsample"": 1, ""colsample_bylevel"": 0.5, ""reg_alpha"": 0, ""reg_lambda"": 1, ""tree_method"": ""hist"", ""device"": ""cuda""}}}","{""fillna"": null, ""transformations"": {""0"": null}, ""transformation_params"": {""0"": {}}}",0 days 00:00:00.000193,0 days 00:00:00.081389,0 days 00:00:00.173540,0 days 00:00:00.293796,0,,1,1,0,2023-10-16 20:48:00,0.07994093589476288,22.727652462038975,27.331789474898116,3.4452808870399165,22.727652462038975,37.06530177155582,2.03665839721162e-05,-745.8175296710251,13.114666836467777,708.7522278994693,12.536262642390188,11.817269241559499,1.0,0.40625,66.53141518005577,1.0,1.8270241323622383,17.680094770060318,81.43177662654395,173.40178217979096,4.0042015273361535,5.736197114608581,3.892828569983497,0.0,0.07994093589476288,22.727652462038975,27.331789474898116,3.4452808870399165,22.727652462038975,37.06530177155582,2.03665839721162e-05,-745.8175296710251,13.114666836467777,708.7522278994693,12.536262642390188,11.817269241559499,1.0,0.40625,66.53141518005577,1.0,1.8270241323622383,17.680094770060318,81.43177662654395,173.40178217979096,4.0042015273361535,5.736197114608581,3.892828569983497,0.0,0.2938,3.7005771117137853
678f0000fdbf85c28a63493636336943,WindowRegression,"{""window_size"": 2, ""input_dim"": ""univariate"", ""output_dim"": ""forecast_length"", ""normalize_window"": false, ""max_windows"": 200000, ""fourier_encoding_components"": null, ""scale"": false, ""datepart_method"": null, ""regression_type"": ""User"", ""regression_model"": {""model"": ""LightGBM"", ""model_params"": {""objective"": ""regression"", ""learning_rate"": 0.7, ""num_leaves"": 31, ""max_depth"": 5, ""boosting_type"": ""gbdt"", ""n_estimators"": 100, ""linear_tree"": false, ""lambda_l1"": 10, ""lambda_l2"": 0.0, ""min_data_in_leaf"": 15, ""feature_fraction"": 1.0, ""max_bin"": 255, ""device_type"": ""cuda""}}}","{""fillna"": ""rolling_mean"", ""transformations"": {""0"": null}, ""transformation_params"": {""0"": {}}}",0 days 00:00:00.000203,0 days 00:00:00.074782,0 days 00:00:00.166282,0 days 00:00:00.278625,0,,1,2,0,2023-10-16 20:48:00,0.08047712558075168,22.880482719900044,27.335045478181833,3.472141410439114,22.880482719900044,37.67464809378362,2.0701406635000232e-05,-751.0127710836932,13.207160025017561,713.3381229899096,12.615511690583812,11.817269241559499,1.0,0.40625,64.33045701005176,1.0,1.8313216504384364,17.889416674718532,82.39155983768481,165.8124314298572,4.0147920859812665,5.366576245970028,5.229663075014315,0.0,0.08047712558075168,22.880482719900044,27.335045478181833,3.472141410439114,22.880482719900044,37.67464809378362,2.0701406635000232e-05,-751.0127710836932,13.207160025017561,713.3381229899096,12.615511690583812,11.817269241559499,1.0,0.40625,64.33045701005176,1.0,1.8313216504384364,17.889416674718532,82.39155983768481,165.8124314298572,4.0147920859812665,5.366576245970028,5.229663075014315,0.0,0.2786,3.701017957024644
d3288b89154151e477bb8f1bbe96e8f0,WindowRegression,"{""window_size"": 10, ""input_dim"": ""univariate"", ""output_dim"": ""forecast_length"", ""normalize_window"": false, ""max_windows"": 200000, ""fourier_encoding_components"": null, ""scale"": false, ""datepart_method"": null, ""regression_type"": ""User"", ""regression_model"": {""model"": ""LightGBM"", ""model_params"": {""objective"": ""regression"", ""learning_rate"": 0.01, ""num_leaves"": 31, ""max_depth"": 5, ""boosting_type"": ""gbdt"", ""n_estimators"": 100, ""linear_tree"": false, ""lambda_l1"": 1, ""lambda_l2"": 0.0, ""min_data_in_leaf"": 30, ""feature_fraction"": 1.0, ""max_bin"": 255, ""device_type"": ""cuda""}}}","{""fillna"": ""ffill"", ""transformations"": {""0"": null}, ""transformation_params"": {""0"": {}}}",0 days 00:00:00.000193,0 days 00:00:00.082661,0 days 00:00:00.165744,0 days 00:00:00.286046,0,,1,1,0,2023-10-16 20:48:00,0.08047687351823253,22.88040990325669,27.335093917301194,3.4721375881345486,22.88040990325669,37.821438795486756,2.0782064959893654e-05,-751.0838363019575,13.208172340037695,713.2623975064707,12.614397651261276,11.817269241559499,1.0,0.40625,64.32817112230259,1.0,1.831319605268544,17.88933053637373,82.39140543881528,165.80103672421336,4.014791378695711,5.368274182152432,5.229420393842288,0.0,0.08047687351823253,22.88040990325669,27.335093917301194,3.4721375881345486,22.88040990325669,37.821438795486756,2.0782064959893654e-05,-751.0838363019575,13.208172340037695,713.2623975064707,12.614397651261276,11.817269241559499,1.0,0.40625,64.32817112230259,1.0,1.831319605268544,17.88933053637373,82.39140543881528,165.80103672421336,4.014791378695711,5.368274182152432,5.229420393842288,0.0,0.286,3.7010245154205585
3df6a4a61cdf53b073fe125e1463c7e3,WindowRegression,"{""window_size"": 10, ""input_dim"": ""univariate"", ""output_dim"": ""forecast_length"", ""normalize_window"": false, ""max_windows"": 200000, ""fourier_encoding_components"": null, ""scale"": false, ""datepart_method"": null, ""regression_type"": ""User"", ""regression_model"": {""model"": ""LightGBM"", ""model_params"": {""objective"": ""regression"", ""learning_rate"": 0.01, ""num_leaves"": 31, ""max_depth"": 5, ""boosting_type"": ""gbdt"", ""n_estimators"": 100, ""linear_tree"": false, ""lambda_l1"": 1, ""lambda_l2"": 0.0, ""min_data_in_leaf"": 30, ""feature_fraction"": 1.0, ""max_bin"": 255, ""device_type"": ""cuda""}}}","{""fillna"": null, ""transformations"": {}, ""transformation_params"": {}}",0 days 00:00:00.000183,0 days 00:00:00.082913,0 days 00:00:00.164943,0 days 00:00:00.285200,0,,1,0,0,2023-10-16 20:48:00,0.08047687351823253,22.88040990325669,27.335093917301194,3.4721375881345486,22.88040990325669,37.821438795486756,2.0782064959893654e-05,-751.0838363019575,13.208172340037695,713.2623975064707,12.614397651261276,11.817269241559499,1.0,0.40625,64.32817112230259,1.0,1.831319605268544,17.88933053637373,82.39140543881528,165.80103672421336,4.014791378695711,5.368274182152432,5.229420393842288,0.0,0.08047687351823253,22.88040990325669,27.335093917301194,3.4721375881345486,22.88040990325669,37.821438795486756,2.0782064959893654e-05,-751.0838363019575,13.208172340037695,713.2623975064707,12.614397651261276,11.817269241559499,1.0,0.40625,64.32817112230259,1.0,1.831319605268544,17.88933053637373,82.39140543881528,165.80103672421336,4.014791378695711,5.368274182152432,5.229420393842288,0.0,0.2852,3.7010245154205585
eea7f2af2406aa3f0f7813209c549655,WindowRegression,"{""window_size"": 5, ""input_dim"": ""univariate"", ""output_dim"": ""forecast_length"", ""normalize_window"": false, ""max_windows"": 200000, ""fourier_encoding_components"": null, ""scale"": false, ""datepart_method"": null, ""regression_type"": ""User"", ""regression_model"": {""model"": ""LightGBM"", ""model_params"": {""objective"": ""regression"", ""learning_rate"": 0.01, ""num_leaves"": 70, ""max_depth"": 10, ""boosting_type"": ""gbdt"", ""n_estimators"": 250, ""linear_tree"": false, ""lambda_l1"": 1, ""lambda_l2"": 0.0, ""min_data_in_leaf"": 20, ""feature_fraction"": 0.5, ""max_bin"": 255, ""device_type"": ""cuda""}}}","{""fillna"": null, ""transformations"": {""0"": null}, ""transformation_params"": {""0"": {}}}",0 days 00:00:00.000205,0 days 00:00:00.143073,0 days 00:00:00.276752,0 days 00:00:00.458170,0,,1,3,0,2023-10-16 20:48:00,0.0804768278529414,22.88039671131895,27.335102713430253,3.4721368956609653,22.88039671131895,37.848032356600015,2.0796677548207893e-05,-751.0967109405065,13.208355732961968,713.2486785839064,12.61419582283553,11.817269241559499,1.0,0.40625,64.32775699596459,1.0,1.8313192347519913,17.889314930989645,82.39137746690943,165.79897259010477,4.014791250559215,5.368581791342803,5.229376428141673,0.0,0.0804768278529414,22.88039671131895,27.335102713430253,3.4721368956609653,22.88039671131895,37.848032356600015,2.0796677548207893e-05,-751.0967109405065,13.208355732961968,713.2486785839064,12.61419582283553,11.817269241559499,1.0,0.40625,64.32775699596459,1.0,1.8313192347519913,17.889314930989645,82.39137746690943,165.79897259010477,4.014791250559215,5.368581791342803,5.229376428141673,0.0,0.4582,3.7010257063690655
71986e2c58b479ec429726e704873db7,WindowRegression,"{""window_size"": 20, ""input_dim"": ""univariate"", ""output_dim"": ""forecast_length"", ""normalize_window"": false, ""max_windows"": 200000, ""fourier_encoding_components"": null, ""scale"": false, ""datepart_method"": null, ""regression_type"": ""User"", ""regression_model"": {""model"": ""xgboost"", ""model_params"": {""booster"": ""gbtree"", ""objective"": ""reg:squarederror"", ""max_depth"": 9, ""eta"": 0.3, ""min_child_weight"": 2, ""subsample"": 1, ""colsample_bylevel"": 0.9, ""reg_alpha"": 100, ""reg_lambda"": 1, ""n_estimators"": 10, ""tree_method"": ""hist"", ""device"": ""cuda""}}}","{""fillna"": ""ffill_mean_biased"", ""transformations"": {""0"": null}, ""transformation_params"": {""0"": {}}}",0 days 00:00:00.000216,0 days 00:00:00.018020,0 days 00:00:00.162881,0 days 00:00:00.218497,0,,1,1,0,2023-10-16 20:48:00,0.0804767297989532,22.880368385164786,27.33512162209397,3.4721354087593346,22.880368385164786,37.90513490650119,2.082805416790337e-05,-751.1243557785237,13.208749515304547,713.2192208720226,12.613762448486982,11.817269241559499,1.0,0.40625,64.32686777057461,1.0,1.8313184391666466,17.889281422605766,82.3913174047311,165.79454062748331,4.014790975420307,5.369242299678664,5.229282023565749,0.0,0.0804767297989532,22.880368385164786,27.33512162209397,3.4721354087593346,22.880368385164786,37.90513490650119,2.082805416790337e-05,-751.1243557785237,13.208749515304547,713.2192208720226,12.613762448486982,11.817269241559499,1.0,0.40625,64.32686777057461,1.0,1.8313184391666466,17.889281422605766,82.3913174047311,165.79454062748331,4.014790975420307,5.369242299678664,5.229282023565749,0.0,0.2185,3.701028266500308
976283bae01b3ff9e85dbe3b46fadced,WindowRegression,"{""window_size"": 20, ""input_dim"": ""univariate"", ""output_dim"": ""forecast_length"", ""normalize_window"": false, ""max_windows"": 200000, ""fourier_encoding_components"": null, ""scale"": false, ""datepart_method"": null, ""regression_type"": ""User"", ""regression_model"": {""model"": ""xgboost"", ""model_params"": {""booster"": ""gbtree"", ""objective"": ""reg:squarederror"", ""max_depth"": 6, ""eta"": 0.03, ""min_child_weight"": 1, ""subsample"": 1, ""colsample_bylevel"": 0.7, ""reg_alpha"": 0, ""reg_lambda"": 1, ""n_estimators"": 7, ""grow_policy"": ""lossguide"", ""tree_method"": ""hist"", ""device"": ""cuda""}}}","{""fillna"": ""linear"", ""transformations"": {""0"": null}, ""transformation_params"": {""0"": {}}}",0 days 00:00:00.000201,0 days 00:00:00.034138,0 days 00:00:00.165710,0 days 00:00:00.238366,0,,1,3,0,2023-10-16 20:48:00,0.08024424428626872,22.813847860321346,27.3358357489884,3.441278254983775,22.813847860321346,54.09536449297957,2.972423616672084e-05,-757.0908137767728,13.280581310332028,702.9954492837933,12.467816880674862,11.817269241559499,1.0,0.40625,62.102384304736916,1.0,1.8294491494028686,17.72962770796659,81.87173847543036,159.71063070798667,4.006696024171831,5.490632335726103,4.732028692924926,0.0,0.08024424428626872,22.813847860321346,27.3358357489884,3.441278254983775,22.813847860321346,54.09536449297957,2.972423616672084e-05,-757.0908137767728,13.280581310332028,702.9954492837933,12.467816880674862,11.817269241559499,1.0,0.40625,62.102384304736916,1.0,1.8294491494028686,17.72962770796659,81.87173847543036,159.71063070798667,4.006696024171831,5.490632335726103,4.732028692924926,0.0,0.2384,3.701124955436202
aae4b48b17540daad69947938ebfcc9a,WindowRegression,"{""window_size"": 5, ""input_dim"": ""univariate"", ""output_dim"": ""forecast_length"", ""normalize_window"": false, ""max_windows"": 200000, ""fourier_encoding_components"": null, ""scale"": false, ""datepart_method"": null, ""regression_type"": ""User"", ""regression_model"": {""model"": ""xgboost"", ""model_params"": {""booster"": ""gbtree"", ""objective"": ""reg:squarederror"", ""max_depth"": 6, ""eta"": 0.05, ""min_child_weight"": 1, ""subsample"": 1, ""colsample_bylevel"": 1, ""reg_alpha"": 0.001, ""reg_lambda"": 1, ""tree_method"": ""hist"", ""device"": ""cuda""}}}","{""fillna"": null, ""transformations"": {}, ""transformation_params"": {}}",0 days 00:00:00.000183,0 days 00:00:00.083978,0 days 00:00:00.172488,0 days 00:00:00.295087,0,,1,0,0,2023-10-16 20:48:00,0.07823650794379534,22.241088017132938,27.396262010616347,3.4303382791768233,22.241088017132938,20.896944941734546,1.1482420581373318e-05,-722.1632890191213,12.701444732332565,701.2663440773867,12.397794710553672,11.817269241559499,1.0,0.421875,69.02499594680921,1.0,1.8132743287096245,16.809363031325795,77.93508292496719,174.7914709531359,4.010778424012357,6.217614652443495,2.9522794373686447,0.0,0.07823650794379534,22.241088017132938,27.396262010616347,3.4303382791768233,22.241088017132938,20.896944941734546,1.1482420581373318e-05,-722.1632890191213,12.701444732332565,701.2663440773867,12.397794710553672,11.817269241559499,1.0,0.421875,69.02499594680921,1.0,1.8132743287096245,16.809363031325795,77.93508292496719,174.7914709531359,4.010778424012357,6.217614652443495,2.9522794373686447,0.0,0.2951,3.7093063458618882
0f760decfc490502f2782c17cb181970,WindowRegression,"{""window_size"": 5, ""input_dim"": ""univariate"", ""output_dim"": ""forecast_length"", ""normalize_window"": false, ""max_windows"": 200000, ""fourier_encoding_components"": null, ""scale"": false, ""datepart_method"": null, ""regression_type"": ""User"", ""regression_model"": {""model"": ""xgboost"", ""model_params"": {""booster"": ""gbtree"", ""objective"": ""reg:squarederror"", ""max_depth"": 6, ""eta"": 0.3, ""min_child_weight"": 1, ""subsample"": 1, ""colsample_bylevel"": 0.9, ""reg_alpha"": 0, ""reg_lambda"": 5, ""n_estimators"": 100, ""grow_policy"": ""lossguide"", ""tree_method"": ""hist"", ""device"": ""cuda""}}}","{""fillna"": null, ""transformations"": {}, ""transformation_params"": {}}",0 days 00:00:00.000182,0 days 00:00:00.073831,0 days 00:00:00.168830,0 days 00:00:00.281113,0,,1,0,0,2023-10-16 20:48:00,0.07811310507796133,22.20732734530361,27.547893549065655,3.410111622528423,22.20732734530361,65.70881973168434,3.610557936428265e-05,-677.7800651838734,12.039949715570629,743.4888849155577,13.003466677465475,11.817269241559499,1.0,0.4375,59.31085781738511,1.0,1.8123164171391675,16.665031929999547,75.97183803185825,159.56962380394484,4.024562206430161,11.111121647744467,3.2371410446969286,0.0,0.07811310507796133,22.20732734530361,27.547893549065655,3.410111622528423,22.20732734530361,65.70881973168434,3.610557936428265e-05,-677.7800651838734,12.039949715570629,743.4888849155577,13.003466677465475,11.817269241559499,1.0,0.4375,59.31085781738511,1.0,1.8123164171391675,16.665031929999547,75.97183803185825,159.56962380394484,4.024562206430161,11.111121647744467,3.2371410446969286,0.0,0.2811,3.729836439623762
0fa87e2fe02d9f220491a11aeea01526,WindowRegression,"{""window_size"": 20, ""input_dim"": ""univariate"", ""output_dim"": ""forecast_length"", ""normalize_window"": false, ""max_windows"": 200000, ""fourier_encoding_components"": null, ""scale"": false, ""datepart_method"": null, ""regression_type"": ""User"", ""regression_model"": {""model"": ""LightGBM"", ""model_params"": {""objective"": ""regression"", ""learning_rate"": 0.1, ""num_leaves"": 31, ""max_depth"": 5, ""boosting_type"": ""gbdt"", ""n_estimators"": 100, ""linear_tree"": false, ""lambda_l1"": 0.0, ""lambda_l2"": 0.0, ""min_data_in_leaf"": 20, ""feature_fraction"": 1.0, ""max_bin"": 255, ""device_type"": ""cuda""}}}","{""fillna"": null, ""transformations"": {}, ""transformation_params"": {}}",0 days 00:00:00.000185,0 days 00:00:00.619878,0 days 00:00:00.166513,0 days 00:00:00.823707,0,,1,0,0,2023-10-16 20:48:00,0.0777597264535996,22.108300520993055,27.762571651217,3.3122377118612367,22.108300520993055,43.49391985903276,2.3898970971424e-05,-729.2125766012941,12.743763247816403,685.7186567422614,12.227966162397522,11.817269241559499,1.0,0.453125,73.46959367271847,1.0,1.809503745150012,16.195929000458918,78.59047615984232,96.34215068941795,3.987601574361426,4.561393407644968,3.299526382269112,0.0,0.0777597264535996,22.108300520993055,27.762571651217,3.3122377118612367,22.108300520993055,43.49391985903276,2.3898970971424e-05,-729.2125766012941,12.743763247816403,685.7186567422614,12.227966162397522,11.817269241559499,1.0,0.453125,73.46959367271847,1.0,1.809503745150012,16.195929000458918,78.59047615984232,96.34215068941795,3.987601574361426,4.561393407644968,3.299526382269112,0.0,0.8237,3.758902698601684
68534460ae3142fd0ce1c990ff255fd2,WindowRegression,"{""window_size"": 10, ""input_dim"": ""univariate"", ""output_dim"": ""forecast_length"", ""normalize_window"": false, ""max_windows"": 200000, ""fourier_encoding_components"": null, ""scale"": false, ""datepart_method"": null, ""regression_type"": ""User"", ""regression_model"": {""model"": ""xgboost"", ""model_params"": {""booster"": ""gbtree"", ""objective"": ""reg:squarederror"", ""max_depth"": 6, ""eta"": 0.01, ""min_child_weight"": 1, ""subsample"": 1, ""colsample_bylevel"": 0.7, ""reg_alpha"": 0, ""reg_lambda"": 0.11, ""tree_method"": ""hist"", ""device"": ""cuda""}}}","{""fillna"": ""ffill"", ""transformations"": {""0"": null}, ""transformation_params"": {""0"": {}}}",0 days 00:00:00.000201,0 days 00:00:00.153573,0 days 00:00:00.181097,0 days 00:00:00.374171,0,,1,3,0,2023-10-16 20:48:00,0.08082419832771504,22.977880493822568,27.80400013042359,3.4785826354915637,22.977880493822568,67.02040719041543,3.6826268387122886e-05,-768.8023793975299,13.440727649320895,701.7819722071144,12.464861372406432,11.817269241559499,1.0,0.4375,62.80871255884267,1.0,1.834055178390726,17.46333343563526,81.35277516811965,164.3595391435932,4.017179956043951,5.652676787943479,6.363381816308093,0.0,0.08082419832771504,22.977880493822568,27.80400013042359,3.4785826354915637,22.977880493822568,67.02040719041543,3.6826268387122886e-05,-768.8023793975299,13.440727649320895,701.7819722071144,12.464861372406432,11.817269241559499,1.0,0.4375,62.80871255884267,1.0,1.834055178390726,17.46333343563526,81.35277516811965,164.3595391435932,4.017179956043951,5.652676787943479,6.363381816308093,0.0,0.3742,3.76451189159162
d8cd8b66a9a28255be6ed91e0ed0f3ea,WindowRegression,"{""window_size"": 10, ""input_dim"": ""univariate"", ""output_dim"": ""forecast_length"", ""normalize_window"": false, ""max_windows"": 200000, ""fourier_encoding_components"": null, ""scale"": false, ""datepart_method"": null, ""regression_type"": ""User"", ""regression_model"": {""model"": ""xgboost"", ""model_params"": {""booster"": ""gbtree"", ""colsample_bylevel"": 0.54, ""learning_rate"": 0.025, ""max_depth"": 11, ""min_child_weight"": 0.0127, ""n_estimators"": 240, ""tree_method"": ""hist"", ""objective"": ""reg:squarederror"", ""device"": ""cuda""}}}","{""fillna"": null, ""transformations"": {}, ""transformation_params"": {}}",0 days 00:00:00.000181,0 days 00:00:00.273876,0 days 00:00:00.186602,0 days 00:00:00.500882,0,,1,0,0,2023-10-16 20:48:00,0.08105803605820547,23.045102361605302,27.96790372681706,3.516463994272039,23.045102361605302,27.92302645656673,1.5343100849099534e-05,-751.404788799653,13.173931008882775,723.4817623430863,12.784639211534023,11.817269241559499,1.0,0.4375,58.16537562939993,1.0,1.8359394272791976,17.582901870924953,81.59899192850416,217.41079409002694,4.02565610133122,5.791727432159174,5.748085752852282,0.0,0.08105803605820547,23.045102361605302,27.96790372681706,3.516463994272039,23.045102361605302,27.92302645656673,1.5343100849099534e-05,-751.404788799653,13.173931008882775,723.4817623430863,12.784639211534023,11.817269241559499,1.0,0.4375,58.16537562939993,1.0,1.8359394272791976,17.582901870924953,81.59899192850416,217.41079409002694,4.02565610133122,5.791727432159174,5.748085752852282,0.0,0.5009,3.7867035559134274
45bdced91dc2d47343e4838f14c37e0a,WindowRegression,"{""window_size"": 5, ""input_dim"": ""univariate"", ""output_dim"": ""forecast_length"", ""normalize_window"": false, ""max_windows"": 200000, ""fourier_encoding_components"": null, ""scale"": false, ""datepart_method"": null, ""regression_type"": ""User"", ""regression_model"": {""model"": ""xgboost"", ""model_params"": {""booster"": ""gbtree"", ""objective"": ""reg:squarederror"", ""max_depth"": 6, ""eta"": 0.03, ""min_child_weight"": 1, ""subsample"": 1, ""colsample_bylevel"": 1, ""reg_alpha"": 0, ""reg_lambda"": 1, ""tree_method"": ""hist"", ""device"": ""cuda""}}}","{""fillna"": null, ""transformations"": {}, ""transformation_params"": {}}",0 days 00:00:00.000184,0 days 00:00:00.116409,0 days 00:00:00.176021,0 days 00:00:00.331013,0,,1,0,0,2023-10-16 20:48:00,0.07937497159355121,22.564395235043776,28.133738840320685,3.511124380392604,22.564395235043776,20.277709733774827,1.1142164189043586e-05,-732.1995023882882,12.849097421873768,711.9217926545134,12.562050900878653,11.817269241559499,1.0,0.4375,68.11702916774448,1.0,1.8224222178119156,16.746676924574516,79.11223198805882,198.52233187261277,4.039625142794285,6.241245198614097,5.835745115637864,0.0,0.07937497159355121,22.564395235043776,28.133738840320685,3.511124380392604,22.564395235043776,20.277709733774827,1.1142164189043586e-05,-732.1995023882882,12.849097421873768,711.9217926545134,12.562050900878653,11.817269241559499,1.0,0.4375,68.11702916774448,1.0,1.8224222178119156,16.746676924574516,79.11223198805882,198.52233187261277,4.039625142794285,6.241245198614097,5.835745115637864,0.0,0.331,3.8091567372506243
974543be739ebd0f0fa3afbe59ca4a8d,WindowRegression,"{""window_size"": 10, ""input_dim"": ""univariate"", ""output_dim"": ""forecast_length"", ""normalize_window"": false, ""max_windows"": 200000, ""fourier_encoding_components"": null, ""scale"": false, ""datepart_method"": null, ""regression_type"": ""User"", ""regression_model"": {""model"": ""LightGBM"", ""model_params"": {""objective"": ""regression"", ""learning_rate"": 0.1, ""num_leaves"": 1000, ""max_depth"": 5, ""boosting_type"": ""gbdt"", ""n_estimators"": 100, ""linear_tree"": false, ""lambda_l1"": 0.0, ""lambda_l2"": 0.0, ""min_data_in_leaf"": 20, ""feature_fraction"": 1.0, ""max_bin"": 255, ""device_type"": ""cuda""}}}","{""fillna"": null, ""transformations"": {}, ""transformation_params"": {}}",0 days 00:00:00.000185,0 days 00:00:02.573751,0 days 00:00:00.166395,0 days 00:00:02.777538,0,,1,0,0,2023-10-16 20:48:00,0.07694126578892166,21.87596404911966,28.275930646977518,3.2656401879077475,21.87596404911966,1.5712214493869396,8.633523014315933e-07,-700.8164602965226,12.331931264558579,699.2452388471356,12.300177196770441,11.817269241559499,1.0,0.453125,68.75289627357779,1.0,1.8028874368323318,15.566730917444552,77.96239622642453,113.48575874861079,4.032749056097626,6.739742612246645,2.538622653022839,0.0,0.07694126578892166,21.87596404911966,28.275930646977518,3.2656401879077475,21.87596404911966,1.5712214493869396,8.633523014315933e-07,-700.8164602965226,12.331931264558579,699.2452388471356,12.300177196770441,11.817269241559499,1.0,0.453125,68.75289627357779,1.0,1.8028874368323318,15.566730917444552,77.96239622642453,113.48575874861079,4.032749056097626,6.739742612246645,2.538622653022839,0.0,2.7775,3.828408742161271
ae4ecf991c6ae1ea6d0a1bc472fb875b,WindowRegression,"{""window_size"": 10, ""input_dim"": ""univariate"", ""output_dim"": ""forecast_length"", ""normalize_window"": false, ""max_windows"": 200000, ""fourier_encoding_components"": null, ""scale"": false, ""datepart_method"": null, ""regression_type"": ""User"", ""regression_model"": {""model"": ""xgboost"", ""model_params"": {""booster"": ""gbtree"", ""objective"": ""reg:squarederror"", ""max_depth"": 6, ""eta"": 0.03, ""min_child_weight"": 1, ""subsample"": 0.5, ""colsample_bylevel"": 0.5, ""reg_alpha"": 0.001, ""reg_lambda"": 1, ""tree_method"": ""hist"", ""device"": ""cuda""}}}","{""fillna"": null, ""transformations"": {}, ""transformation_params"": {}}",0 days 00:00:00.000192,0 days 00:00:00.195059,0 days 00:00:00.178683,0 days 00:00:00.412539,0,,1,0,0,2023-10-16 20:48:00,0.08201257342583274,23.313867139985234,28.649481204996146,3.577657410160227,23.313867139985234,19.26565528315041,1.0586062094420577e-05,-755.6765761211027,13.262565362171213,736.4109208379523,12.93950910488646,11.817269241559499,1.0,0.40625,76.36327308691762,1.0,1.8434537401663877,17.524583784692773,80.04968473229464,166.06755082310127,4.041077889154569,5.182769713558872,9.291881386928837,0.0,0.08201257342583274,23.313867139985234,28.649481204996146,3.577657410160227,23.313867139985234,19.26565528315041,1.0586062094420577e-05,-755.6765761211027,13.262565362171213,736.4109208379523,12.93950910488646,11.817269241559499,1.0,0.40625,76.36327308691762,1.0,1.8434537401663877,17.524583784692773,80.04968473229464,166.06755082310127,4.041077889154569,5.182769713558872,9.291881386928837,0.0,0.4125,3.8789854761267226
c04e957c7ceb00fd784c5698ebc26afa,WindowRegression,"{""window_size"": 5, ""input_dim"": ""univariate"", ""output_dim"": ""forecast_length"", ""normalize_window"": false, ""max_windows"": 200000, ""fourier_encoding_components"": null, ""scale"": false, ""datepart_method"": null, ""regression_type"": ""User"", ""regression_model"": {""model"": ""xgboost"", ""model_params"": {""booster"": ""gbtree"", ""objective"": ""reg:squarederror"", ""max_depth"": 6, ""eta"": 0.03, ""min_child_weight"": 0.5, ""subsample"": 0.5, ""colsample_bylevel"": 0.5, ""reg_alpha"": 0, ""reg_lambda"": 1, ""tree_method"": ""hist"", ""device"": ""cuda""}}}","{""fillna"": null, ""transformations"": {}, ""transformation_params"": {}}",0 days 00:00:00.000205,0 days 00:00:00.141078,0 days 00:00:00.292817,0 days 00:00:00.474077,0,,1,0,0,2023-10-16 20:48:00,0.08108544123476491,23.050519937788977,28.910869363712074,3.4693769144523485,23.050519937788977,32.09345305291208,1.7634660324252543e-05,-753.6633645357033,13.200286466861957,721.5699114827912,12.70650415909273,11.817269241559499,1.0,0.421875,77.60925645989482,1.0,1.8360911993468618,17.08402959791669,79.78930050102662,212.11354757639384,3.9924916958822134,6.925426411944999,4.5152969564357,0.0,0.08108544123476491,23.050519937788977,28.910869363712074,3.4693769144523485,23.050519937788977,32.09345305291208,1.7634660324252543e-05,-753.6633645357033,13.200286466861957,721.5699114827912,12.70650415909273,11.817269241559499,1.0,0.421875,77.60925645989482,1.0,1.8360911993468618,17.08402959791669,79.78930050102662,212.11354757639384,3.9924916958822134,6.925426411944999,4.5152969564357,0.0,0.4741,3.914376025227269
1f6d6c1208602ae6521750e0c581a321,WindowRegression,"{""window_size"": 20, ""input_dim"": ""univariate"", ""output_dim"": ""forecast_length"", ""normalize_window"": false, ""max_windows"": 200000, ""fourier_encoding_components"": null, ""scale"": false, ""datepart_method"": null, ""regression_type"": ""User"", ""regression_model"": {""model"": ""xgboost"", ""model_params"": {""booster"": ""gbtree"", ""objective"": ""reg:squarederror"", ""max_depth"": 6, ""eta"": 0.3, ""min_child_weight"": 1, ""subsample"": 1, ""colsample_bylevel"": 1, ""reg_alpha"": 0, ""reg_lambda"": 1, ""tree_method"": ""hist"", ""device"": ""cuda""}}}","{""fillna"": null, ""transformations"": {""0"": null}, ""transformation_params"": {""0"": {}}}",0 days 00:00:00.000191,0 days 00:00:00.056654,0 days 00:00:00.172102,0 days 00:00:00.268391,0,,1,2,0,2023-10-16 20:48:00,0.08290524475292999,23.568916159331764,29.555170788848866,3.6813435929628757,23.568916159331764,116.51158549951288,6.402060353981087e-05,-812.4611098483729,14.014605019691846,695.94952434886,12.425520828476087,11.817269241559499,1.0,0.421875,71.61950393237566,1.0,1.8505563620900252,17.59295625760778,80.91559770401312,247.69391114618864,4.1166698123867285,6.955325053679672,20.50433057691276,0.0,0.08290524475292999,23.568916159331764,29.555170788848866,3.6813435929628757,23.568916159331764,116.51158549951288,6.402060353981087e-05,-812.4611098483729,14.014605019691846,695.94952434886,12.425520828476087,11.817269241559499,1.0,0.421875,71.61950393237566,1.0,1.8505563620900252,17.59295625760778,80.91559770401312,247.69391114618864,4.1166698123867285,6.955325053679672,20.50433057691276,0.0,0.2684,4.001610968592231
05878ff01e8132c79ce33c00df05018d,WindowRegression,"{""window_size"": 20, ""input_dim"": ""univariate"", ""output_dim"": ""forecast_length"", ""normalize_window"": false, ""max_windows"": 200000, ""fourier_encoding_components"": null, ""scale"": false, ""datepart_method"": null, ""regression_type"": ""User"", ""regression_model"": {""model"": ""LightGBM"", ""model_params"": {""objective"": ""regression"", ""learning_rate"": 0.7, ""num_leaves"": 31, ""max_depth"": -1, ""boosting_type"": ""dart"", ""n_estimators"": 50, ""linear_tree"": false, ""lambda_l1"": 0.0, ""lambda_l2"": 0.0, ""min_data_in_leaf"": 20, ""feature_fraction"": 1.0, ""max_bin"": 255, ""device_type"": ""cuda""}}}","{""fillna"": null, ""transformations"": {""0"": null}, ""transformation_params"": {""0"": {}}}",0 days 00:00:00.000189,0 days 00:00:00.332970,0 days 00:00:00.166284,0 days 00:00:00.537067,0,,1,2,0,2023-10-16 20:48:00,0.08606710685736907,24.470919943427248,30.641755615585748,3.686950695066234,24.470919943427248,53.664864499805844,2.948768570464699e-05,-756.237005939769,13.25832880003836,809.9018704395749,14.134467610531578,11.817269241559499,1.0,0.40625,90.2107977005071,1.0,1.8754596540673247,18.34172185271941,82.59830008421903,180.5120984191972,4.1057283496232655,7.53125506866579,16.373278651180538,0.0,0.08606710685736907,24.470919943427248,30.641755615585748,3.686950695066234,24.470919943427248,53.664864499805844,2.948768570464699e-05,-756.237005939769,13.25832880003836,809.9018704395749,14.134467610531578,11.817269241559499,1.0,0.40625,90.2107977005071,1.0,1.8754596540673247,18.34172185271941,82.59830008421903,180.5120984191972,4.1057283496232655,7.53125506866579,16.373278651180538,0.0,0.5371,4.148728702813435
928652b1ea86cc37a1afb5f0220f692f,WindowRegression,"{""window_size"": 20, ""input_dim"": ""univariate"", ""output_dim"": ""forecast_length"", ""normalize_window"": false, ""max_windows"": 200000, ""fourier_encoding_components"": null, ""scale"": false, ""datepart_method"": null, ""regression_type"": ""User"", ""regression_model"": {""model"": ""LightGBM"", ""model_params"": {""objective"": ""regression"", ""learning_rate"": 0.7, ""num_leaves"": 15, ""max_depth"": 5, ""boosting_type"": ""gbdt"", ""n_estimators"": 250, ""linear_tree"": false, ""lambda_l1"": 0.0, ""lambda_l2"": 0.0, ""min_data_in_leaf"": 20, ""feature_fraction"": 1.0, ""max_bin"": 255, ""device_type"": ""cuda""}}}","{""fillna"": null, ""transformations"": {""0"": null}, ""transformation_params"": {""0"": {}}}",0 days 00:00:00.000191,0 days 00:00:00.768275,0 days 00:00:00.168264,0 days 00:00:00.974706,0,,1,2,0,2023-10-16 20:48:00,0.092337119098485,26.25912983992265,34.87417925888351,3.6883468259724115,26.25912983992265,74.60374813121234,4.099315069154407e-05,-802.9902808119186,13.967631130090323,877.594028943131,15.264290029628626,11.817269241559499,1.0,0.46875,121.6454597326483,1.0,1.9238773143544619,18.32777745674745,97.84628567468364,157.17393531986409,4.221498067714593,7.580837666891104,15.136258459158624,0.0,0.092337119098485,26.25912983992265,34.87417925888351,3.6883468259724115,26.25912983992265,74.60374813121234,4.099315069154407e-05,-802.9902808119186,13.967631130090323,877.594028943131,15.264290029628626,11.817269241559499,1.0,0.46875,121.6454597326483,1.0,1.9238773143544619,18.32777745674745,97.84628567468364,157.17393531986409,4.221498067714593,7.580837666891104,15.136258459158624,0.0,0.9747,4.721776072282183
