ID,Model,ModelParameters,TransformationParameters,TransformationRuntime,FitRuntime,PredictRuntime,TotalRuntime,Ensemble,Exceptions,Runs,Generation,ValidationRound,ValidationStartDate,smape,mae,rmse,made,mage,mate,matse,underestimate,mle,overestimate,imle,spl,containment,contour,maxe,oda,dwae,mqae,ewmae,uwmse,smoothness,wasserstein,dwd,custom,smape_weighted,mae_weighted,rmse_weighted,made_weighted,mage_weighted,mate_weighted,matse_weighted,underestimate_weighted,mle_weighted,overestimate_weighted,imle_weighted,spl_weighted,containment_weighted,contour_weighted,maxe_weighted,oda_weighted,dwae_weighted,mqae_weighted,ewmae_weighted,uwmse_weighted,smoothness_weighted,wasserstein_weighted,dwd_weighted,custom_weighted,TotalRuntimeSeconds,Score
b2181ea06ee056b41a55c6282bff2089,WindowRegression,"{""window_size"": 20, ""input_dim"": ""univariate"", ""output_dim"": ""forecast_length"", ""normalize_window"": false, ""max_windows"": 200000, ""fourier_encoding_components"": null, ""scale"": false, ""datepart_method"": null, ""regression_type"": ""User"", ""regression_model"": {""model"": ""LightGBM"", ""model_params"": {""objective"": ""regression"", ""learning_rate"": 0.1, ""num_leaves"": 31, ""max_depth"": -1, ""boosting_type"": ""gbdt"", ""n_estimators"": 50, ""linear_tree"": false, ""lambda_l1"": 0.0, ""lambda_l2"": 0.1, ""min_data_in_leaf"": 20, ""feature_fraction"": 1.0, ""max_bin"": 255, ""device_type"": ""cuda""}}}","{""fillna"": null, ""transformations"": {""0"": null}, ""transformation_params"": {""0"": {}}}",0 days 00:00:00.000210,0 days 00:00:00.319906,0 days 00:00:00.169998,0 days 00:00:00.529177,0,,1,0,1,2023-10-14 20:48:00,0.024435359693379347,6.5595688880507055,8.940154856649007,0.8375689139916983,6.5595688880507055,118.44036967663487,6.893880093264225e-05,-150.68601957930514,3.4587316186709574,269.12638925594,4.847106702752167,13.376473697457747,1.0,0.546875,31.325848653999856,1.0,1.320214574962082,4.518668093629255,23.191148739472744,9.605568480197395,2.286186263970924,7.901263760775858,1.323492505837461,0.0,0.024435359693379347,6.5595688880507055,8.940154856649007,0.8375689139916983,6.5595688880507055,118.44036967663487,6.893880093264225e-05,-150.68601957930514,3.4587316186709574,269.12638925594,4.847106702752167,13.376473697457747,1.0,0.546875,31.325848653999856,1.0,1.320214574962082,4.518668093629255,23.191148739472744,9.605568480197395,2.286186263970924,7.901263760775858,1.323492505837461,0.0,0.5292,1.0
0fa87e2fe02d9f220491a11aeea01526,WindowRegression,"{""window_size"": 20, ""input_dim"": ""univariate"", ""output_dim"": ""forecast_length"", ""normalize_window"": false, ""max_windows"": 200000, ""fourier_encoding_components"": null, ""scale"": false, ""datepart_method"": null, ""regression_type"": ""User"", ""regression_model"": {""model"": ""LightGBM"", ""model_params"": {""objective"": ""regression"", ""learning_rate"": 0.1, ""num_leaves"": 31, ""max_depth"": 5, ""boosting_type"": ""gbdt"", ""n_estimators"": 100, ""linear_tree"": false, ""lambda_l1"": 0.0, ""lambda_l2"": 0.0, ""min_data_in_leaf"": 20, ""feature_fraction"": 1.0, ""max_bin"": 255, ""device_type"": ""cuda""}}}","{""fillna"": null, ""transformations"": {}, ""transformation_params"": {}}",0 days 00:00:00.000192,0 days 00:00:00.606655,0 days 00:00:00.171164,0 days 00:00:00.816694,0,,1,0,1,2023-10-14 20:48:00,0.026126978870047328,7.0131153683589105,9.445890895546958,0.9079763237484028,7.0131153683589105,88.4457659731379,5.1480294011274604e-05,-268.6425747740541,4.948694828392744,180.1968088009162,3.851082598069934,13.376473697457747,1.0,0.59375,32.633340510619746,1.0,1.3395287437805956,4.884393610754261,25.587659731730632,12.793293908345834,2.4948113074882645,4.042747705552231,3.2302538849056726,0.0,0.026126978870047328,7.0131153683589105,9.445890895546958,0.9079763237484028,7.0131153683589105,88.4457659731379,5.1480294011274604e-05,-268.6425747740541,4.948694828392744,180.1968088009162,3.851082598069934,13.376473697457747,1.0,0.59375,32.633340510619746,1.0,1.3395287437805956,4.884393610754261,25.587659731730632,12.793293908345834,2.4948113074882645,4.042747705552231,3.2302538849056726,0.0,0.8167,1.0565690468461877
0282bcbc796482c0aab957f05baa7dd4,WindowRegression,"{""window_size"": 20, ""input_dim"": ""univariate"", ""output_dim"": ""forecast_length"", ""normalize_window"": false, ""max_windows"": 200000, ""fourier_encoding_components"": null, ""scale"": false, ""datepart_method"": null, ""regression_type"": ""User"", ""regression_model"": {""model"": ""LightGBM"", ""model_params"": {""objective"": ""regression"", ""learning_rate"": 0.1, ""num_leaves"": 31, ""max_depth"": -1, ""boosting_type"": ""gbdt"", ""n_estimators"": 100, ""linear_tree"": false, ""lambda_l1"": 0.0, ""lambda_l2"": 0.0, ""min_data_in_leaf"": 20, ""feature_fraction"": 1.0, ""max_bin"": 255, ""device_type"": ""cuda""}}}","{""fillna"": ""rolling_mean"", ""transformations"": {""0"": null}, ""transformation_params"": {""0"": {}}}",0 days 00:00:00.000203,0 days 00:00:00.604219,0 days 00:00:00.170377,0 days 00:00:00.813416,0,,1,0,1,2023-10-14 20:48:00,0.02612697897450487,7.013115396416879,9.445890917473601,0.9079763171941626,7.013115396416879,88.44576308919932,5.1480292332663944e-05,-268.6425742299398,4.9486948329570275,180.19681114074046,3.85108263353397,13.376473697457747,1.0,0.59375,32.63334037063032,1.0,1.3395287449668234,4.884393630373476,25.587659796614474,12.793294053511847,2.4948112980151422,4.042747592761351,3.230253750277162,0.0,0.02612697897450487,7.013115396416879,9.445890917473601,0.9079763171941626,7.013115396416879,88.44576308919932,5.1480292332663944e-05,-268.6425742299398,4.9486948329570275,180.19681114074046,3.85108263353397,13.376473697457747,1.0,0.59375,32.63334037063032,1.0,1.3395287449668234,4.884393630373476,25.587659796614474,12.793294053511847,2.4948112980151422,4.042747592761351,3.230253750277162,0.0,0.8134,1.05656904929879
3adc358e59165e0d807a288a48675f22,WindowRegression,"{""window_size"": 20, ""input_dim"": ""univariate"", ""output_dim"": ""forecast_length"", ""normalize_window"": false, ""max_windows"": 200000, ""fourier_encoding_components"": null, ""scale"": false, ""datepart_method"": null, ""regression_type"": ""User"", ""regression_model"": {""model"": ""LightGBM"", ""model_params"": {""objective"": ""regression"", ""learning_rate"": 0.1, ""num_leaves"": 31, ""max_depth"": 5, ""boosting_type"": ""gbdt"", ""n_estimators"": 100, ""linear_tree"": false, ""lambda_l1"": 0.0, ""lambda_l2"": 0.0, ""min_data_in_leaf"": 20, ""feature_fraction"": 1.0, ""max_bin"": 255, ""device_type"": ""cuda""}}}","{""fillna"": ""ffill_mean_biased"", ""transformations"": {""0"": null}, ""transformation_params"": {""0"": {}}}",0 days 00:00:00.000200,0 days 00:00:00.614494,0 days 00:00:00.172204,0 days 00:00:00.825516,0,,1,0,1,2023-10-14 20:48:00,0.02612697891398308,7.013115380179215,9.445890925117123,0.9079763227391215,7.013115380179215,88.44575664188596,5.148028857997343e-05,-268.64257048667787,4.948694782805929,180.1968138447919,3.8510826611832547,13.376473697457747,1.0,0.59375,32.633340958331246,1.0,1.3395287442803314,4.884393603016481,25.587659668528058,12.793293917021932,2.4948113037799273,4.042747431906288,3.230253745531974,0.0,0.02612697891398308,7.013115380179215,9.445890925117123,0.9079763227391215,7.013115380179215,88.44575664188596,5.148028857997343e-05,-268.64257048667787,4.948694782805929,180.1968138447919,3.8510826611832547,13.376473697457747,1.0,0.59375,32.633340958331246,1.0,1.3395287442803314,4.884393603016481,25.587659668528058,12.793293917021932,2.4948113037799273,4.042747431906288,3.230253745531974,0.0,0.8255,1.0565690501537552
2719fec3bb2018ff629a1a1bdc0c0a7f,WindowRegression,"{""window_size"": 20, ""input_dim"": ""univariate"", ""output_dim"": ""forecast_length"", ""normalize_window"": false, ""max_windows"": 200000, ""fourier_encoding_components"": null, ""scale"": false, ""datepart_method"": null, ""regression_type"": ""User"", ""regression_model"": {""model"": ""LightGBM"", ""model_params"": {""objective"": ""regression"", ""learning_rate"": 0.1, ""num_leaves"": 31, ""max_depth"": 5, ""boosting_type"": ""gbdt"", ""n_estimators"": 100, ""linear_tree"": false, ""lambda_l1"": 0.0, ""lambda_l2"": 0.0, ""min_data_in_leaf"": 20, ""feature_fraction"": 1.0, ""max_bin"": 255, ""device_type"": ""cuda""}}}","{""fillna"": ""ffill"", ""transformations"": {""0"": null}, ""transformation_params"": {""0"": {}}}",0 days 00:00:00.000200,0 days 00:00:00.605453,0 days 00:00:00.170838,0 days 00:00:00.815214,0,,1,0,1,2023-10-14 20:48:00,0.02612697899633873,7.013115402271296,9.44589092925285,0.9079763227318849,7.013115402271296,88.44576607070485,5.1480294068063935e-05,-268.6425759080339,4.948694849873126,180.19680983732906,3.8510826186713882,13.376473697457747,1.0,0.59375,32.63334059994668,1.0,1.339528745214335,4.8843936394468646,25.58765980247461,12.793294044395138,2.4948113078198806,4.042747747678235,3.2302539179386427,0.0,0.02612697899633873,7.013115402271296,9.44589092925285,0.9079763227318849,7.013115402271296,88.44576607070485,5.1480294068063935e-05,-268.6425759080339,4.948694849873126,180.19680983732906,3.8510826186713882,13.376473697457747,1.0,0.59375,32.63334059994668,1.0,1.339528745214335,4.8843936394468646,25.58765980247461,12.793294044395138,2.4948113078198806,4.042747747678235,3.2302539179386427,0.0,0.8152,1.0565690506163563
8f80b74842f84fbe100c5a6842873e16,WindowRegression,"{""window_size"": 20, ""input_dim"": ""univariate"", ""output_dim"": ""forecast_length"", ""normalize_window"": false, ""max_windows"": 200000, ""fourier_encoding_components"": null, ""scale"": false, ""datepart_method"": null, ""regression_type"": ""User"", ""regression_model"": {""model"": ""LightGBM"", ""model_params"": {""objective"": ""regression"", ""learning_rate"": 0.1, ""num_leaves"": 31, ""max_depth"": 5, ""boosting_type"": ""gbdt"", ""n_estimators"": 100, ""linear_tree"": false, ""lambda_l1"": 0.0, ""lambda_l2"": 0.0, ""min_data_in_leaf"": 20, ""feature_fraction"": 1.0, ""max_bin"": 255, ""device_type"": ""cuda""}}}","{""fillna"": ""time"", ""transformations"": {""0"": null}, ""transformation_params"": {""0"": {}}}",0 days 00:00:00.000199,0 days 00:00:00.605950,0 days 00:00:00.170372,0 days 00:00:00.815222,0,,1,0,1,2023-10-14 20:48:00,0.02612697904554379,7.013115415486709,9.445890935307713,0.9079763244345048,7.013115415486709,88.4457598312365,5.148029043635063e-05,-268.64257321119294,4.948694821738103,180.19681337995644,3.851082663671236,13.376473697457747,1.0,0.59375,32.63334073539227,1.0,1.3395287457730531,4.884393636705715,25.587659736914233,12.793293847907519,2.494811308251666,4.042747677172425,3.230253997232482,0.0,0.02612697904554379,7.013115415486709,9.445890935307713,0.9079763244345048,7.013115415486709,88.4457598312365,5.148029043635063e-05,-268.64257321119294,4.948694821738103,180.19681337995644,3.851082663671236,13.376473697457747,1.0,0.59375,32.63334073539227,1.0,1.3395287457730531,4.884393636705715,25.587659736914233,12.793293847907519,2.494811308251666,4.042747677172425,3.230253997232482,0.0,0.8152,1.0565690512936223
b7d4e83d7fb9227fc9d8d44cdf397f45,WindowRegression,"{""window_size"": 20, ""input_dim"": ""univariate"", ""output_dim"": ""forecast_length"", ""normalize_window"": false, ""max_windows"": 200000, ""fourier_encoding_components"": null, ""scale"": false, ""datepart_method"": null, ""regression_type"": ""User"", ""regression_model"": {""model"": ""LightGBM"", ""model_params"": {""objective"": ""regression"", ""learning_rate"": 0.1, ""num_leaves"": 31, ""max_depth"": 5, ""boosting_type"": ""gbdt"", ""n_estimators"": 100, ""linear_tree"": false, ""lambda_l1"": 0.0, ""lambda_l2"": 0.0, ""min_data_in_leaf"": 20, ""feature_fraction"": 1.0, ""max_bin"": 255, ""device_type"": ""cuda""}}}","{""fillna"": null, ""transformations"": {""0"": null}, ""transformation_params"": {""0"": {}}}",0 days 00:00:00.000202,0 days 00:00:00.606479,0 days 00:00:00.170463,0 days 00:00:00.815778,0,,1,0,1,2023-10-14 20:48:00,0.026170887713401952,7.024895494196983,9.451987434726105,0.9106448578384849,7.024895494196983,89.19968905204223,5.191911865524533e-05,-269.39650034032456,4.960474924730794,180.19681128828233,3.853085363317308,13.376473697457747,1.0,0.59375,32.63334071356803,1.0,1.340026688501748,4.898355217885519,25.627010963567365,12.806343176094057,2.4987532390861906,4.084110003395094,3.3116442379762097,0.0,0.026170887713401952,7.024895494196983,9.451987434726105,0.9106448578384849,7.024895494196983,89.19968905204223,5.191911865524533e-05,-269.39650034032456,4.960474924730794,180.19681128828233,3.853085363317308,13.376473697457747,1.0,0.59375,32.63334071356803,1.0,1.340026688501748,4.898355217885519,25.627010963567365,12.806343176094057,2.4987532390861906,4.084110003395094,3.3116442379762097,0.0,0.8158,1.0572509745394885
aae4b48b17540daad69947938ebfcc9a,WindowRegression,"{""window_size"": 5, ""input_dim"": ""univariate"", ""output_dim"": ""forecast_length"", ""normalize_window"": false, ""max_windows"": 200000, ""fourier_encoding_components"": null, ""scale"": false, ""datepart_method"": null, ""regression_type"": ""User"", ""regression_model"": {""model"": ""xgboost"", ""model_params"": {""booster"": ""gbtree"", ""objective"": ""reg:squarederror"", ""max_depth"": 6, ""eta"": 0.05, ""min_child_weight"": 1, ""subsample"": 1, ""colsample_bylevel"": 1, ""reg_alpha"": 0.001, ""reg_lambda"": 1, ""tree_method"": ""hist"", ""device"": ""cuda""}}}","{""fillna"": null, ""transformations"": {}, ""transformation_params"": {}}",0 days 00:00:00.000184,0 days 00:00:00.149342,0 days 00:00:00.182045,0 days 00:00:00.373149,0,,1,0,1,2023-10-14 20:48:00,0.026345463989368902,7.072464599609589,9.687244365341598,0.9440415154588436,7.072464599609589,130.9747656249965,7.623450787322507e-05,-160.83148437500859,3.6920064863303335,291.8062500000051,5.192223953564126,13.376473697457747,1.0,0.609375,35.23796874999971,1.0,1.3420355503976635,4.733151041666874,25.06550354678352,10.897240014638513,2.4585893896959234,7.758840803324779,3.607334846516839,0.0,0.026345463989368902,7.072464599609589,9.687244365341598,0.9440415154588436,7.072464599609589,130.9747656249965,7.623450787322507e-05,-160.83148437500859,3.6920064863303335,291.8062500000051,5.192223953564126,13.376473697457747,1.0,0.609375,35.23796874999971,1.0,1.3420355503976635,4.733151041666874,25.06550354678352,10.897240014638513,2.4585893896959234,7.758840803324779,3.607334846516839,0.0,0.3731,1.0835656116333334
e31e615ff7f2584c8a44724cd854ed40,WindowRegression,"{""window_size"": 5, ""input_dim"": ""univariate"", ""output_dim"": ""forecast_length"", ""normalize_window"": false, ""max_windows"": 200000, ""fourier_encoding_components"": null, ""scale"": false, ""datepart_method"": null, ""regression_type"": ""User"", ""regression_model"": {""model"": ""xgboost"", ""model_params"": {""booster"": ""gbtree"", ""objective"": ""reg:squarederror"", ""max_depth"": 6, ""eta"": 0.05, ""min_child_weight"": 1, ""subsample"": 1, ""colsample_bylevel"": 1, ""reg_alpha"": 0.001, ""reg_lambda"": 1, ""tree_method"": ""hist"", ""device"": ""cuda""}}}","{""fillna"": ""ffill"", ""transformations"": {""0"": null}, ""transformation_params"": {""0"": {}}}",0 days 00:00:00.000224,0 days 00:00:00.149512,0 days 00:00:00.332458,0 days 00:00:00.523891,0,,1,0,1,2023-10-14 20:48:00,0.026345463989368902,7.072464599609589,9.687244365341598,0.9440415154588436,7.072464599609589,130.9747656249965,7.623450787322507e-05,-160.83148437500859,3.6920064863303335,291.8062500000051,5.192223953564126,13.376473697457747,1.0,0.609375,35.23796874999971,1.0,1.3420355503976635,4.733151041666874,25.06550354678352,10.897240014638513,2.4585893896959234,7.758840803324779,3.607334846516839,0.0,0.026345463989368902,7.072464599609589,9.687244365341598,0.9440415154588436,7.072464599609589,130.9747656249965,7.623450787322507e-05,-160.83148437500859,3.6920064863303335,291.8062500000051,5.192223953564126,13.376473697457747,1.0,0.609375,35.23796874999971,1.0,1.3420355503976635,4.733151041666874,25.06550354678352,10.897240014638513,2.4585893896959234,7.758840803324779,3.607334846516839,0.0,0.5239,1.0835656116333334
974543be739ebd0f0fa3afbe59ca4a8d,WindowRegression,"{""window_size"": 10, ""input_dim"": ""univariate"", ""output_dim"": ""forecast_length"", ""normalize_window"": false, ""max_windows"": 200000, ""fourier_encoding_components"": null, ""scale"": false, ""datepart_method"": null, ""regression_type"": ""User"", ""regression_model"": {""model"": ""LightGBM"", ""model_params"": {""objective"": ""regression"", ""learning_rate"": 0.1, ""num_leaves"": 1000, ""max_depth"": 5, ""boosting_type"": ""gbdt"", ""n_estimators"": 100, ""linear_tree"": false, ""lambda_l1"": 0.0, ""lambda_l2"": 0.0, ""min_data_in_leaf"": 20, ""feature_fraction"": 1.0, ""max_bin"": 255, ""device_type"": ""cuda""}}}","{""fillna"": null, ""transformations"": {}, ""transformation_params"": {}}",0 days 00:00:00.000187,0 days 00:00:01.932061,0 days 00:00:00.170895,0 days 00:00:02.141912,0,,1,0,1,2023-10-14 20:48:00,0.02990198564295515,8.026061938869987,10.449430355456998,1.011886387162625,8.026061938869987,69.98221950824154,4.0733495789272936e-05,-291.82509179796034,5.457133551950846,221.8428722897188,4.5078122293941485,13.376473697457747,1.0,0.578125,33.559598316496704,1.0,1.3816903337313222,5.74928557807356,29.670113387062326,18.769221153050616,2.6679336158048566,3.6246643820013476,6.53634729596944,0.0,0.02990198564295515,8.026061938869987,10.449430355456998,1.011886387162625,8.026061938869987,69.98221950824154,4.0733495789272936e-05,-291.82509179796034,5.457133551950846,221.8428722897188,4.5078122293941485,13.376473697457747,1.0,0.578125,33.559598316496704,1.0,1.3816903337313222,5.74928557807356,29.670113387062326,18.769221153050616,2.6679336158048566,3.6246643820013476,6.53634729596944,0.0,2.1419,1.1688198384713109
60fdb3c4f90cfa1df2eef3944c27e9bd,WindowRegression,"{""window_size"": 10, ""input_dim"": ""univariate"", ""output_dim"": ""forecast_length"", ""normalize_window"": false, ""max_windows"": 200000, ""fourier_encoding_components"": null, ""scale"": false, ""datepart_method"": null, ""regression_type"": ""User"", ""regression_model"": {""model"": ""LightGBM"", ""model_params"": {""objective"": ""regression"", ""learning_rate"": 0.1, ""num_leaves"": 1000, ""max_depth"": 5, ""boosting_type"": ""gbdt"", ""n_estimators"": 100, ""linear_tree"": false, ""lambda_l1"": 0.0, ""lambda_l2"": 0.0, ""min_data_in_leaf"": 20, ""feature_fraction"": 1.0, ""max_bin"": 255, ""device_type"": ""cuda""}}}","{""fillna"": null, ""transformations"": {""0"": null}, ""transformation_params"": {""0"": {}}}",0 days 00:00:00.000205,0 days 00:00:01.933671,0 days 00:00:00.170917,0 days 00:00:02.143490,0,,1,0,1,2023-10-14 20:48:00,0.029888225634764464,8.022368579412614,10.45108018817552,1.0105552040104466,8.022368579412614,69.74581457822933,4.0595895134579754e-05,-291.5887018303183,5.453440018757776,221.84288725208899,4.505056742288703,13.376473697457747,1.0,0.578125,33.55959649187571,1.0,1.3815389432378564,5.744908223056444,29.65758167354342,18.773131086839832,2.666583364324619,3.6195859921908213,6.491999084093417,0.0,0.029888225634764464,8.022368579412614,10.45108018817552,1.0105552040104466,8.022368579412614,69.74581457822933,4.0595895134579754e-05,-291.5887018303183,5.453440018757776,221.84288725208899,4.505056742288703,13.376473697457747,1.0,0.578125,33.55959649187571,1.0,1.3815389432378564,5.744908223056444,29.65758167354342,18.773131086839832,2.666583364324619,3.6195859921908213,6.491999084093417,0.0,2.1435,1.1690043803215335
1c908f829353c610b86adfbe363a9afb,WindowRegression,"{""window_size"": 20, ""input_dim"": ""univariate"", ""output_dim"": ""forecast_length"", ""normalize_window"": false, ""max_windows"": 200000, ""fourier_encoding_components"": null, ""scale"": false, ""datepart_method"": null, ""regression_type"": ""User"", ""regression_model"": {""model"": ""LightGBM"", ""model_params"": {""objective"": ""regression"", ""learning_rate"": 0.1, ""num_leaves"": 70, ""max_depth"": -1, ""boosting_type"": ""gbdt"", ""n_estimators"": 100, ""linear_tree"": false, ""lambda_l1"": 0.0, ""lambda_l2"": 0.0, ""min_data_in_leaf"": 30, ""feature_fraction"": 1.0, ""max_bin"": 255, ""device_type"": ""cuda""}}}","{""fillna"": ""pchip"", ""transformations"": {""0"": null}, ""transformation_params"": {""0"": {}}}",0 days 00:00:00.000202,0 days 00:00:01.278268,0 days 00:00:00.171431,0 days 00:00:01.488544,0,,1,0,1,2023-10-14 20:48:00,0.03047013449272505,8.179094110628569,10.782403609054876,1.1075604352651314,8.179094110628569,113.88197360681443,6.62855640330323e-05,-318.6719983435214,5.790554543900546,204.79002473670698,4.314390626727938,13.376473697457747,1.0,0.578125,35.148415530984494,1.0,1.3879485927782143,5.769335835768625,30.864624487725074,18.46551257516675,2.7029856634291494,4.869135771509255,8.05083289099468,0.0,0.03047013449272505,8.179094110628569,10.782403609054876,1.1075604352651314,8.179094110628569,113.88197360681443,6.62855640330323e-05,-318.6719983435214,5.790554543900546,204.79002473670698,4.314390626727938,13.376473697457747,1.0,0.578125,35.148415530984494,1.0,1.3879485927782143,5.769335835768625,30.864624487725074,18.46551257516675,2.7029856634291494,4.869135771509255,8.05083289099468,0.0,1.4885,1.2060645237074104
9aebbd485a76ee621a5e67025c911ac2,WindowRegression,"{""window_size"": 10, ""input_dim"": ""univariate"", ""output_dim"": ""forecast_length"", ""normalize_window"": false, ""max_windows"": 200000, ""fourier_encoding_components"": null, ""scale"": false, ""datepart_method"": null, ""regression_type"": ""User"", ""regression_model"": {""model"": ""xgboost"", ""model_params"": {""booster"": ""gbtree"", ""colsample_bylevel"": 0.54, ""learning_rate"": 0.025, ""max_depth"": 11, ""min_child_weight"": 0.0127, ""n_estimators"": 240, ""tree_method"": ""hist"", ""objective"": ""reg:squarederror"", ""device"": ""cuda""}}}","{""fillna"": null, ""transformations"": {""0"": null}, ""transformation_params"": {""0"": {}}}",0 days 00:00:00.000215,0 days 00:00:01.272663,0 days 00:00:00.217073,0 days 00:00:01.534010,0,,1,0,1,2023-10-14 20:48:00,0.029279345472280612,7.8601184082032205,10.857937733287008,0.887005383260831,7.8601184082032205,39.86929687499651,2.3206120751681628e-05,-231.5891406250048,4.556758526581621,271.4584375000013,5.123425518563314,13.376473697457747,1.0,0.546875,36.01335937499971,1.0,1.374871870898238,5.276552372685223,28.009403069175598,14.162382092870349,2.3473404132650826,4.209108549953868,2.139242299461072,0.0,0.029279345472280612,7.8601184082032205,10.857937733287008,0.887005383260831,7.8601184082032205,39.86929687499651,2.3206120751681628e-05,-231.5891406250048,4.556758526581621,271.4584375000013,5.123425518563314,13.376473697457747,1.0,0.546875,36.01335937499971,1.0,1.374871870898238,5.276552372685223,28.009403069175598,14.162382092870349,2.3473404132650826,4.209108549953868,2.139242299461072,0.0,1.534,1.2145133845429645
d8cd8b66a9a28255be6ed91e0ed0f3ea,WindowRegression,"{""window_size"": 10, ""input_dim"": ""univariate"", ""output_dim"": ""forecast_length"", ""normalize_window"": false, ""max_windows"": 200000, ""fourier_encoding_components"": null, ""scale"": false, ""datepart_method"": null, ""regression_type"": ""User"", ""regression_model"": {""model"": ""xgboost"", ""model_params"": {""booster"": ""gbtree"", ""colsample_bylevel"": 0.54, ""learning_rate"": 0.025, ""max_depth"": 11, ""min_child_weight"": 0.0127, ""n_estimators"": 240, ""tree_method"": ""hist"", ""objective"": ""reg:squarederror"", ""device"": ""cuda""}}}","{""fillna"": null, ""transformations"": {}, ""transformation_params"": {}}",0 days 00:00:00.000198,0 days 00:00:01.272855,0 days 00:00:00.217054,0 days 00:00:01.534079,0,,1,0,1,2023-10-14 20:48:00,0.029279345472280612,7.8601184082032205,10.857937733287008,0.887005383260831,7.8601184082032205,39.86929687499651,2.3206120751681628e-05,-231.5891406250048,4.556758526581621,271.4584375000013,5.123425518563314,13.376473697457747,1.0,0.546875,36.01335937499971,1.0,1.374871870898238,5.276552372685223,28.009403069175598,14.162382092870349,2.3473404132650826,4.209108549953868,2.139242299461072,0.0,0.029279345472280612,7.8601184082032205,10.857937733287008,0.887005383260831,7.8601184082032205,39.86929687499651,2.3206120751681628e-05,-231.5891406250048,4.556758526581621,271.4584375000013,5.123425518563314,13.376473697457747,1.0,0.546875,36.01335937499971,1.0,1.374871870898238,5.276552372685223,28.009403069175598,14.162382092870349,2.3473404132650826,4.209108549953868,2.139242299461072,0.0,1.5341,1.2145133845429645
0f760decfc490502f2782c17cb181970,WindowRegression,"{""window_size"": 5, ""input_dim"": ""univariate"", ""output_dim"": ""forecast_length"", ""normalize_window"": false, ""max_windows"": 200000, ""fourier_encoding_components"": null, ""scale"": false, ""datepart_method"": null, ""regression_type"": ""User"", ""regression_model"": {""model"": ""xgboost"", ""model_params"": {""booster"": ""gbtree"", ""objective"": ""reg:squarederror"", ""max_depth"": 6, ""eta"": 0.3, ""min_child_weight"": 1, ""subsample"": 1, ""colsample_bylevel"": 0.9, ""reg_alpha"": 0, ""reg_lambda"": 5, ""n_estimators"": 100, ""grow_policy"": ""lossguide"", ""tree_method"": ""hist"", ""device"": ""cuda""}}}","{""fillna"": null, ""transformations"": {}, ""transformation_params"": {}}",0 days 00:00:00.000189,0 days 00:00:00.369541,0 days 00:00:00.182510,0 days 00:00:00.593658,0,,1,0,1,2023-10-14 20:48:00,0.0308920257381549,8.292635498047161,11.38570080283115,1.1469976817394338,8.292635498047161,103.28304687500349,6.011640648937666e-05,-317.0058593750109,5.709564555137932,213.72281250000742,4.4583733994572565,13.376473697457747,1.0,0.5,31.56414062499971,1.0,1.3925736995628348,5.534084201389204,33.99184699102696,22.225871634567007,2.666866020602614,3.1574424976096425,9.476002644927528,0.0,0.0308920257381549,8.292635498047161,11.38570080283115,1.1469976817394338,8.292635498047161,103.28304687500349,6.011640648937666e-05,-317.0058593750109,5.709564555137932,213.72281250000742,4.4583733994572565,13.376473697457747,1.0,0.5,31.56414062499971,1.0,1.3925736995628348,5.534084201389204,33.99184699102696,22.225871634567007,2.666866020602614,3.1574424976096425,9.476002644927528,0.0,0.5937,1.2735462623853022
9aebbd485a76ee621a5e67025c911ac2,WindowRegression,"{""window_size"": 10, ""input_dim"": ""univariate"", ""output_dim"": ""forecast_length"", ""normalize_window"": false, ""max_windows"": 200000, ""fourier_encoding_components"": null, ""scale"": false, ""datepart_method"": null, ""regression_type"": ""User"", ""regression_model"": {""model"": ""xgboost"", ""model_params"": {""booster"": ""gbtree"", ""colsample_bylevel"": 0.54, ""learning_rate"": 0.025, ""max_depth"": 11, ""min_child_weight"": 0.0127, ""n_estimators"": 240, ""tree_method"": ""hist"", ""objective"": ""reg:squarederror"", ""device"": ""cuda""}}}","{""fillna"": null, ""transformations"": {""0"": null}, ""transformation_params"": {""0"": {}}}",0 days 00:00:00.000215,0 days 00:00:01.279653,0 days 00:00:00.206940,0 days 00:00:01.530791,0,,1,0,2,2023-10-12 20:48:00,0.03686757421715933,9.857247314453048,12.449944388946893,0.7464673710402535,9.857247314453048,194.72289062499476,0.00011378420326070158,-412.7933593749949,7.270467751646196,218.07046875000015,4.652156253205402,4.37347489113288,1.0,0.515625,32.656640624998545,1.0,1.2293832679844754,7.475711805555572,44.31645997908439,18.040578319739023,3.113137096162436,2.7448943662761525,3.746769729331863,0.0,0.03686757421715933,9.857247314453048,12.449944388946893,0.7464673710402535,9.857247314453048,194.72289062499476,0.00011378420326070158,-412.7933593749949,7.270467751646196,218.07046875000015,4.652156253205402,4.37347489113288,1.0,0.515625,32.656640624998545,1.0,1.2293832679844754,7.475711805555572,44.31645997908439,18.040578319739023,3.113137096162436,2.7448943662761525,3.746769729331863,0.0,1.5308,1.3925871071111895
d8cd8b66a9a28255be6ed91e0ed0f3ea,WindowRegression,"{""window_size"": 10, ""input_dim"": ""univariate"", ""output_dim"": ""forecast_length"", ""normalize_window"": false, ""max_windows"": 200000, ""fourier_encoding_components"": null, ""scale"": false, ""datepart_method"": null, ""regression_type"": ""User"", ""regression_model"": {""model"": ""xgboost"", ""model_params"": {""booster"": ""gbtree"", ""colsample_bylevel"": 0.54, ""learning_rate"": 0.025, ""max_depth"": 11, ""min_child_weight"": 0.0127, ""n_estimators"": 240, ""tree_method"": ""hist"", ""objective"": ""reg:squarederror"", ""device"": ""cuda""}}}","{""fillna"": null, ""transformations"": {}, ""transformation_params"": {}}",0 days 00:00:00.000199,0 days 00:00:01.279634,0 days 00:00:00.355897,0 days 00:00:01.680271,0,,1,0,2,2023-10-12 20:48:00,0.03686757421715933,9.857247314453048,12.449944388946893,0.7464673710402535,9.857247314453048,194.72289062499476,0.00011378420326070158,-412.7933593749949,7.270467751646196,218.07046875000015,4.652156253205402,4.37347489113288,1.0,0.515625,32.656640624998545,1.0,1.2293832679844754,7.475711805555572,44.31645997908439,18.040578319739023,3.113137096162436,2.7448943662761525,3.746769729331863,0.0,0.03686757421715933,9.857247314453048,12.449944388946893,0.7464673710402535,9.857247314453048,194.72289062499476,0.00011378420326070158,-412.7933593749949,7.270467751646196,218.07046875000015,4.652156253205402,4.37347489113288,1.0,0.515625,32.656640624998545,1.0,1.2293832679844754,7.475711805555572,44.31645997908439,18.040578319739023,3.113137096162436,2.7448943662761525,3.746769729331863,0.0,1.6803,1.3925871071111895
927ff06cd2278bd354870f47f7115a52,WindowRegression,"{""window_size"": 20, ""input_dim"": ""univariate"", ""output_dim"": ""forecast_length"", ""normalize_window"": false, ""max_windows"": 200000, ""fourier_encoding_components"": null, ""scale"": false, ""datepart_method"": null, ""regression_type"": ""User"", ""regression_model"": {""model"": ""LightGBM"", ""model_params"": {""colsample_bytree"": 0.947, ""learning_rate"": 0.7024, ""max_bin"": 255, ""min_child_samples"": 15, ""n_estimators"": 5, ""num_leaves"": 35, ""reg_alpha"": 0.00308, ""reg_lambda"": 5.182, ""objective"": ""regression"", ""linear_tree"": false, ""device_type"": ""cuda""}}}","{""fillna"": null, ""transformations"": {""0"": null}, ""transformation_params"": {""0"": {}}}",0 days 00:00:00.000207,0 days 00:00:00.061041,0 days 00:00:00.168996,0 days 00:00:00.268918,0,,1,0,1,2023-10-14 20:48:00,0.040091662093010405,10.765933718916187,13.546310738093986,1.249155162159647,10.765933718916187,189.90140793469982,0.00011053305046397013,-249.5591750379681,5.210789481774443,439.4605829726679,7.7272734931527625,13.376473697457747,1.0,0.5625,33.57402724164058,1.0,1.489764573058191,8.142071987525048,46.5635980619673,23.344521000402036,2.9071818081464516,12.517171571655313,13.122463713473538,0.0,0.040091662093010405,10.765933718916187,13.546310738093986,1.249155162159647,10.765933718916187,189.90140793469982,0.00011053305046397013,-249.5591750379681,5.210789481774443,439.4605829726679,7.7272734931527625,13.376473697457747,1.0,0.5625,33.57402724164058,1.0,1.489764573058191,8.142071987525048,46.5635980619673,23.344521000402036,2.9071818081464516,12.517171571655313,13.122463713473538,0.0,0.2689,1.5152210398256436
b2181ea06ee056b41a55c6282bff2089,WindowRegression,"{""window_size"": 20, ""input_dim"": ""univariate"", ""output_dim"": ""forecast_length"", ""normalize_window"": false, ""max_windows"": 200000, ""fourier_encoding_components"": null, ""scale"": false, ""datepart_method"": null, ""regression_type"": ""User"", ""regression_model"": {""model"": ""LightGBM"", ""model_params"": {""objective"": ""regression"", ""learning_rate"": 0.1, ""num_leaves"": 31, ""max_depth"": -1, ""boosting_type"": ""gbdt"", ""n_estimators"": 50, ""linear_tree"": false, ""lambda_l1"": 0.0, ""lambda_l2"": 0.1, ""min_data_in_leaf"": 20, ""feature_fraction"": 1.0, ""max_bin"": 255, ""device_type"": ""cuda""}}}","{""fillna"": null, ""transformations"": {""0"": null}, ""transformation_params"": {""0"": {}}}",0 days 00:00:00.000214,0 days 00:00:00.308066,0 days 00:00:00.169013,0 days 00:00:00.516362,0,,1,0,2,2023-10-12 20:48:00,0.04008525648320604,10.718088565700214,13.909468858941684,0.7156935220651856,10.718088565700214,249.7546203205129,0.00014594139596344315,-467.8561442626633,8.045779184556606,218.10152394215038,4.787707753151821,4.37347489113288,1.0,0.34375,38.36579985210119,1.0,1.2474144151277315,7.823794804529354,42.823791519740055,14.425753735706865,2.70079189127153,5.346277352012611,1.9357669632501462,0.0,0.04008525648320604,10.718088565700214,13.909468858941684,0.7156935220651856,10.718088565700214,249.7546203205129,0.00014594139596344315,-467.8561442626633,8.045779184556606,218.10152394215038,4.787707753151821,4.37347489113288,1.0,0.34375,38.36579985210119,1.0,1.2474144151277315,7.823794804529354,42.823791519740055,14.425753735706865,2.70079189127153,5.346277352012611,1.9357669632501462,0.0,0.5164,1.555842049939088
71986e2c58b479ec429726e704873db7,WindowRegression,"{""window_size"": 20, ""input_dim"": ""univariate"", ""output_dim"": ""forecast_length"", ""normalize_window"": false, ""max_windows"": 200000, ""fourier_encoding_components"": null, ""scale"": false, ""datepart_method"": null, ""regression_type"": ""User"", ""regression_model"": {""model"": ""xgboost"", ""model_params"": {""booster"": ""gbtree"", ""objective"": ""reg:squarederror"", ""max_depth"": 9, ""eta"": 0.3, ""min_child_weight"": 2, ""subsample"": 1, ""colsample_bylevel"": 0.9, ""reg_alpha"": 100, ""reg_lambda"": 1, ""n_estimators"": 10, ""tree_method"": ""hist"", ""device"": ""cuda""}}}","{""fillna"": ""ffill_mean_biased"", ""transformations"": {""0"": null}, ""transformation_params"": {""0"": {}}}",0 days 00:00:00.000208,0 days 00:00:00.037870,0 days 00:00:00.166768,0 days 00:00:00.245015,0,,1,0,2,2023-10-12 20:48:00,0.04274873570430092,11.432187500000055,13.945630363422568,0.5771888143720884,11.432187500000055,327.18140625000524,0.00019118489619984183,-202.23929687499913,4.743043442640398,529.4207031250044,8.958943130842407,4.37347489113288,1.0,0.484375,29.146249999997963,1.0,1.2621764518005083,8.843722511574285,45.02382436505589,14.188335384306457,2.6314385632033885,11.279902635544238,3.5390232668835537,0.0,0.04274873570430092,11.432187500000055,13.945630363422568,0.5771888143720884,11.432187500000055,327.18140625000524,0.00019118489619984183,-202.23929687499913,4.743043442640398,529.4207031250044,8.958943130842407,4.37347489113288,1.0,0.484375,29.146249999997963,1.0,1.2621764518005083,8.843722511574285,45.02382436505589,14.188335384306457,2.6314385632033885,11.279902635544238,3.5390232668835537,0.0,0.245,1.5598868908910306
aae4b48b17540daad69947938ebfcc9a,WindowRegression,"{""window_size"": 5, ""input_dim"": ""univariate"", ""output_dim"": ""forecast_length"", ""normalize_window"": false, ""max_windows"": 200000, ""fourier_encoding_components"": null, ""scale"": false, ""datepart_method"": null, ""regression_type"": ""User"", ""regression_model"": {""model"": ""xgboost"", ""model_params"": {""booster"": ""gbtree"", ""objective"": ""reg:squarederror"", ""max_depth"": 6, ""eta"": 0.05, ""min_child_weight"": 1, ""subsample"": 1, ""colsample_bylevel"": 1, ""reg_alpha"": 0.001, ""reg_lambda"": 1, ""tree_method"": ""hist"", ""device"": ""cuda""}}}","{""fillna"": null, ""transformations"": {}, ""transformation_params"": {}}",0 days 00:00:00.000191,0 days 00:00:00.146617,0 days 00:00:00.179994,0 days 00:00:00.368253,0,,1,0,2,2023-10-12 20:48:00,0.04505807255174313,12.049125976562323,15.028094311735579,0.8495227431968967,12.049125976562323,213.88843750000524,0.00012498338212575062,-278.6278124999917,5.790793668824922,492.51624999999694,8.528937193895139,4.37347489113288,1.0,0.515625,35.44453124999927,1.0,1.27479233191582,9.07627314814804,48.591140819751594,50.662968185349435,3.2531724803583986,8.627829399712661,7.72996250641502,0.0,0.04505807255174313,12.049125976562323,15.028094311735579,0.8495227431968967,12.049125976562323,213.88843750000524,0.00012498338212575062,-278.6278124999917,5.790793668824922,492.51624999999694,8.528937193895139,4.37347489113288,1.0,0.515625,35.44453124999927,1.0,1.27479233191582,9.07627314814804,48.591140819751594,50.662968185349435,3.2531724803583986,8.627829399712661,7.72996250641502,0.0,0.3683,1.6809657721486586
e31e615ff7f2584c8a44724cd854ed40,WindowRegression,"{""window_size"": 5, ""input_dim"": ""univariate"", ""output_dim"": ""forecast_length"", ""normalize_window"": false, ""max_windows"": 200000, ""fourier_encoding_components"": null, ""scale"": false, ""datepart_method"": null, ""regression_type"": ""User"", ""regression_model"": {""model"": ""xgboost"", ""model_params"": {""booster"": ""gbtree"", ""objective"": ""reg:squarederror"", ""max_depth"": 6, ""eta"": 0.05, ""min_child_weight"": 1, ""subsample"": 1, ""colsample_bylevel"": 1, ""reg_alpha"": 0.001, ""reg_lambda"": 1, ""tree_method"": ""hist"", ""device"": ""cuda""}}}","{""fillna"": ""ffill"", ""transformations"": {""0"": null}, ""transformation_params"": {""0"": {}}}",0 days 00:00:00.000214,0 days 00:00:00.146801,0 days 00:00:00.179636,0 days 00:00:00.368216,0,,1,0,2,2023-10-12 20:48:00,0.04505807255174313,12.049125976562323,15.028094311735579,0.8495227431968967,12.049125976562323,213.88843750000524,0.00012498338212575062,-278.6278124999917,5.790793668824922,492.51624999999694,8.528937193895139,4.37347489113288,1.0,0.515625,35.44453124999927,1.0,1.27479233191582,9.07627314814804,48.591140819751594,50.662968185349435,3.2531724803583986,8.627829399712661,7.72996250641502,0.0,0.04505807255174313,12.049125976562323,15.028094311735579,0.8495227431968967,12.049125976562323,213.88843750000524,0.00012498338212575062,-278.6278124999917,5.790793668824922,492.51624999999694,8.528937193895139,4.37347489113288,1.0,0.515625,35.44453124999927,1.0,1.27479233191582,9.07627314814804,48.591140819751594,50.662968185349435,3.2531724803583986,8.627829399712661,7.72996250641502,0.0,0.3682,1.6809657721486586
71986e2c58b479ec429726e704873db7,WindowRegression,"{""window_size"": 20, ""input_dim"": ""univariate"", ""output_dim"": ""forecast_length"", ""normalize_window"": false, ""max_windows"": 200000, ""fourier_encoding_components"": null, ""scale"": false, ""datepart_method"": null, ""regression_type"": ""User"", ""regression_model"": {""model"": ""xgboost"", ""model_params"": {""booster"": ""gbtree"", ""objective"": ""reg:squarederror"", ""max_depth"": 9, ""eta"": 0.3, ""min_child_weight"": 2, ""subsample"": 1, ""colsample_bylevel"": 0.9, ""reg_alpha"": 100, ""reg_lambda"": 1, ""n_estimators"": 10, ""tree_method"": ""hist"", ""device"": ""cuda""}}}","{""fillna"": ""ffill_mean_biased"", ""transformations"": {""0"": null}, ""transformation_params"": {""0"": {}}}",0 days 00:00:00.000207,0 days 00:00:00.038028,0 days 00:00:00.167766,0 days 00:00:00.246636,0,,1,0,1,2023-10-14 20:48:00,0.05058854593544596,13.584566650390684,15.674594387601658,0.7711835468022624,13.584566650390684,750.6427343749965,0.00043691530326944527,-59.38476562500364,3.2081303073953977,810.0275000000001,12.859474468722492,13.376473697457747,1.0,0.5,36.388671875,1.0,1.5933140409828177,11.190672743055513,54.13749187746301,33.31638954331426,2.264950571570087,39.69493166394741,1.0347806218595172,0.0,0.05058854593544596,13.584566650390684,15.674594387601658,0.7711835468022624,13.584566650390684,750.6427343749965,0.00043691530326944527,-59.38476562500364,3.2081303073953977,810.0275000000001,12.859474468722492,13.376473697457747,1.0,0.5,36.388671875,1.0,1.5933140409828177,11.190672743055513,54.13749187746301,33.31638954331426,2.264950571570087,39.69493166394741,1.0347806218595172,0.0,0.2466,1.7532799642664005
1c908f829353c610b86adfbe363a9afb,WindowRegression,"{""window_size"": 20, ""input_dim"": ""univariate"", ""output_dim"": ""forecast_length"", ""normalize_window"": false, ""max_windows"": 200000, ""fourier_encoding_components"": null, ""scale"": false, ""datepart_method"": null, ""regression_type"": ""User"", ""regression_model"": {""model"": ""LightGBM"", ""model_params"": {""objective"": ""regression"", ""learning_rate"": 0.1, ""num_leaves"": 70, ""max_depth"": -1, ""boosting_type"": ""gbdt"", ""n_estimators"": 100, ""linear_tree"": false, ""lambda_l1"": 0.0, ""lambda_l2"": 0.0, ""min_data_in_leaf"": 30, ""feature_fraction"": 1.0, ""max_bin"": 255, ""device_type"": ""cuda""}}}","{""fillna"": ""pchip"", ""transformations"": {""0"": null}, ""transformation_params"": {""0"": {}}}",0 days 00:00:00.000203,0 days 00:00:00.892379,0 days 00:00:00.170086,0 days 00:00:01.101307,0,,1,0,2,2023-10-12 20:48:00,0.04806901873809486,12.855287454871188,16.834661165927706,0.8676649835747712,12.855287454871188,308.57896050854106,0.00018031475935769063,-257.0797183016075,5.469658338167622,565.6586788101486,9.703118429167027,4.37347489113288,1.0,0.34375,48.40691473140032,1.0,1.2910918891033765,8.883547965056668,50.70269476499437,34.59194948042634,3.034621182633552,6.57394158919449,7.225853885137465,0.0,0.04806901873809486,12.855287454871188,16.834661165927706,0.8676649835747712,12.855287454871188,308.57896050854106,0.00018031475935769063,-257.0797183016075,5.469658338167622,565.6586788101486,9.703118429167027,4.37347489113288,1.0,0.34375,48.40691473140032,1.0,1.2910918891033765,8.883547965056668,50.70269476499437,34.59194948042634,3.034621182633552,6.57394158919449,7.225853885137465,0.0,1.1013,1.883039101208338
2719fec3bb2018ff629a1a1bdc0c0a7f,WindowRegression,"{""window_size"": 20, ""input_dim"": ""univariate"", ""output_dim"": ""forecast_length"", ""normalize_window"": false, ""max_windows"": 200000, ""fourier_encoding_components"": null, ""scale"": false, ""datepart_method"": null, ""regression_type"": ""User"", ""regression_model"": {""model"": ""LightGBM"", ""model_params"": {""objective"": ""regression"", ""learning_rate"": 0.1, ""num_leaves"": 31, ""max_depth"": 5, ""boosting_type"": ""gbdt"", ""n_estimators"": 100, ""linear_tree"": false, ""lambda_l1"": 0.0, ""lambda_l2"": 0.0, ""min_data_in_leaf"": 20, ""feature_fraction"": 1.0, ""max_bin"": 255, ""device_type"": ""cuda""}}}","{""fillna"": ""ffill"", ""transformations"": {""0"": null}, ""transformation_params"": {""0"": {}}}",0 days 00:00:00.000248,0 days 00:00:00.599604,0 days 00:00:00.169740,0 days 00:00:00.808612,0,,1,0,2,2023-10-12 20:48:00,0.05080639727751684,13.583141516932471,16.84234847049982,0.7541164048605759,13.583141516932471,413.1182441966703,0.0002414011527740967,-641.2196506401742,10.666316137167955,228.10140644350395,5.284708628354849,4.37347489113288,1.0,0.421875,43.931823380557034,0.984375,1.6474039282290263,10.3153451804379,52.8833396424245,15.462469341292042,2.7914985483746197,11.094686195721213,1.9425434314116976,0.0,0.05080639727751684,13.583141516932471,16.84234847049982,0.7541164048605759,13.583141516932471,413.1182441966703,0.0002414011527740967,-641.2196506401742,10.666316137167955,228.10140644350395,5.284708628354849,4.37347489113288,1.0,0.421875,43.931823380557034,0.984375,1.6474039282290263,10.3153451804379,52.8833396424245,15.462469341292042,2.7914985483746197,11.094686195721213,1.9425434314116976,0.0,0.8086,1.8838989637829107
b7d4e83d7fb9227fc9d8d44cdf397f45,WindowRegression,"{""window_size"": 20, ""input_dim"": ""univariate"", ""output_dim"": ""forecast_length"", ""normalize_window"": false, ""max_windows"": 200000, ""fourier_encoding_components"": null, ""scale"": false, ""datepart_method"": null, ""regression_type"": ""User"", ""regression_model"": {""model"": ""LightGBM"", ""model_params"": {""objective"": ""regression"", ""learning_rate"": 0.1, ""num_leaves"": 31, ""max_depth"": 5, ""boosting_type"": ""gbdt"", ""n_estimators"": 100, ""linear_tree"": false, ""lambda_l1"": 0.0, ""lambda_l2"": 0.0, ""min_data_in_leaf"": 20, ""feature_fraction"": 1.0, ""max_bin"": 255, ""device_type"": ""cuda""}}}","{""fillna"": null, ""transformations"": {""0"": null}, ""transformation_params"": {""0"": {}}}",0 days 00:00:00.000215,0 days 00:00:00.594034,0 days 00:00:00.175284,0 days 00:00:00.809272,0,,1,0,2,2023-10-12 20:48:00,0.05092143831790476,13.613913158399214,16.85999273582108,0.7541164217428677,13.613913158399214,415.0875609182767,0.0002425519015813723,-643.1890015279132,10.697087316404591,228.10144060963648,5.287603406552677,4.37347489113288,1.0,0.421875,43.93182423345206,0.984375,1.647888411992808,10.351814974641254,53.13045954601057,15.493318827135031,2.787657009581126,11.105860663204764,1.9409480653537434,0.0,0.05092143831790476,13.613913158399214,16.85999273582108,0.7541164217428677,13.613913158399214,415.0875609182767,0.0002425519015813723,-643.1890015279132,10.697087316404591,228.10144060963648,5.287603406552677,4.37347489113288,1.0,0.421875,43.93182423345206,0.984375,1.647888411992808,10.351814974641254,53.13045954601057,15.493318827135031,2.787657009581126,11.105860663204764,1.9409480653537434,0.0,0.8093,1.8858725610644094
8f80b74842f84fbe100c5a6842873e16,WindowRegression,"{""window_size"": 20, ""input_dim"": ""univariate"", ""output_dim"": ""forecast_length"", ""normalize_window"": false, ""max_windows"": 200000, ""fourier_encoding_components"": null, ""scale"": false, ""datepart_method"": null, ""regression_type"": ""User"", ""regression_model"": {""model"": ""LightGBM"", ""model_params"": {""objective"": ""regression"", ""learning_rate"": 0.1, ""num_leaves"": 31, ""max_depth"": 5, ""boosting_type"": ""gbdt"", ""n_estimators"": 100, ""linear_tree"": false, ""lambda_l1"": 0.0, ""lambda_l2"": 0.0, ""min_data_in_leaf"": 20, ""feature_fraction"": 1.0, ""max_bin"": 255, ""device_type"": ""cuda""}}}","{""fillna"": ""time"", ""transformations"": {""0"": null}, ""transformation_params"": {""0"": {}}}",0 days 00:00:00.000212,0 days 00:00:00.598681,0 days 00:00:00.168458,0 days 00:00:00.805660,0,,1,0,2,2023-10-12 20:48:00,0.05093787201900422,13.618300189234503,16.861571574003886,0.7560589083874083,13.618300189234503,414.3488406053766,0.00024212023840111625,-642.9600263581924,10.693950575968106,228.6111857528158,5.299419559578366,4.37347489113288,1.0,0.40625,43.931824054732715,0.984375,1.647957440571779,10.357014617454398,53.08292126407932,15.666916332116244,2.792711959958231,11.105272248011303,1.9434154494659797,0.0,0.05093787201900422,13.618300189234503,16.861571574003886,0.7560589083874083,13.618300189234503,414.3488406053766,0.00024212023840111625,-642.9600263581924,10.693950575968106,228.6111857528158,5.299419559578366,4.37347489113288,1.0,0.40625,43.931824054732715,0.984375,1.647957440571779,10.357014617454398,53.08292126407932,15.666916332116244,2.792711959958231,11.105272248011303,1.9434154494659797,0.0,0.8057,1.886049161828951
0fa87e2fe02d9f220491a11aeea01526,WindowRegression,"{""window_size"": 20, ""input_dim"": ""univariate"", ""output_dim"": ""forecast_length"", ""normalize_window"": false, ""max_windows"": 200000, ""fourier_encoding_components"": null, ""scale"": false, ""datepart_method"": null, ""regression_type"": ""User"", ""regression_model"": {""model"": ""LightGBM"", ""model_params"": {""objective"": ""regression"", ""learning_rate"": 0.1, ""num_leaves"": 31, ""max_depth"": 5, ""boosting_type"": ""gbdt"", ""n_estimators"": 100, ""linear_tree"": false, ""lambda_l1"": 0.0, ""lambda_l2"": 0.0, ""min_data_in_leaf"": 20, ""feature_fraction"": 1.0, ""max_bin"": 255, ""device_type"": ""cuda""}}}","{""fillna"": null, ""transformations"": {}, ""transformation_params"": {}}",0 days 00:00:00.000184,0 days 00:00:00.595055,0 days 00:00:00.169038,0 days 00:00:00.802576,0,,1,0,2,2023-10-12 20:48:00,0.05100282055298479,13.635660313692881,16.865123201987274,0.7563728761651752,13.635660313692881,416.47947619117986,0.0002433652521321234,-644.5808681337621,10.718835139240891,228.10139194258227,5.294376748989153,4.373474891132879,1.0,0.40625,43.93182456304203,0.984375,1.6482306892581724,10.37758960291642,53.216720849910836,15.502295809123508,2.7918067765480052,11.142927901933081,1.9425147787348156,0.0,0.05100282055298479,13.635660313692881,16.865123201987274,0.7563728761651752,13.635660313692881,416.47947619117986,0.0002433652521321234,-644.5808681337621,10.718835139240891,228.10139194258227,5.294376748989153,4.373474891132879,1.0,0.40625,43.93182456304203,0.984375,1.6482306892581724,10.37758960291642,53.216720849910836,15.502295809123508,2.7918067765480052,11.142927901933081,1.9425147787348156,0.0,0.8026,1.8864464287712284
0282bcbc796482c0aab957f05baa7dd4,WindowRegression,"{""window_size"": 20, ""input_dim"": ""univariate"", ""output_dim"": ""forecast_length"", ""normalize_window"": false, ""max_windows"": 200000, ""fourier_encoding_components"": null, ""scale"": false, ""datepart_method"": null, ""regression_type"": ""User"", ""regression_model"": {""model"": ""LightGBM"", ""model_params"": {""objective"": ""regression"", ""learning_rate"": 0.1, ""num_leaves"": 31, ""max_depth"": -1, ""boosting_type"": ""gbdt"", ""n_estimators"": 100, ""linear_tree"": false, ""lambda_l1"": 0.0, ""lambda_l2"": 0.0, ""min_data_in_leaf"": 20, ""feature_fraction"": 1.0, ""max_bin"": 255, ""device_type"": ""cuda""}}}","{""fillna"": ""rolling_mean"", ""transformations"": {""0"": null}, ""transformation_params"": {""0"": {}}}",0 days 00:00:00.000216,0 days 00:00:00.604650,0 days 00:00:00.169592,0 days 00:00:00.813091,0,,1,0,2,2023-10-12 20:48:00,0.05106615054877967,13.652603278397407,16.87568562534054,0.7572518611601176,13.652603278397407,417.56375805080825,0.00024399884044375877,-645.6651839341212,10.735777634612887,228.1014258833129,5.29584940441301,4.37347489113288,1.0,0.40625,43.93182392277231,0.984375,1.6484973109068597,10.397670050087644,53.386150908401405,15.69161924288068,2.790750963845469,11.143805354145153,1.9416364219815652,0.0,0.05106615054877967,13.652603278397407,16.87568562534054,0.7572518611601176,13.652603278397407,417.56375805080825,0.00024399884044375877,-645.6651839341212,10.735777634612887,228.1014258833129,5.29584940441301,4.37347489113288,1.0,0.40625,43.93182392277231,0.984375,1.6484973109068597,10.397670050087644,53.386150908401405,15.69161924288068,2.790750963845469,11.143805354145153,1.9416364219815652,0.0,0.8131,1.8876278874285595
3adc358e59165e0d807a288a48675f22,WindowRegression,"{""window_size"": 20, ""input_dim"": ""univariate"", ""output_dim"": ""forecast_length"", ""normalize_window"": false, ""max_windows"": 200000, ""fourier_encoding_components"": null, ""scale"": false, ""datepart_method"": null, ""regression_type"": ""User"", ""regression_model"": {""model"": ""LightGBM"", ""model_params"": {""objective"": ""regression"", ""learning_rate"": 0.1, ""num_leaves"": 31, ""max_depth"": 5, ""boosting_type"": ""gbdt"", ""n_estimators"": 100, ""linear_tree"": false, ""lambda_l1"": 0.0, ""lambda_l2"": 0.0, ""min_data_in_leaf"": 20, ""feature_fraction"": 1.0, ""max_bin"": 255, ""device_type"": ""cuda""}}}","{""fillna"": ""ffill_mean_biased"", ""transformations"": {""0"": null}, ""transformation_params"": {""0"": {}}}",0 days 00:00:00.000219,0 days 00:00:00.596603,0 days 00:00:00.170422,0 days 00:00:00.805801,0,,1,0,2,2023-10-12 20:48:00,0.05105290850139254,13.649070612605556,16.87919444472771,0.7560589144550236,13.649070612605556,416.3181124296316,0.00024327096097311282,-644.9293158181936,10.724720767005762,228.611203388562,5.30231397830226,4.37347489113288,1.0,0.40625,43.93182323084329,0.984375,1.6484416955896668,10.393483422675168,53.33003669257265,15.69776391740484,2.7888750256285766,11.11644501878843,1.9418190618914715,0.0,0.05105290850139254,13.649070612605556,16.87919444472771,0.7560589144550236,13.649070612605556,416.3181124296316,0.00024327096097311282,-644.9293158181936,10.724720767005762,228.611203388562,5.30231397830226,4.37347489113288,1.0,0.40625,43.93182323084329,0.984375,1.6484416955896668,10.393483422675168,53.33003669257265,15.69776391740484,2.7888750256285766,11.11644501878843,1.9418190618914715,0.0,0.8058,1.888020366020198
974543be739ebd0f0fa3afbe59ca4a8d,WindowRegression,"{""window_size"": 10, ""input_dim"": ""univariate"", ""output_dim"": ""forecast_length"", ""normalize_window"": false, ""max_windows"": 200000, ""fourier_encoding_components"": null, ""scale"": false, ""datepart_method"": null, ""regression_type"": ""User"", ""regression_model"": {""model"": ""LightGBM"", ""model_params"": {""objective"": ""regression"", ""learning_rate"": 0.1, ""num_leaves"": 1000, ""max_depth"": 5, ""boosting_type"": ""gbdt"", ""n_estimators"": 100, ""linear_tree"": false, ""lambda_l1"": 0.0, ""lambda_l2"": 0.0, ""min_data_in_leaf"": 20, ""feature_fraction"": 1.0, ""max_bin"": 255, ""device_type"": ""cuda""}}}","{""fillna"": null, ""transformations"": {}, ""transformation_params"": {}}",0 days 00:00:00.000194,0 days 00:00:01.302988,0 days 00:00:00.169387,0 days 00:00:01.511280,0,,1,0,2,2023-10-12 20:48:00,0.052073345810953034,13.922268926247398,17.41191434525243,0.9422737042961558,13.922268926247398,287.6560652014741,0.0001680886930499214,-589.3406382406538,10.047559426807593,301.68457303917967,6.22270134429428,4.373474891132879,1.0,0.328125,42.99965931238694,0.984375,1.785221876468517,10.832617273525305,52.05734189745416,16.06925248233861,3.1534132289642898,8.570838054467936,6.669921917705284,0.0,0.052073345810953034,13.922268926247398,17.41191434525243,0.9422737042961558,13.922268926247398,287.6560652014741,0.0001680886930499214,-589.3406382406538,10.047559426807593,301.68457303917967,6.22270134429428,4.373474891132879,1.0,0.328125,42.99965931238694,0.984375,1.785221876468517,10.832617273525305,52.05734189745416,16.06925248233861,3.1534132289642898,8.570838054467936,6.669921917705284,0.0,1.5113,1.9476076896255072
60fdb3c4f90cfa1df2eef3944c27e9bd,WindowRegression,"{""window_size"": 10, ""input_dim"": ""univariate"", ""output_dim"": ""forecast_length"", ""normalize_window"": false, ""max_windows"": 200000, ""fourier_encoding_components"": null, ""scale"": false, ""datepart_method"": null, ""regression_type"": ""User"", ""regression_model"": {""model"": ""LightGBM"", ""model_params"": {""objective"": ""regression"", ""learning_rate"": 0.1, ""num_leaves"": 1000, ""max_depth"": 5, ""boosting_type"": ""gbdt"", ""n_estimators"": 100, ""linear_tree"": false, ""lambda_l1"": 0.0, ""lambda_l2"": 0.0, ""min_data_in_leaf"": 20, ""feature_fraction"": 1.0, ""max_bin"": 255, ""device_type"": ""cuda""}}}","{""fillna"": null, ""transformations"": {""0"": null}, ""transformation_params"": {""0"": {}}}",0 days 00:00:00.000207,0 days 00:00:01.302608,0 days 00:00:00.169509,0 days 00:00:01.510931,0,,1,0,2,2023-10-12 20:48:00,0.05215870250759325,13.945070822434388,17.425286022627965,0.9408271061625072,13.945070822434388,287.8094223259577,0.0001681783056176463,-590.1469774808793,10.06311109433647,302.3375551549216,6.232489372395313,4.373474891132879,1.0,0.328125,42.99965692931801,0.984375,1.7855531135992757,10.859641934127096,52.092911216560886,16.048032687228595,3.1592762960891916,8.617200758712293,6.81235857102427,0.0,0.05215870250759325,13.945070822434388,17.425286022627965,0.9408271061625072,13.945070822434388,287.8094223259577,0.0001681783056176463,-590.1469774808793,10.06311109433647,302.3375551549216,6.232489372395313,4.373474891132879,1.0,0.328125,42.99965692931801,0.984375,1.7855531135992757,10.859641934127096,52.092911216560886,16.048032687228595,3.1592762960891916,8.617200758712293,6.81235857102427,0.0,1.5109,1.949103377070517
c04e957c7ceb00fd784c5698ebc26afa,WindowRegression,"{""window_size"": 5, ""input_dim"": ""univariate"", ""output_dim"": ""forecast_length"", ""normalize_window"": false, ""max_windows"": 200000, ""fourier_encoding_components"": null, ""scale"": false, ""datepart_method"": null, ""regression_type"": ""User"", ""regression_model"": {""model"": ""xgboost"", ""model_params"": {""booster"": ""gbtree"", ""objective"": ""reg:squarederror"", ""max_depth"": 6, ""eta"": 0.03, ""min_child_weight"": 0.5, ""subsample"": 0.5, ""colsample_bylevel"": 0.5, ""reg_alpha"": 0, ""reg_lambda"": 1, ""tree_method"": ""hist"", ""device"": ""cuda""}}}","{""fillna"": null, ""transformations"": {}, ""transformation_params"": {}}",0 days 00:00:00.000191,0 days 00:00:00.150677,0 days 00:00:00.179967,0 days 00:00:00.372215,0,,1,0,1,2023-10-14 20:48:00,0.07564189918675845,20.312844238281173,22.194628057111167,0.782804914004501,20.312844238281173,1288.9064062499965,0.0007502143264485663,-5.557812499999272,2.998796857674731,1294.4642187499958,20.266039262606157,13.376473697457747,1.0,0.546875,55.67937499999971,1.0,1.81678971531571,17.808547453703525,78.67030531696855,81.58407937048706,2.1424784884275114,74.55743979684698,2.3971211193139843,0.0,0.07564189918675845,20.312844238281173,22.194628057111167,0.782804914004501,20.312844238281173,1288.9064062499965,0.0007502143264485663,-5.557812499999272,2.998796857674731,1294.4642187499958,20.266039262606157,13.376473697457747,1.0,0.546875,55.67937499999971,1.0,1.81678971531571,17.808547453703525,78.67030531696855,81.58407937048706,2.1424784884275114,74.55743979684698,2.3971211193139843,0.0,0.3722,2.4825775853988135
ae4ecf991c6ae1ea6d0a1bc472fb875b,WindowRegression,"{""window_size"": 10, ""input_dim"": ""univariate"", ""output_dim"": ""forecast_length"", ""normalize_window"": false, ""max_windows"": 200000, ""fourier_encoding_components"": null, ""scale"": false, ""datepart_method"": null, ""regression_type"": ""User"", ""regression_model"": {""model"": ""xgboost"", ""model_params"": {""booster"": ""gbtree"", ""objective"": ""reg:squarederror"", ""max_depth"": 6, ""eta"": 0.03, ""min_child_weight"": 1, ""subsample"": 0.5, ""colsample_bylevel"": 0.5, ""reg_alpha"": 0.001, ""reg_lambda"": 1, ""tree_method"": ""hist"", ""device"": ""cuda""}}}","{""fillna"": null, ""transformations"": {}, ""transformation_params"": {}}",0 days 00:00:00.000193,0 days 00:00:00.152461,0 days 00:00:00.180162,0 days 00:00:00.374324,0,,1,0,1,2023-10-14 20:48:00,0.07551490183686665,20.279244384765548,22.26398536997845,0.8023849398970542,20.279244384765548,1285.8302343749965,0.0007484238254470564,-6.020703124999272,2.9982558483916675,1291.8509374999958,20.2283428875121,13.376473697457747,1.0,0.515625,54.79851562499971,1.0,1.815742051578843,17.467745949074015,77.80275523106202,80.47010197411109,2.081842086883743,75.26482120398677,3.541894159478701,0.0,0.07551490183686665,20.279244384765548,22.26398536997845,0.8023849398970542,20.279244384765548,1285.8302343749965,0.0007484238254470564,-6.020703124999272,2.9982558483916675,1291.8509374999958,20.2283428875121,13.376473697457747,1.0,0.515625,54.79851562499971,1.0,1.815742051578843,17.467745949074015,77.80275523106202,80.47010197411109,2.081842086883743,75.26482120398677,3.541894159478701,0.0,0.3743,2.490335539704907
45bdced91dc2d47343e4838f14c37e0a,WindowRegression,"{""window_size"": 5, ""input_dim"": ""univariate"", ""output_dim"": ""forecast_length"", ""normalize_window"": false, ""max_windows"": 200000, ""fourier_encoding_components"": null, ""scale"": false, ""datepart_method"": null, ""regression_type"": ""User"", ""regression_model"": {""model"": ""xgboost"", ""model_params"": {""booster"": ""gbtree"", ""objective"": ""reg:squarederror"", ""max_depth"": 6, ""eta"": 0.03, ""min_child_weight"": 1, ""subsample"": 1, ""colsample_bylevel"": 1, ""reg_alpha"": 0, ""reg_lambda"": 1, ""tree_method"": ""hist"", ""device"": ""cuda""}}}","{""fillna"": null, ""transformations"": {}, ""transformation_params"": {}}",0 days 00:00:00.000192,0 days 00:00:00.144927,0 days 00:00:00.180455,0 days 00:00:00.367171,0,,1,0,1,2023-10-14 20:48:00,0.07847671888045452,21.074410400390548,22.565299403469382,0.8900054002210344,21.074410400390548,1329.3497656249965,0.0007737545831077825,-9.706249999999272,3.1095083136402324,1339.0560156249958,20.97573771344328,13.376473697457747,1.0,0.546875,51.43132812499971,1.0,1.8403758603526243,18.792543402777717,81.00483053395607,84.10267446385714,2.3395132066669633,77.45646300698218,2.361981875584096,0.0,0.07847671888045452,21.074410400390548,22.565299403469382,0.8900054002210344,21.074410400390548,1329.3497656249965,0.0007737545831077825,-9.706249999999272,3.1095083136402324,1339.0560156249958,20.97573771344328,13.376473697457747,1.0,0.546875,51.43132812499971,1.0,1.8403758603526243,18.792543402777717,81.00483053395607,84.10267446385714,2.3395132066669633,77.45646300698218,2.361981875584096,0.0,0.3672,2.5240389864932853
cbcb89f0ae715cebd09d0482ad716d70,WindowRegression,"{""window_size"": 5, ""input_dim"": ""univariate"", ""output_dim"": ""forecast_length"", ""normalize_window"": false, ""max_windows"": 200000, ""fourier_encoding_components"": null, ""scale"": false, ""datepart_method"": null, ""regression_type"": ""User"", ""regression_model"": {""model"": ""xgboost"", ""model_params"": {""booster"": ""gbtree"", ""objective"": ""reg:squarederror"", ""max_depth"": 6, ""eta"": 0.03, ""min_child_weight"": 1, ""subsample"": 1, ""colsample_bylevel"": 1, ""reg_alpha"": 0.001, ""reg_lambda"": 1, ""n_estimators"": 100, ""grow_policy"": ""lossguide"", ""tree_method"": ""hist"", ""device"": ""cuda""}}}","{""fillna"": ""rolling_mean"", ""transformations"": {""0"": null}, ""transformation_params"": {""0"": {}}}",0 days 00:00:00.000245,0 days 00:00:00.317148,0 days 00:00:00.180539,0 days 00:00:00.539913,0,,1,0,1,2023-10-14 20:48:00,0.07847705941873505,21.074501953124923,22.565397890163887,0.8899984871024055,21.074501953124923,1329.3556249999965,0.0007737579935858806,-9.706249999999272,3.1095119627562653,1339.0618749999958,20.975829266177655,13.376473697457747,1.0,0.546875,51.43132812499971,1.0,1.8403786776222455,18.792615740740683,81.0051397669108,84.10317789902923,2.3395072310450384,77.45686742442196,2.3622549437699365,0.0,0.07847705941873505,21.074501953124923,22.565397890163887,0.8899984871024055,21.074501953124923,1329.3556249999965,0.0007737579935858806,-9.706249999999272,3.1095119627562653,1339.0618749999958,20.975829266177655,13.376473697457747,1.0,0.546875,51.43132812499971,1.0,1.8403786776222455,18.792615740740683,81.0051397669108,84.10317789902923,2.3395072310450384,77.45686742442196,2.3622549437699365,0.0,0.5399,2.5240500027112462
0f760decfc490502f2782c17cb181970,WindowRegression,"{""window_size"": 5, ""input_dim"": ""univariate"", ""output_dim"": ""forecast_length"", ""normalize_window"": false, ""max_windows"": 200000, ""fourier_encoding_components"": null, ""scale"": false, ""datepart_method"": null, ""regression_type"": ""User"", ""regression_model"": {""model"": ""xgboost"", ""model_params"": {""booster"": ""gbtree"", ""objective"": ""reg:squarederror"", ""max_depth"": 6, ""eta"": 0.3, ""min_child_weight"": 1, ""subsample"": 1, ""colsample_bylevel"": 0.9, ""reg_alpha"": 0, ""reg_lambda"": 5, ""n_estimators"": 100, ""grow_policy"": ""lossguide"", ""tree_method"": ""hist"", ""device"": ""cuda""}}}","{""fillna"": null, ""transformations"": {}, ""transformation_params"": {}}",0 days 00:00:00.000193,0 days 00:00:00.344205,0 days 00:00:00.182146,0 days 00:00:00.568202,0,,1,0,2,2023-10-12 20:48:00,0.07500614443023694,20.053693847656177,23.10495881461035,1.0759789865196252,20.053693847656177,769.1193749999948,0.0004494265415630075,-1026.277890624995,16.60622340932207,257.1585156250003,6.253381817639622,4.37347489113288,1.0,0.46875,49.23882812500233,1.0,1.4284130089102722,16.7285951967591,78.98366854599419,55.95056993254983,3.428937714890794,16.0153414682603,17.008720900300972,0.0,0.07500614443023694,20.053693847656177,23.10495881461035,1.0759789865196252,20.053693847656177,769.1193749999948,0.0004494265415630075,-1026.277890624995,16.60622340932207,257.1585156250003,6.253381817639622,4.37347489113288,1.0,0.46875,49.23882812500233,1.0,1.4284130089102722,16.7285951967591,78.98366854599419,55.95056993254983,3.428937714890794,16.0153414682603,17.008720900300972,0.0,0.5682,2.584402528265675
927ff06cd2278bd354870f47f7115a52,WindowRegression,"{""window_size"": 20, ""input_dim"": ""univariate"", ""output_dim"": ""forecast_length"", ""normalize_window"": false, ""max_windows"": 200000, ""fourier_encoding_components"": null, ""scale"": false, ""datepart_method"": null, ""regression_type"": ""User"", ""regression_model"": {""model"": ""LightGBM"", ""model_params"": {""colsample_bytree"": 0.947, ""learning_rate"": 0.7024, ""max_bin"": 255, ""min_child_samples"": 15, ""n_estimators"": 5, ""num_leaves"": 35, ""reg_alpha"": 0.00308, ""reg_lambda"": 5.182, ""objective"": ""regression"", ""linear_tree"": false, ""device_type"": ""cuda""}}}","{""fillna"": null, ""transformations"": {""0"": null}, ""transformation_params"": {""0"": {}}}",0 days 00:00:00.000205,0 days 00:00:00.052362,0 days 00:00:00.167744,0 days 00:00:00.259169,0,,1,0,2,2023-10-12 20:48:00,0.08213108724621396,21.95461676802512,25.342895668497302,0.7221589370425611,21.95461676802512,1338.439279489019,0.0007821024356236475,-1371.7673763213133,21.570611015330957,33.32809683229425,3.3242739689144924,4.37347489113288,1.0,0.484375,55.810232743941015,1.0,1.462525735836088,17.96789525937405,89.99334241412676,89.78796463129892,2.849804302802654,33.754218234378136,0.8345942744430496,0.0,0.08213108724621396,21.95461676802512,25.342895668497302,0.7221589370425611,21.95461676802512,1338.439279489019,0.0007821024356236475,-1371.7673763213133,21.570611015330957,33.32809683229425,3.3242739689144924,4.37347489113288,1.0,0.484375,55.810232743941015,1.0,1.462525735836088,17.96789525937405,89.99334241412676,89.78796463129892,2.849804302802654,33.754218234378136,0.8345942744430496,0.0,0.2592,2.834726699353444
ae4ecf991c6ae1ea6d0a1bc472fb875b,WindowRegression,"{""window_size"": 10, ""input_dim"": ""univariate"", ""output_dim"": ""forecast_length"", ""normalize_window"": false, ""max_windows"": 200000, ""fourier_encoding_components"": null, ""scale"": false, ""datepart_method"": null, ""regression_type"": ""User"", ""regression_model"": {""model"": ""xgboost"", ""model_params"": {""booster"": ""gbtree"", ""objective"": ""reg:squarederror"", ""max_depth"": 6, ""eta"": 0.03, ""min_child_weight"": 1, ""subsample"": 0.5, ""colsample_bylevel"": 0.5, ""reg_alpha"": 0.001, ""reg_lambda"": 1, ""tree_method"": ""hist"", ""device"": ""cuda""}}}","{""fillna"": null, ""transformations"": {}, ""transformation_params"": {}}",0 days 00:00:00.000190,0 days 00:00:00.149768,0 days 00:00:00.177352,0 days 00:00:00.369222,0,,1,0,2,2023-10-12 20:48:00,0.11778405783718168,31.511257324218832,33.45528964963608,0.6089133488068065,31.511257324218832,2016.7204687500052,0.0011784486713387612,0.0,3.404714375607875,2016.7204687500052,31.511257324218832,4.37347489113288,1.0,0.484375,59.37476562499796,1.0,1.623197337799506,28.48032118055562,117.27184597754808,94.00803903760307,2.7133736387064102,55.502247590862595,1.7091228628096864,0.0,0.11778405783718168,31.511257324218832,33.45528964963608,0.6089133488068065,31.511257324218832,2016.7204687500052,0.0011784486713387612,0.0,3.404714375607875,2016.7204687500052,31.511257324218832,4.37347489113288,1.0,0.484375,59.37476562499796,1.0,1.623197337799506,28.48032118055562,117.27184597754808,94.00803903760307,2.7133736387064102,55.502247590862595,1.7091228628096864,0.0,0.3692,3.742137601202129
45bdced91dc2d47343e4838f14c37e0a,WindowRegression,"{""window_size"": 5, ""input_dim"": ""univariate"", ""output_dim"": ""forecast_length"", ""normalize_window"": false, ""max_windows"": 200000, ""fourier_encoding_components"": null, ""scale"": false, ""datepart_method"": null, ""regression_type"": ""User"", ""regression_model"": {""model"": ""xgboost"", ""model_params"": {""booster"": ""gbtree"", ""objective"": ""reg:squarederror"", ""max_depth"": 6, ""eta"": 0.03, ""min_child_weight"": 1, ""subsample"": 1, ""colsample_bylevel"": 1, ""reg_alpha"": 0, ""reg_lambda"": 1, ""tree_method"": ""hist"", ""device"": ""cuda""}}}","{""fillna"": null, ""transformations"": {}, ""transformation_params"": {}}",0 days 00:00:00.000195,0 days 00:00:00.142008,0 days 00:00:00.178025,0 days 00:00:00.361691,0,,1,0,2,2023-10-12 20:48:00,0.13073225372103794,34.97887817382821,37.13986507685149,0.7209923070748961,34.97887817382821,2238.6482031250052,0.001308129729155138,0.0,3.5032395891024515,2238.6482031250052,34.97887817382821,4.37347489113288,1.0,0.421875,64.88039062499956,1.0,1.6776966287225192,31.534668692129884,133.36164346770036,179.33668045560137,2.8916963184397932,60.4731534605984,3.0982268989174866,0.0,0.13073225372103794,34.97887817382821,37.13986507685149,0.7209923070748961,34.97887817382821,2238.6482031250052,0.001308129729155138,0.0,3.5032395891024515,2238.6482031250052,34.97887817382821,4.37347489113288,1.0,0.421875,64.88039062499956,1.0,1.6776966287225192,31.534668692129884,133.36164346770036,179.33668045560137,2.8916963184397932,60.4731534605984,3.0982268989174866,0.0,0.3617,4.15427536461851
cbcb89f0ae715cebd09d0482ad716d70,WindowRegression,"{""window_size"": 5, ""input_dim"": ""univariate"", ""output_dim"": ""forecast_length"", ""normalize_window"": false, ""max_windows"": 200000, ""fourier_encoding_components"": null, ""scale"": false, ""datepart_method"": null, ""regression_type"": ""User"", ""regression_model"": {""model"": ""xgboost"", ""model_params"": {""booster"": ""gbtree"", ""objective"": ""reg:squarederror"", ""max_depth"": 6, ""eta"": 0.03, ""min_child_weight"": 1, ""subsample"": 1, ""colsample_bylevel"": 1, ""reg_alpha"": 0.001, ""reg_lambda"": 1, ""n_estimators"": 100, ""grow_policy"": ""lossguide"", ""tree_method"": ""hist"", ""device"": ""cuda""}}}","{""fillna"": ""rolling_mean"", ""transformations"": {""0"": null}, ""transformation_params"": {""0"": {}}}",0 days 00:00:00.000209,0 days 00:00:00.310755,0 days 00:00:00.178992,0 days 00:00:00.531505,0,,1,0,2,2023-10-12 20:48:00,0.13073259561242184,34.97896972656258,37.139967120201774,0.7209954735121089,34.97896972656258,2238.6540625000052,0.0013081331530171907,0.0,3.5032417486058893,2238.6540625000052,34.97896972656258,4.37347489113288,1.0,0.421875,64.88039062499956,1.0,1.6776980442507303,31.534777199074327,133.36192912351171,179.33707368542005,2.891703198626609,60.473326031426495,3.0983963033083697,0.0,0.13073259561242184,34.97896972656258,37.139967120201774,0.7209954735121089,34.97896972656258,2238.6540625000052,0.0013081331530171907,0.0,3.5032417486058893,2238.6540625000052,34.97896972656258,4.37347489113288,1.0,0.421875,64.88039062499956,1.0,1.6776980442507303,31.534777199074327,133.36192912351171,179.33707368542005,2.891703198626609,60.473326031426495,3.0983963033083697,0.0,0.5315,4.154286778665796
c04e957c7ceb00fd784c5698ebc26afa,WindowRegression,"{""window_size"": 5, ""input_dim"": ""univariate"", ""output_dim"": ""forecast_length"", ""normalize_window"": false, ""max_windows"": 200000, ""fourier_encoding_components"": null, ""scale"": false, ""datepart_method"": null, ""regression_type"": ""User"", ""regression_model"": {""model"": ""xgboost"", ""model_params"": {""booster"": ""gbtree"", ""objective"": ""reg:squarederror"", ""max_depth"": 6, ""eta"": 0.03, ""min_child_weight"": 0.5, ""subsample"": 0.5, ""colsample_bylevel"": 0.5, ""reg_alpha"": 0, ""reg_lambda"": 1, ""tree_method"": ""hist"", ""device"": ""cuda""}}}","{""fillna"": null, ""transformations"": {}, ""transformation_params"": {}}",0 days 00:00:00.000195,0 days 00:00:00.149169,0 days 00:00:00.178017,0 days 00:00:00.368839,0,,1,0,2,2023-10-12 20:48:00,0.14790700240836727,39.57696166992196,41.34066995012711,0.6162513770611523,39.57696166992196,2532.9255468750052,0.0014800874943094898,0.0,3.649847373657373,2532.9255468750052,39.57696166992196,4.37347489113288,1.0,0.5,67.09156249999796,1.0,1.7473435625115803,36.46556568287047,148.51989797015938,142.8200520433363,2.6665630789907153,69.24562210245585,1.7596541977546176,0.0,0.14790700240836727,39.57696166992196,41.34066995012711,0.6162513770611523,39.57696166992196,2532.9255468750052,0.0014800874943094898,0.0,3.649847373657373,2532.9255468750052,39.57696166992196,4.37347489113288,1.0,0.5,67.09156249999796,1.0,1.7473435625115803,36.46556568287047,148.51989797015938,142.8200520433363,2.6665630789907153,69.24562210245585,1.7596541977546176,0.0,0.3688,4.624155913740248
3df6a4a61cdf53b073fe125e1463c7e3,WindowRegression,"{""window_size"": 10, ""input_dim"": ""univariate"", ""output_dim"": ""forecast_length"", ""normalize_window"": false, ""max_windows"": 200000, ""fourier_encoding_components"": null, ""scale"": false, ""datepart_method"": null, ""regression_type"": ""User"", ""regression_model"": {""model"": ""LightGBM"", ""model_params"": {""objective"": ""regression"", ""learning_rate"": 0.01, ""num_leaves"": 31, ""max_depth"": 5, ""boosting_type"": ""gbdt"", ""n_estimators"": 100, ""linear_tree"": false, ""lambda_l1"": 1, ""lambda_l2"": 0.0, ""min_data_in_leaf"": 30, ""feature_fraction"": 1.0, ""max_bin"": 255, ""device_type"": ""cuda""}}}","{""fillna"": null, ""transformations"": {}, ""transformation_params"": {}}",0 days 00:00:00.000201,0 days 00:00:00.587022,0 days 00:00:00.170889,0 days 00:00:00.796926,0,,1,0,1,2023-10-14 20:48:00,0.6057984125702629,163.11495890501345,163.3709077952107,0.9711833802859869,163.11495890501345,10439.357369920861,0.006076279410090857,0.0,5.099024681556182,10439.357369920861,163.11495890501345,13.376473697457747,1.0,0.546875,191.4473042264217,1.0,4.413064702936265,160.4362870040927,631.8788299503485,5224.12935577196,2.311336366683131,606.9543391632326,9.92505835602111,0.0,0.6057984125702629,163.11495890501345,163.3709077952107,0.9711833802859869,163.11495890501345,10439.357369920861,0.006076279410090857,0.0,5.099024681556182,10439.357369920861,163.11495890501345,13.376473697457747,1.0,0.546875,191.4473042264217,1.0,4.413064702936265,160.4362870040927,631.8788299503485,5224.12935577196,2.311336366683131,606.9543391632326,9.92505835602111,0.0,0.7969,18.273834224885697
e5ae2de7371edf27a15eeb18d98c909a,WindowRegression,"{""window_size"": 2, ""input_dim"": ""univariate"", ""output_dim"": ""forecast_length"", ""normalize_window"": false, ""max_windows"": 200000, ""fourier_encoding_components"": null, ""scale"": false, ""datepart_method"": null, ""regression_type"": ""User"", ""regression_model"": {""model"": ""xgboost"", ""model_params"": {""booster"": ""gbtree"", ""objective"": ""reg:squarederror"", ""max_depth"": 6, ""eta"": 0.01, ""min_child_weight"": 2, ""subsample"": 1, ""colsample_bylevel"": 1, ""reg_alpha"": 0, ""reg_lambda"": 1, ""n_estimators"": 100, ""tree_method"": ""hist"", ""device"": ""cuda""}}}","{""fillna"": null, ""transformations"": {}, ""transformation_params"": {}}",0 days 00:00:00.000192,0 days 00:00:00.133309,0 days 00:00:00.178713,0 days 00:00:00.353627,0,,1,0,1,2023-10-14 20:48:00,0.6065935518918119,163.3299584960937,163.57389831644625,1.0153251703638098,163.3299584960937,10453.117343749997,0.006084288470677505,0.0,5.100402118631639,10453.117343749997,163.3299584960937,13.376473697457747,1.0,0.453125,191.4977343749997,1.0,4.415822901922489,160.7222149884259,635.4062074049637,5212.929439530268,2.3362691731078344,605.6349340592627,10.275287604168993,0.0,0.6065935518918119,163.3299584960937,163.57389831644625,1.0153251703638098,163.3299584960937,10453.117343749997,0.006084288470677505,0.0,5.100402118631639,10453.117343749997,163.3299584960937,13.376473697457747,1.0,0.453125,191.4977343749997,1.0,4.415822901922489,160.7222149884259,635.4062074049637,5212.929439530268,2.3362691731078344,605.6349340592627,10.275287604168993,0.0,0.3536,18.296539706445063
e5ae2de7371edf27a15eeb18d98c909a,WindowRegression,"{""window_size"": 2, ""input_dim"": ""univariate"", ""output_dim"": ""forecast_length"", ""normalize_window"": false, ""max_windows"": 200000, ""fourier_encoding_components"": null, ""scale"": false, ""datepart_method"": null, ""regression_type"": ""User"", ""regression_model"": {""model"": ""xgboost"", ""model_params"": {""booster"": ""gbtree"", ""objective"": ""reg:squarederror"", ""max_depth"": 6, ""eta"": 0.01, ""min_child_weight"": 2, ""subsample"": 1, ""colsample_bylevel"": 1, ""reg_alpha"": 0, ""reg_lambda"": 1, ""n_estimators"": 100, ""tree_method"": ""hist"", ""device"": ""cuda""}}}","{""fillna"": null, ""transformations"": {}, ""transformation_params"": {}}",0 days 00:00:00.000194,0 days 00:00:00.131106,0 days 00:00:00.177252,0 days 00:00:00.350153,0,,1,0,2,2023-10-12 20:48:00,1.0842342638119438,291.5009729003907,291.9725717509301,1.0703282893272092,291.5009729003907,18656.062265625005,0.010901467074892021,0.0,5.6769063880054915,18656.062265625005,291.5009729003907,4.37347489113288,1.0,0.421875,345.11085937499956,1.0,4.015314676236445,285.98492332175954,1145.7149003309485,8557.395397731676,3.187148324485619,491.9268217726047,14.803180033446075,0.0,1.0842342638119438,291.5009729003907,291.9725717509301,1.0703282893272092,291.5009729003907,18656.062265625005,0.010901467074892021,0.0,5.6769063880054915,18656.062265625005,291.5009729003907,4.37347489113288,1.0,0.421875,345.11085937499956,1.0,4.015314676236445,285.98492332175954,1145.7149003309485,8557.395397731676,3.187148324485619,491.9268217726047,14.803180033446075,0.0,0.3502,32.65855865279371
3df6a4a61cdf53b073fe125e1463c7e3,WindowRegression,"{""window_size"": 10, ""input_dim"": ""univariate"", ""output_dim"": ""forecast_length"", ""normalize_window"": false, ""max_windows"": 200000, ""fourier_encoding_components"": null, ""scale"": false, ""datepart_method"": null, ""regression_type"": ""User"", ""regression_model"": {""model"": ""LightGBM"", ""model_params"": {""objective"": ""regression"", ""learning_rate"": 0.01, ""num_leaves"": 31, ""max_depth"": 5, ""boosting_type"": ""gbdt"", ""n_estimators"": 100, ""linear_tree"": false, ""lambda_l1"": 1, ""lambda_l2"": 0.0, ""min_data_in_leaf"": 30, ""feature_fraction"": 1.0, ""max_bin"": 255, ""device_type"": ""cuda""}}}","{""fillna"": null, ""transformations"": {}, ""transformation_params"": {}}",0 days 00:00:00.000201,0 days 00:00:00.573873,0 days 00:00:00.169605,0 days 00:00:00.782423,0,,1,0,2,2023-10-12 20:48:00,1.1413839015767857,306.95270056525874,307.2094916610398,0.8930276508073176,306.95270056525874,19644.97283617656,0.011479326211047691,0.0,5.729122432077325,19644.97283617656,306.95270056525874,4.37347489113288,1.0,0.46875,346.606648115634,1.0,4.113924002246159,303.3138287921175,1206.8063967430435,8839.508179463475,2.8544955932572877,518.0209694041617,13.290905473741695,0.0,1.1413839015767857,306.95270056525874,307.2094916610398,0.8930276508073176,306.95270056525874,19644.97283617656,0.011479326211047691,0.0,5.729122432077325,19644.97283617656,306.95270056525874,4.37347489113288,1.0,0.46875,346.606648115634,1.0,4.113924002246159,303.3138287921175,1206.8063967430435,8839.508179463475,2.8544955932572877,518.0209694041617,13.290905473741695,0.0,0.7824,34.36288258838836
f23200d1504deecc9146760fccbdf465,WindowRegression,"{""window_size"": 5, ""input_dim"": ""univariate"", ""output_dim"": ""forecast_length"", ""normalize_window"": false, ""max_windows"": 200000, ""fourier_encoding_components"": null, ""scale"": false, ""datepart_method"": null, ""regression_type"": ""User"", ""regression_model"": {""model"": ""xgboost"", ""model_params"": {""booster"": ""gbtree"", ""objective"": ""reg:squarederror"", ""max_depth"": 3, ""eta"": 0.003, ""min_child_weight"": 1, ""subsample"": 1, ""colsample_bylevel"": 0.5, ""reg_alpha"": 0, ""reg_lambda"": 1, ""tree_method"": ""hist"", ""device"": ""cuda""}}}","{""fillna"": null, ""transformations"": {}, ""transformation_params"": {}}",0 days 00:00:00.000199,0 days 00:00:00.080372,0 days 00:00:00.177159,0 days 00:00:00.299083,0,,1,0,1,2023-10-14 20:48:00,1.205569731095104,325.58734374999995,325.99620313973503,1.0926095505010431,325.58734374999995,20837.589999999997,0.01212862196266349,0.0,5.787453328783034,20837.589999999997,325.58734374999995,13.376473697457747,1.0,0.484375,362.6278125000026,1.0,6.154469862798618,321.1802199074073,1260.3742822604445,21045.697971159985,1.9904971558569295,1211.0374579190434,16.120640495216737,0.0,1.205569731095104,325.58734374999995,325.99620313973503,1.0926095505010431,325.58734374999995,20837.589999999997,0.01212862196266349,0.0,5.787453328783034,20837.589999999997,325.58734374999995,13.376473697457747,1.0,0.484375,362.6278125000026,1.0,6.154469862798618,321.1802199074073,1260.3742822604445,21045.697971159985,1.9904971558569295,1211.0374579190434,16.120640495216737,0.0,0.2991,36.464268054292575
0fa87e2fe02d9f220491a11aeea01526,WindowRegression,"{""window_size"": 20, ""input_dim"": ""univariate"", ""output_dim"": ""forecast_length"", ""normalize_window"": false, ""max_windows"": 200000, ""fourier_encoding_components"": null, ""scale"": false, ""datepart_method"": null, ""regression_type"": ""User"", ""regression_model"": {""model"": ""LightGBM"", ""model_params"": {""objective"": ""regression"", ""learning_rate"": 0.1, ""num_leaves"": 31, ""max_depth"": 5, ""boosting_type"": ""gbdt"", ""n_estimators"": 100, ""linear_tree"": false, ""lambda_l1"": 0.0, ""lambda_l2"": 0.0, ""min_data_in_leaf"": 20, ""feature_fraction"": 1.0, ""max_bin"": 255, ""device_type"": ""cuda""}}}","{""fillna"": null, ""transformations"": {}, ""transformation_params"": {}}",0 days 00:00:00.000185,0 days 00:00:00.634411,0 days 00:00:00.170456,0 days 00:00:00.842975,0,,1,0,0,2023-10-16 20:48:00,1.339448146905907,378.40579609341523,382.55234318731317,2.942010111634734,378.40579609341523,24217.970949978575,0.013307252751561928,-24217.970949978575,378.40579609341523,0.0,5.9267580421444634,11.817269241559499,1.0,0.53125,484.9794249003535,1.0,6.318781266908313,364.4123427929948,1590.9555127853353,26987.61051942306,3.1516133414587784,1183.505120646248,99.92550345528461,0.0,1.339448146905907,378.40579609341523,382.55234318731317,2.942010111634734,378.40579609341523,24217.970949978575,0.013307252751561928,-24217.970949978575,378.40579609341523,0.0,5.9267580421444634,11.817269241559499,1.0,0.53125,484.9794249003535,1.0,6.318781266908313,364.4123427929948,1590.9555127853353,26987.61051942306,3.1516133414587784,1183.505120646248,99.92550345528461,0.0,0.843,42.79034863728337
b7d4e83d7fb9227fc9d8d44cdf397f45,WindowRegression,"{""window_size"": 20, ""input_dim"": ""univariate"", ""output_dim"": ""forecast_length"", ""normalize_window"": false, ""max_windows"": 200000, ""fourier_encoding_components"": null, ""scale"": false, ""datepart_method"": null, ""regression_type"": ""User"", ""regression_model"": {""model"": ""LightGBM"", ""model_params"": {""objective"": ""regression"", ""learning_rate"": 0.1, ""num_leaves"": 31, ""max_depth"": 5, ""boosting_type"": ""gbdt"", ""n_estimators"": 100, ""linear_tree"": false, ""lambda_l1"": 0.0, ""lambda_l2"": 0.0, ""min_data_in_leaf"": 20, ""feature_fraction"": 1.0, ""max_bin"": 255, ""device_type"": ""cuda""}}}","{""fillna"": null, ""transformations"": {""0"": null}, ""transformation_params"": {""0"": {}}}",0 days 00:00:00.000189,0 days 00:00:00.624878,0 days 00:00:00.169526,0 days 00:00:00.832665,0,,1,3,0,2023-10-16 20:48:00,1.3394481472986737,378.40579620362166,382.5523432959065,2.94201011175993,378.40579620362166,24217.970957031786,0.013307252755437515,-24217.970957031786,378.40579620362166,0.0,5.926758042443754,11.817269241559499,1.0,0.53125,484.9794250533014,1.0,6.318781267805405,364.4123429045216,1590.9555132250207,26987.610533496667,3.151613343173266,1183.5051210140655,99.92550340634655,0.0,1.3394481472986737,378.40579620362166,382.5523432959065,2.94201011175993,378.40579620362166,24217.970957031786,0.013307252755437515,-24217.970957031786,378.40579620362166,0.0,5.926758042443754,11.817269241559499,1.0,0.53125,484.9794250533014,1.0,6.318781267805405,364.4123429045216,1590.9555132250207,26987.610533496667,3.151613343173266,1183.5051210140655,99.92550340634655,0.0,0.8327,42.790348649430065
2719fec3bb2018ff629a1a1bdc0c0a7f,WindowRegression,"{""window_size"": 20, ""input_dim"": ""univariate"", ""output_dim"": ""forecast_length"", ""normalize_window"": false, ""max_windows"": 200000, ""fourier_encoding_components"": null, ""scale"": false, ""datepart_method"": null, ""regression_type"": ""User"", ""regression_model"": {""model"": ""LightGBM"", ""model_params"": {""objective"": ""regression"", ""learning_rate"": 0.1, ""num_leaves"": 31, ""max_depth"": 5, ""boosting_type"": ""gbdt"", ""n_estimators"": 100, ""linear_tree"": false, ""lambda_l1"": 0.0, ""lambda_l2"": 0.0, ""min_data_in_leaf"": 20, ""feature_fraction"": 1.0, ""max_bin"": 255, ""device_type"": ""cuda""}}}","{""fillna"": ""ffill"", ""transformations"": {""0"": null}, ""transformation_params"": {""0"": {}}}",0 days 00:00:00.000194,0 days 00:00:00.622298,0 days 00:00:00.169880,0 days 00:00:00.830198,0,,1,2,0,2023-10-16 20:48:00,1.3394481480336764,378.4057964098494,382.5523434990364,2.9420101139327945,378.4057964098494,24217.970970230363,0.013307252762689847,-24217.970970230363,378.4057964098494,0.0,5.9267580430075455,11.817269241559499,1.0,0.53125,484.97942525766484,1.0,6.31878126948412,364.412343100872,1590.9555140311,26987.610555948704,3.151613347634939,1183.505121708876,99.92550335600723,0.0,1.3394481480336764,378.4057964098494,382.5523434990364,2.9420101139327945,378.4057964098494,24217.970970230363,0.013307252762689847,-24217.970970230363,378.4057964098494,0.0,5.9267580430075455,11.817269241559499,1.0,0.53125,484.97942525766484,1.0,6.31878126948412,364.412343100872,1590.9555140311,26987.610555948704,3.151613347634939,1183.505121708876,99.92550335600723,0.0,0.8302,42.79034867215114
3adc358e59165e0d807a288a48675f22,WindowRegression,"{""window_size"": 20, ""input_dim"": ""univariate"", ""output_dim"": ""forecast_length"", ""normalize_window"": false, ""max_windows"": 200000, ""fourier_encoding_components"": null, ""scale"": false, ""datepart_method"": null, ""regression_type"": ""User"", ""regression_model"": {""model"": ""LightGBM"", ""model_params"": {""objective"": ""regression"", ""learning_rate"": 0.1, ""num_leaves"": 31, ""max_depth"": 5, ""boosting_type"": ""gbdt"", ""n_estimators"": 100, ""linear_tree"": false, ""lambda_l1"": 0.0, ""lambda_l2"": 0.0, ""min_data_in_leaf"": 20, ""feature_fraction"": 1.0, ""max_bin"": 255, ""device_type"": ""cuda""}}}","{""fillna"": ""ffill_mean_biased"", ""transformations"": {""0"": null}, ""transformation_params"": {""0"": {}}}",0 days 00:00:00.000196,0 days 00:00:00.624066,0 days 00:00:00.169477,0 days 00:00:00.831516,0,,1,1,0,2023-10-16 20:48:00,1.3394481485949894,378.4057965673506,382.55234365366067,2.9420101098908864,378.4057965673506,24217.970980310438,0.013307252768228632,-24217.970980310438,378.4057965673506,0.0,5.926758043435324,11.817269241559499,1.0,0.53125,484.9794253839609,1.0,6.318781270766195,364.41234326591695,1590.955514642671,26987.610585893213,3.151613342483732,1183.5051222387747,99.92550344667767,0.0,1.3394481485949894,378.4057965673506,382.55234365366067,2.9420101098908864,378.4057965673506,24217.970980310438,0.013307252768228632,-24217.970980310438,378.4057965673506,0.0,5.926758043435324,11.817269241559499,1.0,0.53125,484.9794253839609,1.0,6.318781270766195,364.41234326591695,1590.955514642671,26987.610585893213,3.151613342483732,1183.5051222387747,99.92550344667767,0.0,0.8315,42.79034868944662
0282bcbc796482c0aab957f05baa7dd4,WindowRegression,"{""window_size"": 20, ""input_dim"": ""univariate"", ""output_dim"": ""forecast_length"", ""normalize_window"": false, ""max_windows"": 200000, ""fourier_encoding_components"": null, ""scale"": false, ""datepart_method"": null, ""regression_type"": ""User"", ""regression_model"": {""model"": ""LightGBM"", ""model_params"": {""objective"": ""regression"", ""learning_rate"": 0.1, ""num_leaves"": 31, ""max_depth"": -1, ""boosting_type"": ""gbdt"", ""n_estimators"": 100, ""linear_tree"": false, ""lambda_l1"": 0.0, ""lambda_l2"": 0.0, ""min_data_in_leaf"": 20, ""feature_fraction"": 1.0, ""max_bin"": 255, ""device_type"": ""cuda""}}}","{""fillna"": ""rolling_mean"", ""transformations"": {""0"": null}, ""transformation_params"": {""0"": {}}}",0 days 00:00:00.000198,0 days 00:00:00.622585,0 days 00:00:00.170348,0 days 00:00:00.830904,0,,1,2,0,2023-10-16 20:48:00,1.3394481490353876,378.40579669092205,382.5523437768281,2.942010112700507,378.40579669092205,24217.97098821901,0.013307252772574222,-24217.97098821901,378.40579669092205,0.0,5.926758043766282,11.817269241559499,1.0,0.53125,484.97942562058233,1.0,6.318781271772079,364.4123433875456,1590.95551516303,26987.61060157161,3.15161334459469,1183.505122635188,99.92550338636698,0.0,1.3394481490353876,378.40579669092205,382.5523437768281,2.942010112700507,378.40579669092205,24217.97098821901,0.013307252772574222,-24217.97098821901,378.40579669092205,0.0,5.926758043766282,11.817269241559499,1.0,0.53125,484.97942562058233,1.0,6.318781271772079,364.4123433875456,1590.95551516303,26987.61060157161,3.15161334459469,1183.505122635188,99.92550338636698,0.0,0.8309,42.79034870322349
8f80b74842f84fbe100c5a6842873e16,WindowRegression,"{""window_size"": 20, ""input_dim"": ""univariate"", ""output_dim"": ""forecast_length"", ""normalize_window"": false, ""max_windows"": 200000, ""fourier_encoding_components"": null, ""scale"": false, ""datepart_method"": null, ""regression_type"": ""User"", ""regression_model"": {""model"": ""LightGBM"", ""model_params"": {""objective"": ""regression"", ""learning_rate"": 0.1, ""num_leaves"": 31, ""max_depth"": 5, ""boosting_type"": ""gbdt"", ""n_estimators"": 100, ""linear_tree"": false, ""lambda_l1"": 0.0, ""lambda_l2"": 0.0, ""min_data_in_leaf"": 20, ""feature_fraction"": 1.0, ""max_bin"": 255, ""device_type"": ""cuda""}}}","{""fillna"": ""time"", ""transformations"": {""0"": null}, ""transformation_params"": {""0"": {}}}",0 days 00:00:00.000196,0 days 00:00:00.622534,0 days 00:00:00.169833,0 days 00:00:00.831209,0,,1,3,0,2023-10-16 20:48:00,1.3394481496405553,378.40579686073016,382.552343944003,2.9420101120460442,378.40579686073016,24217.97099908673,0.0133072527785458,-24217.97099908673,378.40579686073016,0.0,5.926758044225299,11.817269241559499,1.0,0.53125,484.9794257586909,1.0,6.318781273154334,364.4123435645774,1590.955515768766,26987.610627191807,3.1516133413259366,1183.505123242606,99.92550344612832,0.0,1.3394481496405553,378.40579686073016,382.552343944003,2.9420101120460442,378.40579686073016,24217.97099908673,0.0133072527785458,-24217.97099908673,378.40579686073016,0.0,5.926758044225299,11.817269241559499,1.0,0.53125,484.9794257586909,1.0,6.318781273154334,364.4123435645774,1590.955515768766,26987.610627191807,3.1516133413259366,1183.505123242606,99.92550344612832,0.0,0.8312,42.790348721922825
974543be739ebd0f0fa3afbe59ca4a8d,WindowRegression,"{""window_size"": 10, ""input_dim"": ""univariate"", ""output_dim"": ""forecast_length"", ""normalize_window"": false, ""max_windows"": 200000, ""fourier_encoding_components"": null, ""scale"": false, ""datepart_method"": null, ""regression_type"": ""User"", ""regression_model"": {""model"": ""LightGBM"", ""model_params"": {""objective"": ""regression"", ""learning_rate"": 0.1, ""num_leaves"": 1000, ""max_depth"": 5, ""boosting_type"": ""gbdt"", ""n_estimators"": 100, ""linear_tree"": false, ""lambda_l1"": 0.0, ""lambda_l2"": 0.0, ""min_data_in_leaf"": 20, ""feature_fraction"": 1.0, ""max_bin"": 255, ""device_type"": ""cuda""}}}","{""fillna"": null, ""transformations"": {}, ""transformation_params"": {}}",0 days 00:00:00.000186,0 days 00:00:02.595406,0 days 00:00:00.169571,0 days 00:00:02.803019,0,,1,0,0,2023-10-16 20:48:00,1.3407765290406692,378.7779569348439,383.04279529999036,3.118909784950032,378.7779569348439,24241.78924383001,0.013320340390367287,-24241.78924383001,378.7779569348439,0.0,5.927458962252382,11.817269241559499,1.0,0.421875,482.10848191806144,1.0,6.32180996794172,364.27379121899753,1593.6997534123566,26846.06441276981,3.3822679390726633,1183.3896436690623,90.34102171713434,0.0,1.3407765290406692,378.7779569348439,383.04279529999036,3.118909784950032,378.7779569348439,24241.78924383001,0.013320340390367287,-24241.78924383001,378.7779569348439,0.0,5.927458962252382,11.817269241559499,1.0,0.421875,482.10848191806144,1.0,6.32180996794172,364.27379121899753,1593.6997534123566,26846.06441276981,3.3822679390726633,1183.3896436690623,90.34102171713434,0.0,2.803,42.845208102308455
60fdb3c4f90cfa1df2eef3944c27e9bd,WindowRegression,"{""window_size"": 10, ""input_dim"": ""univariate"", ""output_dim"": ""forecast_length"", ""normalize_window"": false, ""max_windows"": 200000, ""fourier_encoding_components"": null, ""scale"": false, ""datepart_method"": null, ""regression_type"": ""User"", ""regression_model"": {""model"": ""LightGBM"", ""model_params"": {""objective"": ""regression"", ""learning_rate"": 0.1, ""num_leaves"": 1000, ""max_depth"": 5, ""boosting_type"": ""gbdt"", ""n_estimators"": 100, ""linear_tree"": false, ""lambda_l1"": 0.0, ""lambda_l2"": 0.0, ""min_data_in_leaf"": 20, ""feature_fraction"": 1.0, ""max_bin"": 255, ""device_type"": ""cuda""}}}","{""fillna"": null, ""transformations"": {""0"": null}, ""transformation_params"": {""0"": {}}}",0 days 00:00:00.000197,0 days 00:00:02.593083,0 days 00:00:00.328126,0 days 00:00:02.960043,0,,1,1,0,2023-10-16 20:48:00,1.3407843464331743,378.7801515484137,383.0442815063287,3.117849379517412,378.7801515484137,24241.929699098477,0.013320417567508248,-24241.929699098477,378.7801515484137,0.0,5.927466961458977,11.817269241559499,1.0,0.421875,482.1084825245671,1.0,6.321827823734312,364.27639229585026,1593.7027565739534,26846.181571976813,3.381760588278205,1183.4020506963348,90.40275191022054,0.0,1.3407843464331743,378.7801515484137,383.0442815063287,3.117849379517412,378.7801515484137,24241.929699098477,0.013320417567508248,-24241.929699098477,378.7801515484137,0.0,5.927466961458977,11.817269241559499,1.0,0.421875,482.1084825245671,1.0,6.321827823734312,364.27639229585026,1593.7027565739534,26846.181571976813,3.381760588278205,1183.4020506963348,90.40275191022054,0.0,2.96,42.84537434174862
d8cd8b66a9a28255be6ed91e0ed0f3ea,WindowRegression,"{""window_size"": 10, ""input_dim"": ""univariate"", ""output_dim"": ""forecast_length"", ""normalize_window"": false, ""max_windows"": 200000, ""fourier_encoding_components"": null, ""scale"": false, ""datepart_method"": null, ""regression_type"": ""User"", ""regression_model"": {""model"": ""xgboost"", ""model_params"": {""booster"": ""gbtree"", ""colsample_bylevel"": 0.54, ""learning_rate"": 0.025, ""max_depth"": 11, ""min_child_weight"": 0.0127, ""n_estimators"": 240, ""tree_method"": ""hist"", ""objective"": ""reg:squarederror"", ""device"": ""cuda""}}}","{""fillna"": null, ""transformations"": {}, ""transformation_params"": {}}",0 days 00:00:00.000189,0 days 00:00:01.352901,0 days 00:00:00.207062,0 days 00:00:01.603779,0,,1,0,0,2023-10-16 20:48:00,1.3522808284500347,382.005208740234,386.41385403930695,3.1191739137898455,382.005208740234,24448.333359374978,0.013433831927522968,-24448.333359374978,382.005208740234,0.0,5.935554654260378,11.817269241559499,1.0,0.515625,504.00546875000146,1.0,6.34801323337137,367.6282523148144,1610.7759487414673,27796.831438586036,3.4799701288204474,1190.8308095194002,89.11729863386651,0.0,1.3522808284500347,382.005208740234,386.41385403930695,3.1191739137898455,382.005208740234,24448.333359374978,0.013433831927522968,-24448.333359374978,382.005208740234,0.0,5.935554654260378,11.817269241559499,1.0,0.515625,504.00546875000146,1.0,6.34801323337137,367.6282523148144,1610.7759487414673,27796.831438586036,3.4799701288204474,1190.8308095194002,89.11729863386651,0.0,1.6038,43.222277492421924
9aebbd485a76ee621a5e67025c911ac2,WindowRegression,"{""window_size"": 10, ""input_dim"": ""univariate"", ""output_dim"": ""forecast_length"", ""normalize_window"": false, ""max_windows"": 200000, ""fourier_encoding_components"": null, ""scale"": false, ""datepart_method"": null, ""regression_type"": ""User"", ""regression_model"": {""model"": ""xgboost"", ""model_params"": {""booster"": ""gbtree"", ""colsample_bylevel"": 0.54, ""learning_rate"": 0.025, ""max_depth"": 11, ""min_child_weight"": 0.0127, ""n_estimators"": 240, ""tree_method"": ""hist"", ""objective"": ""reg:squarederror"", ""device"": ""cuda""}}}","{""fillna"": null, ""transformations"": {""0"": null}, ""transformation_params"": {""0"": {}}}",0 days 00:00:00.000195,0 days 00:00:01.354386,0 days 00:00:00.207411,0 days 00:00:01.605444,0,,1,1,0,2023-10-16 20:48:00,1.3522808284500347,382.005208740234,386.41385403930695,3.1191739137898455,382.005208740234,24448.333359374978,0.013433831927522968,-24448.333359374978,382.005208740234,0.0,5.935554654260378,11.817269241559499,1.0,0.515625,504.00546875000146,1.0,6.34801323337137,367.6282523148144,1610.7759487414673,27796.831438586036,3.4799701288204474,1190.8308095194002,89.11729863386651,0.0,1.3522808284500347,382.005208740234,386.41385403930695,3.1191739137898455,382.005208740234,24448.333359374978,0.013433831927522968,-24448.333359374978,382.005208740234,0.0,5.935554654260378,11.817269241559499,1.0,0.515625,504.00546875000146,1.0,6.34801323337137,367.6282523148144,1610.7759487414673,27796.831438586036,3.4799701288204474,1190.8308095194002,89.11729863386651,0.0,1.6054,43.222277492421924
b2181ea06ee056b41a55c6282bff2089,WindowRegression,"{""window_size"": 20, ""input_dim"": ""univariate"", ""output_dim"": ""forecast_length"", ""normalize_window"": false, ""max_windows"": 200000, ""fourier_encoding_components"": null, ""scale"": false, ""datepart_method"": null, ""regression_type"": ""User"", ""regression_model"": {""model"": ""LightGBM"", ""model_params"": {""objective"": ""regression"", ""learning_rate"": 0.1, ""num_leaves"": 31, ""max_depth"": -1, ""boosting_type"": ""gbdt"", ""n_estimators"": 50, ""linear_tree"": false, ""lambda_l1"": 0.0, ""lambda_l2"": 0.1, ""min_data_in_leaf"": 20, ""feature_fraction"": 1.0, ""max_bin"": 255, ""device_type"": ""cuda""}}}","{""fillna"": null, ""transformations"": {""0"": null}, ""transformation_params"": {""0"": {}}}",0 days 00:00:00.000196,0 days 00:00:00.335004,0 days 00:00:00.169704,0 days 00:00:00.542593,0,,1,2,0,2023-10-16 20:48:00,1.354582010143799,382.65218690864873,386.73134480521463,2.926792507280828,382.65218690864873,24489.73996215352,0.013456583962773801,-24489.73996215352,382.65218690864873,0.0,5.938182815567881,11.817269241559499,1.0,0.4375,486.25569507469845,1.0,6.3532532868005065,368.5233094882212,1609.0108188434601,27406.423939819408,2.9650172847214655,1196.7392555260844,108.73433346948183,0.0,1.354582010143799,382.65218690864873,386.73134480521463,2.926792507280828,382.65218690864873,24489.73996215352,0.013456583962773801,-24489.73996215352,382.65218690864873,0.0,5.938182815567881,11.817269241559499,1.0,0.4375,486.25569507469845,1.0,6.3532532868005065,368.5233094882212,1609.0108188434601,27406.423939819408,2.9650172847214655,1196.7392555260844,108.73433346948183,0.0,0.5426,43.25779038576645
1c908f829353c610b86adfbe363a9afb,WindowRegression,"{""window_size"": 20, ""input_dim"": ""univariate"", ""output_dim"": ""forecast_length"", ""normalize_window"": false, ""max_windows"": 200000, ""fourier_encoding_components"": null, ""scale"": false, ""datepart_method"": null, ""regression_type"": ""User"", ""regression_model"": {""model"": ""LightGBM"", ""model_params"": {""objective"": ""regression"", ""learning_rate"": 0.1, ""num_leaves"": 70, ""max_depth"": -1, ""boosting_type"": ""gbdt"", ""n_estimators"": 100, ""linear_tree"": false, ""lambda_l1"": 0.0, ""lambda_l2"": 0.0, ""min_data_in_leaf"": 30, ""feature_fraction"": 1.0, ""max_bin"": 255, ""device_type"": ""cuda""}}}","{""fillna"": ""pchip"", ""transformations"": {""0"": null}, ""transformation_params"": {""0"": {}}}",0 days 00:00:00.000199,0 days 00:00:01.305948,0 days 00:00:00.171525,0 days 00:00:01.516165,0,,1,3,0,2023-10-16 20:48:00,1.3632761864265814,385.0906092928922,389.2417871784633,3.067575754611646,385.0906092928922,24645.798994745102,0.013542335035609336,-24645.798994745102,385.0906092928922,0.0,5.944537825248745,11.817269241559499,1.0,0.390625,489.5324972095914,1.0,6.3729640173048585,370.64432652709837,1618.6417810463822,27787.868160595845,3.298219019981328,1204.6262765821152,94.06519472218835,0.0,1.3632761864265814,385.0906092928922,389.2417871784633,3.067575754611646,385.0906092928922,24645.798994745102,0.013542335035609336,-24645.798994745102,385.0906092928922,0.0,5.944537825248745,11.817269241559499,1.0,0.390625,489.5324972095914,1.0,6.3729640173048585,370.64432652709837,1618.6417810463822,27787.868160595845,3.298219019981328,1204.6262765821152,94.06519472218835,0.0,1.5162,43.53859563058629
e31e615ff7f2584c8a44724cd854ed40,WindowRegression,"{""window_size"": 5, ""input_dim"": ""univariate"", ""output_dim"": ""forecast_length"", ""normalize_window"": false, ""max_windows"": 200000, ""fourier_encoding_components"": null, ""scale"": false, ""datepart_method"": null, ""regression_type"": ""User"", ""regression_model"": {""model"": ""xgboost"", ""model_params"": {""booster"": ""gbtree"", ""objective"": ""reg:squarederror"", ""max_depth"": 6, ""eta"": 0.05, ""min_child_weight"": 1, ""subsample"": 1, ""colsample_bylevel"": 1, ""reg_alpha"": 0.001, ""reg_lambda"": 1, ""tree_method"": ""hist"", ""device"": ""cuda""}}}","{""fillna"": ""ffill"", ""transformations"": {""0"": null}, ""transformation_params"": {""0"": {}}}",0 days 00:00:00.000201,0 days 00:00:00.155098,0 days 00:00:00.180480,0 days 00:00:00.376043,0,,1,1,0,2023-10-16 20:48:00,1.3627242717587018,384.9349877929684,389.33387071257346,3.206559544649422,384.9349877929684,24635.839218749978,0.013536862353492827,-24635.839218749978,384.9349877929684,0.0,5.943351225945489,11.817269241559499,1.0,0.46875,507.48789062500146,1.0,6.37170788884472,370.25354166666625,1623.1584923534758,28137.577374133183,3.478655976528265,1200.0919372563867,92.17055107422239,0.0,1.3627242717587018,384.9349877929684,389.33387071257346,3.206559544649422,384.9349877929684,24635.839218749978,0.013536862353492827,-24635.839218749978,384.9349877929684,0.0,5.943351225945489,11.817269241559499,1.0,0.46875,507.48789062500146,1.0,6.37170788884472,370.25354166666625,1623.1584923534758,28137.577374133183,3.478655976528265,1200.0919372563867,92.17055107422239,0.0,0.376,43.548895623772836
aae4b48b17540daad69947938ebfcc9a,WindowRegression,"{""window_size"": 5, ""input_dim"": ""univariate"", ""output_dim"": ""forecast_length"", ""normalize_window"": false, ""max_windows"": 200000, ""fourier_encoding_components"": null, ""scale"": false, ""datepart_method"": null, ""regression_type"": ""User"", ""regression_model"": {""model"": ""xgboost"", ""model_params"": {""booster"": ""gbtree"", ""objective"": ""reg:squarederror"", ""max_depth"": 6, ""eta"": 0.05, ""min_child_weight"": 1, ""subsample"": 1, ""colsample_bylevel"": 1, ""reg_alpha"": 0.001, ""reg_lambda"": 1, ""tree_method"": ""hist"", ""device"": ""cuda""}}}","{""fillna"": null, ""transformations"": {}, ""transformation_params"": {}}",0 days 00:00:00.000191,0 days 00:00:00.155713,0 days 00:00:00.180718,0 days 00:00:00.376879,0,,1,0,0,2023-10-16 20:48:00,1.3627242717587018,384.9349877929684,389.33387071257346,3.206559544649422,384.9349877929684,24635.839218749978,0.013536862353492827,-24635.839218749978,384.9349877929684,0.0,5.943351225945489,11.817269241559499,1.0,0.46875,507.48789062500146,1.0,6.37170788884472,370.25354166666625,1623.1584923534758,28137.577374133183,3.478655976528265,1200.0919372563867,92.17055107422239,0.0,1.3627242717587018,384.9349877929684,389.33387071257346,3.206559544649422,384.9349877929684,24635.839218749978,0.013536862353492827,-24635.839218749978,384.9349877929684,0.0,5.943351225945489,11.817269241559499,1.0,0.46875,507.48789062500146,1.0,6.37170788884472,370.25354166666625,1623.1584923534758,28137.577374133183,3.478655976528265,1200.0919372563867,92.17055107422239,0.0,0.3769,43.548895623772836
927ff06cd2278bd354870f47f7115a52,WindowRegression,"{""window_size"": 20, ""input_dim"": ""univariate"", ""output_dim"": ""forecast_length"", ""normalize_window"": false, ""max_windows"": 200000, ""fourier_encoding_components"": null, ""scale"": false, ""datepart_method"": null, ""regression_type"": ""User"", ""regression_model"": {""model"": ""LightGBM"", ""model_params"": {""colsample_bytree"": 0.947, ""learning_rate"": 0.7024, ""max_bin"": 255, ""min_child_samples"": 15, ""n_estimators"": 5, ""num_leaves"": 35, ""reg_alpha"": 0.00308, ""reg_lambda"": 5.182, ""objective"": ""regression"", ""linear_tree"": false, ""device_type"": ""cuda""}}}","{""fillna"": null, ""transformations"": {""0"": null}, ""transformation_params"": {""0"": {}}}",0 days 00:00:00.000194,0 days 00:00:00.071157,0 days 00:00:00.167658,0 days 00:00:00.276691,0,,1,2,0,2023-10-16 20:48:00,1.3767076364861413,388.8588581296075,392.8018884189224,2.915151386190843,388.8588581296075,24886.96692029488,0.013674851609664586,-24886.96692029488,388.8588581296075,0.0,5.954815946071614,11.817269241559499,1.0,0.515625,492.5769831296093,1.0,6.403304930412758,374.8532794259036,1632.2087169973356,28400.891624276752,2.688854455444502,1218.4469737803274,118.21908551786223,0.0,1.3767076364861413,388.8588581296075,392.8018884189224,2.915151386190843,388.8588581296075,24886.96692029488,0.013674851609664586,-24886.96692029488,388.8588581296075,0.0,5.954815946071614,11.817269241559499,1.0,0.515625,492.5769831296093,1.0,6.403304930412758,374.8532794259036,1632.2087169973356,28400.891624276752,2.688854455444502,1218.4469737803274,118.21908551786223,0.0,0.2767,43.9368103480653
0f760decfc490502f2782c17cb181970,WindowRegression,"{""window_size"": 5, ""input_dim"": ""univariate"", ""output_dim"": ""forecast_length"", ""normalize_window"": false, ""max_windows"": 200000, ""fourier_encoding_components"": null, ""scale"": false, ""datepart_method"": null, ""regression_type"": ""User"", ""regression_model"": {""model"": ""xgboost"", ""model_params"": {""booster"": ""gbtree"", ""objective"": ""reg:squarederror"", ""max_depth"": 6, ""eta"": 0.3, ""min_child_weight"": 1, ""subsample"": 1, ""colsample_bylevel"": 0.9, ""reg_alpha"": 0, ""reg_lambda"": 5, ""n_estimators"": 100, ""grow_policy"": ""lossguide"", ""tree_method"": ""hist"", ""device"": ""cuda""}}}","{""fillna"": null, ""transformations"": {}, ""transformation_params"": {}}",0 days 00:00:00.000189,0 days 00:00:00.371712,0 days 00:00:00.184199,0 days 00:00:00.597083,0,,1,0,0,2023-10-16 20:48:00,1.390877337523095,392.8243920898434,398.1365515449855,4.252991812875397,392.8243920898434,25140.761093749978,0.013814306034645788,-25140.761093749978,392.8243920898434,0.0,5.961497122469625,11.817269241559499,1.0,0.46875,526.4996093750015,1.0,6.435079845899388,375.8354918981478,1664.0067221537797,29989.843011138808,4.013502405541172,1218.1984829832197,59.520625031046855,0.0,1.390877337523095,392.8243920898434,398.1365515449855,4.252991812875397,392.8243920898434,25140.761093749978,0.013814306034645788,-25140.761093749978,392.8243920898434,0.0,5.961497122469625,11.817269241559499,1.0,0.46875,526.4996093750015,1.0,6.435079845899388,375.8354918981478,1664.0067221537797,29989.843011138808,4.013502405541172,1218.1984829832197,59.520625031046855,0.0,0.5971,44.53351848249942
1531e2eea15dff18227b757ac3db472a,WindowRegression,"{""window_size"": 7, ""input_dim"": ""univariate"", ""output_dim"": ""forecast_length"", ""normalize_window"": false, ""max_windows"": 200000, ""fourier_encoding_components"": null, ""scale"": false, ""datepart_method"": null, ""regression_type"": ""User"", ""regression_model"": {""model"": ""LightGBM"", ""model_params"": {""objective"": ""regression"", ""learning_rate"": 0.001, ""num_leaves"": 70, ""max_depth"": -1, ""boosting_type"": ""gbdt"", ""n_estimators"": 100, ""linear_tree"": false, ""lambda_l1"": 0.0, ""lambda_l2"": 0.0, ""min_data_in_leaf"": 15, ""feature_fraction"": 1.0, ""max_bin"": 255, ""device_type"": ""cuda""}}}","{""fillna"": ""ffill_mean_biased"", ""transformations"": {""0"": null}, ""transformation_params"": {""0"": {}}}",0 days 00:00:00.000210,0 days 00:00:01.226067,0 days 00:00:00.171200,0 days 00:00:01.437059,0,,1,0,1,2023-10-14 20:48:00,1.4965462213606433,404.76485986888105,405.04049858349515,1.2378604060244023,404.76485986888105,25904.951031608387,0.01507810442684052,0.0,6.005098630011533,25904.951031608387,404.76485986888105,13.376473697457747,1.0,0.5,439.1271427248503,1.0,6.844377538277869,400.68550710137197,1573.4828000995944,32583.137636751704,2.2430061122870892,1501.5912035690405,26.887798593036443,0.0,1.4965462213606433,404.76485986888105,405.04049858349515,1.2378604060244023,404.76485986888105,25904.951031608387,0.01507810442684052,0.0,6.005098630011533,25904.951031608387,404.76485986888105,13.376473697457747,1.0,0.5,439.1271427248503,1.0,6.844377538277869,400.68550710137197,1573.4828000995944,32583.137636751704,2.2430061122870892,1501.5912035690405,26.887798593036443,0.0,1.4371,45.305758689655896
45bdced91dc2d47343e4838f14c37e0a,WindowRegression,"{""window_size"": 5, ""input_dim"": ""univariate"", ""output_dim"": ""forecast_length"", ""normalize_window"": false, ""max_windows"": 200000, ""fourier_encoding_components"": null, ""scale"": false, ""datepart_method"": null, ""regression_type"": ""User"", ""regression_model"": {""model"": ""xgboost"", ""model_params"": {""booster"": ""gbtree"", ""objective"": ""reg:squarederror"", ""max_depth"": 6, ""eta"": 0.03, ""min_child_weight"": 1, ""subsample"": 1, ""colsample_bylevel"": 1, ""reg_alpha"": 0, ""reg_lambda"": 1, ""tree_method"": ""hist"", ""device"": ""cuda""}}}","{""fillna"": null, ""transformations"": {}, ""transformation_params"": {}}",0 days 00:00:00.000188,0 days 00:00:00.153362,0 days 00:00:00.178673,0 days 00:00:00.372695,0,,1,0,0,2023-10-16 20:48:00,1.51230782004097,426.866781005859,430.6393343040665,3.060346423057734,426.866781005859,27319.473984374978,0.015011461781859971,-27319.473984374978,426.866781005859,0.0,6.049330580280598,11.817269241559499,1.0,0.515625,537.3785156250015,1.0,6.701658636276153,412.85626591435135,1785.1095500203323,34287.85119583582,3.113199066530173,1342.8747957350963,110.69189299009622,0.0,1.51230782004097,426.866781005859,430.6393343040665,3.060346423057734,426.866781005859,27319.473984374978,0.015011461781859971,-27319.473984374978,426.866781005859,0.0,6.049330580280598,11.817269241559499,1.0,0.515625,537.3785156250015,1.0,6.701658636276153,412.85626591435135,1785.1095500203323,34287.85119583582,3.113199066530173,1342.8747957350963,110.69189299009622,0.0,0.3727,48.16911353429071
cbcb89f0ae715cebd09d0482ad716d70,WindowRegression,"{""window_size"": 5, ""input_dim"": ""univariate"", ""output_dim"": ""forecast_length"", ""normalize_window"": false, ""max_windows"": 200000, ""fourier_encoding_components"": null, ""scale"": false, ""datepart_method"": null, ""regression_type"": ""User"", ""regression_model"": {""model"": ""xgboost"", ""model_params"": {""booster"": ""gbtree"", ""objective"": ""reg:squarederror"", ""max_depth"": 6, ""eta"": 0.03, ""min_child_weight"": 1, ""subsample"": 1, ""colsample_bylevel"": 1, ""reg_alpha"": 0.001, ""reg_lambda"": 1, ""n_estimators"": 100, ""grow_policy"": ""lossguide"", ""tree_method"": ""hist"", ""device"": ""cuda""}}}","{""fillna"": ""rolling_mean"", ""transformations"": {""0"": null}, ""transformation_params"": {""0"": {}}}",0 days 00:00:00.000201,0 days 00:00:00.339443,0 days 00:00:00.179580,0 days 00:00:00.559881,0,,1,2,0,2023-10-16 20:48:00,1.5130858801112663,427.0846765136715,430.8728578661744,3.08199241307822,427.0846765136715,27333.419296874978,0.015019124430333715,-27333.419296874978,427.0846765136715,0.0,6.049797769598433,11.817269241559499,1.0,0.53125,537.4468750000015,1.0,6.703330785068625,413.047815393518,1786.1774758221645,34331.14663470868,3.1360312417360183,1343.4436881417087,109.97052114399219,0.0,1.5130858801112663,427.0846765136715,430.8728578661744,3.08199241307822,427.0846765136715,27333.419296874978,0.015019124430333715,-27333.419296874978,427.0846765136715,0.0,6.049797769598433,11.817269241559499,1.0,0.53125,537.4468750000015,1.0,6.703330785068625,413.047815393518,1786.1774758221645,34331.14663470868,3.1360312417360183,1343.4436881417087,109.97052114399219,0.0,0.5599,48.19523428564819
71986e2c58b479ec429726e704873db7,WindowRegression,"{""window_size"": 20, ""input_dim"": ""univariate"", ""output_dim"": ""forecast_length"", ""normalize_window"": false, ""max_windows"": 200000, ""fourier_encoding_components"": null, ""scale"": false, ""datepart_method"": null, ""regression_type"": ""User"", ""regression_model"": {""model"": ""xgboost"", ""model_params"": {""booster"": ""gbtree"", ""objective"": ""reg:squarederror"", ""max_depth"": 9, ""eta"": 0.3, ""min_child_weight"": 2, ""subsample"": 1, ""colsample_bylevel"": 0.9, ""reg_alpha"": 100, ""reg_lambda"": 1, ""n_estimators"": 10, ""tree_method"": ""hist"", ""device"": ""cuda""}}}","{""fillna"": ""ffill_mean_biased"", ""transformations"": {""0"": null}, ""transformation_params"": {""0"": {}}}",0 days 00:00:00.000203,0 days 00:00:00.039822,0 days 00:00:00.166172,0 days 00:00:00.245165,0,,1,1,0,2023-10-16 20:48:00,1.5536029006150875,438.43187499999965,441.93282409844227,2.994833068362342,438.43187499999965,28059.639999999978,0.015418167045004535,-28059.639999999978,438.43187499999965,0.0,6.076960090307508,11.817269241559499,1.0,0.515625,542.1500000000015,1.0,6.789841065210897,424.4262962962958,1827.2261632167315,35929.284023136686,2.6338966438638836,1384.1848726970422,123.31871317683816,0.0,1.5536029006150875,438.43187499999965,441.93282409844227,2.994833068362342,438.43187499999965,28059.639999999978,0.015418167045004535,-28059.639999999978,438.43187499999965,0.0,6.076960090307508,11.817269241559499,1.0,0.515625,542.1500000000015,1.0,6.789841065210897,424.4262962962958,1827.2261632167315,35929.284023136686,2.6338966438638836,1384.1848726970422,123.31871317683816,0.0,0.2452,49.43234554486114
ae4ecf991c6ae1ea6d0a1bc472fb875b,WindowRegression,"{""window_size"": 10, ""input_dim"": ""univariate"", ""output_dim"": ""forecast_length"", ""normalize_window"": false, ""max_windows"": 200000, ""fourier_encoding_components"": null, ""scale"": false, ""datepart_method"": null, ""regression_type"": ""User"", ""regression_model"": {""model"": ""xgboost"", ""model_params"": {""booster"": ""gbtree"", ""objective"": ""reg:squarederror"", ""max_depth"": 6, ""eta"": 0.03, ""min_child_weight"": 1, ""subsample"": 0.5, ""colsample_bylevel"": 0.5, ""reg_alpha"": 0.001, ""reg_lambda"": 1, ""tree_method"": ""hist"", ""device"": ""cuda""}}}","{""fillna"": null, ""transformations"": {}, ""transformation_params"": {}}",0 days 00:00:00.000200,0 days 00:00:00.207451,0 days 00:00:00.180701,0 days 00:00:00.429121,0,,1,0,0,2023-10-16 20:48:00,1.5535094284425714,438.4054162597653,442.1253036129585,3.0427396783744216,438.4054162597653,28057.946640624978,0.015417236580547009,-28057.946640624978,438.4054162597653,0.0,6.076385955413567,11.817269241559499,1.0,0.515625,554.6773437500015,1.0,6.789640627660294,424.19720196759204,1832.1975446154381,35846.050090656165,3.02433334828869,1380.102953836664,115.00403790966963,0.0,1.5535094284425714,438.4054162597653,442.1253036129585,3.0427396783744216,438.4054162597653,28057.946640624978,0.015417236580547009,-28057.946640624978,438.4054162597653,0.0,6.076385955413567,11.817269241559499,1.0,0.515625,554.6773437500015,1.0,6.789640627660294,424.19720196759204,1832.1975446154381,35846.050090656165,3.02433334828869,1380.102953836664,115.00403790966963,0.0,0.4291,49.45387531896489
c04e957c7ceb00fd784c5698ebc26afa,WindowRegression,"{""window_size"": 5, ""input_dim"": ""univariate"", ""output_dim"": ""forecast_length"", ""normalize_window"": false, ""max_windows"": 200000, ""fourier_encoding_components"": null, ""scale"": false, ""datepart_method"": null, ""regression_type"": ""User"", ""regression_model"": {""model"": ""xgboost"", ""model_params"": {""booster"": ""gbtree"", ""objective"": ""reg:squarederror"", ""max_depth"": 6, ""eta"": 0.03, ""min_child_weight"": 0.5, ""subsample"": 0.5, ""colsample_bylevel"": 0.5, ""reg_alpha"": 0, ""reg_lambda"": 1, ""tree_method"": ""hist"", ""device"": ""cuda""}}}","{""fillna"": null, ""transformations"": {}, ""transformation_params"": {}}",0 days 00:00:00.000185,0 days 00:00:00.156124,0 days 00:00:00.177301,0 days 00:00:00.373934,0,,1,0,0,2023-10-16 20:48:00,1.5727393898586917,443.7890832519528,447.45459799240484,3.0813026296224875,443.7890832519528,28402.501328124978,0.015606561950652053,-28402.501328124978,443.7890832519528,0.0,6.088828575776311,11.817269241559499,1.0,0.453125,550.6734375000015,1.0,6.830303306574933,429.61867766203653,1852.0935800658388,36755.33647631115,3.119810926350158,1398.8095408479896,109.70349219269958,0.0,1.5727393898586917,443.7890832519528,447.45459799240484,3.0813026296224875,443.7890832519528,28402.501328124978,0.015606561950652053,-28402.501328124978,443.7890832519528,0.0,6.088828575776311,11.817269241559499,1.0,0.453125,550.6734375000015,1.0,6.830303306574933,429.61867766203653,1852.0935800658388,36755.33647631115,3.119810926350158,1398.8095408479896,109.70349219269958,0.0,0.3739,50.04998293285962
f23200d1504deecc9146760fccbdf465,WindowRegression,"{""window_size"": 5, ""input_dim"": ""univariate"", ""output_dim"": ""forecast_length"", ""normalize_window"": false, ""max_windows"": 200000, ""fourier_encoding_components"": null, ""scale"": false, ""datepart_method"": null, ""regression_type"": ""User"", ""regression_model"": {""model"": ""xgboost"", ""model_params"": {""booster"": ""gbtree"", ""objective"": ""reg:squarederror"", ""max_depth"": 3, ""eta"": 0.003, ""min_child_weight"": 1, ""subsample"": 1, ""colsample_bylevel"": 0.5, ""reg_alpha"": 0, ""reg_lambda"": 1, ""tree_method"": ""hist"", ""device"": ""cuda""}}}","{""fillna"": null, ""transformations"": {}, ""transformation_params"": {}}",0 days 00:00:00.000193,0 days 00:00:00.078930,0 days 00:00:00.175923,0 days 00:00:00.296910,0,,1,0,2,2023-10-12 20:48:00,2.217580899898164,599.6177636718751,599.7614131477281,0.9270188241583299,599.6177636718751,38375.536875000005,0.02242432758680021,0.0,6.397719094554801,38375.536875000005,599.6177636718751,9.329350886665624,0.0,0.46875,627.638437499998,1.0,5.666349298564944,596.0802314814816,2350.8483740922356,32799.98054062585,2.4248404760944133,1014.1237173498364,17.425086621951625,0.0,2.217580899898164,599.6177636718751,599.7614131477281,0.9270188241583299,599.6177636718751,38375.536875000005,0.02242432758680021,0.0,6.397719094554801,38375.536875000005,599.6177636718751,9.329350886665624,0.0,0.46875,627.638437499998,1.0,5.666349298564944,596.0802314814816,2350.8483740922356,32799.98054062585,2.4248404760944133,1014.1237173498364,17.425086621951625,0.0,0.2969,67.08624433967955
3df6a4a61cdf53b073fe125e1463c7e3,WindowRegression,"{""window_size"": 10, ""input_dim"": ""univariate"", ""output_dim"": ""forecast_length"", ""normalize_window"": false, ""max_windows"": 200000, ""fourier_encoding_components"": null, ""scale"": false, ""datepart_method"": null, ""regression_type"": ""User"", ""regression_model"": {""model"": ""LightGBM"", ""model_params"": {""objective"": ""regression"", ""learning_rate"": 0.01, ""num_leaves"": 31, ""max_depth"": 5, ""boosting_type"": ""gbdt"", ""n_estimators"": 100, ""linear_tree"": false, ""lambda_l1"": 1, ""lambda_l2"": 0.0, ""min_data_in_leaf"": 30, ""feature_fraction"": 1.0, ""max_bin"": 255, ""device_type"": ""cuda""}}}","{""fillna"": null, ""transformations"": {}, ""transformation_params"": {}}",0 days 00:00:00.000191,0 days 00:00:00.596746,0 days 00:00:00.169284,0 days 00:00:00.804540,0,,1,0,0,2023-10-16 20:48:00,2.513975407901792,706.0546670254674,708.2339336886175,3.424999227339016,706.0546670254674,45187.498689629916,0.02482955601506784,-45187.498689629916,706.0546670254674,0.0,6.557918532202387,11.817269241559499,1.0,0.515625,809.7727920254692,1.0,8.580942597718003,692.0490883217636,2880.0390994833306,92017.53418192946,2.2700573229861662,2278.9304833685396,150.8493473513453,0.0,2.513975407901792,706.0546670254674,708.2339336886175,3.424999227339016,706.0546670254674,45187.498689629916,0.02482955601506784,-45187.498689629916,706.0546670254674,0.0,6.557918532202387,11.817269241559499,1.0,0.515625,809.7727920254692,1.0,8.580942597718003,692.0490883217636,2880.0390994833306,92017.53418192946,2.2700573229861662,2278.9304833685396,150.8493473513453,0.0,0.8045,79.21942573085151
e5ae2de7371edf27a15eeb18d98c909a,WindowRegression,"{""window_size"": 2, ""input_dim"": ""univariate"", ""output_dim"": ""forecast_length"", ""normalize_window"": false, ""max_windows"": 200000, ""fourier_encoding_components"": null, ""scale"": false, ""datepart_method"": null, ""regression_type"": ""User"", ""regression_model"": {""model"": ""xgboost"", ""model_params"": {""booster"": ""gbtree"", ""objective"": ""reg:squarederror"", ""max_depth"": 6, ""eta"": 0.01, ""min_child_weight"": 2, ""subsample"": 1, ""colsample_bylevel"": 1, ""reg_alpha"": 0, ""reg_lambda"": 1, ""n_estimators"": 100, ""tree_method"": ""hist"", ""device"": ""cuda""}}}","{""fillna"": null, ""transformations"": {}, ""transformation_params"": {}}",0 days 00:00:00.000183,0 days 00:00:00.142719,0 days 00:00:00.178104,0 days 00:00:00.361272,0,,1,0,0,2023-10-16 20:48:00,2.5913085637220283,727.4943749999996,729.609606334956,3.4594605553865483,727.4943749999996,46559.63999999998,0.025583518073477605,-46559.63999999998,727.4943749999996,0.0,6.587979314349436,11.817269241559499,1.0,0.515625,831.2125000000015,1.0,8.708507384183207,713.4887962962957,2964.381698760965,97638.49666539519,2.234268013516406,2350.610045707391,153.05487234638736,0.0,2.5913085637220283,727.4943749999996,729.609606334956,3.4594605553865483,727.4943749999996,46559.63999999998,0.025583518073477605,-46559.63999999998,727.4943749999996,0.0,6.587979314349436,11.817269241559499,1.0,0.515625,831.2125000000015,1.0,8.708507384183207,713.4887962962957,2964.381698760965,97638.49666539519,2.234268013516406,2350.610045707391,153.05487234638736,0.0,0.3613,81.61039915235112
1531e2eea15dff18227b757ac3db472a,WindowRegression,"{""window_size"": 7, ""input_dim"": ""univariate"", ""output_dim"": ""forecast_length"", ""normalize_window"": false, ""max_windows"": 200000, ""fourier_encoding_components"": null, ""scale"": false, ""datepart_method"": null, ""regression_type"": ""User"", ""regression_model"": {""model"": ""LightGBM"", ""model_params"": {""objective"": ""regression"", ""learning_rate"": 0.001, ""num_leaves"": 70, ""max_depth"": -1, ""boosting_type"": ""gbdt"", ""n_estimators"": 100, ""linear_tree"": false, ""lambda_l1"": 0.0, ""lambda_l2"": 0.0, ""min_data_in_leaf"": 15, ""feature_fraction"": 1.0, ""max_bin"": 255, ""device_type"": ""cuda""}}}","{""fillna"": ""ffill_mean_biased"", ""transformations"": {""0"": null}, ""transformation_params"": {""0"": {}}}",0 days 00:00:00.000217,0 days 00:00:01.203997,0 days 00:00:00.170387,0 days 00:00:01.413347,0,,1,0,2,2023-10-12 20:48:00,2.721567594681245,737.7728483085989,737.8913249472929,1.06349321263175,737.7728483085989,47217.46229175033,0.027591010536125442,0.0,6.604829868891247,47217.46229175033,737.7728483085989,16.496685714724016,0.0,0.46875,767.5472198564603,1.0,6.266964911454812,734.2282595875375,2894.7813365627367,49783.7410510169,2.746339938246072,1246.915826353889,26.222961411394426,0.0,2.721567594681245,737.7728483085989,737.8913249472929,1.06349321263175,737.7728483085989,47217.46229175033,0.027591010536125442,0.0,6.604829868891247,47217.46229175033,737.7728483085989,16.496685714724016,0.0,0.46875,767.5472198564603,1.0,6.266964911454812,734.2282595875375,2894.7813365627367,49783.7410510169,2.746339938246072,1246.915826353889,26.222961411394426,0.0,1.4133,82.53674984147567
f23200d1504deecc9146760fccbdf465,WindowRegression,"{""window_size"": 5, ""input_dim"": ""univariate"", ""output_dim"": ""forecast_length"", ""normalize_window"": false, ""max_windows"": 200000, ""fourier_encoding_components"": null, ""scale"": false, ""datepart_method"": null, ""regression_type"": ""User"", ""regression_model"": {""model"": ""xgboost"", ""model_params"": {""booster"": ""gbtree"", ""objective"": ""reg:squarederror"", ""max_depth"": 3, ""eta"": 0.003, ""min_child_weight"": 1, ""subsample"": 1, ""colsample_bylevel"": 0.5, ""reg_alpha"": 0, ""reg_lambda"": 1, ""tree_method"": ""hist"", ""device"": ""cuda""}}}","{""fillna"": null, ""transformations"": {}, ""transformation_params"": {}}",0 days 00:00:00.000190,0 days 00:00:00.086103,0 days 00:00:00.178139,0 days 00:00:00.304584,0,,1,0,0,2023-10-16 20:48:00,3.7653802911094116,1050.992940673828,1052.4581965333794,3.9794258039903196,1050.992940673828,67263.54820312498,0.036959869130020785,-67263.54820312498,1050.992940673828,0.0,6.957020073248222,20.254818839116304,0.09375,0.484375,1154.7027343750015,1.0,10.445895548987933,1036.987385706018,4237.003689041569,202754.05404248042,1.442419203227579,3432.1667706274256,186.28920244761704,0.0,3.7653802911094116,1050.992940673828,1052.4581965333794,3.9794258039903196,1050.992940673828,67263.54820312498,0.036959869130020785,-67263.54820312498,1050.992940673828,0.0,6.957020073248222,20.254818839116304,0.09375,0.484375,1154.7027343750015,1.0,10.445895548987933,1036.987385706018,4237.003689041569,202754.05404248042,1.442419203227579,3432.1667706274256,186.28920244761704,0.0,0.3046,117.72259132073545
1531e2eea15dff18227b757ac3db472a,WindowRegression,"{""window_size"": 7, ""input_dim"": ""univariate"", ""output_dim"": ""forecast_length"", ""normalize_window"": false, ""max_windows"": 200000, ""fourier_encoding_components"": null, ""scale"": false, ""datepart_method"": null, ""regression_type"": ""User"", ""regression_model"": {""model"": ""LightGBM"", ""model_params"": {""objective"": ""regression"", ""learning_rate"": 0.001, ""num_leaves"": 70, ""max_depth"": -1, ""boosting_type"": ""gbdt"", ""n_estimators"": 100, ""linear_tree"": false, ""lambda_l1"": 0.0, ""lambda_l2"": 0.0, ""min_data_in_leaf"": 15, ""feature_fraction"": 1.0, ""max_bin"": 255, ""device_type"": ""cuda""}}}","{""fillna"": ""ffill_mean_biased"", ""transformations"": {""0"": null}, ""transformation_params"": {""0"": {}}}",0 days 00:00:00.000195,0 days 00:00:01.236258,0 days 00:00:00.170779,0 days 00:00:01.445383,0,,1,3,0,2023-10-16 20:48:00,4.173025807971068,1162.4436511103718,1163.7685998541208,4.158580604310776,1162.4436511103718,74396.3936710638,0.04087921388750464,-74396.3936710638,1162.4436511103718,0.0,7.057979978708527,31.424247285270376,0.0,0.515625,1266.1617761103735,1.0,10.98097372692987,1148.4380724066677,4675.4475651734765,247790.26803853567,0.8902284800853504,3804.779747469825,197.79855547753795,0.0,4.173025807971068,1162.4436511103718,1163.7685998541208,4.158580604310776,1162.4436511103718,74396.3936710638,0.04087921388750464,-74396.3936710638,1162.4436511103718,0.0,7.057979978708527,31.424247285270376,0.0,0.515625,1266.1617761103735,1.0,10.98097372692987,1148.4380724066677,4675.4475651734765,247790.26803853567,0.8902284800853504,3804.779747469825,197.79855547753795,0.0,1.4454,130.17320376599497
76b83302dc39521f2a4f3a604521ff14,WindowRegression,"{""window_size"": 5, ""input_dim"": ""univariate"", ""output_dim"": ""forecast_length"", ""normalize_window"": false, ""max_windows"": 200000, ""fourier_encoding_components"": null, ""scale"": false, ""datepart_method"": null, ""regression_type"": ""User"", ""regression_model"": {""model"": ""LightGBM"", ""model_params"": {""objective"": ""regression"", ""learning_rate"": 0.01, ""num_leaves"": 31, ""max_depth"": 5, ""boosting_type"": ""dart"", ""n_estimators"": 100, ""linear_tree"": false, ""lambda_l1"": 0.1, ""lambda_l2"": 0.0, ""min_data_in_leaf"": 15, ""feature_fraction"": 0.5, ""max_bin"": 255, ""device_type"": ""cuda""}}}","{""fillna"": null, ""transformations"": {""0"": null}, ""transformation_params"": {""0"": {}}}",0 days 00:00:00.000200,0 days 00:00:00.567614,0 days 00:00:00.169969,0 days 00:00:00.776441,0,,1,0,2,2023-10-12 20:48:00,76.2398684450779,14759.81431712036,14759.820013579762,12.406469356296792,14759.81431712036,944628.116295703,0.5519831656431216,-944628.116295703,14759.81431712036,0.0,9.59973088131786,752.5134029916334,0.0,0.40625,14787.780279522196,0.0,3361.835755101702,14755.83633073568,58071.8273198769,19994630.618190724,5.460366581771161,24883.026974796252,748.3545609246479,0.0,76.2398684450779,14759.81431712036,14759.820013579762,12.406469356296792,14759.81431712036,944628.116295703,0.5519831656431216,-944628.116295703,14759.81431712036,0.0,9.59973088131786,752.5134029916334,0.0,0.40625,14787.780279522196,0.0,3361.835755101702,14755.83633073568,58071.8273198769,19994630.618190724,5.460366581771161,24883.026974796252,748.3545609246479,0.0,0.7764,1650.9579811811122
76b83302dc39521f2a4f3a604521ff14,WindowRegression,"{""window_size"": 5, ""input_dim"": ""univariate"", ""output_dim"": ""forecast_length"", ""normalize_window"": false, ""max_windows"": 200000, ""fourier_encoding_components"": null, ""scale"": false, ""datepart_method"": null, ""regression_type"": ""User"", ""regression_model"": {""model"": ""LightGBM"", ""model_params"": {""objective"": ""regression"", ""learning_rate"": 0.01, ""num_leaves"": 31, ""max_depth"": 5, ""boosting_type"": ""dart"", ""n_estimators"": 100, ""linear_tree"": false, ""lambda_l1"": 0.1, ""lambda_l2"": 0.0, ""min_data_in_leaf"": 15, ""feature_fraction"": 0.5, ""max_bin"": 255, ""device_type"": ""cuda""}}}","{""fillna"": null, ""transformations"": {""0"": null}, ""transformation_params"": {""0"": {}}}",0 days 00:00:00.000201,0 days 00:00:00.580612,0 days 00:00:00.169336,0 days 00:00:00.788314,0,,1,0,1,2023-10-14 20:48:00,76.56716964769859,14863.73861355333,14863.743824876476,26.841661134026584,14863.73861355333,951279.2712674132,0.5536967884539656,-951279.2712674132,14863.73861355333,0.0,9.606746800609958,1637.0653425872042,0.0,0.578125,14885.916353258146,0.0,5002.362911189323,14860.80074266095,58488.04830550292,44270982.83653877,5.469018892747204,54705.45788604108,1650.7861212066525,0.0,76.56716964769859,14863.73861355333,14863.743824876476,26.841661134026584,14863.73861355333,951279.2712674132,0.5536967884539656,-951279.2712674132,14863.73861355333,0.0,9.606746800609958,1637.0653425872042,0.0,0.578125,14885.916353258146,0.0,5002.362911189323,14860.80074266095,58488.04830550292,44270982.83653877,5.469018892747204,54705.45788604108,1650.7861212066525,0.0,0.7883,1662.5823672195065
76b83302dc39521f2a4f3a604521ff14,WindowRegression,"{""window_size"": 5, ""input_dim"": ""univariate"", ""output_dim"": ""forecast_length"", ""normalize_window"": false, ""max_windows"": 200000, ""fourier_encoding_components"": null, ""scale"": false, ""datepart_method"": null, ""regression_type"": ""User"", ""regression_model"": {""model"": ""LightGBM"", ""model_params"": {""objective"": ""regression"", ""learning_rate"": 0.01, ""num_leaves"": 31, ""max_depth"": 5, ""boosting_type"": ""dart"", ""n_estimators"": 100, ""linear_tree"": false, ""lambda_l1"": 0.1, ""lambda_l2"": 0.0, ""min_data_in_leaf"": 15, ""feature_fraction"": 0.5, ""max_bin"": 255, ""device_type"": ""cuda""}}}","{""fillna"": null, ""transformations"": {""0"": null}, ""transformation_params"": {""0"": {}}}",0 days 00:00:00.000196,0 days 00:00:00.592152,0 days 00:00:00.171201,0 days 00:00:00.802123,0,,1,3,0,2023-10-16 20:48:00,78.94999515465811,16096.298041479804,16096.393780973,28.162660126845726,16096.298041479804,1030163.0746547075,0.566052392996552,-1030163.0746547075,16096.298041479804,0.0,9.686400759632255,1567.6853367275073,0.0,0.5,16200.016166479807,0.0,5162.679397713857,16082.2924627761,63424.3865905405,47164269.94810045,5.4664116172016035,53733.26515434248,1319.8535287690406,0.0,78.94999515465811,16096.298041479804,16096.393780973,28.162660126845726,16096.298041479804,1030163.0746547075,0.566052392996552,-1030163.0746547075,16096.298041479804,0.0,9.686400759632255,1567.6853367275073,0.0,0.5,16200.016166479807,0.0,5162.679397713857,16082.2924627761,63424.3865905405,47164269.94810045,5.4664116172016035,53733.26515434248,1319.8535287690406,0.0,0.8021,1800.4602872177013
af4957c7902787e6e05df783721243cf,WindowRegression,"{""window_size"": 90, ""input_dim"": ""univariate"", ""output_dim"": ""forecast_length"", ""normalize_window"": false, ""max_windows"": 200000, ""fourier_encoding_components"": null, ""scale"": false, ""datepart_method"": null, ""regression_type"": ""User"", ""regression_model"": {""model"": ""LightGBM"", ""model_params"": {""objective"": ""regression"", ""learning_rate"": 0.01, ""num_leaves"": 70, ""max_depth"": 10, ""boosting_type"": ""dart"", ""n_estimators"": 50, ""linear_tree"": false, ""lambda_l1"": 0.0, ""lambda_l2"": 1, ""min_data_in_leaf"": 15, ""feature_fraction"": 0.5, ""max_bin"": 255, ""device_type"": ""cuda""}}}","{""fillna"": null, ""transformations"": {}, ""transformation_params"": {}}",0 days 00:00:00.000194,0 days 00:00:00.271495,0 days 00:00:00.170633,0 days 00:00:00.481945,0,,1,0,1,2023-10-14 20:48:00,200.0,54133.86678679923,54133.869033766125,96.32629136678192,54133.86678679923,3464567.474355151,2.0165685744173616,-3464567.474355151,54133.86678679923,0.0,10.899233703475076,6084.978173687268,0.0,0.53125,54158.09975596717,0.0,18218.643722244564,54130.09569289522,212978.77565437605,587117570.7452153,6.756529310140829,199260.26383951874,6095.62519653955,0.0,200.0,54133.86678679923,54133.869033766125,96.32629136678192,54133.86678679923,3464567.474355151,2.0165685744173616,-3464567.474355151,54133.86678679923,0.0,10.899233703475076,6084.978173687268,0.0,0.53125,54158.09975596717,0.0,18218.643722244564,54130.09569289522,212978.77565437605,587117570.7452153,6.756529310140829,199260.26383951874,6095.62519653955,0.0,0.4819,6055.13773550639
af4957c7902787e6e05df783721243cf,WindowRegression,"{""window_size"": 90, ""input_dim"": ""univariate"", ""output_dim"": ""forecast_length"", ""normalize_window"": false, ""max_windows"": 200000, ""fourier_encoding_components"": null, ""scale"": false, ""datepart_method"": null, ""regression_type"": ""User"", ""regression_model"": {""model"": ""LightGBM"", ""model_params"": {""objective"": ""regression"", ""learning_rate"": 0.01, ""num_leaves"": 70, ""max_depth"": 10, ""boosting_type"": ""dart"", ""n_estimators"": 50, ""linear_tree"": false, ""lambda_l1"": 0.0, ""lambda_l2"": 1, ""min_data_in_leaf"": 15, ""feature_fraction"": 0.5, ""max_bin"": 255, ""device_type"": ""cuda""}}}","{""fillna"": null, ""transformations"": {}, ""transformation_params"": {}}",0 days 00:00:00.000201,0 days 00:00:00.309532,0 days 00:00:00.169624,0 days 00:00:00.518628,0,,1,0,2,2023-10-12 20:48:00,200.0,54313.01050212803,54313.01208520211,44.465586509362446,54313.01050212803,3476032.672136194,2.031181885384437,-3476032.672136194,54313.01050212803,0.0,10.902537463792314,2804.4900010536303,0.0,0.421875,54341.63597087802,0.0,12370.84313750871,54308.99152643358,213672.25312450703,270704321.2813746,6.7598148307028385,91572.1248380677,2799.7891572877456,0.0,200.0,54313.01050212803,54313.01208520211,44.465586509362446,54313.01050212803,3476032.672136194,2.031181885384437,-3476032.672136194,54313.01050212803,0.0,10.902537463792314,2804.4900010536303,0.0,0.421875,54341.63597087802,0.0,12370.84313750871,54308.99152643358,213672.25312450703,270704321.2813746,6.7598148307028385,91572.1248380677,2799.7891572877456,0.0,0.5186,6075.175761056109
af4957c7902787e6e05df783721243cf,WindowRegression,"{""window_size"": 90, ""input_dim"": ""univariate"", ""output_dim"": ""forecast_length"", ""normalize_window"": false, ""max_windows"": 200000, ""fourier_encoding_components"": null, ""scale"": false, ""datepart_method"": null, ""regression_type"": ""User"", ""regression_model"": {""model"": ""LightGBM"", ""model_params"": {""objective"": ""regression"", ""learning_rate"": 0.01, ""num_leaves"": 70, ""max_depth"": 10, ""boosting_type"": ""dart"", ""n_estimators"": 50, ""linear_tree"": false, ""lambda_l1"": 0.0, ""lambda_l2"": 1, ""min_data_in_leaf"": 15, ""feature_fraction"": 0.5, ""max_bin"": 255, ""device_type"": ""cuda""}}}","{""fillna"": null, ""transformations"": {}, ""transformation_params"": {}}",0 days 00:00:00.000191,0 days 00:00:00.316835,0 days 00:00:00.169588,0 days 00:00:00.524766,0,,1,0,0,2023-10-16 20:48:00,200.0,55574.72470472234,55574.752434155525,91.61870223611898,55574.72470472234,3556782.38110223,1.9543752127455378,-3556782.38110223,55574.72470472234,0.0,10.925501279771234,5628.8720317209945,0.0,0.5,55678.44282972235,0.0,17824.776648166757,55560.71912601864,218730.2855386341,562046043.9086328,6.760705859301085,185721.83274163093,5381.0402237625285,0.0,200.0,55574.72470472234,55574.752434155525,91.61870223611898,55574.72470472234,3556782.38110223,1.9543752127455378,-3556782.38110223,55574.72470472234,0.0,10.925501279771234,5628.8720317209945,0.0,0.5,55678.44282972235,0.0,17824.776648166757,55560.71912601864,218730.2855386341,562046043.9086328,6.760705859301085,185721.83274163093,5381.0402237625285,0.0,0.5248,6216.307583623482
