exp_id,timestamp,step,model,dataset_label,config_hash,seed,colset,n_cols,rounds,base,MedianGain,WinRate,P10Gain,WorstGain,rmse_cells,mae_cells,e0_cells,gain_cells,train_device,decision,note
20260912_055637_calibrate_tfm_base,2026-09-12T05:56:37,calibrate,tfm,btc_1min_2y_2024-09-03_2026-09-03,822935ae5e8f,8587,S0,0,"{""fold1_2025-01-07"": [1, 1, 1], ""fold2_2025-05-30"": [1, 1, 1], ""fold3_2025-10-19"": [1, 1, 1], ""fold4_2026-03-11"": [1, 1, 1], ""fold5_2026-08-01"": [1, 1, 1]}",E0,-0.3307,0.0,-0.6979,-0.7516,"[[73.178, 101.999, 125.154], [47.779, 68.491, 82.449], [78.087, 109.627, 134.67], [46.087, 66.226, 81.165], [25.281, 35.807, 43.555]]","[[51.171, 72.697, 90.653], [32.005, 46.707, 57.501], [50.906, 74.873, 93.402], [31.581, 45.133, 55.436], [16.035, 23.643, 29.16]]","[[73.089, 101.799, 124.673], [47.703, 68.355, 82.15], [77.712, 108.938, 133.665], [45.935, 65.87, 80.567], [25.257, 35.74, 43.414]]","[[-0.1216, -0.1968, -0.3856], [-0.1592, -0.1988, -0.3645], [-0.4826, -0.6318, -0.7516], [-0.3307, -0.5409, -0.742], [-0.0933, -0.1867, -0.3246]]",GPU,eps=0.3591,TimesFM-LoRA baseline: calibrate = LoRA FIT + ES chọn epoch; S0 = ∅
20260912_055819_loop_tfm_vwap_amt_gap_2,2026-09-12T05:58:19,loop,tfm,btc_1min_2y_2024-09-03_2026-09-03,822935ae5e8f,8587,vwap_amt_gap_2,1,"{""fold1_2025-01-07"": [1, 1, 1], ""fold2_2025-05-30"": [1, 1, 1], ""fold3_2025-10-19"": [1, 1, 1], ""fold4_2026-03-11"": [1, 1, 1], ""fold5_2026-08-01"": [1, 1, 1]}",S_m,0.2569620507249959,1.0,0.07826261265501122,0.016259817819530564,"[[73.1659, 101.8414, 124.8322], [47.7051, 68.3837, 82.1074], [77.6955, 109.2156, 133.9012], [45.9677, 66.0326, 80.7607], [25.2641, 35.7717, 43.4829]]","[[51.1145, 72.5404, 90.527], [31.8292, 46.5092, 57.1924], [50.8929, 74.8271, 93.287], [31.5387, 45.0656, 55.2006], [16.0013, 23.5795, 29.0358]]","[[73.0889, 101.7985, 124.6731], [47.7035, 68.3552, 82.1496], [77.7122, 108.9384, 133.6649], [45.9348, 65.8699, 80.5671], [25.257, 35.7401, 43.4137]]","[[0.0163, 0.1544, 0.257], [0.1556, 0.1568, 0.4144], [0.5016, 0.3749, 0.5705], [0.2582, 0.2924, 0.498], [0.065, 0.0982, 0.1645]]",GPU,KEEP,
20260912_055819_loop_tfm_vwap_amt_gap_3,2026-09-12T05:58:19,loop,tfm,btc_1min_2y_2024-09-03_2026-09-03,822935ae5e8f,8587,vwap_amt_gap_3,2,"{""fold1_2025-01-07"": [1, 1, 1], ""fold2_2025-05-30"": [1, 1, 1], ""fold3_2025-10-19"": [1, 1, 1], ""fold4_2026-03-11"": [1, 1, 1], ""fold5_2026-08-01"": [1, 1, 1]}",S_m,-0.0161610286394831,0.26666666666666666,-0.1752086144532239,-0.24685373297397284,"[[73.1777, 102.0195, 125.0511], [47.6669, 68.3574, 82.1352], [77.6925, 109.4853, 133.9137], [45.9748, 66.0758, 80.8066], [25.2757, 35.7762, 43.4802]]","[[51.1232, 72.6692, 90.6832], [31.8289, 46.5022, 57.1884], [50.9078, 75.137, 93.299], [31.5489, 45.0953, 55.232], [16.0134, 23.5842, 29.0293]]","[[73.0889, 101.7985, 124.6731], [47.7035, 68.3552, 82.1496], [77.7122, 108.9384, 133.6649], [45.9348, 65.8699, 80.5671], [25.257, 35.7401, 43.4137]]","[[-0.0162, -0.1749, -0.1754], [0.0799, 0.0385, -0.0338], [0.0038, -0.2469, -0.0093], [-0.0154, -0.0654, -0.0568], [-0.046, -0.0125, 0.0063]]",GPU,KEEP,
20260912_055819_loop_tfm_vwap_amt_gap_4,2026-09-12T05:58:19,loop,tfm,btc_1min_2y_2024-09-03_2026-09-03,822935ae5e8f,8587,vwap_amt_gap_4,3,"{""fold1_2025-01-07"": [1, 1, 1], ""fold2_2025-05-30"": [1, 1, 1], ""fold3_2025-10-19"": [1, 1, 1], ""fold4_2026-03-11"": [1, 1, 1], ""fold5_2026-08-01"": [1, 1, 1]}",S_m,-0.05531270283896106,0.2,-0.11496403248763887,-0.5646531944125455,"[[73.2755, 102.1082, 125.1257], [47.6881, 68.4157, 82.181], [78.1312, 109.4493, 133.9877], [46.0041, 66.0653, 80.7923], [25.2788, 35.7905, 43.4895]]","[[51.1836, 72.734, 90.7394], [31.8542, 46.515, 57.2155], [51.4122, 75.1121, 93.3664], [31.5794, 45.0879, 55.2228], [16.0145, 23.5849, 29.0442]]","[[73.0889, 101.7985, 124.6731], [47.7035, 68.3552, 82.1496], [77.7122, 108.9384, 133.6649], [45.9348, 65.8699, 80.5671], [25.257, 35.7401, 43.4137]]","[[-0.1336, -0.087, -0.0596], [-0.0444, -0.0853, -0.0558], [-0.5647, 0.0329, -0.0553], [-0.0637, 0.0158, 0.0177], [-0.0123, -0.0402, -0.0215]]",GPU,KEEP,
20260912_055819_loop_tfm_vwap_amt_gap_5,2026-09-12T05:58:19,loop,tfm,btc_1min_2y_2024-09-03_2026-09-03,822935ae5e8f,8587,vwap_amt_gap_5,4,"{""fold1_2025-01-07"": [1, 1, 1], ""fold2_2025-05-30"": [1, 1, 1], ""fold3_2025-10-19"": [1, 1, 1], ""fold4_2026-03-11"": [1, 1, 1], ""fold5_2026-08-01"": [1, 1, 1]}",S_m,-0.005735939048445715,0.4,-0.12573551462292887,-0.6468670577257196,"[[73.2674, 102.0943, 125.0729], [47.7146, 68.4353, 82.2059], [78.6366, 109.4556, 134.2189], [45.997, 66.0582, 80.7879], [25.2882, 35.7937, 43.4914]]","[[51.1777, 72.7257, 90.6909], [31.9001, 46.5124, 57.2241], [51.8198, 75.1003, 93.5599], [31.5917, 45.0781, 55.217], [16.0321, 23.5918, 29.0421]]","[[73.0889, 101.7985, 124.6731], [47.7035, 68.3552, 82.1496], [77.7122, 108.9384, 133.6649], [45.9348, 65.8699, 80.5671], [25.257, 35.7401, 43.4137]]","[[0.011, 0.0137, 0.0422], [-0.0556, -0.0286, -0.0304], [-0.6469, -0.0057, -0.1725], [0.0154, 0.0109, 0.0054], [-0.0371, -0.0088, -0.0044]]",GPU,KEEP,
20260912_055819_loop_tfm_vwap_amt_gap_8,2026-09-12T05:58:19,loop,tfm,btc_1min_2y_2024-09-03_2026-09-03,822935ae5e8f,8587,vwap_amt_gap_8,5,"{""fold1_2025-01-07"": [1, 1, 1], ""fold2_2025-05-30"": [1, 1, 1], ""fold3_2025-10-19"": [1, 1, 1], ""fold4_2026-03-11"": [1, 1, 1], ""fold5_2026-08-01"": [1, 1, 1]}",S_m,-0.007378731383855808,0.3333333333333333,-0.04084467959182714,-0.18222979958999463,"[[73.2607, 102.0608, 125.0494], [47.7151, 68.4343, 82.1999], [78.7799, 109.5045, 134.2659], [46.0004, 66.0685, 80.7969], [25.2889, 35.7971, 43.5007]]","[[51.1702, 72.6977, 90.6532], [31.9027, 46.5135, 57.2239], [51.9397, 75.1584, 93.581], [31.59, 45.0876, 55.2315], [16.0332, 23.5965, 29.0475]]","[[73.0889, 101.7985, 124.6731], [47.7035, 68.3552, 82.1496], [77.7122, 108.9384, 133.6649], [45.9348, 65.8699, 80.5671], [25.257, 35.7401, 43.4137]]","[[0.0091, 0.0328, 0.0188], [-0.001, 0.0014, 0.0073], [-0.1822, -0.0447, -0.0351], [-0.0074, -0.0157, -0.0111], [-0.0026, -0.0095, -0.0213]]",GPU,KEEP,
20260912_055820_loop_tfm_vwap_amt_gap_10,2026-09-12T05:58:20,loop,tfm,btc_1min_2y_2024-09-03_2026-09-03,822935ae5e8f,8587,vwap_amt_gap_10,6,"{""fold1_2025-01-07"": [1, 1, 1], ""fold2_2025-05-30"": [1, 1, 1], ""fold3_2025-10-19"": [1, 1, 1], ""fold4_2026-03-11"": [1, 1, 1], ""fold5_2026-08-01"": [1, 1, 1]}",S_m,-0.018957560151200425,0.26666666666666666,-0.07356512128005477,-0.10810150935316454,"[[73.2746, 102.095, 125.0521], [47.7156, 68.4486, 82.2654], [78.8651, 109.5574, 134.1824], [45.9883, 66.026, 80.7314], [25.2889, 35.8063, 43.5287]]","[[51.1725, 72.7197, 90.6544], [31.9034, 46.5297, 57.3006], [52.0521, 75.1471, 93.5223], [31.5921, 45.0847, 55.2226], [16.0334, 23.6034, 29.0692]]","[[73.0889, 101.7985, 124.6731], [47.7035, 68.3552, 82.1496], [77.7122, 108.9384, 133.6649], [45.9348, 65.8699, 80.5671], [25.257, 35.7401, 43.4137]]","[[-0.019, -0.0335, -0.0022], [-0.0012, -0.0209, -0.0796], [-0.1081, -0.0483, 0.0622], [0.0263, 0.0643, 0.081], [-0.0003, -0.0259, -0.0645]]",GPU,KEEP,
20260912_055820_loop_tfm_ret_1,2026-09-12T05:58:20,loop,tfm,btc_1min_2y_2024-09-03_2026-09-03,822935ae5e8f,8587,ret_1,7,"{""fold1_2025-01-07"": [1, 1, 1], ""fold2_2025-05-30"": [1, 1, 1], ""fold3_2025-10-19"": [1, 1, 1], ""fold4_2026-03-11"": [1, 1, 1], ""fold5_2026-08-01"": [1, 1, 1]}",S_m,0.012081524664775412,0.5333333333333333,-0.7551693238340861,-2.5006285692094288,"[[73.2549, 102.0826, 125.0173], [47.7867, 68.4399, 82.2051], [79.1045, 110.7145, 137.5378], [45.9709, 65.9985, 80.713], [25.3011, 35.8342, 43.5774]]","[[51.1545, 72.726, 90.6211], [31.9325, 46.5252, 57.2805], [52.0721, 75.6875, 95.6661], [31.5775, 45.0738, 55.2298], [16.039, 23.6156, 29.1035]]","[[73.0889, 101.7985, 124.6731], [47.7035, 68.3552, 82.1496], [77.7122, 108.9384, 133.6649], [45.9348, 65.8699, 80.5671], [25.257, 35.7401, 43.4137]]","[[0.0269, 0.0121, 0.0278], [-0.1489, 0.0127, 0.0732], [-0.3037, -1.0562, -2.5006], [0.0378, 0.0417, 0.0229], [-0.0483, -0.0778, -0.1119]]",GPU,KEEP,
20260912_055820_loop_tfm_ret_2,2026-09-12T05:58:20,loop,tfm,btc_1min_2y_2024-09-03_2026-09-03,822935ae5e8f,8587,ret_2,8,"{""fold1_2025-01-07"": [1, 1, 1], ""fold2_2025-05-30"": [1, 1, 1], ""fold3_2025-10-19"": [1, 1, 1], ""fold4_2026-03-11"": [1, 1, 1], ""fold5_2026-08-01"": [1, 1, 1]}",S_m,-0.024653922898165703,0.2,-0.4187108023643304,-1.7597117584568611,"[[73.2611, 102.0838, 125.0416], [47.8035, 68.4665, 82.2165], [79.0371, 111.4008, 139.9581], [45.9525, 66.0147, 80.688], [25.3307, 35.8646, 43.5969]]","[[51.1623, 72.7265, 90.6298], [31.9848, 46.5686, 57.329], [52.0387, 75.9748, 96.8], [31.5689, 45.1136, 55.226], [16.0592, 23.6172, 29.1167]]","[[73.0889, 101.7985, 124.6731], [47.7035, 68.3552, 82.1496], [77.7122, 108.9384, 133.6649], [45.9348, 65.8699, 80.5671], [25.257, 35.7401, 43.4137]]","[[-0.0085, -0.0011, -0.0194], [-0.0352, -0.0389, -0.0139], [0.0852, -0.6199, -1.7597], [0.04, -0.0247, 0.031], [-0.117, -0.0848, -0.0447]]",GPU,KEEP,
20260912_055820_loop_tfm_ret_3,2026-09-12T05:58:20,loop,tfm,btc_1min_2y_2024-09-03_2026-09-03,822935ae5e8f,8587,ret_3,9,"{""fold1_2025-01-07"": [1, 1, 1], ""fold2_2025-05-30"": [1, 1, 1], ""fold3_2025-10-19"": [1, 1, 1], ""fold4_2026-03-11"": [1, 1, 1], ""fold5_2026-08-01"": [1, 1, 1]}",S_m,-0.07335967177179992,0.2,-2.467604778070571,-3.645682254282856,"[[73.2667, 102.0917, 125.0221], [47.8433, 68.5167, 82.2884], [80.246, 115.4621, 144.287], [46.0205, 66.0672, 80.6881], [25.3353, 35.8603, 43.5968]]","[[51.1745, 72.7277, 90.6326], [32.0508, 46.5978, 57.3913], [53.0947, 79.0779, 100.1816], [31.6271, 45.1424, 55.2273], [16.0591, 23.6132, 29.1166]]","[[73.0889, 101.7985, 124.6731], [47.7035, 68.3552, 82.1496], [77.7122, 108.9384, 133.6649], [45.9348, 65.8699, 80.5671], [25.257, 35.7401, 43.4137]]","[[-0.0076, -0.0077, 0.0156], [-0.0834, -0.0734, -0.0875], [-1.5295, -3.6457, -3.093], [-0.1479, -0.0795, -0.0002], [-0.0179, 0.0119, 0.0002]]",GPU,KEEP,
20260912_055820_loop_tfm_ret_4,2026-09-12T05:58:20,loop,tfm,btc_1min_2y_2024-09-03_2026-09-03,822935ae5e8f,8587,ret_4,10,"{""fold1_2025-01-07"": [1, 1, 1], ""fold2_2025-05-30"": [1, 1, 1], ""fold3_2025-10-19"": [1, 1, 1], ""fold4_2026-03-11"": [1, 1, 1], ""fold5_2026-08-01"": [1, 1, 1]}",S_m,-0.00752822905862871,0.4,-1.5650627840268116,-2.386240743168022,"[[73.2954, 102.0577, 124.9531], [47.8469, 68.5254, 82.2868], [82.1608, 117.426, 146.2513], [46.0205, 66.1221, 80.6806], [25.3352, 35.8702, 43.5755]]","[[51.1958, 72.7187, 90.6004], [32.0569, 46.6136, 57.3924], [54.8756, 80.7156, 101.6375], [31.6268, 45.1767, 55.2255], [16.059, 23.624, 29.0949]]","[[73.0889, 101.7985, 124.6731], [47.7035, 68.3552, 82.1496], [77.7122, 108.9384, 133.6649], [45.9348, 65.8699, 80.5671], [25.257, 35.7401, 43.4137]]","[[-0.0392, 0.0332, 0.0552], [-0.0075, -0.0126, 0.002], [-2.3862, -1.7008, -1.3614], [-0.0, -0.083, 0.0093], [0.0003, -0.0275, 0.0489]]",GPU,KEEP,
20260912_055820_loop_tfm_ret_5,2026-09-12T05:58:20,loop,tfm,btc_1min_2y_2024-09-03_2026-09-03,822935ae5e8f,8587,ret_5,11,"{""fold1_2025-01-07"": [1, 1, 1], ""fold2_2025-05-30"": [1, 1, 1], ""fold3_2025-10-19"": [1, 1, 1], ""fold4_2026-03-11"": [1, 1, 1], ""fold5_2026-08-01"": [1, 1, 1]}",S_m,-0.008549456269602018,0.3333333333333333,-0.34278349728187324,-0.9720745222733473,"[[73.2418, 101.9371, 124.8365], [47.848, 68.5313, 82.2947], [82.3096, 118.5674, 146.9104], [46.0955, 66.1237, 80.6731], [25.3403, 35.8666, 43.5993]]","[[51.2215, 72.6693, 90.5503], [32.0622, 46.6172, 57.4012], [54.9647, 81.4093, 101.9138], [31.6922, 45.1774, 55.2132], [16.0635, 23.6196, 29.1239]]","[[73.0889, 101.7985, 124.6731], [47.7035, 68.3552, 82.1496], [77.7122, 108.9384, 133.6649], [45.9348, 65.8699, 80.5671], [25.257, 35.7401, 43.4137]]","[[0.0732, 0.1182, 0.0933], [-0.0024, -0.0085, -0.0097], [-0.181, -0.9721, -0.4506], [-0.1629, -0.0025, 0.0092], [-0.0204, 0.0098, -0.0548]]",GPU,KEEP,
20260912_055820_loop_tfm_ret_8,2026-09-12T05:58:20,loop,tfm,btc_1min_2y_2024-09-03_2026-09-03,822935ae5e8f,8587,ret_8,12,"{""fold1_2025-01-07"": [1, 1, 1], ""fold2_2025-05-30"": [1, 1, 1], ""fold3_2025-10-19"": [1, 1, 1], ""fold4_2026-03-11"": [1, 1, 1], ""fold5_2026-08-01"": [1, 1, 1]}",S_m,-0.020669175862542133,0.2,-0.14756433438226413,-0.18602609413971294,"[[73.2547, 101.9386, 124.8439], [47.8424, 68.5406, 82.3578], [82.3413, 118.5178, 146.8951], [46.1554, 66.2467, 80.8016], [25.362, 35.874, 43.6455]]","[[51.2406, 72.6663, 90.5391], [32.0588, 46.6201, 57.4514], [55.0307, 81.3753, 101.9023], [31.7083, 45.1993, 55.2777], [16.0955, 23.6287, 29.1625]]","[[73.0889, 101.7985, 124.6731], [47.7035, 68.3552, 82.1496], [77.7122, 108.9384, 133.6649], [45.9348, 65.8699, 80.5671], [25.257, 35.7401, 43.4137]]","[[-0.0177, -0.0015, -0.0059], [0.0117, -0.0136, -0.0766], [-0.0385, 0.0418, 0.0104], [-0.13, -0.186, -0.1593], [-0.0855, -0.0207, -0.1058]]",GPU,KEEP,
20260912_055820_loop_tfm_ret_10,2026-09-12T05:58:20,loop,tfm,btc_1min_2y_2024-09-03_2026-09-03,822935ae5e8f,8587,ret_10,13,"{""fold1_2025-01-07"": [1, 1, 1], ""fold2_2025-05-30"": [1, 1, 1], ""fold3_2025-10-19"": [1, 1, 1], ""fold4_2026-03-11"": [1, 1, 1], ""fold5_2026-08-01"": [1, 1, 1]}",S_m,-0.031384116731381084,0.3333333333333333,-0.11490649320121005,-0.16572146917028796,"[[73.2723, 101.9799, 124.9155], [47.8796, 68.5643, 82.3836], [82.337, 118.5147, 147.0012], [46.1336, 66.2276, 80.7987], [25.404, 35.9241, 43.6573]]","[[51.2413, 72.6731, 90.5678], [32.102, 46.6601, 57.479], [55.0287, 81.3785, 101.968], [31.6965, 45.1928, 55.2783], [16.1192, 23.6694, 29.1609]]","[[73.0889, 101.7985, 124.6731], [47.7035, 68.3552, 82.1496], [77.7122, 108.9384, 133.6649], [45.9348, 65.8699, 80.5671], [25.257, 35.7401, 43.4137]]","[[-0.024, -0.0405, -0.0574], [-0.0778, -0.0346, -0.0314], [0.0052, 0.0027, -0.0722], [0.0472, 0.0289, 0.0036], [-0.1657, -0.1397, -0.0271]]",GPU,KEEP,
20260912_055821_loop_tfm_ret_15,2026-09-12T05:58:21,loop,tfm,btc_1min_2y_2024-09-03_2026-09-03,822935ae5e8f,8587,ret_15,14,"{""fold1_2025-01-07"": [1, 1, 1], ""fold2_2025-05-30"": [1, 1, 1], ""fold3_2025-10-19"": [1, 1, 1], ""fold4_2026-03-11"": [1, 1, 1], ""fold5_2026-08-01"": [1, 1, 1]}",S_m,-0.05773530423764939,0.2,-0.21713458570780997,-0.2501485825100458,"[[73.2986, 102.0232, 124.9472], [47.8881, 68.6111, 82.4745], [82.2642, 118.4458, 146.8861], [46.1603, 66.3121, 80.9798], [25.4248, 35.9984, 43.7665]]","[[51.2403, 72.6711, 90.5602], [32.1204, 46.6944, 57.5607], [54.9575, 81.3164, 102.0087], [31.7135, 45.2359, 55.4185], [16.1442, 23.7396, 29.2312]]","[[73.0889, 101.7985, 124.6731], [47.7035, 68.3552, 82.1496], [77.7122, 108.9384, 133.6649], [45.9348, 65.8699, 80.5671], [25.257, 35.7401, 43.4137]]","[[-0.0359, -0.0425, -0.0254], [-0.0177, -0.0682, -0.1103], [0.0883, 0.0581, 0.0782], [-0.0577, -0.1276, -0.2241], [-0.0818, -0.2067, -0.2501]]",GPU,KEEP,
20260912_055821_loop_tfm_log_rv2_rv60,2026-09-12T05:58:21,loop,tfm,btc_1min_2y_2024-09-03_2026-09-03,822935ae5e8f,8587,log_rv2_rv60,15,"{""fold1_2025-01-07"": [1, 1, 1], ""fold2_2025-05-30"": [1, 1, 1], ""fold3_2025-10-19"": [1, 1, 1], ""fold4_2026-03-11"": [1, 1, 1], ""fold5_2026-08-01"": [1, 1, 1]}",S_m,-0.010775332192669573,0.3333333333333333,-0.11922664294591989,-0.1269320046308975,"[[73.2922, 102.0302, 124.9714], [47.9028, 68.6858, 82.5792], [82.2587, 118.4859, 147.0714], [46.1594, 66.3288, 80.9839], [25.4275, 35.9956, 43.7611]]","[[51.2378, 72.6766, 90.5815], [32.1679, 46.8362, 57.7322], [54.9548, 81.3622, 102.1996], [31.7171, 45.2939, 55.4337], [16.1429, 23.7414, 29.2299]]","[[73.0889, 101.7985, 124.6731], [47.7035, 68.3552, 82.1496], [77.7122, 108.9384, 133.6649], [45.9348, 65.8699, 80.5671], [25.257, 35.7401, 43.4137]]","[[0.0087, -0.0069, -0.0193], [-0.0307, -0.1089, -0.1269], [0.0067, -0.0339, -0.1261], [0.0018, -0.0252, -0.0051], [-0.0108, 0.0077, 0.0123]]",GPU,KEEP,
20260912_055821_loop_tfm_log_rv3_rv60,2026-09-12T05:58:21,loop,tfm,btc_1min_2y_2024-09-03_2026-09-03,822935ae5e8f,8587,log_rv3_rv60,16,"{""fold1_2025-01-07"": [1, 1, 1], ""fold2_2025-05-30"": [1, 1, 1], ""fold3_2025-10-19"": [1, 1, 1], ""fold4_2026-03-11"": [1, 1, 1], ""fold5_2026-08-01"": [1, 1, 1]}",S_m,-0.008872245955937608,0.3333333333333333,-0.14307876605411884,-0.15911623134865494,"[[73.2897, 102.0393, 124.9904], [47.9433, 68.7052, 82.5825], [82.3584, 118.6744, 147.3033], [46.1603, 66.3282, 80.9625], [25.4301, 35.9938, 43.7572]]","[[51.236, 72.6838, 90.5966], [32.2347, 46.8517, 57.7345], [55.0489, 81.5652, 102.4666], [31.7196, 45.2973, 55.4093], [16.1644, 23.739, 29.2261]]","[[73.0889, 101.7985, 124.6731], [47.7035, 68.3552, 82.1496], [77.7122, 108.9384, 133.6649], [45.9348, 65.8699, 80.5671], [25.257, 35.7401, 43.4137]]","[[0.0034, -0.0089, -0.0152], [-0.0845, -0.0283, -0.004], [-0.1211, -0.1591, -0.1577], [-0.0019, 0.0009, 0.0264], [-0.0099, 0.0052, 0.0089]]",GPU,KEEP,
20260912_055821_loop_tfm_log_rv4_rv60,2026-09-12T05:58:21,loop,tfm,btc_1min_2y_2024-09-03_2026-09-03,822935ae5e8f,8587,log_rv4_rv60,17,"{""fold1_2025-01-07"": [1, 1, 1], ""fold2_2025-05-30"": [1, 1, 1], ""fold3_2025-10-19"": [1, 1, 1], ""fold4_2026-03-11"": [1, 1, 1], ""fold5_2026-08-01"": [1, 1, 1]}",S_m,-0.010275865915621019,0.4,-0.05179072336932933,-0.054129486406018223,"[[73.2973, 102.0638, 125.0372], [47.9585, 68.6998, 82.5807], [82.4003, 118.7366, 147.3831], [46.1659, 66.3152, 80.9638], [25.4293, 35.9914, 43.757]]","[[51.2429, 72.6972, 90.6398], [32.2578, 46.8511, 57.7705], [55.0941, 81.6019, 102.4971], [31.716, 45.2927, 55.4094], [16.1636, 23.7359, 29.226]]","[[73.0889, 101.7985, 124.6731], [47.7035, 68.3552, 82.1496], [77.7122, 108.9384, 133.6649], [45.9348, 65.8699, 80.5671], [25.257, 35.7401, 43.4137]]","[[-0.0103, -0.024, -0.0374], [-0.0316, 0.0079, 0.0023], [-0.0509, -0.0524, -0.0541], [-0.0121, 0.0196, -0.0016], [0.0031, 0.0067, 0.0005]]",GPU,KEEP,
20260912_055821_loop_tfm_log_rv5_rv60,2026-09-12T05:58:21,loop,tfm,btc_1min_2y_2024-09-03_2026-09-03,822935ae5e8f,8587,log_rv5_rv60,18,"{""fold1_2025-01-07"": [1, 1, 1], ""fold2_2025-05-30"": [1, 1, 1], ""fold3_2025-10-19"": [1, 1, 1], ""fold4_2026-03-11"": [1, 1, 1], ""fold5_2026-08-01"": [1, 1, 1]}",S_m,0.0009940486653814418,0.6,-0.03539747771244439,-0.07146222516538625,"[[73.2968, 102.0666, 125.035], [47.958, 68.7328, 82.6397], [82.4032, 118.7428, 147.4072], [46.1581, 66.3087, 80.9556], [25.428, 35.9908, 43.7565]]","[[51.2428, 72.6985, 90.6374], [32.2571, 46.9227, 57.8736], [55.0937, 81.6025, 102.4848], [31.7126, 45.2922, 55.4072], [16.163, 23.7364, 29.2262]]","[[73.0889, 101.7985, 124.6731], [47.7035, 68.3552, 82.1496], [77.7122, 108.9384, 133.6649], [45.9348, 65.8699, 80.5671], [25.257, 35.7401, 43.4137]]","[[0.0006, -0.0028, 0.0017], [0.001, -0.0481, -0.0715], [-0.0035, -0.0053, -0.0164], [0.017, 0.0098, 0.0102], [0.005, 0.0014, 0.0012]]",GPU,KEEP,
20260912_055821_loop_tfm_log_rv8_rv60,2026-09-12T05:58:21,loop,tfm,btc_1min_2y_2024-09-03_2026-09-03,822935ae5e8f,8587,log_rv8_rv60,19,"{""fold1_2025-01-07"": [1, 1, 1], ""fold2_2025-05-30"": [1, 1, 1], ""fold3_2025-10-19"": [1, 1, 1], ""fold4_2026-03-11"": [1, 1, 1], ""fold5_2026-08-01"": [1, 1, 1]}",S_m,1.1943756295096364e-05,0.5333333333333333,-0.05670025902023035,-0.07759822169175479,"[[73.2968, 102.0692, 125.0345], [47.9952, 68.7768, 82.6776], [82.4069, 118.7465, 147.4109], [46.1481, 66.3048, 80.9539], [25.428, 35.9902, 43.754]]","[[51.2426, 72.7008, 90.6372], [32.3338, 46.9688, 57.9354], [55.1105, 81.6188, 102.5157], [31.7109, 45.2917, 55.4055], [16.163, 23.7341, 29.2212]]","[[73.0889, 101.7985, 124.6731], [47.7035, 68.3552, 82.1496], [77.7122, 108.9384, 133.6649], [45.9348, 65.8699, 80.5671], [25.257, 35.7401, 43.4137]]","[[0.0, -0.0025, 0.0004], [-0.0776, -0.0639, -0.0458], [-0.0044, -0.0031, -0.0025], [0.0216, 0.006, 0.0021], [0.0, 0.0018, 0.0057]]",GPU,KEEP,
20260912_055821_loop_tfm_log_rv10_rv60,2026-09-12T05:58:21,loop,tfm,btc_1min_2y_2024-09-03_2026-09-03,822935ae5e8f,8587,log_rv10_rv60,20,"{""fold1_2025-01-07"": [1, 1, 1], ""fold2_2025-05-30"": [1, 1, 1], ""fold3_2025-10-19"": [1, 1, 1], ""fold4_2026-03-11"": [1, 1, 1], ""fold5_2026-08-01"": [1, 1, 1]}",S_m,-0.004859545686475286,0.2,-0.04154262355122729,-0.0781881769402748,"[[73.2972, 102.0742, 125.0407], [47.9952, 68.786, 82.7072], [82.4137, 118.752, 147.4028], [46.1518, 66.3348, 81.0172], [25.4256, 35.9915, 43.7541]]","[[51.2429, 72.7058, 90.6427], [32.3327, 46.9848, 57.9305], [55.1177, 81.624, 102.5144], [31.7121, 45.2972, 55.419], [16.17, 23.7378, 29.2357]]","[[73.0889, 101.7985, 124.6731], [47.7035, 68.3552, 82.1496], [77.7122, 108.9384, 133.6649], [45.9348, 65.8699, 80.5671], [25.257, 35.7401, 43.4137]]","[[-0.0005, -0.0049, -0.0049], [0.0001, -0.0134, -0.0358], [-0.0083, -0.0046, 0.0055], [-0.0082, -0.0454, -0.0782], [0.0096, -0.0037, -0.0003]]",GPU,KEEP,
20260912_055821_loop_tfm_log_rv15_rv60,2026-09-12T05:58:21,loop,tfm,btc_1min_2y_2024-09-03_2026-09-03,822935ae5e8f,8587,log_rv15_rv60,21,"{""fold1_2025-01-07"": [1, 1, 1], ""fold2_2025-05-30"": [1, 1, 1], ""fold3_2025-10-19"": [1, 1, 1], ""fold4_2026-03-11"": [1, 1, 1], ""fold5_2026-08-01"": [1, 1, 1]}",S_m,-0.0013756180759161296,0.2,-0.0549220196532163,-0.067516278396762,"[[73.298, 102.0851, 125.051], [47.9957, 68.7825, 82.7013], [82.4148, 118.7521, 147.4479], [46.1792, 66.3796, 81.0563], [25.4258, 35.993, 43.7532]]","[[51.2419, 72.7118, 90.6576], [32.3356, 46.9899, 57.9309], [55.1254, 81.6279, 102.5328], [31.7161, 45.3378, 55.4469], [16.1697, 23.7367, 29.2296]]","[[73.0889, 101.7985, 124.6731], [47.7035, 68.3552, 82.1496], [77.7122, 108.9384, 133.6649], [45.9348, 65.8699, 80.5671], [25.257, 35.7401, 43.4137]]","[[-0.0011, -0.0107, -0.0083], [-0.0012, 0.0051, 0.0071], [-0.0014, -0.0001, -0.0306], [-0.0594, -0.0675, -0.0483], [-0.0011, -0.0041, 0.0019]]",GPU,KEEP,
20260912_055822_loop_tfm_log_c_ema2,2026-09-12T05:58:22,loop,tfm,btc_1min_2y_2024-09-03_2026-09-03,822935ae5e8f,8587,log_c_ema2,22,"{""fold1_2025-01-07"": [1, 1, 1], ""fold2_2025-05-30"": [1, 1, 1], ""fold3_2025-10-19"": [1, 1, 1], ""fold4_2026-03-11"": [1, 1, 1], ""fold5_2026-08-01"": [1, 1, 1]}",S_m,-0.08392691218714887,0.06666666666666667,-0.7524253159957262,-0.9214389002306644,"[[73.3432, 102.2472, 125.1933], [48.036, 68.8289, 82.7231], [83.0873, 119.5324, 148.8066], [46.2021, 66.4434, 81.1575], [25.4217, 36.0173, 43.766]]","[[51.2715, 72.7967, 90.7703], [32.3685, 47.0348, 57.9687], [55.4991, 81.8965, 103.5194], [31.7393, 45.3781, 55.5112], [16.1664, 23.7673, 29.244]]","[[73.0889, 101.7985, 124.6731], [47.7035, 68.3552, 82.1496], [77.7122, 108.9384, 133.6649], [45.9348, 65.8699, 80.5671], [25.257, 35.7401, 43.4137]]","[[-0.0616, -0.1588, -0.1138], [-0.0839, -0.0675, -0.0264], [-0.816, -0.6571, -0.9214], [-0.0494, -0.096, -0.1249], [0.0162, -0.0675, -0.0292]]",GPU,KEEP,
20260912_055822_loop_tfm_log_c_ema3,2026-09-12T05:58:22,loop,tfm,btc_1min_2y_2024-09-03_2026-09-03,822935ae5e8f,8587,log_c_ema3,23,"{""fold1_2025-01-07"": [1, 1, 1], ""fold2_2025-05-30"": [1, 1, 1], ""fold3_2025-10-19"": [1, 1, 1], ""fold4_2026-03-11"": [1, 1, 1], ""fold5_2026-08-01"": [1, 1, 1]}",S_m,-0.0020689630336301335,0.26666666666666666,-0.03379447269288516,-0.04921529361290311,"[[73.3434, 102.2487, 125.2024], [48.0381, 68.8309, 82.7185], [83.089, 119.5549, 148.8717], [46.2023, 66.4428, 81.1566], [25.4208, 36.035, 43.7669]]","[[51.2743, 72.7966, 90.7782], [32.3711, 47.0364, 57.9718], [55.4993, 81.9224, 103.5463], [31.7325, 45.374, 55.5108], [16.1719, 23.7813, 29.2441]]","[[73.0889, 101.7985, 124.6731], [47.7035, 68.3552, 82.1496], [77.7122, 108.9384, 133.6649], [45.9348, 65.8699, 80.5671], [25.257, 35.7401, 43.4137]]","[[-0.0003, -0.0015, -0.0072], [-0.0043, -0.0028, 0.0056], [-0.0021, -0.0188, -0.0438], [-0.0005, 0.0009, 0.0011], [0.0036, -0.0492, -0.0021]]",GPU,KEEP,
20260912_055822_loop_tfm_log_c_ema4,2026-09-12T05:58:22,loop,tfm,btc_1min_2y_2024-09-03_2026-09-03,822935ae5e8f,8587,log_c_ema4,24,"{""fold1_2025-01-07"": [1, 1, 1], ""fold2_2025-05-30"": [1, 1, 1], ""fold3_2025-10-19"": [1, 1, 1], ""fold4_2026-03-11"": [1, 1, 1], ""fold5_2026-08-01"": [1, 1, 1]}",S_m,-0.004970587593389197,0.2,-0.018192169278012926,-0.056139021126155875,"[[73.3444, 102.2603, 125.2201], [48.0348, 68.8309, 82.7122], [83.1022, 119.5593, 148.9006], [46.2037, 66.4446, 81.1607], [25.4351, 36.0409, 43.7692]]","[[51.2766, 72.8011, 90.7952], [32.3672, 47.0361, 57.968], [55.5114, 81.9239, 103.5548], [31.735, 45.376, 55.5115], [16.212, 23.7961, 29.2476]]","[[73.0889, 101.7985, 124.6731], [47.7035, 68.3552, 82.1496], [77.7122, 108.9384, 133.6649], [45.9348, 65.8699, 80.5671], [25.257, 35.7401, 43.4137]]","[[-0.0014, -0.0113, -0.0141], [0.0067, 0.0, 0.0077], [-0.0159, -0.0037, -0.0194], [-0.0031, -0.0027, -0.005], [-0.0561, -0.0164, -0.0053]]",GPU,KEEP,
20260912_055822_loop_tfm_log_c_ema5,2026-09-12T05:58:22,loop,tfm,btc_1min_2y_2024-09-03_2026-09-03,822935ae5e8f,8587,log_c_ema5,25,"{""fold1_2025-01-07"": [1, 1, 1], ""fold2_2025-05-30"": [1, 1, 1], ""fold3_2025-10-19"": [1, 1, 1], ""fold4_2026-03-11"": [1, 1, 1], ""fold5_2026-08-01"": [1, 1, 1]}",S_m,-0.028539801464577685,0.2,-0.15530897027554502,-0.414699417137232,"[[73.3949, 102.4073, 125.4232], [48.0357, 68.8311, 82.7358], [83.4468, 119.6024, 148.8445], [46.2062, 66.4651, 81.2783], [25.4315, 36.0379, 43.7797]]","[[51.3154, 72.8734, 90.8808], [32.372, 47.0392, 57.9865], [55.6603, 81.8638, 103.4624], [31.7373, 45.4067, 55.6185], [16.2132, 23.7954, 29.2532]]","[[73.0889, 101.7985, 124.6731], [47.7035, 68.3552, 82.1496], [77.7122, 108.9384, 133.6649], [45.9348, 65.8699, 80.5671], [25.257, 35.7401, 43.4137]]","[[-0.0688, -0.1438, -0.1622], [-0.0018, -0.0003, -0.0285], [-0.4147, -0.036, 0.0377], [-0.0053, -0.0309, -0.1449], [0.0143, 0.0084, -0.024]]",GPU,KEEP,
20260912_055822_loop_tfm_log_c_ema8,2026-09-12T05:58:22,loop,tfm,btc_1min_2y_2024-09-03_2026-09-03,822935ae5e8f,8587,log_c_ema8,26,"{""fold1_2025-01-07"": [1, 1, 1], ""fold2_2025-05-30"": [1, 1, 1], ""fold3_2025-10-19"": [1, 1, 1], ""fold4_2026-03-11"": [1, 1, 1], ""fold5_2026-08-01"": [1, 1, 1]}",S_m,-0.016184002775099238,0.26666666666666666,-0.19862939156549242,-0.23619811674369107,"[[73.3873, 102.4058, 125.4973], [48.0435, 68.8531, 82.7352], [83.4726, 119.8076, 148.8483], [46.2543, 66.6091, 81.4703], [25.4356, 36.0357, 43.7815]]","[[51.3195, 72.918, 90.9811], [32.3869, 47.0721, 57.9946], [55.6668, 81.9447, 103.4616], [31.7599, 45.476, 55.7418], [16.2233, 23.7897, 29.2563]]","[[73.0889, 101.7985, 124.6731], [47.7035, 68.3552, 82.1496], [77.7122, 108.9384, 133.6649], [45.9348, 65.8699, 80.5671], [25.257, 35.7401, 43.4137]]","[[0.0104, 0.0015, -0.0591], [-0.0162, -0.032, 0.0007], [-0.0308, -0.1716, -0.0026], [-0.1041, -0.2167, -0.2362], [-0.0161, 0.0062, -0.004]]",GPU,KEEP,
20260912_055822_loop_tfm_log_c_ema10,2026-09-12T05:58:22,loop,tfm,btc_1min_2y_2024-09-03_2026-09-03,822935ae5e8f,8587,log_c_ema10,27,"{""fold1_2025-01-07"": [1, 1, 1], ""fold2_2025-05-30"": [1, 1, 1], ""fold3_2025-10-19"": [1, 1, 1], ""fold4_2026-03-11"": [1, 1, 1], ""fold5_2026-08-01"": [1, 1, 1]}",S_m,-0.012816365770973448,0.2,-0.03671457997485028,-0.05458167822465221,"[[73.3973, 102.4154, 125.4965], [48.0496, 68.8907, 82.7527], [83.4783, 119.7482, 148.6809], [46.2695, 66.6236, 81.4888], [25.4455, 36.0364, 43.7823]]","[[51.3287, 72.9228, 90.9811], [32.392, 47.1035, 58.0098], [55.6278, 81.8484, 103.2345], [31.7768, 45.496, 55.7464], [16.2346, 23.791, 29.2773]]","[[73.0889, 101.7985, 124.6731], [47.7035, 68.3552, 82.1496], [77.7122, 108.9384, 133.6649], [45.9348, 65.8699, 80.5671], [25.257, 35.7401, 43.4137]]","[[-0.0137, -0.0094, 0.0007], [-0.0128, -0.0546, -0.0212], [-0.0069, 0.0495, 0.1125], [-0.033, -0.0217, -0.0228], [-0.0392, -0.0021, -0.0019]]",GPU,KEEP,
20260912_055823_loop_tfm_log_c_ema15,2026-09-12T05:58:23,loop,tfm,btc_1min_2y_2024-09-03_2026-09-03,822935ae5e8f,8587,log_c_ema15,28,"{""fold1_2025-01-07"": [1, 1, 1], ""fold2_2025-05-30"": [1, 1, 1], ""fold3_2025-10-19"": [1, 1, 1], ""fold4_2026-03-11"": [1, 1, 1], ""fold5_2026-08-01"": [1, 1, 1]}",S_m,-0.039058244800149744,0.26666666666666666,-1.408894253219839,-2.0157453464948016,"[[73.426, 102.4692, 125.5625], [48.0491, 68.8893, 82.7452], [84.2523, 121.8199, 151.678], [46.2694, 66.6318, 81.5249], [25.4582, 36.0386, 43.7872]]","[[51.3434, 72.9692, 91.0752], [32.3886, 47.1002, 58.0228], [56.1135, 83.3605, 105.2205], [31.7766, 45.502, 55.7749], [16.2385, 23.7889, 29.2747]]","[[73.0889, 101.7985, 124.6731], [47.7035, 68.3552, 82.1496], [77.7122, 108.9384, 133.6649], [45.9348, 65.8699, 80.5671], [25.257, 35.7401, 43.4137]]","[[-0.0391, -0.0525, -0.0526], [0.0012, 0.002, 0.009], [-0.9272, -1.73, -2.0157], [0.0004, -0.0123, -0.0443], [-0.0497, -0.0059, -0.0111]]",GPU,KEEP,
20260912_055823_loop_tfm_log_ema2_ema5,2026-09-12T05:58:23,loop,tfm,btc_1min_2y_2024-09-03_2026-09-03,822935ae5e8f,8587,log_ema2_ema5,29,"{""fold1_2025-01-07"": [1, 1, 1], ""fold2_2025-05-30"": [1, 1, 1], ""fold3_2025-10-19"": [1, 1, 1], ""fold4_2026-03-11"": [1, 1, 1], ""fold5_2026-08-01"": [1, 1, 1]}",S_m,-0.011370770003060748,0.3333333333333333,-0.19445162172057714,-0.6539022151716978,"[[73.4284, 102.4808, 125.6721], [48.0558, 68.9106, 82.7588], [84.8033, 122.1438, 151.3938], [46.268, 66.6148, 81.5536], [25.4537, 36.035, 43.7911]]","[[51.3416, 72.9627, 91.1488], [32.3904, 47.1047, 58.0258], [56.395, 83.4702, 105.1506], [31.7761, 45.4963, 55.7832], [16.2433, 23.7904, 29.2807]]","[[73.0889, 101.7985, 124.6731], [47.7035, 68.3552, 82.1496], [77.7122, 108.9384, 133.6649], [45.9348, 65.8699, 80.5671], [25.257, 35.7401, 43.4137]]","[[-0.0034, -0.0114, -0.0873], [-0.014, -0.0309, -0.0164], [-0.6539, -0.2659, 0.1873], [0.0029, 0.0254, -0.0352], [0.0174, 0.0099, -0.0089]]",GPU,KEEP,
20260912_055823_loop_tfm_log_ema2_ema8,2026-09-12T05:58:23,loop,tfm,btc_1min_2y_2024-09-03_2026-09-03,822935ae5e8f,8587,log_ema2_ema8,30,"{""fold1_2025-01-07"": [1, 1, 1], ""fold2_2025-05-30"": [1, 1, 1], ""fold3_2025-10-19"": [1, 1, 1], ""fold4_2026-03-11"": [1, 1, 1], ""fold5_2026-08-01"": [1, 1, 1]}",S_m,-0.031332163494712795,0.13333333333333333,-0.12420047699184256,-0.6511460406440461,"[[73.4602, 102.5623, 125.8517], [48.0689, 68.9342, 82.7785], [85.3555, 122.2232, 151.5393], [46.2561, 66.6107, 81.5561], [25.4616, 36.0453, 43.8048]]","[[51.3607, 73.0597, 91.2306], [32.4031, 47.0953, 58.0186], [57.2247, 83.9738, 105.0972], [31.7733, 45.4961, 55.7842], [16.2468, 23.7856, 29.2988]]","[[73.0889, 101.7985, 124.6731], [47.7035, 68.3552, 82.1496], [77.7122, 108.9384, 133.6649], [45.9348, 65.8699, 80.5671], [25.257, 35.7401, 43.4137]]","[[-0.0432, -0.0795, -0.1429], [-0.0273, -0.0342, -0.0238], [-0.6511, -0.065, -0.0961], [0.0257, 0.0061, -0.003], [-0.0309, -0.0285, -0.0313]]",GPU,KEEP,
20260912_055823_loop_tfm_log_ema3_ema10,2026-09-12T05:58:23,loop,tfm,btc_1min_2y_2024-09-03_2026-09-03,822935ae5e8f,8587,log_ema3_ema10,31,"{""fold1_2025-01-07"": [1, 1, 1], ""fold2_2025-05-30"": [1, 1, 1], ""fold3_2025-10-19"": [1, 1, 1], ""fold4_2026-03-11"": [1, 1, 1], ""fold5_2026-08-01"": [1, 1, 1]}",S_m,-0.004572489873244656,0.4,-0.057850792406934914,-0.5068508736601585,"[[73.4576, 102.5632, 125.8177], [48.0925, 68.9781, 82.7757], [85.7881, 122.2289, 151.3077], [46.2589, 66.6138, 81.5621], [25.4556, 36.0386, 43.8172]]","[[51.3576, 73.0603, 91.2221], [32.4192, 47.1471, 58.0158], [57.5079, 83.9223, 104.8923], [31.7772, 45.5036, 55.7897], [16.2445, 23.779, 29.3114]]","[[73.0889, 101.7985, 124.6731], [47.7035, 68.3552, 82.1496], [77.7122, 108.9384, 133.6649], [45.9348, 65.8699, 80.5671], [25.257, 35.7401, 43.4137]]","[[0.0035, -0.0008, 0.0271], [-0.0491, -0.0637, 0.0034], [-0.5069, -0.0047, 0.1529], [-0.0059, -0.0046, -0.0073], [0.0236, 0.0185, -0.0284]]",GPU,KEEP,
20260912_055823_loop_tfm_log_ema4_ema10,2026-09-12T05:58:23,loop,tfm,btc_1min_2y_2024-09-03_2026-09-03,822935ae5e8f,8587,log_ema4_ema10,32,"{""fold1_2025-01-07"": [1, 1, 1], ""fold2_2025-05-30"": [1, 1, 1], ""fold3_2025-10-19"": [1, 1, 1], ""fold4_2026-03-11"": [1, 1, 1], ""fold5_2026-08-01"": [1, 1, 1]}",S_m,-0.0017273416822005672,0.4,-0.09571639494502014,-0.21333168704611438,"[[73.4483, 102.5753, 125.8229], [48.0899, 69.0089, 82.9523], [85.6937, 120.8946, 149.6202], [46.2641, 66.6094, 81.5634], [25.4886, 36.054, 43.818]]","[[51.3478, 73.0667, 91.2177], [32.418, 47.1537, 58.0953], [57.4454, 82.8255, 103.8166], [31.7731, 45.5091, 55.7928], [16.2569, 23.778, 29.3111]]","[[73.0889, 101.7985, 124.6731], [47.7035, 68.3552, 82.1496], [77.7122, 108.9384, 133.6649], [45.9348, 65.8699, 80.5671], [25.257, 35.7401, 43.4137]]","[[0.0126, -0.0118, -0.0042], [0.0054, -0.0447, -0.2133], [0.11, 1.0917, 1.1153], [-0.0114, 0.0066, -0.0017], [-0.1297, -0.0427, -0.0017]]",GPU,KEEP,
20260912_055823_loop_tfm_log_ema5_ema15,2026-09-12T05:58:23,loop,tfm,btc_1min_2y_2024-09-03_2026-09-03,822935ae5e8f,8587,log_ema5_ema15,33,"{""fold1_2025-01-07"": [1, 1, 1], ""fold2_2025-05-30"": [1, 1, 1], ""fold3_2025-10-19"": [1, 1, 1], ""fold4_2026-03-11"": [1, 1, 1], ""fold5_2026-08-01"": [1, 1, 1]}",S_m,-0.005223504642093424,0.4,-0.17802263960605913,-0.22177767636908374,"[[73.2662, 102.5135, 125.8056], [48.0928, 69.0523, 83.0584], [85.8748, 121.0191, 149.9521], [46.2665, 66.5682, 81.4906], [25.4896, 36.0397, 43.8272]]","[[51.2786, 73.0137, 91.1721], [32.4533, 47.1856, 58.1353], [57.57, 82.9054, 103.9552], [31.7741, 45.4991, 55.7744], [16.257, 23.773, 29.3133]]","[[73.0889, 101.7985, 124.6731], [47.7035, 68.3552, 82.1496], [77.7122, 108.9384, 133.6649], [45.9348, 65.8699, 80.5671], [25.257, 35.7401, 43.4137]]","[[0.2479, 0.0602, 0.0137], [-0.0059, -0.0628, -0.128], [-0.2114, -0.103, -0.2218], [-0.0052, 0.0618, 0.0893], [-0.0036, 0.0395, -0.0211]]",GPU,KEEP,
20260912_055824_loop_tfm_rsi1_centered,2026-09-12T05:58:24,loop,tfm,btc_1min_2y_2024-09-03_2026-09-03,822935ae5e8f,8587,rsi1_centered,34,"{""fold1_2025-01-07"": [1, 1, 1], ""fold2_2025-05-30"": [1, 1, 1], ""fold3_2025-10-19"": [1, 1, 1], ""fold4_2026-03-11"": [1, 1, 1], ""fold5_2026-08-01"": [1, 1, 1]}",S_m,-4.130217379216816e-05,0.4666666666666667,-0.05360028238637682,-0.18188061449433413,"[[73.2273, 102.5265, 125.8503], [48.0626, 69.0885, 83.0503], [85.9212, 120.9936, 150.2248], [46.2911, 66.5683, 81.5017], [25.4879, 36.0358, 43.8065]]","[[51.2658, 73.0224, 91.1967], [32.4234, 47.2213, 58.1297], [57.5941, 82.8941, 103.9233], [31.8224, 45.4991, 55.7892], [16.2712, 23.7651, 29.2889]]","[[73.0889, 101.7985, 124.6731], [47.7035, 68.3552, 82.1496], [77.7122, 108.9384, 133.6649], [45.9348, 65.8699, 80.5671], [25.257, 35.7401, 43.4137]]","[[0.0531, -0.0126, -0.0355], [0.0626, -0.0525, 0.0098], [-0.054, 0.0211, -0.1819], [-0.053, -0.0, -0.0136], [0.0065, 0.0108, 0.0474]]",GPU,KEEP,
20260912_055824_loop_tfm_rsi2_centered,2026-09-12T05:58:24,loop,tfm,btc_1min_2y_2024-09-03_2026-09-03,822935ae5e8f,8587,rsi2_centered,35,"{""fold1_2025-01-07"": [1, 1, 1], ""fold2_2025-05-30"": [1, 1, 1], ""fold3_2025-10-19"": [1, 1, 1], ""fold4_2026-03-11"": [1, 1, 1], ""fold5_2026-08-01"": [1, 1, 1]}",S_m,0.020404722904843187,0.6,-0.014211166997881719,-0.02503607399206853,"[[73.2274, 102.5361, 125.8684], [48.0398, 69.0323, 82.9856], [85.9182, 120.9689, 150.1376], [46.2795, 66.5498, 81.4772], [25.4943, 36.0408, 43.8098]]","[[51.2659, 73.0256, 91.2117], [32.4248, 47.1947, 58.1197], [57.6551, 82.8447, 103.7758], [31.7776, 45.4335, 55.649], [16.2763, 23.7706, 29.2911]]","[[73.0889, 101.7985, 124.6731], [47.7035, 68.3552, 82.1496], [77.7122, 108.9384, 133.6649], [45.9348, 65.8699, 80.5671], [25.257, 35.7401, 43.4137]]","[[-0.0001, -0.0093, -0.0144], [0.0475, 0.0814, 0.0778], [0.0035, 0.0204, 0.058], [0.025, 0.0277, 0.0301], [-0.025, -0.0139, -0.0075]]",GPU,KEEP,
20260912_055824_loop_tfm_rsi3_centered,2026-09-12T05:58:24,loop,tfm,btc_1min_2y_2024-09-03_2026-09-03,822935ae5e8f,8587,rsi3_centered,36,"{""fold1_2025-01-07"": [1, 1, 1], ""fold2_2025-05-30"": [1, 1, 1], ""fold3_2025-10-19"": [1, 1, 1], ""fold4_2026-03-11"": [1, 1, 1], ""fold5_2026-08-01"": [1, 1, 1]}",S_m,-0.02585703853721366,0.2,-0.0696115190936375,-0.07338897770017283,"[[73.2595, 102.5817, 125.9608], [48.0561, 69.056, 82.9781], [85.911, 121.0498, 150.2449], [46.2762, 66.5671, 81.4821], [25.4955, 36.0414, 43.8162]]","[[51.2824, 73.0253, 91.2552], [32.4378, 47.2147, 58.115], [57.5488, 82.7618, 103.6643], [31.7674, 45.403, 55.6085], [16.2744, 23.7695, 29.2938]]","[[73.0889, 101.7985, 124.6731], [47.7035, 68.3552, 82.1496], [77.7122, 108.9384, 133.6649], [45.9348, 65.8699, 80.5671], [25.257, 35.7401, 43.4137]]","[[-0.0439, -0.0445, -0.0734], [-0.0338, -0.0344, 0.009], [0.0083, -0.0668, -0.0715], [0.0072, -0.0259, -0.006], [-0.0046, -0.0015, -0.0146]]",GPU,KEEP,
20260912_055824_loop_tfm_rsi4_centered,2026-09-12T05:58:24,loop,tfm,btc_1min_2y_2024-09-03_2026-09-03,822935ae5e8f,8587,rsi4_centered,37,"{""fold1_2025-01-07"": [1, 1, 1], ""fold2_2025-05-30"": [1, 1, 1], ""fold3_2025-10-19"": [1, 1, 1], ""fold4_2026-03-11"": [1, 1, 1], ""fold5_2026-08-01"": [1, 1, 1]}",S_m,-0.0033883119160860176,0.13333333333333333,-0.06748421786986203,-0.10814207504685758,"[[73.2603, 102.5817, 125.9651], [48.0611, 69.077, 83.0066], [85.9114, 121.0671, 150.2456], [46.291, 66.6267, 81.5702], [25.4951, 36.0416, 43.816]]","[[51.2814, 73.0253, 91.2573], [32.427, 47.1896, 58.0678], [57.5492, 82.7609, 103.6645], [31.7869, 45.4921, 55.7379], [16.2737, 23.7709, 29.2966]]","[[73.0889, 101.7985, 124.6731], [47.7035, 68.3552, 82.1496], [77.7122, 108.9384, 133.6649], [45.9348, 65.8699, 80.5671], [25.257, 35.7401, 43.4137]]","[[-0.0011, -0.0, -0.0034], [-0.0106, -0.0304, -0.0343], [-0.0005, -0.0143, -0.0005], [-0.0321, -0.0896, -0.1081], [0.0015, -0.0007, 0.0003]]",GPU,KEEP,
20260912_055825_loop_tfm_rsi5_centered,2026-09-12T05:58:25,loop,tfm,btc_1min_2y_2024-09-03_2026-09-03,822935ae5e8f,8587,rsi5_centered,38,"{""fold1_2025-01-07"": [1, 1, 1], ""fold2_2025-05-30"": [1, 1, 1], ""fold3_2025-10-19"": [1, 1, 1], ""fold4_2026-03-11"": [1, 1, 1], ""fold5_2026-08-01"": [1, 1, 1]}",S_m,-0.015386231262759509,0.06666666666666667,-0.05421711897788395,-0.08994898558496445,"[[73.2643, 102.5943, 125.9845], [48.0625, 69.0994, 83.0377], [85.9137, 121.08, 150.2758], [46.2902, 66.6273, 81.5836], [25.5049, 36.065, 43.8554]]","[[51.2821, 73.035, 91.2658], [32.4318, 47.223, 58.1093], [57.5655, 82.806, 103.7107], [31.7868, 45.4928, 55.762], [16.2875, 23.8178, 29.3508]]","[[73.0889, 101.7985, 124.6731], [47.7035, 68.3552, 82.1496], [77.7122, 108.9384, 133.6649], [45.9348, 65.8699, 80.5671], [25.257, 35.7401, 43.4137]]","[[-0.0055, -0.0123, -0.0154], [-0.0028, -0.0324, -0.0374], [-0.0026, -0.0107, -0.0201], [0.0017, -0.0009, -0.0164], [-0.0385, -0.0647, -0.0899]]",GPU,KEEP,
20260912_055825_loop_tfm_rsi8_centered,2026-09-12T05:58:25,loop,tfm,btc_1min_2y_2024-09-03_2026-09-03,822935ae5e8f,8587,rsi8_centered,39,"{""fold1_2025-01-07"": [1, 1, 1], ""fold2_2025-05-30"": [1, 1, 1], ""fold3_2025-10-19"": [1, 1, 1], ""fold4_2026-03-11"": [1, 1, 1], ""fold5_2026-08-01"": [1, 1, 1]}",S_m,-0.0014231859561286697,0.2,-0.03415141667503896,-0.040573036737012735,"[[73.268, 102.595, 125.9863], [48.0635, 69.0999, 83.0381], [85.9482, 121.1104, 150.3065], [46.2976, 66.6262, 81.6167], [25.5048, 36.0652, 43.8535]]","[[51.2838, 73.0352, 91.2669], [32.4338, 47.2233, 58.1101], [57.5814, 82.8099, 103.7087], [31.7808, 45.4533, 55.728], [16.2879, 23.8251, 29.3719]]","[[73.0889, 101.7985, 124.6731], [47.7035, 68.3552, 82.1496], [77.7122, 108.9384, 133.6649], [45.9348, 65.8699, 80.5671], [25.257, 35.7401, 43.4137]]","[[-0.005, -0.0007, -0.0014], [-0.0021, -0.0008, -0.0005], [-0.0402, -0.0251, -0.0204], [-0.016, 0.0016, -0.0406], [0.0004, -0.0006, 0.0044]]",GPU,KEEP,
20260912_055825_loop_tfm_rsi10_centered,2026-09-12T05:58:25,loop,tfm,btc_1min_2y_2024-09-03_2026-09-03,822935ae5e8f,8587,rsi10_centered,40,"{""fold1_2025-01-07"": [1, 1, 1], ""fold2_2025-05-30"": [1, 1, 1], ""fold3_2025-10-19"": [1, 1, 1], ""fold4_2026-03-11"": [1, 1, 1], ""fold5_2026-08-01"": [1, 1, 1]}",S_m,0.007553480617539243,0.6666666666666666,-0.034251162152316716,-0.05408682156240463,"[[73.2483, 102.5644, 125.9265], [48.0658, 69.0947, 83.0244], [85.8791, 120.9763, 150.0424], [46.312, 66.6504, 81.6608], [25.5048, 36.065, 43.8536]]","[[51.2837, 73.0243, 91.2347], [32.4467, 47.2301, 58.1392], [57.574, 82.6703, 103.4533], [31.7832, 45.4632, 55.7583], [16.2879, 23.8256, 29.3724]]","[[73.0889, 101.7985, 124.6731], [47.7035, 68.3552, 82.1496], [77.7122, 108.9384, 133.6649], [45.9348, 65.8699, 80.5671], [25.257, 35.7401, 43.4137]]","[[0.0268, 0.0297, 0.0474], [-0.0049, 0.0076, 0.0166], [0.0805, 0.1107, 0.1757], [-0.0312, -0.0363, -0.0541], [0.0001, 0.0005, -0.0004]]",GPU,KEEP,
20260912_055825_loop_tfm_rsi15_centered,2026-09-12T05:58:25,loop,tfm,btc_1min_2y_2024-09-03_2026-09-03,822935ae5e8f,8587,rsi15_centered,41,"{""fold1_2025-01-07"": [1, 1, 1], ""fold2_2025-05-30"": [1, 1, 1], ""fold3_2025-10-19"": [1, 1, 1], ""fold4_2026-03-11"": [1, 1, 1], ""fold5_2026-08-01"": [1, 1, 1]}",S_m,0.0044782021743516864,0.6,-0.05729170117058313,-0.09413420530768324,"[[73.2453, 102.5532, 125.9143], [48.0685, 69.102, 83.0313], [85.8195, 120.85, 149.8552], [46.3315, 66.6954, 81.7377], [25.5033, 36.0634, 43.8449]]","[[51.2833, 73.0188, 91.2076], [32.4525, 47.2435, 58.1472], [57.5464, 82.591, 103.4719], [31.8012, 45.5025, 55.8496], [16.2918, 23.8271, 29.3784]]","[[73.0889, 101.7985, 124.6731], [47.7035, 68.3552, 82.1496], [77.7122, 108.9384, 133.6649], [45.9348, 65.8699, 80.5671], [25.257, 35.7401, 43.4137]]","[[0.0041, 0.0109, 0.0098], [-0.0055, -0.0105, -0.0083], [0.0694, 0.1044, 0.1248], [-0.0421, -0.0675, -0.0941], [0.0057, 0.0045, 0.0198]]",GPU,KEEP,
20260912_055825_loop_tfm_bb_pctb_2,2026-09-12T05:58:25,loop,tfm,btc_1min_2y_2024-09-03_2026-09-03,822935ae5e8f,8587,bb_pctb_2,42,"{""fold1_2025-01-07"": [1, 1, 1], ""fold2_2025-05-30"": [1, 1, 1], ""fold3_2025-10-19"": [1, 1, 1], ""fold4_2026-03-11"": [1, 1, 1], ""fold5_2026-08-01"": [1, 1, 1]}",S_m,-0.004215605715085502,0.26666666666666666,-0.24919800160382974,-0.3926559549475739,"[[73.2487, 102.5602, 125.9242], [48.1254, 69.3733, 83.3105], [85.8231, 120.847, 149.8459], [46.3317, 66.6953, 81.7376], [25.5037, 36.0658, 43.8453]]","[[51.2828, 73.0256, 91.2143], [32.5709, 47.6194, 58.5668], [57.5475, 82.5907, 103.4664], [31.8015, 45.5024, 55.8494], [16.2906, 23.8309, 29.38]]","[[73.0889, 101.7985, 124.6731], [47.7035, 68.3552, 82.1496], [77.7122, 108.9384, 133.6649], [45.9348, 65.8699, 80.5671], [25.257, 35.7401, 43.4137]]","[[-0.0047, -0.0068, -0.0079], [-0.1185, -0.3927, -0.3363], [-0.0042, 0.0026, 0.0062], [-0.0003, 0.0001, 0.0002], [-0.0015, -0.0066, -0.0009]]",GPU,KEEP,
20260912_055826_loop_tfm_bb_pctb_3,2026-09-12T05:58:26,loop,tfm,btc_1min_2y_2024-09-03_2026-09-03,822935ae5e8f,8587,bb_pctb_3,43,"{""fold1_2025-01-07"": [1, 1, 1], ""fold2_2025-05-30"": [1, 1, 1], ""fold3_2025-10-19"": [1, 1, 1], ""fold4_2026-03-11"": [1, 1, 1], ""fold5_2026-08-01"": [1, 1, 1]}",S_m,-0.0014325714233320852,0.4,-0.01580634630473643,-0.02791120294969307,"[[73.2692, 102.5734, 125.9162], [48.1278, 69.3746, 83.3253], [85.7081, 120.8004, 149.8483], [46.3, 66.6688, 81.7387], [25.5021, 36.0659, 43.8463]]","[[51.3019, 73.0291, 91.2268], [32.5747, 47.6217, 58.5922], [57.4268, 82.5294, 103.4652], [31.7965, 45.473, 55.8507], [16.2883, 23.8313, 29.3809]]","[[73.0889, 101.7985, 124.6731], [47.7035, 68.3552, 82.1496], [77.7122, 108.9384, 133.6649], [45.9348, 65.8699, 80.5671], [25.257, 35.7401, 43.4137]]","[[-0.0279, -0.0129, 0.0063], [-0.0048, -0.0018, -0.0178], [0.134, 0.0385, -0.0016], [0.0682, 0.0398, -0.0014], [0.0063, -0.0004, -0.0022]]",GPU,KEEP,
20260912_055826_loop_tfm_bb_pctb_4,2026-09-12T05:58:26,loop,tfm,btc_1min_2y_2024-09-03_2026-09-03,822935ae5e8f,8587,bb_pctb_4,44,"{""fold1_2025-01-07"": [1, 1, 1], ""fold2_2025-05-30"": [1, 1, 1], ""fold3_2025-10-19"": [1, 1, 1], ""fold4_2026-03-11"": [1, 1, 1], ""fold5_2026-08-01"": [1, 1, 1]}",S_m,-0.004369867398690275,0.26666666666666666,-0.029083087227887994,-0.03473079983680183,"[[73.2724, 102.5769, 125.9597], [48.13, 69.3568, 83.3027], [85.7123, 120.8239, 149.8586], [46.3161, 66.6669, 81.7558], [25.5024, 36.0668, 43.8437]]","[[51.3009, 73.0299, 91.2459], [32.5773, 47.5994, 58.5637], [57.428, 82.5317, 103.4443], [31.8031, 45.4808, 55.8924], [16.2919, 23.8372, 29.3893]]","[[73.0889, 101.7985, 124.6731], [47.7035, 68.3552, 82.1496], [77.7122, 108.9384, 133.6649], [45.9348, 65.8699, 80.5671], [25.257, 35.7401, 43.4137]]","[[-0.0044, -0.0034, -0.0345], [-0.0047, 0.0256, 0.0272], [-0.0049, -0.0194, -0.0069], [-0.0347, 0.0029, -0.0209], [-0.001, -0.0024, 0.006]]",GPU,KEEP,
20260912_055826_loop_tfm_bb_pctb_5,2026-09-12T05:58:26,loop,tfm,btc_1min_2y_2024-09-03_2026-09-03,822935ae5e8f,8587,bb_pctb_5,45,"{""fold1_2025-01-07"": [1, 1, 1], ""fold2_2025-05-30"": [1, 1, 1], ""fold3_2025-10-19"": [1, 1, 1], ""fold4_2026-03-11"": [1, 1, 1], ""fold5_2026-08-01"": [1, 1, 1]}",S_m,-0.018381075635809374,0.4,-0.07896936348933625,-0.10336273044371236,"[[73.2476, 102.5583, 125.9527], [48.1572, 69.4046, 83.3311], [85.7281, 120.9206, 149.9327], [46.3087, 66.7358, 81.8191], [25.5025, 36.0648, 43.8436]]","[[51.2902, 73.0311, 91.2428], [32.6178, 47.6373, 58.5938], [57.4763, 82.6941, 103.5422], [31.7863, 45.5593, 55.9491], [16.2926, 23.8351, 29.388]]","[[73.0889, 101.7985, 124.6731], [47.7035, 68.3552, 82.1496], [77.7122, 108.9384, 133.6649], [45.9348, 65.8699, 80.5671], [25.257, 35.7401, 43.4137]]","[[0.0338, 0.0181, 0.0056], [-0.0563, -0.069, -0.0341], [-0.0184, -0.0801, -0.0494], [0.016, -0.1034, -0.0773], [-0.0004, 0.0056, 0.0002]]",GPU,KEEP,
20260912_055826_loop_tfm_bb_pctb_8,2026-09-12T05:58:26,loop,tfm,btc_1min_2y_2024-09-03_2026-09-03,822935ae5e8f,8587,bb_pctb_8,46,"{""fold1_2025-01-07"": [1, 1, 1], ""fold2_2025-05-30"": [1, 1, 1], ""fold3_2025-10-19"": [1, 1, 1], ""fold4_2026-03-11"": [1, 1, 1], ""fold5_2026-08-01"": [1, 1, 1]}",S_m,0.009037566573810718,0.6666666666666666,-0.04884995152568461,-0.08207656914220873,"[[73.2623, 102.5543, 125.9303], [48.1967, 69.4451, 83.3439], [85.7578, 120.9083, 149.9141], [46.3033, 66.7259, 81.8139], [25.4888, 36.0517, 43.8396]]","[[51.3029, 73.0309, 91.2334], [32.6326, 47.6545, 58.5983], [57.4857, 82.699, 103.5335], [31.7818, 45.5493, 55.9486], [16.2907, 23.8252, 29.3844]]","[[73.0889, 101.7985, 124.6731], [47.7035, 68.3552, 82.1496], [77.7122, 108.9384, 133.6649], [45.9348, 65.8699, 80.5671], [25.257, 35.7401, 43.4137]]","[[-0.0201, 0.0039, 0.0178], [-0.0821, -0.0583, -0.0154], [-0.0347, 0.0101, 0.0124], [0.0118, 0.0148, 0.0063], [0.0537, 0.0362, 0.009]]",GPU,KEEP,
20260912_055827_loop_tfm_bb_pctb_10,2026-09-12T05:58:27,loop,tfm,btc_1min_2y_2024-09-03_2026-09-03,822935ae5e8f,8587,bb_pctb_10,47,"{""fold1_2025-01-07"": [1, 1, 1], ""fold2_2025-05-30"": [1, 1, 1], ""fold3_2025-10-19"": [1, 1, 1], ""fold4_2026-03-11"": [1, 1, 1], ""fold5_2026-08-01"": [1, 1, 1]}",S_m,-0.02189441710933604,0.26666666666666666,-0.07140240010594212,-0.11954227113939453,"[[73.2607, 102.5767, 125.9645], [48.1972, 69.4324, 83.3371], [85.7996, 121.0529, 150.02], [46.3258, 66.7739, 81.8362], [25.4876, 36.0519, 43.8432]]","[[51.3052, 73.0433, 91.2609], [32.6331, 47.6543, 58.5992], [57.4914, 82.7643, 103.6058], [31.8422, 45.6926, 56.0331], [16.2934, 23.8252, 29.3827]]","[[73.0889, 101.7985, 124.6731], [47.7035, 68.3552, 82.1496], [77.7122, 108.9384, 133.6649], [45.9348, 65.8699, 80.5671], [25.257, 35.7401, 43.4137]]","[[0.0021, -0.0219, -0.0272], [-0.0011, 0.0183, 0.0081], [-0.0487, -0.1195, -0.0706], [-0.0487, -0.0719, -0.0272], [0.0049, -0.0005, -0.0082]]",GPU,KEEP,
20260912_055827_loop_tfm_bb_pctb_15,2026-09-12T05:58:27,loop,tfm,btc_1min_2y_2024-09-03_2026-09-03,822935ae5e8f,8587,bb_pctb_15,48,"{""fold1_2025-01-07"": [1, 1, 1], ""fold2_2025-05-30"": [1, 1, 1], ""fold3_2025-10-19"": [1, 1, 1], ""fold4_2026-03-11"": [1, 1, 1], ""fold5_2026-08-01"": [1, 1, 1]}",S_m,-1.9482470903220417e-05,0.4666666666666667,-0.021247043604937232,-0.02877087119799171,"[[73.261, 102.5829, 126.0007], [48.1972, 69.4302, 83.3529], [85.7946, 121.0738, 149.9967], [46.325, 66.7746, 81.8548], [25.4813, 36.0288, 43.8213]]","[[51.3104, 73.0726, 91.3115], [32.6312, 47.6434, 58.6281], [57.5331, 82.782, 103.6687], [31.8423, 45.6928, 56.0443], [16.2898, 23.8095, 29.3528]]","[[73.0889, 101.7985, 124.6731], [47.7035, 68.3552, 82.1496], [77.7122, 108.9384, 133.6649], [45.9348, 65.8699, 80.5671], [25.257, 35.7401, 43.4137]]","[[-0.0003, -0.006, -0.0288], [-0.0, 0.0031, -0.0189], [0.0059, -0.0173, 0.0156], [0.0019, -0.001, -0.0228], [0.0244, 0.0642, 0.0499]]",GPU,KEEP,
20260912_055827_loop_tfm_bb_logbw_3,2026-09-12T05:58:27,loop,tfm,btc_1min_2y_2024-09-03_2026-09-03,822935ae5e8f,8587,bb_logbw_3,49,"{""fold1_2025-01-07"": [1, 1, 1], ""fold2_2025-05-30"": [1, 1, 1], ""fold3_2025-10-19"": [1, 1, 1], ""fold4_2026-03-11"": [1, 1, 1], ""fold5_2026-08-01"": [1, 1, 1]}",S_m,-0.002365641229240545,0.4666666666666667,-0.06837419623990648,-0.12499861925157063,"[[73.2633, 102.5817, 126.0037], [48.1885, 69.4004, 83.2674], [85.79, 121.0413, 149.9605], [46.3496, 66.825, 81.9571], [25.496, 36.0454, 43.8465]]","[[51.3041, 73.0741, 91.3349], [32.6149, 47.613, 58.5409], [57.5462, 82.7786, 103.6621], [31.8912, 45.8036, 56.302], [16.2916, 23.8114, 29.3561]]","[[73.0889, 101.7985, 124.6731], [47.7035, 68.3552, 82.1496], [77.7122, 108.9384, 133.6649], [45.9348, 65.8699, 80.5671], [25.257, 35.7401, 43.4137]]","[[-0.0032, 0.0012, -0.0024], [0.0181, 0.043, 0.1026], [0.0053, 0.0268, 0.0241], [-0.0532, -0.0756, -0.125], [-0.0574, -0.0463, -0.0576]]",GPU,KEEP,
20260912_055827_loop_tfm_bb_logbw_4,2026-09-12T05:58:27,loop,tfm,btc_1min_2y_2024-09-03_2026-09-03,822935ae5e8f,8587,bb_logbw_4,50,"{""fold1_2025-01-07"": [1, 1, 1], ""fold2_2025-05-30"": [1, 1, 1], ""fold3_2025-10-19"": [1, 1, 1], ""fold4_2026-03-11"": [1, 1, 1], ""fold5_2026-08-01"": [1, 1, 1]}",S_m,-0.0033235620239491226,0.26666666666666666,-0.016465213592811168,-0.019510203945150018,"[[73.2619, 102.5674, 126.0159], [48.1901, 69.4114, 83.2786], [85.7902, 121.0453, 149.9591], [46.3586, 66.8363, 81.9552], [25.4961, 36.0466, 43.8504]]","[[51.3075, 73.0865, 91.3941], [32.618, 47.6451, 58.5595], [57.5471, 82.7713, 103.6596], [31.8937, 45.793, 56.321], [16.2916, 23.8045, 29.3437]]","[[73.0889, 101.7985, 124.6731], [47.7035, 68.3552, 82.1496], [77.7122, 108.9384, 133.6649], [45.9348, 65.8699, 80.5671], [25.257, 35.7401, 43.4137]]","[[0.002, 0.0139, -0.0096], [-0.0034, -0.0159, -0.0134], [-0.0002, -0.0033, 0.0009], [-0.0195, -0.0168, 0.0024], [-0.0006, -0.0032, -0.0089]]",GPU,KEEP,
20260912_055828_loop_tfm_bb_logbw_5,2026-09-12T05:58:28,loop,tfm,btc_1min_2y_2024-09-03_2026-09-03,822935ae5e8f,8587,bb_logbw_5,51,"{""fold1_2025-01-07"": [1, 1, 1], ""fold2_2025-05-30"": [1, 1, 1], ""fold3_2025-10-19"": [1, 1, 1], ""fold4_2026-03-11"": [1, 1, 1], ""fold5_2026-08-01"": [1, 1, 1]}",S_m,-0.012120544167215641,0.26666666666666666,-0.05103914153851363,-0.10734104934280175,"[[73.2689, 102.5825, 126.0424], [48.1899, 69.4196, 83.3108], [85.7839, 120.9981, 149.8947], [46.3734, 66.8444, 81.9558], [25.5007, 36.068, 43.8975]]","[[51.3143, 73.117, 91.4237], [32.6308, 47.657, 58.6025], [57.5236, 82.7143, 103.5738], [31.8992, 45.7922, 56.3234], [16.2905, 23.811, 29.3537]]","[[73.0889, 101.7985, 124.6731], [47.7035, 68.3552, 82.1496], [77.7122, 108.9384, 133.6649], [45.9348, 65.8699, 80.5671], [25.257, 35.7401, 43.4137]]","[[-0.0096, -0.0147, -0.0211], [0.0004, -0.0118, -0.0386], [0.0073, 0.039, 0.043], [-0.0319, -0.0121, -0.0008], [-0.0179, -0.0593, -0.1073]]",GPU,KEEP,
20260912_055828_loop_tfm_bb_logbw_8,2026-09-12T05:58:28,loop,tfm,btc_1min_2y_2024-09-03_2026-09-03,822935ae5e8f,8587,bb_logbw_8,52,"{""fold1_2025-01-07"": [1, 1, 1], ""fold2_2025-05-30"": [1, 1, 1], ""fold3_2025-10-19"": [1, 1, 1], ""fold4_2026-03-11"": [1, 1, 1], ""fold5_2026-08-01"": [1, 1, 1]}",S_m,-0.006153525243091096,0.4,-0.13827014089475398,-0.22048857215422046,"[[73.2689, 102.5782, 126.0366], [48.206, 69.438, 83.3159], [85.7497, 120.9291, 149.8222], [46.4113, 66.962, 82.1366], [25.5029, 36.0711, 43.8952]]","[[51.3202, 73.1165, 91.4118], [32.6608, 47.7123, 58.6531], [57.5096, 82.7226, 103.6162], [31.9548, 45.9561, 56.5719], [16.2905, 23.8104, 29.3538]]","[[73.0889, 101.7985, 124.6731], [47.7035, 68.3552, 82.1496], [77.7122, 108.9384, 133.6649], [45.9348, 65.8699, 80.5671], [25.257, 35.7401, 43.4137]]","[[-0.0001, 0.0042, 0.0046], [-0.0335, -0.0265, -0.0062], [0.0398, 0.057, 0.0483], [-0.0816, -0.176, -0.2205], [-0.0087, -0.0085, 0.0052]]",GPU,KEEP,
20260912_055828_loop_tfm_bb_logbw_10,2026-09-12T05:58:28,loop,tfm,btc_1min_2y_2024-09-03_2026-09-03,822935ae5e8f,8587,bb_logbw_10,53,"{""fold1_2025-01-07"": [1, 1, 1], ""fold2_2025-05-30"": [1, 1, 1], ""fold3_2025-10-19"": [1, 1, 1], ""fold4_2026-03-11"": [1, 1, 1], ""fold5_2026-08-01"": [1, 1, 1]}",S_m,-0.002788941451981053,0.26666666666666666,-0.060782830827044165,-0.0737766007576024,"[[73.2675, 102.5784, 126.0381], [48.2063, 69.4488, 83.3331], [85.7495, 120.9325, 149.8221], [46.4355, 67.0066, 82.1971], [25.5047, 36.0728, 43.8943]]","[[51.3175, 73.1169, 91.4121], [32.6617, 47.7131, 58.6747], [57.5083, 82.7403, 103.6154], [31.9957, 46.0169, 56.7399], [16.2918, 23.8112, 29.348]]","[[73.0889, 101.7985, 124.6731], [47.7035, 68.3552, 82.1496], [77.7122, 108.9384, 133.6649], [45.9348, 65.8699, 80.5671], [25.257, 35.7401, 43.4137]]","[[0.002, -0.0002, -0.0012], [-0.0005, -0.0156, -0.0206], [0.0003, -0.0028, 0.0001], [-0.0522, -0.0665, -0.0738], [-0.0071, -0.0049, 0.0021]]",GPU,KEEP,
20260912_055828_loop_tfm_bb_logbw_15,2026-09-12T05:58:28,loop,tfm,btc_1min_2y_2024-09-03_2026-09-03,822935ae5e8f,8587,bb_logbw_15,54,"{""fold1_2025-01-07"": [1, 1, 1], ""fold2_2025-05-30"": [1, 1, 1], ""fold3_2025-10-19"": [1, 1, 1], ""fold4_2026-03-11"": [1, 1, 1], ""fold5_2026-08-01"": [1, 1, 1]}",S_m,-0.0165481623080721,0.3333333333333333,-0.07396643957665372,-0.09061836976371751,"[[73.2667, 102.573, 126.0523], [48.2038, 69.4405, 83.3265], [85.7817, 120.9862, 149.8565], [46.4731, 67.0673, 82.2495], [25.5102, 36.0788, 43.8945]]","[[51.3159, 73.12, 91.4577], [32.648, 47.6917, 58.6561], [57.5313, 82.805, 103.6451], [32.0403, 46.0942, 56.7923], [16.3024, 23.8226, 29.3612]]","[[73.0889, 101.7985, 124.6731], [47.7035, 68.3552, 82.1496], [77.7122, 108.9384, 133.6649], [45.9348, 65.8699, 80.5671], [25.257, 35.7401, 43.4137]]","[[0.0011, 0.0052, -0.0112], [0.0052, 0.012, 0.0078], [-0.0375, -0.0444, -0.023], [-0.0808, -0.0906, -0.0637], [-0.0217, -0.0165, -0.0005]]",GPU,KEEP,
20260912_055829_loop_tfm_log_atr1_c,2026-09-12T05:58:29,loop,tfm,btc_1min_2y_2024-09-03_2026-09-03,822935ae5e8f,8587,log_atr1_c,55,"{""fold1_2025-01-07"": [1, 1, 1], ""fold2_2025-05-30"": [1, 1, 1], ""fold3_2025-10-19"": [1, 1, 1], ""fold4_2026-03-11"": [1, 1, 1], ""fold5_2026-08-01"": [1, 1, 1]}",S_m,-0.0034700232332429692,0.4,-0.018870706217803956,-0.045245086662815126,"[[73.2697, 102.5721, 126.0506], [48.1802, 69.3151, 83.2174], [85.7847, 120.9933, 149.8743], [46.4712, 67.0775, 82.2867], [25.5104, 36.0864, 43.8993]]","[[51.3209, 73.1176, 91.4588], [32.6059, 47.5493, 58.487], [57.5378, 82.8159, 103.6641], [32.0318, 46.1164, 56.8613], [16.3027, 23.8388, 29.363]]","[[73.0889, 101.7985, 124.6731], [47.7035, 68.3552, 82.1496], [77.7122, 108.9384, 133.6649], [45.9348, 65.8699, 80.5671], [25.257, 35.7401, 43.4137]]","[[-0.0041, 0.0009, 0.0014], [0.0488, 0.1807, 0.131], [-0.0035, -0.0058, -0.0118], [0.004, -0.0153, -0.0452], [-0.0008, -0.0213, -0.011]]",GPU,KEEP,
20260912_055829_loop_tfm_log_atr2_c,2026-09-12T05:58:29,loop,tfm,btc_1min_2y_2024-09-03_2026-09-03,822935ae5e8f,8587,log_atr2_c,56,"{""fold1_2025-01-07"": [1, 1, 1], ""fold2_2025-05-30"": [1, 1, 1], ""fold3_2025-10-19"": [1, 1, 1], ""fold4_2026-03-11"": [1, 1, 1], ""fold5_2026-08-01"": [1, 1, 1]}",S_m,-0.0015823605984177647,0.3333333333333333,-0.23963613849570461,-0.44580180889197685,"[[73.2709, 102.5658, 126.0399], [48.1854, 69.3151, 83.2219], [85.791, 121.0248, 149.847], [46.5397, 67.2796, 82.6535], [25.5099, 36.0868, 43.8977]]","[[51.3221, 73.107, 91.4511], [32.6288, 47.5458, 58.4659], [57.5425, 82.8342, 103.6486], [32.1241, 46.4368, 57.4153], [16.3013, 23.8381, 29.3627]]","[[73.0889, 101.7985, 124.6731], [47.7035, 68.3552, 82.1496], [77.7122, 108.9384, 133.6649], [45.9348, 65.8699, 80.5671], [25.257, 35.7401, 43.4137]]","[[-0.0016, 0.0061, 0.0084], [-0.0108, -0.0001, -0.0054], [-0.0074, -0.0261, 0.0182], [-0.1473, -0.3012, -0.4458], [0.002, -0.001, 0.0037]]",GPU,KEEP,
20260912_055829_loop_tfm_log_atr3_c,2026-09-12T05:58:29,loop,tfm,btc_1min_2y_2024-09-03_2026-09-03,822935ae5e8f,8587,log_atr3_c,57,"{""fold1_2025-01-07"": [1, 1, 1], ""fold2_2025-05-30"": [1, 1, 1], ""fold3_2025-10-19"": [1, 1, 1], ""fold4_2026-03-11"": [1, 1, 1], ""fold5_2026-08-01"": [1, 1, 1]}",S_m,0.002217881342203576,0.6,-0.11134843509423398,-0.12527039629701697,"[[73.2959, 102.6308, 126.1122], [48.2413, 69.3876, 83.3261], [85.7752, 120.9765, 149.8167], [46.5388, 67.2559, 82.5975], [25.5072, 36.0824, 43.8967]]","[[51.3391, 73.1429, 91.4801], [32.7095, 47.6249, 58.6134], [57.5386, 82.7981, 103.5951], [32.1215, 46.4077, 57.3854], [16.301, 23.8331, 29.3617]]","[[73.0889, 101.7985, 124.6731], [47.7035, 68.3552, 82.1496], [77.7122, 108.9384, 133.6649], [45.9348, 65.8699, 80.5671], [25.257, 35.7401, 43.4137]]","[[-0.0342, -0.0634, -0.0573], [-0.1159, -0.1046, -0.1253], [0.0185, 0.0399, 0.0202], [0.0018, 0.0351, 0.0678], [0.0106, 0.0124, 0.0022]]",GPU,KEEP,
20260912_055830_loop_tfm_log_atr4_c,2026-09-12T05:58:30,loop,tfm,btc_1min_2y_2024-09-03_2026-09-03,822935ae5e8f,8587,log_atr4_c,58,"{""fold1_2025-01-07"": [1, 1, 1], ""fold2_2025-05-30"": [1, 1, 1], ""fold3_2025-10-19"": [1, 1, 1], ""fold4_2026-03-11"": [1, 1, 1], ""fold5_2026-08-01"": [1, 1, 1]}",S_m,0.0027300066129831713,0.6,-0.008323540016665909,-0.019853173462403007,"[[73.2963, 102.6298, 126.1075], [48.2348, 69.3661, 83.2962], [85.78, 120.9791, 149.8207], [46.5376, 67.2693, 82.6058], [25.5025, 36.0683, 43.8707]]","[[51.3386, 73.1431, 91.4857], [32.7012, 47.6219, 58.6054], [57.5399, 82.7994, 103.5951], [32.1392, 46.4541, 57.4065], [16.3053, 23.8384, 29.3511]]","[[73.0889, 101.7985, 124.6731], [47.7035, 68.3552, 82.1496], [77.7122, 108.9384, 133.6649], [45.9348, 65.8699, 80.5671], [25.257, 35.7401, 43.4137]]","[[-0.0005, 0.0011, 0.0037], [0.0135, 0.0309, 0.036], [-0.0057, -0.0022, -0.0027], [0.0027, -0.0199, -0.0101], [0.0183, 0.039, 0.0593]]",GPU,KEEP,
20260912_055830_loop_tfm_log_atr5_c,2026-09-12T05:58:30,loop,tfm,btc_1min_2y_2024-09-03_2026-09-03,822935ae5e8f,8587,log_atr5_c,59,"{""fold1_2025-01-07"": [1, 1, 1], ""fold2_2025-05-30"": [1, 1, 1], ""fold3_2025-10-19"": [1, 1, 1], ""fold4_2026-03-11"": [1, 1, 1], ""fold5_2026-08-01"": [1, 1, 1]}",S_m,0.00028654267012484524,0.5333333333333333,-0.10368926410197597,-0.24248334234810986,"[[73.2961, 102.6276, 126.1054], [48.2357, 69.3773, 83.3434], [85.7804, 120.9716, 149.7991], [46.5612, 67.3601, 82.8061], [25.5024, 36.0679, 43.8632]]","[[51.3384, 73.1418, 91.4822], [32.7024, 47.6318, 58.677], [57.541, 82.786, 103.55], [32.1766, 46.6084, 57.7269], [16.3053, 23.8382, 29.3536]]","[[73.0889, 101.7985, 124.6731], [47.7035, 68.3552, 82.1496], [77.7122, 108.9384, 133.6649], [45.9348, 65.8699, 80.5671], [25.257, 35.7401, 43.4137]]","[[0.0003, 0.0021, 0.0017], [-0.002, -0.016, -0.0567], [-0.0005, 0.0062, 0.0144], [-0.0508, -0.135, -0.2425], [0.0004, 0.001, 0.0172]]",GPU,KEEP,
20260912_055830_loop_tfm_log_atr8_c,2026-09-12T05:58:30,loop,tfm,btc_1min_2y_2024-09-03_2026-09-03,822935ae5e8f,8587,log_atr8_c,60,"{""fold1_2025-01-07"": [1, 1, 1], ""fold2_2025-05-30"": [1, 1, 1], ""fold3_2025-10-19"": [1, 1, 1], ""fold4_2026-03-11"": [1, 1, 1], ""fold5_2026-08-01"": [1, 1, 1]}",S_m,-0.019222820000996954,0.2,-0.137848769766431,-0.21899182424314212,"[[73.2973, 102.6378, 126.1152], [48.2452, 69.3906, 83.356], [85.8528, 121.121, 149.905], [46.6061, 67.4594, 82.9874], [25.4966, 36.053, 43.839]]","[[51.3332, 73.146, 91.48], [32.706, 47.6437, 58.6737], [57.554, 82.8904, 103.6328], [32.2122, 46.7129, 57.9158], [16.3039, 23.8397, 29.3384]]","[[73.0889, 101.7985, 124.6731], [47.7035, 68.3552, 82.1496], [77.7122, 108.9384, 133.6649], [45.9348, 65.8699, 80.5671], [25.257, 35.7401, 43.4137]]","[[-0.0017, -0.0099, -0.0078], [-0.0196, -0.0192, -0.0151], [-0.0844, -0.1235, -0.0707], [-0.0963, -0.1474, -0.219], [0.0229, 0.0414, 0.0552]]",GPU,KEEP,
20260912_055830_loop_tfm_log_atr10_c,2026-09-12T05:58:30,loop,tfm,btc_1min_2y_2024-09-03_2026-09-03,822935ae5e8f,8587,log_atr10_c,61,"{""fold1_2025-01-07"": [1, 1, 1], ""fold2_2025-05-30"": [1, 1, 1], ""fold3_2025-10-19"": [1, 1, 1], ""fold4_2026-03-11"": [1, 1, 1], ""fold5_2026-08-01"": [1, 1, 1]}",S_m,-0.04474182605922472,0.13333333333333333,-0.18250655276431438,-0.22981877541692342,"[[73.2968, 102.6397, 126.1188], [48.294, 69.5158, 83.5475], [85.8912, 121.1525, 149.9223], [46.6413, 67.5448, 83.14], [25.4958, 36.0608, 43.8753]]","[[51.333, 73.1521, 91.488], [32.8047, 47.8521, 58.9685], [57.5628, 82.8712, 103.5743], [32.2682, 46.8744, 58.1871], [16.3159, 23.8595, 29.3793]]","[[73.0889, 101.7985, 124.6731], [47.7035, 68.3552, 82.1496], [77.7122, 108.9384, 133.6649], [45.9348, 65.8699, 80.5671], [25.257, 35.7401, 43.4137]]","[[0.0007, -0.0018, -0.0029], [-0.1011, -0.1805, -0.2298], [-0.0447, -0.0261, -0.0116], [-0.0756, -0.1266, -0.1839], [0.003, -0.0216, -0.0829]]",GPU,KEEP,
20260912_055831_loop_tfm_log_atr15_c,2026-09-12T05:58:31,loop,tfm,btc_1min_2y_2024-09-03_2026-09-03,822935ae5e8f,8587,log_atr15_c,62,"{""fold1_2025-01-07"": [1, 1, 1], ""fold2_2025-05-30"": [1, 1, 1], ""fold3_2025-10-19"": [1, 1, 1], ""fold4_2026-03-11"": [1, 1, 1], ""fold5_2026-08-01"": [1, 1, 1]}",S_m,0.0019643258876600456,0.5333333333333333,-0.04514137847649646,-0.06807694746782111,"[[73.2938, 102.6377, 126.1199], [48.3008, 69.5296, 83.5686], [85.8889, 121.147, 149.9154], [46.6536, 67.5837, 83.1966], [25.4951, 36.0584, 43.8697]]","[[51.3342, 73.1579, 91.5015], [32.8249, 47.8803, 59.0344], [57.5583, 82.8556, 103.5423], [32.2764, 46.9175, 58.2477], [16.3146, 23.8558, 29.367]]","[[73.0889, 101.7985, 124.6731], [47.7035, 68.3552, 82.1496], [77.7122, 108.9384, 133.6649], [45.9348, 65.8699, 80.5671], [25.257, 35.7401, 43.4137]]","[[0.0041, 0.002, -0.0009], [-0.0142, -0.0198, -0.0253], [0.0027, 0.0046, 0.0046], [-0.0264, -0.0576, -0.0681], [0.003, 0.0065, 0.0129]]",GPU,KEEP,
20260912_055831_loop_tfm_log_atr2_rv2,2026-09-12T05:58:31,loop,tfm,btc_1min_2y_2024-09-03_2026-09-03,822935ae5e8f,8587,log_atr2_rv2,63,"{""fold1_2025-01-07"": [1, 1, 1], ""fold2_2025-05-30"": [1, 1, 1], ""fold3_2025-10-19"": [1, 1, 1], ""fold4_2026-03-11"": [1, 1, 1], ""fold5_2026-08-01"": [1, 1, 1]}",S_m,0.003690241507015024,0.6666666666666666,-0.018170383193822914,-0.030309069639078423,"[[73.3108, 102.6688, 126.1333], [48.2948, 69.5127, 83.5599], [85.8128, 120.9213, 149.716], [46.6458, 67.5831, 83.1936], [25.4948, 36.0608, 43.8718]]","[[51.3471, 73.1847, 91.5022], [32.8159, 47.8762, 59.0314], [57.5702, 82.778, 103.4072], [32.2645, 46.9158, 58.2423], [16.3156, 23.8567, 29.364]]","[[73.0889, 101.7985, 124.6731], [47.7035, 68.3552, 82.1496], [77.7122, 108.9384, 133.6649], [45.9348, 65.8699, 80.5671], [25.257, 35.7401, 43.4137]]","[[-0.0232, -0.0303, -0.0106], [0.0124, 0.0243, 0.0105], [0.0886, 0.1863, 0.133], [0.0168, 0.001, 0.0037], [0.0011, -0.0065, -0.0049]]",GPU,KEEP,
20260912_055831_loop_tfm_log_atr3_rv3,2026-09-12T05:58:31,loop,tfm,btc_1min_2y_2024-09-03_2026-09-03,822935ae5e8f,8587,log_atr3_rv3,64,"{""fold1_2025-01-07"": [1, 1, 1], ""fold2_2025-05-30"": [1, 1, 1], ""fold3_2025-10-19"": [1, 1, 1], ""fold4_2026-03-11"": [1, 1, 1], ""fold5_2026-08-01"": [1, 1, 1]}",S_m,-0.00990434380383487,0.26666666666666666,-0.04286125656927986,-0.09285312134927892,"[[73.3139, 102.6597, 126.1443], [48.318, 69.537, 83.6375], [85.7984, 120.9063, 149.7308], [46.6594, 67.5952, 83.2021], [25.498, 36.0638, 43.8708]]","[[51.3488, 73.1706, 91.5102], [32.8594, 47.9072, 59.1555], [57.5669, 82.7794, 103.4198], [32.2687, 46.9574, 58.2562], [16.3144, 23.8558, 29.3642]]","[[73.0889, 101.7985, 124.6731], [47.7035, 68.3552, 82.1496], [77.7122, 108.9384, 133.6649], [45.9348, 65.8699, 80.5671], [25.257, 35.7401, 43.4137]]","[[-0.0043, 0.0088, -0.0088], [-0.0481, -0.0351, -0.0929], [0.0168, 0.0124, -0.0099], [-0.0293, -0.018, -0.0103], [-0.0127, -0.0083, 0.0023]]",GPU,KEEP,
20260912_055832_loop_tfm_log_atr4_rv4,2026-09-12T05:58:32,loop,tfm,btc_1min_2y_2024-09-03_2026-09-03,822935ae5e8f,8587,log_atr4_rv4,65,"{""fold1_2025-01-07"": [1, 1, 1], ""fold2_2025-05-30"": [1, 1, 1], ""fold3_2025-10-19"": [1, 1, 1], ""fold4_2026-03-11"": [1, 1, 1], ""fold5_2026-08-01"": [1, 1, 1]}",S_m,-0.0011862984738542082,0.4,-0.04259289244650244,-0.05897921601816236,"[[73.3091, 102.6577, 126.1553], [48.34, 69.5637, 83.6868], [85.7979, 120.8951, 149.7265], [46.665, 67.6015, 83.2045], [25.4983, 36.0628, 43.8712]]","[[51.3313, 73.1664, 91.5349], [32.8857, 47.9385, 59.2192], [57.574, 82.7779, 103.4183], [32.2892, 46.9694, 58.2559], [16.3144, 23.8564, 29.3642]]","[[73.0889, 101.7985, 124.6731], [47.7035, 68.3552, 82.1496], [77.7122, 108.9384, 133.6649], [45.9348, 65.8699, 80.5671], [25.257, 35.7401, 43.4137]]","[[0.0066, 0.002, -0.0087], [-0.0454, -0.0384, -0.059], [0.0006, 0.0092, 0.0029], [-0.0119, -0.0093, -0.0029], [-0.0012, 0.0026, -0.0008]]",GPU,KEEP,
20260912_055832_loop_tfm_log_atr5_rv5,2026-09-12T05:58:32,loop,tfm,btc_1min_2y_2024-09-03_2026-09-03,822935ae5e8f,8587,log_atr5_rv5,66,"{""fold1_2025-01-07"": [1, 1, 1], ""fold2_2025-05-30"": [1, 1, 1], ""fold3_2025-10-19"": [1, 1, 1], ""fold4_2026-03-11"": [1, 1, 1], ""fold5_2026-08-01"": [1, 1, 1]}",S_m,-0.015800512240948805,0.06666666666666667,-0.047535523505075616,-0.06615189853795833,"[[73.3206, 102.6586, 126.1613], [48.3642, 69.581, 83.6913], [85.8004, 120.9292, 149.7487], [46.6784, 67.6026, 83.202], [25.5045, 36.0785, 43.9002]]","[[51.3395, 73.1666, 91.5418], [32.9181, 47.9569, 59.2311], [57.5645, 82.7668, 103.4533], [32.3031, 46.9713, 58.2565], [16.3171, 23.8559, 29.3625]]","[[73.0889, 101.7985, 124.6731], [47.7035, 68.3552, 82.1496], [77.7122, 108.9384, 133.6649], [45.9348, 65.8699, 80.5671], [25.257, 35.7401, 43.4137]]","[[-0.0158, -0.0009, -0.0047], [-0.0502, -0.0248, -0.0054], [-0.0029, -0.0282, -0.0148], [-0.0286, -0.0017, 0.003], [-0.0244, -0.0436, -0.0662]]",GPU,KEEP,
20260912_055833_loop_tfm_log_atr8_rv8,2026-09-12T05:58:33,loop,tfm,btc_1min_2y_2024-09-03_2026-09-03,822935ae5e8f,8587,log_atr8_rv8,67,"{""fold1_2025-01-07"": [1, 1, 1], ""fold2_2025-05-30"": [1, 1, 1], ""fold3_2025-10-19"": [1, 1, 1], ""fold4_2026-03-11"": [1, 1, 1], ""fold5_2026-08-01"": [1, 1, 1]}",S_m,-0.002359668206719512,0.3333333333333333,-0.02605082654088431,-0.0911572825346374,"[[73.3211, 102.6676, 126.1872], [48.4083, 69.6017, 83.6917], [85.7998, 120.9372, 149.7587], [46.6768, 67.6108, 83.197], [25.5044, 36.0782, 43.9012]]","[[51.3405, 73.1819, 91.5712], [32.9633, 47.974, 59.2309], [57.5602, 82.77, 103.4469], [32.3003, 46.9884, 58.2502], [16.3171, 23.8556, 29.3661]]","[[73.0889, 101.7985, 124.6731], [47.7035, 68.3552, 82.1496], [77.7122, 108.9384, 133.6649], [45.9348, 65.8699, 80.5671], [25.257, 35.7401, 43.4137]]","[[-0.0007, -0.0087, -0.0206], [-0.0912, -0.0297, -0.0004], [0.0006, -0.0067, -0.0066], [0.0034, -0.012, 0.0059], [0.0003, 0.0008, -0.0024]]",GPU,KEEP,
20260912_055833_loop_tfm_log_atr10_rv10,2026-09-12T05:58:33,loop,tfm,btc_1min_2y_2024-09-03_2026-09-03,822935ae5e8f,8587,log_atr10_rv10,68,"{""fold1_2025-01-07"": [1, 1, 1], ""fold2_2025-05-30"": [1, 1, 1], ""fold3_2025-10-19"": [1, 1, 1], ""fold4_2026-03-11"": [1, 1, 1], ""fold5_2026-08-01"": [1, 1, 1]}",S_m,1.1968426938402388e-05,0.5333333333333333,-0.031314972371023764,-0.05046653109455068,"[[73.318, 102.6645, 126.1814], [48.4061, 69.6016, 83.7339], [85.8139, 120.9578, 149.8198], [46.639, 67.5792, 83.1843], [25.5078, 36.0806, 43.9021]]","[[51.3314, 73.1788, 91.5713], [32.9598, 47.9733, 59.2698], [57.5702, 82.7872, 103.4966], [32.2803, 46.9543, 58.242], [16.3213, 23.8545, 29.3704]]","[[73.0889, 101.7985, 124.6731], [47.7035, 68.3552, 82.1496], [77.7122, 108.9384, 133.6649], [45.9348, 65.8699, 80.5671], [25.257, 35.7401, 43.4137]]","[[0.0043, 0.003, 0.0046], [0.0046, 0.0, -0.0505], [-0.0164, -0.017, -0.0408], [0.081, 0.0467, 0.0153], [-0.0132, -0.0067, -0.0019]]",GPU,KEEP,
20260912_055833_loop_tfm_log_atr15_rv15,2026-09-12T05:58:33,loop,tfm,btc_1min_2y_2024-09-03_2026-09-03,822935ae5e8f,8587,log_atr15_rv15,69,"{""fold1_2025-01-07"": [1, 1, 1], ""fold2_2025-05-30"": [1, 1, 1], ""fold3_2025-10-19"": [1, 1, 1], ""fold4_2026-03-11"": [1, 1, 1], ""fold5_2026-08-01"": [1, 1, 1]}",S_m,-0.0014787132797122737,0.4666666666666667,-0.045991989600548955,-0.05389234123809317,"[[73.3465, 102.6697, 126.1846], [48.4322, 69.6369, 83.7444], [85.8047, 120.9573, 149.818], [46.6388, 67.5802, 83.1838], [25.5096, 36.0781, 43.9009]]","[[51.3405, 73.1866, 91.5747], [32.9788, 48.0094, 59.2833], [57.5604, 82.7869, 103.4953], [32.2833, 46.9574, 58.2483], [16.3242, 23.8558, 29.3712]]","[[73.0889, 101.7985, 124.6731], [47.7035, 68.3552, 82.1496], [77.7122, 108.9384, 133.6649], [45.9348, 65.8699, 80.5671], [25.257, 35.7401, 43.4137]]","[[-0.0389, -0.0051, -0.0026], [-0.0539, -0.0507, -0.0125], [0.0107, 0.0005, 0.0012], [0.0003, -0.0015, 0.0006], [-0.0071, 0.0071, 0.0026]]",GPU,KEEP,
20260912_055834_loop_tfm_kcw_2,2026-09-12T05:58:34,loop,tfm,btc_1min_2y_2024-09-03_2026-09-03,822935ae5e8f,8587,kcw_2,70,"{""fold1_2025-01-07"": [1, 1, 1], ""fold2_2025-05-30"": [1, 1, 1], ""fold3_2025-10-19"": [1, 1, 1], ""fold4_2026-03-11"": [1, 1, 1], ""fold5_2026-08-01"": [1, 1, 1]}",S_m,-0.0423909241289433,0.3333333333333333,-0.08620403989682224,-0.11559783389865075,"[[73.3502, 102.6612, 126.1638], [48.4561, 69.7106, 83.8412], [85.6259, 120.5387, 149.8946], [46.638, 67.6089, 83.2213], [25.5191, 36.0952, 43.9259]]","[[51.3434, 73.1806, 91.5717], [32.9927, 48.0527, 59.315], [57.4249, 82.627, 103.5268], [32.2811, 47.018, 58.3069], [16.3298, 23.8626, 29.3857]]","[[73.0889, 101.7985, 124.6731], [47.7035, 68.3552, 82.1496], [77.7122, 108.9384, 133.6649], [45.9348, 65.8699, 80.5671], [25.257, 35.7401, 43.4137]]","[[-0.0051, 0.0082, 0.0165], [-0.0494, -0.1057, -0.1156], [0.2083, 0.3461, -0.0511], [0.0016, -0.0424, -0.0451], [-0.0371, -0.0475, -0.057]]",GPU,KEEP,
20260912_055834_loop_tfm_kcw_3,2026-09-12T05:58:34,loop,tfm,btc_1min_2y_2024-09-03_2026-09-03,822935ae5e8f,8587,kcw_3,71,"{""fold1_2025-01-07"": [1, 1, 1], ""fold2_2025-05-30"": [1, 1, 1], ""fold3_2025-10-19"": [1, 1, 1], ""fold4_2026-03-11"": [1, 1, 1], ""fold5_2026-08-01"": [1, 1, 1]}",S_m,-0.018897584138066748,0.26666666666666666,-0.05145792194246379,-0.08094033850911675,"[[73.3577, 102.6901, 126.1626], [48.4591, 69.7237, 83.8666], [85.6604, 120.2357, 149.7818], [46.6636, 67.6402, 83.2887], [25.5181, 36.1019, 43.9434]]","[[51.3395, 73.2132, 91.5717], [32.9933, 48.0476, 59.2956], [57.4487, 82.5351, 103.4718], [32.337, 47.0831, 58.4211], [16.3364, 23.8766, 29.4079]]","[[73.0889, 101.7985, 124.6731], [47.7035, 68.3552, 82.1496], [77.7122, 108.9384, 133.6649], [45.9348, 65.8699, 80.5671], [25.257, 35.7401, 43.4137]]","[[-0.0102, -0.0282, 0.0009], [-0.006, -0.0189, -0.0303], [-0.0403, 0.2513, 0.0752], [-0.0548, -0.0464, -0.0809], [0.0037, -0.0184, -0.0398]]",GPU,KEEP,
20260912_055834_loop_tfm_kcw_4,2026-09-12T05:58:34,loop,tfm,btc_1min_2y_2024-09-03_2026-09-03,822935ae5e8f,8587,kcw_4,72,"{""fold1_2025-01-07"": [1, 1, 1], ""fold2_2025-05-30"": [1, 1, 1], ""fold3_2025-10-19"": [1, 1, 1], ""fold4_2026-03-11"": [1, 1, 1], ""fold5_2026-08-01"": [1, 1, 1]}",S_m,0.007379372228599745,0.6666666666666666,-0.036299816589870915,-0.04297962573116543,"[[73.3478, 102.7343, 126.1563], [48.4588, 69.6806, 83.8238], [85.4989, 119.9747, 149.812], [46.672, 67.6626, 83.3207], [25.5163, 36.0958, 43.9373]]","[[51.339, 73.2242, 91.5706], [33.0093, 48.0419, 59.2873], [57.4635, 82.3384, 103.4783], [32.3527, 47.1479, 58.4964], [16.3489, 23.8826, 29.4086]]","[[73.0889, 101.7985, 124.6731], [47.7035, 68.3552, 82.1496], [77.7122, 108.9384, 133.6649], [45.9348, 65.8699, 80.5671], [25.257, 35.7401, 43.4137]]","[[0.0135, -0.043, 0.005], [0.0005, 0.0618, 0.051], [0.1886, 0.2171, -0.0201], [-0.0179, -0.033, -0.0385], [0.0074, 0.0169, 0.014]]",GPU,KEEP,
20260912_055835_loop_tfm_kcw_5,2026-09-12T05:58:35,loop,tfm,btc_1min_2y_2024-09-03_2026-09-03,822935ae5e8f,8587,kcw_5,73,"{""fold1_2025-01-07"": [1, 1, 1], ""fold2_2025-05-30"": [1, 1, 1], ""fold3_2025-10-19"": [1, 1, 1], ""fold4_2026-03-11"": [1, 1, 1], ""fold5_2026-08-01"": [1, 1, 1]}",S_m,0.0025605727601241135,0.6,-0.03770364129604964,-0.04071999604531307,"[[73.3466, 102.7412, 126.1531], [48.475, 69.709, 83.8558], [85.5304, 120.0108, 149.487], [46.6684, 67.626, 83.2841], [25.5111, 36.0932, 43.9337]]","[[51.3449, 73.2584, 91.5689], [33.0133, 48.067, 59.3189], [57.4917, 82.5608, 103.4999], [32.3429, 47.0462, 58.4198], [16.3488, 23.8871, 29.4104]]","[[73.0889, 101.7985, 124.6731], [47.7035, 68.3552, 82.1496], [77.7122, 108.9384, 133.6649], [45.9348, 65.8699, 80.5671], [25.257, 35.7401, 43.4137]]","[[0.0017, -0.0068, 0.0026], [-0.0335, -0.0407, -0.0383], [-0.0369, -0.0301, 0.2169], [0.0077, 0.0541, 0.044], [0.0202, 0.007, 0.0081]]",GPU,KEEP,
20260912_055835_loop_tfm_kcw_8,2026-09-12T05:58:35,loop,tfm,btc_1min_2y_2024-09-03_2026-09-03,822935ae5e8f,8587,kcw_8,74,"{""fold1_2025-01-07"": [1, 1, 1], ""fold2_2025-05-30"": [1, 1, 1], ""fold3_2025-10-19"": [1, 1, 1], ""fold4_2026-03-11"": [1, 1, 1], ""fold5_2026-08-01"": [1, 1, 1]}",S_m,0.03084361078324882,0.9333333333333333,0.00251970001681201,-0.0028464316310428117,"[[73.3305, 102.7069, 126.1498], [48.4764, 69.6992, 83.8268], [85.4179, 119.2755, 148.879], [46.654, 67.5878, 83.1906], [25.5095, 36.0923, 43.9323]]","[[51.343, 73.2477, 91.5674], [33.018, 48.0622, 59.3231], [57.5784, 82.0123, 102.9704], [32.3096, 46.969, 58.2146], [16.35, 23.888, 29.4133]]","[[73.0889, 101.7985, 124.6731], [47.7035, 68.3552, 82.1496], [77.7122, 108.9384, 133.6649], [45.9348, 65.8699, 80.5671], [25.257, 35.7401, 43.4137]]","[[0.0221, 0.0334, 0.0026], [-0.0028, 0.014, 0.0346], [0.1316, 0.6127, 0.4067], [0.0308, 0.0565, 0.1122], [0.0062, 0.0025, 0.0033]]",GPU,KEEP,
20260912_055836_loop_tfm_kcw_10,2026-09-12T05:58:36,loop,tfm,btc_1min_2y_2024-09-03_2026-09-03,822935ae5e8f,8587,kcw_10,75,"{""fold1_2025-01-07"": [1, 1, 1], ""fold2_2025-05-30"": [1, 1, 1], ""fold3_2025-10-19"": [1, 1, 1], ""fold4_2026-03-11"": [1, 1, 1], ""fold5_2026-08-01"": [1, 1, 1]}",S_m,0.02128981043767464,0.6666666666666666,-0.01389713703227713,-0.014755974877100897,"[[73.3263, 102.7075, 126.167], [48.4648, 69.6569, 83.7356], [85.3211, 119.2012, 148.691], [46.6609, 67.5973, 83.1937], [25.5041, 36.087, 43.9116]]","[[51.3377, 73.2483, 91.5752], [33.0149, 48.0433, 59.2898], [57.4621, 81.935, 102.8182], [32.2503, 46.8697, 58.1053], [16.3506, 23.8841, 29.3978]]","[[73.0889, 101.7985, 124.6731], [47.7035, 68.3552, 82.1496], [77.7122, 108.9384, 133.6649], [45.9348, 65.8699, 80.5671], [25.257, 35.7401, 43.4137]]","[[0.0056, -0.0006, -0.0136], [0.024, 0.0607, 0.1088], [0.1133, 0.0623, 0.1263], [-0.0148, -0.0141, -0.0038], [0.0213, 0.0148, 0.047]]",GPU,KEEP,
20260912_055836_loop_tfm_kcw_15,2026-09-12T05:58:36,loop,tfm,btc_1min_2y_2024-09-03_2026-09-03,822935ae5e8f,8587,kcw_15,76,"{""fold1_2025-01-07"": [1, 1, 1], ""fold2_2025-05-30"": [1, 1, 1], ""fold3_2025-10-19"": [1, 1, 1], ""fold4_2026-03-11"": [1, 1, 1], ""fold5_2026-08-01"": [1, 1, 1]}",S_m,0.002331420230627934,0.6,-0.038344115234543175,-0.17066077354772613,"[[73.3233, 102.7344, 126.1641], [48.4431, 69.6084, 83.6377], [85.321, 119.2548, 148.9447], [46.6299, 67.5205, 83.0693], [25.5062, 36.0972, 43.9204]]","[[51.3135, 73.2321, 91.5669], [33.0026, 48.0537, 59.2219], [57.4617, 81.9315, 102.7669], [32.1844, 46.7037, 57.8945], [16.3505, 23.8887, 29.389]]","[[73.0889, 101.7985, 124.6731], [47.7035, 68.3552, 82.1496], [77.7122, 108.9384, 133.6649], [45.9348, 65.8699, 80.5671], [25.257, 35.7401, 43.4137]]","[[0.0041, -0.0261, 0.0023], [0.0447, 0.0697, 0.117], [0.0001, -0.045, -0.1707], [0.0664, 0.1135, 0.1496], [-0.0083, -0.0283, -0.0199]]",GPU,KEEP,
20260912_055836_loop_tfm_mfi1_centered,2026-09-12T05:58:36,loop,tfm,btc_1min_2y_2024-09-03_2026-09-03,822935ae5e8f,8587,mfi1_centered,77,"{""fold1_2025-01-07"": [1, 1, 1], ""fold2_2025-05-30"": [1, 1, 1], ""fold3_2025-10-19"": [1, 1, 1], ""fold4_2026-03-11"": [1, 1, 1], ""fold5_2026-08-01"": [1, 1, 1]}",S_m,-0.00019063591949475267,0.4666666666666667,-0.0070610823185601745,-0.043750195576741646,"[[73.3207, 102.7346, 126.1661], [48.4643, 69.6057, 83.6066], [85.3115, 119.2646, 148.9367], [46.6324, 67.5105, 83.0472], [25.5065, 36.098, 43.9222]]","[[51.3161, 73.2326, 91.5598], [33.0325, 48.0508, 59.1922], [57.4651, 81.9316, 102.7738], [32.1879, 46.6953, 57.8794], [16.3511, 23.8898, 29.3941]]","[[73.0889, 101.7985, 124.6731], [47.7035, 68.3552, 82.1496], [77.7122, 108.9384, 133.6649], [45.9348, 65.8699, 80.5671], [25.257, 35.7401, 43.4137]]","[[0.0035, -0.0002, -0.0016], [-0.0438, 0.0038, 0.0372], [0.0112, -0.0082, 0.0054], [-0.0054, 0.0148, 0.0265], [-0.0012, -0.0023, -0.0042]]",GPU,KEEP,
20260912_055837_loop_tfm_mfi2_centered,2026-09-12T05:58:37,loop,tfm,btc_1min_2y_2024-09-03_2026-09-03,822935ae5e8f,8587,mfi2_centered,78,"{""fold1_2025-01-07"": [1, 1, 1], ""fold2_2025-05-30"": [1, 1, 1], ""fold3_2025-10-19"": [1, 1, 1], ""fold4_2026-03-11"": [1, 1, 1], ""fold5_2026-08-01"": [1, 1, 1]}",S_m,0.0016246215491344529,0.6666666666666666,-0.055992995572622384,-0.09541356122089173,"[[73.3203, 102.7341, 126.164], [48.4627, 69.5915, 83.5965], [85.3061, 119.3441, 149.0788], [46.6247, 67.5375, 83.078], [25.5022, 36.1026, 43.9207]]","[[51.3149, 73.2299, 91.5596], [33.024, 48.0187, 59.1884], [57.4768, 82.0445, 102.9507], [32.2025, 46.7471, 57.9067], [16.3446, 23.8927, 29.3958]]","[[73.0889, 101.7985, 124.6731], [47.7035, 68.3552, 82.1496], [77.7122, 108.9384, 133.6649], [45.9348, 65.8699, 80.5671], [25.257, 35.7401, 43.4137]]","[[0.0005, 0.0005, 0.0016], [0.0033, 0.0205, 0.012], [0.0063, -0.0667, -0.0954], [0.0165, -0.04, -0.0371], [0.0168, -0.0127, 0.0035]]",GPU,KEEP,
20260912_055837_loop_tfm_mfi3_centered,2026-09-12T05:58:37,loop,tfm,btc_1min_2y_2024-09-03_2026-09-03,822935ae5e8f,8587,mfi3_centered,79,"{""fold1_2025-01-07"": [1, 1, 1], ""fold2_2025-05-30"": [1, 1, 1], ""fold3_2025-10-19"": [1, 1, 1], ""fold4_2026-03-11"": [1, 1, 1], ""fold5_2026-08-01"": [1, 1, 1]}",S_m,0.002936253874308292,0.6666666666666666,-0.006362007192302066,-0.02519482276575058,"[[73.3207, 102.7306, 126.1638], [48.4613, 69.591, 83.5921], [85.2704, 119.2931, 149.0895], [46.6365, 67.5348, 83.0696], [25.5025, 36.1013, 43.9229]]","[[51.319, 73.2286, 91.5586], [33.024, 48.0188, 59.1944], [57.4302, 82.0013, 102.9569], [32.2207, 46.7432, 57.8996], [16.347, 23.8986, 29.407]]","[[73.0889, 101.7985, 124.6731], [47.7035, 68.3552, 82.1496], [77.7122, 108.9384, 133.6649], [45.9348, 65.8699, 80.5671], [25.257, 35.7401, 43.4137]]","[[-0.0005, 0.0034, 0.0002], [0.0029, 0.0007, 0.0054], [0.0419, 0.0428, -0.0072], [-0.0252, 0.004, 0.0102], [-0.0013, 0.0036, -0.0051]]",GPU,KEEP,
20260912_055838_loop_tfm_mfi4_centered,2026-09-12T05:58:38,loop,tfm,btc_1min_2y_2024-09-03_2026-09-03,822935ae5e8f,8587,mfi4_centered,80,"{""fold1_2025-01-07"": [1, 1, 1], ""fold2_2025-05-30"": [1, 1, 1], ""fold3_2025-10-19"": [1, 1, 1], ""fold4_2026-03-11"": [1, 1, 1], ""fold5_2026-08-01"": [1, 1, 1]}",S_m,-0.0006237141641829425,0.4,-0.03544257920473637,-0.05219102339300008,"[[73.3226, 102.7288, 126.1467], [48.4822, 69.5858, 83.5913], [85.2907, 119.2967, 149.1673], [46.6367, 67.5353, 83.0728], [25.5019, 36.101, 43.9233]]","[[51.321, 73.2313, 91.5415], [33.0347, 48.0185, 59.1962], [57.4482, 82.0024, 103.0772], [32.222, 46.7366, 57.8992], [16.3481, 23.9021, 29.4197]]","[[73.0889, 101.7985, 124.6731], [47.7035, 68.3552, 82.1496], [77.7122, 108.9384, 133.6649], [45.9348, 65.8699, 80.5671], [25.257, 35.7401, 43.4137]]","[[-0.0026, 0.0017, 0.0136], [-0.0432, 0.0074, 0.0009], [-0.0238, -0.003, -0.0522], [-0.0004, -0.0006, -0.0039], [0.0025, 0.0008, -0.0008]]",GPU,KEEP,
20260912_055838_loop_tfm_mfi5_centered,2026-09-12T05:58:38,loop,tfm,btc_1min_2y_2024-09-03_2026-09-03,822935ae5e8f,8587,mfi5_centered,81,"{""fold1_2025-01-07"": [1, 1, 1], ""fold2_2025-05-30"": [1, 1, 1], ""fold3_2025-10-19"": [1, 1, 1], ""fold4_2026-03-11"": [1, 1, 1], ""fold5_2026-08-01"": [1, 1, 1]}",S_m,0.00022360866351878173,0.5333333333333333,-0.041762957780222536,-0.07210804407131732,"[[73.3068, 102.6996, 126.1122], [48.4813, 69.5941, 83.5931], [85.2974, 119.3827, 149.2593], [46.6356, 67.5331, 83.0703], [25.5021, 36.1009, 43.9245]]","[[51.3163, 73.2329, 91.5191], [33.0361, 48.0404, 59.1992], [57.4445, 82.164, 103.1219], [32.2187, 46.7344, 57.8932], [16.3484, 23.9023, 29.4168]]","[[73.0889, 101.7985, 124.6731], [47.7035, 68.3552, 82.1496], [77.7122, 108.9384, 133.6649], [45.9348, 65.8699, 80.5671], [25.257, 35.7401, 43.4137]]","[[0.0215, 0.0285, 0.0273], [0.0019, -0.0119, -0.0021], [-0.0079, -0.0721, -0.0617], [0.0023, 0.0031, 0.0031], [-0.0007, 0.0002, -0.0028]]",GPU,KEEP,
20260912_055838_loop_tfm_mfi8_centered,2026-09-12T05:58:38,loop,tfm,btc_1min_2y_2024-09-03_2026-09-03,822935ae5e8f,8587,mfi8_centered,82,"{""fold1_2025-01-07"": [1, 1, 1], ""fold2_2025-05-30"": [1, 1, 1], ""fold3_2025-10-19"": [1, 1, 1], ""fold4_2026-03-11"": [1, 1, 1], ""fold5_2026-08-01"": [1, 1, 1]}",S_m,-0.006276210136579863,0.06666666666666667,-0.035592573282587914,-0.05633275915508662,"[[73.3007, 102.7139, 126.1833], [48.5011, 69.6056, 83.6021], [85.3014, 119.4158, 149.27], [46.6363, 67.5374, 83.0749], [25.5022, 36.101, 43.9247]]","[[51.3196, 73.2715, 91.5861], [33.0582, 48.0654, 59.2183], [57.4581, 82.2049, 103.1255], [32.2206, 46.7545, 57.8826], [16.3508, 23.9009, 29.4161]]","[[73.0889, 101.7985, 124.6731], [47.7035, 68.3552, 82.1496], [77.7122, 108.9384, 133.6649], [45.9348, 65.8699, 80.5671], [25.257, 35.7401, 43.4137]]","[[0.0083, -0.0139, -0.0563], [-0.0408, -0.0166, -0.0108], [-0.0046, -0.0277, -0.0071], [-0.0015, -0.0063, -0.0055], [-0.0005, -0.0002, -0.0004]]",GPU,KEEP,
20260912_055839_loop_tfm_mfi10_centered,2026-09-12T05:58:39,loop,tfm,btc_1min_2y_2024-09-03_2026-09-03,822935ae5e8f,8587,mfi10_centered,83,"{""fold1_2025-01-07"": [1, 1, 1], ""fold2_2025-05-30"": [1, 1, 1], ""fold3_2025-10-19"": [1, 1, 1], ""fold4_2026-03-11"": [1, 1, 1], ""fold5_2026-08-01"": [1, 1, 1]}",S_m,0.002554941399768307,0.5333333333333333,-0.023841613549491214,-0.02855078981804926,"[[73.3083, 102.7343, 126.2193], [48.5139, 69.6067, 83.5919], [85.2837, 119.3123, 149.1893], [46.6351, 67.5381, 83.0775], [25.4999, 36.0884, 43.9155]]","[[51.3284, 73.2554, 91.608], [33.0812, 48.0675, 59.2048], [57.4516, 82.1292, 103.0848], [32.2254, 46.758, 57.8847], [16.3431, 23.8879, 29.4055]]","[[73.0889, 101.7985, 124.6731], [47.7035, 68.3552, 82.1496], [77.7122, 108.9384, 133.6649], [45.9348, 65.8699, 80.5671], [25.257, 35.7401, 43.4137]]","[[-0.0103, -0.0199, -0.0286], [-0.0264, -0.0016, 0.0122], [0.0207, 0.0867, 0.0541], [0.0026, -0.0011, -0.0032], [0.009, 0.0348, 0.021]]",GPU,KEEP,
20260912_055839_loop_tfm_mfi15_centered,2026-09-12T05:58:39,loop,tfm,btc_1min_2y_2024-09-03_2026-09-03,822935ae5e8f,8587,mfi15_centered,84,"{""fold1_2025-01-07"": [1, 1, 1], ""fold2_2025-05-30"": [1, 1, 1], ""fold3_2025-10-19"": [1, 1, 1], ""fold4_2026-03-11"": [1, 1, 1], ""fold5_2026-08-01"": [1, 1, 1]}",S_m,-0.005099901351468539,0.2,-0.047325584878832316,-0.06472091347091702,"[[73.3298, 102.7953, 126.301], [48.5204, 69.611, 83.5908], [85.2956, 119.2918, 149.2068], [46.6375, 67.5408, 83.0809], [25.5003, 36.089, 43.9147]]","[[51.3559, 73.3171, 91.6795], [33.089, 48.0732, 59.2038], [57.471, 82.0991, 103.0647], [32.2277, 46.7718, 57.8836], [16.3477, 23.8878, 29.4056]]","[[73.0889, 101.7985, 124.6731], [47.7035, 68.3552, 82.1496], [77.7122, 108.9384, 133.6649], [45.9348, 65.8699, 80.5671], [25.257, 35.7401, 43.4137]]","[[-0.0293, -0.0593, -0.0647], [-0.0134, -0.0062, 0.0014], [-0.014, 0.0172, -0.0118], [-0.0051, -0.004, -0.0041], [-0.0015, -0.0015, 0.0017]]",GPU,KEEP,
20260912_055840_loop_tfm_ad_vwclv_1,2026-09-12T05:58:40,loop,tfm,btc_1min_2y_2024-09-03_2026-09-03,822935ae5e8f,8587,ad_vwclv_1,85,"{""fold1_2025-01-07"": [1, 1, 1], ""fold2_2025-05-30"": [1, 1, 1], ""fold3_2025-10-19"": [1, 1, 1], ""fold4_2026-03-11"": [1, 1, 1], ""fold5_2026-08-01"": [1, 1, 1]}",S_m,0.0005111364210552694,0.5333333333333333,-0.07189866271866129,-0.1659457242316975,"[[73.3287, 102.7986, 126.3265], [48.5201, 69.6829, 83.7295], [85.2841, 119.2603, 149.1547], [46.6491, 67.5455, 83.0907], [25.4818, 36.0799, 43.9045]]","[[51.3548, 73.3229, 91.7119], [33.1198, 48.1791, 59.3715], [57.4579, 82.0843, 103.0479], [32.2687, 46.7669, 57.8788], [16.3435, 23.8823, 29.3952]]","[[73.0889, 101.7985, 124.6731], [47.7035, 68.3552, 82.1496], [77.7122, 108.9384, 133.6649], [45.9348, 65.8699, 80.5671], [25.257, 35.7401, 43.4137]]","[[0.0014, -0.0032, -0.0202], [0.0005, -0.1033, -0.1659], [0.0135, 0.0264, 0.0349], [-0.0248, -0.0068, -0.0117], [0.0726, 0.0252, 0.0232]]",GPU,KEEP,
20260912_055840_loop_tfm_ad_vwclv_2,2026-09-12T05:58:40,loop,tfm,btc_1min_2y_2024-09-03_2026-09-03,822935ae5e8f,8587,ad_vwclv_2,86,"{""fold1_2025-01-07"": [1, 1, 1], ""fold2_2025-05-30"": [1, 1, 1], ""fold3_2025-10-19"": [1, 1, 1], ""fold4_2026-03-11"": [1, 1, 1], ""fold5_2026-08-01"": [1, 1, 1]}",S_m,-0.018646265299304687,0.2,-0.12834171469095157,-0.17547136511459893,"[[73.3311, 102.815, 126.3383], [48.5013, 69.6987, 83.7477], [85.2858, 119.2532, 149.1263], [46.7309, 67.6265, 83.202], [25.4868, 36.089, 43.9127]]","[[51.3529, 73.336, 91.7086], [33.0989, 48.2094, 59.394], [57.4649, 82.0745, 103.039], [32.3732, 46.9116, 57.9582], [16.3504, 23.8996, 29.4053]]","[[73.0889, 101.7985, 124.6731], [47.7035, 68.3552, 82.1496], [77.7122, 108.9384, 133.6649], [45.9348, 65.8699, 80.5671], [25.257, 35.7401, 43.4137]]","[[-0.0032, -0.016, -0.0093], [0.0388, -0.0227, -0.0217], [-0.002, 0.006, 0.019], [-0.1755, -0.1199, -0.1339], [-0.0198, -0.0253, -0.0186]]",GPU,KEEP,
20260912_055841_loop_tfm_ad_vwclv_3,2026-09-12T05:58:41,loop,tfm,btc_1min_2y_2024-09-03_2026-09-03,822935ae5e8f,8587,ad_vwclv_3,87,"{""fold1_2025-01-07"": [1, 1, 1], ""fold2_2025-05-30"": [1, 1, 1], ""fold3_2025-10-19"": [1, 1, 1], ""fold4_2026-03-11"": [1, 1, 1], ""fold5_2026-08-01"": [1, 1, 1]}",S_m,-0.0033226149183329667,0.4,-0.05017181863153475,-0.07471384974737649,"[[73.3355, 102.808, 126.3446], [48.5266, 69.7315, 83.8103], [85.2856, 119.2853, 149.0511], [46.7265, 67.627, 83.2075], [25.4876, 36.0865, 43.9107]]","[[51.3574, 73.3342, 91.71], [33.1647, 48.2547, 59.4311], [57.4564, 82.0948, 102.9206], [32.369, 46.8897, 57.9627], [16.3478, 23.9, 29.4057]]","[[73.0889, 101.7985, 124.6731], [47.7035, 68.3552, 82.1496], [77.7122, 108.9384, 133.6649], [45.9348, 65.8699, 80.5671], [25.257, 35.7401, 43.4137]]","[[-0.0061, 0.0068, -0.005], [-0.0522, -0.0471, -0.0747], [0.0003, -0.0269, 0.0504], [0.0095, -0.0007, -0.0067], [-0.0033, 0.007, 0.0046]]",GPU,KEEP,
20260912_055841_loop_tfm_ad_vwclv_4,2026-09-12T05:58:41,loop,tfm,btc_1min_2y_2024-09-03_2026-09-03,822935ae5e8f,8587,ad_vwclv_4,88,"{""fold1_2025-01-07"": [1, 1, 1], ""fold2_2025-05-30"": [1, 1, 1], ""fold3_2025-10-19"": [1, 1, 1], ""fold4_2026-03-11"": [1, 1, 1], ""fold5_2026-08-01"": [1, 1, 1]}",S_m,-0.0011828148900328017,0.3333333333333333,-0.016769349487559815,-0.03798482102808087,"[[73.3383, 102.8108, 126.3447], [48.5209, 69.7371, 83.8184], [85.2783, 119.2514, 149.0832], [46.7442, 67.6283, 83.2078], [25.4872, 36.0869, 43.9077]]","[[51.3742, 73.3337, 91.7044], [33.1623, 48.2602, 59.4551], [57.4543, 82.0883, 103.015], [32.3805, 46.8916, 57.9627], [16.3493, 23.9014, 29.4055]]","[[73.0889, 101.7985, 124.6731], [47.7035, 68.3552, 82.1496], [77.7122, 108.9384, 133.6649], [45.9348, 65.8699, 80.5671], [25.257, 35.7401, 43.4137]]","[[-0.0038, -0.0027, -0.0], [0.0119, -0.008, -0.0097], [0.0085, 0.0284, -0.0215], [-0.038, -0.0019, -0.0003], [0.0016, -0.0012, 0.0069]]",GPU,KEEP,
20260912_055841_loop_tfm_ad_vwclv_8,2026-09-12T05:58:41,loop,tfm,btc_1min_2y_2024-09-03_2026-09-03,822935ae5e8f,8587,ad_vwclv_8,89,"{""fold1_2025-01-07"": [1, 1, 1], ""fold2_2025-05-30"": [1, 1, 1], ""fold3_2025-10-19"": [1, 1, 1], ""fold4_2026-03-11"": [1, 1, 1], ""fold5_2026-08-01"": [1, 1, 1]}",S_m,-8.24761574147459e-05,0.4666666666666667,-0.22421642557612476,-0.3424213123357722,"[[73.3367, 102.8031, 126.3398], [48.5446, 69.7968, 83.9535], [85.4375, 119.5487, 149.5937], [46.7443, 67.6261, 83.2037], [25.489, 36.0842, 43.9007]]","[[51.3789, 73.3381, 91.7147], [33.1881, 48.3471, 59.6451], [57.5904, 82.2951, 103.3715], [32.3805, 46.8989, 57.987], [16.3498, 23.9003, 29.407]]","[[73.0889, 101.7985, 124.6731], [47.7035, 68.3552, 82.1496], [77.7122, 108.9384, 133.6649], [45.9348, 65.8699, 80.5671], [25.257, 35.7401, 43.4137]]","[[0.0021, 0.0075, 0.0039], [-0.049, -0.0856, -0.1612], [-0.1866, -0.2493, -0.3424], [-0.0001, 0.0032, 0.0049], [-0.0071, 0.0077, 0.0159]]",GPU,KEEP,
20260912_055842_loop_tfm_ad_vwclv_10,2026-09-12T05:58:42,loop,tfm,btc_1min_2y_2024-09-03_2026-09-03,822935ae5e8f,8587,ad_vwclv_10,90,"{""fold1_2025-01-07"": [1, 1, 1], ""fold2_2025-05-30"": [1, 1, 1], ""fold3_2025-10-19"": [1, 1, 1], ""fold4_2026-03-11"": [1, 1, 1], ""fold5_2026-08-01"": [1, 1, 1]}",S_m,-0.00018203720921761146,0.4666666666666667,-0.060095888006936875,-0.09014974421948097,"[[73.3517, 102.8025, 126.3314], [48.529, 69.7668, 83.9301], [85.5145, 119.6384, 149.6354], [46.7424, 67.6202, 83.2039], [25.4985, 36.0978, 43.9037]]","[[51.3929, 73.3464, 91.7046], [33.1681, 48.3422, 59.6345], [57.6416, 82.3422, 103.4026], [32.3815, 46.897, 57.9869], [16.3661, 23.9192, 29.4108]]","[[73.0889, 101.7985, 124.6731], [47.7035, 68.3552, 82.1496], [77.7122, 108.9384, 133.6649], [45.9348, 65.8699, 80.5671], [25.257, 35.7401, 43.4137]]","[[-0.0204, 0.0006, 0.0066], [0.0322, 0.0429, 0.0278], [-0.0901, -0.075, -0.0279], [0.004, 0.0087, -0.0002], [-0.0373, -0.0377, -0.007]]",GPU,KEEP,
20260912_055842_loop_tfm_dd_2,2026-09-12T05:58:42,loop,tfm,btc_1min_2y_2024-09-03_2026-09-03,822935ae5e8f,8587,dd_2,91,"{""fold1_2025-01-07"": [1, 1, 1], ""fold2_2025-05-30"": [1, 1, 1], ""fold3_2025-10-19"": [1, 1, 1], ""fold4_2026-03-11"": [1, 1, 1], ""fold5_2026-08-01"": [1, 1, 1]}",S_m,-0.0047995762326280555,0.4,-0.06120099454028693,-0.09651768435654517,"[[73.3323, 102.8291, 126.2703], [48.5351, 69.7753, 84.0013], [85.5365, 119.6441, 149.7798], [46.7494, 67.6204, 83.2006], [25.4943, 36.0938, 43.9019]]","[[51.3773, 73.3868, 91.6505], [33.1759, 48.3346, 59.6476], [57.5415, 82.3658, 103.3254], [32.3984, 46.8978, 57.9668], [16.3699, 23.9173, 29.3968]]","[[73.0889, 101.7985, 124.6731], [47.7035, 68.3552, 82.1496], [77.7122, 108.9384, 133.6649], [45.9348, 65.8699, 80.5671], [25.257, 35.7401, 43.4137]]","[[0.0265, -0.0258, 0.0484], [-0.0125, -0.0122, -0.0848], [-0.0257, -0.0048, -0.0965], [-0.015, -0.0003, 0.004], [0.0168, 0.011, 0.0041]]",GPU,KEEP,
20260912_055843_loop_tfm_dd_3,2026-09-12T05:58:43,loop,tfm,btc_1min_2y_2024-09-03_2026-09-03,822935ae5e8f,8587,dd_3,92,"{""fold1_2025-01-07"": [1, 1, 1], ""fold2_2025-05-30"": [1, 1, 1], ""fold3_2025-10-19"": [1, 1, 1], ""fold4_2026-03-11"": [1, 1, 1], ""fold5_2026-08-01"": [1, 1, 1]}",S_m,-0.020484380543273062,0.26666666666666666,-0.07531725499126285,-0.11581912620926005,"[[73.3936, 102.8501, 126.2907], [48.5381, 69.788, 84.0381], [85.6356, 119.7195, 149.77], [46.7689, 67.6163, 83.191], [25.4929, 36.1052, 43.9136]]","[[51.413, 73.4046, 91.6845], [33.1683, 48.3397, 59.6708], [58.174, 82.7416, 103.3389], [32.4292, 46.9001, 57.9505], [16.3754, 23.922, 29.4077]]","[[73.0889, 101.7985, 124.6731], [47.7035, 68.3552, 82.1496], [77.7122, 108.9384, 133.6649], [45.9348, 65.8699, 80.5671], [25.257, 35.7401, 43.4137]]","[[-0.0836, -0.0205, -0.0161], [-0.0063, -0.0181, -0.0439], [-0.1158, -0.063, 0.0066], [-0.0417, 0.0061, 0.0115], [0.0054, -0.0317, -0.0265]]",GPU,KEEP,
20260912_055843_loop_tfm_dd_4,2026-09-12T05:58:43,loop,tfm,btc_1min_2y_2024-09-03_2026-09-03,822935ae5e8f,8587,dd_4,93,"{""fold1_2025-01-07"": [1, 1, 1], ""fold2_2025-05-30"": [1, 1, 1], ""fold3_2025-10-19"": [1, 1, 1], ""fold4_2026-03-11"": [1, 1, 1], ""fold5_2026-08-01"": [1, 1, 1]}",S_m,0.013693013853877112,0.5333333333333333,-0.026322232918034594,-0.044365053591466364,"[[73.3589, 102.8723, 126.1679], [48.544, 69.7921, 84.0625], [85.3422, 119.3641, 149.1993], [46.7588, 67.6016, 83.1796], [25.4986, 36.1213, 43.9186]]","[[51.406, 73.4224, 91.6192], [33.161, 48.3358, 59.6956], [57.4798, 81.9447, 102.829], [32.4547, 46.882, 57.9368], [16.3793, 23.9544, 29.424]]","[[73.0889, 101.7985, 124.6731], [47.7035, 68.3552, 82.1496], [77.7122, 108.9384, 133.6649], [45.9348, 65.8699, 80.5671], [25.257, 35.7401, 43.4137]]","[[0.0473, -0.0216, 0.0972], [-0.0122, -0.0059, -0.0289], [0.3426, 0.2968, 0.381], [0.0217, 0.0219, 0.0137], [-0.0224, -0.0444, -0.0115]]",GPU,KEEP,
20260912_055844_loop_tfm_dd_5,2026-09-12T05:58:44,loop,tfm,btc_1min_2y_2024-09-03_2026-09-03,822935ae5e8f,8587,dd_5,94,"{""fold1_2025-01-07"": [1, 1, 1], ""fold2_2025-05-30"": [1, 1, 1], ""fold3_2025-10-19"": [1, 1, 1], ""fold4_2026-03-11"": [1, 1, 1], ""fold5_2026-08-01"": [1, 1, 1]}",S_m,-0.0054236583187261544,0.4,-0.02472543940884364,-0.12279201742597667,"[[73.4489, 102.8084, 126.1844], [48.5441, 69.7958, 84.0788], [84.8042, 118.5295, 148.119], [46.7674, 67.6117, 83.2031], [25.4961, 36.1233, 43.9176]]","[[51.458, 73.406, 91.6022], [33.1608, 48.4065, 59.7567], [57.2831, 81.7405, 102.1594], [32.4592, 46.8969, 57.9838], [16.3835, 23.9533, 29.4247]]","[[73.0889, 101.7985, 124.6731], [47.7035, 68.3552, 82.1496], [77.7122, 108.9384, 133.6649], [45.9348, 65.8699, 80.5671], [25.257, 35.7401, 43.4137]]","[[-0.1228, 0.0622, -0.0131], [-0.0001, -0.0054, -0.0194], [0.6304, 0.6993, 0.7241], [-0.0184, -0.0151, -0.0283], [0.01, -0.0055, 0.0023]]",GPU,KEEP,
20260912_055844_loop_tfm_dd_8,2026-09-12T05:58:44,loop,tfm,btc_1min_2y_2024-09-03_2026-09-03,822935ae5e8f,8587,dd_8,95,"{""fold1_2025-01-07"": [1, 1, 1], ""fold2_2025-05-30"": [1, 1, 1], ""fold3_2025-10-19"": [1, 1, 1], ""fold4_2026-03-11"": [1, 1, 1], ""fold5_2026-08-01"": [1, 1, 1]}",S_m,0.02646178141768596,0.7333333333333333,-0.018043562604974635,-0.040596840661466516,"[[73.4498, 102.7811, 126.0915], [48.5306, 69.7444, 83.9532], [84.7829, 118.4183, 147.4909], [46.7811, 67.6392, 83.1808], [25.4961, 36.1182, 43.9112]]","[[51.4581, 73.3995, 91.5591], [33.146, 48.3364, 59.659], [57.2603, 81.7102, 101.818], [32.4758, 46.9445, 57.9462], [16.3834, 23.958, 29.422]]","[[73.0889, 101.7985, 124.6731], [47.7035, 68.3552, 82.1496], [77.7122, 108.9384, 133.6649], [45.9348, 65.8699, 80.5671], [25.257, 35.7401, 43.4137]]","[[-0.0012, 0.0265, 0.0736], [0.0278, 0.0737, 0.1493], [0.0252, 0.0938, 0.4241], [-0.0293, -0.0406, 0.0268], [-0.0, 0.014, 0.0146]]",GPU,KEEP,
20260912_055845_loop_tfm_dd_10,2026-09-12T05:58:45,loop,tfm,btc_1min_2y_2024-09-03_2026-09-03,822935ae5e8f,8587,dd_10,96,"{""fold1_2025-01-07"": [1, 1, 1], ""fold2_2025-05-30"": [1, 1, 1], ""fold3_2025-10-19"": [1, 1, 1], ""fold4_2026-03-11"": [1, 1, 1], ""fold5_2026-08-01"": [1, 1, 1]}",S_m,0.007371622794061228,0.6,-0.01932294376798982,-0.03378586848428178,"[[73.3951, 102.7407, 126.1104], [48.5265, 69.7393, 83.9591], [84.7191, 118.178, 147.4598], [46.7811, 67.629, 83.1842], [25.5047, 36.1262, 43.9101]]","[[51.4367, 73.3973, 91.5742], [33.1439, 48.3294, 59.659], [57.1576, 81.3868, 101.7178], [32.4397, 46.8967, 57.9528], [16.3907, 23.9655, 29.4209]]","[[73.0889, 101.7985, 124.6731], [47.7035, 68.3552, 82.1496], [77.7122, 108.9384, 133.6649], [45.9348, 65.8699, 80.5671], [25.257, 35.7401, 43.4137]]","[[0.0744, 0.0394, -0.015], [0.0083, 0.0074, -0.007], [0.0752, 0.2029, 0.0211], [-0.0001, 0.0151, -0.004], [-0.0338, -0.0222, 0.0025]]",GPU,KEEP,
20260912_055845_loop_tfm_dd_15,2026-09-12T05:58:45,loop,tfm,btc_1min_2y_2024-09-03_2026-09-03,822935ae5e8f,8587,dd_15,97,"{""fold1_2025-01-07"": [1, 1, 1], ""fold2_2025-05-30"": [1, 1, 1], ""fold3_2025-10-19"": [1, 1, 1], ""fold4_2026-03-11"": [1, 1, 1], ""fold5_2026-08-01"": [1, 1, 1]}",S_m,-0.06531729840018041,0.2,-0.1829809074043931,-0.19493384237900813,"[[73.4395, 102.8228, 126.3424], [48.5081, 69.7307, 83.9648], [84.873, 118.2551, 147.457], [46.8006, 67.7262, 83.3463], [25.5256, 36.1501, 43.9357]]","[[51.507, 73.5341, 91.7685], [33.1401, 48.3205, 59.6759], [57.3362, 81.385, 101.7148], [32.5124, 47.1043, 58.2286], [16.4153, 23.9755, 29.4332]]","[[73.0889, 101.7985, 124.6731], [47.7035, 68.3552, 82.1496], [77.7122, 108.9384, 133.6649], [45.9348, 65.8699, 80.5671], [25.257, 35.7401, 43.4137]]","[[-0.0605, -0.0799, -0.1839], [0.0379, 0.0123, -0.0068], [-0.1815, -0.0653, 0.0019], [-0.0417, -0.1437, -0.1949], [-0.0819, -0.0662, -0.0583]]",GPU,KEEP,
20260912_055846_loop_tfm_ru_2,2026-09-12T05:58:46,loop,tfm,btc_1min_2y_2024-09-03_2026-09-03,822935ae5e8f,8587,ru_2,98,"{""fold1_2025-01-07"": [1, 1, 1], ""fold2_2025-05-30"": [1, 1, 1], ""fold3_2025-10-19"": [1, 1, 1], ""fold4_2026-03-11"": [1, 1, 1], ""fold5_2026-08-01"": [1, 1, 1]}",S_m,-0.013229437549844292,0.3333333333333333,-0.06543895386176057,-0.2471429948516901,"[[73.4285, 102.8407, 126.3452], [48.5174, 69.7382, 83.9759], [84.752, 118.2865, 147.8214], [46.7828, 67.764, 83.4062], [25.5231, 36.1605, 43.9351]]","[[51.4995, 73.55, 91.7648], [33.1383, 48.3244, 59.685], [57.2862, 81.3914, 101.7612], [32.491, 47.1542, 58.2916], [16.4172, 23.9729, 29.433]]","[[73.0889, 101.7985, 124.6731], [47.7035, 68.3552, 82.1496], [77.7122, 108.9384, 133.6649], [45.9348, 65.8699, 80.5671], [25.257, 35.7401, 43.4137]]","[[0.015, -0.0174, -0.0022], [-0.0191, -0.0106, -0.0132], [0.1425, -0.0265, -0.2471], [0.0379, -0.0559, -0.0718], [0.0097, -0.0289, 0.0013]]",GPU,KEEP,
20260912_055846_loop_tfm_ru_3,2026-09-12T05:58:46,loop,tfm,btc_1min_2y_2024-09-03_2026-09-03,822935ae5e8f,8587,ru_3,99,"{""fold1_2025-01-07"": [1, 1, 1], ""fold2_2025-05-30"": [1, 1, 1], ""fold3_2025-10-19"": [1, 1, 1], ""fold4_2026-03-11"": [1, 1, 1], ""fold5_2026-08-01"": [1, 1, 1]}",S_m,-0.04170883415246518,0.2,-0.1593187821034725,-0.165077494071042,"[[73.4457, 103.0105, 126.4513], [48.595, 69.8486, 84.0931], [84.7242, 118.3225, 147.8952], [46.8249, 67.764, 83.4038], [25.5337, 36.1699, 43.9495]]","[[51.5109, 73.6276, 91.8123], [33.1769, 48.3451, 59.7226], [57.2874, 81.3814, 101.7072], [32.5447, 47.153, 58.2686], [16.4264, 23.9849, 29.4466]]","[[73.0889, 101.7985, 124.6731], [47.7035, 68.3552, 82.1496], [77.7122, 108.9384, 133.6649], [45.9348, 65.8699, 80.5671], [25.257, 35.7401, 43.4137]]","[[-0.0234, -0.1651, -0.084], [-0.16, -0.1583, -0.1396], [0.0328, -0.0304, -0.0499], [-0.0898, 0.0001, 0.0028], [-0.0417, -0.0258, -0.0327]]",GPU,KEEP,
20260912_055847_loop_tfm_ru_4,2026-09-12T05:58:47,loop,tfm,btc_1min_2y_2024-09-03_2026-09-03,822935ae5e8f,8587,ru_4,100,"{""fold1_2025-01-07"": [1, 1, 1], ""fold2_2025-05-30"": [1, 1, 1], ""fold3_2025-10-19"": [1, 1, 1], ""fold4_2026-03-11"": [1, 1, 1], ""fold5_2026-08-01"": [1, 1, 1]}",S_m,0.0006476363241358918,0.5333333333333333,-0.04776540327983358,-0.07090357371819511,"[[73.445, 103.0008, 126.449], [48.5995, 69.8981, 84.1101], [84.7055, 118.3304, 147.9858], [46.8246, 67.7651, 83.3945], [25.5327, 36.168, 43.9616]]","[[51.5119, 73.6496, 91.8137], [33.1717, 48.3599, 59.733], [57.2679, 81.3859, 101.7769], [32.5439, 47.159, 58.2391], [16.4266, 23.9837, 29.4514]]","[[73.0889, 101.7985, 124.6731], [47.7035, 68.3552, 82.1496], [77.7122, 108.9384, 133.6649], [45.9348, 65.8699, 80.5671], [25.257, 35.7401, 43.4137]]","[[0.001, 0.0094, 0.0018], [-0.0091, -0.0709, -0.0202], [0.0221, -0.0067, -0.0612], [0.0006, -0.0016, 0.0112], [0.0041, 0.0052, -0.0275]]",GPU,KEEP,
20260912_055847_loop_tfm_ru_5,2026-09-12T05:58:47,loop,tfm,btc_1min_2y_2024-09-03_2026-09-03,822935ae5e8f,8587,ru_5,101,"{""fold1_2025-01-07"": [1, 1, 1], ""fold2_2025-05-30"": [1, 1, 1], ""fold3_2025-10-19"": [1, 1, 1], ""fold4_2026-03-11"": [1, 1, 1], ""fold5_2026-08-01"": [1, 1, 1]}",S_m,-0.002363768224356022,0.3333333333333333,-0.06150201233780184,-0.09609549793447858,"[[73.4467, 103.0049, 126.5705], [48.6332, 69.8914, 84.1349], [84.6498, 118.3112, 147.9639], [46.8252, 67.7612, 83.4335], [25.5329, 36.1765, 43.9834]]","[[51.5322, 73.6498, 91.8689], [33.1991, 48.3532, 59.7681], [57.1612, 81.3482, 101.7456], [32.5449, 47.1526, 58.2981], [16.4267, 23.9839, 29.4391]]","[[73.0889, 101.7985, 124.6731], [47.7035, 68.3552, 82.1496], [77.7122, 108.9384, 133.6649], [45.9348, 65.8699, 80.5671], [25.257, 35.7401, 43.4137]]","[[-0.0024, -0.004, -0.0961], [-0.0694, 0.0096, -0.0294], [0.0657, 0.0162, 0.0148], [-0.0013, 0.0057, -0.0468], [-0.0009, -0.0235, -0.0497]]",GPU,KEEP,
20260912_055848_loop_tfm_ru_8,2026-09-12T05:58:48,loop,tfm,btc_1min_2y_2024-09-03_2026-09-03,822935ae5e8f,8587,ru_8,102,"{""fold1_2025-01-07"": [1, 1, 1], ""fold2_2025-05-30"": [1, 1, 1], ""fold3_2025-10-19"": [1, 1, 1], ""fold4_2026-03-11"": [1, 1, 1], ""fold5_2026-08-01"": [1, 1, 1]}",S_m,-0.054439890960811255,0.13333333333333333,-0.22776516510557787,-0.28054508310486614,"[[73.561, 103.2939, 126.873], [48.6297, 69.8912, 84.1505], [84.7743, 118.348, 148.0445], [46.8529, 67.8546, 83.6095], [25.5454, 36.1926, 43.9839]]","[[51.5985, 73.861, 91.9884], [33.1953, 48.353, 59.7813], [57.2778, 81.3692, 101.8047], [32.5799, 47.3035, 58.5511], [16.4355, 24.0051, 29.4399]]","[[73.0889, 101.7985, 124.6731], [47.7035, 68.3552, 82.1496], [77.7122, 108.9384, 133.6649], [45.9348, 65.8699, 80.5671], [25.257, 35.7401, 43.4137]]","[[-0.1556, -0.2805, -0.239], [0.0072, 0.0003, -0.0186], [-0.1471, -0.0311, -0.0544], [-0.0591, -0.1378, -0.2109], [-0.0488, -0.0447, -0.001]]",GPU,KEEP,
20260912_055849_loop_tfm_ru_10,2026-09-12T05:58:49,loop,tfm,btc_1min_2y_2024-09-03_2026-09-03,822935ae5e8f,8587,ru_10,103,"{""fold1_2025-01-07"": [1, 1, 1], ""fold2_2025-05-30"": [1, 1, 1], ""fold3_2025-10-19"": [1, 1, 1], ""fold4_2026-03-11"": [1, 1, 1], ""fold5_2026-08-01"": [1, 1, 1]}",S_m,0.0010381741854859072,0.5333333333333333,-0.07038232716733539,-0.07791605019027426,"[[73.5704, 103.2859, 126.8552], [48.6384, 69.9348, 84.2065], [84.7619, 118.4402, 148.1525], [46.8481, 67.833, 83.5782], [25.5532, 36.1923, 43.9825]]","[[51.5909, 73.8486, 91.9721], [33.2006, 48.3864, 59.8337], [57.2456, 81.4271, 101.8419], [32.5741, 47.2689, 58.5034], [16.4473, 24.0072, 29.4365]]","[[73.0889, 101.7985, 124.6731], [47.7035, 68.3552, 82.1496], [77.7122, 108.9384, 133.6649], [45.9348, 65.8699, 80.5671], [25.257, 35.7401, 43.4137]]","[[-0.0127, 0.0078, 0.014], [-0.0178, -0.0624, -0.0665], [0.0147, -0.0779, -0.073], [0.0102, 0.0318, 0.0375], [-0.0306, 0.001, 0.0032]]",GPU,KEEP,
20260912_055849_loop_tfm_ru_15,2026-09-12T05:58:49,loop,tfm,btc_1min_2y_2024-09-03_2026-09-03,822935ae5e8f,8587,ru_15,104,"{""fold1_2025-01-07"": [1, 1, 1], ""fold2_2025-05-30"": [1, 1, 1], ""fold3_2025-10-19"": [1, 1, 1], ""fold4_2026-03-11"": [1, 1, 1], ""fold5_2026-08-01"": [1, 1, 1]}",S_m,-0.020810497120793414,0.26666666666666666,-0.2191552665966423,-0.2818222890172972,"[[73.5712, 103.2837, 126.8568], [48.6266, 69.9141, 84.1844], [85.0007, 118.5379, 148.2159], [46.8836, 67.9692, 83.7716], [25.5585, 36.1965, 44.0033]]","[[51.5907, 73.8476, 91.9675], [33.1961, 48.3743, 59.815], [57.3935, 81.5222, 102.0327], [32.6184, 47.4891, 58.807], [16.4451, 24.0115, 29.4287]]","[[73.0889, 101.7985, 124.6731], [47.7035, 68.3552, 82.1496], [77.7122, 108.9384, 133.6649], [45.9348, 65.8699, 80.5671], [25.257, 35.7401, 43.4137]]","[[-0.0012, 0.0021, -0.0012], [0.0242, 0.0295, 0.0262], [-0.2818, -0.0825, -0.0427], [-0.0759, -0.2008, -0.2314], [-0.0208, -0.0117, -0.0474]]",GPU,KEEP,
20260912_055850_loop_tfm_log_range_1,2026-09-12T05:58:50,loop,tfm,btc_1min_2y_2024-09-03_2026-09-03,822935ae5e8f,8587,log_range_1,105,"{""fold1_2025-01-07"": [1, 1, 1], ""fold2_2025-05-30"": [1, 1, 1], ""fold3_2025-10-19"": [1, 1, 1], ""fold4_2026-03-11"": [1, 1, 1], ""fold5_2026-08-01"": [1, 1, 1]}",S_m,-0.002559799235424265,0.13333333333333333,-121.43198763585643,-182.7766913725098,"[[73.5712, 103.2847, 126.8603], [48.6278, 69.914, 84.1845], [85.008, 118.5507, 148.2345], [132.576, 191.6044, 109.5159], [25.5584, 36.1967, 44.0039]]","[[51.5902, 73.8459, 91.9663], [33.1939, 48.3712, 59.815], [57.4044, 81.5333, 102.0384], [35.0987, 51.0233, 60.1766], [16.4444, 24.0118, 29.4298]]","[[73.0889, 101.7985, 124.6731], [47.7035, 68.3552, 82.1496], [77.7122, 108.9384, 133.6649], [45.9348, 65.8699, 80.5671], [25.257, 35.7401, 43.4137]]","[[-0.0, -0.0009, -0.0027], [-0.0026, 0.0002, -0.0001], [-0.0086, -0.0107, -0.0125], [-182.7767, -181.8989, -30.7316], [0.0007, -0.0005, -0.0015]]",GPU,KEEP,
20260912_055850_loop_tfm_log_range_2,2026-09-12T05:58:50,loop,tfm,btc_1min_2y_2024-09-03_2026-09-03,822935ae5e8f,8587,log_range_2,106,"{""fold1_2025-01-07"": [1, 1, 1], ""fold2_2025-05-30"": [1, 1, 1], ""fold3_2025-10-19"": [1, 1, 1], ""fold4_2026-03-11"": [1, 1, 1], ""fold5_2026-08-01"": [1, 1, 1]}",S_m,-0.0011179753877987864,0.4666666666666667,-0.6298295828831256,-2.9440576282228514,"[[73.572, 103.3081, 126.8751], [48.6155, 69.8805, 84.1646], [84.9914, 118.5722, 148.2406], [132.2267, 193.5868, 112.7401], [25.5593, 36.1953, 44.0025]]","[[51.5896, 73.8659, 91.9778], [33.1836, 48.3511, 59.8169], [57.3795, 81.5529, 102.0375], [35.0853, 51.1048, 60.3739], [16.446, 24.0135, 29.4276]]","[[73.0889, 101.7985, 124.6731], [47.7035, 68.3552, 82.1496], [77.7122, 108.9384, 133.6649], [45.9348, 65.8699, 80.5671], [25.257, 35.7401, 43.4137]]","[[-0.0011, -0.0227, -0.0117], [0.0254, 0.0479, 0.0236], [0.0195, -0.0181, -0.0041], [0.2635, -1.0346, -2.9441], [-0.0038, 0.0038, 0.0033]]",GPU,KEEP,
20260912_055851_loop_tfm_log_range_3,2026-09-12T05:58:51,loop,tfm,btc_1min_2y_2024-09-03_2026-09-03,822935ae5e8f,8587,log_range_3,107,"{""fold1_2025-01-07"": [1, 1, 1], ""fold2_2025-05-30"": [1, 1, 1], ""fold3_2025-10-19"": [1, 1, 1], ""fold4_2026-03-11"": [1, 1, 1], ""fold5_2026-08-01"": [1, 1, 1]}",S_m,-0.005340495477046403,0.4666666666666667,-0.034496460474380264,-0.05469638899531226,"[[73.6009, 103.3162, 126.9099], [48.6136, 69.8848, 84.2106], [84.9911, 118.5581, 148.2485], [131.6104, 192.5933, 111.9092], [25.5622, 36.1945, 44.0056]]","[[51.6114, 73.8682, 92.0079], [33.1833, 48.3466, 59.8513], [57.3822, 81.553, 102.0372], [35.0962, 51.0817, 60.3523], [16.4538, 24.0146, 29.4335]]","[[73.0889, 101.7985, 124.6731], [47.7035, 68.3552, 82.1496], [77.7122, 108.9384, 133.6649], [45.9348, 65.8699, 80.5671], [25.257, 35.7401, 43.4137]]","[[-0.0392, -0.0079, -0.0274], [0.0039, -0.0061, -0.0547], [0.0004, 0.0119, -0.0053], [0.4661, 0.5132, 0.737], [-0.0112, 0.0022, -0.0071]]",GPU,KEEP,
20260912_055851_loop_tfm_log_range_4,2026-09-12T05:58:51,loop,tfm,btc_1min_2y_2024-09-03_2026-09-03,822935ae5e8f,8587,log_range_4,108,"{""fold1_2025-01-07"": [1, 1, 1], ""fold2_2025-05-30"": [1, 1, 1], ""fold3_2025-10-19"": [1, 1, 1], ""fold4_2026-03-11"": [1, 1, 1], ""fold5_2026-08-01"": [1, 1, 1]}",S_m,-0.00020648620782104388,0.4666666666666667,-0.2682715379997491,-0.35020762770991976,"[[73.5972, 103.3255, 126.9113], [48.6113, 69.897, 84.2166], [84.9603, 118.5232, 148.2488], [132.0713, 192.9864, 112.2573], [25.56, 36.1933, 44.0036]]","[[51.6109, 73.8769, 92.0097], [33.1853, 48.353, 59.8552], [57.393, 81.5324, 102.0377], [35.115, 51.106, 60.3861], [16.4499, 24.0136, 29.4308]]","[[73.0889, 101.7985, 124.6731], [47.7035, 68.3552, 82.1496], [77.7122, 108.9384, 133.6649], [45.9348, 65.8699, 80.5671], [25.257, 35.7401, 43.4137]]","[[0.005, -0.009, -0.0011], [0.0047, -0.0173, -0.0071], [0.0362, 0.0294, -0.0002], [-0.3502, -0.2041, -0.311], [0.0087, 0.0034, 0.0044]]",GPU,KEEP,
20260912_055852_loop_tfm_log_range_5,2026-09-12T05:58:52,loop,tfm,btc_1min_2y_2024-09-03_2026-09-03,822935ae5e8f,8587,log_range_5,109,"{""fold1_2025-01-07"": [1, 1, 1], ""fold2_2025-05-30"": [1, 1, 1], ""fold3_2025-10-19"": [1, 1, 1], ""fold4_2026-03-11"": [1, 1, 1], ""fold5_2026-08-01"": [1, 1, 1]}",S_m,0.00017171100618051938,0.5333333333333333,-0.04462125891074198,-0.16382448240050973,"[[73.6072, 103.3252, 126.9117], [48.6363, 69.8967, 84.2047], [84.9564, 118.5215, 148.2502], [132.2877, 192.7778, 112.2959], [25.5617, 36.1928, 44.0036]]","[[51.6248, 73.8762, 92.0096], [33.1939, 48.3526, 59.8616], [57.4109, 81.551, 102.0434], [35.1183, 51.1006, 60.3864], [16.4543, 24.0157, 29.431]]","[[73.0889, 101.7985, 124.6731], [47.7035, 68.3552, 82.1496], [77.7122, 108.9384, 133.6649], [45.9348, 65.8699, 80.5671], [25.257, 35.7401, 43.4137]]","[[-0.0136, 0.0003, -0.0003], [-0.0514, 0.0004, 0.0141], [0.0046, 0.0014, -0.0009], [-0.1638, 0.1081, -0.0344], [-0.0067, 0.0013, 0.0002]]",GPU,KEEP,
20260912_055852_loop_tfm_log_range_8,2026-09-12T05:58:52,loop,tfm,btc_1min_2y_2024-09-03_2026-09-03,822935ae5e8f,8587,log_range_8,110,"{""fold1_2025-01-07"": [1, 1, 1], ""fold2_2025-05-30"": [1, 1, 1], ""fold3_2025-10-19"": [1, 1, 1], ""fold4_2026-03-11"": [1, 1, 1], ""fold5_2026-08-01"": [1, 1, 1]}",S_m,0.000248619347431589,0.5333333333333333,-0.009369708246089736,-0.01608415787384132,"[[73.6081, 103.3243, 126.9119], [48.6401, 69.8973, 84.1981], [84.9592, 118.5406, 148.2427], [131.9183, 192.1151, 112.0828], [25.5643, 36.1927, 43.9992]]","[[51.6226, 73.8766, 92.0161], [33.1946, 48.3528, 59.8617], [57.4092, 81.5651, 102.0505], [35.1008, 51.0597, 60.3671], [16.457, 24.0154, 29.431]]","[[73.0889, 101.7985, 124.6731], [47.7035, 68.3552, 82.1496], [77.7122, 108.9384, 133.6649], [45.9348, 65.8699, 80.5671], [25.257, 35.7401, 43.4137]]","[[-0.0013, 0.0009, -0.0002], [-0.0077, -0.0009, 0.0078], [-0.0033, -0.0161, 0.005], [0.2792, 0.3437, 0.1897], [-0.0105, 0.0002, 0.01]]",GPU,KEEP,
20260912_055853_loop_tfm_log_range_10,2026-09-12T05:58:53,loop,tfm,btc_1min_2y_2024-09-03_2026-09-03,822935ae5e8f,8587,log_range_10,111,"{""fold1_2025-01-07"": [1, 1, 1], ""fold2_2025-05-30"": [1, 1, 1], ""fold3_2025-10-19"": [1, 1, 1], ""fold4_2026-03-11"": [1, 1, 1], ""fold5_2026-08-01"": [1, 1, 1]}",S_m,-0.0034013776069929946,0.3333333333333333,-0.0959653099044111,-0.22113926661289085,"[[73.5921, 103.3231, 126.9274], [48.6751, 69.9693, 84.2247], [84.9599, 118.5413, 148.2477], [131.9598, 192.2793, 112.3307], [25.5584, 36.1873, 43.9861]]","[[51.6054, 73.8758, 92.0282], [33.2381, 48.4478, 59.8854], [57.4009, 81.5787, 102.0639], [35.1042, 51.0964, 60.4894], [16.4607, 24.0108, 29.4194]]","[[73.0889, 101.7985, 124.6731], [47.7035, 68.3552, 82.1496], [77.7122, 108.9384, 133.6649], [45.9348, 65.8699, 80.5671], [25.257, 35.7401, 43.4137]]","[[0.0217, 0.0012, -0.0121], [-0.0721, -0.103, -0.0316], [-0.0008, -0.0006, -0.0034], [-0.0314, -0.0854, -0.2211], [0.0233, 0.0148, 0.0297]]",GPU,KEEP,
20260912_055854_loop_tfm_log_range_15,2026-09-12T05:58:54,loop,tfm,btc_1min_2y_2024-09-03_2026-09-03,822935ae5e8f,8587,log_range_15,112,"{""fold1_2025-01-07"": [1, 1, 1], ""fold2_2025-05-30"": [1, 1, 1], ""fold3_2025-10-19"": [1, 1, 1], ""fold4_2026-03-11"": [1, 1, 1], ""fold5_2026-08-01"": [1, 1, 1]}",S_m,0.004569392771536229,0.6,-0.00901700011015194,-0.05890486708013398,"[[73.5873, 103.3164, 126.9163], [48.6729, 69.9681, 84.2164], [84.9639, 118.6111, 148.265], [131.0421, 189.7733, 109.5038], [25.5588, 36.1887, 43.9883]]","[[51.601, 73.8735, 92.0129], [33.2354, 48.447, 59.8741], [57.398, 81.6532, 102.0394], [35.0673, 50.9892, 60.3367], [16.461, 24.0138, 29.4219]]","[[73.0889, 101.7985, 124.6731], [47.7035, 68.3552, 82.1496], [77.7122, 108.9384, 133.6649], [45.9348, 65.8699, 80.5671], [25.257, 35.7401, 43.4137]]","[[0.0066, 0.0064, 0.0087], [0.0046, 0.0016, 0.0099], [-0.0046, -0.0589, -0.0117], [0.6954, 1.3033, 2.5166], [-0.0018, -0.0038, -0.005]]",GPU,KEEP,
20260912_055854_loop_tfm_ret_skew_3,2026-09-12T05:58:54,loop,tfm,btc_1min_2y_2024-09-03_2026-09-03,822935ae5e8f,8587,ret_skew_3,113,"{""fold1_2025-01-07"": [1, 1, 1], ""fold2_2025-05-30"": [1, 1, 1], ""fold3_2025-10-19"": [1, 1, 1], ""fold4_2026-03-11"": [1, 1, 1], ""fold5_2026-08-01"": [1, 1, 1]}",S_m,-0.0011432262186028552,0.26666666666666666,-0.24163113275363018,-0.4131272742732284,"[[73.5874, 103.318, 126.9056], [48.6743, 69.9826, 84.2256], [84.9645, 118.6077, 148.2624], [130.5333, 190.5113, 109.9562], [25.5593, 36.1891, 43.9886]]","[[51.6008, 73.8734, 92.0109], [33.2361, 48.4466, 59.8704], [57.3991, 81.6529, 102.0382], [35.0726, 50.9987, 60.349], [16.4626, 24.0135, 29.4185]]","[[73.0889, 101.7985, 124.6731], [47.7035, 68.3552, 82.1496], [77.7122, 108.9384, 133.6649], [45.9348, 65.8699, 80.5671], [25.257, 35.7401, 43.4137]]","[[-0.0001, -0.0015, 0.0085], [-0.0029, -0.0207, -0.0109], [-0.0007, 0.0029, 0.0018], [0.3883, -0.3889, -0.4131], [-0.0017, -0.0011, -0.0005]]",GPU,KEEP,
20260912_055855_loop_tfm_ret_skew_4,2026-09-12T05:58:55,loop,tfm,btc_1min_2y_2024-09-03_2026-09-03,822935ae5e8f,8587,ret_skew_4,114,"{""fold1_2025-01-07"": [1, 1, 1], ""fold2_2025-05-30"": [1, 1, 1], ""fold3_2025-10-19"": [1, 1, 1], ""fold4_2026-03-11"": [1, 1, 1], ""fold5_2026-08-01"": [1, 1, 1]}",S_m,-0.0011739398005472523,0.26666666666666666,-0.12634270932804448,-0.23454809543819177,"[[73.5874, 103.3142, 126.8897], [48.6797, 69.9841, 84.2243], [84.9647, 118.6091, 148.2665], [130.7629, 190.9582, 110.0135], [25.5557, 36.1898, 43.989]]","[[51.6008, 73.8778, 92.0195], [33.234, 48.4424, 59.8614], [57.3988, 81.6672, 102.0582], [35.0816, 51.0041, 60.3506], [16.4671, 24.0194, 29.4197]]","[[73.0889, 101.7985, 124.6731], [47.7035, 68.3552, 82.1496], [77.7122, 108.9384, 133.6649], [45.9348, 65.8699, 80.5671], [25.257, 35.7401, 43.4137]]","[[-0.0, 0.0037, 0.0125], [-0.0111, -0.0022, 0.0015], [-0.0003, -0.0012, -0.0028], [-0.1759, -0.2345, -0.0521], [0.0141, -0.002, -0.001]]",GPU,KEEP,
20260912_055855_loop_tfm_ret_skew_5,2026-09-12T05:58:55,loop,tfm,btc_1min_2y_2024-09-03_2026-09-03,822935ae5e8f,8587,ret_skew_5,115,"{""fold1_2025-01-07"": [1, 1, 1], ""fold2_2025-05-30"": [1, 1, 1], ""fold3_2025-10-19"": [1, 1, 1], ""fold4_2026-03-11"": [1, 1, 1], ""fold5_2026-08-01"": [1, 1, 1]}",S_m,0.002678843890757676,0.6,-0.046310073630690944,-0.6823011256281708,"[[73.5824, 103.3093, 126.874], [48.7097, 70.0006, 84.2268], [84.9642, 118.5942, 148.2504], [129.301, 190.8508, 110.7641], [25.559, 36.191, 43.9878]]","[[51.6006, 73.8805, 92.0553], [33.2749, 48.4415, 59.8579], [57.3981, 81.6392, 102.0572], [35.0589, 51.0017, 60.3683], [16.4696, 24.0161, 29.4084]]","[[73.0889, 101.7985, 124.6731], [47.7035, 68.3552, 82.1496], [77.7122, 108.9384, 133.6649], [45.9348, 65.8699, 80.5671], [25.257, 35.7401, 43.4137]]","[[0.0069, 0.0047, 0.0124], [-0.0615, -0.0235, -0.0029], [0.0006, 0.0126, 0.0109], [1.118, 0.0562, -0.6823], [-0.0132, -0.0032, 0.0027]]",GPU,KEEP,
20260912_055856_loop_tfm_ret_skew_8,2026-09-12T05:58:56,loop,tfm,btc_1min_2y_2024-09-03_2026-09-03,822935ae5e8f,8587,ret_skew_8,116,"{""fold1_2025-01-07"": [1, 1, 1], ""fold2_2025-05-30"": [1, 1, 1], ""fold3_2025-10-19"": [1, 1, 1], ""fold4_2026-03-11"": [1, 1, 1], ""fold5_2026-08-01"": [1, 1, 1]}",S_m,0.0012507737381595163,0.5333333333333333,-0.009664191253127006,-0.1165681414801778,"[[73.5826, 103.3123, 126.892], [48.7097, 70.0024, 84.2275], [84.9391, 118.5784, 148.2402], [129.1632, 190.2395, 110.8932], [25.5561, 36.1876, 43.9873]]","[[51.6009, 73.8818, 92.0711], [33.2741, 48.4446, 59.8536], [57.4232, 81.6474, 102.0547], [35.0556, 50.9951, 60.3706], [16.4677, 24.0082, 29.4085]]","[[73.0889, 101.7985, 124.6731], [47.7035, 68.3552, 82.1496], [77.7122, 108.9384, 133.6649], [45.9348, 65.8699, 80.5671], [25.257, 35.7401, 43.4137]]","[[-0.0003, -0.0029, -0.0142], [-0.0001, -0.0026, -0.0009], [0.0295, 0.0133, 0.0068], [0.1066, 0.3203, -0.1166], [0.0116, 0.0094, 0.0013]]",GPU,KEEP,
20260912_055857_loop_tfm_ret_skew_10,2026-09-12T05:58:57,loop,tfm,btc_1min_2y_2024-09-03_2026-09-03,822935ae5e8f,8587,ret_skew_10,117,"{""fold1_2025-01-07"": [1, 1, 1], ""fold2_2025-05-30"": [1, 1, 1], ""fold3_2025-10-19"": [1, 1, 1], ""fold4_2026-03-11"": [1, 1, 1], ""fold5_2026-08-01"": [1, 1, 1]}",S_m,-0.015096954308990718,0.2,-0.1487577455526523,-0.24244564778002076,"[[73.5824, 103.3279, 126.9863], [48.7208, 70.0144, 84.2356], [84.9413, 118.6204, 148.3129], [129.4763, 190.6169, 110.8387], [25.5591, 36.1877, 43.9799]]","[[51.6002, 73.9009, 92.1447], [33.2884, 48.473, 59.8602], [57.4279, 81.6857, 102.0839], [35.0774, 51.0131, 60.3644], [16.4741, 24.0044, 29.4063]]","[[73.0889, 101.7985, 124.6731], [47.7035, 68.3552, 82.1496], [77.7122, 108.9384, 133.6649], [45.9348, 65.8699, 80.5671], [25.257, 35.7401, 43.4137]]","[[0.0002, -0.0151, -0.0743], [-0.0229, -0.0171, -0.0096], [-0.0025, -0.0354, -0.049], [-0.2424, -0.1984, 0.0491], [-0.0118, -0.0002, 0.0168]]",GPU,KEEP,
20260912_055857_loop_tfm_ret_skew_15,2026-09-12T05:58:57,loop,tfm,btc_1min_2y_2024-09-03_2026-09-03,822935ae5e8f,8587,ret_skew_15,118,"{""fold1_2025-01-07"": [1, 1, 1], ""fold2_2025-05-30"": [1, 1, 1], ""fold3_2025-10-19"": [1, 1, 1], ""fold4_2026-03-11"": [1, 1, 1], ""fold5_2026-08-01"": [1, 1, 1]}",S_m,-0.00047299440422143846,0.4,-1.3832508096250606,-2.5641831065140286,"[[73.5937, 103.3334, 126.9854], [48.721, 70.0147, 84.243], [84.9412, 118.6212, 148.3021], [130.8409, 193.6722, 113.6808], [25.5527, 36.1735, 43.9664]]","[[51.6122, 73.9417, 92.1472], [33.2935, 48.4741, 59.86], [57.4123, 81.6856, 102.1043], [35.1147, 51.1266, 60.5597], [16.4704, 23.9926, 29.3893]]","[[73.0889, 101.7985, 124.6731], [47.7035, 68.3552, 82.1496], [77.7122, 108.9384, 133.6649], [45.9348, 65.8699, 80.5671], [25.257, 35.7401, 43.4137]]","[[-0.0154, -0.0054, 0.0007], [-0.0004, -0.0005, -0.0088], [0.0001, -0.0007, 0.0073], [-1.0539, -1.6028, -2.5642], [0.025, 0.0393, 0.0308]]",GPU,KEEP,
20260912_055858_loop_tfm_hma_slope1_volnorm,2026-09-12T05:58:58,loop,tfm,btc_1min_2y_2024-09-03_2026-09-03,822935ae5e8f,8587,hma_slope1_volnorm,119,"{""fold1_2025-01-07"": [1, 1, 1], ""fold2_2025-05-30"": [1, 1, 1], ""fold3_2025-10-19"": [1, 1, 1], ""fold4_2026-03-11"": [1, 1, 1], ""fold5_2026-08-01"": [1, 1, 1]}",S_m,0.005029555409152842,0.6666666666666666,-0.009635166817574259,-0.011911851444712518,"[[73.586, 103.3441, 126.979], [48.7268, 70.0196, 84.2475], [84.9284, 118.6201, 148.2954], [129.5805, 191.1115, 110.4168], [25.5549, 36.1697, 43.9571]]","[[51.6277, 73.9435, 92.1441], [33.3021, 48.4815, 59.8788], [57.3852, 81.6772, 102.0921], [35.0966, 51.0892, 60.4526], [16.4673, 23.9856, 29.3706]]","[[73.0889, 101.7985, 124.6731], [47.7035, 68.3552, 82.1496], [77.7122, 108.9384, 133.6649], [45.9348, 65.8699, 80.5671], [25.257, 35.7401, 43.4137]]","[[0.0105, -0.0103, 0.005], [-0.0119, -0.007, -0.0053], [0.0151, 0.0009, 0.0045], [0.9633, 1.3222, 2.8713], [-0.0087, 0.0105, 0.0211]]",GPU,KEEP,
20260912_055858_loop_tfm_hma_slope2_volnorm,2026-09-12T05:58:58,loop,tfm,btc_1min_2y_2024-09-03_2026-09-03,822935ae5e8f,8587,hma_slope2_volnorm,120,"{""fold1_2025-01-07"": [1, 1, 1], ""fold2_2025-05-30"": [1, 1, 1], ""fold3_2025-10-19"": [1, 1, 1], ""fold4_2026-03-11"": [1, 1, 1], ""fold5_2026-08-01"": [1, 1, 1]}",S_m,0.00047196262423776503,0.5333333333333333,-0.034307459741720336,-0.1173080566098994,"[[73.5881, 103.38, 126.9545], [48.7275, 70.0431, 84.2453], [85.028, 118.5302, 148.288], [129.3869, 191.1065, 110.4142], [25.5548, 36.1718, 43.9594]]","[[51.6254, 74.0334, 92.1222], [33.3035, 48.5085, 59.8743], [57.5034, 81.642, 102.0989], [35.1273, 51.0895, 60.4527], [16.4649, 23.987, 29.3696]]","[[73.0889, 101.7985, 124.6731], [47.7035, 68.3552, 82.1496], [77.7122, 108.9384, 133.6649], [45.9348, 65.8699, 80.5671], [25.257, 35.7401, 43.4137]]","[[-0.0029, -0.0348, 0.0193], [-0.0013, -0.0336, 0.0027], [-0.1173, 0.0757, 0.005], [0.1494, 0.0026, 0.0023], [0.0005, -0.006, -0.0053]]",GPU,KEEP,
20260912_055859_loop_tfm_hma_slope3_volnorm,2026-09-12T05:58:59,loop,tfm,btc_1min_2y_2024-09-03_2026-09-03,822935ae5e8f,8587,hma_slope3_volnorm,121,"{""fold1_2025-01-07"": [1, 1, 1], ""fold2_2025-05-30"": [1, 1, 1], ""fold3_2025-10-19"": [1, 1, 1], ""fold4_2026-03-11"": [1, 1, 1], ""fold5_2026-08-01"": [1, 1, 1]}",S_m,0.042938482188514815,0.7333333333333333,-0.006536392010731973,-0.009136510981355705,"[[73.5949, 103.3357, 126.9425], [48.73, 70.0041, 84.1578], [84.5399, 118.2881, 148.2424], [129.2757, 190.5336, 110.2366], [25.5567, 36.1694, 43.9596]]","[[51.629, 74.0252, 92.1145], [33.3045, 48.4678, 59.8201], [57.0011, 81.4965, 102.059], [35.1142, 51.0469, 60.4233], [16.4677, 23.985, 29.3773]]","[[73.0889, 101.7985, 124.6731], [47.7035, 68.3552, 82.1496], [77.7122, 108.9384, 133.6649], [45.9348, 65.8699, 80.5671], [25.257, 35.7401, 43.4137]]","[[-0.0091, 0.0429, 0.0095], [-0.0053, 0.0557, 0.1039], [0.5741, 0.2043, 0.0308], [0.0859, 0.2998, 0.1609], [-0.0074, 0.0067, -0.0005]]",GPU,KEEP,
20260912_055859_loop_tfm_hma_slope4_volnorm,2026-09-12T05:58:59,loop,tfm,btc_1min_2y_2024-09-03_2026-09-03,822935ae5e8f,8587,hma_slope4_volnorm,122,"{""fold1_2025-01-07"": [1, 1, 1], ""fold2_2025-05-30"": [1, 1, 1], ""fold3_2025-10-19"": [1, 1, 1], ""fold4_2026-03-11"": [1, 1, 1], ""fold5_2026-08-01"": [1, 1, 1]}",S_m,-0.01425550978906287,0.4666666666666667,-0.30428634333690135,-0.8572931051538335,"[[73.5745, 103.3347, 126.9606], [48.7469, 70.0179, 84.1751], [84.4697, 118.2233, 148.3716], [130.384, 190.1211, 110.7316], [25.5564, 36.183, 43.9585]]","[[51.6274, 74.0238, 92.1111], [33.2821, 48.4528, 59.7834], [56.918, 81.4565, 102.0816], [35.1514, 51.0557, 60.4198], [16.4647, 24.0129, 29.4004]]","[[73.0889, 101.7985, 124.6731], [47.7035, 68.3552, 82.1496], [77.7122, 108.9384, 133.6649], [45.9348, 65.8699, 80.5671], [25.257, 35.7401, 43.4137]]","[[0.0277, 0.0009, -0.0143], [-0.0347, -0.0197, -0.0206], [0.083, 0.0548, -0.0872], [-0.8573, 0.2165, -0.449], [0.0009, -0.0376, 0.0025]]",GPU,KEEP,
20260912_055900_loop_tfm_hma_slope5_volnorm,2026-09-12T05:59:00,loop,tfm,btc_1min_2y_2024-09-03_2026-09-03,822935ae5e8f,8587,hma_slope5_volnorm,123,"{""fold1_2025-01-07"": [1, 1, 1], ""fold2_2025-05-30"": [1, 1, 1], ""fold3_2025-10-19"": [1, 1, 1], ""fold4_2026-03-11"": [1, 1, 1], ""fold5_2026-08-01"": [1, 1, 1]}",S_m,0.006182032898172096,0.6,-0.04645145477237378,-0.05903182768736137,"[[73.5708, 103.3904, 127.0355], [48.7292, 69.9994, 84.1652], [84.4135, 118.2504, 148.3624], [130.0022, 189.9488, 110.6553], [25.5655, 36.1831, 43.9675]]","[[51.6217, 74.0377, 92.1296], [33.2796, 48.4102, 59.7623], [56.8684, 81.4298, 102.0823], [35.2026, 51.0672, 60.4291], [16.4758, 24.0264, 29.4027]]","[[73.0889, 101.7985, 124.6731], [47.7035, 68.3552, 82.1496], [77.7122, 108.9384, 133.6649], [45.9348, 65.8699, 80.5671], [25.257, 35.7401, 43.4137]]","[[0.005, -0.0539, -0.059], [0.0364, 0.0265, 0.0118], [0.0665, -0.0229, 0.0062], [0.2928, 0.0906, 0.0688], [-0.0353, -0.0003, -0.0203]]",GPU,KEEP,
20260912_055901_loop_tfm_hma_slope8_volnorm,2026-09-12T05:59:01,loop,tfm,btc_1min_2y_2024-09-03_2026-09-03,822935ae5e8f,8587,hma_slope8_volnorm,124,"{""fold1_2025-01-07"": [1, 1, 1], ""fold2_2025-05-30"": [1, 1, 1], ""fold3_2025-10-19"": [1, 1, 1], ""fold4_2026-03-11"": [1, 1, 1], ""fold5_2026-08-01"": [1, 1, 1]}",S_m,-0.010706881158051296,0.4666666666666667,-0.083585884225994,-0.10351756714468419,"[[73.6361, 103.4169, 127.0061], [48.7256, 69.9735, 84.1212], [84.4226, 118.2856, 148.4282], [128.6312, 187.3982, 107.9706], [25.572, 36.2105, 44.013]]","[[51.6405, 74.0562, 92.1625], [33.2771, 48.3859, 59.7244], [56.7884, 81.4618, 102.1711], [35.1934, 51.1224, 60.521], [16.4758, 24.0476, 29.4071]]","[[73.0889, 101.7985, 124.6731], [47.7035, 68.3552, 82.1496], [77.7122, 108.9384, 133.6649], [45.9348, 65.8699, 80.5671], [25.257, 35.7401, 43.4137]]","[[-0.0889, -0.0256, 0.0232], [0.0073, 0.037, 0.0523], [-0.0107, -0.0298, -0.0443], [1.0547, 1.3428, 2.4262], [-0.0256, -0.0756, -0.1035]]",GPU,KEEP,
20260912_055901_loop_tfm_hma_slope10_volnorm,2026-09-12T05:59:01,loop,tfm,btc_1min_2y_2024-09-03_2026-09-03,822935ae5e8f,8587,hma_slope10_volnorm,125,"{""fold1_2025-01-07"": [1, 1, 1], ""fold2_2025-05-30"": [1, 1, 1], ""fold3_2025-10-19"": [1, 1, 1], ""fold4_2026-03-11"": [1, 1, 1], ""fold5_2026-08-01"": [1, 1, 1]}",S_m,-0.006354425731580626,0.26666666666666666,-0.0583672639854349,-0.0631629541941292,"[[73.6572, 103.4822, 127.0438], [48.7257, 69.9741, 84.1222], [84.4012, 118.3465, 148.4376], [127.6865, 185.5531, 107.1386], [25.5867, 36.2226, 44.0389]]","[[51.6511, 74.0939, 92.1808], [33.278, 48.3833, 59.7257], [56.7671, 81.5072, 102.179], [35.1788, 51.0262, 60.3978], [16.4757, 24.0492, 29.4217]]","[[73.0889, 101.7985, 124.6731], [47.7035, 68.3552, 82.1496], [77.7122, 108.9384, 133.6649], [45.9348, 65.8699, 80.5671], [25.257, 35.7401, 43.4137]]","[[-0.0286, -0.0632, -0.0297], [-0.0001, -0.0009, -0.0012], [0.0253, -0.0515, -0.0064], [0.7344, 0.9846, 0.7706], [-0.0575, -0.0334, -0.0589]]",GPU,KEEP,
20260912_055902_loop_tfm_hma_slope15_volnorm,2026-09-12T05:59:02,loop,tfm,btc_1min_2y_2024-09-03_2026-09-03,822935ae5e8f,8587,hma_slope15_volnorm,126,"{""fold1_2025-01-07"": [1, 1, 1], ""fold2_2025-05-30"": [1, 1, 1], ""fold3_2025-10-19"": [1, 1, 1], ""fold4_2026-03-11"": [1, 1, 1], ""fold5_2026-08-01"": [1, 1, 1]}",S_m,0.003299781189647355,0.5333333333333333,-0.0647141861327949,-0.08920484482355384,"[[73.6548, 103.4696, 127.0296], [48.7299, 70.0026, 84.1817], [84.4046, 118.3566, 148.3569], [126.3895, 182.8848, 104.8602], [25.5817, 36.2427, 44.0782]]","[[51.6554, 74.112, 92.2119], [33.2759, 48.4668, 59.7854], [56.7716, 81.5127, 102.2264], [35.2884, 51.2331, 60.6705], [16.4748, 24.0592, 29.439]]","[[73.0889, 101.7985, 124.6731], [47.7035, 68.3552, 82.1496], [77.7122, 108.9384, 133.6649], [45.9348, 65.8699, 80.5671], [25.257, 35.7401, 43.4137]]","[[0.0033, 0.0122, 0.0112], [-0.0088, -0.0407, -0.0707], [-0.004, -0.0085, 0.0544], [1.0157, 1.438, 2.1266], [0.0196, -0.0557, -0.0892]]",GPU,KEEP,
20260912_055903_loop_tfm_macd_hist_2_5_2_volnorm,2026-09-12T05:59:03,loop,tfm,btc_1min_2y_2024-09-03_2026-09-03,822935ae5e8f,8587,macd_hist_2_5_2_volnorm,127,"{""fold1_2025-01-07"": [1, 1, 1], ""fold2_2025-05-30"": [1, 1, 1], ""fold3_2025-10-19"": [1, 1, 1], ""fold4_2026-03-11"": [1, 1, 1], ""fold5_2026-08-01"": [1, 1, 1]}",S_m,-0.00589404941260252,0.4,-0.4778242773137319,-1.4698495124552124,"[[73.6513, 103.4685, 127.0501], [48.7346, 70.0231, 84.1845], [84.2704, 118.2749, 148.1499], [126.4928, 184.2416, 106.4015], [25.587, 36.2449, 44.077]]","[[51.657, 74.1116, 92.2129], [33.2815, 48.4849, 59.7846], [56.6597, 81.4645, 101.9893], [35.2907, 51.3691, 60.8673], [16.4747, 24.0569, 29.4387]]","[[73.0889, 101.7985, 124.6731], [47.7035, 68.3552, 82.1496], [77.7122, 108.9384, 133.6649], [45.9348, 65.8699, 80.5671], [25.257, 35.7401, 43.4137]]","[[0.0047, 0.0011, -0.0161], [-0.0095, -0.0293, -0.0033], [0.159, 0.069, 0.1395], [-0.0817, -0.7419, -1.4698], [-0.0206, -0.0059, 0.0028]]",GPU,KEEP,
20260912_055904_loop_tfm_macd_hist_2_8_3_volnorm,2026-09-12T05:59:04,loop,tfm,btc_1min_2y_2024-09-03_2026-09-03,822935ae5e8f,8587,macd_hist_2_8_3_volnorm,128,"{""fold1_2025-01-07"": [1, 1, 1], ""fold2_2025-05-30"": [1, 1, 1], ""fold3_2025-10-19"": [1, 1, 1], ""fold4_2026-03-11"": [1, 1, 1], ""fold5_2026-08-01"": [1, 1, 1]}",S_m,0.00043811479502053885,0.5333333333333333,-0.023064296532955275,-0.07527449434954203,"[[73.6497, 103.4925, 127.0544], [48.735, 70.0391, 84.2479], [84.2642, 118.2743, 148.1595], [125.8465, 182.9746, 105.8156], [25.5847, 36.2491, 44.0743]]","[[51.6578, 74.1429, 92.2146], [33.2827, 48.4933, 59.8256], [56.6611, 81.4839, 102.0213], [35.31, 51.4209, 60.8885], [16.4725, 24.0601, 29.4372]]","[[73.0889, 101.7985, 124.6731], [47.7035, 68.3552, 82.1496], [77.7122, 108.9384, 133.6649], [45.9348, 65.8699, 80.5671], [25.257, 35.7401, 43.4137]]","[[0.0022, -0.0232, -0.0034], [-0.0009, -0.0228, -0.0753], [0.0074, 0.0004, -0.0065], [0.5109, 0.6877, 0.5507], [0.0088, -0.0118, 0.006]]",GPU,KEEP,
20260912_055904_loop_tfm_macd_hist_3_10_3_volnorm,2026-09-12T05:59:04,loop,tfm,btc_1min_2y_2024-09-03_2026-09-03,822935ae5e8f,8587,macd_hist_3_10_3_volnorm,129,"{""fold1_2025-01-07"": [1, 1, 1], ""fold2_2025-05-30"": [1, 1, 1], ""fold3_2025-10-19"": [1, 1, 1], ""fold4_2026-03-11"": [1, 1, 1], ""fold5_2026-08-01"": [1, 1, 1]}",S_m,-0.00037541880237856873,0.4,-0.05763583571996911,-0.9632554279753514,"[[73.6563, 103.4647, 127.0508], [48.7352, 70.0307, 84.2357], [84.2643, 118.2919, 148.1618], [125.8935, 184.7371, 105.8848], [25.5844, 36.2429, 44.0946]]","[[51.6941, 74.1432, 92.2754], [33.2933, 48.4943, 59.8376], [56.6106, 81.5271, 102.1144], [35.3125, 51.4986, 60.8925], [16.4718, 24.0582, 29.45]]","[[73.0889, 101.7985, 124.6731], [47.7035, 68.3552, 82.1496], [77.7122, 108.9384, 133.6649], [45.9348, 65.8699, 80.5671], [25.257, 35.7401, 43.4137]]","[[-0.009, 0.0269, 0.0028], [-0.0004, 0.012, 0.0144], [-0.0001, -0.0148, -0.0016], [-0.0373, -0.9633, -0.0654], [0.0013, 0.0173, -0.046]]",GPU,KEEP,
20260912_055905_loop_tfm_macd_hist_4_10_4_volnorm,2026-09-12T05:59:05,loop,tfm,btc_1min_2y_2024-09-03_2026-09-03,822935ae5e8f,8587,macd_hist_4_10_4_volnorm,130,"{""fold1_2025-01-07"": [1, 1, 1], ""fold2_2025-05-30"": [1, 1, 1], ""fold3_2025-10-19"": [1, 1, 1], ""fold4_2026-03-11"": [1, 1, 1], ""fold5_2026-08-01"": [1, 1, 1]}",S_m,-0.010155070279682654,0.4,-0.8466954581933361,-1.4060185638418599,"[[73.6558, 103.4627, 127.0448], [48.738, 70.0378, 84.2654], [84.2611, 118.2045, 148.1144], [127.1044, 185.9822, 107.3736], [25.598, 36.276, 44.1313]]","[[51.6925, 74.119, 92.2679], [33.2918, 48.5037, 59.8776], [56.6094, 81.4287, 102.0766], [35.3351, 51.5262, 60.9835], [16.4726, 24.0817, 29.474]]","[[73.0889, 101.7985, 124.6731], [47.7035, 68.3552, 82.1496], [77.7122, 108.9384, 133.6649], [45.9348, 65.8699, 80.5671], [25.257, 35.7401, 43.4137]]","[[0.0008, 0.0019, 0.0048], [-0.0058, -0.0102, -0.0352], [0.0038, 0.0739, 0.032], [-0.9619, -0.674, -1.406], [-0.0533, -0.0914, -0.0832]]",GPU,KEEP,
20260912_055906_loop_tfm_macd_hist_5_15_5_volnorm,2026-09-12T05:59:06,loop,tfm,btc_1min_2y_2024-09-03_2026-09-03,822935ae5e8f,8587,macd_hist_5_15_5_volnorm,131,"{""fold1_2025-01-07"": [1, 1, 1], ""fold2_2025-05-30"": [1, 1, 1], ""fold3_2025-10-19"": [1, 1, 1], ""fold4_2026-03-11"": [1, 1, 1], ""fold5_2026-08-01"": [1, 1, 1]}",S_m,0.02286453202265948,0.8666666666666667,-0.004272930388484751,-0.05777172283820686,"[[73.6535, 103.4514, 127.0282], [48.7269, 70.0069, 84.2197], [84.1908, 118.0697, 147.8901], [127.1778, 185.9982, 107.1916], [25.593, 36.2618, 44.1302]]","[[51.693, 74.1075, 92.2639], [33.2916, 48.5205, 59.8769], [56.578, 81.3506, 101.9345], [35.333, 51.5244, 61.0253], [16.4662, 24.0727, 29.4734]]","[[73.0889, 101.7985, 124.6731], [47.7035, 68.3552, 82.1496], [77.7122, 108.9384, 133.6649], [45.9348, 65.8699, 80.5671], [25.257, 35.7401, 43.4137]]","[[0.0031, 0.0109, 0.013], [0.0229, 0.0442, 0.0542], [0.0834, 0.114, 0.1515], [-0.0578, -0.0086, 0.1695], [0.0195, 0.039, 0.0023]]",GPU,KEEP,
20260912_055907_loop_tfm_psar_dir_2,2026-09-12T05:59:07,loop,tfm,btc_1min_2y_2024-09-03_2026-09-03,822935ae5e8f,8587,psar_dir_2,132,"{""fold1_2025-01-07"": [1, 1, 1], ""fold2_2025-05-30"": [1, 1, 1], ""fold3_2025-10-19"": [1, 1, 1], ""fold4_2026-03-11"": [1, 1, 1], ""fold5_2026-08-01"": [1, 1, 1]}",S_m,-0.00433348533497302,0.26666666666666666,-0.022824934237419825,-0.08184226080913959,"[[73.6534, 103.4539, 127.0279], [48.7293, 70.0184, 84.2214], [84.1864, 118.0777, 147.8913], [126.673, 186.0354, 107.2793], [25.5941, 36.2649, 44.1412]]","[[51.6928, 74.1081, 92.2623], [33.2971, 48.5434, 59.8942], [56.5768, 81.3558, 101.9328], [35.3745, 51.5242, 61.0291], [16.4673, 24.076, 29.4819]]","[[73.0889, 101.7985, 124.6731], [47.7035, 68.3552, 82.1496], [77.7122, 108.9384, 133.6649], [45.9348, 65.8699, 80.5671], [25.257, 35.7401, 43.4137]]","[[0.0, -0.0025, 0.0003], [-0.005, -0.0164, -0.002], [0.0052, -0.0068, -0.0008], [0.3969, -0.02, -0.0818], [-0.0043, -0.0085, -0.0247]]",GPU,KEEP,
20260912_055907_loop_tfm_psar_dir_3,2026-09-12T05:59:07,loop,tfm,btc_1min_2y_2024-09-03_2026-09-03,822935ae5e8f,8587,psar_dir_3,133,"{""fold1_2025-01-07"": [1, 1, 1], ""fold2_2025-05-30"": [1, 1, 1], ""fold3_2025-10-19"": [1, 1, 1], ""fold4_2026-03-11"": [1, 1, 1], ""fold5_2026-08-01"": [1, 1, 1]}",S_m,0.0003702708786246234,0.5333333333333333,-0.04994994906424743,-0.11858888113280841,"[[73.6655, 103.4525, 127.0166], [48.7291, 70.0269, 84.2217], [84.1855, 118.0688, 147.8718], [126.8232, 185.2657, 106.9583], [25.5956, 36.2741, 44.1704]]","[[51.7117, 74.1168, 92.2468], [33.2973, 48.5526, 59.8948], [56.579, 81.3785, 101.9942], [35.3797, 51.534, 61.0335], [16.4685, 24.0818, 29.4887]]","[[73.0889, 101.7985, 124.6731], [47.7035, 68.3552, 82.1496], [77.7122, 108.9384, 133.6649], [45.9348, 65.8699, 80.5671], [25.257, 35.7401, 43.4137]]","[[-0.0163, 0.0014, 0.0089], [0.0004, -0.0121, -0.0003], [0.0011, 0.0076, 0.0132], [-0.1186, 0.4137, 0.2992], [-0.0059, -0.0254, -0.0663]]",GPU,KEEP,
20260912_055908_loop_tfm_psar_dir_4,2026-09-12T05:59:08,loop,tfm,btc_1min_2y_2024-09-03_2026-09-03,822935ae5e8f,8587,psar_dir_4,134,"{""fold1_2025-01-07"": [1, 1, 1], ""fold2_2025-05-30"": [1, 1, 1], ""fold3_2025-10-19"": [1, 1, 1], ""fold4_2026-03-11"": [1, 1, 1], ""fold5_2026-08-01"": [1, 1, 1]}",S_m,-0.0014099425625913042,0.4,-1.5443040050283008,-1.8198932975515447,"[[73.6581, 103.4401, 127.0074], [48.7234, 70.0493, 84.239], [84.188, 118.0611, 147.8633], [129.1313, 188.2319, 108.5191], [25.5963, 36.2745, 44.171]]","[[51.7044, 74.1093, 92.245], [33.2918, 48.5684, 59.9022], [56.5804, 81.3799, 101.9925], [35.5789, 51.7552, 61.2088], [16.4686, 24.082, 29.49]]","[[73.0889, 101.7985, 124.6731], [47.7035, 68.3552, 82.1496], [77.7122, 108.9384, 133.6649], [45.9348, 65.8699, 80.5671], [25.257, 35.7401, 43.4137]]","[[0.01, 0.0121, 0.0072], [0.0118, -0.0319, -0.0205], [-0.003, 0.0065, 0.0057], [-1.8199, -1.601, -1.4593], [-0.0025, -0.0012, -0.0014]]",GPU,KEEP,
20260912_055909_loop_tfm_psar_dir_5,2026-09-12T05:59:09,loop,tfm,btc_1min_2y_2024-09-03_2026-09-03,822935ae5e8f,8587,psar_dir_5,135,"{""fold1_2025-01-07"": [1, 1, 1], ""fold2_2025-05-30"": [1, 1, 1], ""fold3_2025-10-19"": [1, 1, 1], ""fold4_2026-03-11"": [1, 1, 1], ""fold5_2026-08-01"": [1, 1, 1]}",S_m,0.0022365868727614036,0.5333333333333333,-0.02296189720253139,-0.0291267661383543,"[[73.6701, 103.4421, 127.0091], [48.7202, 70.0557, 84.2353], [84.1981, 118.0954, 147.9038], [128.9391, 188.0495, 108.401], [25.5932, 36.2737, 44.1681]]","[[51.7145, 74.1112, 92.2469], [33.2888, 48.5958, 59.9423], [56.6617, 81.4298, 102.0483], [35.5733, 51.7813, 61.2433], [16.4657, 24.0809, 29.4854]]","[[73.0889, 101.7985, 124.6731], [47.7035, 68.3552, 82.1496], [77.7122, 108.9384, 133.6649], [45.9348, 65.8699, 80.5671], [25.257, 35.7401, 43.4137]]","[[-0.0163, -0.002, -0.0013], [0.0065, -0.0092, 0.0043], [-0.0119, -0.0291, -0.0274], [0.1488, 0.0969, 0.1088], [0.0121, 0.0022, 0.0066]]",GPU,KEEP,
20260912_055910_loop_tfm_psar_dir_8,2026-09-12T05:59:10,loop,tfm,btc_1min_2y_2024-09-03_2026-09-03,822935ae5e8f,8587,psar_dir_8,136,"{""fold1_2025-01-07"": [1, 1, 1], ""fold2_2025-05-30"": [1, 1, 1], ""fold3_2025-10-19"": [1, 1, 1], ""fold4_2026-03-11"": [1, 1, 1], ""fold5_2026-08-01"": [1, 1, 1]}",S_m,-0.00019885223676574526,0.4666666666666667,-0.020621484473060114,-0.04058106669746486,"[[73.6704, 103.4432, 127.0072], [48.7271, 70.0597, 84.2542], [84.1972, 118.1434, 147.9304], [128.6383, 187.8667, 108.0571], [25.5912, 36.2737, 44.1682]]","[[51.7135, 74.1086, 92.2488], [33.293, 48.5949, 59.9389], [56.6604, 81.5048, 102.1057], [35.5668, 51.7727, 61.2345], [16.4638, 24.0811, 29.4858]]","[[73.0889, 101.7985, 124.6731], [47.7035, 68.3552, 82.1496], [77.7122, 108.9384, 133.6649], [45.9348, 65.8699, 80.5671], [25.257, 35.7401, 43.4137]]","[[-0.0004, -0.001, 0.0015], [-0.0141, -0.0057, -0.0224], [0.0011, -0.0406, -0.018], [0.2333, 0.0972, 0.3173], [0.0079, 0.0001, -0.0002]]",GPU,KEEP,
20260912_055910_loop_tfm_psar_dir_10,2026-09-12T05:59:10,loop,tfm,btc_1min_2y_2024-09-03_2026-09-03,822935ae5e8f,8587,psar_dir_10,137,"{""fold1_2025-01-07"": [1, 1, 1], ""fold2_2025-05-30"": [1, 1, 1], ""fold3_2025-10-19"": [1, 1, 1], ""fold4_2026-03-11"": [1, 1, 1], ""fold5_2026-08-01"": [1, 1, 1]}",S_m,-0.00703025177126726,0.2,-0.1714188281648621,-0.22697891827641037,"[[73.6916, 103.4521, 127.0064], [48.7294, 70.0646, 84.2279], [84.184, 118.1456, 147.9502], [128.8923, 188.2931, 108.2001], [25.5917, 36.2739, 44.172]]","[[51.7369, 74.1208, 92.2474], [33.2724, 48.5901, 59.8968], [56.6729, 81.5155, 102.1247], [35.579, 51.8005, 61.2371], [16.4632, 24.082, 29.4917]]","[[73.0889, 101.7985, 124.6731], [47.7035, 68.3552, 82.1496], [77.7122, 108.9384, 133.6649], [45.9348, 65.8699, 80.5671], [25.257, 35.7401, 43.4137]]","[[-0.0287, -0.0086, 0.0006], [-0.0047, -0.007, 0.0311], [0.0156, -0.0019, -0.0134], [-0.1975, -0.227, -0.1323], [-0.0021, -0.0004, -0.0086]]",GPU,KEEP,
20260912_055911_loop_tfm_psar_dir_15,2026-09-12T05:59:11,loop,tfm,btc_1min_2y_2024-09-03_2026-09-03,822935ae5e8f,8587,psar_dir_15,138,"{""fold1_2025-01-07"": [1, 1, 1], ""fold2_2025-05-30"": [1, 1, 1], ""fold3_2025-10-19"": [1, 1, 1], ""fold4_2026-03-11"": [1, 1, 1], ""fold5_2026-08-01"": [1, 1, 1]}",S_m,-0.02115059589344881,0.26666666666666666,-0.19632056423824373,-0.2373044077183195,"[[73.6874, 103.473, 127.0332], [48.7279, 70.1016, 84.3427], [84.1876, 118.1452, 147.9181], [129.0638, 188.74, 108.4558], [25.5963, 36.2885, 44.1845]]","[[51.7222, 74.1259, 92.2575], [33.2665, 48.6516, 60.0713], [56.6811, 81.5154, 102.1233], [35.5928, 51.8317, 61.2648], [16.4672, 24.0896, 29.5085]]","[[73.0889, 101.7985, 124.6731], [47.7035, 68.3552, 82.1496], [77.7122, 108.9384, 133.6649], [45.9348, 65.8699, 80.5671], [25.257, 35.7401, 43.4137]]","[[0.0056, -0.0202, -0.0212], [0.0032, -0.0528, -0.1363], [-0.0042, 0.0003, 0.0217], [-0.133, -0.2373, -0.2363], [-0.0178, -0.0404, -0.0283]]",GPU,KEEP,
20260912_055912_loop_tfm_psar_logdist_2,2026-09-12T05:59:12,loop,tfm,btc_1min_2y_2024-09-03_2026-09-03,822935ae5e8f,8587,psar_logdist_2,139,"{""fold1_2025-01-07"": [1, 1, 1], ""fold2_2025-05-30"": [1, 1, 1], ""fold3_2025-10-19"": [1, 1, 1], ""fold4_2026-03-11"": [1, 1, 1], ""fold5_2026-08-01"": [1, 1, 1]}",S_m,-0.010635593948604694,0.4666666666666667,-0.07594875407013202,-0.10561146587326764,"[[73.7182, 103.4605, 127.0172], [48.7236, 70.1091, 84.3919], [84.0902, 118.2488, 147.9387], [129.1354, 188.7605, 108.5703], [25.5782, 36.275, 44.1672]]","[[51.757, 74.1054, 92.2252], [33.2544, 48.6622, 60.1262], [56.6929, 81.5488, 102.1568], [35.5791, 51.8303, 61.2691], [16.4579, 24.0735, 29.4956]]","[[73.0889, 101.7985, 124.6731], [47.7035, 68.3552, 82.1496], [77.7122, 108.9384, 133.6649], [45.9348, 65.8699, 80.5671], [25.257, 35.7401, 43.4137]]","[[-0.0417, 0.0121, 0.0126], [0.0087, -0.0106, -0.0583], [0.1157, -0.0877, -0.0139], [-0.0555, -0.0109, -0.1056], [0.0706, 0.0374, 0.0392]]",GPU,KEEP,
20260912_055913_loop_tfm_psar_logdist_3,2026-09-12T05:59:13,loop,tfm,btc_1min_2y_2024-09-03_2026-09-03,822935ae5e8f,8587,psar_logdist_3,140,"{""fold1_2025-01-07"": [1, 1, 1], ""fold2_2025-05-30"": [1, 1, 1], ""fold3_2025-10-19"": [1, 1, 1], ""fold4_2026-03-11"": [1, 1, 1], ""fold5_2026-08-01"": [1, 1, 1]}",S_m,-0.02532831385935186,0.2,-0.10843119747002916,-0.796445082439301,"[[73.7161, 103.4644, 127.0509], [48.7632, 70.1512, 84.4124], [84.1087, 118.2393, 148.0117], [128.5936, 188.9993, 109.435], [25.5853, 36.2842, 44.1713]]","[[51.7582, 74.1259, 92.2502], [33.2897, 48.706, 60.1477], [56.544, 81.2906, 102.1689], [35.5709, 51.834, 61.3031], [16.4623, 24.0839, 29.5006]]","[[73.0889, 101.7985, 124.6731], [47.7035, 68.3552, 82.1496], [77.7122, 108.9384, 133.6649], [45.9348, 65.8699, 80.5671], [25.257, 35.7401, 43.4137]]","[[0.0027, -0.0038, -0.0265], [-0.0813, -0.0601, -0.0242], [-0.022, 0.008, -0.0493], [0.4196, -0.1265, -0.7964], [-0.0279, -0.0253, -0.0092]]",GPU,KEEP,
20260912_055914_loop_tfm_psar_logdist_4,2026-09-12T05:59:14,loop,tfm,btc_1min_2y_2024-09-03_2026-09-03,822935ae5e8f,8587,psar_logdist_4,141,"{""fold1_2025-01-07"": [1, 1, 1], ""fold2_2025-05-30"": [1, 1, 1], ""fold3_2025-10-19"": [1, 1, 1], ""fold4_2026-03-11"": [1, 1, 1], ""fold5_2026-08-01"": [1, 1, 1]}",S_m,0.0031765148849838276,0.6,-0.04967501116559081,-0.126280837135484,"[[73.728, 103.595, 127.1101], [48.7624, 70.149, 84.4279], [83.7669, 118.1037, 147.9906], [128.4321, 187.6941, 108.7626], [25.5879, 36.2771, 44.1941]]","[[51.7666, 74.1783, 92.2737], [33.2933, 48.7056, 60.1576], [56.2662, 81.244, 102.1638], [35.554, 51.7484, 61.2114], [16.4705, 24.0752, 29.5001]]","[[73.0889, 101.7985, 124.6731], [47.7035, 68.3552, 82.1496], [77.7122, 108.9384, 133.6649], [45.9348, 65.8699, 80.5671], [25.257, 35.7401, 43.4137]]","[[-0.0161, -0.1263, -0.0466], [0.0018, 0.0032, -0.0183], [0.4064, 0.1147, 0.0142], [0.1256, 0.6906, 0.6145], [-0.0101, 0.0193, -0.0517]]",GPU,KEEP,
20260912_055914_loop_tfm_psar_logdist_5,2026-09-12T05:59:14,loop,tfm,btc_1min_2y_2024-09-03_2026-09-03,822935ae5e8f,8587,psar_logdist_5,142,"{""fold1_2025-01-07"": [1, 1, 1], ""fold2_2025-05-30"": [1, 1, 1], ""fold3_2025-10-19"": [1, 1, 1], ""fold4_2026-03-11"": [1, 1, 1], ""fold5_2026-08-01"": [1, 1, 1]}",S_m,-0.017497990560411125,0.4,-0.09295879344353164,-0.16138999146706468,"[[73.7472, 103.6072, 127.1524], [48.7829, 70.1989, 84.5186], [83.6596, 118.0454, 148.2294], [128.2825, 187.5859, 108.6118], [25.5774, 36.2835, 44.2148]]","[[51.7797, 74.1846, 92.32], [33.282, 48.6894, 60.1364], [56.1167, 81.2217, 102.0549], [35.5699, 51.7617, 61.2611], [16.4561, 24.0665, 29.5133]]","[[73.0889, 101.7985, 124.6731], [47.7035, 68.3552, 82.1496], [77.7122, 108.9384, 133.6649], [45.9348, 65.8699, 80.5671], [25.257, 35.7401, 43.4137]]","[[-0.026, -0.0117, -0.0333], [-0.0421, -0.0712, -0.1074], [0.1281, 0.0494, -0.1614], [0.1164, 0.0577, 0.1386], [0.041, -0.0175, -0.0467]]",GPU,KEEP,
20260912_055915_loop_tfm_psar_logdist_8,2026-09-12T05:59:15,loop,tfm,btc_1min_2y_2024-09-03_2026-09-03,822935ae5e8f,8587,psar_logdist_8,143,"{""fold1_2025-01-07"": [1, 1, 1], ""fold2_2025-05-30"": [1, 1, 1], ""fold3_2025-10-19"": [1, 1, 1], ""fold4_2026-03-11"": [1, 1, 1], ""fold5_2026-08-01"": [1, 1, 1]}",S_m,-0.032661308463755034,0.26666666666666666,-0.10999458739326506,-0.15127635961214025,"[[73.7508, 103.6068, 127.1608], [48.7988, 70.2616, 84.6464], [83.5014, 118.1103, 148.298], [128.2864, 187.5614, 108.5765], [25.5989, 36.326, 44.2586]]","[[51.7808, 74.1845, 92.3187], [33.29, 48.7385, 60.2239], [55.9866, 81.2835, 102.1032], [35.5717, 51.7543, 61.2419], [16.4643, 24.0823, 29.5183]]","[[73.0889, 101.7985, 124.6731], [47.7035, 68.3552, 82.1496], [77.7122, 108.9384, 133.6649], [45.9348, 65.8699, 80.5671], [25.257, 35.7401, 43.4137]]","[[-0.0049, 0.0004, -0.0066], [-0.0327, -0.0893, -0.1513], [0.1891, -0.0551, -0.0462], [-0.003, 0.013, 0.0325], [-0.0841, -0.1173, -0.0991]]",GPU,KEEP,
20260912_055916_loop_tfm_psar_logdist_10,2026-09-12T05:59:16,loop,tfm,btc_1min_2y_2024-09-03_2026-09-03,822935ae5e8f,8587,psar_logdist_10,144,"{""fold1_2025-01-07"": [1, 1, 1], ""fold2_2025-05-30"": [1, 1, 1], ""fold3_2025-10-19"": [1, 1, 1], ""fold4_2026-03-11"": [1, 1, 1], ""fold5_2026-08-01"": [1, 1, 1]}",S_m,-0.014905920084795632,0.3333333333333333,-0.4262499301912115,-0.4292180580756755,"[[73.7465, 103.6043, 127.1628], [48.8298, 70.2674, 84.6669], [83.2356, 118.0784, 148.4633], [128.8368, 188.3665, 109.0346], [25.6027, 36.3213, 44.2654]]","[[51.7656, 74.177, 92.3237], [33.3103, 48.7373, 60.2729], [55.9749, 81.2768, 102.2189], [35.6172, 51.8226, 61.2765], [16.4651, 24.0765, 29.5241]]","[[73.0889, 101.7985, 124.6731], [47.7035, 68.3552, 82.1496], [77.7122, 108.9384, 133.6649], [45.9348, 65.8699, 80.5671], [25.257, 35.7401, 43.4137]]","[[0.0059, 0.0024, -0.0015], [-0.0634, -0.0082, -0.0242], [0.3182, 0.027, -0.1115], [-0.4291, -0.4292, -0.422], [-0.0149, 0.013, -0.0154]]",GPU,KEEP,
20260912_055917_loop_tfm_psar_logdist_15,2026-09-12T05:59:17,loop,tfm,btc_1min_2y_2024-09-03_2026-09-03,822935ae5e8f,8587,psar_logdist_15,145,"{""fold1_2025-01-07"": [1, 1, 1], ""fold2_2025-05-30"": [1, 1, 1], ""fold3_2025-10-19"": [1, 1, 1], ""fold4_2026-03-11"": [1, 1, 1], ""fold5_2026-08-01"": [1, 1, 1]}",S_m,-0.007485577489263484,0.4666666666666667,-1.670151754015139,-3.509967948459347,"[[73.7399, 103.612, 127.1544], [48.8233, 70.2477, 84.6922], [83.1908, 117.8108, 148.1759], [130.613, 191.8786, 112.8617], [25.606, 36.3331, 44.2987]]","[[51.7666, 74.1675, 92.2883], [33.3014, 48.7424, 60.2696], [55.9278, 81.0063, 102.2431], [35.6687, 51.9332, 61.4393], [16.4641, 24.0829, 29.5541]]","[[73.0889, 101.7985, 124.6731], [47.7035, 68.3552, 82.1496], [77.7122, 108.9384, 133.6649], [45.9348, 65.8699, 80.5671], [25.257, 35.7401, 43.4137]]","[[0.0089, -0.0075, 0.0066], [0.0133, 0.028, -0.0299], [0.0539, 0.2267, 0.1936], [-1.3786, -1.8645, -3.51], [-0.0127, -0.0324, -0.0754]]",GPU,KEEP,
20260912_055917_loop_tfm_psar_age_log_2,2026-09-12T05:59:17,loop,tfm,btc_1min_2y_2024-09-03_2026-09-03,822935ae5e8f,8587,psar_age_log_2,146,"{""fold1_2025-01-07"": [1, 1, 1], ""fold2_2025-05-30"": [1, 1, 1], ""fold3_2025-10-19"": [1, 1, 1], ""fold4_2026-03-11"": [1, 1, 1], ""fold5_2026-08-01"": [1, 1, 1]}",S_m,0.004862176952624697,0.6666666666666666,-0.008926577267169833,-0.548788838323766,"[[73.7354, 103.6015, 127.1512], [48.823, 70.2485, 84.6961], [83.1757, 117.805, 148.1935], [131.3298, 188.0132, 110.9794], [25.6021, 36.3279, 44.2998]]","[[51.7652, 74.1655, 92.2735], [33.3062, 48.7434, 60.2562], [55.9361, 81.0294, 102.256], [35.6882, 51.8294, 61.3599], [16.4607, 24.079, 29.5548]]","[[73.0889, 101.7985, 124.6731], [47.7035, 68.3552, 82.1496], [77.7122, 108.9384, 133.6649], [45.9348, 65.8699, 80.5671], [25.257, 35.7401, 43.4137]]","[[0.0062, 0.0102, 0.0025], [0.0005, -0.0012, -0.0045], [0.0181, 0.0049, -0.0119], [-0.5488, 2.0145, 1.6678], [0.0153, 0.0143, -0.0024]]",GPU,KEEP,
20260912_055918_loop_tfm_psar_age_log_3,2026-09-12T05:59:18,loop,tfm,btc_1min_2y_2024-09-03_2026-09-03,822935ae5e8f,8587,psar_age_log_3,147,"{""fold1_2025-01-07"": [1, 1, 1], ""fold2_2025-05-30"": [1, 1, 1], ""fold3_2025-10-19"": [1, 1, 1], ""fold4_2026-03-11"": [1, 1, 1], ""fold5_2026-08-01"": [1, 1, 1]}",S_m,0.0025355965682427595,0.6,-0.00859236281647302,-0.026793028760718762,"[[73.7551, 103.6089, 127.1634], [48.8248, 70.2308, 84.6673], [83.1767, 117.802, 148.1883], [130.7705, 187.4153, 110.5926], [25.5988, 36.3278, 44.3003]]","[[51.7732, 74.1752, 92.2753], [33.301, 48.7196, 60.228], [55.932, 81.0309, 102.2539], [35.6779, 51.7771, 61.3197], [16.473, 24.081, 29.556]]","[[73.0889, 101.7985, 124.6731], [47.7035, 68.3552, 82.1496], [77.7122, 108.9384, 133.6649], [45.9348, 65.8699, 80.5671], [25.257, 35.7401, 43.4137]]","[[-0.0268, -0.0071, -0.0096], [-0.0036, 0.0253, 0.034], [-0.0012, 0.0025, 0.0035], [0.4258, 0.318, 0.3486], [0.0128, 0.0002, -0.0011]]",GPU,KEEP,
20260912_055919_loop_tfm_psar_age_log_4,2026-09-12T05:59:19,loop,tfm,btc_1min_2y_2024-09-03_2026-09-03,822935ae5e8f,8587,psar_age_log_4,148,"{""fold1_2025-01-07"": [1, 1, 1], ""fold2_2025-05-30"": [1, 1, 1], ""fold3_2025-10-19"": [1, 1, 1], ""fold4_2026-03-11"": [1, 1, 1], ""fold5_2026-08-01"": [1, 1, 1]}",S_m,-0.0010341461240015448,0.4,-0.026241267513458233,-0.13776164743271035,"[[73.7559, 103.6099, 127.2039], [48.8291, 70.2294, 84.6823], [83.184, 117.8095, 148.1882], [130.6847, 187.6735, 110.5501], [25.596, 36.3284, 44.2994]]","[[51.7797, 74.2031, 92.3396], [33.3182, 48.7239, 60.2572], [55.9521, 81.0506, 102.2547], [35.6739, 51.7883, 61.3193], [16.4777, 24.0816, 29.5554]]","[[73.0889, 101.7985, 124.6731], [47.7035, 68.3552, 82.1496], [77.7122, 108.9384, 133.6649], [45.9348, 65.8699, 80.5671], [25.257, 35.7401, 43.4137]]","[[-0.001, -0.001, -0.0319], [-0.0088, 0.002, -0.0178], [-0.0089, -0.0063, 0.0001], [0.0656, -0.1378, 0.0384], [0.011, -0.0017, 0.002]]",GPU,KEEP,
20260912_055920_loop_tfm_psar_age_log_5,2026-09-12T05:59:20,loop,tfm,btc_1min_2y_2024-09-03_2026-09-03,822935ae5e8f,8587,psar_age_log_5,149,"{""fold1_2025-01-07"": [1, 1, 1], ""fold2_2025-05-30"": [1, 1, 1], ""fold3_2025-10-19"": [1, 1, 1], ""fold4_2026-03-11"": [1, 1, 1], ""fold5_2026-08-01"": [1, 1, 1]}",S_m,-0.0037927377957158726,0.26666666666666666,-1.282691293453957,-3.1302651791313973,"[[73.7563, 103.6219, 127.2018], [48.8327, 70.2593, 84.6964], [83.1872, 117.814, 148.1889], [132.2911, 190.1477, 114.0107], [25.5953, 36.3224, 44.2913]]","[[51.7783, 74.1959, 92.3228], [33.3224, 48.7482, 60.26], [55.9364, 81.0574, 102.2555], [35.7445, 51.8613, 61.4817], [16.4772, 24.0779, 29.5528]]","[[73.0889, 101.7985, 124.6731], [47.7035, 68.3552, 82.1496], [77.7122, 108.9384, 133.6649], [45.9348, 65.8699, 80.5671], [25.257, 35.7401, 43.4137]]","[[-0.0006, -0.0116, 0.0016], [-0.0073, -0.0427, -0.0167], [-0.0038, -0.0038, -0.0005], [-1.2292, -1.3184, -3.1303], [0.0026, 0.0166, 0.0182]]",GPU,KEEP,
20260912_055921_loop_tfm_psar_age_log_8,2026-09-12T05:59:21,loop,tfm,btc_1min_2y_2024-09-03_2026-09-03,822935ae5e8f,8587,psar_age_log_8,150,"{""fold1_2025-01-07"": [1, 1, 1], ""fold2_2025-05-30"": [1, 1, 1], ""fold3_2025-10-19"": [1, 1, 1], ""fold4_2026-03-11"": [1, 1, 1], ""fold5_2026-08-01"": [1, 1, 1]}",S_m,-0.003411917018869559,0.26666666666666666,-0.032790462034979484,-0.07955921479629868,"[[73.7588, 103.6262, 127.1997], [48.8424, 70.2843, 84.7638], [83.1756, 117.8364, 148.1618], [132.2934, 190.1749, 114.0434], [25.5962, 36.3231, 44.2888]]","[[51.7939, 74.1996, 92.3253], [33.3276, 48.764, 60.312], [55.9312, 81.0699, 102.2394], [35.7454, 51.8714, 61.487], [16.4773, 24.078, 29.5484]]","[[73.0889, 101.7985, 124.6731], [47.7035, 68.3552, 82.1496], [77.7122, 108.9384, 133.6649], [45.9348, 65.8699, 80.5671], [25.257, 35.7401, 43.4137]]","[[-0.0034, -0.0041, 0.0017], [-0.02, -0.0355, -0.0796], [0.0139, -0.0191, 0.0183], [-0.0017, -0.0143, -0.0287], [-0.0034, -0.0019, 0.0058]]",GPU,KEEP,
20260912_055921_loop_tfm_psar_age_log_10,2026-09-12T05:59:21,loop,tfm,btc_1min_2y_2024-09-03_2026-09-03,822935ae5e8f,8587,psar_age_log_10,151,"{""fold1_2025-01-07"": [1, 1, 1], ""fold2_2025-05-30"": [1, 1, 1], ""fold3_2025-10-19"": [1, 1, 1], ""fold4_2026-03-11"": [1, 1, 1], ""fold5_2026-08-01"": [1, 1, 1]}",S_m,-0.0001779445834237947,0.4666666666666667,-0.9329926684498169,-1.4644316240007615,"[[73.7815, 103.6263, 127.2001], [48.8419, 70.2855, 84.7857], [83.1554, 117.8301, 148.1433], [133.5343, 192.9598, 115.0988], [25.5944, 36.3199, 44.2873]]","[[51.807, 74.2001, 92.325], [33.3257, 48.7586, 60.3597], [55.9427, 81.0732, 102.2248], [35.7776, 51.9345, 61.528], [16.4776, 24.0781, 29.548]]","[[73.0889, 101.7985, 124.6731], [47.7035, 68.3552, 82.1496], [77.7122, 108.9384, 133.6649], [45.9348, 65.8699, 80.5671], [25.257, 35.7401, 43.4137]]","[[-0.0307, -0.0002, -0.0003], [0.001, -0.0017, -0.0258], [0.0242, 0.0053, 0.0124], [-0.938, -1.4644, -0.9255], [0.0071, 0.0087, 0.0032]]",GPU,KEEP,
20260912_055922_loop_tfm_psar_age_log_15,2026-09-12T05:59:22,loop,tfm,btc_1min_2y_2024-09-03_2026-09-03,822935ae5e8f,8587,psar_age_log_15,152,"{""fold1_2025-01-07"": [1, 1, 1], ""fold2_2025-05-30"": [1, 1, 1], ""fold3_2025-10-19"": [1, 1, 1], ""fold4_2026-03-11"": [1, 1, 1], ""fold5_2026-08-01"": [1, 1, 1]}",S_m,-0.008154786144087822,0.4,-0.9333032758998658,-2.1203089053587254,"[[73.7973, 103.6348, 127.2285], [48.8564, 70.2892, 84.7936], [83.1499, 117.8125, 148.1336], [133.5797, 195.9176, 117.5393], [25.591, 36.3166, 44.2843]]","[[51.8133, 74.2068, 92.3598], [33.3491, 48.7591, 60.3663], [55.9387, 81.0589, 102.1783], [35.7786, 51.9955, 61.5801], [16.475, 24.0787, 29.5461]]","[[73.0889, 101.7985, 124.6731], [47.7035, 68.3552, 82.1496], [77.7122, 108.9384, 133.6649], [45.9348, 65.8699, 80.5671], [25.257, 35.7401, 43.4137]]","[[-0.0214, -0.0082, -0.0224], [-0.0296, -0.0054, -0.0093], [0.0067, 0.0149, 0.0066], [-0.034, -1.5328, -2.1203], [0.0132, 0.0092, 0.0068]]",GPU,KEEP,
20260912_055923_loop_tfm_log_rv2_med2d,2026-09-12T05:59:23,loop,tfm,btc_1min_2y_2024-09-03_2026-09-03,822935ae5e8f,8587,log_rv2_med2d,153,"{""fold1_2025-01-07"": [1, 1, 1], ""fold2_2025-05-30"": [1, 1, 1], ""fold3_2025-10-19"": [1, 1, 1], ""fold4_2026-03-11"": [1, 1, 1], ""fold5_2026-08-01"": [1, 1, 1]}",S_m,-0.007088354016282494,0.3333333333333333,-0.22755001053049284,-0.2619739934581977,"[[73.7978, 103.6215, 127.2004], [48.849, 70.2685, 84.7503], [83.2187, 118.0625, 148.5217], [133.6795, 196.0886, 117.8188], [25.5922, 36.3196, 44.2875]]","[[51.8017, 74.185, 92.2884], [33.334, 48.7179, 60.2899], [56.0397, 81.3313, 102.5526], [35.9079, 52.2906, 61.9455], [16.4736, 24.0743, 29.5476]]","[[73.0889, 101.7985, 124.6731], [47.7035, 68.3552, 82.1496], [77.7122, 108.9384, 133.6649], [45.9348, 65.8699, 80.5671], [25.257, 35.7401, 43.4137]]","[[-0.0007, 0.0128, 0.0221], [0.0151, 0.0294, 0.051], [-0.0828, -0.2121, -0.262], [-0.0747, -0.0873, -0.2378], [-0.0047, -0.0082, -0.0071]]",GPU,KEEP,
20260912_055924_loop_tfm_log_rv3_med2d,2026-09-12T05:59:24,loop,tfm,btc_1min_2y_2024-09-03_2026-09-03,822935ae5e8f,8587,log_rv3_med2d,154,"{""fold1_2025-01-07"": [1, 1, 1], ""fold2_2025-05-30"": [1, 1, 1], ""fold3_2025-10-19"": [1, 1, 1], ""fold4_2026-03-11"": [1, 1, 1], ""fold5_2026-08-01"": [1, 1, 1]}",S_m,-0.000885232667346969,0.4666666666666667,-0.060677834699949244,-0.10994760754579058,"[[73.8012, 103.6228, 127.1978], [48.8685, 70.321, 84.8435], [83.2391, 118.0458, 148.4383], [132.0463, 193.1732, 115.8423], [25.5924, 36.318, 44.2887]]","[[51.8104, 74.1769, 92.2945], [33.3738, 48.789, 60.4206], [56.0746, 81.3159, 102.4948], [36.2574, 53.2092, 63.1352], [16.4736, 24.0736, 29.5472]]","[[73.0889, 101.7985, 124.6731], [47.7035, 68.3552, 82.1496], [77.7122, 108.9384, 133.6649], [45.9348, 65.8699, 80.5671], [25.257, 35.7401, 43.4137]]","[[-0.0046, -0.0012, 0.002], [-0.0398, -0.0746, -0.1099], [-0.0245, 0.0141, 0.0561], [1.2217, 1.4867, 1.6776], [-0.0009, 0.0042, -0.0028]]",GPU,KEEP,
20260912_055925_loop_tfm_log_rv4_med2d,2026-09-12T05:59:25,loop,tfm,btc_1min_2y_2024-09-03_2026-09-03,822935ae5e8f,8587,log_rv4_med2d,155,"{""fold1_2025-01-07"": [1, 1, 1], ""fold2_2025-05-30"": [1, 1, 1], ""fold3_2025-10-19"": [1, 1, 1], ""fold4_2026-03-11"": [1, 1, 1], ""fold5_2026-08-01"": [1, 1, 1]}",S_m,0.019919377247523684,0.6,-0.01636676637436718,-0.01849098262798332,"[[73.8122, 103.642, 127.2123], [48.8664, 70.2953, 84.8266], [83.1882, 117.9124, 148.1708], [131.0848, 191.4367, 115.0376], [25.5969, 36.3194, 44.2926]]","[[51.826, 74.1924, 92.3151], [33.3679, 48.7366, 60.3835], [55.9964, 81.1576, 102.166], [36.7472, 54.4138, 65.0095], [16.4751, 24.0726, 29.545]]","[[73.0889, 101.7985, 124.6731], [47.7035, 68.3552, 82.1496], [77.7122, 108.9384, 133.6649], [45.9348, 65.8699, 80.5671], [25.257, 35.7401, 43.4137]]","[[-0.0149, -0.0185, -0.0114], [0.0042, 0.0366, 0.0199], [0.0612, 0.1131, 0.1802], [0.7281, 0.899, 0.6946], [-0.0173, -0.0037, -0.0089]]",GPU,KEEP,
20260912_055925_loop_tfm_log_rv5_med2d,2026-09-12T05:59:25,loop,tfm,btc_1min_2y_2024-09-03_2026-09-03,822935ae5e8f,8587,log_rv5_med2d,156,"{""fold1_2025-01-07"": [1, 1, 1], ""fold2_2025-05-30"": [1, 1, 1], ""fold3_2025-10-19"": [1, 1, 1], ""fold4_2026-03-11"": [1, 1, 1], ""fold5_2026-08-01"": [1, 1, 1]}",S_m,-0.034549694334296,0.3333333333333333,-0.5082259654243204,-0.6021641791487564,"[[73.8117, 103.6421, 127.2096], [48.978, 70.5179, 85.1447], [83.5489, 118.6224, 148.9976], [130.9801, 190.9628, 113.9947], [25.6003, 36.3319, 44.3234]]","[[51.8257, 74.1968, 92.3142], [33.5013, 49.0061, 60.7581], [56.4041, 81.9672, 103.158], [36.6255, 53.7631, 63.8145], [16.4832, 24.0869, 29.5915]]","[[73.0889, 101.7985, 124.6731], [47.7035, 68.3552, 82.1496], [77.7122, 108.9384, 133.6649], [45.9348, 65.8699, 80.5671], [25.257, 35.7401, 43.4137]]","[[0.0008, -0.0001, 0.0021], [-0.2285, -0.3167, -0.375], [-0.4336, -0.6022, -0.558], [0.0799, 0.2475, 0.9066], [-0.0133, -0.0345, -0.0694]]",GPU,KEEP,
20260912_055926_loop_tfm_log_rv8_med2d,2026-09-12T05:59:26,loop,tfm,btc_1min_2y_2024-09-03_2026-09-03,822935ae5e8f,8587,log_rv8_med2d,157,"{""fold1_2025-01-07"": [1, 1, 1], ""fold2_2025-05-30"": [1, 1, 1], ""fold3_2025-10-19"": [1, 1, 1], ""fold4_2026-03-11"": [1, 1, 1], ""fold5_2026-08-01"": [1, 1, 1]}",S_m,0.015192996338408982,0.6666666666666666,-0.02411679528024901,-0.5293516846728741,"[[73.813, 103.6429, 127.218], [48.9, 70.3269, 84.8478], [83.4759, 118.5493, 148.965], [130.9801, 191.0312, 114.5982], [25.5988, 36.3264, 44.3125]]","[[51.8266, 74.1975, 92.3214], [33.3742, 48.7102, 60.3451], [56.3042, 81.8643, 103.1073], [36.6234, 54.2531, 64.924], [16.4822, 24.0843, 29.5917]]","[[73.0889, 101.7985, 124.6731], [47.7035, 68.3552, 82.1496], [77.7122, 108.9384, 133.6649], [45.9348, 65.8699, 80.5671], [25.257, 35.7401, 43.4137]]","[[-0.0018, -0.0007, -0.0066], [0.1593, 0.2709, 0.3487], [0.0873, 0.0616, 0.0219], [0.0, -0.0358, -0.5294], [0.0058, 0.0152, 0.0244]]",GPU,KEEP,
20260912_055927_loop_tfm_log_rv10_med2d,2026-09-12T05:59:27,loop,tfm,btc_1min_2y_2024-09-03_2026-09-03,822935ae5e8f,8587,log_rv10_med2d,158,"{""fold1_2025-01-07"": [1, 1, 1], ""fold2_2025-05-30"": [1, 1, 1], ""fold3_2025-10-19"": [1, 1, 1], ""fold4_2026-03-11"": [1, 1, 1], ""fold5_2026-08-01"": [1, 1, 1]}",S_m,-0.06052488916359344,0.13333333333333333,-0.807068834713771,-3.550111039299053,"[[73.817, 103.6356, 127.2034], [48.9071, 70.3747, 84.9588], [83.5265, 118.8042, 149.3807], [131.5989, 192.9991, 118.6665], [25.6025, 36.3278, 44.3159]]","[[51.8411, 74.2002, 92.3428], [33.3556, 48.7127, 60.4064], [56.3689, 82.1237, 103.5671], [37.5339, 57.5955, 70.1676], [16.4903, 24.0878, 29.6026]]","[[73.0889, 101.7985, 124.6731], [47.7035, 68.3552, 82.1496], [77.7122, 108.9384, 133.6649], [45.9348, 65.8699, 80.5671], [25.257, 35.7401, 43.4137]]","[[-0.0055, 0.007, 0.0115], [-0.0145, -0.0679, -0.1309], [-0.0605, -0.215, -0.2791], [-0.4724, -1.0302, -3.5501], [-0.0146, -0.0039, -0.0077]]",GPU,KEEP,
20260912_055928_loop_tfm_log_rv15_med2d,2026-09-12T05:59:28,loop,tfm,btc_1min_2y_2024-09-03_2026-09-03,822935ae5e8f,8587,log_rv15_med2d,159,"{""fold1_2025-01-07"": [1, 1, 1], ""fold2_2025-05-30"": [1, 1, 1], ""fold3_2025-10-19"": [1, 1, 1], ""fold4_2026-03-11"": [1, 1, 1], ""fold5_2026-08-01"": [1, 1, 1]}",S_m,-0.03745951409070969,0.26666666666666666,-0.5531918326373342,-1.0151166185836225,"[[73.8359, 103.6745, 127.2253], [49.0563, 70.8804, 85.8213], [83.5243, 118.8681, 149.6265], [127.8269, 184.5682, 108.0967], [25.608, 36.354, 44.3634]]","[[51.85, 74.2251, 92.4076], [33.5358, 49.2765, 61.2999], [56.3583, 82.2285, 103.992], [35.9706, 53.0418, 63.1613], [16.499, 24.1212, 29.6779]]","[[73.0889, 101.7985, 124.6731], [47.7035, 68.3552, 82.1496], [77.7122, 108.9384, 133.6649], [45.9348, 65.8699, 80.5671], [25.257, 35.7401, 43.4137]]","[[-0.0256, -0.0375, -0.0173], [-0.305, -0.7187, -1.0151], [0.0026, -0.0538, -0.1646], [2.8663, 4.3684, 8.9072], [-0.0212, -0.0721, -0.1071]]",GPU,KEEP,
20260912_055929_loop_tfm_r5_2,2026-09-12T05:59:29,loop,tfm,btc_1min_2y_2024-09-03_2026-09-03,822935ae5e8f,8587,r5_2,160,"{""fold1_2025-01-07"": [1, 1, 1], ""fold2_2025-05-30"": [1, 1, 1], ""fold3_2025-10-19"": [1, 1, 1], ""fold4_2026-03-11"": [1, 1, 1], ""fold5_2026-08-01"": [1, 1, 1]}",S_m,-0.0016519540407600175,0.4666666666666667,-0.09132104570863664,-0.16869940359358626,"[[73.8373, 103.6762, 127.2234], [49.0549, 70.9052, 85.857], [83.4617, 118.8725, 149.5141], [127.9487, 184.7258, 108.279], [25.608, 36.351, 44.3603]]","[[51.8508, 74.2222, 92.4072], [33.5352, 49.2724, 61.3005], [56.2838, 82.2727, 103.9636], [35.9636, 53.0499, 63.1807], [16.4981, 24.1209, 29.6871]]","[[73.0889, 101.7985, 124.6731], [47.7035, 68.3552, 82.1496], [77.7122, 108.9384, 133.6649], [45.9348, 65.8699, 80.5671], [25.257, 35.7401, 43.4137]]","[[-0.0019, -0.0017, 0.0015], [0.0029, -0.035, -0.0416], [0.075, -0.0037, 0.0751], [-0.0953, -0.0854, -0.1687], [0.0, 0.0083, 0.0071]]",GPU,KEEP,
20260912_055930_loop_tfm_r5_3,2026-09-12T05:59:30,loop,tfm,btc_1min_2y_2024-09-03_2026-09-03,822935ae5e8f,8587,r5_3,161,"{""fold1_2025-01-07"": [1, 1, 1], ""fold2_2025-05-30"": [1, 1, 1], ""fold3_2025-10-19"": [1, 1, 1], ""fold4_2026-03-11"": [1, 1, 1], ""fold5_2026-08-01"": [1, 1, 1]}",S_m,0.0004727537770143897,0.5333333333333333,-0.08735892087153195,-0.12109311436538928,"[[73.8429, 103.7176, 127.2311], [49.0476, 70.8984, 85.8498], [83.4019, 119.0139, 149.6952], [127.8246, 184.567, 108.1036], [25.609, 36.3508, 44.3605]]","[[51.8438, 74.2249, 92.4124], [33.5491, 49.2804, 61.3239], [56.2696, 82.4272, 104.0397], [35.9285, 52.9769, 63.0824], [16.4973, 24.1203, 29.6873]]","[[73.0889, 101.7985, 124.6731], [47.7035, 68.3552, 82.1496], [77.7122, 108.9384, 133.6649], [45.9348, 65.8699, 80.5671], [25.257, 35.7401, 43.4137]]","[[-0.0076, -0.0399, -0.0061], [0.0149, 0.0096, 0.0083], [0.0717, -0.119, -0.1211], [0.097, 0.086, 0.1621], [-0.0041, 0.0005, -0.0005]]",GPU,KEEP,
20260912_055931_loop_tfm_log_c5_ema5_2,2026-09-12T05:59:31,loop,tfm,btc_1min_2y_2024-09-03_2026-09-03,822935ae5e8f,8587,log_c5_ema5_2,162,"{""fold1_2025-01-07"": [1, 1, 1], ""fold2_2025-05-30"": [1, 1, 1], ""fold3_2025-10-19"": [1, 1, 1], ""fold4_2026-03-11"": [1, 1, 1], ""fold5_2026-08-01"": [1, 1, 1]}",S_m,0.005968574865078402,0.7333333333333333,-0.1240989942095094,-0.2246621819300465,"[[73.8443, 103.7168, 127.2235], [49.0426, 70.8571, 85.7313], [83.5724, 118.9973, 149.6625], [128.1117, 184.0583, 107.6844], [25.6099, 36.3497, 44.3584]]","[[51.8454, 74.24, 92.433], [33.5458, 49.2597, 61.2386], [56.4933, 82.4894, 104.1168], [35.9343, 52.9613, 63.0653], [16.4974, 24.1183, 29.6941]]","[[73.0889, 101.7985, 124.6731], [47.7035, 68.3552, 82.1496], [77.7122, 108.9384, 133.6649], [45.9348, 65.8699, 80.5671], [25.257, 35.7401, 43.4137]]","[[-0.0018, 0.0008, 0.006], [0.0101, 0.0584, 0.1381], [-0.2044, 0.0139, 0.0219], [-0.2247, 0.2756, 0.3877], [-0.0036, 0.0032, 0.0047]]",GPU,KEEP,
20260912_055932_loop_tfm_log_c5_ema5_3,2026-09-12T05:59:32,loop,tfm,btc_1min_2y_2024-09-03_2026-09-03,822935ae5e8f,8587,log_c5_ema5_3,163,"{""fold1_2025-01-07"": [1, 1, 1], ""fold2_2025-05-30"": [1, 1, 1], ""fold3_2025-10-19"": [1, 1, 1], ""fold4_2026-03-11"": [1, 1, 1], ""fold5_2026-08-01"": [1, 1, 1]}",S_m,-0.0022862735226114594,0.4666666666666667,-0.35166579703632905,-0.5475459595208898,"[[73.8443, 103.7192, 127.2264], [49.0375, 70.8358, 85.6963], [83.7942, 119.4244, 150.1726], [128.3795, 185.0661, 107.942], [25.609, 36.3493, 44.3546]]","[[51.8455, 74.2202, 92.425], [33.5412, 49.2801, 61.2584], [56.5665, 82.7389, 104.4889], [35.9313, 52.9748, 63.0669], [16.4971, 24.1182, 29.6978]]","[[73.0889, 101.7985, 124.6731], [47.7035, 68.3552, 82.1496], [77.7122, 108.9384, 133.6649], [45.9348, 65.8699, 80.5671], [25.257, 35.7401, 43.4137]]","[[0.0, -0.0023, -0.0023], [0.0105, 0.0301, 0.0409], [-0.2655, -0.3589, -0.3409], [-0.209, -0.5475, -0.2392], [0.0037, 0.001, 0.0085]]",GPU,KEEP,
20260912_055932_loop_final_tfm,2026-09-12T05:59:32,loop_final,tfm,btc_1min_2y_2024-09-03_2026-09-03,822935ae5e8f,8587,vwap_amt_gap_2|vwap_amt_gap_3|vwap_amt_gap_4|vwap_amt_gap_5|vwap_amt_gap_8|vwap_amt_gap_10|ret_1|ret_2|ret_3|ret_4|ret_5|ret_8|ret_10|ret_15|log_rv2_rv60|log_rv3_rv60|log_rv4_rv60|log_rv5_rv60|log_rv8_rv60|log_rv10_rv60|log_rv15_rv60|log_c_ema2|log_c_ema3|log_c_ema4|log_c_ema5|log_c_ema8|log_c_ema10|log_c_ema15|log_ema2_ema5|log_ema2_ema8|log_ema3_ema10|log_ema4_ema10|log_ema5_ema15|rsi1_centered|rsi2_centered|rsi3_centered|rsi4_centered|rsi5_centered|rsi8_centered|rsi10_centered|rsi15_centered|bb_pctb_2|bb_pctb_3|bb_pctb_4|bb_pctb_5|bb_pctb_8|bb_pctb_10|bb_pctb_15|bb_logbw_3|bb_logbw_4|bb_logbw_5|bb_logbw_8|bb_logbw_10|bb_logbw_15|log_atr1_c|log_atr2_c|log_atr3_c|log_atr4_c|log_atr5_c|log_atr8_c|log_atr10_c|log_atr15_c|log_atr2_rv2|log_atr3_rv3|log_atr4_rv4|log_atr5_rv5|log_atr8_rv8|log_atr10_rv10|log_atr15_rv15|kcw_2|kcw_3|kcw_4|kcw_5|kcw_8|kcw_10|kcw_15|mfi1_centered|mfi2_centered|mfi3_centered|mfi4_centered|mfi5_centered|mfi8_centered|mfi10_centered|mfi15_centered|ad_vwclv_1|ad_vwclv_2|ad_vwclv_3|ad_vwclv_4|ad_vwclv_8|ad_vwclv_10|dd_2|dd_3|dd_4|dd_5|dd_8|dd_10|dd_15|ru_2|ru_3|ru_4|ru_5|ru_8|ru_10|ru_15|log_range_1|log_range_2|log_range_3|log_range_4|log_range_5|log_range_8|log_range_10|log_range_15|ret_skew_3|ret_skew_4|ret_skew_5|ret_skew_8|ret_skew_10|ret_skew_15|hma_slope1_volnorm|hma_slope2_volnorm|hma_slope3_volnorm|hma_slope4_volnorm|hma_slope5_volnorm|hma_slope8_volnorm|hma_slope10_volnorm|hma_slope15_volnorm|macd_hist_2_5_2_volnorm|macd_hist_2_8_3_volnorm|macd_hist_3_10_3_volnorm|macd_hist_4_10_4_volnorm|macd_hist_5_15_5_volnorm|psar_dir_2|psar_dir_3|psar_dir_4|psar_dir_5|psar_dir_8|psar_dir_10|psar_dir_15|psar_logdist_2|psar_logdist_3|psar_logdist_4|psar_logdist_5|psar_logdist_8|psar_logdist_10|psar_logdist_15|psar_age_log_2|psar_age_log_3|psar_age_log_4|psar_age_log_5|psar_age_log_8|psar_age_log_10|psar_age_log_15|log_rv2_med2d|log_rv3_med2d|log_rv4_med2d|log_rv5_med2d|log_rv8_med2d|log_rv10_med2d|log_rv15_med2d|r5_2|r5_3|log_c5_ema5_2|log_c5_ema5_3,163,"{""fold1_2025-01-07"": [1, 1, 1], ""fold2_2025-05-30"": [1, 1, 1], ""fold3_2025-10-19"": [1, 1, 1], ""fold4_2026-03-11"": [1, 1, 1], ""fold5_2026-08-01"": [1, 1, 1]}",baseline_model,-3.4233,0.0,-120.3328,-179.4453,"[[73.8443, 103.7192, 127.2264], [49.0375, 70.8358, 85.6963], [83.7942, 119.4244, 150.1726], [128.3795, 185.0661, 107.942], [25.609, 36.3493, 44.3546]]",,,,GPU,F*_tfm_raw,163 KEEP / 0 DROP; locked_b0=0 locked_ext=0 giữ nguyên
20260913_035530_confirm_tfm_unprune_seed0,2026-09-13T03:55:30,confirm,tfm,btc_1min_2y_2024-09-03_2026-09-03,822935ae5e8f,8587,unprune,163,ES,E0,-3.6289,0.0,-121.2802,-180.9569,"[[73.844, 103.719, 127.226], [49.037, 70.836, 85.696], [83.794, 119.424, 150.173], [128.379, 185.066, 107.942], [25.609, 36.349, 44.355]]","[[51.846, 74.22, 92.425], [33.541, 49.28, 61.258], [56.567, 82.739, 104.489], [35.931, 52.975, 63.067], [16.497, 24.118, 29.698]]","[[73.089, 101.799, 124.673], [47.703, 68.355, 82.15], [77.712, 108.938, 133.665], [45.935, 65.87, 80.567], [25.257, 35.74, 43.414]]","[[-1.0334, -1.8867, -2.048], [-2.7965, -3.6289, -4.3173], [-7.8264, -9.6256, -12.35], [-179.4818, -180.9569, -33.9777], [-1.3938, -1.7045, -2.1674]]",GPU,,n_ext=163 n_new=163
20260913_035530_confirm_tfm_unprune_seed1,2026-09-13T03:55:30,confirm,tfm,btc_1min_2y_2024-09-03_2026-09-03,822935ae5e8f,8588,unprune,163,ES,E0,-3.4352,0.0,-119.2093,-178.0572,"[[73.712, 103.632, 127.294], [48.986, 70.703, 85.406], [83.997, 119.527, 150.781], [126.533, 183.156, 108.628], [25.638, 36.32, 44.311]]","[[51.787, 74.224, 92.598], [33.503, 49.102, 60.942], [56.75, 83.167, 105.434], [36.156, 53.594, 63.445], [16.499, 24.087, 29.648]]","[[73.089, 101.799, 124.673], [47.703, 68.355, 82.15], [77.712, 108.938, 133.665], [45.935, 65.87, 80.567], [25.257, 35.74, 43.414]]","[[-0.8523, -1.8007, -2.1024], [-2.6895, -3.4352, -3.9637], [-8.0876, -9.7196, -12.8053], [-175.4628, -178.0572, -34.829], [-1.5087, -1.6231, -2.0674]]",GPU,,n_ext=163 n_new=163
20260913_035530_confirm_tfm_unprune_seed2,2026-09-13T03:55:30,confirm,tfm,btc_1min_2y_2024-09-03_2026-09-03,822935ae5e8f,8589,unprune,163,ES,E0,-3.6688,0.0,-121.9136,-181.6179,"[[73.832, 103.708, 127.608], [48.987, 70.863, 85.557], [84.055, 119.6, 149.35], [128.344, 185.502, 109.31], [25.654, 36.378, 44.329]]","[[51.905, 74.288, 92.814], [33.507, 49.221, 61.042], [56.883, 83.461, 104.319], [35.913, 52.74, 63.071], [16.507, 24.117, 29.65]]","[[73.089, 101.799, 124.673], [47.703, 68.355, 82.15], [77.712, 108.938, 133.665], [45.935, 65.87, 80.567], [25.257, 35.74, 43.414]]","[[-1.0162, -1.8753, -2.3542], [-2.6908, -3.6688, -4.1483], [-8.1621, -9.787, -11.7345], [-179.4057, -181.6179, -35.6755], [-1.5728, -1.7839, -2.1075]]",GPU,,n_ext=163 n_new=163
20260913_035530_confirm_tfm_prune_seed0,2026-09-13T03:55:30,confirm,tfm,btc_1min_2y_2024-09-03_2026-09-03,822935ae5e8f,8587,prune,160,ES,E0,-3.576,0.0,-120.3148,-181.183,"[[73.841, 103.72, 127.223], [49.006, 70.8, 85.691], [83.772, 119.408, 150.128], [129.161, 183.492, 107.102], [25.611, 36.349, 44.355]]","[[51.845, 74.218, 92.426], [33.526, 49.262, 61.252], [56.533, 82.725, 104.408], [35.915, 52.959, 63.063], [16.496, 24.113, 29.703]]","[[73.089, 101.799, 124.673], [47.703, 68.355, 82.15], [77.712, 108.938, 133.665], [45.935, 65.87, 80.567], [25.257, 35.74, 43.414]]","[[-1.0293, -1.8876, -2.0451], [-2.7303, -3.576, -4.3114], [-7.7981, -9.6102, -12.3163], [-181.183, -178.5679, -32.9351], [-1.4037, -1.7026, -2.1689]]",GPU,,n_ext=160 n_new=160
20260913_035530_confirm_tfm_prune_seed1,2026-09-13T03:55:30,confirm,tfm,btc_1min_2y_2024-09-03_2026-09-03,822935ae5e8f,8588,prune,160,ES,E0,-3.385,0.0,-118.9147,-177.1703,"[[73.709, 103.633, 127.292], [48.952, 70.669, 85.4], [83.975, 119.506, 150.724], [127.318, 181.53, 107.883], [25.641, 36.319, 44.31]]","[[51.786, 74.228, 92.597], [33.481, 49.085, 60.938], [56.727, 83.151, 105.333], [36.137, 53.573, 63.444], [16.498, 24.081, 29.654]]","[[73.089, 101.799, 124.673], [47.703, 68.355, 82.15], [77.712, 108.938, 133.665], [45.935, 65.87, 80.567], [25.257, 35.74, 43.414]]","[[-0.8484, -1.8023, -2.1003], [-2.6178, -3.385, -3.9562], [-8.0595, -9.7005, -12.7628], [-177.1703, -175.588, -33.9049], [-1.5201, -1.6202, -2.0656]]",GPU,,n_ext=160 n_new=160
20260913_035530_confirm_tfm_prune_seed2,2026-09-13T03:55:30,confirm,tfm,btc_1min_2y_2024-09-03_2026-09-03,822935ae5e8f,8589,prune,160,ES,E0,-3.6223,0.0,-121.6636,-181.2394,"[[73.828, 103.706, 127.601], [48.953, 70.831, 85.554], [84.03, 119.577, 149.299], [129.187, 184.109, 108.688], [25.657, 36.377, 44.329]]","[[51.902, 74.286, 92.812], [33.485, 49.203, 61.04], [56.855, 83.45, 104.235], [35.901, 52.727, 63.078], [16.505, 24.112, 29.653]]","[[73.089, 101.799, 124.673], [47.703, 68.355, 82.15], [77.712, 108.938, 133.665], [45.935, 65.87, 80.567], [25.257, 35.74, 43.414]]","[[-1.0107, -1.874, -2.3487], [-2.6198, -3.6223, -4.1435], [-8.1299, -9.7655, -11.6964], [-181.2394, -179.5031, -34.9043], [-1.5826, -1.783, -2.1092]]",GPU,,n_ext=160 n_new=160
20260913_035530_confirm_tfm_baseline_seed0,2026-09-13T03:55:30,confirm,tfm,btc_1min_2y_2024-09-03_2026-09-03,822935ae5e8f,8587,baseline,0,ES,E0,-0.3307,0.0,-0.6979,-0.7516,"[[73.178, 101.999, 125.154], [47.779, 68.491, 82.449], [78.087, 109.627, 134.67], [46.087, 66.226, 81.165], [25.281, 35.807, 43.555]]","[[51.171, 72.697, 90.653], [32.005, 46.707, 57.501], [50.906, 74.873, 93.402], [31.581, 45.133, 55.436], [16.035, 23.643, 29.16]]","[[73.089, 101.799, 124.673], [47.703, 68.355, 82.15], [77.712, 108.938, 133.665], [45.935, 65.87, 80.567], [25.257, 35.74, 43.414]]","[[-0.1216, -0.1968, -0.3856], [-0.1592, -0.1988, -0.3645], [-0.4826, -0.6318, -0.7516], [-0.3307, -0.5409, -0.742], [-0.0933, -0.1867, -0.3246]]",GPU,,n_ext=0 n_new=0
20260913_035530_confirm_tfm_baseline_seed1,2026-09-13T03:55:30,confirm,tfm,btc_1min_2y_2024-09-03_2026-09-03,822935ae5e8f,8588,baseline,0,ES,E0,-0.1863,0.1333,-1.7689,-3.0436,"[[73.225, 101.989, 125.081], [47.681, 68.337, 82.232], [78.541, 111.375, 137.733], [46.007, 66.098, 80.971], [25.264, 35.748, 43.431]]","[[51.182, 72.575, 90.533], [31.953, 46.644, 57.371], [51.187, 75.76, 94.872], [31.576, 45.029, 55.247], [16.01, 23.61, 29.077]]","[[73.089, 101.799, 124.673], [47.703, 68.355, 82.15], [77.712, 108.938, 133.665], [45.935, 65.87, 80.567], [25.257, 35.74, 43.414]]","[[-0.1863, -0.1874, -0.3276], [0.0477, 0.0267, -0.1004], [-1.0667, -2.237, -3.0436], [-0.1575, -0.3464, -0.5018], [-0.0297, -0.0224, -0.039]]",GPU,,n_ext=0 n_new=0
20260913_035530_confirm_tfm_baseline_seed2,2026-09-13T03:55:30,confirm,tfm,btc_1min_2y_2024-09-03_2026-09-03,822935ae5e8f,8589,baseline,0,ES,E0,-0.3161,0.0667,-0.6326,-0.7439,"[[73.217, 102.148, 125.506], [47.676, 68.436, 82.447], [77.958, 109.548, 134.659], [46.026, 66.088, 81.034], [25.292, 35.805, 43.524]]","[[51.174, 72.712, 90.819], [31.956, 46.629, 57.412], [50.793, 74.686, 93.28], [31.548, 45.086, 55.385], [16.019, 23.588, 29.013]]","[[73.089, 101.799, 124.673], [47.703, 68.355, 82.15], [77.712, 108.938, 133.665], [45.935, 65.87, 80.567], [25.257, 35.74, 43.414]]","[[-0.1751, -0.3431, -0.6682], [0.0585, -0.1176, -0.3621], [-0.3161, -0.5592, -0.7439], [-0.1983, -0.3303, -0.5792], [-0.1369, -0.1815, -0.2537]]",GPU,,n_ext=0 n_new=0
20260913_035531_tfm_final_tfm,2026-09-13T03:55:31,tfm_final,tfm,btc_1min_2y_2024-09-03_2026-09-03,822935ae5e8f,8587,,0,LoRA,tfm_lora_baseline,-3.4279,0.0,-119.3002,-179.2252,"[[73.2066, 102.0453, 125.2472], [47.7119, 68.4212, 82.3761], [78.1954, 110.1831, 135.6873], [46.0399, 66.1373, 81.0567], [25.2788, 35.7867, 43.503]]",,"[[73.0889, 101.7985, 124.6731], [47.7035, 68.3552, 82.1496], [77.7122, 108.9384, 133.6649], [45.9348, 65.8699, 80.5671], [25.257, 35.7401, 43.4137]]","[[-0.8005, -1.6083, -1.6964], [-2.6378, -3.4279, -3.8508], [-7.3284, -8.4529, -10.5853], [-179.2252, -176.763, -33.1059], [-1.4142, -1.5697, -1.9049]]",,TimesFM-final=tfm_lora_baseline,"hệ thống B {TimesFM-LoRA + XReg(F_win)} vs hệ thống A {TimesFM-LoRA baseline feature-free}, cùng adapter LoRA đã freeze"
20260913_040616_calibrate_autots_wr_base,2026-09-13T04:06:16,calibrate,autots_wr,btc_1min_2y_2024-09-03_2026-09-03,822935ae5e8f,8587,S0,93,null,E0,-0.3463,0.1333,-0.9414,-1.258,"[[73.481, 102.345, 125.542], [47.726, 68.325, 82.05], [78.451, 109.948, 135.347], [45.952, 65.959, 80.697], [25.344, 35.788, 43.576]]","[[51.317, 72.843, 90.991], [31.883, 46.563, 57.208], [51.301, 74.996, 93.597], [31.533, 44.937, 55.0], [16.029, 23.583, 29.055]]","[[73.089, 101.799, 124.673], [47.703, 68.355, 82.15], [77.712, 108.938, 133.665], [45.935, 65.87, 80.567], [25.257, 35.74, 43.414]]","[[-0.5359, -0.537, -0.6973], [-0.0467, 0.0442, 0.1217], [-0.9512, -0.9268, -1.258], [-0.0376, -0.1345, -0.1616], [-0.3463, -0.1336, -0.3742]]",GPU,eps=0.1690,S0: locked_b0=72 locked_ext=21
20260913_040847_loop_autots_wr_vwap_amt_gap_2,2026-09-13T04:08:47,loop,autots_wr,btc_1min_2y_2024-09-03_2026-09-03,822935ae5e8f,8587,vwap_amt_gap_2,94,null,S_m,0.00901635828088887,0.5333333333333333,-0.1272111466267667,-0.14544506546196878,"[[73.3574, 102.336, 125.725], [47.71, 68.3321, 82.1138], [78.1486, 109.5217, 134.8996], [45.9983, 66.0078, 80.8144], [25.3057, 35.8022, 43.5645]]","[[51.2602, 72.9023, 91.1319], [31.9142, 46.5513, 57.2731], [51.0381, 74.7556, 93.3505], [31.5699, 44.9578, 55.0118], [16.033, 23.6214, 29.0776]]","[[73.0889, 101.7985, 124.6731], [47.7035, 68.3552, 82.1496], [77.7122, 108.9384, 133.6649], [45.9348, 65.8699, 80.5671], [25.257, 35.7401, 43.4137]]","[[0.1677, 0.009, -0.1454], [0.033, -0.0105, -0.0783], [0.3859, 0.3878, 0.3302], [-0.1004, -0.0748, -0.1451], [0.1527, -0.0401, 0.0266]]",GPU,KEEP,
20260913_041120_loop_autots_wr_vwap_amt_gap_3,2026-09-13T04:11:20,loop,autots_wr,btc_1min_2y_2024-09-03_2026-09-03,822935ae5e8f,8587,vwap_amt_gap_3,95,null,S_m,0.0235388190558794,0.5333333333333333,-0.3500020033671891,-0.3841684250397437,"[[73.5493, 102.3836, 125.7269], [47.6987, 68.3014, 82.074], [78.4488, 109.9366, 135.3133], [45.9746, 65.9128, 80.7345], [25.3192, 35.7488, 43.4513]]","[[51.3415, 72.9247, 91.0792], [31.8915, 46.5352, 57.2509], [51.1839, 74.9144, 93.5372], [31.5429, 44.8898, 54.9996], [16.0364, 23.5915, 29.0215]]","[[73.0889, 101.7985, 124.6731], [47.7035, 68.3552, 82.1496], [77.7122, 108.9384, 133.6649], [45.9348, 65.8699, 80.5671], [25.257, 35.7401, 43.4137]]","[[-0.2615, -0.0466, -0.0015], [0.0235, 0.0449, 0.0485], [-0.3842, -0.3789, -0.3066], [0.0514, 0.144, 0.0989], [-0.0534, 0.1491, 0.2598]]",GPU,KEEP,
20260913_041355_loop_autots_wr_vwap_amt_gap_4,2026-09-13T04:13:55,loop,autots_wr,btc_1min_2y_2024-09-03_2026-09-03,822935ae5e8f,8587,vwap_amt_gap_4,96,null,S_m,-0.05066068126278189,0.3333333333333333,-0.2178191476073632,-0.28770693146518145,"[[73.5756, 102.2834, 125.7882], [47.6382, 68.2842, 82.1156], [78.1559, 109.8696, 135.4876], [46.0321, 66.1024, 80.8673], [25.3363, 35.8334, 43.5338]]","[[51.3584, 72.8836, 91.0893], [31.8775, 46.5285, 57.2655], [51.0292, 74.8313, 93.6549], [31.581, 45.0218, 55.1172], [16.0352, 23.6075, 29.0472]]","[[73.0889, 101.7985, 124.6731], [47.7035, 68.3552, 82.1496], [77.7122, 108.9384, 133.6649], [45.9348, 65.8699, 80.5671], [25.257, 35.7401, 43.4137]]","[[-0.0358, 0.0979, -0.0488], [0.127, 0.0252, -0.0507], [0.3733, 0.061, -0.1288], [-0.1249, -0.2877, -0.1645], [-0.0676, -0.2366, -0.1897]]",GPU,KEEP,
20260913_041633_loop_autots_wr_vwap_amt_gap_5,2026-09-13T04:16:33,loop,autots_wr,btc_1min_2y_2024-09-03_2026-09-03,822935ae5e8f,8587,vwap_amt_gap_5,97,null,S_m,-0.03000507142736364,0.4,-0.30335100803709825,-0.32885044351653736,"[[73.571, 102.6091, 125.896], [47.7263, 68.2804, 82.0516], [78.413, 110.0017, 135.8679], [45.9605, 66.0278, 80.8913], [25.38, 35.7904, 43.5468]]","[[51.3556, 73.0159, 91.0097], [31.9086, 46.5549, 57.2384], [51.1703, 74.9074, 93.7841], [31.5369, 44.964, 55.1156], [16.062, 23.6095, 29.0522]]","[[73.0889, 101.7985, 124.6731], [47.7035, 68.3552, 82.1496], [77.7122, 108.9384, 133.6649], [45.9348, 65.8699, 80.5671], [25.257, 35.7401, 43.4137]]","[[0.0062, -0.3185, -0.0857], [-0.1851, 0.0056, 0.078], [-0.3289, -0.1203, -0.2807], [0.1555, 0.1129, -0.0297], [-0.1722, 0.12, -0.03]]",GPU,KEEP,
20260913_041908_loop_autots_wr_vwap_amt_gap_8,2026-09-13T04:19:08,loop,autots_wr,btc_1min_2y_2024-09-03_2026-09-03,822935ae5e8f,8587,vwap_amt_gap_8,98,null,S_m,0.05163580104019516,0.6666666666666666,-0.07600563647904846,-0.1434980614932524,"[[73.2978, 102.1466, 125.5185], [47.6634, 68.3784, 82.1227], [78.3607, 109.9797, 135.8529], [45.9881, 66.0598, 80.7858], [25.306, 35.8031, 43.5243]]","[[51.2966, 72.7989, 90.9077], [31.8708, 46.5348, 57.2506], [51.116, 74.8972, 93.9102], [31.5682, 44.9921, 55.0722], [16.02, 23.5998, 29.0569]]","[[73.0889, 101.7985, 124.6731], [47.7035, 68.3552, 82.1496], [77.7122, 108.9384, 133.6649], [45.9348, 65.8699, 80.5671], [25.257, 35.7401, 43.4137]]","[[0.3713, 0.4508, 0.2999], [0.132, -0.1435, -0.0867], [0.0667, 0.02, 0.011], [-0.06, -0.0484, 0.1305], [0.2913, -0.0356, 0.0516]]",GPU,KEEP,
20260913_042142_loop_autots_wr_vwap_amt_gap_10,2026-09-13T04:21:42,loop,autots_wr,btc_1min_2y_2024-09-03_2026-09-03,822935ae5e8f,8587,vwap_amt_gap_10,99,null,S_m,2.9428921632934646e-05,0.5333333333333333,-0.11808984225853525,-0.14418507296518612,"[[73.3679, 102.0659, 125.5305], [47.6633, 68.2431, 82.1028], [78.3564, 110.0086, 135.9807], [45.9808, 65.9362, 80.6697], [25.3397, 35.8548, 43.5544]]","[[51.2919, 72.7989, 90.9758], [31.8683, 46.5005, 57.2478], [51.1466, 75.0693, 93.9247], [31.5549, 44.9045, 54.9799], [16.0281, 23.5983, 29.0472]]","[[73.0889, 101.7985, 124.6731], [47.7035, 68.3552, 82.1496], [77.7122, 108.9384, 133.6649], [45.9348, 65.8699, 80.5671], [25.257, 35.7401, 43.4137]]","[[-0.0956, 0.079, -0.0096], [0.0, 0.1978, 0.0242], [0.0055, -0.0263, -0.0941], [0.0158, 0.1871, 0.1437], [-0.1331, -0.1442, -0.0691]]",GPU,KEEP,
20260913_042416_loop_autots_wr_ret_1,2026-09-13T04:24:16,loop,autots_wr,btc_1min_2y_2024-09-03_2026-09-03,822935ae5e8f,8587,ret_1,100,null,S_m,-0.00804089075097103,0.4,-0.09451515368280372,-0.18551293584541106,"[[73.3637, 101.9638, 125.6048], [47.6676, 68.2101, 82.1974], [78.2481, 109.7509, 135.8544], [45.9845, 65.978, 80.6749], [25.3867, 35.8772, 43.5791]]","[[51.3156, 72.7096, 90.9927], [31.8792, 46.5035, 57.2931], [51.0517, 75.0793, 93.8908], [31.5579, 44.9245, 54.9767], [16.0435, 23.6129, 29.0556]]","[[73.0889, 101.7985, 124.6731], [47.7035, 68.3552, 82.1496], [77.7122, 108.9384, 133.6649], [45.9348, 65.8699, 80.5671], [25.257, 35.7401, 43.4137]]","[[0.0057, 0.1, -0.0591], [-0.009, 0.0484, -0.1152], [0.1382, 0.2343, 0.0929], [-0.008, -0.0634, -0.0065], [-0.1855, -0.0627, -0.0566]]",GPU,KEEP,
20260913_042653_loop_autots_wr_ret_2,2026-09-13T04:26:53,loop,autots_wr,btc_1min_2y_2024-09-03_2026-09-03,822935ae5e8f,8587,ret_2,101,null,S_m,-0.018369843115184636,0.4666666666666667,-0.13856345489267952,-0.15553890745396703,"[[73.259, 102.1138, 125.5376], [47.7418, 68.2852, 82.0051], [78.0634, 109.8889, 135.8278], [46.03, 65.9906, 80.7509], [25.3914, 35.8731, 43.5785]]","[[51.261, 72.8119, 90.9276], [31.901, 46.5193, 57.2107], [51.0961, 74.9767, 93.7037], [31.5534, 44.9473, 55.0209], [16.0449, 23.615, 29.0485]]","[[73.0889, 101.7985, 124.6731], [47.7035, 68.3552, 82.1496], [77.7122, 108.9384, 133.6649], [45.9348, 65.8699, 80.5671], [25.257, 35.7401, 43.4137]]","[[0.1428, -0.1471, 0.0535], [-0.1555, -0.1102, 0.234], [0.2361, -0.1257, 0.0196], [-0.0989, -0.0191, -0.0942], [-0.0184, 0.0117, 0.0013]]",GPU,KEEP,
20260913_042930_loop_autots_wr_ret_3,2026-09-13T04:29:30,loop,autots_wr,btc_1min_2y_2024-09-03_2026-09-03,822935ae5e8f,8587,ret_3,102,null,S_m,-0.04935312002116721,0.4,-0.20068289157146868,-0.2943734435941092,"[[73.3193, 102.2441, 125.9071], [47.8092, 68.355, 82.2007], [78.074, 109.8555, 136.0234], [46.0277, 65.957, 80.7907], [25.3154, 35.7552, 43.4237]]","[[51.236, 72.9445, 91.0471], [31.9066, 46.5891, 57.293], [51.1162, 74.9788, 93.9844], [31.5833, 44.9555, 55.0574], [16.0271, 23.5722, 29.0151]]","[[73.0889, 101.7985, 124.6731], [47.7035, 68.3552, 82.1496], [77.7122, 108.9384, 133.6649], [45.9348, 65.8699, 80.5671], [25.257, 35.7401, 43.4137]]","[[-0.0824, -0.1276, -0.2944], [-0.1412, -0.1021, -0.2385], [-0.0137, 0.0303, -0.144], [0.005, 0.0509, -0.0494], [0.2992, 0.3284, 0.3552]]",GPU,KEEP,
20260913_043208_loop_autots_wr_ret_4,2026-09-13T04:32:08,loop,autots_wr,btc_1min_2y_2024-09-03_2026-09-03,822935ae5e8f,8587,ret_4,103,null,S_m,0.000539433592228189,0.5333333333333333,-0.09539829895575558,-0.13067160991955262,"[[73.3787, 102.2435, 125.9137], [47.8594, 68.2902, 82.1372], [77.7479, 109.4741, 135.7128], [45.9688, 65.995, 80.7923], [25.3485, 35.7575, 43.4024]]","[[51.2604, 72.8289, 91.1561], [31.9482, 46.5635, 57.2535], [50.9257, 74.7059, 93.6639], [31.5449, 44.9829, 55.0466], [16.0161, 23.5762, 29.0021]]","[[73.0889, 101.7985, 124.6731], [47.7035, 68.3552, 82.1496], [77.7122, 108.9384, 133.6649], [45.9348, 65.8699, 80.5671], [25.257, 35.7401, 43.4137]]","[[-0.081, 0.0005, -0.0052], [-0.105, 0.0948, 0.0773], [0.4178, 0.3472, 0.2284], [0.1279, -0.0576, -0.0019], [-0.1307, -0.0063, 0.049]]",GPU,KEEP,
20260913_043447_loop_autots_wr_ret_5,2026-09-13T04:34:47,loop,autots_wr,btc_1min_2y_2024-09-03_2026-09-03,822935ae5e8f,8587,ret_5,104,null,S_m,-0.042124390313436066,0.4666666666666667,-0.3227775968061808,-0.48500034606979714,"[[73.2636, 102.1747, 125.8259], [47.8795, 68.3357, 82.0897], [78.1249, 109.8142, 136.1618], [45.9203, 65.9113, 80.7662], [25.3888, 35.7754, 43.4492]]","[[51.1574, 72.8668, 91.0981], [31.9324, 46.584, 57.2621], [51.0219, 74.8778, 93.9618], [31.5358, 44.9345, 55.0338], [16.0366, 23.5798, 29.0208]]","[[73.0889, 101.7985, 124.6731], [47.7035, 68.3552, 82.1496], [77.7122, 108.9384, 133.6649], [45.9348, 65.8699, 80.5671], [25.257, 35.7401, 43.4137]]","[[0.1568, 0.0673, 0.0697], [-0.0421, -0.0666, 0.0578], [-0.485, -0.3106, -0.3309], [0.1055, 0.1269, 0.0323], [-0.1589, -0.05, -0.1078]]",GPU,KEEP,
20260913_043737_loop_autots_wr_ret_8,2026-09-13T04:37:37,loop,autots_wr,btc_1min_2y_2024-09-03_2026-09-03,822935ae5e8f,8587,ret_8,105,null,S_m,-0.020335454290831834,0.26666666666666666,-0.3069392240330737,-0.5369123439342482,"[[73.2742, 102.1831, 125.7946], [47.8192, 68.2817, 82.1064], [78.5444, 110.1625, 136.3315], [46.0542, 65.9771, 80.7112], [25.3917, 35.8414, 43.524]]","[[51.1853, 72.8905, 91.1003], [31.9405, 46.575, 57.2503], [51.1801, 74.9683, 93.9345], [31.5747, 44.9832, 55.0195], [16.0201, 23.5986, 29.0445]]","[[73.0889, 101.7985, 124.6731], [47.7035, 68.3552, 82.1496], [77.7122, 108.9384, 133.6649], [45.9348, 65.8699, 80.5671], [25.257, 35.7401, 43.4137]]","[[-0.0144, -0.0082, 0.0249], [0.126, 0.079, -0.0203], [-0.5369, -0.3172, -0.1246], [-0.2916, -0.0999, 0.0682], [-0.0117, -0.1846, -0.172]]",GPU,KEEP,
20260913_044035_loop_autots_wr_ret_10,2026-09-13T04:40:35,loop,autots_wr,btc_1min_2y_2024-09-03_2026-09-03,822935ae5e8f,8587,ret_10,106,null,S_m,0.023336733005085986,0.6,-0.13913386104426717,-0.1847056684600057,"[[73.4095, 102.3438, 125.9353], [47.8082, 68.3054, 82.1195], [78.0489, 109.5741, 136.1168], [46.0324, 65.9382, 80.6091], [25.3858, 35.7923, 43.5434]]","[[51.2408, 72.8933, 91.1425], [31.9424, 46.5789, 57.236], [51.0354, 74.6541, 93.9615], [31.5735, 44.9521, 54.9864], [16.0314, 23.5756, 29.0498]]","[[73.0889, 101.7985, 124.6731], [47.7035, 68.3552, 82.1496], [77.7122, 108.9384, 133.6649], [45.9348, 65.8699, 80.5671], [25.257, 35.7401, 43.4137]]","[[-0.1847, -0.1573, -0.1119], [0.023, -0.0347, -0.016], [0.6308, 0.5341, 0.1575], [0.0474, 0.0591, 0.1264], [0.0233, 0.1369, -0.0447]]",GPU,KEEP,
20260913_044335_loop_autots_wr_ret_15,2026-09-13T04:43:35,loop,autots_wr,btc_1min_2y_2024-09-03_2026-09-03,822935ae5e8f,8587,ret_15,107,null,S_m,-0.025091481224048806,0.4666666666666667,-0.1896215791458289,-0.3396576275551233,"[[73.4042, 102.2388, 126.0984], [47.7787, 68.3263, 82.1401], [78.2276, 109.9463, 136.1999], [45.9851, 65.8785, 80.5648], [25.4187, 35.8391, 43.5365]]","[[51.2516, 72.9042, 91.2782], [31.919, 46.6003, 57.2615], [51.1577, 74.9129, 93.9362], [31.5464, 44.9309, 54.93], [16.0511, 23.5904, 29.0542]]","[[73.0889, 101.7985, 124.6731], [47.7035, 68.3552, 82.1496], [77.7122, 108.9384, 133.6649], [45.9348, 65.8699, 80.5671], [25.257, 35.7401, 43.4137]]","[[0.0072, 0.1026, -0.1294], [0.0616, -0.0306, -0.0251], [-0.2289, -0.3397, -0.0611], [0.1027, 0.0905, 0.055], [-0.1295, -0.1308, 0.0159]]",GPU,KEEP,
20260913_044637_loop_autots_wr_log_rv2_rv60,2026-09-13T04:46:37,loop,autots_wr,btc_1min_2y_2024-09-03_2026-09-03,822935ae5e8f,8587,log_rv2_rv60,108,null,S_m,0.022093909440978887,0.5333333333333333,-0.1483955926079661,-0.23112887332885634,"[[73.5149, 102.4751, 126.0591], [47.7211, 68.2183, 81.969], [78.2938, 110.0044, 136.2811], [46.0517, 65.8963, 80.5024], [25.4131, 35.7712, 43.4897]]","[[51.2401, 72.8977, 91.19], [31.878, 46.5542, 57.2157], [51.178, 74.9989, 94.0981], [31.5684, 44.8789, 54.8573], [16.0272, 23.5706, 29.0166]]","[[73.0889, 101.7985, 124.6731], [47.7035, 68.3552, 82.1496], [77.7122, 108.9384, 133.6649], [45.9348, 65.8699, 80.5671], [25.257, 35.7401, 43.4137]]","[[-0.1508, -0.2311, 0.0312], [0.1205, 0.158, 0.2083], [-0.0847, -0.0529, -0.0596], [-0.1448, -0.027, 0.0775], [0.0221, 0.1895, 0.1076]]",GPU,KEEP,
20260913_044940_loop_autots_wr_log_rv3_rv60,2026-09-13T04:49:40,loop,autots_wr,btc_1min_2y_2024-09-03_2026-09-03,822935ae5e8f,8587,log_rv3_rv60,109,null,S_m,0.05517462741265744,0.7333333333333333,-0.13506519931040906,-0.19112070245845825,"[[73.4992, 102.4144, 125.9155], [47.7622, 68.3092, 82.1257], [78.0575, 109.4997, 135.7503], [45.9891, 65.894, 80.6121], [25.3541, 35.7689, 43.4657]]","[[51.2986, 72.9842, 91.1996], [31.9221, 46.5414, 57.2209], [50.9602, 74.7246, 93.7832], [31.515, 44.8935, 54.8999], [16.0147, 23.5568, 29.02]]","[[73.0889, 101.7985, 124.6731], [47.7035, 68.3552, 82.1496], [77.7122, 108.9384, 133.6649], [45.9348, 65.8699, 80.5671], [25.257, 35.7401, 43.4137]]","[[0.0213, 0.0592, 0.1139], [-0.086, -0.1332, -0.1911], [0.3018, 0.4588, 0.3895], [0.136, 0.0036, -0.1363], [0.232, 0.0067, 0.0552]]",GPU,KEEP,
20260913_045246_loop_autots_wr_log_rv4_rv60,2026-09-13T04:52:46,loop,autots_wr,btc_1min_2y_2024-09-03_2026-09-03,822935ae5e8f,8587,log_rv4_rv60,110,null,S_m,-0.02572258472492983,0.3333333333333333,-0.21642542290452038,-0.25379552215265555,"[[73.2689, 102.0972, 125.7063], [47.8452, 68.3093, 82.0835], [78.2486, 109.6625, 135.957], [45.9737, 65.9109, 80.6295], [25.4185, 35.8298, 43.5139]]","[[51.1441, 72.7854, 91.0552], [31.939, 46.5426, 57.2145], [51.099, 74.73, 93.6979], [31.5608, 44.9406, 55.0452], [16.0338, 23.612, 29.0355]]","[[73.0889, 101.7985, 124.6731], [47.7035, 68.3552, 82.1496], [77.7122, 108.9384, 133.6649], [45.9348, 65.8699, 80.5671], [25.257, 35.7401, 43.4137]]","[[0.3134, 0.3098, 0.1661], [-0.174, -0.0001, 0.0514], [-0.2447, -0.1487, -0.1523], [0.0335, -0.0257, -0.0216], [-0.2538, -0.1703, -0.111]]",GPU,KEEP,
20260913_045550_loop_autots_wr_log_rv5_rv60,2026-09-13T04:55:50,loop,autots_wr,btc_1min_2y_2024-09-03_2026-09-03,822935ae5e8f,8587,log_rv5_rv60,111,null,S_m,0.08871178480296393,0.5333333333333333,-0.29664067986825415,-0.35032716400624775,"[[73.4988, 102.3738, 126.1467], [47.7919, 68.2419, 82.13], [78.1792, 109.406, 135.5717], [46.0097, 65.9992, 80.6515], [25.3311, 35.7236, 43.4256]]","[[51.3109, 72.9363, 91.3774], [31.9102, 46.5141, 57.2174], [51.0682, 74.5914, 93.6702], [31.5599, 44.9904, 54.953], [16.0132, 23.559, 28.9943]]","[[73.0889, 101.7985, 124.6731], [47.7035, 68.3552, 82.1496], [77.7122, 108.9384, 133.6649], [45.9348, 65.8699, 80.5671], [25.257, 35.7401, 43.4137]]","[[-0.3138, -0.2709, -0.3503], [0.1114, 0.0987, -0.0567], [0.0887, 0.234, 0.2834], [-0.0782, -0.1339, -0.0272], [0.3437, 0.2964, 0.2029]]",GPU,KEEP,
20260913_045855_loop_autots_wr_log_rv8_rv60,2026-09-13T04:58:55,loop,autots_wr,btc_1min_2y_2024-09-03_2026-09-03,822935ae5e8f,8587,log_rv8_rv60,112,null,S_m,-0.0450504755484582,0.4,-0.5093159289359095,-0.6071977960165675,"[[73.4395, 102.44, 126.1853], [47.8451, 68.2304, 82.0197], [78.4682, 110.065, 136.3948], [46.0304, 65.9479, 80.6335], [25.3984, 35.7829, 43.4233]]","[[51.2134, 72.9151, 91.2308], [31.9579, 46.5333, 57.1917], [51.1531, 74.9622, 94.1202], [31.5428, 44.9135, 54.9481], [16.0181, 23.5872, 29.0097]]","[[73.0889, 101.7985, 124.6731], [47.7035, 68.3552, 82.1496], [77.7122, 108.9384, 133.6649], [45.9348, 65.8699, 80.5671], [25.257, 35.7401, 43.4137]]","[[0.0807, -0.0647, -0.0306], [-0.1112, 0.0168, 0.1343], [-0.3697, -0.6024, -0.6072], [-0.0451, 0.0776, 0.0223], [-0.2658, -0.1661, 0.0054]]",GPU,KEEP,
20260913_050202_loop_autots_wr_log_rv10_rv60,2026-09-13T05:02:02,loop,autots_wr,btc_1min_2y_2024-09-03_2026-09-03,822935ae5e8f,8587,log_rv10_rv60,113,null,S_m,0.06963051549790933,0.7333333333333333,-0.10957327677473039,-0.17417206860654844,"[[73.4965, 102.1228, 125.6989], [47.8332, 68.2518, 82.127], [78.197, 109.7186, 135.9081], [46.0046, 65.902, 80.5614], [25.3462, 35.7696, 43.4989]]","[[51.2424, 72.7253, 91.0227], [31.9394, 46.5268, 57.2261], [51.1149, 74.8151, 93.8507], [31.5409, 44.943, 54.9576], [16.0121, 23.5884, 29.0505]]","[[73.0889, 101.7985, 124.6731], [47.7035, 68.3552, 82.1496], [77.7122, 108.9384, 133.6649], [45.9348, 65.8699, 80.5671], [25.257, 35.7401, 43.4137]]","[[-0.0776, 0.3096, 0.3855], [0.0248, -0.0313, -0.1309], [0.3456, 0.3147, 0.3568], [0.0561, 0.0696, 0.0894], [0.2057, 0.0371, -0.1742]]",GPU,KEEP,
20260913_050503_loop_autots_wr_log_rv15_rv60,2026-09-13T05:05:03,loop,autots_wr,btc_1min_2y_2024-09-03_2026-09-03,822935ae5e8f,8587,log_rv15_rv60,114,null,S_m,0.07193775676599401,0.6,-0.10040692109263283,-0.22939332749982722,"[[73.4127, 102.0082, 125.4396], [47.7667, 68.2617, 82.068], [78.2599, 109.9703, 136.0092], [45.9856, 65.9436, 80.653], [25.3087, 35.6923, 43.4415]]","[[51.2159, 72.7113, 90.9593], [31.9007, 46.5348, 57.1756], [51.0936, 74.8166, 93.7135], [31.5129, 44.9538, 55.0276], [15.9943, 23.5558, 29.0171]]","[[73.0889, 101.7985, 124.6731], [47.7035, 68.3552, 82.1496], [77.7122, 108.9384, 133.6649], [45.9348, 65.8699, 80.5671], [25.257, 35.7401, 43.4137]]","[[0.114, 0.1122, 0.2062], [0.139, -0.0146, 0.0719], [-0.0805, -0.2294, -0.0743], [0.0413, -0.0632, -0.1137], [0.1476, 0.2163, 0.1321]]",GPU,KEEP,
20260913_050805_loop_autots_wr_log_c_ema2,2026-09-13T05:08:05,loop,autots_wr,btc_1min_2y_2024-09-03_2026-09-03,822935ae5e8f,8587,log_c_ema2,115,null,S_m,-0.10302926133169965,0.13333333333333333,-0.2247472151490415,-0.26275080985396215,"[[73.3285, 101.8899, 125.5835], [47.7946, 68.2645, 82.2176], [78.4419, 110.2046, 136.1493], [46.0216, 65.9719, 80.7397], [25.3752, 35.7673, 43.4587]]","[[51.1263, 72.7082, 90.9434], [31.9274, 46.5488, 57.2502], [51.1362, 74.9136, 93.8401], [31.5577, 44.9816, 55.0275], [16.0122, 23.5837, 29.0085]]","[[73.0889, 101.7985, 124.6731], [47.7035, 68.3552, 82.1496], [77.7122, 108.9384, 133.6649], [45.9348, 65.8699, 80.5671], [25.257, 35.7401, 43.4137]]","[[0.1147, 0.1159, -0.1146], [-0.0584, -0.0041, -0.1823], [-0.2325, -0.2131, -0.103], [-0.0782, -0.0428, -0.1075], [-0.2628, -0.2103, -0.0398]]",GPU,KEEP,
20260913_051110_loop_autots_wr_log_c_ema3,2026-09-13T05:11:10,loop,autots_wr,btc_1min_2y_2024-09-03_2026-09-03,822935ae5e8f,8587,log_c_ema3,116,null,S_m,-0.03621512827198803,0.4666666666666667,-0.2244311678908506,-0.2627269899138751,"[[73.5211, 102.1514, 125.8047], [47.7855, 68.3127, 82.1793], [78.4722, 110.1946, 136.1007], [45.9603, 66.005, 80.8006], [25.3844, 35.7278, 43.4035]]","[[51.2532, 72.7928, 91.0379], [31.9217, 46.5313, 57.2085], [51.1882, 75.0934, 93.9336], [31.5338, 44.9699, 55.0391], [16.018, 23.5704, 29.0287]]","[[73.0889, 101.7985, 124.6731], [47.7035, 68.3552, 82.1496], [77.7122, 108.9384, 133.6649], [45.9348, 65.8699, 80.5671], [25.257, 35.7401, 43.4137]]","[[-0.2627, -0.2566, -0.1762], [0.019, -0.0706, 0.0466], [-0.0386, 0.0091, 0.0357], [0.1332, -0.0503, -0.0753], [-0.0362, 0.1106, 0.1272]]",GPU,KEEP,
20260913_051416_loop_autots_wr_log_c_ema4,2026-09-13T05:14:16,loop,autots_wr,btc_1min_2y_2024-09-03_2026-09-03,822935ae5e8f,8587,log_c_ema4,117,null,S_m,0.20230093730126963,0.8,-0.07343804287648135,-0.1544911498245094,"[[73.2932, 102.0452, 125.6563], [47.7631, 68.1363, 81.9093], [78.4764, 110.3255, 136.311], [45.9223, 65.7813, 80.4866], [25.3188, 35.6227, 43.3157]]","[[51.2107, 72.7275, 91.143], [31.9233, 46.5284, 57.1576], [51.1395, 75.1487, 94.0762], [31.5369, 44.9053, 54.9337], [15.9814, 23.5305, 28.9861]]","[[73.0889, 101.7985, 124.6731], [47.7035, 68.3552, 82.1496], [77.7122, 108.9384, 133.6649], [45.9348, 65.8699, 80.5671], [25.257, 35.7401, 43.4137]]","[[0.31, 0.104, 0.118], [0.0469, 0.2583, 0.3286], [-0.0054, -0.1188, -0.1545], [0.0826, 0.3389, 0.3885], [0.2586, 0.294, 0.2023]]",GPU,KEEP,
20260913_051725_loop_autots_wr_log_c_ema5,2026-09-13T05:17:25,loop,autots_wr,btc_1min_2y_2024-09-03_2026-09-03,822935ae5e8f,8587,log_c_ema5,118,null,S_m,-0.2150718101995741,0.2,-0.30216753739697566,-0.3479141333762481,"[[73.4849, 102.4002, 125.828], [47.8859, 68.2544, 82.0508], [78.1946, 109.7284, 135.4989], [46.0488, 65.9793, 80.7305], [25.3853, 35.6994, 43.3937]]","[[51.3133, 72.8736, 91.2099], [31.9138, 46.5351, 57.1957], [51.1335, 74.911, 93.6428], [31.546, 44.9532, 55.0297], [16.015, 23.562, 29.0236]]","[[73.0889, 101.7985, 124.6731], [47.7035, 68.3552, 82.1496], [77.7122, 108.9384, 133.6649], [45.9348, 65.8699, 80.5671], [25.257, 35.7401, 43.4137]]","[[-0.2615, -0.3479, -0.1367], [-0.257, -0.1733, -0.1728], [0.3591, 0.5412, 0.5957], [-0.2756, -0.301, -0.303], [-0.2628, -0.2151, -0.1801]]",GPU,DROP,
20260913_052029_loop_autots_wr_log_c_ema8,2026-09-13T05:20:29,loop,autots_wr,btc_1min_2y_2024-09-03_2026-09-03,822935ae5e8f,8587,log_c_ema8,118,null,S_m,-0.08726999471126984,0.3333333333333333,-0.3998527352457204,-0.5613826598076299,"[[73.3431, 102.0413, 125.5413], [47.83, 68.1809, 81.9836], [78.2783, 110.0062, 135.8745], [45.9627, 65.8466, 80.5569], [25.3812, 35.8016, 43.5588]]","[[51.2308, 72.6135, 90.953], [31.9254, 46.5285, 57.1817], [51.0843, 75.092, 93.8353], [31.5539, 44.9272, 54.9911], [16.02, 23.6049, 29.0737]]","[[73.0889, 101.7985, 124.6731], [47.7035, 68.3552, 82.1496], [77.7122, 108.9384, 133.6649], [45.9348, 65.8699, 80.5671], [25.257, 35.7401, 43.4137]]","[[-0.0681, 0.0037, 0.0916], [-0.1401, -0.0655, -0.0908], [0.2524, 0.2895, 0.3202], [-0.0879, -0.0993, -0.0873], [-0.2466, -0.502, -0.5614]]",GPU,KEEP,
20260913_052333_loop_autots_wr_log_c_ema10,2026-09-13T05:23:33,loop,autots_wr,btc_1min_2y_2024-09-03_2026-09-03,822935ae5e8f,8587,log_c_ema10,119,null,S_m,-0.01504682549482439,0.4666666666666667,-0.2892679541729093,-0.45093881590749785,"[[73.2132, 102.3984, 126.1074], [47.8912, 68.2222, 82.0329], [78.194, 109.8507, 135.7997], [45.9696, 65.9772, 80.6976], [25.3288, 35.7269, 43.5167]]","[[51.1584, 72.8699, 91.3198], [31.9453, 46.5099, 57.1698], [51.1788, 74.9651, 93.7605], [31.5196, 44.9501, 54.9701], [16.0019, 23.6008, 29.0803]]","[[73.0889, 101.7985, 124.6731], [47.7035, 68.3552, 82.1496], [77.7122, 108.9384, 133.6649], [45.9348, 65.8699, 80.5671], [25.257, 35.7401, 43.4137]]","[[0.1772, -0.35, -0.4509], [-0.1278, -0.0606, -0.0601], [0.1077, 0.1413, 0.0551], [-0.015, -0.1982, -0.1747], [0.2067, 0.2086, 0.0968]]",GPU,KEEP,
20260913_052643_loop_autots_wr_log_c_ema15,2026-09-13T05:26:43,loop,autots_wr,btc_1min_2y_2024-09-03_2026-09-03,822935ae5e8f,8587,log_c_ema15,120,null,S_m,-0.0204216836800164,0.4,-0.30867791885063056,-0.37599379008028677,"[[73.4819, 102.4111, 125.9411], [47.8523, 68.205, 82.0497], [78.2424, 109.9857, 135.919], [46.0545, 66.123, 81.0011], [25.3183, 35.6751, 43.3691]]","[[51.3042, 72.8041, 91.2371], [31.9291, 46.4884, 57.1872], [51.1251, 74.9086, 93.7243], [31.5466, 45.0182, 55.0942], [15.9878, 23.5489, 29.0162]]","[[73.0889, 101.7985, 124.6731], [47.7035, 68.3552, 82.1496], [77.7122, 108.9384, 133.6649], [45.9348, 65.8699, 80.5671], [25.257, 35.7401, 43.4137]]","[[-0.3671, -0.0123, 0.1318], [0.0811, 0.0252, -0.0204], [-0.0619, -0.1229, -0.0878], [-0.1848, -0.2211, -0.376], [0.0414, 0.145, 0.3391]]",GPU,KEEP,
20260913_052957_loop_autots_wr_log_ema2_ema5,2026-09-13T05:29:57,loop,autots_wr,btc_1min_2y_2024-09-03_2026-09-03,822935ae5e8f,8587,log_ema2_ema5,121,null,S_m,-0.07210021632364505,0.3333333333333333,-0.23038920119635264,-0.25458223845835626,"[[73.5349, 102.4125, 125.9307], [47.9264, 68.3745, 82.2586], [78.3857, 109.9382, 135.9527], [45.9877, 65.9388, 80.7681], [25.3697, 35.7284, 43.43]]","[[51.3007, 72.8337, 91.2157], [31.9642, 46.5897, 57.266], [51.1037, 74.8913, 93.7748], [31.5279, 44.913, 54.9927], [16.0183, 23.5684, 29.0161]]","[[73.0889, 101.7985, 124.6731], [47.7035, 68.3552, 82.1496], [77.7122, 108.9384, 133.6649], [45.9348, 65.8699, 80.5671], [25.257, 35.7401, 43.4137]]","[[-0.0721, -0.0014, 0.0083], [-0.1548, -0.2485, -0.2546], [-0.1832, 0.0432, -0.0248], [0.145, 0.2786, 0.2877], [-0.2032, -0.1494, -0.1404]]",GPU,KEEP,
20260913_053308_loop_autots_wr_log_ema2_ema8,2026-09-13T05:33:08,loop,autots_wr,btc_1min_2y_2024-09-03_2026-09-03,822935ae5e8f,8587,log_ema2_ema8,122,null,S_m,-0.02262522475551254,0.4666666666666667,-0.09542012224351915,-0.16272362769094162,"[[73.4209, 102.3243, 125.805], [47.845, 68.3235, 82.1833], [78.4035, 109.9996, 136.0034], [45.9986, 65.9367, 80.8602], [25.3802, 35.7525, 43.5006]]","[[51.1868, 72.8144, 91.2066], [31.9252, 46.5574, 57.2348], [51.1875, 74.9073, 93.9134], [31.5476, 44.9513, 55.0926], [16.0197, 23.5767, 29.0443]]","[[73.0889, 101.7985, 124.6731], [47.7035, 68.3552, 82.1496], [77.7122, 108.9384, 133.6649], [45.9348, 65.8699, 80.5671], [25.257, 35.7401, 43.4137]]","[[0.1551, 0.0862, 0.0998], [0.1697, 0.0746, 0.0915], [-0.0226, -0.0559, -0.0373], [-0.0237, 0.0031, -0.114], [-0.0415, -0.0675, -0.1627]]",GPU,KEEP,
20260913_053619_loop_autots_wr_log_ema3_ema10,2026-09-13T05:36:19,loop,autots_wr,btc_1min_2y_2024-09-03_2026-09-03,822935ae5e8f,8587,log_ema3_ema10,123,null,S_m,0.10586179793556916,0.6,-0.04179312210200514,-0.06544978988252126,"[[73.4497, 102.2938, 125.8874], [47.8658, 68.2217, 82.0038], [78.1915, 109.8713, 136.0518], [45.9444, 65.937, 80.7244], [25.3534, 35.7637, 43.4463]]","[[51.2402, 72.7662, 91.118], [31.9479, 46.5233, 57.1536], [51.1368, 74.9329, 93.8096], [31.4809, 44.9216, 54.9526], [15.9961, 23.5612, 29.0219]]","[[73.0889, 101.7985, 124.6731], [47.7035, 68.3552, 82.1496], [77.7122, 108.9384, 133.6649], [45.9348, 65.8699, 80.5671], [25.257, 35.7401, 43.4137]]","[[-0.0393, 0.0298, -0.0654], [-0.0435, 0.149, 0.2183], [0.2704, 0.1167, -0.0356], [0.1179, -0.0004, 0.168], [0.1059, -0.0313, 0.125]]",GPU,KEEP,
20260913_053930_loop_autots_wr_log_ema4_ema10,2026-09-13T05:39:30,loop,autots_wr,btc_1min_2y_2024-09-03_2026-09-03,822935ae5e8f,8587,log_ema4_ema10,124,null,S_m,0.028084833570618528,0.6,-0.08169627576502858,-0.08941277944243264,"[[73.4395, 102.2392, 125.9942], [47.8524, 68.1439, 81.9756], [78.2062, 109.9558, 136.1362], [45.9855, 65.9183, 80.6526], [25.3335, 35.7246, 43.4717]]","[[51.1974, 72.8158, 91.2433], [31.9276, 46.4912, 57.1774], [51.1083, 74.9305, 93.8171], [31.5176, 44.9213, 54.8739], [15.974, 23.5712, 29.0471]]","[[73.0889, 101.7985, 124.6731], [47.7035, 68.3552, 82.1496], [77.7122, 108.9384, 133.6649], [45.9348, 65.8699, 80.5671], [25.257, 35.7401, 43.4137]]","[[0.0139, 0.0533, -0.0849], [0.0281, 0.1141, 0.0344], [-0.0189, -0.0769, -0.062], [-0.0894, 0.0283, 0.0889], [0.0782, 0.1092, -0.0585]]",GPU,KEEP,
20260913_054239_loop_autots_wr_log_ema5_ema15,2026-09-13T05:42:39,loop,autots_wr,btc_1min_2y_2024-09-03_2026-09-03,822935ae5e8f,8587,log_ema5_ema15,125,null,S_m,0.02822455364295262,0.5333333333333333,-0.1353101569104176,-0.22831687884234952,"[[73.3247, 102.1576, 125.7996], [47.8266, 68.2412, 82.0476], [78.1751, 109.9785, 136.1436], [45.9725, 66.0002, 80.8367], [25.3593, 35.6643, 43.383]]","[[51.1975, 72.7355, 91.1428], [31.9339, 46.5084, 57.1793], [51.134, 75.0174, 93.93], [31.5387, 44.9704, 55.011], [16.0076, 23.5528, 29.0192]]","[[73.0889, 101.7985, 124.6731], [47.7035, 68.3552, 82.1496], [77.7122, 108.9384, 133.6649], [45.9348, 65.8699, 80.5671], [25.257, 35.7401, 43.4137]]","[[0.1563, 0.0798, 0.1545], [0.0538, -0.1428, -0.0878], [0.0398, -0.0206, -0.0054], [0.0282, -0.1241, -0.2283], [-0.1018, 0.1689, 0.2039]]",GPU,KEEP,
20260913_054550_loop_autots_wr_rsi1_centered,2026-09-13T05:45:50,loop,autots_wr,btc_1min_2y_2024-09-03_2026-09-03,822935ae5e8f,8587,rsi1_centered,126,null,S_m,-0.0007902717682028992,0.4,-0.012880535896409029,-0.016888428959727086,"[[73.3251, 102.1531, 125.7905], [47.8329, 68.2527, 82.058], [78.1775, 109.9794, 136.1539], [45.9721, 66.0013, 80.84], [25.3576, 35.6635, 43.3815]]","[[51.1986, 72.7327, 91.14], [31.9352, 46.512, 57.1821], [51.1374, 75.0217, 93.9321], [31.5384, 44.9707, 55.0126], [16.0064, 23.5518, 29.0173]]","[[73.0889, 101.7985, 124.6731], [47.7035, 68.3552, 82.1496], [77.7122, 108.9384, 133.6649], [45.9348, 65.8699, 80.5671], [25.257, 35.7401, 43.4137]]","[[-0.0005, 0.0044, 0.0072], [-0.0131, -0.0169, -0.0126], [-0.003, -0.0008, -0.0076], [0.0008, -0.0018, -0.004], [0.0068, 0.0021, 0.0035]]",GPU,KEEP,
20260913_054904_loop_autots_wr_rsi2_centered,2026-09-13T05:49:04,loop,autots_wr,btc_1min_2y_2024-09-03_2026-09-03,822935ae5e8f,8587,rsi2_centered,127,null,S_m,-0.12685407657857528,0.3333333333333333,-0.27890701848019006,-0.29654308431130705,"[[73.5372, 102.456, 126.075], [47.9001, 68.3085, 82.0965], [78.2766, 109.8747, 136.022], [46.0577, 65.941, 80.7859], [25.3108, 35.7574, 43.4785]]","[[51.2712, 72.834, 91.3022], [31.9482, 46.5302, 57.201], [51.1663, 74.981, 93.8695], [31.5504, 44.9349, 54.9365], [15.9979, 23.5731, 29.0295]]","[[73.0889, 101.7985, 124.6731], [47.7035, 68.3552, 82.1496], [77.7122, 108.9384, 133.6649], [45.9348, 65.8699, 80.5671], [25.257, 35.7401, 43.4137]]","[[-0.2892, -0.2965, -0.2262], [-0.1406, -0.0818, -0.0469], [-0.1269, 0.0952, 0.0969], [-0.1861, 0.0914, 0.0668], [0.1847, -0.2634, -0.2234]]",GPU,KEEP,
20260913_055219_loop_autots_wr_rsi3_centered,2026-09-13T05:52:19,loop,autots_wr,btc_1min_2y_2024-09-03_2026-09-03,822935ae5e8f,8587,rsi3_centered,128,null,S_m,0.10912890736254344,0.8,-0.11328686776665098,-0.15015662301207655,"[[73.4912, 102.1608, 125.9636], [47.8164, 68.1686, 81.9776], [78.0295, 110.0397, 136.1632], [45.9503, 65.9265, 80.6978], [25.341, 35.7512, 43.4279]]","[[51.2587, 72.8181, 91.1546], [31.9082, 46.5062, 57.1639], [51.0357, 75.0561, 93.9039], [31.5201, 44.9631, 54.919], [15.9921, 23.582, 29.0129]]","[[73.0889, 101.7985, 124.6731], [47.7035, 68.3552, 82.1496], [77.7122, 108.9384, 133.6649], [45.9348, 65.8699, 80.5671], [25.257, 35.7401, 43.4137]]","[[0.0625, 0.2881, 0.0884], [0.1749, 0.2048, 0.1448], [0.3157, -0.1502, -0.1038], [0.233, 0.0219, 0.1091], [-0.1196, 0.0175, 0.1162]]",GPU,KEEP,
20260913_055534_loop_autots_wr_rsi4_centered,2026-09-13T05:55:34,loop,autots_wr,btc_1min_2y_2024-09-03_2026-09-03,822935ae5e8f,8587,rsi4_centered,129,null,S_m,-0.07960155917068334,0.3333333333333333,-0.18922772920538122,-0.24733264604990257,"[[73.5625, 102.2421, 125.9434], [47.8274, 68.3045, 82.0983], [78.0209, 109.9439, 136.2716], [46.064, 66.0414, 80.7916], [25.3635, 35.749, 43.4221]]","[[51.2942, 72.7838, 91.1033], [31.9212, 46.5678, 57.195], [51.0847, 75.0321, 94.0415], [31.5479, 44.9879, 54.9815], [16.0146, 23.5875, 29.0222]]","[[73.0889, 101.7985, 124.6731], [47.7035, 68.3552, 82.1496], [77.7122, 108.9384, 133.6649], [45.9348, 65.8699, 80.5671], [25.257, 35.7401, 43.4137]]","[[-0.097, -0.0795, 0.0161], [-0.023, -0.1993, -0.1472], [0.0111, 0.087, -0.0796], [-0.2473, -0.1742, -0.1163], [-0.0888, 0.0062, 0.0136]]",GPU,KEEP,
20260913_055851_loop_autots_wr_rsi5_centered,2026-09-13T05:58:51,loop,autots_wr,btc_1min_2y_2024-09-03_2026-09-03,822935ae5e8f,8587,rsi5_centered,130,null,S_m,0.1472742358468837,0.8,-0.026633954733767947,-0.1285335282746658,"[[73.0439, 101.8353, 125.7049], [47.844, 68.2039, 82.0155], [78.1212, 109.8138, 135.8195], [46.0424, 65.9952, 80.8033], [25.3127, 35.6807, 43.3456]]","[[51.0899, 72.6909, 91.0571], [31.9069, 46.4936, 57.1575], [51.1756, 74.9162, 93.7353], [31.5279, 44.9742, 55.0115], [15.9992, 23.567, 29.0035]]","[[73.0889, 101.7985, 124.6731], [47.7035, 68.3552, 82.1496], [77.7122, 108.9384, 133.6649], [45.9348, 65.8699, 80.5671], [25.257, 35.7401, 43.4137]]","[[0.705, 0.3979, 0.1894], [-0.0347, 0.1473, 0.1009], [-0.1285, 0.1183, 0.3317], [0.0469, 0.0698, -0.0145], [0.2006, 0.1909, 0.176]]",GPU,KEEP,
20260913_060207_loop_autots_wr_rsi8_centered,2026-09-13T06:02:07,loop,autots_wr,btc_1min_2y_2024-09-03_2026-09-03,822935ae5e8f,8587,rsi8_centered,131,null,S_m,-0.14411543676979832,0.26666666666666666,-0.27600570553273585,-0.3446712467987334,"[[73.2648, 102.0277, 125.8767], [47.8542, 68.2423, 81.9981], [78.2741, 109.972, 136.0428], [46.0189, 65.8871, 80.6076], [25.3679, 35.8037, 43.448]]","[[51.1457, 72.8005, 91.2089], [31.9025, 46.5419, 57.1872], [51.1377, 74.9621, 94.0011], [31.5486, 44.9263, 54.9541], [16.0149, 23.5852, 29.0348]]","[[73.0889, 101.7985, 124.6731], [47.7035, 68.3552, 82.1496], [77.7122, 108.9384, 133.6649], [45.9348, 65.8699, 80.5671], [25.257, 35.7401, 43.4137]]","[[-0.3025, -0.1889, -0.1367], [-0.0214, -0.0563, 0.0212], [-0.1958, -0.1441, -0.1644], [0.0511, 0.1639, 0.2421], [-0.2181, -0.3447, -0.2363]]",GPU,KEEP,
20260913_060523_loop_autots_wr_rsi10_centered,2026-09-13T06:05:23,loop,autots_wr,btc_1min_2y_2024-09-03_2026-09-03,822935ae5e8f,8587,rsi10_centered,132,null,S_m,0.08683798622229899,0.6666666666666666,-0.22164811149266495,-0.32755889783668835,"[[73.2012, 101.8491, 125.4566], [47.8058, 68.1385, 81.9382], [78.3393, 110.2528, 136.2241], [45.9967, 65.9999, 80.8717], [25.3215, 35.7153, 43.3289]]","[[51.1419, 72.718, 91.0246], [31.9099, 46.5033, 57.1542], [51.14, 75.0072, 93.8652], [31.5244, 44.9604, 55.0303], [15.9957, 23.546, 28.964]]","[[73.0889, 101.7985, 124.6731], [47.7035, 68.3552, 82.1496], [77.7122, 108.9384, 133.6649], [45.9348, 65.8699, 80.5671], [25.257, 35.7401, 43.4137]]","[[0.0868, 0.1751, 0.3338], [0.1013, 0.1521, 0.0729], [-0.0832, -0.2553, -0.1333], [0.0482, -0.1712, -0.3276], [0.1827, 0.2469, 0.2742]]",GPU,KEEP,
20260913_060840_loop_autots_wr_rsi15_centered,2026-09-13T06:08:40,loop,autots_wr,btc_1min_2y_2024-09-03_2026-09-03,822935ae5e8f,8587,rsi15_centered,133,null,S_m,-0.09263135590504845,0.3333333333333333,-0.25325703777257846,-0.29824316199653644,"[[72.9733, 101.8177, 125.6588], [47.8709, 68.3268, 82.1826], [78.3329, 110.2186, 136.5221], [46.0333, 66.0385, 80.6998], [25.3672, 35.7484, 43.3971]]","[[51.0938, 72.7887, 91.0475], [31.9482, 46.5153, 57.1795], [51.1038, 75.1519, 94.0566], [31.5442, 44.9564, 54.9548], [16.0082, 23.5778, 29.0269]]","[[73.0889, 101.7985, 124.6731], [47.7035, 68.3552, 82.1496], [77.7122, 108.9384, 133.6649], [45.9348, 65.8699, 80.5671], [25.257, 35.7401, 43.4137]]","[[0.3113, 0.0308, -0.1611], [-0.1362, -0.2763, -0.2982], [0.0082, 0.031, -0.2187], [-0.0795, -0.0586, 0.2125], [-0.1805, -0.0926, -0.1573]]",GPU,KEEP,
20260913_061201_loop_autots_wr_bb_pctb_2,2026-09-13T06:12:01,loop,autots_wr,btc_1min_2y_2024-09-03_2026-09-03,822935ae5e8f,8587,bb_pctb_2,134,null,S_m,0.024660514329299943,0.6666666666666666,-0.1784170769751814,-0.28809549602890616,"[[73.1836, 102.0491, 125.7909], [47.7977, 68.2447, 82.0281], [78.322, 110.2555, 136.4456], [46.0219, 66.0014, 80.7112], [25.363, 35.6997, 43.308]]","[[51.19, 72.8583, 91.1621], [31.9158, 46.5013, 57.1594], [51.1049, 75.0973, 94.0523], [31.5436, 44.9364, 54.9463], [16.0076, 23.5576, 28.9766]]","[[73.0889, 101.7985, 124.6731], [47.7035, 68.3552, 82.1496], [77.7122, 108.9384, 133.6649], [45.9348, 65.8699, 80.5671], [25.257, 35.7401, 43.4137]]","[[-0.2881, -0.2273, -0.1051], [0.1528, 0.1201, 0.188], [0.0139, -0.0335, 0.056], [0.0247, 0.0562, -0.0141], [0.0167, 0.1361, 0.2053]]",GPU,KEEP,
20260913_061522_loop_autots_wr_bb_pctb_3,2026-09-13T06:15:22,loop,autots_wr,btc_1min_2y_2024-09-03_2026-09-03,822935ae5e8f,8587,bb_pctb_3,135,null,S_m,0.030200122501122806,0.5333333333333333,-0.09132206392384212,-0.2561443881079706,"[[73.1976, 102.1427, 125.6885], [47.7833, 68.2455, 82.1026], [78.1095, 110.0809, 136.1053], [45.9683, 65.9706, 80.7277], [25.3268, 35.7093, 43.4189]]","[[51.1503, 72.8052, 91.1028], [31.9161, 46.5558, 57.205], [51.0591, 75.094, 94.0758], [31.5241, 44.9327, 54.9464], [16.0038, 23.5631, 29.0167]]","[[73.0889, 101.7985, 124.6731], [47.7035, 68.3552, 82.1496], [77.7122, 108.9384, 133.6649], [45.9348, 65.8699, 80.5671], [25.257, 35.7401, 43.4137]]","[[-0.0191, -0.0917, 0.0814], [0.0302, -0.0011, -0.0907], [0.2713, 0.1584, 0.2495], [0.1165, 0.0468, -0.0205], [0.1428, -0.0266, -0.2561]]",GPU,KEEP,
20260913_061846_loop_autots_wr_bb_pctb_4,2026-09-13T06:18:46,loop,autots_wr,btc_1min_2y_2024-09-03_2026-09-03,822935ae5e8f,8587,bb_pctb_4,136,null,S_m,0.10656115491836093,0.8666666666666667,-0.0722745165674876,-0.20882049135937386,"[[73.1646, 101.8813, 125.5618], [47.8552, 68.2133, 82.0151], [77.9961, 109.9046, 135.9409], [46.0643, 65.9001, 80.6419], [25.3062, 35.6663, 43.3324]]","[[51.1306, 72.7759, 91.0502], [31.9357, 46.5237, 57.1314], [51.073, 74.9569, 93.8804], [31.5623, 44.9174, 54.9225], [15.9996, 23.5421, 28.9751]]","[[73.0889, 101.7985, 124.6731], [47.7035, 68.3552, 82.1496], [77.7122, 108.9384, 133.6649], [45.9348, 65.8699, 80.5671], [25.257, 35.7401, 43.4137]]","[[0.0451, 0.2559, 0.1008], [-0.1505, 0.0471, 0.1066], [0.1451, 0.1601, 0.1208], [-0.2088, 0.1067, 0.1063], [0.0813, 0.1203, 0.1993]]",GPU,KEEP,
20260913_062210_loop_autots_wr_bb_pctb_5,2026-09-13T06:22:10,loop,autots_wr,btc_1min_2y_2024-09-03_2026-09-03,822935ae5e8f,8587,bb_pctb_5,137,null,S_m,-0.13933959311416277,0.26666666666666666,-0.26284024594713795,-0.29417026276705727,"[[73.2665, 102.181, 125.8152], [47.8107, 68.3385, 82.2534], [78.1414, 109.9735, 135.9131], [45.9416, 65.8552, 80.6722], [25.3531, 35.6961, 43.4282]]","[[51.3126, 72.9194, 91.1283], [31.9102, 46.5294, 57.2282], [51.107, 74.9828, 93.8075], [31.5101, 44.8918, 54.9317], [16.0394, 23.5658, 29.0275]]","[[73.0889, 101.7985, 124.6731], [47.7035, 68.3552, 82.1496], [77.7122, 108.9384, 133.6649], [45.9348, 65.8699, 80.5671], [25.257, 35.7401, 43.4137]]","[[-0.1393, -0.2942, -0.2018], [0.0931, -0.1835, -0.2906], [-0.1863, -0.0627, 0.0205], [0.2664, 0.0682, -0.0376], [-0.1854, -0.0835, -0.2212]]",GPU,KEEP,
20260913_062534_loop_autots_wr_bb_pctb_8,2026-09-13T06:25:34,loop,autots_wr,btc_1min_2y_2024-09-03_2026-09-03,822935ae5e8f,8587,bb_pctb_8,138,null,S_m,0.007671681696408417,0.6,-0.08878242214604981,-0.20302694676739286,"[[73.0803, 102.1732, 125.7469], [47.8482, 68.2902, 82.0372], [78.1833, 109.9687, 135.8504], [45.9856, 65.9889, 80.6814], [25.3175, 35.7011, 43.3745]]","[[51.1114, 72.9102, 91.139], [31.9297, 46.5451, 57.1621], [51.0933, 74.9282, 93.8655], [31.535, 44.975, 54.9177], [16.0093, 23.5407, 28.9928]]","[[73.0889, 101.7985, 124.6731], [47.7035, 68.3552, 82.1496], [77.7122, 108.9384, 133.6649], [45.9348, 65.8699, 80.5671], [25.257, 35.7401, 43.4137]]","[[0.2541, 0.0077, 0.0543], [-0.0784, 0.0706, 0.2628], [-0.0536, 0.0044, 0.0461], [-0.0957, -0.203, -0.0114], [0.1406, -0.0141, 0.1238]]",GPU,KEEP,
20260913_062900_loop_autots_wr_bb_pctb_10,2026-09-13T06:29:00,loop,autots_wr,btc_1min_2y_2024-09-03_2026-09-03,822935ae5e8f,8587,bb_pctb_10,139,null,S_m,-0.025483562903994006,0.26666666666666666,-0.1291641429833401,-0.4771575060156463,"[[73.429, 102.1751, 125.8443], [47.8559, 68.271, 82.0501], [78.171, 109.9299, 135.9818], [46.0163, 65.982, 80.7878], [25.3239, 35.7143, 43.4287]]","[[51.3122, 72.9103, 91.1768], [31.9178, 46.5313, 57.2244], [51.054, 74.8775, 93.8139], [31.5391, 44.9642, 54.9632], [15.9925, 23.543, 29.0214]]","[[73.0889, 101.7985, 124.6731], [47.7035, 68.3552, 82.1496], [77.7122, 108.9384, 133.6649], [45.9348, 65.8699, 80.5671], [25.257, 35.7401, 43.4137]]","[[-0.4772, -0.0019, -0.0774], [-0.0161, 0.0282, -0.0157], [0.0157, 0.0353, -0.0967], [-0.0668, 0.0105, -0.1319], [-0.0255, -0.0369, -0.1251]]",GPU,KEEP,
20260913_063230_loop_autots_wr_bb_pctb_15,2026-09-13T06:32:30,loop,autots_wr,btc_1min_2y_2024-09-03_2026-09-03,822935ae5e8f,8587,bb_pctb_15,140,null,S_m,-0.002729139446255857,0.4666666666666667,-0.1907057245607735,-0.2855646115041077,"[[73.229, 102.1202, 125.8483], [47.8538, 68.2327, 82.0334], [78.3309, 110.2438, 136.213], [46.0043, 65.9838, 80.664], [25.3665, 35.7685, 43.4303]]","[[51.184, 72.8636, 91.126], [31.9423, 46.542, 57.1975], [51.0859, 75.1322, 93.9939], [31.5482, 44.9578, 54.9542], [16.0306, 23.5973, 29.0206]]","[[73.0889, 101.7985, 124.6731], [47.7035, 68.3552, 82.1496], [77.7122, 108.9384, 133.6649], [45.9348, 65.8699, 80.5671], [25.257, 35.7401, 43.4137]]","[[0.2724, 0.0537, -0.0032], [0.0044, 0.056, 0.0203], [-0.2045, -0.2856, -0.17], [0.0261, -0.0027, 0.1533], [-0.1681, -0.1518, -0.0036]]",GPU,KEEP,
20260913_063558_loop_autots_wr_bb_logbw_3,2026-09-13T06:35:58,loop,autots_wr,btc_1min_2y_2024-09-03_2026-09-03,822935ae5e8f,8587,bb_logbw_3,141,null,S_m,-0.03712775850026606,0.26666666666666666,-0.17035178105622162,-0.2518465137075987,"[[73.2938, 102.2235, 125.8896], [47.8249, 68.2806, 82.0134], [78.2447, 110.4531, 136.5561], [46.0116, 65.9869, 80.618], [25.3759, 35.7854, 43.4916]]","[[51.2311, 72.8912, 91.161], [31.9151, 46.5319, 57.1452], [51.0779, 75.173, 94.1921], [31.561, 44.9762, 54.9672], [16.0322, 23.5846, 29.0592]]","[[73.0889, 101.7985, 124.6731], [47.7035, 68.3552, 82.1496], [77.7122, 108.9384, 133.6649], [45.9348, 65.8699, 80.5671], [25.257, 35.7401, 43.4137]]","[[-0.0885, -0.1012, -0.0328], [0.0605, -0.0701, 0.0244], [0.1101, -0.1898, -0.2518], [-0.016, -0.0048, 0.0569], [-0.0371, -0.0473, -0.1411]]",GPU,KEEP,
20260913_063926_loop_autots_wr_bb_logbw_4,2026-09-13T06:39:26,loop,autots_wr,btc_1min_2y_2024-09-03_2026-09-03,822935ae5e8f,8587,bb_logbw_4,142,null,S_m,0.004740310689110849,0.5333333333333333,-0.10498637211508566,-0.13057217211880356,"[[73.2102, 102.3569, 125.798], [47.8658, 68.3316, 82.1067], [78.289, 110.4695, 136.3884], [46.0013, 65.9838, 80.6921], [25.3249, 35.7384, 43.4469]]","[[51.244, 72.9145, 91.0987], [31.9456, 46.5484, 57.1705], [51.0673, 75.1965, 94.0768], [31.5359, 44.9286, 54.9733], [16.0109, 23.5628, 29.0214]]","[[73.0889, 101.7985, 124.6731], [47.7035, 68.3552, 82.1496], [77.7122, 108.9384, 133.6649], [45.9348, 65.8699, 80.5671], [25.257, 35.7401, 43.4137]]","[[0.1142, -0.1306, 0.0728], [-0.0856, -0.0747, -0.1137], [-0.0567, -0.0149, 0.1228], [0.0225, 0.0047, -0.0919], [0.201, 0.1314, 0.1027]]",GPU,KEEP,
20260913_064257_loop_autots_wr_bb_logbw_5,2026-09-13T06:42:57,loop,autots_wr,btc_1min_2y_2024-09-03_2026-09-03,822935ae5e8f,8587,bb_logbw_5,143,null,S_m,0.02696201290447453,0.5333333333333333,-0.1791779555629036,-0.24785936280566911,"[[73.2755, 102.2403, 125.8505], [47.7711, 68.2197, 82.0436], [78.2073, 110.073, 136.0209], [46.0108, 65.966, 80.8426], [25.3877, 35.7985, 43.4541]]","[[51.1969, 72.9869, 91.1671], [31.9015, 46.5155, 57.2099], [51.0875, 75.0322, 93.9297], [31.5106, 44.9246, 55.0036], [16.0342, 23.5736, 29.0069]]","[[73.0889, 101.7985, 124.6731], [47.7035, 68.3552, 82.1496], [77.7122, 108.9384, 133.6649], [45.9348, 65.8699, 80.5671], [25.257, 35.7401, 43.4137]]","[[-0.0893, 0.1139, -0.0417], [0.1978, 0.1637, 0.0769], [0.1044, 0.359, 0.2694], [-0.0207, 0.027, -0.1864], [-0.2479, -0.1683, -0.0165]]",GPU,KEEP,
20260913_064628_loop_autots_wr_bb_logbw_8,2026-09-13T06:46:28,loop,autots_wr,btc_1min_2y_2024-09-03_2026-09-03,822935ae5e8f,8587,bb_logbw_8,144,null,S_m,-0.1262266714726401,0.3333333333333333,-0.29063890912468526,-0.420782226902805,"[[73.3913, 102.5634, 126.119], [47.7612, 68.2879, 82.1009], [78.3204, 110.3511, 136.5933], [45.9606, 66.0493, 80.7803], [25.3497, 35.7725, 43.5233]]","[[51.2432, 73.027, 91.3039], [31.8893, 46.5216, 57.2121], [51.071, 75.124, 94.1921], [31.5258, 45.0014, 54.9901], [16.0226, 23.5751, 29.0363]]","[[73.0889, 101.7985, 124.6731], [47.7035, 68.3552, 82.1496], [77.7122, 108.9384, 133.6649], [45.9348, 65.8699, 80.5671], [25.257, 35.7401, 43.4137]]","[[-0.158, -0.316, -0.2134], [0.0208, -0.1, -0.0699], [-0.1446, -0.2527, -0.4208], [0.1092, -0.1262, 0.077], [0.1494, 0.0727, -0.1593]]",GPU,KEEP,
20260913_064959_loop_autots_wr_bb_logbw_10,2026-09-13T06:49:59,loop,autots_wr,btc_1min_2y_2024-09-03_2026-09-03,822935ae5e8f,8587,bb_logbw_10,145,null,S_m,-0.01194761771972086,0.4666666666666667,-0.11543867211824209,-0.17387336652190388,"[[73.4211, 102.6004, 126.1523], [47.8402, 68.2961, 82.1329], [78.2792, 110.1617, 136.0975], [46.0405, 65.9849, 80.7186], [25.3393, 35.7814, 43.4411]]","[[51.2078, 72.9355, 91.2412], [31.9015, 46.5353, 57.2498], [51.0949, 75.1008, 94.0202], [31.5624, 44.9646, 54.9592], [16.0099, 23.5466, 29.0026]]","[[73.0889, 101.7985, 124.6731], [47.7035, 68.3552, 82.1496], [77.7122, 108.9384, 133.6649], [45.9348, 65.8699, 80.5671], [25.257, 35.7401, 43.4137]]","[[-0.0406, -0.0361, -0.0263], [-0.1653, -0.0119, -0.039], [0.0526, 0.1717, 0.363], [-0.1739, 0.0974, 0.0763], [0.0412, -0.025, 0.189]]",GPU,KEEP,
20260913_065330_loop_autots_wr_bb_logbw_15,2026-09-13T06:53:30,loop,autots_wr,btc_1min_2y_2024-09-03_2026-09-03,822935ae5e8f,8587,bb_logbw_15,146,null,S_m,-0.05905857200532161,0.4,-0.15519311209572173,-0.19295944953057198,"[[73.1461, 102.3034, 125.7632], [47.8684, 68.3841, 82.2541], [78.3627, 110.3382, 136.3601], [45.9947, 66.0287, 80.7799], [25.3494, 35.7806, 43.4376]]","[[51.147, 72.964, 91.2131], [31.9379, 46.565, 57.242], [51.2104, 75.1469, 94.013], [31.5455, 45.0068, 54.993], [16.011, 23.579, 29.0249]]","[[73.0889, 101.7985, 124.6731], [47.7035, 68.3552, 82.1496], [77.7122, 108.9384, 133.6649], [45.9348, 65.8699, 80.5671], [25.257, 35.7401, 43.4137]]","[[0.3745, 0.2895, 0.3084], [-0.0591, -0.1288, -0.1476], [-0.1067, -0.1603, -0.193], [0.0995, -0.0663, -0.0759], [-0.0399, 0.0022, 0.0082]]",GPU,KEEP,
20260913_065705_loop_autots_wr_log_atr1_c,2026-09-13T06:57:05,loop,autots_wr,btc_1min_2y_2024-09-03_2026-09-03,822935ae5e8f,8587,log_atr1_c,147,null,S_m,0.03180294990273724,0.6,-0.1617882758698874,-0.2860338717888933,"[[73.3151, 102.3626, 126.1229], [47.8701, 68.2942, 82.1084], [78.0808, 110.3026, 136.3698], [45.9548, 65.9583, 80.7621], [25.3011, 35.7693, 43.4625]]","[[51.2481, 72.9875, 91.2012], [31.9336, 46.5467, 57.1817], [51.0344, 75.0338, 93.9076], [31.5106, 44.9971, 54.9793], [16.0038, 23.5802, 29.0488]]","[[73.0889, 101.7985, 124.6731], [47.7035, 68.3552, 82.1496], [77.7122, 108.9384, 133.6649], [45.9348, 65.8699, 80.5671], [25.257, 35.7401, 43.4137]]","[[-0.2311, -0.0579, -0.286], [-0.0035, 0.1315, 0.1771], [0.3597, 0.0322, -0.0071], [0.0868, 0.1066, 0.022], [0.1904, 0.0318, -0.0573]]",GPU,KEEP,
20260913_070040_loop_autots_wr_log_atr2_c,2026-09-13T07:00:40,loop,autots_wr,btc_1min_2y_2024-09-03_2026-09-03,822935ae5e8f,8587,log_atr2_c,148,null,S_m,-0.0400063083130231,0.4,-0.17329674531291417,-0.24923004618404576,"[[73.2603, 102.6177, 126.3636], [47.8236, 68.3946, 82.1772], [78.1323, 110.1223, 136.1871], [46.0069, 65.9847, 80.6657], [25.329, 35.771, 43.4367]]","[[51.2491, 73.054, 91.3764], [31.937, 46.5887, 57.2302], [51.1122, 74.9724, 93.8247], [31.5572, 44.9441, 54.9093], [16.0196, 23.573, 29.0349]]","[[73.0889, 101.7985, 124.6731], [47.7035, 68.3552, 82.1496], [77.7122, 108.9384, 133.6649], [45.9348, 65.8699, 80.5671], [25.257, 35.7401, 43.4137]]","[[0.0747, -0.2492, -0.1908], [0.097, -0.147, -0.0838], [-0.0659, 0.1635, 0.1339], [-0.1134, -0.04, 0.1194], [-0.1101, -0.0049, 0.0593]]",GPU,KEEP,
20260913_070414_loop_autots_wr_log_atr3_c,2026-09-13T07:04:14,loop,autots_wr,btc_1min_2y_2024-09-03_2026-09-03,822935ae5e8f,8587,log_atr3_c,149,null,S_m,-0.023136803221768254,0.4666666666666667,-0.16300162848757793,-0.31949731625127153,"[[73.1191, 102.4216, 125.9043], [47.841, 68.263, 82.0926], [78.2574, 110.4742, 136.3923], [46.0175, 65.9698, 80.7532], [25.3124, 35.7979, 43.5083]]","[[51.1177, 72.9828, 91.0716], [31.9006, 46.5366, 57.1792], [51.0832, 75.1173, 94.0724], [31.5692, 44.9385, 54.9312], [16.0335, 23.588, 29.0477]]","[[73.0889, 101.7985, 124.6731], [47.7035, 68.3552, 82.1496], [77.7122, 108.9384, 133.6649], [45.9348, 65.8699, 80.5671], [25.257, 35.7401, 43.4137]]","[[0.1927, 0.1911, 0.3635], [-0.0363, 0.1924, 0.1029], [-0.1602, -0.3195, -0.1507], [-0.0231, 0.0226, -0.1084], [0.0655, -0.0751, -0.1649]]",GPU,KEEP,
20260913_070749_loop_autots_wr_log_atr4_c,2026-09-13T07:07:49,loop,autots_wr,btc_1min_2y_2024-09-03_2026-09-03,822935ae5e8f,8587,log_atr4_c,150,null,S_m,-0.06737025518346318,0.4,-0.19316384042555867,-0.24959503570280983,"[[73.2392, 102.6772, 126.1717], [47.845, 68.2069, 82.0297], [78.1919, 110.1234, 136.0126], [46.0854, 66.0163, 80.719], [25.3294, 35.8331, 43.5617]]","[[51.1809, 73.0698, 91.2546], [31.9008, 46.5158, 57.1907], [51.0852, 74.9246, 93.7005], [31.5729, 44.938, 54.9176], [16.026, 23.6105, 29.0607]]","[[73.0889, 101.7985, 124.6731], [47.7035, 68.3552, 82.1496], [77.7122, 108.9384, 133.6649], [45.9348, 65.8699, 80.5671], [25.257, 35.7401, 43.4137]]","[[-0.1643, -0.2496, -0.2124], [-0.0085, 0.0821, 0.0767], [0.0837, 0.3175, 0.2784], [-0.1474, -0.0706, 0.0423], [-0.0674, -0.0985, -0.1227]]",GPU,KEEP,
20260913_071127_loop_autots_wr_log_atr5_c,2026-09-13T07:11:27,loop,autots_wr,btc_1min_2y_2024-09-03_2026-09-03,822935ae5e8f,8587,log_atr5_c,151,null,S_m,0.045617069109060715,0.6,-0.24936267100952314,-0.3144867589870648,"[[73.0734, 102.3087, 126.0323], [47.7922, 68.1848, 81.9726], [78.4378, 110.3412, 136.3986], [46.0643, 65.9805, 80.7455], [25.3503, 35.8366, 43.5358]]","[[51.141, 72.9641, 91.1495], [31.9248, 46.524, 57.1655], [51.1226, 75.033, 94.0383], [31.5663, 44.929, 54.9468], [16.0306, 23.6063, 29.0462]]","[[73.0889, 101.7985, 124.6731], [47.7035, 68.3552, 82.1496], [77.7122, 108.9384, 133.6649], [45.9348, 65.8699, 80.5671], [25.257, 35.7401, 43.4137]]","[[0.2264, 0.3589, 0.1105], [0.1103, 0.0325, 0.0696], [-0.3145, -0.1978, -0.2838], [0.0456, 0.0543, -0.0328], [-0.0825, -0.0097, 0.0595]]",GPU,KEEP,
20260913_071505_loop_autots_wr_log_atr8_c,2026-09-13T07:15:05,loop,autots_wr,btc_1min_2y_2024-09-03_2026-09-03,822935ae5e8f,8587,log_atr8_c,152,null,S_m,-0.03260048399904569,0.3333333333333333,-0.13490000059579899,-0.1830125121535353,"[[73.2072, 102.243, 126.0399], [47.8134, 68.207, 82.1184], [78.3297, 110.3782, 136.3608], [46.0376, 66.0049, 80.6882], [25.3518, 35.8583, 43.5664]]","[[51.1974, 72.8829, 91.1486], [31.932, 46.5594, 57.2722], [51.1602, 75.1837, 93.9222], [31.5796, 44.9719, 54.935], [16.0386, 23.6341, 29.0661]]","[[73.0889, 101.7985, 124.6731], [47.7035, 68.3552, 82.1496], [77.7122, 108.9384, 133.6649], [45.9348, 65.8699, 80.5671], [25.257, 35.7401, 43.4137]]","[[-0.183, 0.0643, -0.006], [-0.0442, -0.0326, -0.1778], [0.1378, -0.0336, 0.0277], [0.0581, -0.0371, 0.0709], [-0.006, -0.0607, -0.0705]]",GPU,KEEP,
20260913_071844_loop_autots_wr_log_atr10_c,2026-09-13T07:18:44,loop,autots_wr,btc_1min_2y_2024-09-03_2026-09-03,822935ae5e8f,8587,log_atr10_c,153,null,S_m,0.029517376076981794,0.6,-0.22404774388617543,-0.3714638653760316,"[[73.2181, 102.4209, 125.8643], [47.7741, 68.3065, 82.1051], [78.2414, 110.6623, 136.8674], [46.0153, 65.9855, 80.641], [25.3542, 35.8126, 43.5418]]","[[51.2006, 72.9723, 91.147], [31.9264, 46.5442, 57.2101], [51.0445, 75.237, 94.1398], [31.5841, 44.9949, 54.927], [16.0222, 23.6064, 29.0572]]","[[73.0889, 101.7985, 124.6731], [47.7035, 68.3552, 82.1496], [77.7122, 108.9384, 133.6649], [45.9348, 65.8699, 80.5671], [25.257, 35.7401, 43.4137]]","[[-0.0149, -0.1741, 0.1393], [0.0821, -0.1458, 0.0161], [0.1128, -0.2574, -0.3715], [0.0484, 0.0295, 0.0585], [-0.0093, 0.1277, 0.0566]]",GPU,KEEP,
20260913_072225_loop_autots_wr_log_atr15_c,2026-09-13T07:22:25,loop,autots_wr,btc_1min_2y_2024-09-03_2026-09-03,822935ae5e8f,8587,log_atr15_c,154,null,S_m,-0.03553488771670388,0.26666666666666666,-0.1524664944839893,-0.20149327816174623,"[[73.1996, 102.451, 125.975], [47.7906, 68.34, 82.1961], [78.399, 110.312, 136.4304], [46.0889, 65.9952, 80.6898], [25.39, 35.8253, 43.5037]]","[[51.2107, 73.0119, 91.2363], [31.9224, 46.5442, 57.2293], [51.2202, 75.0764, 93.9631], [31.6133, 44.9926, 54.9568], [16.0431, 23.6088, 29.0421]]","[[73.0889, 101.7985, 124.6731], [47.7035, 68.3552, 82.1496], [77.7122, 108.9384, 133.6649], [45.9348, 65.8699, 80.5671], [25.257, 35.7401, 43.4137]]","[[0.0252, -0.0294, -0.0879], [-0.0346, -0.0491, -0.1108], [-0.2015, 0.3166, 0.3192], [-0.16, -0.0148, -0.0606], [-0.1412, -0.0355, 0.0874]]",GPU,KEEP,
20260913_072607_loop_autots_wr_log_atr2_rv2,2026-09-13T07:26:07,loop,autots_wr,btc_1min_2y_2024-09-03_2026-09-03,822935ae5e8f,8587,log_atr2_rv2,155,null,S_m,0.08326553630432221,0.6666666666666666,-0.10930158279288893,-0.17755489884250242,"[[73.1413, 102.3657, 125.9038], [47.7986, 68.2262, 82.0193], [78.1324, 110.0106, 136.1107], [45.9523, 66.0203, 80.8331], [25.3399, 35.8685, 43.5439]]","[[51.1899, 73.0653, 91.1823], [31.9078, 46.5223, 57.1703], [51.1095, 75.0225, 93.9104], [31.5489, 45.0053, 54.9892], [16.022, 23.6253, 29.0535]]","[[73.0889, 101.7985, 124.6731], [47.7035, 68.3552, 82.1496], [77.7122, 108.9384, 133.6649], [45.9348, 65.8699, 80.5671], [25.257, 35.7401, 43.4137]]","[[0.0797, 0.0833, 0.0565], [-0.0166, 0.1664, 0.2151], [0.3401, 0.2732, 0.2344], [0.2964, -0.0379, -0.1776], [0.1975, -0.1206, -0.0924]]",GPU,KEEP,
20260913_072950_loop_autots_wr_log_atr3_rv3,2026-09-13T07:29:50,loop,autots_wr,btc_1min_2y_2024-09-03_2026-09-03,822935ae5e8f,8587,log_atr3_rv3,156,null,S_m,-0.030616499945090858,0.4,-0.19810236414010696,-0.3507113171797194,"[[73.1752, 102.4102, 126.0435], [47.7997, 68.1594, 82.0444], [78.4064, 110.1933, 136.2285], [46.0532, 65.9503, 80.7168], [25.328, 35.7592, 43.4962]]","[[51.2143, 73.0781, 91.3331], [31.9146, 46.5333, 57.1903], [51.2946, 75.2119, 94.006], [31.5616, 44.9487, 55.0081], [16.0164, 23.5745, 29.0341]]","[[73.0889, 101.7985, 124.6731], [47.7035, 68.3552, 82.1496], [77.7122, 108.9384, 133.6649], [45.9348, 65.8699, 80.5671], [25.257, 35.7401, 43.4137]]","[[-0.0464, -0.0435, -0.1109], [-0.0024, 0.098, -0.0306], [-0.3507, -0.1661, -0.0865], [-0.2195, 0.106, 0.1439], [0.0469, 0.3046, 0.1096]]",GPU,KEEP,
20260913_073336_loop_autots_wr_log_atr4_rv4,2026-09-13T07:33:36,loop,autots_wr,btc_1min_2y_2024-09-03_2026-09-03,822935ae5e8f,8587,log_atr4_rv4,157,null,S_m,-0.10405932902326498,0.3333333333333333,-0.257736672469866,-0.28196775324538237,"[[73.0929, 102.0822, 125.6591], [47.7985, 68.2469, 82.0802], [78.3455, 110.4032, 136.6126], [46.1011, 66.062, 80.7188], [25.3865, 35.8577, 43.5942]]","[[51.1859, 72.96, 91.1543], [31.9102, 46.5594, 57.2206], [51.2051, 75.1998, 94.2065], [31.6177, 45.0754, 55.0119], [16.0281, 23.6008, 29.0739]]","[[73.0889, 101.7985, 124.6731], [47.7035, 68.3552, 82.1496], [77.7122, 108.9384, 133.6649], [45.9348, 65.8699, 80.5671], [25.257, 35.7401, 43.4137]]","[[0.1125, 0.3204, 0.3049], [0.0026, -0.1284, -0.0436], [0.0777, -0.1905, -0.282], [-0.1041, -0.1694, -0.0025], [-0.2312, -0.2754, -0.2254]]",GPU,KEEP,
20260913_073721_loop_autots_wr_log_atr5_rv5,2026-09-13T07:37:21,loop,autots_wr,btc_1min_2y_2024-09-03_2026-09-03,822935ae5e8f,8587,log_atr5_rv5,158,null,S_m,0.06001009160547799,0.6,-0.24500430365212988,-0.31997425137602065,"[[73.2446, 102.4088, 125.9983], [47.8135, 68.2059, 81.938], [78.3529, 110.3794, 136.2954], [46.0457, 66.075, 80.6602], [25.3691, 35.811, 43.4912]]","[[51.2227, 73.0902, 91.2729], [31.8956, 46.5043, 57.1534], [51.2013, 75.1753, 94.0238], [31.5886, 45.0329, 54.9628], [16.0194, 23.5903, 29.039]]","[[73.0889, 101.7985, 124.6731], [47.7035, 68.3552, 82.1496], [77.7122, 108.9384, 133.6649], [45.9348, 65.8699, 80.5671], [25.257, 35.7401, 43.4137]]","[[-0.2076, -0.32, -0.2699], [-0.0315, 0.06, 0.1732], [-0.0095, 0.0216, 0.2322], [0.1202, -0.0196, 0.0726], [0.0687, 0.1304, 0.2363]]",GPU,KEEP,
20260913_074109_loop_autots_wr_log_atr8_rv8,2026-09-13T07:41:09,loop,autots_wr,btc_1min_2y_2024-09-03_2026-09-03,822935ae5e8f,8587,log_atr8_rv8,159,null,S_m,-0.02805511795098692,0.4666666666666667,-0.12115972876947101,-0.2097513579493837,"[[73.1754, 102.2219, 125.8171], [47.8269, 68.349, 82.0214], [78.1394, 110.0794, 136.3717], [46.0996, 66.1215, 80.7601], [25.355, 35.7736, 43.5076]]","[[51.2046, 72.895, 91.0651], [31.9271, 46.5708, 57.1879], [51.1263, 75.075, 94.0882], [31.6256, 45.0341, 55.0175], [16.0151, 23.5692, 29.0375]]","[[73.0889, 101.7985, 124.6731], [47.7035, 68.3552, 82.1496], [77.7122, 108.9384, 133.6649], [45.9348, 65.8699, 80.5671], [25.257, 35.7401, 43.4137]]","[[0.0945, 0.1825, 0.1438], [-0.0281, -0.2098, -0.1018], [0.2725, 0.2718, -0.056], [-0.1171, -0.0704, -0.1239], [0.0555, 0.1043, -0.0375]]",GPU,KEEP,
20260913_074456_loop_autots_wr_log_atr10_rv10,2026-09-13T07:44:56,loop,autots_wr,btc_1min_2y_2024-09-03_2026-09-03,822935ae5e8f,8587,log_atr10_rv10,160,null,S_m,-0.03157526993027293,0.4666666666666667,-0.13030741086227593,-0.22200194127934836,"[[73.2746, 102.4488, 125.9573], [47.8547, 68.3221, 82.0778], [78.0463, 110.0481, 136.4148], [46.0366, 66.0704, 80.859], [25.3348, 35.7923, 43.4814]]","[[51.2279, 73.0646, 91.2039], [31.9382, 46.5726, 57.2169], [51.1003, 75.0431, 94.0487], [31.5865, 44.9953, 54.993], [16.0325, 23.6021, 29.0406]]","[[73.0889, 101.7985, 124.6731], [47.7035, 68.3552, 82.1496], [77.7122, 108.9384, 133.6649], [45.9348, 65.8699, 80.5671], [25.257, 35.7401, 43.4137]]","[[-0.1355, -0.222, -0.1114], [-0.0581, 0.0394, -0.0688], [0.1191, 0.0285, -0.0316], [0.1366, 0.0772, -0.1225], [0.0798, -0.0523, 0.0601]]",GPU,KEEP,
20260913_074845_loop_autots_wr_log_atr15_rv15,2026-09-13T07:48:45,loop,autots_wr,btc_1min_2y_2024-09-03_2026-09-03,822935ae5e8f,8587,log_atr15_rv15,161,null,S_m,-0.001077657533499199,0.4666666666666667,-0.19350614890776718,-0.283039513956318,"[[72.9709, 102.3194, 126.229], [47.8715, 68.3228, 82.1323], [78.2672, 110.0733, 136.4942], [45.9291, 65.9974, 80.725], [25.3109, 35.7824, 43.5511]]","[[51.1543, 72.9787, 91.2736], [31.9569, 46.5586, 57.2287], [51.1617, 75.0799, 94.184], [31.5372, 44.9833, 54.9696], [16.0144, 23.5803, 29.0695]]","[[73.0889, 101.7985, 124.6731], [47.7035, 68.3552, 82.1496], [77.7122, 108.9384, 133.6649], [45.9348, 65.8699, 80.5671], [25.257, 35.7401, 43.4137]]","[[0.4145, 0.1263, -0.2157], [-0.0352, -0.0011, -0.0663], [-0.283, -0.0229, -0.0583], [0.2335, 0.1106, 0.1658], [0.0943, 0.0278, -0.1602]]",GPU,KEEP,
20260913_075237_loop_autots_wr_kcw_2,2026-09-13T07:52:37,loop,autots_wr,btc_1min_2y_2024-09-03_2026-09-03,822935ae5e8f,8587,kcw_2,162,null,S_m,0.01797426473998387,0.6,-0.04844374539685781,-0.08150673987181722,"[[73.0304, 102.2461, 126.1002], [47.7446, 68.2642, 82.0559], [78.1637, 110.124, 136.1105], [45.9277, 65.9855, 80.7335], [25.3227, 35.7874, 43.5726]]","[[51.0827, 72.9407, 91.2105], [31.8922, 46.5559, 57.2161], [51.1059, 75.1253, 94.1048], [31.5388, 44.9667, 54.9706], [16.0155, 23.5847, 29.0538]]","[[73.0889, 101.7985, 124.6731], [47.7035, 68.3552, 82.1496], [77.7122, 108.9384, 133.6649], [45.9348, 65.8699, 80.5671], [25.257, 35.7401, 43.4137]]","[[-0.0815, 0.0717, 0.1021], [0.2652, 0.0858, 0.093], [0.1323, -0.0461, 0.2812], [0.003, 0.018, -0.0105], [-0.0468, -0.0142, -0.0496]]",GPU,KEEP,
20260913_075632_loop_autots_wr_kcw_3,2026-09-13T07:56:32,loop,autots_wr,btc_1min_2y_2024-09-03_2026-09-03,822935ae5e8f,8587,kcw_3,163,null,S_m,0.024613876714463245,0.6,-0.08946212956316923,-0.1434649475895,"[[73.1351, 102.3203, 126.0992], [47.7329, 68.1934, 81.9828], [78.0124, 109.897, 136.1242], [45.9352, 66.0044, 80.6674], [25.3482, 35.7172, 43.4842]]","[[51.1807, 72.9922, 91.2473], [31.8859, 46.5199, 57.1671], [51.0463, 74.9975, 94.0057], [31.5451, 44.9722, 54.9687], [16.0357, 23.5738, 29.0432]]","[[73.0889, 101.7985, 124.6731], [47.7035, 68.3552, 82.1496], [77.7122, 108.9384, 133.6649], [45.9348, 65.8699, 80.5671], [25.257, 35.7401, 43.4137]]","[[-0.1435, -0.0726, 0.0008], [0.0246, 0.1036, 0.0891], [0.1935, 0.2062, -0.0101], [-0.0162, -0.0286, 0.0818], [-0.1007, 0.1962, 0.203]]",GPU,KEEP,
20260913_080029_loop_autots_wr_kcw_4,2026-09-13T08:00:29,loop,autots_wr,btc_1min_2y_2024-09-03_2026-09-03,822935ae5e8f,8587,kcw_4,164,null,S_m,-0.03193323629693268,0.26666666666666666,-0.10985670571777018,-0.157613894551889,"[[73.1222, 102.4009, 126.2979], [47.7386, 68.2152, 81.9721], [78.0996, 110.0146, 136.1964], [45.9378, 65.9698, 80.6218], [25.356, 35.7435, 43.5216]]","[[51.1836, 73.0569, 91.2957], [31.8906, 46.5561, 57.1936], [51.0931, 75.0435, 94.0425], [31.5472, 44.9586, 54.9592], [16.0358, 23.5726, 29.0469]]","[[73.0889, 101.7985, 124.6731], [47.7035, 68.3552, 82.1496], [77.7122, 108.9384, 133.6649], [45.9348, 65.8699, 80.5671], [25.257, 35.7401, 43.4137]]","[[0.0176, -0.0787, -0.1576], [-0.0121, -0.0319, 0.013], [-0.1117, -0.107, -0.053], [-0.0057, 0.0524, 0.0566], [-0.0309, -0.0734, -0.086]]",GPU,KEEP,
20260913_080425_loop_autots_wr_kcw_5,2026-09-13T08:04:25,loop,autots_wr,btc_1min_2y_2024-09-03_2026-09-03,822935ae5e8f,8587,kcw_5,165,null,S_m,-0.002942590602783568,0.4666666666666667,-0.11474941944112693,-0.16515227463742566,"[[73.0029, 102.2989, 126.1074], [47.8041, 68.2253, 81.9511], [78.0341, 110.098, 136.3068], [45.9375, 65.9979, 80.6836], [25.3519, 35.8025, 43.5229]]","[[51.0736, 72.9715, 91.2359], [31.9028, 46.5758, 57.2154], [51.0585, 75.0686, 94.0617], [31.5466, 44.9655, 54.9608], [16.031, 23.5796, 29.0411]]","[[73.0889, 101.7985, 124.6731], [47.7035, 68.3552, 82.1496], [77.7122, 108.9384, 133.6649], [45.9348, 65.8699, 80.5671], [25.257, 35.7401, 43.4137]]","[[0.1631, 0.0996, 0.1509], [-0.1372, -0.0148, 0.0256], [0.0839, -0.0758, -0.081], [0.0007, -0.0426, -0.0766], [0.0164, -0.1652, -0.0029]]",GPU,KEEP,
20260913_080821_loop_autots_wr_kcw_8,2026-09-13T08:08:21,loop,autots_wr,btc_1min_2y_2024-09-03_2026-09-03,822935ae5e8f,8587,kcw_8,166,null,S_m,-0.1055293899972165,0.26666666666666666,-0.1963861551934576,-0.22532769614482806,"[[73.0027, 102.4358, 126.3916], [47.7927, 68.2876, 82.0738], [78.168, 110.178, 136.3792], [46.0353, 66.1012, 80.7741], [25.3337, 35.7943, 43.5688]]","[[51.1318, 73.018, 91.3392], [31.9064, 46.566, 57.2113], [51.1038, 75.1124, 93.9986], [31.585, 45.0288, 55.0669], [16.0184, 23.5721, 29.076]]","[[73.0889, 101.7985, 124.6731], [47.7035, 68.3552, 82.1496], [77.7122, 108.9384, 133.6649], [45.9348, 65.8699, 80.5671], [25.257, 35.7401, 43.4137]]","[[0.0003, -0.1338, -0.2253], [0.0239, -0.0913, -0.1497], [-0.1717, -0.0727, -0.0531], [-0.2128, -0.1565, -0.1122], [0.0719, 0.0229, -0.1055]]",GPU,KEEP,
20260913_081217_loop_autots_wr_kcw_10,2026-09-13T08:12:17,loop,autots_wr,btc_1min_2y_2024-09-03_2026-09-03,822935ae5e8f,8587,kcw_10,167,null,S_m,0.030210515723105846,0.6,-0.03969726200420798,-0.0819922971007081,"[[73.0375, 102.3865, 126.3534], [47.8042, 68.3042, 82.1411], [78.1149, 110.0542, 136.2393], [46.0481, 66.0475, 80.7548], [25.334, 35.7672, 43.4694]]","[[51.0847, 73.0094, 91.3231], [31.9044, 46.5717, 57.2393], [51.1109, 75.0348, 94.0661], [31.598, 45.0207, 55.0317], [16.0266, 23.5588, 29.0159]]","[[73.0889, 101.7985, 124.6731], [47.7035, 68.3552, 82.1496], [77.7122, 108.9384, 133.6649], [45.9348, 65.8699, 80.5671], [25.257, 35.7401, 43.4137]]","[[-0.0475, 0.0482, 0.0302], [-0.0242, -0.0243, -0.082], [0.068, 0.1124, 0.1025], [-0.0279, 0.0813, 0.0239], [-0.0015, 0.0756, 0.2281]]",GPU,KEEP,
20260913_081614_loop_autots_wr_kcw_15,2026-09-13T08:16:14,loop,autots_wr,btc_1min_2y_2024-09-03_2026-09-03,822935ae5e8f,8587,kcw_15,168,null,S_m,0.028798790014361586,0.6666666666666666,-0.14128249033021234,-0.36405947454558607,"[[72.9506, 102.2119, 126.1382], [47.8153, 68.2627, 82.1174], [78.3993, 110.2582, 136.2219], [46.0459, 66.0114, 80.7579], [25.2921, 35.7495, 43.5021]]","[[51.0962, 72.904, 91.2025], [31.9262, 46.5584, 57.2247], [51.264, 75.098, 94.0007], [31.5976, 45.0074, 55.0047], [16.0163, 23.5761, 29.0286]]","[[73.0889, 101.7985, 124.6731], [47.7035, 68.3552, 82.1496], [77.7122, 108.9384, 133.6649], [45.9348, 65.8699, 80.5671], [25.257, 35.7401, 43.4137]]","[[0.1189, 0.1705, 0.1703], [-0.0231, 0.0608, 0.0288], [-0.3641, -0.1854, 0.0128], [0.0048, 0.0545, -0.0038], [0.1655, 0.0496, -0.0752]]",GPU,KEEP,
20260913_082011_loop_autots_wr_mfi1_centered,2026-09-13T08:20:11,loop,autots_wr,btc_1min_2y_2024-09-03_2026-09-03,822935ae5e8f,8587,mfi1_centered,169,null,S_m,0.00014555114921099843,0.5333333333333333,-0.07475928392453923,-0.09386840195633184,"[[72.9431, 102.265, 126.1913], [47.8301, 68.2318, 82.0837], [78.3012, 110.1635, 136.1177], [46.0458, 66.0116, 80.6845], [25.2921, 35.7816, 43.5429]]","[[51.087, 72.9325, 91.24], [31.9231, 46.5456, 57.2182], [51.1741, 75.0944, 93.9376], [31.5972, 45.0077, 54.9873], [16.0163, 23.589, 29.0625]]","[[73.0889, 101.7985, 124.6731], [47.7035, 68.3552, 82.1496], [77.7122, 108.9384, 133.6649], [45.9348, 65.8699, 80.5671], [25.257, 35.7401, 43.4137]]","[[0.0103, -0.052, -0.0421], [-0.031, 0.0453, 0.0411], [0.1251, 0.0859, 0.0765], [0.0001, -0.0002, 0.0909], [0.0, -0.0899, -0.0939]]",GPU,KEEP,
20260913_082411_loop_autots_wr_mfi2_centered,2026-09-13T08:24:11,loop,autots_wr,btc_1min_2y_2024-09-03_2026-09-03,822935ae5e8f,8587,mfi2_centered,170,null,S_m,-0.023808682290060723,0.4666666666666667,-0.24103698072731383,-0.3216912915356529,"[[73.1777, 102.3589, 126.3725], [47.8415, 68.4231, 82.2331], [78.2123, 109.7107, 135.9215], [46.0284, 66.0062, 80.8084], [25.3214, 35.7783, 43.5184]]","[[51.2118, 73.0086, 91.3471], [31.9079, 46.6159, 57.2783], [51.1028, 74.9027, 93.8377], [31.5868, 45.0048, 55.05], [16.0197, 23.5775, 29.0411]]","[[73.0889, 101.7985, 124.6731], [47.7035, 68.3552, 82.1496], [77.7122, 108.9384, 133.6649], [45.9348, 65.8699, 80.5671], [25.257, 35.7401, 43.4137]]","[[-0.3217, -0.0917, -0.1436], [-0.0238, -0.2804, -0.182], [0.1135, 0.411, 0.1441], [0.0378, 0.0082, -0.1535], [-0.1159, 0.0093, 0.0563]]",GPU,KEEP,
20260913_082811_loop_autots_wr_mfi3_centered,2026-09-13T08:28:11,loop,autots_wr,btc_1min_2y_2024-09-03_2026-09-03,822935ae5e8f,8587,mfi3_centered,171,null,S_m,0.023624536075217417,0.5333333333333333,-0.05397952828243735,-0.3410410683480469,"[[73.043, 102.4075, 126.2284], [47.8302, 68.2701, 82.05], [78.0926, 110.0848, 136.0007], [46.0454, 66.0284, 80.6785], [25.3269, 35.7613, 43.5227]]","[[51.1053, 72.9632, 91.2404], [31.9015, 46.5645, 57.2191], [51.1419, 75.0425, 93.8185], [31.6083, 44.9936, 54.9907], [16.0276, 23.5711, 29.042]]","[[73.0889, 101.7985, 124.6731], [47.7035, 68.3552, 82.1496], [77.7122, 108.9384, 133.6649], [45.9348, 65.8699, 80.5671], [25.257, 35.7401, 43.4137]]","[[0.1841, -0.0475, 0.114], [0.0236, 0.2236, 0.2227], [0.153, -0.341, -0.0583], [-0.0368, -0.0337, 0.1608], [-0.0215, 0.0477, -0.0099]]",GPU,KEEP,
20260913_083212_loop_autots_wr_mfi4_centered,2026-09-13T08:32:12,loop,autots_wr,btc_1min_2y_2024-09-03_2026-09-03,822935ae5e8f,8587,mfi4_centered,172,null,S_m,0.03159910047153547,0.6666666666666666,-0.1147200972381146,-0.1803236997806268,"[[72.9619, 102.2394, 126.1489], [47.7741, 68.1944, 82.024], [78.1805, 110.0726, 136.246], [46.0417, 66.056, 80.7722], [25.3398, 35.7295, 43.463]]","[[51.1398, 72.9861, 91.2419], [31.8789, 46.5005, 57.1773], [51.1721, 75.052, 93.957], [31.5852, 44.9867, 55.0021], [16.0291, 23.5444, 29.0145]]","[[73.0889, 101.7985, 124.6731], [47.7035, 68.3552, 82.1496], [77.7122, 108.9384, 133.6649], [45.9348, 65.8699, 80.5671], [25.257, 35.7401, 43.4137]]","[[0.1111, 0.1641, 0.063], [0.1174, 0.1109, 0.0316], [-0.1125, 0.0111, -0.1803], [0.0079, -0.0417, -0.1162], [-0.0512, 0.0889, 0.1373]]",GPU,KEEP,
20260913_083615_loop_autots_wr_mfi5_centered,2026-09-13T08:36:15,loop,autots_wr,btc_1min_2y_2024-09-03_2026-09-03,822935ae5e8f,8587,mfi5_centered,173,null,S_m,-0.00453946938441252,0.4,-0.21585548609021732,-0.2583009567282968,"[[73.1432, 102.3446, 126.3031], [47.7692, 68.1639, 81.9951], [78.1116, 110.2562, 136.5979], [46.0418, 66.059, 80.7192], [25.3054, 35.7401, 43.4759]]","[[51.2394, 73.0342, 91.338], [31.8799, 46.4913, 57.1861], [51.1356, 75.2167, 94.1356], [31.5772, 44.972, 54.9977], [16.009, 23.5499, 29.0191]]","[[73.0889, 101.7985, 124.6731], [47.7035, 68.3552, 82.1496], [77.7122, 108.9384, 133.6649], [45.9348, 65.8699, 80.5671], [25.257, 35.7401, 43.4137]]","[[-0.2486, -0.1029, -0.1223], [0.0103, 0.0447, 0.0353], [0.0881, -0.1668, -0.2583], [-0.0002, -0.0045, 0.0657], [0.1359, -0.0298, -0.0297]]",GPU,KEEP,
20260913_084021_loop_autots_wr_mfi8_centered,2026-09-13T08:40:21,loop,autots_wr,btc_1min_2y_2024-09-03_2026-09-03,822935ae5e8f,8587,mfi8_centered,174,null,S_m,-0.0003918724447160571,0.4666666666666667,-0.2261378742440856,-0.2531876840733638,"[[73.3284, 102.6026, 126.4348], [47.7805, 68.2915, 82.1063], [78.0512, 110.0742, 136.5697], [46.0381, 66.0592, 80.8018], [25.2924, 35.6879, 43.4166]]","[[51.2847, 73.0793, 91.4843], [31.8901, 46.5564, 57.2036], [51.161, 75.2508, 94.1519], [31.5692, 45.0024, 55.0371], [16.0023, 23.5237, 28.9926]]","[[73.0889, 101.7985, 124.6731], [47.7035, 68.3552, 82.1496], [77.7122, 108.9384, 133.6649], [45.9348, 65.8699, 80.5671], [25.257, 35.7401, 43.4137]]","[[-0.2532, -0.2521, -0.1042], [-0.0237, -0.1872, -0.1356], [0.0774, 0.1651, 0.0207], [0.0081, -0.0004, -0.1024], [0.0512, 0.1461, 0.1364]]",GPU,KEEP,
20260913_084428_loop_autots_wr_mfi10_centered,2026-09-13T08:44:28,loop,autots_wr,btc_1min_2y_2024-09-03_2026-09-03,822935ae5e8f,8587,mfi10_centered,175,null,S_m,0.033014702480194114,0.5333333333333333,-0.06140209997166579,-0.1086831826079937,"[[73.1668, 102.3379, 126.1254], [47.7945, 68.269, 82.1639], [77.9775, 109.7466, 135.9059], [46.0451, 66.0728, 80.7549], [25.2987, 35.7051, 43.4638]]","[[51.2638, 72.929, 91.3251], [31.892, 46.5395, 57.2039], [51.0699, 74.9672, 94.0114], [31.5602, 44.9691, 55.0139], [16.01, 23.5361, 29.0203]]","[[73.0889, 101.7985, 124.6731], [47.7035, 68.3552, 82.1496], [77.7122, 108.9384, 133.6649], [45.9348, 65.8699, 80.5671], [25.257, 35.7401, 43.4137]]","[[0.2205, 0.258, 0.2447], [-0.0294, 0.033, -0.0702], [0.0944, 0.2976, 0.486], [-0.0151, -0.0206, 0.0581], [-0.0249, -0.0482, -0.1087]]",GPU,KEEP,
20260913_084838_loop_autots_wr_mfi15_centered,2026-09-13T08:48:38,loop,autots_wr,btc_1min_2y_2024-09-03_2026-09-03,822935ae5e8f,8587,mfi15_centered,176,null,S_m,-0.004796898179071363,0.4666666666666667,-0.20533671115207763,-0.35685199710304705,"[[73.0878, 102.4367, 126.1146], [47.8642, 68.3359, 82.1039], [78.0963, 110.0108, 136.3909], [45.9806, 66.0368, 80.7587], [25.277, 35.7081, 43.4243]]","[[51.2345, 73.0004, 91.2707], [31.9334, 46.5832, 57.2097], [51.0884, 75.0679, 94.1076], [31.558, 45.0209, 55.0331], [15.9928, 23.5391, 28.9979]]","[[73.0889, 101.7985, 124.6731], [47.7035, 68.3552, 82.1496], [77.7122, 108.9384, 133.6649], [45.9348, 65.8699, 80.5671], [25.257, 35.7401, 43.4137]]","[[0.108, -0.0965, 0.0086], [-0.1459, -0.098, 0.073], [-0.1523, -0.2407, -0.3569], [0.1399, 0.0545, -0.0048], [0.0859, -0.0083, 0.0908]]",GPU,KEEP,
20260913_085246_loop_autots_wr_ad_vwclv_1,2026-09-13T08:52:46,loop,autots_wr,btc_1min_2y_2024-09-03_2026-09-03,822935ae5e8f,8587,ad_vwclv_1,177,null,S_m,-0.03824192767609702,0.3333333333333333,-0.21490489171644533,-0.3452050019331576,"[[73.0464, 102.5838, 126.5499], [47.7606, 68.3324, 82.179], [78.2225, 110.031, 136.443], [45.995, 65.9982, 80.6619], [25.3305, 35.7675, 43.5186]]","[[51.1364, 72.9731, 91.357], [31.9854, 46.6283, 57.2551], [51.1348, 75.1549, 94.057], [31.5783, 44.9872, 55.0148], [16.0595, 23.5768, 29.0366]]","[[73.0889, 101.7985, 124.6731], [47.7035, 68.3552, 82.1496], [77.7122, 108.9384, 133.6649], [45.9348, 65.8699, 80.5671], [25.257, 35.7401, 43.4137]]","[[0.0566, -0.1437, -0.3452], [0.2164, 0.0051, -0.0914], [-0.1617, -0.0184, -0.0382], [-0.0312, 0.0585, 0.1199], [-0.2116, -0.1663, -0.2171]]",GPU,KEEP,
20260913_085650_loop_autots_wr_ad_vwclv_2,2026-09-13T08:56:50,loop,autots_wr,btc_1min_2y_2024-09-03_2026-09-03,822935ae5e8f,8587,ad_vwclv_2,178,null,S_m,0.015847466359908413,0.7333333333333333,-0.15830708121605142,-0.24485935150850846,"[[73.1736, 102.4201, 126.3131], [47.7592, 68.2107, 82.0527], [78.2203, 109.9159, 136.0888], [45.9884, 66.1598, 80.7705], [25.293, 35.7618, 43.5349]]","[[51.1381, 73.0758, 91.4344], [31.9822, 46.5614, 57.2228], [51.1749, 75.2614, 94.0136], [31.5873, 45.097, 55.0478], [16.0468, 23.5842, 29.0813]]","[[73.0889, 101.7985, 124.6731], [47.7035, 68.3552, 82.1496], [77.7122, 108.9384, 133.6649], [45.9348, 65.8699, 80.5671], [25.257, 35.7401, 43.4137]]","[[-0.1741, 0.1596, 0.1871], [0.003, 0.1781, 0.1537], [0.0028, 0.1047, 0.2596], [0.0143, -0.2449, -0.1346], [0.1479, 0.0158, -0.0374]]",GPU,KEEP,
20260913_090059_loop_autots_wr_ad_vwclv_3,2026-09-13T09:00:59,loop,autots_wr,btc_1min_2y_2024-09-03_2026-09-03,822935ae5e8f,8587,ad_vwclv_3,179,null,S_m,-0.05295039736226137,0.3333333333333333,-0.19310780233934288,-0.23440415584166097,"[[73.3391, 102.6602, 126.2408], [47.7845, 68.3043, 82.1048], [78.3326, 110.0006, 136.0959], [45.9803, 66.0846, 80.7479], [25.3154, 35.7683, 43.5248]]","[[51.2003, 73.0429, 91.3152], [31.9891, 46.5954, 57.2692], [51.2124, 75.3412, 94.0096], [31.5541, 45.0287, 55.0245], [16.048, 23.5639, 29.0734]]","[[73.0889, 101.7985, 124.6731], [47.7035, 68.3552, 82.1496], [77.7122, 108.9384, 133.6649], [45.9348, 65.8699, 80.5671], [25.257, 35.7401, 43.4137]]","[[-0.2262, -0.2344, 0.0573], [-0.053, -0.1371, -0.0636], [-0.1435, -0.0771, -0.0052], [0.0177, 0.1137, 0.028], [-0.0885, -0.0182, 0.0232]]",GPU,KEEP,
20260913_090513_loop_autots_wr_ad_vwclv_4,2026-09-13T09:05:13,loop,autots_wr,btc_1min_2y_2024-09-03_2026-09-03,822935ae5e8f,8587,ad_vwclv_4,180,null,S_m,-0.009265934621738303,0.3333333333333333,-0.2337789621155828,-0.3040576180779908,"[[73.3196, 102.3644, 126.3609], [47.7889, 68.1714, 81.9822], [78.2294, 110.0191, 136.3384], [45.9824, 66.1115, 80.7538], [25.3924, 35.8652, 43.6004]]","[[51.2477, 72.9812, 91.4981], [31.9853, 46.5537, 57.2055], [51.0717, 75.1509, 94.1583], [31.5651, 45.05, 55.0331], [16.0685, 23.6274, 29.0903]]","[[73.0889, 101.7985, 124.6731], [47.7035, 68.3552, 82.1496], [77.7122, 108.9384, 133.6649], [45.9348, 65.8699, 80.5671], [25.257, 35.7401, 43.4137]]","[[0.0265, 0.2881, -0.0952], [-0.0093, 0.1945, 0.1493], [0.1317, -0.0169, -0.1782], [-0.0046, -0.0407, -0.0074], [-0.3041, -0.2708, -0.1738]]",GPU,KEEP,
20260913_090936_loop_autots_wr_ad_vwclv_8,2026-09-13T09:09:36,loop,autots_wr,btc_1min_2y_2024-09-03_2026-09-03,822935ae5e8f,8587,ad_vwclv_8,181,null,S_m,0.10648808034803281,0.8666666666666667,-0.0417656338040384,-0.07656433287366315,"[[73.3037, 102.2554, 126.4577], [47.6633, 68.0566, 81.9053], [78.1497, 109.7847, 136.0857], [46.0157, 66.0993, 80.7504], [25.3197, 35.7851, 43.5154]]","[[51.2251, 72.9493, 91.5682], [31.9565, 46.5438, 57.1669], [51.0449, 75.1805, 94.0578], [31.5972, 45.0799, 54.9821], [16.0503, 23.5907, 29.047]]","[[73.0889, 101.7985, 124.6731], [47.7035, 68.3552, 82.1496], [77.7122, 108.9384, 133.6649], [45.9348, 65.8699, 80.5671], [25.257, 35.7401, 43.4137]]","[[0.0216, 0.1065, -0.0766], [0.2628, 0.1685, 0.0939], [0.1019, 0.213, 0.1854], [-0.0724, 0.0183, 0.0042], [0.2863, 0.2234, 0.1951]]",GPU,KEEP,
20260913_091356_loop_autots_wr_ad_vwclv_10,2026-09-13T09:13:56,loop,autots_wr,btc_1min_2y_2024-09-03_2026-09-03,822935ae5e8f,8587,ad_vwclv_10,182,null,S_m,-0.033632857361531876,0.4,-0.1775651750870555,-0.37429936608628367,"[[73.5781, 102.2304, 126.1329], [47.7166, 68.0795, 81.9852], [78.3142, 109.7652, 136.1615], [45.9619, 66.1088, 80.8388], [25.3522, 35.7829, 43.462]]","[[51.3309, 72.8766, 91.3022], [31.9605, 46.5446, 57.2227], [51.0879, 75.0542, 94.0968], [31.5739, 45.055, 55.0643], [16.0582, 23.5864, 29.0226]]","[[73.0889, 101.7985, 124.6731], [47.7035, 68.3552, 82.1496], [77.7122, 108.9384, 133.6649], [45.9348, 65.8699, 80.5671], [25.257, 35.7401, 43.4137]]","[[-0.3743, 0.0244, 0.2568], [-0.1118, -0.0336, -0.0975], [-0.2105, 0.0178, -0.0557], [0.1169, -0.0143, -0.1094], [-0.1282, 0.0059, 0.1227]]",GPU,KEEP,
20260913_091823_loop_autots_wr_dd_2,2026-09-13T09:18:23,loop,autots_wr,btc_1min_2y_2024-09-03_2026-09-03,822935ae5e8f,8587,dd_2,183,null,S_m,0.005111982917682667,0.6,-0.10100037054253884,-0.13723129973528536,"[[73.3134, 102.2442, 126.2093], [47.7075, 68.0207, 81.8502], [78.1837, 109.7103, 136.0264], [45.9616, 66.1054, 80.8748], [25.3522, 35.8287, 43.5216]]","[[51.2635, 72.9094, 91.284], [31.956, 46.5175, 57.1838], [51.1132, 75.0616, 93.9676], [31.5734, 45.0544, 55.0676], [16.0582, 23.6151, 29.0529]]","[[73.0889, 101.7985, 124.6731], [47.7035, 68.3552, 82.1496], [77.7122, 108.9384, 133.6649], [45.9348, 65.8699, 80.5671], [25.257, 35.7401, 43.4137]]","[[0.3598, -0.0135, -0.0606], [0.0191, 0.0863, 0.1647], [0.1666, 0.05, 0.0992], [0.0006, 0.0051, -0.0445], [0.0, -0.1279, -0.1372]]",GPU,KEEP,
20260913_092253_loop_autots_wr_dd_3,2026-09-13T09:22:53,loop,autots_wr,btc_1min_2y_2024-09-03_2026-09-03,822935ae5e8f,8587,dd_3,184,null,S_m,-0.028319036321899915,0.4666666666666667,-0.23497903817710775,-0.27235025389673595,"[[73.3342, 102.5108, 126.1794], [47.6813, 68.1542, 82.0731], [78.2466, 109.8361, 136.2101], [45.9993, 66.0609, 80.7528], [25.3055, 35.7624, 43.4492]]","[[51.272, 73.0157, 91.3305], [31.9514, 46.515, 57.2537], [51.0754, 75.019, 94.0016], [31.5919, 45.0393, 55.0299], [16.046, 23.5765, 29.0295]]","[[73.0889, 101.7985, 124.6731], [47.7035, 68.3552, 82.1496], [77.7122, 108.9384, 133.6649], [45.9348, 65.8699, 80.5671], [25.257, 35.7401, 43.4137]]","[[-0.0283, -0.2608, 0.0237], [0.0551, -0.1963, -0.2724], [-0.0805, -0.1146, -0.135], [-0.082, 0.0673, 0.1508], [0.1839, 0.1852, 0.1665]]",GPU,KEEP,
20260913_092723_loop_autots_wr_dd_4,2026-09-13T09:27:23,loop,autots_wr,btc_1min_2y_2024-09-03_2026-09-03,822935ae5e8f,8587,dd_4,185,null,S_m,0.025000641431704995,0.5333333333333333,-0.10124445533151949,-0.17864185377940434,"[[73.4652, 102.3467, 126.1437], [47.7379, 68.1372, 81.9802], [78.198, 109.8019, 135.8947], [45.9664, 66.0693, 80.7631], [25.3155, 35.7891, 43.4783]]","[[51.2406, 72.9539, 91.3558], [31.967, 46.5411, 57.1853], [51.1465, 75.0723, 93.9064], [31.5776, 45.0253, 55.0306], [16.0565, 23.6053, 29.036]]","[[73.0889, 101.7985, 124.6731], [47.7035, 68.3552, 82.1496], [77.7122, 108.9384, 133.6649], [45.9348, 65.8699, 80.5671], [25.257, 35.7401, 43.4137]]","[[-0.1786, 0.1601, 0.0283], [-0.1188, 0.025, 0.1132], [0.0622, 0.0311, 0.2315], [0.0715, -0.0127, -0.0128], [-0.0393, -0.0749, -0.0671]]",GPU,KEEP,
20260913_093156_loop_autots_wr_dd_5,2026-09-13T09:31:56,loop,autots_wr,btc_1min_2y_2024-09-03_2026-09-03,822935ae5e8f,8587,dd_5,186,null,S_m,-0.03155556431733153,0.4,-0.09499833494340582,-0.21105532551179973,"[[73.3696, 102.3336, 126.1993], [47.7395, 68.1715, 82.0286], [78.2784, 110.0337, 136.0079], [45.9809, 66.0624, 80.7322], [25.3277, 35.7628, 43.4718]]","[[51.2749, 73.0492, 91.3808], [31.9645, 46.5549, 57.1969], [51.1742, 75.0782, 93.958], [31.5751, 44.9856, 54.9789], [16.0565, 23.5954, 29.0239]]","[[73.0889, 101.7985, 124.6731], [47.7035, 68.3552, 82.1496], [77.7122, 108.9384, 133.6649], [45.9348, 65.8699, 80.5671], [25.257, 35.7401, 43.4137]]","[[0.13, 0.0128, -0.0441], [-0.0033, -0.0503, -0.059], [-0.1028, -0.2111, -0.0833], [-0.0316, 0.0104, 0.0383], [-0.0482, 0.0736, 0.0149]]",GPU,KEEP,
20260913_093630_loop_autots_wr_dd_8,2026-09-13T09:36:30,loop,autots_wr,btc_1min_2y_2024-09-03_2026-09-03,822935ae5e8f,8587,dd_8,187,null,S_m,0.0536042458444852,0.8,-0.19416703446544226,-0.4326555695008505,"[[73.319, 102.203, 125.9255], [47.6867, 68.0865, 81.9798], [78.3755, 110.2987, 136.5963], [45.9606, 66.0355, 80.7042], [25.301, 35.7529, 43.4485]]","[[51.1719, 72.949, 91.2488], [31.9497, 46.5261, 57.2082], [51.2529, 75.2664, 94.1712], [31.5609, 45.0153, 55.026], [16.0594, 23.5918, 29.0342]]","[[73.0889, 101.7985, 124.6731], [47.7035, 68.3552, 82.1496], [77.7122, 108.9384, 133.6649], [45.9348, 65.8699, 80.5671], [25.257, 35.7401, 43.4137]]","[[0.069, 0.1276, 0.217], [0.1107, 0.1247, 0.0595], [-0.1241, -0.2409, -0.4327], [0.0441, 0.0407, 0.0346], [0.1052, 0.0278, 0.0536]]",GPU,KEEP,
20260913_094107_loop_autots_wr_dd_10,2026-09-13T09:41:07,loop,autots_wr,btc_1min_2y_2024-09-03_2026-09-03,822935ae5e8f,8587,dd_10,188,null,S_m,0.03678751006129799,0.5333333333333333,-0.18980481851240238,-0.24140308000504263,"[[73.3485, 102.1588, 125.9536], [47.6494, 68.1109, 82.0183], [78.3467, 110.256, 136.5239], [46.0716, 66.1845, 80.8142], [25.2707, 35.7158, 43.3939]]","[[51.2552, 72.9278, 91.2457], [31.9581, 46.5049, 57.1725], [51.2085, 75.2847, 94.2047], [31.6065, 45.0455, 55.0513], [16.0361, 23.5631, 28.9952]]","[[73.0889, 101.7985, 124.6731], [47.7035, 68.3552, 82.1496], [77.7122, 108.9384, 133.6649], [45.9348, 65.8699, 80.5671], [25.257, 35.7401, 43.4137]]","[[-0.0402, 0.0432, -0.0223], [0.0781, -0.0358, -0.047], [0.0368, 0.0387, 0.053], [-0.2414, -0.2255, -0.1362], [0.1198, 0.1036, 0.1258]]",GPU,KEEP,
20260913_094546_loop_autots_wr_dd_15,2026-09-13T09:45:46,loop,autots_wr,btc_1min_2y_2024-09-03_2026-09-03,822935ae5e8f,8587,dd_15,189,null,S_m,-0.05667137012268508,0.26666666666666666,-0.167446334862289,-0.23717360098749474,"[[73.2234, 102.2397, 126.1592], [47.6728, 68.1778, 82.0372], [78.3418, 110.3185, 136.5415], [46.0591, 66.1488, 80.8724], [25.2946, 35.7766, 43.4968]]","[[51.2202, 72.9859, 91.2826], [31.9564, 46.5548, 57.2175], [51.2335, 75.253, 94.2549], [31.6153, 45.043, 55.0061], [16.0432, 23.5816, 29.0554]]","[[73.0889, 101.7985, 124.6731], [47.7035, 68.3552, 82.1496], [77.7122, 108.9384, 133.6649], [45.9348, 65.8699, 80.5671], [25.257, 35.7401, 43.4137]]","[[0.1706, -0.0791, -0.1633], [-0.0489, -0.0983, -0.0231], [0.0062, -0.0567, -0.0129], [0.027, 0.0538, -0.072], [-0.0945, -0.1702, -0.2372]]",GPU,KEEP,
20260913_095027_loop_autots_wr_ru_2,2026-09-13T09:50:27,loop,autots_wr,btc_1min_2y_2024-09-03_2026-09-03,822935ae5e8f,8587,ru_2,190,null,S_m,-0.03859637124987714,0.3333333333333333,-0.11698209928492798,-0.2218563337545998,"[[73.2208, 102.1104, 126.014], [47.6728, 68.1607, 82.0323], [78.3851, 110.3789, 136.7337], [46.0678, 66.2027, 80.9036], [25.3507, 35.801, 43.5267]]","[[51.2185, 72.8992, 91.2619], [31.9564, 46.5493, 57.2217], [51.2853, 75.3061, 94.2897], [31.5927, 45.0691, 55.0583], [16.0686, 23.6035, 29.0534]]","[[73.0889, 101.7985, 124.6731], [47.7035, 68.3552, 82.1496], [77.7122, 108.9384, 133.6649], [45.9348, 65.8699, 80.5671], [25.257, 35.7401, 43.4137]]","[[0.0035, 0.1264, 0.1152], [0.0, 0.0251, 0.006], [-0.0552, -0.0547, -0.1407], [-0.0189, -0.0814, -0.0386], [-0.2219, -0.0681, -0.0687]]",GPU,KEEP,
20260913_095510_loop_autots_wr_ru_3,2026-09-13T09:55:10,loop,autots_wr,btc_1min_2y_2024-09-03_2026-09-03,822935ae5e8f,8587,ru_3,191,null,S_m,0.10912041000563644,0.7333333333333333,-0.11505062094887106,-0.41871377007849375,"[[73.1752, 102.5379, 126.2488], [47.6766, 68.1646, 82.0261], [78.2776, 109.9564, 136.4584], [46.0176, 66.0711, 80.6817], [25.3136, 35.7508, 43.4835]]","[[51.2336, 72.988, 91.3783], [31.9605, 46.5355, 57.203], [51.2655, 75.1741, 94.0474], [31.5766, 44.9988, 55.0], [16.0771, 23.5824, 29.048]]","[[73.0889, 101.7985, 124.6731], [47.7035, 68.3552, 82.1496], [77.7122, 108.9384, 133.6649], [45.9348, 65.8699, 80.5671], [25.257, 35.7401, 43.4137]]","[[0.0623, -0.4187, -0.1864], [-0.008, -0.0056, 0.0076], [0.1371, 0.3828, 0.2013], [0.1091, 0.1988, 0.2742], [0.1464, 0.1402, 0.0991]]",GPU,KEEP,
20260913_095953_loop_autots_wr_ru_4,2026-09-13T09:59:53,loop,autots_wr,btc_1min_2y_2024-09-03_2026-09-03,822935ae5e8f,8587,ru_4,192,null,S_m,0.02058946596095179,0.6,-0.09305073906090476,-0.1274626703976045,"[[73.2625, 102.3992, 126.2228], [47.7374, 68.1717, 82.0342], [78.2547, 110.0068, 136.3129], [46.0422, 66.0471, 80.6733], [25.2981, 35.718, 43.4413]]","[[51.2467, 72.9497, 91.3589], [31.9764, 46.5317, 57.1938], [51.1377, 75.2117, 94.1204], [31.62, 45.0041, 54.9535], [16.0637, 23.5875, 29.0183]]","[[73.0889, 101.7985, 124.6731], [47.7035, 68.3552, 82.1496], [77.7122, 108.9384, 133.6649], [45.9348, 65.8699, 80.5671], [25.257, 35.7401, 43.4137]]","[[-0.1194, 0.1353, 0.0206], [-0.1275, -0.0105, -0.0099], [0.0292, -0.0459, 0.1066], [-0.0536, 0.0362, 0.0105], [0.0613, 0.0917, 0.0971]]",GPU,KEEP,
20260913_100436_loop_autots_wr_ru_5,2026-09-13T10:04:36,loop,autots_wr,btc_1min_2y_2024-09-03_2026-09-03,822935ae5e8f,8587,ru_5,193,null,S_m,0.02359276660620635,0.6,-0.16707164691298626,-0.20266551848164838,"[[73.1726, 102.3587, 126.1931], [47.6632, 68.0517, 81.9302], [78.1093, 109.9103, 136.547], [46.0683, 66.1529, 80.8368], [25.3183, 35.7101, 43.4633]]","[[51.2291, 73.044, 91.3594], [31.9615, 46.5208, 57.1699], [51.1473, 75.1882, 94.1753], [31.6012, 45.0205, 55.0223], [16.0652, 23.5593, 29.0121]]","[[73.0889, 101.7985, 124.6731], [47.7035, 68.3552, 82.1496], [77.7122, 108.9384, 133.6649], [45.9348, 65.8699, 80.5671], [25.257, 35.7401, 43.4137]]","[[0.1227, 0.0396, 0.0236], [0.1553, 0.176, 0.1269], [0.1858, 0.0877, -0.1717], [-0.0567, -0.1601, -0.2027], [-0.08, 0.0221, -0.0506]]",GPU,KEEP,
20260913_100918_loop_autots_wr_ru_8,2026-09-13T10:09:18,loop,autots_wr,btc_1min_2y_2024-09-03_2026-09-03,822935ae5e8f,8587,ru_8,194,null,S_m,0.0499695253126764,0.6,-0.13550176506529787,-0.1625249366483672,"[[73.2863, 102.1857, 125.8612], [47.6394, 68.095, 81.9239], [78.1835, 110.089, 136.3455], [45.9369, 65.9621, 80.612], [25.269, 35.7479, 43.4775]]","[[51.256, 72.8994, 91.1907], [31.9547, 46.5364, 57.1654], [51.2304, 75.1789, 94.2378], [31.5586, 44.977, 54.9291], [16.0543, 23.5736, 29.0355]]","[[73.0889, 101.7985, 124.6731], [47.7035, 68.3552, 82.1496], [77.7122, 108.9384, 133.6649], [45.9348, 65.8699, 80.5671], [25.257, 35.7401, 43.4137]]","[[-0.1553, 0.169, 0.263], [0.05, -0.0636, 0.0077], [-0.095, -0.1625, 0.1476], [0.2853, 0.2884, 0.2781], [0.195, -0.1058, -0.0327]]",GPU,KEEP,
20260913_101401_loop_autots_wr_ru_10,2026-09-13T10:14:01,loop,autots_wr,btc_1min_2y_2024-09-03_2026-09-03,822935ae5e8f,8587,ru_10,195,null,S_m,-0.1600698179279103,0.3333333333333333,-0.2588140881682044,-0.35153318274883105,"[[73.0795, 102.1445, 125.7481], [47.7297, 68.0093, 81.8778], [78.4584, 110.2652, 136.6989], [46.018, 66.1325, 80.7906], [25.3034, 35.811, 43.5422]]","[[51.1861, 72.9975, 91.1914], [31.9571, 46.4936, 57.14], [51.3199, 75.2165, 94.4566], [31.597, 45.0226, 55.0075], [16.0632, 23.6031, 29.0575]]","[[73.0889, 101.7985, 124.6731], [47.7035, 68.3552, 82.1496], [77.7122, 108.9384, 133.6649], [45.9348, 65.8699, 80.5671], [25.257, 35.7401, 43.4137]]","[[0.2821, 0.0403, 0.0899], [-0.1897, 0.1259, 0.0563], [-0.3515, -0.1601, -0.2592], [-0.1765, -0.2583, -0.2216], [-0.1363, -0.1766, -0.1487]]",GPU,KEEP,
20260913_101848_loop_autots_wr_ru_15,2026-09-13T10:18:48,loop,autots_wr,btc_1min_2y_2024-09-03_2026-09-03,822935ae5e8f,8587,ru_15,196,null,S_m,-0.06270931917300437,0.3333333333333333,-0.2576885372684057,-0.36007863075038227,"[[73.2996, 102.341, 126.2009], [47.7048, 68.102, 81.9356], [78.5294, 109.9511, 136.2125], [46.0468, 66.1695, 80.7881], [25.3498, 35.7972, 43.5546]]","[[51.2284, 73.0117, 91.353], [31.9503, 46.5074, 57.1635], [51.4014, 75.1945, 94.0849], [31.585, 45.0104, 55.0269], [16.0642, 23.5882, 29.0835]]","[[73.0889, 101.7985, 124.6731], [47.7035, 68.3552, 82.1496], [77.7122, 108.9384, 133.6649], [45.9348, 65.8699, 80.5671], [25.257, 35.7401, 43.4137]]","[[-0.3012, -0.1924, -0.3601], [0.0522, -0.1362, -0.0706], [-0.0905, 0.2848, 0.3558], [-0.0627, -0.0561, 0.0032], [-0.1833, 0.0386, -0.0285]]",GPU,KEEP,
20260913_102334_loop_autots_wr_log_range_1,2026-09-13T10:23:34,loop,autots_wr,btc_1min_2y_2024-09-03_2026-09-03,822935ae5e8f,8587,log_range_1,197,null,S_m,0.002705363484067913,0.5333333333333333,-0.029857403999788975,-0.061687424177914174,"[[73.3449, 102.3601, 126.248], [47.7049, 68.103, 81.9379], [78.3379, 109.6467, 136.036], [46.0492, 66.0645, 80.713], [25.3453, 35.7963, 43.549]]","[[51.2451, 72.9943, 91.4191], [31.9512, 46.509, 57.1647], [51.2331, 74.9252, 94.1093], [31.5862, 45.0139, 55.0676], [16.0663, 23.5933, 29.0773]]","[[73.0889, 101.7985, 124.6731], [47.7035, 68.3552, 82.1496], [77.7122, 108.9384, 133.6649], [45.9348, 65.8699, 80.5671], [25.257, 35.7401, 43.4137]]","[[-0.0617, -0.0187, -0.0373], [-0.0001, -0.0015, -0.0029], [0.2439, 0.2768, 0.1296], [-0.0052, 0.1587, 0.0929], [0.0178, 0.0027, 0.0127]]",GPU,KEEP,
20260913_102820_loop_autots_wr_log_range_2,2026-09-13T10:28:20,loop,autots_wr,btc_1min_2y_2024-09-03_2026-09-03,822935ae5e8f,8587,log_range_2,198,null,S_m,0.028162455352209737,0.5333333333333333,-0.25136927339697746,-0.4763569251526212,"[[73.1989, 102.5141, 126.3428], [47.6914, 68.1058, 81.892], [78.5244, 110.1691, 136.39], [45.9527, 66.0275, 80.7382], [25.3033, 35.7437, 43.509]]","[[51.2082, 73.085, 91.372], [31.9546, 46.5141, 57.1573], [51.4065, 75.3749, 94.2322], [31.5399, 44.9909, 55.0857], [16.0419, 23.5642, 29.0612]]","[[73.0889, 101.7985, 124.6731], [47.7035, 68.3552, 82.1496], [77.7122, 108.9384, 133.6649], [45.9348, 65.8699, 80.5671], [25.257, 35.7401, 43.4137]]","[[0.199, -0.1505, -0.0751], [0.0282, -0.0042, 0.056], [-0.2381, -0.4764, -0.2602], [0.2097, 0.056, -0.0312], [0.1654, 0.1468, 0.092]]",GPU,KEEP,
20260913_103308_loop_autots_wr_log_range_3,2026-09-13T10:33:08,loop,autots_wr,btc_1min_2y_2024-09-03_2026-09-03,822935ae5e8f,8587,log_range_3,199,null,S_m,-0.12626746446149362,0.2,-0.25311030528385015,-0.259790662882331,"[[73.2991, 102.3031, 126.265], [47.7362, 68.2291, 82.1029], [78.6236, 110.4407, 136.5911], [46.0605, 66.0793, 80.6834], [25.335, 35.8366, 43.5514]]","[[51.2206, 72.9693, 91.34], [31.9817, 46.5421, 57.207], [51.247, 75.3333, 94.2248], [31.6156, 45.0203, 55.0363], [16.0661, 23.6162, 29.065]]","[[73.0889, 101.7985, 124.6731], [47.7035, 68.3552, 82.1496], [77.7122, 108.9384, 133.6649], [45.9348, 65.8699, 80.5671], [25.257, 35.7401, 43.4137]]","[[-0.1369, 0.2058, 0.0616], [-0.0939, -0.181, -0.2575], [-0.1263, -0.2466, -0.1474], [-0.2347, -0.0784, 0.0679], [-0.1251, -0.2598, -0.0975]]",GPU,KEEP,
20260913_103759_loop_autots_wr_log_range_4,2026-09-13T10:37:59,loop,autots_wr,btc_1min_2y_2024-09-03_2026-09-03,822935ae5e8f,8587,log_range_4,200,null,S_m,0.11978151158656969,0.8666666666666667,-0.02178120762494461,-0.1197171853222656,"[[73.2753, 102.3527, 126.0982], [47.7023, 68.1176, 81.9523], [78.3821, 110.1929, 136.251], [45.9989, 66.0148, 80.78], [25.3047, 35.83, 43.5041]]","[[51.2286, 72.9656, 91.3737], [31.951, 46.493, 57.1445], [51.2404, 75.2693, 94.0351], [31.6084, 44.9958, 55.1015], [16.0496, 23.6082, 29.059]]","[[73.0889, 101.7985, 124.6731], [47.7035, 68.3552, 82.1496], [77.7122, 108.9384, 133.6649], [45.9348, 65.8699, 80.5671], [25.257, 35.7401, 43.4137]]","[[0.0325, -0.0485, 0.1321], [0.0712, 0.1634, 0.1835], [0.3071, 0.2243, 0.249], [0.1337, 0.0977, -0.1197], [0.1198, 0.0182, 0.1086]]",GPU,KEEP,
20260913_104253_loop_autots_wr_log_range_5,2026-09-13T10:42:53,loop,autots_wr,btc_1min_2y_2024-09-03_2026-09-03,822935ae5e8f,8587,log_range_5,201,null,S_m,-0.04449068033534065,0.26666666666666666,-0.17768371434331076,-0.37843089321261125,"[[73.3188, 102.3982, 126.2692], [47.7277, 68.131, 82.052], [78.3939, 110.4196, 136.7666], [45.9502, 66.0174, 80.6514], [25.3008, 35.8044, 43.5251]]","[[51.2305, 72.9832, 91.3844], [31.9628, 46.5049, 57.183], [51.1407, 75.4466, 94.3818], [31.5534, 44.9674, 55.0003], [16.0503, 23.5952, 29.0565]]","[[73.0889, 101.7985, 124.6731], [47.7035, 68.3552, 82.1496], [77.7122, 108.9384, 133.6649], [45.9348, 65.8699, 80.5671], [25.257, 35.7401, 43.4137]]","[[-0.0594, -0.0445, -0.1356], [-0.0533, -0.0197, -0.1217], [-0.015, -0.2057, -0.3784], [0.1059, -0.004, 0.1592], [0.0154, 0.0716, -0.0484]]",GPU,KEEP,
20260913_104747_loop_autots_wr_log_range_8,2026-09-13T10:47:47,loop,autots_wr,btc_1min_2y_2024-09-03_2026-09-03,822935ae5e8f,8587,log_range_8,202,null,S_m,0.0587344248482391,0.6,-0.18926323689404168,-0.30529379840094073,"[[73.4065, 102.6291, 126.1661], [47.6537, 68.0705, 81.8947], [78.3478, 110.4272, 136.529], [45.9403, 66.1066, 80.8976], [25.2594, 35.7664, 43.531]]","[[51.3319, 73.0635, 91.3328], [31.9495, 46.4861, 57.1386], [51.0861, 75.3477, 94.1683], [31.5656, 45.0337, 55.1157], [16.0265, 23.5858, 29.0745]]","[[73.0889, 101.7985, 124.6731], [47.7035, 68.3552, 82.1496], [77.7122, 108.9384, 133.6649], [45.9348, 65.8699, 80.5671], [25.257, 35.7401, 43.4137]]","[[-0.1196, -0.2254, 0.0817], [0.1551, 0.0889, 0.1917], [0.0587, -0.0068, 0.1738], [0.0215, -0.135, -0.3053], [0.1634, 0.106, -0.0135]]",GPU,KEEP,
20260913_105243_loop_autots_wr_log_range_10,2026-09-13T10:52:43,loop,autots_wr,btc_1min_2y_2024-09-03_2026-09-03,822935ae5e8f,8587,log_range_10,203,null,S_m,-0.009677042849354223,0.4666666666666667,-0.2044795151597567,-0.2927526573137662,"[[73.2443, 102.3311, 126.0204], [47.6771, 68.1128, 81.9061], [78.5772, 110.4548, 136.8512], [45.9447, 65.9298, 80.6563], [25.2991, 35.7595, 43.4734]]","[[51.2523, 72.9416, 91.207], [31.9592, 46.5176, 57.1402], [51.24, 75.407, 94.2809], [31.5553, 44.9569, 55.0177], [16.045, 23.5852, 29.041]]","[[73.0889, 101.7985, 124.6731], [47.7035, 68.3552, 82.1496], [77.7122, 108.9384, 133.6649], [45.9348, 65.8699, 80.5671], [25.257, 35.7401, 43.4137]]","[[0.2209, 0.2903, 0.1155], [-0.0491, -0.0622, -0.014], [-0.2928, -0.025, -0.236], [-0.0097, 0.2674, 0.2983], [-0.1572, 0.0193, 0.1323]]",GPU,KEEP,
20260913_105736_loop_autots_wr_log_range_15,2026-09-13T10:57:36,loop,autots_wr,btc_1min_2y_2024-09-03_2026-09-03,822935ae5e8f,8587,log_range_15,204,null,S_m,0.018777891781740497,0.5333333333333333,-0.16517519406884063,-0.23549885093179235,"[[73.1991, 102.1079, 125.6157], [47.6176, 68.0995, 81.9733], [78.2308, 110.7149, 137.0332], [46.0179, 66.0413, 80.727], [25.3143, 35.7315, 43.4652]]","[[51.1786, 72.8704, 91.0805], [31.9214, 46.48, 57.1443], [51.0907, 75.5755, 94.5222], [31.5783, 45.0106, 55.0197], [16.0497, 23.5663, 29.0256]]","[[73.0889, 101.7985, 124.6731], [47.7035, 68.3552, 82.1496], [77.7122, 108.9384, 133.6649], [45.9348, 65.8699, 80.5671], [25.257, 35.7401, 43.4137]]","[[0.0618, 0.2181, 0.3211], [0.1246, 0.0196, -0.082], [0.4409, -0.2355, -0.133], [-0.1592, -0.1691, -0.0877], [-0.0599, 0.0784, 0.0188]]",GPU,KEEP,
20260913_110229_loop_autots_wr_ret_skew_3,2026-09-13T11:02:29,loop,autots_wr,btc_1min_2y_2024-09-03_2026-09-03,822935ae5e8f,8587,ret_skew_3,205,null,S_m,0.005031079424755447,0.5333333333333333,-0.2081958975741749,-0.4269374662626779,"[[73.1005, 102.336, 126.152], [47.7059, 68.1372, 81.8556], [78.2634, 110.2123, 136.557], [46.0156, 66.0347, 80.6355], [25.3217, 35.7704, 43.4215]]","[[51.2189, 72.9628, 91.3775], [31.9656, 46.5644, 57.1564], [51.0977, 75.2042, 94.1045], [31.6072, 45.0045, 54.9993], [16.064, 23.5721, 29.0161]]","[[73.0889, 101.7985, 124.6731], [47.7035, 68.3552, 82.1496], [77.7122, 108.9384, 133.6649], [45.9348, 65.8699, 80.5671], [25.257, 35.7401, 43.4137]]","[[0.1347, -0.2234, -0.4269], [-0.1854, -0.0554, 0.1435], [-0.0417, 0.4539, 0.3475], [0.005, 0.01, 0.1133], [-0.0292, -0.109, 0.1007]]",GPU,KEEP,
20260913_110726_loop_autots_wr_ret_skew_4,2026-09-13T11:07:26,loop,autots_wr,btc_1min_2y_2024-09-03_2026-09-03,822935ae5e8f,8587,ret_skew_4,206,null,S_m,0.024259056881570373,0.5333333333333333,-0.10592510488386164,-0.1238852555567993,"[[73.0826, 102.4628, 126.2257], [47.6928, 68.0798, 81.8938], [78.3342, 110.2464, 136.261], [45.903, 66.066, 80.7293], [25.2995, 35.7162, 43.4109]]","[[51.154, 72.9629, 91.3266], [31.9623, 46.5095, 57.1386], [51.1775, 75.1927, 94.0493], [31.5217, 45.0298, 55.0617], [16.059, 23.5407, 29.0074]]","[[73.0889, 101.7985, 124.6731], [47.7035, 68.3552, 82.1496], [77.7122, 108.9384, 133.6649], [45.9348, 65.8699, 80.5671], [25.257, 35.7401, 43.4137]]","[[0.0244, -0.1239, -0.0584], [0.0274, 0.0843, -0.0466], [-0.0905, -0.0309, 0.2168], [0.2446, -0.0474, -0.1162], [0.0877, 0.1515, 0.0243]]",GPU,KEEP,
20260913_111224_loop_autots_wr_ret_skew_5,2026-09-13T11:12:24,loop,autots_wr,btc_1min_2y_2024-09-03_2026-09-03,822935ae5e8f,8587,ret_skew_5,207,null,S_m,-0.034530357944628776,0.26666666666666666,-0.2199114618986897,-0.4175505409755864,"[[73.2471, 102.3429, 125.9745], [47.6201, 68.0614, 81.9014], [78.4545, 110.3996, 136.83], [46.0004, 66.087, 80.7401], [25.3082, 35.7514, 43.4617]]","[[51.2134, 72.9986, 91.3118], [31.9577, 46.5005, 57.1458], [51.1206, 75.3233, 94.3945], [31.5763, 45.0302, 55.0719], [16.0606, 23.5627, 29.0085]]","[[73.0889, 101.7985, 124.6731], [47.7035, 68.3552, 82.1496], [77.7122, 108.9384, 133.6649], [45.9348, 65.8699, 80.5671], [25.257, 35.7401, 43.4137]]","[[-0.2251, 0.117, 0.199], [0.1525, 0.0269, -0.0093], [-0.1536, -0.139, -0.4176], [-0.2121, -0.0318, -0.0134], [-0.0345, -0.0984, -0.117]]",GPU,KEEP,
20260913_111725_loop_autots_wr_ret_skew_8,2026-09-13T11:17:25,loop,autots_wr,btc_1min_2y_2024-09-03_2026-09-03,822935ae5e8f,8587,ret_skew_8,208,null,S_m,-0.040245728870047515,0.4666666666666667,-0.1811325418533638,-0.2168176941707456,"[[73.2156, 102.2518, 125.8484], [47.6522, 68.1023, 81.962], [78.4861, 110.6179, 136.7143], [46.0583, 66.1903, 80.9152], [25.2993, 35.7351, 43.4522]]","[[51.2989, 72.9111, 91.1836], [31.954, 46.5219, 57.1724], [51.1182, 75.4465, 94.3566], [31.607, 45.03, 55.0858], [16.053, 23.57, 29.003]]","[[73.0889, 101.7985, 124.6731], [47.7035, 68.3552, 82.1496], [77.7122, 108.9384, 133.6649], [45.9348, 65.8699, 80.5671], [25.257, 35.7401, 43.4137]]","[[0.043, 0.089, 0.1001], [-0.0674, -0.0601, -0.0741], [-0.0402, -0.1977, 0.0845], [-0.1259, -0.1563, -0.2168], [0.0353, 0.0455, 0.0218]]",GPU,KEEP,
20260913_112236_loop_autots_wr_ret_skew_10,2026-09-13T11:22:36,loop,autots_wr,btc_1min_2y_2024-09-03_2026-09-03,822935ae5e8f,8587,ret_skew_10,209,null,S_m,0.036970216331411176,0.5333333333333333,-0.14080041086200534,-0.2724984329636415,"[[73.4152, 102.1764, 125.5899], [47.7296, 68.1575, 81.9928], [78.3621, 110.4843, 136.6637], [46.027, 66.0232, 80.7888], [25.3162, 35.765, 43.4993]]","[[51.367, 72.853, 91.0287], [31.9963, 46.5423, 57.2299], [51.1439, 75.2259, 94.2261], [31.592, 44.9982, 55.048], [16.043, 23.5807, 29.0454]]","[[73.0889, 101.7985, 124.6731], [47.7035, 68.3552, 82.1496], [77.7122, 108.9384, 133.6649], [45.9348, 65.8699, 80.5671], [25.257, 35.7401, 43.4137]]","[[-0.2725, 0.0737, 0.2054], [-0.1625, -0.081, -0.0375], [0.1579, 0.1208, 0.037], [0.068, 0.2525, 0.1562], [-0.0669, -0.0838, -0.1082]]",GPU,KEEP,
20260913_112745_loop_autots_wr_ret_skew_15,2026-09-13T11:27:45,loop,autots_wr,btc_1min_2y_2024-09-03_2026-09-03,822935ae5e8f,8587,ret_skew_15,210,null,S_m,0.006827006022114279,0.5333333333333333,-0.17443302240273348,-0.2483694662205993,"[[73.3341, 102.2576, 125.9018], [47.6889, 68.1389, 81.914], [78.3476, 110.4767, 136.9887], [46.0285, 66.0447, 80.763], [25.3203, 35.7806, 43.4712]]","[[51.2865, 72.974, 91.2008], [31.9666, 46.5374, 57.1587], [51.0689, 75.4128, 94.44], [31.586, 44.9918, 55.0169], [16.0515, 23.5811, 29.0251]]","[[73.0889, 101.7985, 124.6731], [47.7035, 68.3552, 82.1496], [77.7122, 108.9384, 133.6649], [45.9348, 65.8699, 80.5671], [25.257, 35.7401, 43.4137]]","[[0.1105, -0.0794, -0.2484], [0.0853, 0.0273, 0.096], [0.0185, 0.0068, -0.2378], [-0.0032, -0.0326, 0.0319], [-0.0161, -0.0435, 0.0644]]",GPU,KEEP,
20260913_113249_loop_autots_wr_hma_slope1_volnorm,2026-09-13T11:32:49,loop,autots_wr,btc_1min_2y_2024-09-03_2026-09-03,822935ae5e8f,8587,hma_slope1_volnorm,211,null,S_m,0.0532503150167285,0.8,-0.0812128005557211,-0.2188549293185238,"[[73.3621, 102.0741, 126.0402], [47.6624, 68.0775, 81.882], [78.3092, 110.7185, 136.9741], [45.9541, 65.9947, 80.7256], [25.3011, 35.7378, 43.4481]]","[[51.3089, 72.8543, 91.2681], [31.9522, 46.5053, 57.1883], [51.0987, 75.4754, 94.4188], [31.5581, 44.9956, 55.0259], [16.0472, 23.5854, 29.0499]]","[[73.0889, 101.7985, 124.6731], [47.7035, 68.3552, 82.1496], [77.7122, 108.9384, 133.6649], [45.9348, 65.8699, 80.5671], [25.257, 35.7401, 43.4137]]","[[-0.0382, 0.1794, -0.1099], [0.0557, 0.0902, 0.0391], [0.049, -0.2189, 0.0107], [0.1615, 0.0758, 0.0463], [0.0759, 0.1196, 0.0533]]",GPU,KEEP,
20260913_113752_loop_autots_wr_hma_slope2_volnorm,2026-09-13T11:37:52,loop,autots_wr,btc_1min_2y_2024-09-03_2026-09-03,822935ae5e8f,8587,hma_slope2_volnorm,212,null,S_m,-0.013381652845145808,0.3333333333333333,-0.15601599230774976,-0.1936750753606109,"[[73.3168, 102.2629, 126.182], [47.6428, 68.0862, 81.9093], [78.1364, 110.69, 136.8696], [45.9603, 66.0562, 80.8819], [25.3102, 35.7665, 43.4535]]","[[51.2786, 72.9251, 91.4185], [31.9658, 46.5009, 57.1285], [51.0854, 75.4172, 94.4775], [31.5739, 44.9833, 55.1118], [16.0534, 23.577, 29.0281]]","[[73.0889, 101.7985, 124.6731], [47.7035, 68.3552, 82.1496], [77.7122, 108.9384, 133.6649], [45.9348, 65.8699, 80.5671], [25.257, 35.7401, 43.4137]]","[[0.0616, -0.185, -0.1125], [0.0409, -0.0128, -0.0333], [0.2207, 0.0257, 0.0763], [-0.0134, -0.0933, -0.1937], [-0.0359, -0.0803, -0.0124]]",GPU,KEEP,
20260913_114258_loop_autots_wr_hma_slope3_volnorm,2026-09-13T11:42:58,loop,autots_wr,btc_1min_2y_2024-09-03_2026-09-03,822935ae5e8f,8587,hma_slope3_volnorm,213,null,S_m,0.04802010333113671,0.6,-0.0849024255615971,-0.13942470381880234,"[[73.354, 102.0433, 125.6108], [47.5915, 68.0421, 82.0235], [78.0989, 110.724, 137.017], [45.9146, 65.9922, 80.7478], [25.3151, 35.7744, 43.447]]","[[51.3333, 72.8679, 91.1136], [31.9172, 46.4895, 57.2218], [51.0517, 75.4897, 94.5548], [31.5686, 44.9852, 55.0637], [16.0732, 23.6074, 29.034]]","[[73.0889, 101.7985, 124.6731], [47.7035, 68.3552, 82.1496], [77.7122, 108.9384, 133.6649], [45.9348, 65.8699, 80.5671], [25.257, 35.7401, 43.4137]]","[[-0.0507, 0.2148, 0.4526], [0.1078, 0.0647, -0.1394], [0.048, -0.0307, -0.1077], [0.0993, 0.097, 0.1658], [-0.0194, -0.0221, 0.015]]",GPU,KEEP,
20260913_114804_loop_autots_wr_hma_slope4_volnorm,2026-09-13T11:48:04,loop,autots_wr,btc_1min_2y_2024-09-03_2026-09-03,822935ae5e8f,8587,hma_slope4_volnorm,214,null,S_m,-0.021400601261145624,0.3333333333333333,-0.19447122324312893,-0.27441407131740814,"[[73.3431, 101.9748, 125.5862], [47.6349, 68.1592, 82.0717], [78.1156, 110.5354, 136.9964], [46.0406, 66.1304, 80.8673], [25.3196, 35.7776, 43.4876]]","[[51.2757, 72.8301, 91.1125], [31.9592, 46.5219, 57.2055], [51.0174, 75.4412, 94.4995], [31.6433, 45.0728, 55.142], [16.0597, 23.5876, 29.0325]]","[[73.0889, 101.7985, 124.6731], [47.7035, 68.3552, 82.1496], [77.7122, 108.9384, 133.6649], [45.9348, 65.8699, 80.5671], [25.257, 35.7401, 43.4137]]","[[0.015, 0.0672, 0.0197], [-0.0912, -0.172, -0.0588], [-0.0214, 0.1704, 0.015], [-0.2744, -0.2094, -0.148], [-0.0178, -0.0089, -0.0934]]",GPU,KEEP,
20260913_115316_loop_autots_wr_hma_slope5_volnorm,2026-09-13T11:53:16,loop,autots_wr,btc_1min_2y_2024-09-03_2026-09-03,822935ae5e8f,8587,hma_slope5_volnorm,215,null,S_m,0.1058351625442766,0.7333333333333333,-0.09329941803297714,-0.22510281245327057,"[[73.2438, 101.8713, 125.8688], [47.6831, 68.087, 81.9444], [78.0006, 110.2909, 136.4186], [45.98, 66.091, 80.7803], [25.3151, 35.8067, 43.5008]]","[[51.1919, 72.8197, 91.2569], [31.9591, 46.5082, 57.1675], [50.9662, 75.3007, 94.1679], [31.5991, 45.0472, 55.0816], [16.0345, 23.5764, 29.0377]]","[[73.0889, 101.7985, 124.6731], [47.7035, 68.3552, 82.1496], [77.7122, 108.9384, 133.6649], [45.9348, 65.8699, 80.5671], [25.257, 35.7401, 43.4137]]","[[0.1354, 0.1015, -0.2251], [-0.1013, 0.1058, 0.1552], [0.1472, 0.2212, 0.4217], [0.1317, 0.0595, 0.1076], [0.0175, -0.0813, -0.0305]]",GPU,KEEP,
20260913_115825_loop_autots_wr_hma_slope8_volnorm,2026-09-13T11:58:25,loop,autots_wr,btc_1min_2y_2024-09-03_2026-09-03,822935ae5e8f,8587,hma_slope8_volnorm,216,null,S_m,-0.011739131623578203,0.4666666666666667,-0.39765416287203426,-0.6707305736677771,"[[73.3099, 102.0228, 125.9923], [47.599, 67.976, 81.7557], [78.3121, 111.0307, 136.9576], [46.0076, 66.0385, 80.7307], [25.3181, 35.7549, 43.4686]]","[[51.3261, 72.7926, 91.3296], [31.9563, 46.4779, 57.1372], [51.052, 75.6809, 94.5714], [31.6052, 44.9899, 54.9974], [16.0579, 23.5868, 29.0251]]","[[73.0889, 101.7985, 124.6731], [47.7035, 68.3552, 82.1496], [77.7122, 108.9384, 133.6649], [45.9348, 65.8699, 80.5671], [25.257, 35.7401, 43.4137]]","[[-0.0903, -0.1487, -0.0981], [0.1764, 0.1631, 0.2303], [-0.3994, -0.6707, -0.3951], [-0.06, 0.0794, 0.0615], [-0.0117, 0.1445, 0.0742]]",GPU,KEEP,
20260913_120340_loop_autots_wr_hma_slope10_volnorm,2026-09-13T12:03:40,loop,autots_wr,btc_1min_2y_2024-09-03_2026-09-03,822935ae5e8f,8587,hma_slope10_volnorm,217,null,S_m,-0.020334737882388154,0.3333333333333333,-0.123879428401108,-0.14815757363619841,"[[73.2784, 102.029, 126.0008], [47.6251, 68.0468, 81.8677], [78.1871, 110.7306, 136.9854], [45.9623, 66.0664, 80.8503], [25.3279, 35.7717, 43.4634]]","[[51.2831, 72.8682, 91.3142], [31.9349, 46.5015, 57.1443], [51.0818, 75.5216, 94.4683], [31.5647, 45.0248, 55.0819], [16.0584, 23.5965, 29.031]]","[[73.0889, 101.7985, 124.6731], [47.7035, 68.3552, 82.1496], [77.7122, 108.9384, 133.6649], [45.9348, 65.8699, 80.5671], [25.257, 35.7401, 43.4137]]","[[0.043, -0.006, -0.0067], [-0.0547, -0.1041, -0.137], [0.1597, 0.2702, -0.0203], [0.0985, -0.0422, -0.1482], [-0.0386, -0.047, 0.012]]",GPU,KEEP,
20260913_120854_loop_autots_wr_hma_slope15_volnorm,2026-09-13T12:08:54,loop,autots_wr,btc_1min_2y_2024-09-03_2026-09-03,822935ae5e8f,8587,hma_slope15_volnorm,218,null,S_m,0.016036766528393365,0.6,-0.2069548914762187,-0.2863733528819079,"[[73.1213, 102.1505, 125.909], [47.6178, 68.0838, 81.9228], [78.3441, 111.0477, 137.2745], [45.9549, 65.9783, 80.759], [25.3211, 35.7338, 43.4083]]","[[51.2481, 72.9477, 91.3294], [31.9456, 46.5029, 57.1466], [51.1456, 75.6634, 94.5991], [31.5928, 45.0451, 55.0767], [16.0462, 23.5699, 29.0024]]","[[73.0889, 101.7985, 124.6731], [47.7035, 68.3552, 82.1496], [77.7122, 108.9384, 133.6649], [45.9348, 65.8699, 80.5671], [25.257, 35.7401, 43.4137]]","[[0.2144, -0.1191, 0.0729], [0.0152, -0.0544, -0.0674], [-0.2008, -0.2864, -0.211], [0.016, 0.1333, 0.1129], [0.0267, 0.106, 0.1266]]",GPU,KEEP,
20260913_121407_loop_autots_wr_macd_hist_2_5_2_volnorm,2026-09-13T12:14:07,loop,autots_wr,btc_1min_2y_2024-09-03_2026-09-03,822935ae5e8f,8587,macd_hist_2_5_2_volnorm,219,null,S_m,-0.014038017412776327,0.4,-0.1238737510357657,-0.1337900665593139,"[[73.1902, 101.9992, 125.7748], [47.593, 68.0112, 81.9343], [78.3456, 111.0028, 137.354], [45.9985, 66.0646, 80.8671], [25.3499, 35.7463, 43.3567]]","[[51.2217, 72.8057, 91.2615], [31.9194, 46.4716, 57.1577], [51.1246, 75.6262, 94.6745], [31.5925, 45.0388, 55.0807], [16.0573, 23.5766, 28.9921]]","[[73.0889, 101.7985, 124.6731], [47.7035, 68.3552, 82.1496], [77.7122, 108.9384, 133.6649], [45.9348, 65.8699, 80.5671], [25.257, 35.7401, 43.4137]]","[[-0.0942, 0.1481, 0.1066], [0.0521, 0.1066, -0.014], [-0.002, 0.0405, -0.0579], [-0.0948, -0.1308, -0.1338], [-0.1135, -0.0349, 0.1189]]",GPU,KEEP,
20260913_121924_loop_autots_wr_macd_hist_2_8_3_volnorm,2026-09-13T12:19:24,loop,autots_wr,btc_1min_2y_2024-09-03_2026-09-03,822935ae5e8f,8587,macd_hist_2_8_3_volnorm,220,null,S_m,0.043003542044961485,0.6,-0.1377317822876023,-0.2943673417493464,"[[73.1531, 102.0069, 125.9738], [47.6226, 67.982, 81.9087], [78.4126, 110.9523, 137.1764], [45.9091, 65.9472, 80.7177], [25.3258, 35.7845, 43.4843]]","[[51.2239, 72.8146, 91.3046], [31.9326, 46.4817, 57.1344], [51.0672, 75.5044, 94.3868], [31.5647, 44.9717, 55.0571], [16.0456, 23.5732, 29.0017]]","[[73.0889, 101.7985, 124.6731], [47.7035, 68.3552, 82.1496], [77.7122, 108.9384, 133.6649], [45.9348, 65.8699, 80.5671], [25.257, 35.7401, 43.4137]]","[[0.0507, -0.0075, -0.1583], [-0.0623, 0.043, 0.0313], [-0.0855, 0.0455, 0.1294], [0.1944, 0.1777, 0.1847], [0.095, -0.1069, -0.2944]]",GPU,KEEP,
20260913_122438_loop_autots_wr_macd_hist_3_10_3_volnorm,2026-09-13T12:24:38,loop,autots_wr,btc_1min_2y_2024-09-03_2026-09-03,822935ae5e8f,8587,macd_hist_3_10_3_volnorm,221,null,S_m,-0.014680128889232869,0.4,-0.16930981492697672,-0.29229064351725675,"[[73.1315, 102.171, 126.0204], [47.6743, 67.9843, 81.8522], [78.4242, 111.2766, 137.2881], [45.9894, 66.0171, 80.6862], [25.3145, 35.7217, 43.3632]]","[[51.2165, 72.8967, 91.3716], [31.947, 46.467, 57.0934], [51.1477, 75.6505, 94.4909], [31.5825, 44.9959, 55.0317], [16.0357, 23.5628, 28.9758]]","[[73.0889, 101.7985, 124.6731], [47.7035, 68.3552, 82.1496], [77.7122, 108.9384, 133.6649], [45.9348, 65.8699, 80.5671], [25.257, 35.7401, 43.4137]]","[[0.0296, -0.1609, -0.0369], [-0.1084, -0.0033, 0.0689], [-0.0147, -0.2923, -0.0814], [-0.1749, -0.106, 0.0391], [0.0446, 0.1754, 0.2786]]",GPU,KEEP,
20260913_122959_loop_autots_wr_macd_hist_4_10_4_volnorm,2026-09-13T12:29:59,loop,autots_wr,btc_1min_2y_2024-09-03_2026-09-03,822935ae5e8f,8587,macd_hist_4_10_4_volnorm,222,null,S_m,0.06714517088065586,0.5333333333333333,-0.10467301801247775,-0.12844487344241262,"[[73.0637, 101.8097, 125.8996], [47.5775, 68.0203, 81.9574], [78.2851, 111.1568, 137.1874], [46.0092, 66.0588, 80.7636], [25.2975, 35.7596, 43.4078]]","[[51.1778, 72.7342, 91.3121], [31.9313, 46.4729, 57.1713], [51.0736, 75.5477, 94.5565], [31.5681, 44.9965, 55.0508], [16.0549, 23.5968, 29.0248]]","[[73.0889, 101.7985, 124.6731], [47.7035, 68.3552, 82.1496], [77.7122, 108.9384, 133.6649], [45.9348, 65.8699, 80.5671], [25.257, 35.7401, 43.4137]]","[[0.0926, 0.3537, 0.0958], [0.2029, -0.053, -0.1284], [0.1774, 0.1076, 0.0733], [-0.0431, -0.0632, -0.0959], [0.0671, -0.1059, -0.1028]]",GPU,KEEP,
20260913_123519_loop_autots_wr_macd_hist_5_15_5_volnorm,2026-09-13T12:35:19,loop,autots_wr,btc_1min_2y_2024-09-03_2026-09-03,822935ae5e8f,8587,macd_hist_5_15_5_volnorm,223,null,S_m,-0.10681273196426755,0.3333333333333333,-0.20521191403584993,-0.3009591235101805,"[[73.1613, 101.972, 125.9969], [47.6663, 68.1683, 82.1037], [78.1744, 111.1705, 136.9231], [45.9795, 66.0234, 80.754], [25.3254, 35.7978, 43.5384]]","[[51.2266, 72.8444, 91.2632], [31.952, 46.5128, 57.1756], [50.9944, 75.5636, 94.3501], [31.5818, 44.9719, 55.0277], [16.0467, 23.596, 29.0291]]","[[73.0889, 101.7985, 124.6731], [47.7035, 68.3552, 82.1496], [77.7122, 108.9384, 133.6649], [45.9348, 65.8699, 80.5671], [25.257, 35.7401, 43.4137]]","[[-0.1335, -0.1594, -0.0773], [-0.1867, -0.2176, -0.1785], [0.1414, -0.0123, 0.1926], [0.0647, 0.0536, 0.0118], [-0.1104, -0.1068, -0.301]]",GPU,KEEP,
20260913_124030_loop_autots_wr_psar_dir_2,2026-09-13T12:40:30,loop,autots_wr,btc_1min_2y_2024-09-03_2026-09-03,822935ae5e8f,8587,psar_dir_2,224,null,S_m,0.0060364424169012665,0.5333333333333333,-0.06126528167027523,-0.10648116730886947,"[[73.1328, 102.0099, 125.8135], [47.6634, 68.0954, 81.97], [78.2576, 111.1745, 137.0063], [45.9538, 65.9202, 80.7433], [25.33, 35.8198, 43.5492]]","[[51.212, 72.8008, 91.2208], [31.9538, 46.4996, 57.1575], [51.1384, 75.6544, 94.4829], [31.5554, 44.9344, 55.0331], [16.0608, 23.619, 29.069]]","[[73.0889, 101.7985, 124.6731], [47.7035, 68.3552, 82.1496], [77.7122, 108.9384, 133.6649], [45.9348, 65.8699, 80.5671], [25.257, 35.7401, 43.4137]]","[[0.0389, -0.0372, 0.1456], [0.006, 0.1068, 0.1629], [-0.1065, -0.0036, -0.0607], [0.0557, 0.1563, 0.0132], [-0.0182, -0.0616, -0.0247]]",GPU,KEEP,
20260913_124533_loop_autots_wr_psar_dir_3,2026-09-13T12:45:33,loop,autots_wr,btc_1min_2y_2024-09-03_2026-09-03,822935ae5e8f,8587,psar_dir_3,225,null,S_m,0.01757052146971194,0.6666666666666666,-0.005261509451091051,-0.02053288102548123,"[[73.1346, 101.9716, 125.7877], [47.6649, 68.0131, 81.9868], [78.2598, 111.1705, 136.9195], [45.8964, 65.9087, 80.6983], [25.3317, 35.7952, 43.5456]]","[[51.2093, 72.7757, 91.2031], [31.9545, 46.4676, 57.1601], [51.1413, 75.6569, 94.4107], [31.555, 44.9306, 55.0264], [16.0514, 23.6058, 29.0705]]","[[73.0889, 101.7985, 124.6731], [47.7035, 68.3552, 82.1496], [77.7122, 108.9384, 133.6649], [45.9348, 65.8699, 80.5671], [25.257, 35.7401, 43.4137]]","[[-0.0025, 0.0376, 0.0205], [-0.0031, 0.1209, -0.0205], [-0.0028, 0.0036, 0.0633], [0.1249, 0.0176, 0.0558], [-0.0067, 0.0688, 0.0082]]",GPU,KEEP,
20260913_125035_loop_autots_wr_psar_dir_4,2026-09-13T12:50:35,loop,autots_wr,btc_1min_2y_2024-09-03_2026-09-03,822935ae5e8f,8587,psar_dir_4,226,null,S_m,0.030263040395483998,0.6666666666666666,-0.04268218271569423,-0.11274048424545491,"[[73.0141, 101.9049, 125.7098], [47.6661, 68.0147, 81.9356], [78.2499, 111.1368, 137.0739], [45.8899, 65.9532, 80.7026], [25.2954, 35.7811, 43.5154]]","[[51.155, 72.7608, 91.2161], [31.9551, 46.4696, 57.1597], [51.1358, 75.6156, 94.5214], [31.5489, 44.9581, 55.0243], [16.0458, 23.6052, 29.0579]]","[[73.0889, 101.7985, 124.6731], [47.7035, 68.3552, 82.1496], [77.7122, 108.9384, 133.6649], [45.9348, 65.8699, 80.5671], [25.257, 35.7401, 43.4137]]","[[0.1647, 0.0653, 0.0619], [-0.0025, -0.0023, 0.0624], [0.0126, 0.0303, -0.1127], [0.0143, -0.0676, -0.0053], [0.1435, 0.0394, 0.0693]]",GPU,KEEP,
20260913_125535_loop_autots_wr_psar_dir_5,2026-09-13T12:55:35,loop,autots_wr,btc_1min_2y_2024-09-03_2026-09-03,822935ae5e8f,8587,psar_dir_5,227,null,S_m,-0.011887017027611968,0.4,-0.08201520893353909,-0.15075845442169555,"[[73.0138, 102.0586, 125.8276], [47.6649, 68.0369, 81.9506], [78.2592, 111.175, 137.1536], [45.9195, 65.9288, 80.6963], [25.2868, 35.76, 43.516]]","[[51.1543, 72.8351, 91.2657], [31.9545, 46.4699, 57.1622], [51.1389, 75.5827, 94.5349], [31.5577, 44.9659, 55.0783], [16.0386, 23.5805, 29.046]]","[[73.0889, 101.7985, 124.6731], [47.7035, 68.3552, 82.1496], [77.7122, 108.9384, 133.6649], [45.9348, 65.8699, 80.5671], [25.257, 35.7401, 43.4137]]","[[0.0005, -0.1508, -0.0937], [0.0025, -0.0326, -0.0183], [-0.0119, -0.0343, -0.0582], [-0.0645, 0.037, 0.0078], [0.0339, 0.059, -0.0014]]",GPU,KEEP,
20260913_130033_loop_autots_wr_psar_dir_8,2026-09-13T13:00:33,loop,autots_wr,btc_1min_2y_2024-09-03_2026-09-03,822935ae5e8f,8587,psar_dir_8,228,null,S_m,0.002678298973812776,0.5333333333333333,-0.070336670212785,-0.11196359149254764,"[[72.9629, 102.0656, 125.8143], [47.7183, 68.0679, 82.0218], [78.2521, 111.1882, 137.172], [45.9173, 65.927, 80.6833], [25.2868, 35.7482, 43.4996]]","[[51.1238, 72.8346, 91.2586], [31.9737, 46.4886, 57.1663], [51.136, 75.5968, 94.5465], [31.5565, 44.9643, 55.0736], [16.0386, 23.5754, 29.0523]]","[[73.0889, 101.7985, 124.6731], [47.7035, 68.3552, 82.1496], [77.7122, 108.9384, 133.6649], [45.9348, 65.8699, 80.5671], [25.257, 35.7401, 43.4137]]","[[0.0697, -0.0069, 0.0106], [-0.112, -0.0456, -0.0869], [0.0091, -0.0118, -0.0134], [0.0046, 0.0027, 0.0161], [0.0, 0.0329, 0.0378]]",GPU,KEEP,
20260913_130527_loop_autots_wr_psar_dir_10,2026-09-13T13:05:27,loop,autots_wr,btc_1min_2y_2024-09-03_2026-09-03,822935ae5e8f,8587,psar_dir_10,229,null,S_m,-0.004077059727181087,0.4,-0.08591918534832653,-0.21947384093139455,"[[73.123, 102.1863, 125.8281], [47.7171, 68.0682, 82.0524], [78.2554, 111.1664, 137.1636], [45.9192, 65.9332, 80.6994], [25.2759, 35.7402, 43.4747]]","[[51.2428, 72.8718, 91.2441], [31.9731, 46.4891, 57.2001], [51.1392, 75.5924, 94.5369], [31.563, 44.9658, 55.0755], [16.0328, 23.586, 29.0646]]","[[73.0889, 101.7985, 124.6731], [47.7035, 68.3552, 82.1496], [77.7122, 108.9384, 133.6649], [45.9348, 65.8699, 80.5671], [25.257, 35.7401, 43.4137]]","[[-0.2195, -0.1183, -0.011], [0.0025, -0.0004, -0.0374], [-0.0042, 0.0195, 0.0061], [-0.0041, -0.0094, -0.0199], [0.0433, 0.0223, 0.0573]]",GPU,KEEP,
20260913_131018_loop_autots_wr_psar_dir_15,2026-09-13T13:10:18,loop,autots_wr,btc_1min_2y_2024-09-03_2026-09-03,822935ae5e8f,8587,psar_dir_15,230,null,S_m,0.003406109180748018,0.6,-0.048846590392837,-0.07129423843774685,"[[73.1205, 102.1919, 125.834], [47.7301, 68.1167, 82.1044], [78.1984, 111.0495, 136.8075], [45.9221, 65.925, 80.6652], [25.2755, 35.7383, 43.4583]]","[[51.241, 72.8743, 91.2447], [31.983, 46.4954, 57.226], [51.1192, 75.537, 94.3449], [31.5633, 44.9507, 55.0272], [16.0328, 23.5796, 29.0537]]","[[73.0889, 101.7985, 124.6731], [47.7035, 68.3552, 82.1496], [77.7122, 108.9384, 133.6649], [45.9348, 65.8699, 80.5671], [25.257, 35.7401, 43.4137]]","[[0.0034, -0.0055, -0.0047], [-0.0272, -0.0713, -0.0633], [0.0727, 0.1052, 0.2597], [-0.0064, 0.0125, 0.0424], [0.0014, 0.0055, 0.0376]]",GPU,KEEP,
20260913_131512_loop_autots_wr_psar_logdist_2,2026-09-13T13:15:12,loop,autots_wr,btc_1min_2y_2024-09-03_2026-09-03,822935ae5e8f,8587,psar_logdist_2,231,null,S_m,0.06811050461023038,0.6,-0.2585146264695526,-0.30740125708033084,"[[73.0525, 102.1223, 126.2208], [47.6302, 68.0209, 81.9455], [78.0645, 110.7375, 136.7209], [46.0249, 65.9915, 80.7448], [25.3467, 35.7481, 43.4024]]","[[51.1533, 72.9278, 91.4235], [31.9359, 46.4969, 57.1782], [51.0493, 75.3705, 94.161], [31.6008, 44.9956, 55.0455], [16.0636, 23.5904, 29.0063]]","[[73.0889, 101.7985, 124.6731], [47.7035, 68.3552, 82.1496], [77.7122, 108.9384, 133.6649], [45.9348, 65.8699, 80.5671], [25.257, 35.7401, 43.4137]]","[[0.093, 0.0681, -0.3074], [0.2093, 0.1407, 0.1935], [0.1713, 0.2809, 0.0632], [-0.2237, -0.1009, -0.0986], [-0.2817, -0.0276, 0.1287]]",GPU,KEEP,
20260913_132006_loop_autots_wr_psar_logdist_3,2026-09-13T13:20:06,loop,autots_wr,btc_1min_2y_2024-09-03_2026-09-03,822935ae5e8f,8587,psar_logdist_3,232,null,S_m,0.0459456089478949,0.6,-0.13635510644783633,-0.2179006656222171,"[[73.2117, 102.1911, 126.2557], [47.571, 67.9503, 81.8698], [78.1965, 110.4565, 136.464], [46.0037, 65.9554, 80.738], [25.3334, 35.7793, 43.4301]]","[[51.2558, 72.9656, 91.5159], [31.9117, 46.498, 57.167], [51.1092, 75.2135, 94.1423], [31.5763, 44.9801, 55.0777], [16.0652, 23.6147, 29.053]]","[[73.0889, 101.7985, 124.6731], [47.7035, 68.3552, 82.1496], [77.7122, 108.9384, 133.6649], [45.9348, 65.8699, 80.5671], [25.257, 35.7401, 43.4137]]","[[-0.2179, -0.0674, -0.0276], [0.1242, 0.1038, 0.0923], [-0.1691, 0.2538, 0.188], [0.0459, 0.0547, 0.0084], [0.0526, -0.0872, -0.0637]]",GPU,KEEP,
20260913_132500_loop_autots_wr_psar_logdist_4,2026-09-13T13:25:00,loop,autots_wr,btc_1min_2y_2024-09-03_2026-09-03,822935ae5e8f,8587,psar_logdist_4,233,null,S_m,0.02016852848214512,0.6,-0.10407502502974175,-0.1154637501101119,"[[73.1465, 102.0515, 125.8883], [47.5614, 67.978, 81.7912], [78.0994, 110.584, 136.5717], [45.9792, 65.9922, 80.6882], [25.3579, 35.7753, 43.4774]]","[[51.209, 72.8801, 91.3459], [31.9349, 46.5004, 57.1295], [51.0043, 75.2528, 94.0361], [31.5935, 45.0252, 55.0661], [16.0641, 23.6108, 29.0466]]","[[73.0889, 101.7985, 124.6731], [47.7035, 68.3552, 82.1496], [77.7122, 108.9384, 133.6649], [45.9348, 65.8699, 80.5671], [25.257, 35.7401, 43.4137]]","[[0.089, 0.1366, 0.291], [0.0202, -0.0407, 0.096], [0.1241, -0.1155, -0.079], [0.0533, -0.0558, 0.0616], [-0.0966, 0.0112, -0.1091]]",GPU,KEEP,
20260913_133003_loop_autots_wr_psar_logdist_5,2026-09-13T13:30:03,loop,autots_wr,btc_1min_2y_2024-09-03_2026-09-03,822935ae5e8f,8587,psar_logdist_5,234,null,S_m,-0.12366746817689123,0.26666666666666666,-0.29643782487010384,-0.40971127547653197,"[[73.2229, 102.3459, 126.4041], [47.6203, 68.0912, 81.8281], [78.1891, 110.9177, 136.7675], [45.921, 66.1143, 80.8994], [25.3118, 35.7641, 43.4373]]","[[51.2193, 72.8753, 91.5269], [31.9465, 46.5507, 57.1622], [51.1342, 75.4857, 94.2497], [31.5844, 45.0366, 55.1715], [16.0462, 23.6006, 29.0609]]","[[73.0889, 101.7985, 124.6731], [47.7035, 68.3552, 82.1496], [77.7122, 108.9384, 133.6649], [45.9348, 65.8699, 80.5671], [25.257, 35.7401, 43.4137]]","[[-0.1044, -0.2885, -0.4097], [-0.1237, -0.1666, -0.0451], [-0.1148, -0.3017, -0.1433], [0.1266, -0.1851, -0.2618], [0.1815, 0.0314, 0.0922]]",GPU,KEEP,
20260913_133457_loop_autots_wr_psar_logdist_8,2026-09-13T13:34:57,loop,autots_wr,btc_1min_2y_2024-09-03_2026-09-03,822935ae5e8f,8587,psar_logdist_8,235,null,S_m,-0.007220051223155721,0.4666666666666667,-0.12318808613998922,-0.21733239907475443,"[[73.1289, 102.0785, 126.0733], [47.639, 68.0767, 81.9204], [78.1316, 110.6753, 136.5279], [45.9807, 66.1489, 80.9352], [25.3669, 35.7666, 43.4594]]","[[51.209, 72.877, 91.4039], [31.9465, 46.5111, 57.1803], [51.0966, 75.1688, 94.0124], [31.6048, 45.0688, 55.1631], [16.0739, 23.5967, 29.031]]","[[73.0889, 101.7985, 124.6731], [47.7035, 68.3552, 82.1496], [77.7122, 108.9384, 133.6649], [45.9348, 65.8699, 80.5671], [25.257, 35.7401, 43.4137]]","[[0.1284, 0.2613, 0.2616], [-0.0394, 0.0213, -0.1128], [0.0734, 0.2185, 0.1752], [-0.1301, -0.0523, -0.0442], [-0.2173, -0.0072, -0.0509]]",GPU,KEEP,
20260913_133952_loop_autots_wr_psar_logdist_10,2026-09-13T13:39:52,loop,autots_wr,btc_1min_2y_2024-09-03_2026-09-03,822935ae5e8f,8587,psar_logdist_10,236,null,S_m,0.05999596393927442,0.7333333333333333,-0.09230003110157092,-0.15704802468787804,"[[72.9374, 102.0173, 126.2194], [47.6351, 68.0781, 81.8852], [78.2544, 110.7383, 136.492], [45.9344, 66.0334, 80.7897], [25.3233, 35.7095, 43.3905]]","[[51.0561, 72.8663, 91.3703], [31.9131, 46.4905, 57.133], [51.0521, 75.2841, 94.2364], [31.5924, 45.0246, 55.1302], [16.0484, 23.57, 29.0297]]","[[73.0889, 101.7985, 124.6731], [47.7035, 68.3552, 82.1496], [77.7122, 108.9384, 133.6649], [45.9348, 65.8699, 80.5671], [25.257, 35.7401, 43.4137]]","[[0.2619, 0.06, -0.1159], [0.0081, -0.0021, 0.043], [-0.157, -0.0569, 0.0263], [0.1009, 0.1746, 0.1797], [0.1717, 0.1598, 0.1587]]",GPU,KEEP,
20260913_134447_loop_autots_wr_psar_logdist_15,2026-09-13T13:44:47,loop,autots_wr,btc_1min_2y_2024-09-03_2026-09-03,822935ae5e8f,8587,psar_logdist_15,237,null,S_m,0.04468030020204905,0.8666666666666667,-0.07752454635923109,-0.33451340220376213,"[[73.1814, 101.8692, 125.8984], [47.5971, 68.0477, 81.8752], [78.2523, 110.6581, 136.6708], [45.9233, 65.9671, 80.7345], [25.2722, 35.707, 43.3819]]","[[51.2583, 72.7637, 91.2033], [31.909, 46.4808, 57.1579], [51.1044, 75.2325, 94.1929], [31.5586, 45.0231, 55.1126], [16.0438, 23.5857, 29.0357]]","[[73.0889, 101.7985, 124.6731], [47.7035, 68.3552, 82.1496], [77.7122, 108.9384, 133.6649], [45.9348, 65.8699, 80.5671], [25.257, 35.7401, 43.4137]]","[[-0.3345, 0.1451, 0.2544], [0.08, 0.0447, 0.0122], [0.0027, 0.0725, -0.131], [0.024, 0.1004, 0.0684], [0.2017, 0.007, 0.0197]]",GPU,KEEP,
20260913_134942_loop_autots_wr_psar_age_log_2,2026-09-13T13:49:42,loop,autots_wr,btc_1min_2y_2024-09-03_2026-09-03,822935ae5e8f,8587,psar_age_log_2,238,null,S_m,-0.10502073330826978,0.2,-0.1795014356678193,-0.19908005328785894,"[[73.2201, 101.9762, 126.0579], [47.6062, 68.1426, 82.0063], [78.1969, 110.6697, 136.6112], [45.8733, 65.9889, 80.8194], [25.3225, 35.7757, 43.4478]]","[[51.2844, 72.8094, 91.3289], [31.9302, 46.5295, 57.2228], [51.0473, 75.2228, 94.2499], [31.5356, 45.012, 55.1446], [16.0474, 23.6018, 29.0413]]","[[73.0889, 101.7985, 124.6731], [47.7035, 68.3552, 82.1496], [77.7122, 108.9384, 133.6649], [45.9348, 65.8699, 80.5671], [25.257, 35.7401, 43.4137]]","[[-0.0529, -0.105, -0.1267], [-0.0193, -0.1395, -0.1601], [0.0707, -0.0105, 0.0437], [0.1089, -0.033, -0.1051], [-0.1991, -0.1925, -0.1519]]",GPU,KEEP,
20260913_135433_loop_autots_wr_psar_age_log_3,2026-09-13T13:54:33,loop,autots_wr,btc_1min_2y_2024-09-03_2026-09-03,822935ae5e8f,8587,psar_age_log_3,239,null,S_m,0.03363473716715415,0.6,-0.18220304878602267,-0.277768296431824,"[[73.0927, 102.2595, 126.3217], [47.5902, 68.076, 81.9284], [78.1798, 110.7341, 136.5115], [45.9383, 65.9574, 80.7341], [25.3412, 35.7548, 43.4762]]","[[51.1892, 72.922, 91.3817], [31.9324, 46.5091, 57.1523], [51.0591, 75.235, 94.2245], [31.5934, 45.0258, 55.1251], [16.0572, 23.5855, 29.0562]]","[[73.0889, 101.7985, 124.6731], [47.7035, 68.3552, 82.1496], [77.7122, 108.9384, 133.6649], [45.9348, 65.8699, 80.5671], [25.257, 35.7401, 43.4137]]","[[0.174, -0.2778, -0.2092], [0.0336, 0.0978, 0.095], [0.0219, -0.0582, 0.073], [-0.1417, 0.0477, 0.1055], [-0.0738, 0.0586, -0.0654]]",GPU,KEEP,
20260913_135926_loop_autots_wr_psar_age_log_4,2026-09-13T13:59:26,loop,autots_wr,btc_1min_2y_2024-09-03_2026-09-03,822935ae5e8f,8587,psar_age_log_4,240,null,S_m,0.09797573273331306,0.8,-0.017956109041881163,-0.03235009650714993,"[[73.1163, 102.0965, 126.1438], [47.5428, 67.9681, 81.8237], [78.0305, 110.6365, 136.4472], [45.949, 65.9266, 80.7423], [25.3164, 35.7316, 43.3937]]","[[51.1931, 72.8453, 91.3835], [31.9053, 46.463, 57.1377], [51.0825, 75.3233, 94.1281], [31.5752, 44.9809, 55.0965], [16.0514, 23.5772, 29.0371]]","[[73.0889, 101.7985, 124.6731], [47.7035, 68.3552, 82.1496], [77.7122, 108.9384, 133.6649], [45.9348, 65.8699, 80.5671], [25.257, 35.7401, 43.4137]]","[[-0.0324, 0.1594, 0.1408], [0.0996, 0.1585, 0.1278], [0.1911, 0.0881, 0.0471], [-0.0232, 0.0467, -0.0101], [0.098, 0.0647, 0.1899]]",GPU,KEEP,
20260913_140424_loop_autots_wr_psar_age_log_5,2026-09-13T14:04:24,loop,autots_wr,btc_1min_2y_2024-09-03_2026-09-03,822935ae5e8f,8587,psar_age_log_5,241,null,S_m,-0.03944599638261437,0.26666666666666666,-0.16884864750176476,-0.19971878859676995,"[[73.2145, 102.0999, 125.9741], [47.6252, 68.1038, 81.9565], [77.9944, 110.4892, 136.4789], [45.9661, 66.002, 80.837], [25.3403, 35.7028, 43.4108]]","[[51.1839, 72.846, 91.3583], [31.9163, 46.5195, 57.1815], [51.087, 75.2984, 94.2276], [31.5835, 45.0041, 55.1287], [16.0478, 23.5753, 29.0351]]","[[73.0889, 101.7985, 124.6731], [47.7035, 68.3552, 82.1496], [77.7122, 108.9384, 133.6649], [45.9348, 65.8699, 80.5671], [25.257, 35.7401, 43.4137]]","[[-0.1343, -0.0033, 0.1345], [-0.1733, -0.1997, -0.1622], [0.0462, 0.1331, -0.0232], [-0.0373, -0.1142, -0.1173], [-0.0946, 0.0807, -0.0394]]",GPU,KEEP,
20260913_140935_loop_autots_wr_psar_age_log_8,2026-09-13T14:09:35,loop,autots_wr,btc_1min_2y_2024-09-03_2026-09-03,822935ae5e8f,8587,psar_age_log_8,242,null,S_m,0.03020011830207059,0.6,-0.25044513841874666,-0.49474806925857706,"[[73.1893, 102.1352, 126.0771], [47.6074, 68.0796, 81.8572], [78.3803, 110.8902, 136.4681], [45.8728, 65.9479, 80.8126], [25.3599, 35.7261, 43.3828]]","[[51.2696, 72.9024, 91.3682], [31.9229, 46.5088, 57.1473], [51.1266, 75.4186, 94.2328], [31.5565, 44.9887, 55.0925], [16.0624, 23.5914, 29.0199]]","[[73.0889, 101.7985, 124.6731], [47.7035, 68.3552, 82.1496], [77.7122, 108.9384, 133.6649], [45.9348, 65.8699, 80.5671], [25.257, 35.7401, 43.4137]]","[[0.0345, -0.0346, -0.0817], [0.0374, 0.0355, 0.1211], [-0.4947, -0.3629, 0.0079], [0.2031, 0.0818, 0.0302], [-0.0774, -0.0652, 0.0645]]",GPU,KEEP,
20260913_141450_loop_autots_wr_psar_age_log_10,2026-09-13T14:14:50,loop,autots_wr,btc_1min_2y_2024-09-03_2026-09-03,822935ae5e8f,8587,psar_age_log_10,243,null,S_m,-0.016444375170188152,0.4666666666666667,-0.20093931009142363,-0.24741550627840336,"[[73.137, 102.1335, 126.3173], [47.6409, 67.9738, 81.8092], [78.2133, 110.5216, 136.4906], [45.9863, 66.0232, 80.8092], [25.3772, 35.7967, 43.4708]]","[[51.2024, 72.9579, 91.4768], [31.9355, 46.4603, 57.1082], [51.1322, 75.284, 94.1756], [31.6164, 45.0646, 55.1071], [16.0632, 23.6164, 29.0623]]","[[73.0889, 101.7985, 124.6731], [47.7035, 68.3552, 82.1496], [77.7122, 108.9384, 133.6649], [45.9348, 65.8699, 80.5671], [25.257, 35.7401, 43.4137]]","[[0.0714, 0.0016, -0.1905], [-0.0704, 0.1555, 0.0587], [0.2131, 0.3324, -0.0164], [-0.2474, -0.1141, 0.0041], [-0.0679, -0.1978, -0.203]]",GPU,KEEP,
20260913_142004_loop_autots_wr_psar_age_log_15,2026-09-13T14:20:04,loop,autots_wr,btc_1min_2y_2024-09-03_2026-09-03,822935ae5e8f,8587,psar_age_log_15,244,null,S_m,0.008784796686311935,0.5333333333333333,-0.23886831353782775,-0.3441189378195153,"[[73.0698, 102.0134, 126.0544], [47.6718, 68.0307, 81.9056], [78.224, 110.8747, 136.9603], [45.9265, 66.0174, 80.9011], [25.3565, 35.7739, 43.4413]]","[[51.1563, 72.7555, 91.249], [31.9522, 46.4989, 57.1923], [51.1582, 75.5194, 94.3577], [31.5662, 45.013, 55.133], [16.0516, 23.6116, 29.0428]]","[[73.0889, 101.7985, 124.6731], [47.7035, 68.3552, 82.1496], [77.7122, 108.9384, 133.6649], [45.9348, 65.8699, 80.5671], [25.257, 35.7401, 43.4137]]","[[0.0919, 0.1176, 0.2081], [-0.0647, -0.0837, -0.1179], [-0.0137, -0.3195, -0.3441], [0.13, 0.0088, -0.1136], [0.0815, 0.0637, 0.0679]]",GPU,KEEP,
20260913_142529_loop_autots_wr_log_rv2_med2d,2026-09-13T14:25:29,loop,autots_wr,btc_1min_2y_2024-09-03_2026-09-03,822935ae5e8f,8587,log_rv2_med2d,245,null,S_m,-0.05508862193079889,0.4,-0.2355953882618289,-0.4559955101592905,"[[73.1587, 102.2528, 126.6292], [47.6693, 68.0502, 81.9507], [78.3878, 110.8373, 137.1596], [46.035, 66.0956, 80.8643], [25.29, 35.6791, 43.3664]]","[[51.165, 72.9952, 91.518], [31.9488, 46.4908, 57.193], [51.2446, 75.4711, 94.3803], [31.6223, 45.0733, 55.1673], [16.0542, 23.5559, 29.0115]]","[[73.0889, 101.7985, 124.6731], [47.7035, 68.3552, 82.1496], [77.7122, 108.9384, 133.6649], [45.9348, 65.8699, 80.5671], [25.257, 35.7401, 43.4137]]","[[-0.1216, -0.2347, -0.456], [0.0051, -0.0286, -0.0551], [-0.2093, 0.0337, -0.1455], [-0.2362, -0.1185, 0.0454], [0.2621, 0.2652, 0.1725]]",GPU,KEEP,
20260913_143100_loop_autots_wr_log_rv3_med2d,2026-09-13T14:31:00,loop,autots_wr,btc_1min_2y_2024-09-03_2026-09-03,822935ae5e8f,8587,log_rv3_med2d,246,null,S_m,0.05836392497751142,0.6,-0.24928486151454265,-0.37088181290791944,"[[73.2068, 102.1231, 126.1256], [47.5837, 68.0166, 81.8512], [78.0653, 110.682, 137.2653], [45.9765, 66.057, 80.8851], [25.3499, 35.8114, 43.478]]","[[51.2183, 72.833, 91.411], [31.9211, 46.4707, 57.1072], [51.0261, 75.3628, 94.3725], [31.5947, 45.0553, 55.1963], [16.066, 23.6246, 29.0643]]","[[73.0889, 101.7985, 124.6731], [47.7035, 68.3552, 82.1496], [77.7122, 108.9384, 133.6649], [45.9348, 65.8699, 80.5671], [25.257, 35.7401, 43.4137]]","[[-0.0658, 0.1269, 0.3977], [0.1796, 0.0493, 0.1215], [0.4114, 0.1401, -0.0771], [0.1269, 0.0584, -0.0258], [-0.237, -0.3709, -0.2575]]",GPU,KEEP,
20260913_143632_loop_autots_wr_log_rv4_med2d,2026-09-13T14:36:32,loop,autots_wr,btc_1min_2y_2024-09-03_2026-09-03,822935ae5e8f,8587,log_rv4_med2d,247,null,S_m,0.03758161969703577,0.6,-0.11288450212329604,-0.1468419723446468,"[[72.8999, 102.2179, 126.2848], [47.6536, 68.0411, 81.8923], [78.0449, 110.5122, 136.6613], [45.9593, 66.062, 80.8527], [25.331, 35.7509, 43.4138]]","[[51.124, 72.9193, 91.3465], [31.9333, 46.5058, 57.1532], [51.0504, 75.2553, 94.1858], [31.596, 45.0554, 55.1529], [16.0493, 23.5637, 28.9927]]","[[73.0889, 101.7985, 124.6731], [47.7035, 68.3552, 82.1496], [77.7122, 108.9384, 133.6649], [45.9348, 65.8699, 80.5671], [25.257, 35.7401, 43.4137]]","[[0.4192, -0.0929, -0.1262], [-0.1468, -0.036, -0.0502], [0.026, 0.1535, 0.44], [0.0376, -0.0075, 0.0401], [0.0749, 0.1691, 0.1476]]",GPU,KEEP,
20260913_144206_loop_autots_wr_log_rv5_med2d,2026-09-13T14:42:06,loop,autots_wr,btc_1min_2y_2024-09-03_2026-09-03,822935ae5e8f,8587,log_rv5_med2d,248,null,S_m,0.05400546395013528,0.6666666666666666,-0.08271451701700627,-0.48226673016027455,"[[73.2514, 102.3119, 126.277], [47.5724, 67.9862, 81.771], [78.0987, 110.4525, 136.5272], [45.9779, 66.0746, 80.8135], [25.2687, 35.657, 43.3593]]","[[51.1765, 72.9135, 91.4004], [31.8911, 46.4587, 57.0859], [51.14, 75.1679, 94.1096], [31.6115, 45.036, 55.1706], [16.0357, 23.5451, 28.9856]]","[[73.0889, 101.7985, 124.6731], [47.7035, 68.3552, 82.1496], [77.7122, 108.9384, 133.6649], [45.9348, 65.8699, 80.5671], [25.257, 35.7401, 43.4137]]","[[-0.4823, -0.0919, 0.0062], [0.1703, 0.0807, 0.1481], [-0.0689, 0.054, 0.0982], [-0.0406, -0.0191, 0.0484], [0.2458, 0.2625, 0.1256]]",GPU,KEEP,
20260913_144744_loop_autots_wr_log_rv8_med2d,2026-09-13T14:47:44,loop,autots_wr,btc_1min_2y_2024-09-03_2026-09-03,822935ae5e8f,8587,log_rv8_med2d,249,null,S_m,-0.043307210163612275,0.4666666666666667,-0.1747186606254525,-0.3154916828546961,"[[73.2368, 102.3757, 126.5173], [47.5654, 68.0156, 81.8947], [78.1942, 110.801, 136.7096], [45.9618, 66.0255, 80.7672], [25.254, 35.6819, 43.3012]]","[[51.2317, 72.967, 91.5091], [31.8951, 46.4891, 57.1379], [51.1718, 75.2946, 94.2613], [31.5859, 45.0266, 55.1392], [16.0143, 23.536, 28.9665]]","[[73.0889, 101.7985, 124.6731], [47.7035, 68.3552, 82.1496], [77.7122, 108.9384, 133.6649], [45.9348, 65.8699, 80.5671], [25.257, 35.7401, 43.4137]]","[[0.0201, -0.0624, -0.1903], [0.0147, -0.0433, -0.1514], [-0.1222, -0.3155, -0.1337], [0.0351, 0.0743, 0.0573], [0.0582, -0.0697, 0.134]]",GPU,KEEP,
20260913_145322_loop_autots_wr_log_rv10_med2d,2026-09-13T14:53:22,loop,autots_wr,btc_1min_2y_2024-09-03_2026-09-03,822935ae5e8f,8587,log_rv10_med2d,250,null,S_m,0.0633760883542056,0.8,-0.05793966017887619,-0.18884476682008433,"[[73.2346, 102.2583, 126.2366], [47.6035, 68.0326, 81.8738], [78.1189, 110.3372, 136.1473], [45.9327, 65.9388, 80.7118], [25.2389, 35.6688, 43.383]]","[[51.1753, 72.8658, 91.4111], [31.9256, 46.4779, 57.104], [51.1243, 75.2004, 94.0904], [31.5619, 44.9617, 55.114], [16.0274, 23.5612, 29.0285]]","[[73.0889, 101.7985, 124.6731], [47.7035, 68.3552, 82.1496], [77.7122, 108.9384, 133.6649], [45.9348, 65.8699, 80.5671], [25.257, 35.7401, 43.4137]]","[[0.003, 0.1147, 0.2219], [-0.0799, -0.025, 0.0255], [0.0963, 0.4186, 0.4114], [0.0634, 0.1312, 0.0686], [0.0599, 0.0366, -0.1888]]",GPU,KEEP,
20260913_145903_loop_autots_wr_log_rv15_med2d,2026-09-13T14:59:03,loop,autots_wr,btc_1min_2y_2024-09-03_2026-09-03,822935ae5e8f,8587,log_rv15_med2d,251,null,S_m,-0.10764038426289702,0.3333333333333333,-0.2848264581676485,-0.3303646023126605,"[[73.2696, 102.2546, 126.2205], [47.6809, 68.2525, 82.1443], [77.9989, 110.4905, 136.3683], [45.9075, 66.0098, 80.7671], [25.2962, 35.7213, 43.3797]]","[[51.2101, 72.912, 91.4512], [31.9392, 46.538, 57.2334], [51.0469, 75.3841, 94.0657], [31.5625, 44.9895, 55.0698], [16.0341, 23.5811, 28.9875]]","[[73.0889, 101.7985, 124.6731], [47.7035, 68.3552, 82.1496], [77.7122, 108.9384, 133.6649], [45.9348, 65.8699, 80.5671], [25.257, 35.7401, 43.4137]]","[[-0.0478, 0.0036, 0.0127], [-0.1627, -0.3232, -0.3304], [0.1536, -0.1389, -0.1624], [0.0549, -0.1076, -0.0685], [-0.2273, -0.1471, 0.0076]]",GPU,KEEP,
20260913_150448_loop_autots_wr_r5_2,2026-09-13T15:04:48,loop,autots_wr,btc_1min_2y_2024-09-03_2026-09-03,822935ae5e8f,8587,r5_2,252,null,S_m,0.0963062238223622,0.6666666666666666,-0.17364950426358217,-0.21250901540592615,"[[73.158, 102.1785, 126.2555], [47.6904, 68.1678, 82.0455], [78.1375, 110.7253, 136.5967], [45.8476, 65.9224, 80.6287], [25.2676, 35.6869, 43.3684]]","[[51.1319, 72.8364, 91.4294], [31.9436, 46.4967, 57.1391], [51.084, 75.4853, 94.248], [31.5363, 44.9678, 55.0459], [16.0255, 23.5283, 28.9951]]","[[73.0889, 101.7985, 124.6731], [47.7035, 68.3552, 82.1496], [77.7122, 108.9384, 133.6649], [45.9348, 65.8699, 80.5671], [25.257, 35.7401, 43.4137]]","[[0.1523, 0.0744, -0.0278], [-0.0198, 0.124, 0.1203], [-0.1778, -0.2125, -0.1675], [0.1305, 0.1324, 0.1714], [0.1132, 0.0963, 0.026]]",GPU,KEEP,
20260913_151038_loop_autots_wr_r5_3,2026-09-13T15:10:38,loop,autots_wr,btc_1min_2y_2024-09-03_2026-09-03,822935ae5e8f,8587,r5_3,253,null,S_m,-0.007190173243531994,0.4666666666666667,-0.16563805454853142,-0.21396482136288864,"[[73.2133, 102.1582, 126.1552], [47.6767, 68.1353, 81.9749], [78.159, 110.7363, 136.8254], [45.9457, 65.961, 80.7601], [25.2694, 35.6768, 43.3642]]","[[51.1556, 72.8489, 91.3654], [31.9626, 46.532, 57.1868], [51.0462, 75.3572, 94.1724], [31.5632, 45.0333, 55.118], [16.0326, 23.5121, 28.9819]]","[[73.0889, 101.7985, 124.6731], [47.7035, 68.3552, 82.1496], [77.7122, 108.9384, 133.6649], [45.9348, 65.8699, 80.5671], [25.257, 35.7401, 43.4137]]","[[-0.0755, 0.0199, 0.0795], [0.0287, 0.0477, 0.086], [-0.0274, -0.01, -0.1674], [-0.214, -0.0585, -0.163], [-0.0072, 0.0282, 0.0097]]",GPU,KEEP,
20260913_151623_loop_autots_wr_log_c5_ema5_2,2026-09-13T15:16:23,loop,autots_wr,btc_1min_2y_2024-09-03_2026-09-03,822935ae5e8f,8587,log_c5_ema5_2,254,null,S_m,0.02049733347601057,0.5333333333333333,-0.13658349904660305,-0.15481849253922153,"[[73.2455, 102.2106, 126.3505], [47.6249, 68.1214, 81.9402], [77.9103, 110.4539, 136.0884], [45.9646, 65.9232, 80.7063], [25.297, 35.7304, 43.4145]]","[[51.2061, 72.9674, 91.5404], [31.9193, 46.5318, 57.1701], [51.0826, 75.3689, 93.9944], [31.6257, 44.9627, 55.087], [16.0316, 23.5602, 28.9995]]","[[73.0889, 101.7985, 124.6731], [47.7035, 68.3552, 82.1496], [77.7122, 108.9384, 133.6649], [45.9348, 65.8699, 80.5671], [25.257, 35.7401, 43.4137]]","[[-0.044, -0.0513, -0.1548], [0.1085, 0.0205, 0.0424], [0.3182, 0.255, 0.5386], [-0.0412, 0.0572, 0.0666], [-0.1091, -0.1503, -0.116]]",GPU,KEEP,
20260913_152217_loop_autots_wr_log_c5_ema5_3,2026-09-13T15:22:17,loop,autots_wr,btc_1min_2y_2024-09-03_2026-09-03,822935ae5e8f,8587,log_c5_ema5_3,255,null,S_m,-0.060068823698888885,0.26666666666666666,-0.17842376473308885,-0.23824746919915984,"[[72.8808, 102.223, 126.2322], [47.6869, 68.1738, 81.9194], [78.0328, 110.6665, 136.4126], [45.9821, 65.9628, 80.8095], [25.2801, 35.734, 43.4457]]","[[51.1016, 72.9071, 91.412], [31.9258, 46.4731, 57.1514], [51.0444, 75.365, 94.1012], [31.6124, 44.9984, 55.1269], [16.0266, 23.5588, 29.0197]]","[[73.0889, 101.7985, 124.6731], [47.7035, 68.3552, 82.1496], [77.7122, 108.9384, 133.6649], [45.9348, 65.8699, 80.5671], [25.257, 35.7401, 43.4137]]","[[0.4979, -0.0122, 0.0936], [-0.1302, -0.0769, 0.0254], [-0.1573, -0.1925, -0.2382], [-0.0381, -0.0601, -0.1278], [0.0667, -0.0101, -0.0717]]",GPU,KEEP,
20260913_152217_loop_final_autots_wr,2026-09-13T15:22:17,loop_final,autots_wr,btc_1min_2y_2024-09-03_2026-09-03,822935ae5e8f,8587,vwap_amt_gap_2|vwap_amt_gap_3|vwap_amt_gap_4|vwap_amt_gap_5|vwap_amt_gap_8|vwap_amt_gap_10|ret_1|ret_2|ret_3|ret_4|ret_5|ret_8|ret_10|ret_15|log_rv2_rv60|log_rv3_rv60|log_rv4_rv60|log_rv5_rv60|log_rv8_rv60|log_rv10_rv60|log_rv15_rv60|log_c_ema2|log_c_ema3|log_c_ema4|log_c_ema8|log_c_ema10|log_c_ema15|log_ema2_ema5|log_ema2_ema8|log_ema3_ema10|log_ema4_ema10|log_ema5_ema15|rsi1_centered|rsi2_centered|rsi3_centered|rsi4_centered|rsi5_centered|rsi8_centered|rsi10_centered|rsi15_centered|bb_pctb_2|bb_pctb_3|bb_pctb_4|bb_pctb_5|bb_pctb_8|bb_pctb_10|bb_pctb_15|bb_logbw_3|bb_logbw_4|bb_logbw_5|bb_logbw_8|bb_logbw_10|bb_logbw_15|log_atr1_c|log_atr2_c|log_atr3_c|log_atr4_c|log_atr5_c|log_atr8_c|log_atr10_c|log_atr15_c|log_atr2_rv2|log_atr3_rv3|log_atr4_rv4|log_atr5_rv5|log_atr8_rv8|log_atr10_rv10|log_atr15_rv15|kcw_2|kcw_3|kcw_4|kcw_5|kcw_8|kcw_10|kcw_15|mfi1_centered|mfi2_centered|mfi3_centered|mfi4_centered|mfi5_centered|mfi8_centered|mfi10_centered|mfi15_centered|ad_vwclv_1|ad_vwclv_2|ad_vwclv_3|ad_vwclv_4|ad_vwclv_8|ad_vwclv_10|dd_2|dd_3|dd_4|dd_5|dd_8|dd_10|dd_15|ru_2|ru_3|ru_4|ru_5|ru_8|ru_10|ru_15|log_range_1|log_range_2|log_range_3|log_range_4|log_range_5|log_range_8|log_range_10|log_range_15|ret_skew_3|ret_skew_4|ret_skew_5|ret_skew_8|ret_skew_10|ret_skew_15|hma_slope1_volnorm|hma_slope2_volnorm|hma_slope3_volnorm|hma_slope4_volnorm|hma_slope5_volnorm|hma_slope8_volnorm|hma_slope10_volnorm|hma_slope15_volnorm|macd_hist_2_5_2_volnorm|macd_hist_2_8_3_volnorm|macd_hist_3_10_3_volnorm|macd_hist_4_10_4_volnorm|macd_hist_5_15_5_volnorm|psar_dir_2|psar_dir_3|psar_dir_4|psar_dir_5|psar_dir_8|psar_dir_10|psar_dir_15|psar_logdist_2|psar_logdist_3|psar_logdist_4|psar_logdist_5|psar_logdist_8|psar_logdist_10|psar_logdist_15|psar_age_log_2|psar_age_log_3|psar_age_log_4|psar_age_log_5|psar_age_log_8|psar_age_log_10|psar_age_log_15|log_rv2_med2d|log_rv3_med2d|log_rv4_med2d|log_rv5_med2d|log_rv8_med2d|log_rv10_med2d|log_rv15_med2d|r5_2|r5_3|log_c5_ema5_2|log_c5_ema5_3,255,null,baseline_model,0.1193,0.6,-0.6119,-0.7877,"[[72.8808, 102.223, 126.2322], [47.6869, 68.1738, 81.9194], [78.0328, 110.6665, 136.4126], [45.9821, 65.9628, 80.8095], [25.2801, 35.734, 43.4457]]",,,,GPU,F*_autots_wr_raw,162 KEEP / 1 DROP; locked_b0=72 locked_ext=21 giữ nguyên
20260913_161426_confirm_autots_wr_unprune_seed0,2026-09-13T16:14:26,confirm,autots_wr,btc_1min_2y_2024-09-03_2026-09-03,822935ae5e8f,8587,unprune,255,ES,E0,-0.1076,0.3333,-1.45,-2.0501,"[[72.881, 102.224, 126.232], [47.687, 68.174, 81.919], [78.034, 110.663, 136.405], [45.984, 65.964, 80.811], [25.28, 35.732, 43.444]]","[[51.101, 72.908, 91.413], [31.926, 46.473, 57.152], [51.046, 75.363, 94.097], [31.613, 44.998, 55.127], [16.026, 23.557, 29.018]]","[[73.089, 101.799, 124.673], [47.703, 68.355, 82.15], [77.712, 108.938, 133.665], [45.935, 65.87, 80.567], [25.257, 35.74, 43.414]]","[[0.2845, -0.4179, -1.2501], [0.0346, 0.2653, 0.2801], [-0.4143, -1.5833, -2.0501], [-0.1076, -0.1428, -0.3028], [-0.0911, 0.022, -0.069]]",GPU,,n_ext=183 n_new=162
20260913_161426_confirm_autots_wr_unprune_seed1,2026-09-13T16:14:26,confirm,autots_wr,btc_1min_2y_2024-09-03_2026-09-03,822935ae5e8f,8588,unprune,255,ES,E0,-0.2956,0.1333,-1.0621,-1.6524,"[[72.919, 102.159, 125.874], [47.814, 68.571, 82.536], [77.942, 110.167, 135.874], [46.17, 65.99, 80.643], [25.255, 35.772, 43.45]]","[[51.168, 72.843, 90.807], [31.975, 46.594, 57.294], [51.104, 75.115, 93.692], [31.573, 44.913, 55.079], [16.051, 23.628, 29.015]]","[[73.089, 101.799, 124.673], [47.703, 68.355, 82.15], [77.712, 108.938, 133.665], [45.935, 65.87, 80.567], [25.257, 35.74, 43.414]]","[[0.2331, -0.3543, -0.9633], [-0.2318, -0.3162, -0.4702], [-0.2956, -1.128, -1.6524], [-0.5125, -0.1816, -0.0938], [0.0059, -0.0886, -0.0843]]",GPU,,n_ext=183 n_new=162
20260913_161426_confirm_autots_wr_unprune_seed2,2026-09-13T16:14:26,confirm,autots_wr,btc_1min_2y_2024-09-03_2026-09-03,822935ae5e8f,8589,unprune,255,ES,E0,-0.2267,0.1333,-2.4507,-3.1432,"[[73.166, 102.394, 125.767], [47.827, 68.465, 82.336], [78.972, 112.21, 137.866], [45.82, 65.831, 80.677], [25.342, 35.769, 43.488]]","[[51.087, 72.782, 90.855], [32.003, 46.634, 57.299], [51.209, 75.653, 94.362], [31.527, 44.789, 54.998], [16.07, 23.602, 29.05]]","[[73.089, 101.799, 124.673], [47.703, 68.355, 82.15], [77.712, 108.938, 133.665], [45.935, 65.87, 80.567], [25.257, 35.74, 43.414]]","[[-0.106, -0.5854, -0.8774], [-0.2588, -0.1612, -0.2267], [-1.6216, -3.0033, -3.1432], [0.2497, 0.0591, -0.1367], [-0.3356, -0.08, -0.1708]]",GPU,,n_ext=183 n_new=162
20260913_161426_confirm_autots_wr_prune_seed0,2026-09-13T16:14:26,confirm,autots_wr,btc_1min_2y_2024-09-03_2026-09-03,822935ae5e8f,8587,prune,183,ES,E0,-0.0212,0.4667,-0.8956,-2.115,"[[72.849, 101.82, 125.336], [47.552, 68.1, 82.021], [78.209, 110.1, 136.492], [45.828, 65.808, 80.641], [25.305, 35.682, 43.427]]","[[51.105, 72.807, 90.957], [31.916, 46.501, 57.183], [51.279, 75.206, 94.122], [31.526, 44.861, 54.988], [16.038, 23.541, 29.037]]","[[73.089, 101.799, 124.673], [47.703, 68.355, 82.15], [77.712, 108.938, 133.665], [45.935, 65.87, 80.567], [25.257, 35.74, 43.414]]","[[0.328, -0.0212, -0.5321], [0.3169, 0.374, 0.1566], [-0.6392, -1.0666, -2.115], [0.2323, 0.0947, -0.0919], [-0.1894, 0.1615, -0.031]]",GPU,,n_ext=111 n_new=90
20260913_161427_confirm_autots_wr_prune_seed1,2026-09-13T16:14:27,confirm,autots_wr,btc_1min_2y_2024-09-03_2026-09-03,822935ae5e8f,8588,prune,183,ES,E0,-0.2777,0.2667,-1.4836,-1.8112,"[[72.968, 102.524, 126.555], [47.816, 68.548, 82.504], [78.342, 110.512, 136.086], [46.062, 66.047, 80.737], [25.223, 35.724, 43.392]]","[[51.168, 72.843, 91.064], [31.96, 46.562, 57.256], [51.078, 75.108, 93.676], [31.496, 44.853, 55.049], [16.033, 23.584, 28.986]]","[[73.089, 101.799, 124.673], [47.703, 68.355, 82.15], [77.712, 108.938, 133.665], [45.935, 65.87, 80.567], [25.257, 35.74, 43.414]]","[[0.166, -0.7123, -1.5098], [-0.2355, -0.2815, -0.4316], [-0.8103, -1.4444, -1.8112], [-0.2777, -0.2684, -0.2103], [0.1338, 0.0442, 0.051]]",GPU,,n_ext=111 n_new=90
20260913_161427_confirm_autots_wr_prune_seed2,2026-09-13T16:14:27,confirm,autots_wr,btc_1min_2y_2024-09-03_2026-09-03,822935ae5e8f,8589,prune,183,ES,E0,-0.2303,0.0667,-1.5914,-2.3962,"[[73.258, 102.313, 126.142], [47.754, 68.331, 82.286], [78.745, 110.863, 136.868], [45.955, 66.03, 80.753], [25.297, 35.746, 43.446]]","[[51.169, 72.707, 91.008], [31.938, 46.564, 57.265], [51.323, 75.224, 93.816], [31.563, 44.914, 55.007], [16.064, 23.592, 28.987]]","[[73.089, 101.799, 124.673], [47.703, 68.355, 82.15], [77.712, 108.938, 133.665], [45.935, 65.87, 80.567], [25.257, 35.74, 43.414]]","[[-0.2307, -0.5054, -1.178], [-0.105, 0.0359, -0.1664], [-1.329, -1.7664, -2.3962], [-0.0439, -0.2437, -0.2303], [-0.1602, -0.0163, -0.075]]",GPU,,n_ext=111 n_new=90
20260913_161656_calibrate_autots_mr_base,2026-09-13T16:16:56,calibrate,autots_mr,btc_1min_2y_2024-09-03_2026-09-03,822935ae5e8f,8587,S0,80,null,E0,-0.5015,0.0667,-2.0882,-2.8368,"[[73.416, 103.799, 128.21], [47.943, 68.692, 82.864], [77.995, 109.98, 136.565], [45.872, 65.979, 80.846], [25.354, 35.96, 43.701]]","[[51.154, 73.551, 91.797], [32.008, 46.851, 57.799], [50.857, 75.216, 94.548], [31.451, 45.109, 55.256], [16.051, 23.716, 29.233]]","[[73.089, 101.799, 124.673], [47.703, 68.355, 82.15], [77.712, 108.938, 133.665], [45.935, 65.87, 80.567], [25.257, 35.74, 43.414]]","[[-0.4473, -1.9654, -2.8368], [-0.5015, -0.4926, -0.8697], [-0.3645, -0.9562, -2.17], [0.1358, -0.165, -0.3456], [-0.384, -0.6141, -0.6609]]",GPU,eps=0.0050,S0: locked_b0=72 locked_ext=8
20260913_161715_loop_autots_mr_vwap_amt_gap_2,2026-09-13T16:17:15,loop,autots_mr,btc_1min_2y_2024-09-03_2026-09-03,822935ae5e8f,8587,vwap_amt_gap_2,81,null,S_m,-0.23917617526278967,0.26666666666666666,-0.771653860497441,-0.9612124514019493,"[[73.8872, 104.797, 129.3099], [47.8015, 68.876, 83.1144], [77.9918, 109.1756, 134.8546], [45.9767, 66.1939, 80.988], [25.3983, 36.0456, 43.8187]]","[[51.2711, 73.9262, 92.225], [31.9687, 46.942, 57.9579], [50.756, 74.6513, 93.5982], [31.5295, 45.2575, 55.3851], [16.0524, 23.7278, 29.2545]]","[[73.0889, 101.7985, 124.6731], [47.7035, 68.3552, 82.1496], [77.7122, 108.9384, 133.6649], [45.9348, 65.8699, 80.5671], [25.257, 35.7401, 43.4137]]","[[-0.6421, -0.9612, -0.858], [0.2945, -0.2679, -0.3022], [0.0046, 0.7315, 1.2528], [-0.2273, -0.3262, -0.1761], [-0.1749, -0.2392, -0.2703]]",GPU,DROP,
20260913_161734_loop_autots_mr_vwap_amt_gap_3,2026-09-13T16:17:34,loop,autots_mr,btc_1min_2y_2024-09-03_2026-09-03,822935ae5e8f,8587,vwap_amt_gap_3,81,null,S_m,-0.2004643187531796,0.3333333333333333,-0.5159199093494538,-0.6802311446605591,"[[73.354, 104.2755, 129.0819], [47.978, 69.0111, 83.3198], [77.9283, 109.1808, 135.1528], [45.847, 66.1109, 81.0906], [25.3996, 36.0491, 43.8916]]","[[51.0949, 73.6529, 92.259], [32.0079, 47.0, 57.978], [50.8846, 74.7753, 93.773], [31.5072, 45.0836, 55.2807], [16.0789, 23.7777, 29.3688]]","[[73.0889, 101.7985, 124.6731], [47.7035, 68.3552, 82.1496], [77.7122, 108.9384, 133.6649], [45.9348, 65.8699, 80.5671], [25.257, 35.7401, 43.4137]]","[[0.0843, -0.4588, -0.6802], [-0.0736, -0.4647, -0.5501], [0.086, 0.7267, 1.0344], [0.0553, -0.2005, -0.303], [-0.1802, -0.2488, -0.4372]]",GPU,DROP,
20260913_161753_loop_autots_mr_vwap_amt_gap_4,2026-09-13T16:17:53,loop,autots_mr,btc_1min_2y_2024-09-03_2026-09-03,822935ae5e8f,8587,vwap_amt_gap_4,81,null,S_m,-0.13066519563524892,0.2,-0.4353903197240738,-0.5531299416758007,"[[73.7161, 104.3734, 128.7008], [47.9711, 68.7817, 83.0504], [77.7728, 109.3274, 135.1528], [45.9202, 66.045, 80.9619], [25.3816, 36.0779, 43.8985]]","[[51.1851, 73.7703, 92.2434], [31.9922, 46.8769, 57.8303], [50.7862, 74.8113, 93.9075], [31.5109, 45.0898, 55.1889], [16.0598, 23.7451, 29.2846]]","[[73.0889, 101.7985, 124.6731], [47.7035, 68.3552, 82.1496], [77.7122, 108.9384, 133.6649], [45.9348, 65.8699, 80.5671], [25.257, 35.7401, 43.4137]]","[[-0.409, -0.5531, -0.3829], [-0.0591, -0.1307, -0.2249], [0.2854, 0.5934, 1.0344], [-0.1041, -0.1005, -0.1439], [-0.1093, -0.329, -0.453]]",GPU,DROP,
20260913_161812_loop_autots_mr_vwap_amt_gap_5,2026-09-13T16:18:12,loop,autots_mr,btc_1min_2y_2024-09-03_2026-09-03,822935ae5e8f,8587,vwap_amt_gap_5,81,null,S_m,0.044402781513508405,0.6666666666666666,-0.18191463657390106,-0.29967863630084857,"[[73.3976, 103.5942, 127.7745], [47.8606, 68.4674, 82.6694], [78.0302, 109.9223, 136.282], [45.9251, 65.9745, 80.8097], [25.3665, 36.0411, 43.8315]]","[[51.182, 73.4149, 91.772], [31.9904, 46.7211, 57.6705], [50.8221, 75.263, 94.3426], [31.4823, 44.9955, 55.1479], [16.0553, 23.7226, 29.2671]]","[[73.0889, 101.7985, 124.6731], [47.7035, 68.3552, 82.1496], [77.7122, 108.9384, 133.6649], [45.9348, 65.8699, 80.5671], [25.257, 35.7401, 43.4137]]","[[0.0248, 0.1976, 0.3395], [0.1714, 0.3269, 0.2349], [-0.0446, 0.0525, 0.2076], [-0.1148, 0.0062, 0.0444], [-0.0494, -0.2267, -0.2997]]",GPU,KEEP,
20260913_161831_loop_autots_mr_vwap_amt_gap_8,2026-09-13T16:18:31,loop,autots_mr,btc_1min_2y_2024-09-03_2026-09-03,822935ae5e8f,8587,vwap_amt_gap_8,82,null,S_m,0.23911710610858838,0.7333333333333333,-0.05948832360650246,-0.0853779195937987,"[[73.0324, 103.1029, 127.4014], [47.7924, 68.4824, 82.5252], [77.8436, 109.4694, 135.7187], [45.8135, 65.8039, 80.7214], [25.3689, 36.0719, 43.8686]]","[[51.0835, 73.3925, 91.7716], [31.9383, 46.678, 57.5755], [50.7618, 74.9688, 94.1292], [31.4189, 44.8714, 55.0938], [16.0477, 23.7369, 29.2856]]","[[73.0889, 101.7985, 124.6731], [47.7035, 68.3552, 82.1496], [77.7122, 108.9384, 133.6649], [45.9348, 65.8699, 80.5671], [25.257, 35.7401, 43.4137]]","[[0.4975, 0.4742, 0.292], [0.1423, -0.022, 0.1744], [0.2391, 0.412, 0.4134], [0.2429, 0.2587, 0.1093], [-0.0096, -0.0854, -0.0845]]",GPU,KEEP,
20260913_161851_loop_autots_mr_vwap_amt_gap_10,2026-09-13T16:18:51,loop,autots_mr,btc_1min_2y_2024-09-03_2026-09-03,822935ae5e8f,8587,vwap_amt_gap_10,83,null,S_m,-0.028876295773438976,0.3333333333333333,-0.35628479905890575,-0.7755860911741186,"[[73.2757, 103.396, 127.7629], [47.7978, 68.4408, 82.5672], [77.8247, 109.8763, 136.7713], [45.8267, 65.7689, 80.5157], [25.3466, 36.0742, 43.8969]]","[[51.1569, 73.424, 91.8432], [31.9219, 46.6434, 57.5815], [50.7557, 75.2473, 94.8675], [31.4448, 44.9174, 54.9821], [16.044, 23.7233, 29.2881]]","[[73.0889, 101.7985, 124.6731], [47.7035, 68.3552, 82.1496], [77.7122, 108.9384, 133.6649], [45.9348, 65.8699, 80.5671], [25.257, 35.7401, 43.4137]]","[[-0.3331, -0.2843, -0.2837], [-0.0113, 0.0608, -0.0508], [0.0243, -0.3718, -0.7756], [-0.0289, 0.0532, 0.2548], [0.0879, -0.0064, -0.0647]]",GPU,DROP,
20260913_161910_loop_autots_mr_ret_1,2026-09-13T16:19:10,loop,autots_mr,btc_1min_2y_2024-09-03_2026-09-03,822935ae5e8f,8587,ret_1,83,null,S_m,0.0,0.0,-0.02784020585279822,-0.05268412255197141,"[[73.0324, 103.1029, 127.4014], [47.7924, 68.4824, 82.5252], [77.847, 109.517, 135.7902], [45.8135, 65.8039, 80.7214], [25.3689, 36.0719, 43.8686]]","[[51.0835, 73.3925, 91.7716], [31.9383, 46.678, 57.5755], [50.76, 75.0104, 94.1757], [31.4189, 44.8714, 55.0938], [16.0477, 23.7369, 29.2856]]","[[73.0889, 101.7985, 124.6731], [47.7035, 68.3552, 82.1496], [77.7122, 108.9384, 133.6649], [45.9348, 65.8699, 80.5671], [25.257, 35.7401, 43.4137]]","[[0.0, 0.0, 0.0], [0.0, 0.0, 0.0], [-0.0043, -0.0435, -0.0527], [0.0, 0.0, 0.0], [0.0, 0.0, 0.0]]",GPU,KEEP,
20260913_161929_loop_autots_mr_ret_2,2026-09-13T16:19:29,loop,autots_mr,btc_1min_2y_2024-09-03_2026-09-03,822935ae5e8f,8587,ret_2,84,null,S_m,0.06613035077773777,0.6666666666666666,-0.2823118917030243,-0.36280881092634054,"[[72.8495, 102.9478, 127.4399], [47.793, 68.3943, 82.4707], [77.8159, 109.4988, 135.6614], [45.9424, 65.9901, 81.0142], [25.3298, 35.9652, 43.7624]]","[[51.0261, 73.3695, 91.6951], [31.9277, 46.6878, 57.6072], [50.757, 74.9133, 94.0686], [31.4708, 44.9522, 55.0996], [16.0549, 23.6963, 29.2523]]","[[73.0889, 101.7985, 124.6731], [47.7035, 68.3552, 82.1496], [77.7122, 108.9384, 133.6649], [45.9348, 65.8699, 80.5671], [25.257, 35.7401, 43.4137]]","[[0.2505, 0.1505, -0.0302], [-0.0012, 0.1287, 0.0661], [0.0399, 0.0166, 0.0948], [-0.2814, -0.2829, -0.3628], [0.154, 0.2957, 0.2421]]",GPU,KEEP,
20260913_161949_loop_autots_mr_ret_3,2026-09-13T16:19:49,loop,autots_mr,btc_1min_2y_2024-09-03_2026-09-03,822935ae5e8f,8587,ret_3,85,null,S_m,0.014299744465917641,0.5333333333333333,-0.5424673763640175,-0.6770588446526782,"[[73.1851, 103.6448, 128.2006], [47.7359, 68.1176, 82.2178], [77.7803, 109.2752, 135.2958], [45.9842, 66.0974, 81.0603], [25.2819, 35.9674, 43.7561]]","[[51.0929, 73.5606, 91.9202], [31.9031, 46.5976, 57.4765], [50.743, 74.6593, 93.796], [31.5239, 45.1273, 55.3255], [16.0264, 23.6872, 29.2435]]","[[73.0889, 101.7985, 124.6731], [47.7035, 68.3552, 82.1496], [77.7122, 108.9384, 133.6649], [45.9348, 65.8699, 80.5671], [25.257, 35.7401, 43.4137]]","[[-0.4607, -0.6771, -0.5969], [0.1195, 0.4045, 0.3066], [0.0458, 0.2042, 0.2695], [-0.091, -0.1626, -0.0569], [0.1894, -0.006, 0.0143]]",GPU,KEEP,
20260913_162010_loop_autots_mr_ret_4,2026-09-13T16:20:10,loop,autots_mr,btc_1min_2y_2024-09-03_2026-09-03,822935ae5e8f,8587,ret_4,86,null,S_m,0.02057573503521093,0.5333333333333333,-0.3001535252719689,-0.44728954552928357,"[[73.3692, 103.8549, 128.6269], [47.6587, 68.2401, 82.5856], [77.7643, 109.4358, 135.4221], [45.9531, 65.766, 80.5905], [25.2759, 35.9089, 43.6877]]","[[51.1906, 73.5426, 92.0515], [31.9058, 46.7631, 57.7377], [50.6825, 74.7069, 93.9222], [31.5218, 44.967, 55.0621], [16.0207, 23.6562, 29.1994]]","[[73.0889, 101.7985, 124.6731], [47.7035, 68.3552, 82.1496], [77.7122, 108.9384, 133.6649], [45.9348, 65.8699, 80.5671], [25.257, 35.7401, 43.4137]]","[[-0.2516, -0.2027, -0.3325], [0.1617, -0.1798, -0.4473], [0.0206, -0.147, -0.0934], [0.0677, 0.5013, 0.5795], [0.0237, 0.1626, 0.1564]]",GPU,KEEP,
20260913_162030_loop_autots_mr_ret_5,2026-09-13T16:20:30,loop,autots_mr,btc_1min_2y_2024-09-03_2026-09-03,822935ae5e8f,8587,ret_5,87,null,S_m,-0.11054362877247481,0.3333333333333333,-0.9540169508908701,-1.3948790668038669,"[[73.2947, 105.3035, 130.3513], [47.7603, 68.3031, 82.5288], [77.8125, 109.1973, 135.089], [45.9284, 65.9058, 80.7834], [25.3038, 36.0069, 43.8512]]","[[51.1684, 73.6065, 92.1682], [31.9363, 46.689, 57.648], [50.7268, 74.6615, 93.7842], [31.5134, 45.0168, 55.1662], [16.0276, 23.7057, 29.2576]]","[[73.0889, 101.7985, 124.6731], [47.7035, 68.3552, 82.1496], [77.7122, 108.9384, 133.6649], [45.9348, 65.8699, 80.5671], [25.257, 35.7401, 43.4137]]","[[0.1016, -1.3949, -1.3406], [-0.2132, -0.0924, 0.0688], [-0.062, 0.2179, 0.2459], [0.0538, -0.2126, -0.2393], [-0.1105, -0.2731, -0.3741]]",GPU,DROP,
20260913_162050_loop_autots_mr_ret_8,2026-09-13T16:20:50,loop,autots_mr,btc_1min_2y_2024-09-03_2026-09-03,822935ae5e8f,8587,ret_8,87,null,S_m,-0.03301149416370386,0.4,-0.29810554858471505,-0.5038404168319577,"[[73.1554, 103.4016, 128.0623], [47.6833, 68.328, 82.5666], [77.7993, 109.6101, 135.8813], [45.9241, 65.9216, 80.9966], [25.2842, 35.8978, 43.6897]]","[[51.0748, 73.3596, 91.8078], [31.9126, 46.8012, 57.7653], [50.8038, 74.8905, 94.1487], [31.5414, 45.0903, 55.2924], [16.026, 23.6754, 29.2161]]","[[73.0889, 101.7985, 124.6731], [47.7035, 68.3552, 82.1496], [77.7122, 108.9384, 133.6649], [45.9348, 65.8699, 80.5671], [25.257, 35.7401, 43.4137]]","[[0.2915, 0.4364, 0.439], [-0.0516, -0.1287, 0.023], [-0.045, -0.1593, -0.3391], [0.0632, -0.2366, -0.5038], [-0.033, 0.0309, -0.0046]]",GPU,DROP,
20260913_162110_loop_autots_mr_ret_10,2026-09-13T16:21:10,loop,autots_mr,btc_1min_2y_2024-09-03_2026-09-03,822935ae5e8f,8587,ret_10,87,null,S_m,-0.057455386591653834,0.26666666666666666,-0.4141418894921678,-0.5157288681116201,"[[73.3455, 103.716, 128.2812], [47.6957, 68.2572, 82.4324], [78.0251, 109.6714, 136.0195], [45.9795, 66.0117, 81.0062], [25.3287, 35.9295, 43.6949]]","[[51.1987, 73.5414, 91.919], [31.902, 46.6238, 57.4948], [50.845, 74.9406, 94.2855], [31.5301, 45.0896, 55.2533], [16.0425, 23.6665, 29.1619]]","[[73.0889, 101.7985, 124.6731], [47.7035, 68.3552, 82.1496], [77.7122, 108.9384, 133.6649], [45.9348, 65.8699, 80.5671], [25.257, 35.7401, 43.4137]]","[[0.0323, 0.1338, 0.2688], [-0.0776, -0.025, 0.1855], [-0.3354, -0.2154, -0.4412], [-0.0575, -0.3736, -0.5157], [-0.2088, -0.0574, -0.0166]]",GPU,DROP,
20260913_162129_loop_autots_mr_ret_15,2026-09-13T16:21:29,loop,autots_mr,btc_1min_2y_2024-09-03_2026-09-03,822935ae5e8f,8587,ret_15,87,null,S_m,0.0002051446065576279,0.5333333333333333,-0.1946644406985687,-0.4015656440363946,"[[73.177, 103.7564, 128.4674], [47.6987, 68.2429, 82.5405], [77.7007, 109.2961, 135.3331], [45.953, 65.8684, 80.6239], [25.3219, 35.9818, 43.8631]]","[[51.0868, 73.4374, 92.0523], [31.9145, 46.6605, 57.6181], [50.7109, 74.6695, 93.7599], [31.5204, 45.0275, 55.1879], [16.0457, 23.6791, 29.2574]]","[[73.0889, 101.7985, 124.6731], [47.7035, 68.3552, 82.1496], [77.7122, 108.9384, 133.6649], [45.9348, 65.8699, 80.5671], [25.257, 35.7401, 43.4137]]","[[0.262, 0.0948, 0.124], [-0.0839, -0.0041, 0.0546], [0.0818, 0.1276, 0.0657], [0.0002, -0.1557, -0.0414], [-0.1822, -0.203, -0.4016]]",GPU,KEEP,
20260913_162149_loop_autots_mr_log_rv2_rv60,2026-09-13T16:21:49,loop,autots_mr,btc_1min_2y_2024-09-03_2026-09-03,822935ae5e8f,8587,log_rv2_rv60,88,null,S_m,0.0025314036576906673,0.5333333333333333,-0.6217996252894408,-1.6929915154021646,"[[73.1633, 103.3097, 127.8731], [47.6975, 68.2712, 82.5622], [77.7995, 110.2449, 137.6243], [45.9244, 65.9176, 80.8274], [25.3044, 35.9437, 43.8027]]","[[51.0961, 73.3207, 92.0172], [31.9112, 46.6789, 57.7056], [50.8454, 75.3667, 94.6765], [31.5051, 45.0056, 55.2823], [16.034, 23.6821, 29.2651]]","[[73.0889, 101.7985, 124.6731], [47.7035, 68.3552, 82.1496], [77.7122, 108.9384, 133.6649], [45.9348, 65.8699, 80.5671], [25.257, 35.7401, 43.4137]]","[[0.0187, 0.4306, 0.4626], [0.0025, -0.0415, -0.0263], [-0.1272, -0.8681, -1.693], [0.0622, -0.0748, -0.2524], [0.0693, 0.1056, 0.1378]]",GPU,KEEP,
20260913_162209_loop_autots_mr_log_rv3_rv60,2026-09-13T16:22:09,loop,autots_mr,btc_1min_2y_2024-09-03_2026-09-03,822935ae5e8f,8587,log_rv3_rv60,89,null,S_m,0.07372067825764939,0.6666666666666666,-0.08106209591915547,-0.14595252275984016,"[[72.9763, 103.1088, 127.6946], [47.6623, 68.2311, 82.4435], [77.5776, 109.0751, 135.1798], [45.9627, 66.0138, 80.7804], [25.324, 35.9485, 43.8296]]","[[51.0473, 73.2984, 91.8382], [31.8966, 46.609, 57.5884], [50.7122, 74.6275, 93.6854], [31.5108, 45.0763, 55.2472], [16.0329, 23.6765, 29.2806]]","[[73.0889, 101.7985, 124.6731], [47.7035, 68.3552, 82.1496], [77.7122, 108.9384, 133.6649], [45.9348, 65.8699, 80.5671], [25.257, 35.7401, 43.4137]]","[[0.2556, 0.1944, 0.1396], [0.0737, 0.0588, 0.1438], [0.2853, 1.061, 1.7762], [-0.0833, -0.146, 0.0581], [-0.0777, -0.0132, -0.0616]]",GPU,KEEP,
20260913_162229_loop_autots_mr_log_rv4_rv60,2026-09-13T16:22:29,loop,autots_mr,btc_1min_2y_2024-09-03_2026-09-03,822935ae5e8f,8587,log_rv4_rv60,90,null,S_m,-0.02607769059110865,0.4666666666666667,-0.27763254945872173,-0.5306825121746739,"[[73.0884, 103.1502, 127.6442], [47.6977, 68.2489, 82.4148], [77.6276, 109.654, 135.6669], [46.0204, 65.9805, 80.7762], [25.3077, 35.9374, 43.7995]]","[[51.0909, 73.2262, 91.7532], [31.8871, 46.5969, 57.519], [50.6892, 74.9092, 93.986], [31.5286, 45.0282, 55.256], [16.0383, 23.6779, 29.2526]]","[[73.0889, 101.7985, 124.6731], [47.7035, 68.3552, 82.1496], [77.7122, 108.9384, 133.6649], [45.9348, 65.8699, 80.5671], [25.257, 35.7401, 43.4137]]","[[-0.1536, -0.0401, 0.0395], [-0.0742, -0.0261, 0.0348], [-0.0645, -0.5307, -0.3603], [-0.1255, 0.0506, 0.0053], [0.0646, 0.0309, 0.0688]]",GPU,DROP,
20260913_162249_loop_autots_mr_log_rv5_rv60,2026-09-13T16:22:49,loop,autots_mr,btc_1min_2y_2024-09-03_2026-09-03,822935ae5e8f,8587,log_rv5_rv60,90,null,S_m,-0.008059702961737969,0.4666666666666667,-0.2076490286913213,-0.36525443211079534,"[[72.9745, 103.1996, 127.5839], [47.6661, 68.1436, 82.2737], [77.62, 109.3513, 135.6735], [45.9304, 65.9053, 80.5598], [25.353, 35.9986, 43.8437]]","[[51.0748, 73.3498, 91.9033], [31.8875, 46.635, 57.5079], [50.6817, 74.6517, 93.7393], [31.4883, 45.0061, 55.1362], [16.034, 23.6687, 29.2535]]","[[73.0889, 101.7985, 124.6731], [47.7035, 68.3552, 82.1496], [77.7122, 108.9384, 133.6649], [45.9348, 65.8699, 80.5671], [25.257, 35.7401, 43.4137]]","[[0.0025, -0.088, 0.0867], [-0.0081, 0.1283, 0.2059], [-0.0547, -0.2532, -0.3653], [0.0703, 0.1644, 0.2731], [-0.1144, -0.1394, -0.032]]",GPU,DROP,
20260913_162308_loop_autots_mr_log_rv8_rv60,2026-09-13T16:23:08,loop,autots_mr,btc_1min_2y_2024-09-03_2026-09-03,822935ae5e8f,8587,log_rv8_rv60,90,null,S_m,-0.038015505771538116,0.4,-0.3549064556225323,-0.4487426352973056,"[[73.2174, 103.4916, 127.9941], [47.6785, 68.2117, 82.3131], [77.6071, 109.289, 135.7864], [45.9266, 65.9039, 80.7215], [25.3168, 35.9823, 43.8593]]","[[51.1603, 73.4284, 91.9663], [31.8842, 46.632, 57.5609], [50.7432, 74.6527, 93.6759], [31.508, 45.0564, 55.2233], [16.0307, 23.6781, 29.2848]]","[[73.0889, 101.7985, 124.6731], [47.7035, 68.3552, 82.1496], [77.7122, 108.9384, 133.6649], [45.9348, 65.8699, 80.5671], [25.257, 35.7401, 43.4137]]","[[-0.3304, -0.3713, -0.2345], [-0.0339, 0.0284, 0.1581], [-0.038, -0.1961, -0.4487], [0.0786, 0.1665, 0.073], [0.0284, -0.0942, -0.0677]]",GPU,DROP,
20260913_162327_loop_autots_mr_log_rv10_rv60,2026-09-13T16:23:27,loop,autots_mr,btc_1min_2y_2024-09-03_2026-09-03,822935ae5e8f,8587,log_rv10_rv60,90,null,S_m,-0.05956421681880819,0.2,-0.14984420608807447,-0.21475734398863633,"[[73.0761, 103.1205, 127.6387], [47.6882, 68.2859, 82.4704], [77.565, 109.1222, 135.3802], [45.9936, 66.1134, 80.9539], [25.3391, 35.9829, 43.8236]]","[[51.0592, 73.2439, 91.7426], [31.903, 46.6825, 57.6779], [50.7047, 74.5643, 93.5433], [31.5292, 45.1887, 55.351], [16.0527, 23.7032, 29.2626]]","[[73.0889, 101.7985, 124.6731], [47.7035, 68.3552, 82.1496], [77.7122, 108.9384, 133.6649], [45.9348, 65.8699, 80.5671], [25.257, 35.7401, 43.4137]]","[[-0.1368, -0.0113, 0.0438], [-0.0545, -0.0803, -0.0327], [0.0163, -0.0432, -0.1483], [-0.0673, -0.1509, -0.2148], [-0.0596, -0.0957, 0.0137]]",GPU,DROP,
20260913_162347_loop_autots_mr_log_rv15_rv60,2026-09-13T16:23:47,loop,autots_mr,btc_1min_2y_2024-09-03_2026-09-03,822935ae5e8f,8587,log_rv15_rv60,90,null,S_m,-0.02668445074422987,0.26666666666666666,-0.19914095714404834,-0.25293191957074246,"[[73.0187, 102.6656, 127.1486], [47.7253, 68.3002, 82.4455], [77.602, 109.341, 135.5217], [45.969, 65.9525, 80.7515], [25.3273, 35.9631, 43.8413]]","[[51.0524, 73.1577, 91.7281], [31.9117, 46.6744, 57.6338], [50.7589, 74.5244, 93.5285], [31.5112, 45.0343, 55.2053], [16.0361, 23.6946, 29.2737]]","[[73.0889, 101.7985, 124.6731], [47.7035, 68.3552, 82.1496], [77.7122, 108.9384, 133.6649], [45.9348, 65.8699, 80.5671], [25.257, 35.7401, 43.4137]]","[[-0.0582, 0.4299, 0.4276], [-0.1322, -0.1012, -0.0024], [-0.0315, -0.2438, -0.2529], [-0.0138, 0.093, 0.0359], [-0.013, -0.0408, -0.0267]]",GPU,DROP,
20260913_162407_loop_autots_mr_log_c_ema2,2026-09-13T16:24:07,loop,autots_mr,btc_1min_2y_2024-09-03_2026-09-03,822935ae5e8f,8587,log_c_ema2,90,null,S_m,-0.09050744265022281,0.26666666666666666,-4.762571751023813,-19.822348281267743,"[[73.0277, 103.2982, 128.0034], [47.7951, 68.4753, 82.7691], [77.6074, 117.4459, 161.9756], [45.8763, 65.9004, 80.7613], [25.3004, 35.952, 43.8693]]","[[51.0506, 73.3792, 92.0374], [31.9155, 46.7686, 57.7854], [50.7344, 76.3252, 97.3995], [31.4858, 44.9928, 55.2067], [16.0155, 23.6643, 29.2756]]","[[73.0889, 101.7985, 124.6731], [47.7035, 68.3552, 82.1496], [77.7122, 108.9384, 133.6649], [45.9348, 65.8699, 80.5671], [25.257, 35.7401, 43.4137]]","[[-0.0705, -0.1836, -0.2418], [-0.2786, -0.358, -0.395], [-0.0385, -7.6743, -19.8223], [0.1881, 0.1718, 0.0236], [0.0932, -0.0097, -0.0905]]",GPU,DROP,
20260913_162427_loop_autots_mr_log_c_ema3,2026-09-13T16:24:27,loop,autots_mr,btc_1min_2y_2024-09-03_2026-09-03,822935ae5e8f,8587,log_c_ema3,90,null,S_m,0.0,0.2,-0.06131301025343649,-0.12050391160269847,"[[72.9763, 103.1088, 127.6946], [47.6623, 68.2311, 82.4435], [77.5308, 108.942, 135.0687], [45.9627, 66.0138, 80.7804], [25.3325, 35.9772, 43.8825]]","[[51.0473, 73.2984, 91.8382], [31.8966, 46.609, 57.5884], [50.7007, 74.6025, 93.6478], [31.5108, 45.0763, 55.2472], [16.0285, 23.6596, 29.2388]]","[[73.0889, 101.7985, 124.6731], [47.7035, 68.3552, 82.1496], [77.7122, 108.9384, 133.6649], [45.9348, 65.8699, 80.5671], [25.257, 35.7401, 43.4137]]","[[0.0, 0.0, 0.0], [0.0, 0.0, 0.0], [0.0603, 0.122, 0.0822], [0.0, 0.0, 0.0], [-0.0336, -0.0798, -0.1205]]",GPU,KEEP,
20260913_162446_loop_autots_mr_log_c_ema4,2026-09-13T16:24:46,loop,autots_mr,btc_1min_2y_2024-09-03_2026-09-03,822935ae5e8f,8587,log_c_ema4,91,null,S_m,0.06274224519655647,0.5333333333333333,-0.42160209744345867,-0.5080577931537933,"[[72.7849, 102.9448, 127.2073], [47.737, 68.4914, 82.8131], [77.6179, 109.3453, 135.7549], [45.9338, 65.9724, 80.9393], [25.3108, 35.9477, 43.8208]]","[[51.0585, 73.1732, 91.6568], [31.914, 46.6874, 57.6828], [50.7549, 74.6452, 93.6438], [31.4945, 45.1625, 55.4137], [16.0339, 23.6628, 29.2669]]","[[73.0889, 101.7985, 124.6731], [47.7035, 68.3552, 82.1496], [77.7122, 108.9384, 133.6649], [45.9348, 65.8699, 80.5671], [25.257, 35.7401, 43.4137]]","[[0.2622, 0.1591, 0.3817], [-0.1568, -0.3815, -0.4483], [-0.1123, -0.3701, -0.5081], [0.0628, 0.0627, -0.1967], [0.0858, 0.082, 0.1406]]",GPU,KEEP,
20260913_162506_loop_autots_mr_log_c_ema5,2026-09-13T16:25:06,loop,autots_mr,btc_1min_2y_2024-09-03_2026-09-03,822935ae5e8f,8587,log_c_ema5,92,null,S_m,-0.19863072964272366,0.26666666666666666,-1.093009784909915,-3.9797589300745617,"[[72.9948, 104.5548, 132.2698], [47.768, 68.6274, 83.0431], [77.788, 109.7302, 136.2798], [45.8969, 65.7872, 80.5673], [25.2986, 35.9619, 43.8862]]","[[51.0916, 73.7649, 93.2195], [31.914, 46.8143, 57.8345], [50.7583, 74.9052, 93.8465], [31.5099, 44.9754, 55.1372], [16.025, 23.6898, 29.2459]]","[[73.0889, 101.7985, 124.6731], [47.7035, 68.3552, 82.1496], [77.7122, 108.9384, 133.6649], [45.9348, 65.8699, 80.5671], [25.257, 35.7401, 43.4137]]","[[-0.2883, -1.5639, -3.9798], [-0.0649, -0.1986, -0.2777], [-0.2192, -0.3521, -0.3866], [0.0805, 0.2808, 0.4596], [0.0483, -0.0395, -0.1493]]",GPU,DROP,
20260913_162526_loop_autots_mr_log_c_ema8,2026-09-13T16:25:26,loop,autots_mr,btc_1min_2y_2024-09-03_2026-09-03,822935ae5e8f,8587,log_c_ema8,92,null,S_m,0.0010611175986996457,0.5333333333333333,-0.10520033152962238,-0.4195005668626184,"[[73.0902, 102.974, 127.2939], [47.7796, 68.4907, 82.6892], [77.7078, 109.3843, 135.4892], [45.9692, 65.9173, 80.8621], [25.2564, 35.8689, 43.7485]]","[[51.0775, 73.1111, 91.7018], [31.9175, 46.6559, 57.6306], [50.7514, 74.8037, 93.7523], [31.546, 44.9909, 55.1929], [16.0185, 23.6499, 29.2443]]","[[73.0889, 101.7985, 124.6731], [47.7035, 68.3552, 82.1496], [77.7122, 108.9384, 133.6649], [45.9348, 65.8699, 80.5671], [25.257, 35.7401, 43.4137]]","[[-0.4195, -0.0284, -0.0681], [-0.0892, 0.0011, 0.1495], [-0.1158, -0.0357, 0.1957], [-0.077, 0.0835, 0.0954], [0.2149, 0.2193, 0.1648]]",GPU,KEEP,
20260913_162546_loop_autots_mr_log_c_ema10,2026-09-13T16:25:46,loop,autots_mr,btc_1min_2y_2024-09-03_2026-09-03,822935ae5e8f,8587,log_c_ema10,93,null,S_m,-0.17281807372480085,0.26666666666666666,-0.3323072365461499,-0.3966901578974946,"[[73.1194, 102.9066, 127.1345], [47.7433, 68.5011, 82.8494], [77.6906, 109.5733, 135.7657], [45.9848, 66.0408, 81.0329], [25.3255, 36.0021, 43.9221]]","[[51.0873, 73.1675, 91.7473], [31.8971, 46.7064, 57.6784], [50.8158, 74.9867, 93.9822], [31.5562, 45.074, 55.3171], [16.0293, 23.7066, 29.3076]]","[[73.0889, 101.7985, 124.6731], [47.7035, 68.3552, 82.1496], [77.7122, 108.9384, 133.6649], [45.9348, 65.8699, 80.5671], [25.257, 35.7401, 43.4137]]","[[-0.0399, 0.0654, 0.1252], [0.076, -0.0152, -0.1937], [0.022, -0.1728, -0.2041], [-0.034, -0.1874, -0.2112], [-0.2735, -0.3715, -0.3967]]",GPU,DROP,
20260913_162606_loop_autots_mr_log_c_ema15,2026-09-13T16:26:06,loop,autots_mr,btc_1min_2y_2024-09-03_2026-09-03,822935ae5e8f,8587,log_c_ema15,93,null,S_m,0.07001289215619044,0.6666666666666666,-0.36168433162815816,-0.36845153413638254,"[[73.0785, 103.3521, 127.7629], [47.6826, 68.3767, 82.5797], [77.5756, 109.3108, 135.3943], [45.9222, 65.7817, 80.7621], [25.3158, 35.9956, 43.8516]]","[[51.1345, 73.2346, 91.9421], [31.8935, 46.678, 57.6401], [50.7063, 74.7334, 93.769], [31.5052, 44.9443, 55.1938], [16.0253, 23.6949, 29.2747]]","[[73.0889, 101.7985, 124.6731], [47.7035, 68.3552, 82.1496], [77.7122, 108.9384, 133.6649], [45.9348, 65.8699, 80.5671], [25.257, 35.7401, 43.4137]]","[[0.016, -0.3672, -0.3685], [0.2031, 0.1664, 0.1325], [0.1701, 0.0672, 0.07], [0.1024, 0.2058, 0.1236], [-0.2351, -0.3535, -0.2356]]",GPU,KEEP,
20260913_162626_loop_autots_mr_log_ema2_ema5,2026-09-13T16:26:26,loop,autots_mr,btc_1min_2y_2024-09-03_2026-09-03,822935ae5e8f,8587,log_ema2_ema5,94,null,S_m,-0.09360992288676151,0.2,-0.22331143784784846,-0.3168495529683124,"[[73.0994, 103.3109, 127.2747], [47.6864, 68.5934, 82.772], [77.6576, 109.5046, 135.6483], [45.95, 65.9191, 80.7095], [25.3395, 36.0151, 43.9001]]","[[51.125, 73.3434, 91.733], [31.8916, 46.6776, 57.7178], [50.7331, 74.7507, 93.8406], [31.5001, 45.0019, 55.0872], [16.04, 23.6922, 29.2849]]","[[73.0889, 101.7985, 124.6731], [47.7035, 68.3552, 82.1496], [77.7122, 108.9384, 133.6649], [45.9348, 65.8699, 80.5671], [25.257, 35.7401, 43.4137]]","[[-0.0285, 0.0398, 0.3821], [-0.0081, -0.3168, -0.2329], [-0.1057, -0.1774, -0.1876], [-0.0605, -0.2089, 0.0652], [-0.0936, -0.0542, -0.1106]]",GPU,DROP,
20260913_162646_loop_autots_mr_log_ema2_ema8,2026-09-13T16:26:46,loop,autots_mr,btc_1min_2y_2024-09-03_2026-09-03,822935ae5e8f,8587,log_ema2_ema8,94,null,S_m,0.00657838947223377,0.5333333333333333,-0.3257729161944667,-0.4673037637689337,"[[72.9468, 103.22, 127.7545], [47.6784, 68.2297, 82.6339], [77.6524, 109.7755, 136.027], [45.9521, 65.8342, 80.9048], [25.2643, 35.9456, 43.783]]","[[51.1369, 73.2812, 91.9885], [31.8871, 46.6396, 57.6342], [50.7683, 74.9169, 94.174], [31.503, 45.0163, 55.2088], [16.0224, 23.6761, 29.2494]]","[[73.0889, 101.7985, 124.6731], [47.7035, 68.3552, 82.1496], [77.7122, 108.9384, 133.6649], [45.9348, 65.8699, 80.5671], [25.257, 35.7401, 43.4137]]","[[0.1803, 0.1278, 0.0066], [0.0088, 0.2149, -0.0657], [-0.099, -0.4252, -0.4673], [-0.0652, -0.0799, -0.1767], [0.2033, 0.139, 0.1565]]",GPU,KEEP,
20260913_162706_loop_autots_mr_log_ema3_ema10,2026-09-13T16:27:06,loop,autots_mr,btc_1min_2y_2024-09-03_2026-09-03,822935ae5e8f,8587,log_ema3_ema10,95,null,S_m,0.0520564178869809,0.6666666666666666,-0.10287951973074527,-0.15942991190944777,"[[73.0072, 103.1878, 127.688], [47.6632, 68.2381, 82.5086], [77.5422, 109.1584, 135.3234], [45.8629, 65.738, 80.6407], [25.3046, 35.9525, 43.8339]]","[[51.1013, 73.1753, 91.845], [31.869, 46.6419, 57.5926], [50.658, 74.6264, 93.7987], [31.481, 44.942, 55.1634], [16.0411, 23.7055, 29.2928]]","[[73.0889, 101.7985, 124.6731], [47.7035, 68.3552, 82.1496], [77.7122, 108.9384, 133.6649], [45.9348, 65.8699, 80.5671], [25.257, 35.7401, 43.4137]]","[[-0.0828, 0.0312, 0.0521], [0.0319, -0.0123, 0.1515], [0.1419, 0.5621, 0.5173], [0.1942, 0.1461, 0.3265], [-0.1594, -0.0192, -0.1163]]",GPU,KEEP,
20260913_162726_loop_autots_mr_log_ema4_ema10,2026-09-13T16:27:26,loop,autots_mr,btc_1min_2y_2024-09-03_2026-09-03,822935ae5e8f,8587,log_ema4_ema10,96,null,S_m,-0.048047340706425246,0.26666666666666666,-0.35718065945696154,-0.6200773759235556,"[[72.9569, 103.2103, 127.6084], [47.7212, 68.4237, 82.47], [77.6279, 109.6103, 136.1625], [45.8762, 65.7696, 80.5462], [25.3181, 35.9765, 43.853]]","[[51.0709, 73.3228, 91.8863], [31.8805, 46.723, 57.6212], [50.7329, 74.7019, 93.7613], [31.4648, 44.9163, 55.0525], [16.0462, 23.686, 29.2891]]","[[73.0889, 101.7985, 124.6731], [47.7035, 68.3552, 82.1496], [77.7122, 108.9384, 133.6649], [45.9348, 65.8699, 80.5671], [25.257, 35.7401, 43.4137]]","[[0.0688, -0.0219, 0.0623], [-0.1217, -0.272, 0.0469], [-0.1106, -0.414, -0.6201], [-0.0289, -0.048, 0.1172], [-0.0534, -0.0665, -0.0437]]",GPU,DROP,
20260913_162746_loop_autots_mr_log_ema5_ema15,2026-09-13T16:27:46,loop,autots_mr,btc_1min_2y_2024-09-03_2026-09-03,822935ae5e8f,8587,log_ema5_ema15,96,null,S_m,-0.16631226416603528,0.26666666666666666,-0.6877289190470837,-1.0068063427498997,"[[72.8825, 102.7405, 126.9233], [47.7455, 68.8188, 83.3394], [77.5147, 109.5176, 135.8616], [45.9392, 65.9548, 80.9977], [25.3237, 36.0108, 43.8395]]","[[51.0262, 73.068, 91.4876], [31.8939, 46.7111, 57.8417], [50.715, 74.7166, 93.984], [31.5021, 45.0447, 55.2388], [16.0582, 23.7185, 29.2607]]","[[73.0889, 101.7985, 124.6731], [47.7035, 68.3552, 82.1496], [77.7122, 108.9384, 133.6649], [45.9348, 65.8699, 80.5671], [25.257, 35.7401, 43.4137]]","[[0.1708, 0.4335, 0.5989], [-0.1728, -0.851, -1.0068], [0.0354, -0.3291, -0.3978], [-0.1663, -0.3298, -0.4428], [-0.0754, -0.1619, -0.0129]]",GPU,DROP,
20260913_162808_loop_autots_mr_rsi1_centered,2026-09-13T16:28:08,loop,autots_mr,btc_1min_2y_2024-09-03_2026-09-03,822935ae5e8f,8587,rsi1_centered,96,null,S_m,0.0,0.2,-0.2667459044934617,-0.3379994674089559,"[[72.9309, 103.0188, 127.1417], [47.7398, 68.4684, 82.7875], [77.5422, 109.1584, 135.3234], [45.8629, 65.738, 80.6407], [25.3046, 35.9525, 43.8339]]","[[51.0611, 73.0881, 91.6288], [31.9024, 46.6485, 57.6179], [50.658, 74.6264, 93.7987], [31.481, 44.942, 55.1634], [16.0411, 23.7055, 29.2928]]","[[73.0889, 101.7985, 124.6731], [47.7035, 68.3552, 82.1496], [77.7122, 108.9384, 133.6649], [45.9348, 65.8699, 80.5671], [25.257, 35.7401, 43.4137]]","[[0.1045, 0.1638, 0.4278], [-0.1607, -0.3374, -0.338], [0.0, 0.0, 0.0], [0.0, 0.0, 0.0], [0.0, 0.0, 0.0]]",GPU,KEEP,
20260913_162828_loop_autots_mr_rsi2_centered,2026-09-13T16:28:28,loop,autots_mr,btc_1min_2y_2024-09-03_2026-09-03,822935ae5e8f,8587,rsi2_centered,97,null,S_m,-0.145487569367031,0.2,-0.6178575269502451,-0.7130179056482611,"[[73.0165, 103.676, 127.8888], [47.6684, 68.3312, 82.6031], [77.7965, 109.6865, 136.2882], [45.9296, 65.8265, 80.7521], [25.3134, 36.0185, 43.9011]]","[[51.0521, 73.4291, 91.9841], [31.8783, 46.6566, 57.651], [50.784, 74.9524, 94.1576], [31.5265, 44.9652, 55.0842], [16.0481, 23.6936, 29.2996]]","[[73.0889, 101.7985, 124.6731], [47.7035, 68.3552, 82.1496], [77.7122, 108.9384, 133.6649], [45.9348, 65.8699, 80.5671], [25.257, 35.7401, 43.4137]]","[[-0.1173, -0.638, -0.5876], [0.1495, 0.2004, 0.2227], [-0.3279, -0.4838, -0.713], [-0.1455, -0.1347, -0.1381], [-0.0348, -0.1836, -0.1533]]",GPU,DROP,
20260913_162848_loop_autots_mr_rsi3_centered,2026-09-13T16:28:48,loop,autots_mr,btc_1min_2y_2024-09-03_2026-09-03,822935ae5e8f,8587,rsi3_centered,97,null,S_m,-0.10346695262550831,0.26666666666666666,-0.2880408044254734,-0.4186370192964528,"[[73.0063, 103.3255, 127.674], [47.7199, 68.5801, 83.0139], [77.5883, 109.2687, 135.2299], [45.9134, 65.8911, 80.7865], [25.2918, 35.9605, 43.8109]]","[[51.0252, 73.2771, 91.7776], [31.9018, 46.6804, 57.7337], [50.7209, 74.6981, 93.7099], [31.5015, 45.0419, 55.2645], [16.0299, 23.6964, 29.2566]]","[[73.0889, 101.7985, 124.6731], [47.7035, 68.3552, 82.1496], [77.7122, 108.9384, 133.6649], [45.9348, 65.8699, 80.5671], [25.257, 35.7401, 43.4137]]","[[-0.1035, -0.2978, -0.4186], [0.0416, -0.1632, -0.2735], [-0.0595, -0.101, 0.069], [-0.1102, -0.2329, -0.1809], [0.0505, -0.0222, 0.0525]]",GPU,DROP,
20260913_162908_loop_autots_mr_rsi4_centered,2026-09-13T16:29:08,loop,autots_mr,btc_1min_2y_2024-09-03_2026-09-03,822935ae5e8f,8587,rsi4_centered,97,null,S_m,0.028581500272351068,0.5333333333333333,-0.40308732156954186,-0.4768609485733988,"[[72.8067, 103.3358, 127.748], [47.6783, 68.2442, 82.5419], [77.5651, 109.6022, 135.8618], [45.8242, 65.7061, 80.5661], [25.2973, 35.9534, 43.8427]]","[[50.9795, 73.3365, 91.8428], [31.8818, 46.5593, 57.5487], [50.7484, 74.7968, 93.9424], [31.4718, 44.9956, 55.2207], [16.0512, 23.7039, 29.3038]]","[[73.0889, 101.7985, 124.6731], [47.7035, 68.3552, 82.1496], [77.7122, 108.9384, 133.6649], [45.9348, 65.8699, 80.5671], [25.257, 35.7401, 43.4137]]","[[0.1703, -0.3077, -0.4769], [0.1288, 0.3275, 0.2967], [-0.0296, -0.4066, -0.3979], [0.0844, 0.0484, 0.0925], [0.0286, -0.0025, -0.0201]]",GPU,KEEP,
20260913_162928_loop_autots_mr_rsi5_centered,2026-09-13T16:29:28,loop,autots_mr,btc_1min_2y_2024-09-03_2026-09-03,822935ae5e8f,8587,rsi5_centered,98,null,S_m,-0.11857483382031742,0.13333333333333333,-0.5392333249239911,-0.603968260537302,"[[73.1822, 103.9092, 128.5196], [47.6838, 68.3245, 82.5757], [77.7372, 109.4927, 135.7185], [45.9084, 65.7841, 80.6532], [25.3388, 36.0162, 43.8941]]","[[51.0997, 73.4307, 92.0414], [31.8917, 46.632, 57.574], [50.7557, 74.7067, 93.8703], [31.5043, 44.9616, 55.1946], [16.0443, 23.6997, 29.2889]]","[[73.0889, 101.7985, 124.6731], [47.7035, 68.3552, 82.1496], [77.7122, 108.9384, 133.6649], [45.9348, 65.8699, 80.5671], [25.257, 35.7401, 43.4137]]","[[-0.5158, -0.5549, -0.604], [-0.0116, -0.1177, -0.0409], [-0.2218, 0.0999, 0.1055], [-0.1837, -0.1186, -0.1081], [-0.164, -0.1745, -0.1172]]",GPU,DROP,
20260913_162948_loop_autots_mr_rsi8_centered,2026-09-13T16:29:48,loop,autots_mr,btc_1min_2y_2024-09-03_2026-09-03,822935ae5e8f,8587,rsi8_centered,98,null,S_m,-0.04754961334629826,0.4,-0.555235728407184,-0.7524108887337677,"[[73.0659, 104.0439, 128.7092], [47.6565, 68.2774, 82.5812], [77.3844, 109.3934, 136.3511], [45.8696, 65.7315, 80.6785], [25.26, 35.9056, 43.7423]]","[[51.1538, 73.6083, 92.2312], [31.8736, 46.5722, 57.5529], [50.653, 74.5873, 93.9789], [31.5228, 44.9256, 55.1657], [16.0188, 23.6532, 29.2378]]","[[73.0889, 101.7985, 124.6731], [47.7035, 68.3552, 82.1496], [77.7122, 108.9384, 133.6649], [45.9348, 65.8699, 80.5671], [25.257, 35.7401, 43.4137]]","[[-0.356, -0.6853, -0.7524], [0.0456, -0.0487, -0.0475], [0.233, 0.1905, -0.3601], [-0.0991, -0.0385, -0.1395], [0.1477, 0.1331, 0.229]]",GPU,DROP,
20260913_163008_loop_autots_mr_rsi10_centered,2026-09-13T16:30:08,loop,autots_mr,btc_1min_2y_2024-09-03_2026-09-03,822935ae5e8f,8587,rsi10_centered,98,null,S_m,-0.09205483749994414,0.4,-0.44425840937333927,-0.5872307582863945,"[[73.138, 103.7782, 128.4982], [47.7222, 68.4772, 82.7614], [77.3895, 109.1257, 135.4821], [45.8633, 65.8168, 80.661], [25.2797, 35.8778, 43.7545]]","[[51.1462, 73.4468, 92.2259], [31.9059, 46.6793, 57.554], [50.6424, 74.4025, 93.5461], [31.4794, 44.9778, 55.1569], [16.0122, 23.659, 29.2584]]","[[73.0889, 101.7985, 124.6731], [47.7035, 68.3552, 82.1496], [77.7122, 108.9384, 133.6649], [45.9348, 65.8699, 80.5671], [25.257, 35.7401, 43.4137]]","[[-0.455, -0.4281, -0.5872], [-0.0921, -0.3415, -0.2659], [0.2264, 0.4348, 0.2794], [-0.0854, -0.1685, -0.1178], [0.0698, 0.2103, 0.2012]]",GPU,DROP,
20260913_163028_loop_autots_mr_rsi15_centered,2026-09-13T16:30:28,loop,autots_mr,btc_1min_2y_2024-09-03_2026-09-03,822935ae5e8f,8587,rsi15_centered,98,null,S_m,-0.05959542047262456,0.4666666666666667,-0.579902477454115,-0.8047656367514477,"[[73.0067, 103.8572, 128.553], [47.6616, 68.2848, 82.3003], [77.4002, 109.5151, 136.9551], [45.8943, 65.7857, 80.6346], [25.268, 35.9098, 43.8074]]","[[51.0957, 73.5235, 92.3301], [31.8956, 46.5763, 57.4443], [50.6786, 74.6422, 94.0186], [31.4922, 44.8928, 55.0612], [16.0356, 23.6776, 29.2854]]","[[73.0889, 101.7985, 124.6731], [47.7035, 68.3552, 82.1496], [77.7122, 108.9384, 133.6649], [45.9348, 65.8699, 80.5671], [25.257, 35.7401, 43.4137]]","[[-0.2747, -0.5046, -0.6301], [0.035, -0.0596, 0.2927], [0.2127, 0.0795, -0.8048], [-0.153, -0.1211, -0.085], [0.1162, 0.1213, 0.0805]]",GPU,DROP,
20260913_163048_loop_autots_mr_bb_pctb_2,2026-09-13T16:30:48,loop,autots_mr,btc_1min_2y_2024-09-03_2026-09-03,822935ae5e8f,8587,bb_pctb_2,98,null,S_m,-0.15146770649334673,0.13333333333333333,-0.2651273588616032,-0.3429615084335591,"[[72.8067, 103.3358, 127.748], [47.6585, 68.4155, 82.7667], [77.6027, 109.5308, 136.0866], [45.8258, 65.8057, 80.8424], [25.3548, 36.0449, 43.9189]]","[[50.9795, 73.3365, 91.8428], [31.8643, 46.5815, 57.6308], [50.722, 74.6558, 93.8397], [31.4745, 45.0502, 55.2843], [16.0593, 23.7213, 29.3155]]","[[73.0889, 101.7985, 124.6731], [47.7035, 68.3552, 82.1496], [77.7122, 108.9384, 133.6649], [45.9348, 65.8699, 80.5671], [25.257, 35.7401, 43.4137]]","[[0.0, 0.0, 0.0], [0.0414, -0.251, -0.2724], [-0.0485, 0.0652, -0.1655], [-0.0036, -0.1515, -0.343], [-0.2273, -0.2543, -0.1739]]",GPU,DROP,
20260913_163108_loop_autots_mr_bb_pctb_3,2026-09-13T16:31:08,loop,autots_mr,btc_1min_2y_2024-09-03_2026-09-03,822935ae5e8f,8587,bb_pctb_3,98,null,S_m,-0.04371166917251923,0.4,-0.26584897749693415,-0.4580922134284515,"[[72.9949, 103.6156, 128.3332], [47.7389, 68.3469, 82.4594], [77.4372, 109.1999, 135.1551], [45.8158, 65.7357, 80.4851], [25.3084, 35.9694, 43.8494]]","[[51.0837, 73.5006, 92.0629], [31.9123, 46.5996, 57.55], [50.6368, 74.5974, 93.6197], [31.457, 44.9808, 55.078], [16.0445, 23.7042, 29.3077]]","[[73.0889, 101.7985, 124.6731], [47.7035, 68.3552, 82.1496], [77.7122, 108.9384, 133.6649], [45.9348, 65.8699, 80.5671], [25.257, 35.7401, 43.4137]]","[[-0.2585, -0.2707, -0.4581], [-0.1272, -0.1506, 0.0999], [0.1649, 0.3671, 0.5202], [0.0184, -0.045, 0.1005], [-0.0437, -0.0442, -0.0152]]",GPU,DROP,
20260913_163128_loop_autots_mr_bb_pctb_4,2026-09-13T16:31:28,loop,autots_mr,btc_1min_2y_2024-09-03_2026-09-03,822935ae5e8f,8587,bb_pctb_4,98,null,S_m,-0.0971584647248891,0.13333333333333333,-0.26079795450001164,-0.35720060300246104,"[[72.9698, 103.586, 128.2043], [47.7092, 68.3011, 82.7461], [77.5612, 109.5759, 135.9353], [45.8521, 65.8834, 80.63], [25.3219, 35.9922, 43.8915]]","[[51.0349, 73.3156, 91.9908], [31.8755, 46.6083, 57.6288], [50.661, 74.6163, 93.787], [31.4671, 45.1153, 55.2366], [16.0464, 23.7069, 29.3336]]","[[73.0889, 101.7985, 124.6731], [47.7035, 68.3552, 82.1496], [77.7122, 108.9384, 133.6649], [45.9348, 65.8699, 80.5671], [25.257, 35.7401, 43.4137]]","[[-0.224, -0.2422, -0.3572], [-0.065, -0.0835, -0.2473], [0.005, 0.024, -0.0541], [-0.0608, -0.2698, -0.0793], [-0.0972, -0.1078, -0.1113]]",GPU,DROP,
20260913_163148_loop_autots_mr_bb_pctb_5,2026-09-13T16:31:48,loop,autots_mr,btc_1min_2y_2024-09-03_2026-09-03,822935ae5e8f,8587,bb_pctb_5,98,null,S_m,-0.14880613173722246,0.3333333333333333,-0.3654740637025933,-0.5463332280149613,"[[72.9135, 103.1841, 127.6712], [47.788, 68.617, 82.8862], [77.5298, 109.3681, 135.3416], [45.8924, 65.847, 80.7423], [25.3702, 35.9979, 43.9382]]","[[51.0255, 73.2355, 91.7798], [31.9073, 46.6432, 57.6302], [50.6759, 74.5908, 93.6896], [31.485, 45.0952, 55.2656], [16.067, 23.71, 29.3349]]","[[73.0889, 101.7985, 124.6731], [47.7035, 68.3552, 82.1496], [77.7122, 108.9384, 133.6649], [45.9348, 65.8699, 80.5671], [25.257, 35.7401, 43.4137]]","[[-0.1467, 0.1468, 0.0601], [-0.2302, -0.5463, -0.4171], [0.0455, 0.2136, 0.3829], [-0.1488, -0.2144, -0.2187], [-0.288, -0.1236, -0.2178]]",GPU,DROP,
20260913_163208_loop_autots_mr_bb_pctb_8,2026-09-13T16:32:08,loop,autots_mr,btc_1min_2y_2024-09-03_2026-09-03,822935ae5e8f,8587,bb_pctb_8,98,null,S_m,-0.15421915254245633,0.4,-0.4132831589426278,-0.5205690797011053,"[[73.1001, 103.7441, 128.413], [47.7518, 68.5309, 82.7779], [77.4519, 109.0485, 135.3103], [45.9164, 65.8591, 80.6667], [25.2901, 35.9471, 43.7685]]","[[51.1159, 73.5353, 92.0777], [31.9109, 46.6784, 57.6359], [50.6869, 74.4228, 93.5834], [31.5136, 44.9969, 55.2344], [16.0332, 23.6955, 29.2452]]","[[73.0889, 101.7985, 124.6731], [47.7035, 68.3552, 82.1496], [77.7122, 108.9384, 133.6649], [45.9348, 65.8699, 80.5671], [25.257, 35.7401, 43.4137]]","[[-0.4029, -0.3951, -0.5206], [-0.1542, -0.4202, -0.2859], [0.146, 0.5052, 0.4059], [-0.2011, -0.2328, -0.1248], [0.0286, 0.0177, 0.1693]]",GPU,DROP,
20260913_163229_loop_autots_mr_bb_pctb_10,2026-09-13T16:32:29,loop,autots_mr,btc_1min_2y_2024-09-03_2026-09-03,822935ae5e8f,8587,bb_pctb_10,98,null,S_m,-0.10081815333835564,0.2,-0.5124352708810065,-0.7332335465070727,"[[73.1129, 103.9286, 128.6847], [47.7263, 68.3629, 82.6238], [77.4989, 109.2178, 135.4791], [45.8859, 65.808, 80.739], [25.3127, 35.9852, 43.8868]]","[[51.1192, 73.5365, 92.1875], [31.8806, 46.5663, 57.5183], [50.7343, 74.6261, 93.8036], [31.498, 44.97, 55.2371], [16.0568, 23.7067, 29.306]]","[[73.0889, 101.7985, 124.6731], [47.7035, 68.3552, 82.1496], [77.7122, 108.9384, 133.6649], [45.9348, 65.8699, 80.5671], [25.257, 35.7401, 43.4137]]","[[-0.4205, -0.5737, -0.7332], [-0.1008, -0.174, -0.0993], [0.0854, 0.3508, 0.2817], [-0.1347, -0.155, -0.2147], [-0.0608, -0.0883, -0.1006]]",GPU,DROP,
20260913_163249_loop_autots_mr_bb_pctb_15,2026-09-13T16:32:49,loop,autots_mr,btc_1min_2y_2024-09-03_2026-09-03,822935ae5e8f,8587,bb_pctb_15,98,null,S_m,-0.10254136355702936,0.26666666666666666,-0.27108545057008104,-0.31428452370225735,"[[73.0355, 103.4848, 127.9776], [47.7015, 68.4566, 82.716], [77.6009, 109.4281, 136.0011], [45.8779, 65.7296, 80.6969], [25.2858, 35.9244, 43.8169]]","[[51.1141, 73.4626, 91.7477], [31.8922, 46.6216, 57.5891], [50.7222, 74.6196, 93.857], [31.5266, 44.9904, 55.1747], [16.0338, 23.6958, 29.2838]]","[[73.0889, 101.7985, 124.6731], [47.7035, 68.3552, 82.1496], [77.7122, 108.9384, 133.6649], [45.9348, 65.8699, 80.5671], [25.257, 35.7401, 43.4137]]","[[-0.3143, -0.1442, -0.1797], [-0.0487, -0.3112, -0.2109], [-0.0462, 0.1589, -0.1025], [-0.1172, -0.0358, -0.1624], [0.0456, 0.0807, 0.0588]]",GPU,DROP,
20260913_163309_loop_autots_mr_bb_logbw_3,2026-09-13T16:33:09,loop,autots_mr,btc_1min_2y_2024-09-03_2026-09-03,822935ae5e8f,8587,bb_logbw_3,98,null,S_m,-0.04672755509029791,0.3333333333333333,-0.21016520415737538,-0.29901219578805094,"[[73.0244, 103.2499, 127.4286], [47.6813, 68.3612, 82.7032], [77.2727, 108.9607, 135.8364], [45.9204, 65.7795, 80.7356], [25.3092, 35.9872, 43.8618]]","[[51.0974, 73.2846, 91.7506], [31.9002, 46.6013, 57.5832], [50.7065, 74.4386, 93.7755], [31.5204, 44.9343, 55.2248], [16.049, 23.7096, 29.3099]]","[[73.0889, 101.7985, 124.6731], [47.7035, 68.3552, 82.1496], [77.7122, 108.9384, 133.6649], [45.9348, 65.8699, 80.5671], [25.257, 35.7401, 43.4137]]","[[-0.299, 0.0831, 0.2501], [-0.0065, -0.1716, -0.1954], [0.3771, 0.5854, 0.0187], [-0.2098, -0.1116, -0.2104], [-0.0467, -0.0938, -0.0435]]",GPU,DROP,
20260913_163328_loop_autots_mr_bb_logbw_4,2026-09-13T16:33:28,loop,autots_mr,btc_1min_2y_2024-09-03_2026-09-03,822935ae5e8f,8587,bb_logbw_4,98,null,S_m,-0.19404284671944438,0.3333333333333333,-0.4100417247148158,-0.5278977592318101,"[[72.9588, 103.4185, 128.0722], [47.7708, 68.6044, 82.949], [77.4058, 109.2937, 136.2495], [45.7888, 65.6209, 80.3341], [25.3499, 36.046, 43.9039]]","[[51.0874, 73.4079, 92.0229], [31.9147, 46.692, 57.7282], [50.6886, 74.6778, 94.0831], [31.4486, 44.9115, 55.0251], [16.0512, 23.7101, 29.3201]]","[[73.0889, 101.7985, 124.6731], [47.7035, 68.3552, 82.1496], [77.7122, 108.9384, 133.6649], [45.9348, 65.8699, 80.5671], [25.257, 35.7401, 43.4137]]","[[-0.2089, -0.0801, -0.2538], [-0.194, -0.5279, -0.4932], [0.2055, 0.2815, -0.2854], [0.0772, 0.1297, 0.288], [-0.2076, -0.2573, -0.1396]]",GPU,DROP,
20260913_163348_loop_autots_mr_bb_logbw_5,2026-09-13T16:33:48,loop,autots_mr,btc_1min_2y_2024-09-03_2026-09-03,822935ae5e8f,8587,bb_logbw_5,98,null,S_m,-0.192604058812762,0.2,-0.43103977121308645,-0.5148336093591332,"[[73.1387, 103.4602, 128.1696], [47.7767, 68.5955, 82.8667], [77.4373, 109.2301, 135.1059], [45.9336, 65.8327, 80.7778], [25.3043, 35.9709, 43.8442]]","[[51.1053, 73.3932, 91.9394], [31.9321, 46.6766, 57.6539], [50.6674, 74.6245, 93.6018], [31.52, 45.0223, 55.2604], [16.0418, 23.6868, 29.2763]]","[[73.0889, 101.7985, 124.6731], [47.7035, 68.3552, 82.1496], [77.7122, 108.9384, 133.6649], [45.9348, 65.8699, 80.5671], [25.257, 35.7401, 43.4137]]","[[-0.4561, -0.1204, -0.33], [-0.2064, -0.5148, -0.3935], [0.1648, 0.3395, 0.5563], [-0.2388, -0.1926, -0.2628], [-0.0274, -0.0485, -0.0035]]",GPU,DROP,
20260913_163408_loop_autots_mr_bb_logbw_8,2026-09-13T16:34:08,loop,autots_mr,btc_1min_2y_2024-09-03_2026-09-03,822935ae5e8f,8587,bb_logbw_8,98,null,S_m,-0.07951943475252854,0.3333333333333333,-0.6364851127544613,-0.7282037569971145,"[[73.27, 103.9936, 128.6783], [47.6459, 68.3164, 82.6075], [77.4043, 109.2442, 135.529], [45.8842, 65.8559, 80.7048], [25.3131, 35.981, 43.8323]]","[[51.1629, 73.5804, 92.1312], [31.8822, 46.6108, 57.5504], [50.6845, 74.5351, 93.6786], [31.4787, 45.019, 55.1865], [16.043, 23.6962, 29.2633]]","[[73.0889, 101.7985, 124.6731], [47.7035, 68.3552, 82.1496], [77.7122, 108.9384, 133.6649], [45.9348, 65.8699, 80.5671], [25.257, 35.7401, 43.4137]]","[[-0.6363, -0.6366, -0.7282], [0.0679, -0.1058, -0.0795], [0.2073, 0.3266, 0.2449], [-0.1309, -0.2278, -0.1722], [-0.0624, -0.0766, 0.0236]]",GPU,DROP,
20260913_163428_loop_autots_mr_bb_logbw_10,2026-09-13T16:34:28,loop,autots_mr,btc_1min_2y_2024-09-03_2026-09-03,822935ae5e8f,8587,bb_logbw_10,98,null,S_m,-0.13682508682306693,0.26666666666666666,-0.281405330053186,-0.3812159111802327,"[[72.927, 103.4772, 128.0025], [47.7409, 68.5043, 82.7724], [77.4233, 109.1817, 135.2948], [45.9538, 65.8262, 80.6815], [25.2951, 35.9579, 43.8437]]","[[51.0697, 73.3316, 91.8914], [31.9252, 46.7316, 57.7274], [50.6854, 74.7205, 93.6969], [31.5289, 44.9495, 55.1185], [16.0457, 23.7012, 29.2899]]","[[73.0889, 101.7985, 124.6731], [47.7035, 68.3552, 82.1496], [77.7122, 108.9384, 133.6649], [45.9348, 65.8699, 80.5671], [25.257, 35.7401, 43.4137]]","[[-0.1652, -0.1368, -0.1992], [-0.1313, -0.3812, -0.2792], [0.1829, 0.3837, 0.4173], [-0.2829, -0.1828, -0.1432], [0.0088, -0.0123, -0.0023]]",GPU,DROP,
20260913_163448_loop_autots_mr_bb_logbw_15,2026-09-13T16:34:48,loop,autots_mr,btc_1min_2y_2024-09-03_2026-09-03,822935ae5e8f,8587,bb_logbw_15,98,null,S_m,0.06003802070533304,0.6,-0.3486414468857246,-0.4885126340365753,"[[72.8679, 103.0493, 127.3906], [47.6556, 68.5775, 82.8598], [77.4314, 109.1332, 135.5724], [45.9589, 65.7874, 80.5172], [25.2822, 35.9554, 43.7713]]","[[51.0441, 73.1673, 91.6943], [31.8885, 46.6586, 57.583], [50.6982, 74.5239, 93.8017], [31.5432, 44.9276, 55.0503], [16.0446, 23.685, 29.2633]]","[[73.0889, 101.7985, 124.6731], [47.7035, 68.3552, 82.1496], [77.7122, 108.9384, 133.6649], [45.9348, 65.8699, 80.5671], [25.257, 35.7401, 43.4137]]","[[-0.084, 0.2772, 0.2798], [0.0476, -0.4885, -0.3851], [0.1724, 0.428, 0.213], [-0.294, -0.1237, 0.0607], [0.06, -0.0053, 0.1628]]",GPU,KEEP,
20260913_163508_loop_autots_mr_log_atr1_c,2026-09-13T16:35:08,loop,autots_mr,btc_1min_2y_2024-09-03_2026-09-03,822935ae5e8f,8587,log_atr1_c,99,null,S_m,-0.07091280062294647,0.3333333333333333,-0.4855895883853911,-0.5754738869323761,"[[72.9771, 103.3586, 127.8793], [47.7348, 68.5441, 82.8437], [77.4863, 109.7373, 136.3525], [45.9216, 65.8284, 80.5804], [25.289, 35.9249, 43.723]]","[[51.0683, 73.3063, 91.8008], [31.9055, 46.6711, 57.6032], [50.7446, 74.8533, 93.9871], [31.505, 44.9541, 55.0859], [16.0309, 23.6582, 29.2032]]","[[73.0889, 101.7985, 124.6731], [47.7035, 68.3552, 82.1496], [77.7122, 108.9384, 133.6649], [45.9348, 65.8699, 80.5671], [25.257, 35.7401, 43.4137]]","[[-0.1498, -0.3002, -0.3837], [-0.1664, 0.0488, 0.0194], [-0.0709, -0.5535, -0.5755], [0.0811, -0.0624, -0.0785], [-0.0272, 0.0847, 0.1104]]",GPU,DROP,
20260913_163528_loop_autots_mr_log_atr2_c,2026-09-13T16:35:28,loop,autots_mr,btc_1min_2y_2024-09-03_2026-09-03,822935ae5e8f,8587,log_atr2_c,99,null,S_m,-0.1347108521397411,0.13333333333333333,-0.42044402340009945,-0.7552053519949808,"[[72.9001, 102.9178, 127.5554], [47.7037, 68.5793, 82.8222], [77.6116, 109.3987, 135.5733], [46.0208, 66.1264, 81.1253], [25.3256, 36.0304, 43.8931]]","[[50.9762, 73.2358, 91.7361], [31.9084, 46.6931, 57.5671], [50.7727, 74.698, 93.9644], [31.5396, 45.0363, 55.1308], [16.0528, 23.7387, 29.3056]]","[[73.0889, 101.7985, 124.6731], [47.7035, 68.3552, 82.1496], [77.7122, 108.9384, 133.6649], [45.9348, 65.8699, 80.5671], [25.257, 35.7401, 43.4137]]","[[-0.0442, 0.1276, -0.1294], [-0.1011, -0.0026, 0.0454], [-0.2327, -0.2433, -0.0007], [-0.1347, -0.5153, -0.7552], [-0.1719, -0.2085, -0.2782]]",GPU,DROP,
20260913_163549_loop_autots_mr_log_atr3_c,2026-09-13T16:35:49,loop,autots_mr,btc_1min_2y_2024-09-03_2026-09-03,822935ae5e8f,8587,log_atr3_c,99,null,S_m,-0.05570513258186249,0.26666666666666666,-0.15016148788346673,-0.18527194458488605,"[[72.9536, 103.1067, 127.3928], [47.7263, 68.5798, 82.7054], [77.5485, 109.3353, 135.7409], [45.9325, 65.802, 80.5865], [25.2696, 35.9521, 43.8227]]","[[51.0039, 73.1424, 91.7113], [31.9073, 46.6676, 57.4871], [50.7247, 74.6384, 93.845], [31.4991, 44.9558, 55.053], [16.0308, 23.6867, 29.2714]]","[[73.0889, 101.7985, 124.6731], [47.7035, 68.3552, 82.1496], [77.7122, 108.9384, 133.6649], [45.9348, 65.8699, 80.5671], [25.257, 35.7401, 43.4137]]","[[-0.1177, -0.0557, -0.0017], [-0.1485, -0.0032, 0.1862], [-0.1513, -0.1853, -0.1243], [0.0576, -0.0222, -0.0861], [0.0498, 0.0091, -0.1174]]",GPU,DROP,
20260913_163609_loop_autots_mr_log_atr4_c,2026-09-13T16:36:09,loop,autots_mr,btc_1min_2y_2024-09-03_2026-09-03,822935ae5e8f,8587,log_atr4_c,99,null,S_m,-0.16118175748418562,0.2,-0.36649858450374495,-0.4940687395660781,"[[73.0227, 103.2251, 127.9157], [47.7324, 68.5197, 82.8463], [77.4944, 109.2717, 135.3464], [45.9636, 65.9026, 80.915], [25.3194, 36.0432, 43.9017]]","[[51.0391, 73.2794, 91.9969], [31.9088, 46.7035, 57.6179], [50.6817, 74.652, 93.6267], [31.5148, 44.9775, 55.1986], [16.0462, 23.6969, 29.3089]]","[[73.0889, 101.7985, 124.6731], [47.7035, 68.3552, 82.1496], [77.7122, 108.9384, 133.6649], [45.9348, 65.8699, 80.5671], [25.257, 35.7401, 43.4137]]","[[-0.2124, -0.1706, -0.4123], [-0.1612, 0.0843, 0.0162], [-0.0814, -0.127, 0.1667], [-0.0102, -0.175, -0.4941], [-0.1471, -0.2441, -0.2979]]",GPU,DROP,
20260913_163630_loop_autots_mr_log_atr5_c,2026-09-13T16:36:30,loop,autots_mr,btc_1min_2y_2024-09-03_2026-09-03,822935ae5e8f,8587,log_atr5_c,99,null,S_m,-0.12973014084325385,0.3333333333333333,-0.266866656205087,-0.3151068780564259,"[[73.006, 102.9136, 127.3954], [47.7609, 68.5341, 83.0195], [77.4278, 108.9746, 135.3102], [46.0344, 65.9637, 80.7709], [25.3092, 36.002, 43.8874]]","[[51.0997, 73.142, 91.6719], [31.9111, 46.7599, 57.7791], [50.6845, 74.5145, 93.7509], [31.5571, 44.9786, 55.1505], [16.0393, 23.7005, 29.2976]]","[[73.0889, 101.7985, 124.6731], [47.7035, 68.3552, 82.1496], [77.7122, 108.9384, 133.6649], [45.9348, 65.8699, 80.5671], [25.257, 35.7401, 43.4137]]","[[-0.1895, 0.1317, -0.0038], [-0.221, 0.0634, -0.1928], [0.0046, 0.1453, 0.1934], [-0.1643, -0.268, -0.3151], [-0.107, -0.1297, -0.2651]]",GPU,DROP,
20260913_163650_loop_autots_mr_log_atr8_c,2026-09-13T16:36:50,loop,autots_mr,btc_1min_2y_2024-09-03_2026-09-03,822935ae5e8f,8587,log_atr8_c,99,null,S_m,-0.037654645976492596,0.4666666666666667,-0.19760621691418123,-0.3863232759605095,"[[72.9898, 103.2571, 127.8827], [47.7468, 68.528, 82.8013], [77.478, 109.2937, 135.6234], [45.9035, 65.7847, 80.5955], [25.2452, 35.8615, 43.6574]]","[[51.0995, 73.3159, 92.0387], [31.9003, 46.6736, 57.5956], [50.7354, 74.6544, 93.8358], [31.5107, 44.9085, 55.0146], [16.0245, 23.6382, 29.1866]]","[[73.0889, 101.7985, 124.6731], [47.7035, 68.3552, 82.1496], [77.7122, 108.9384, 133.6649], [45.9348, 65.8699, 80.5671], [25.257, 35.7401, 43.4137]]","[[-0.1673, -0.2017, -0.3863], [-0.1915, 0.0723, 0.0705], [-0.0601, -0.1471, -0.0377], [0.1205, 0.0041, -0.0972], [0.1463, 0.2611, 0.2603]]",GPU,DROP,
20260913_163709_loop_autots_mr_log_atr10_c,2026-09-13T16:37:09,loop,autots_mr,btc_1min_2y_2024-09-03_2026-09-03,822935ae5e8f,8587,log_atr10_c,99,null,S_m,-0.05376926626508016,0.26666666666666666,-0.37885678457706623,-0.5817113380671701,"[[73.0173, 103.5531, 128.1316], [47.7575, 68.6144, 82.9666], [77.3643, 109.162, 135.5743], [45.9735, 65.9237, 80.6511], [25.2614, 35.9094, 43.7246]]","[[51.0832, 73.3883, 91.9573], [31.9105, 46.7675, 57.7467], [50.6668, 74.6891, 93.7382], [31.5338, 44.9522, 55.1081], [16.0327, 23.6733, 29.2193]]","[[73.0889, 101.7985, 124.6731], [47.7035, 68.3552, 82.1496], [77.7122, 108.9384, 133.6649], [45.9348, 65.8699, 80.5671], [25.257, 35.7401, 43.4137]]","[[-0.205, -0.4889, -0.5817], [-0.2138, -0.0538, -0.129], [0.0866, -0.0265, -0.0015], [-0.0317, -0.2071, -0.1663], [0.0822, 0.128, 0.1066]]",GPU,DROP,
20260913_163730_loop_autots_mr_log_atr15_c,2026-09-13T16:37:30,loop,autots_mr,btc_1min_2y_2024-09-03_2026-09-03,822935ae5e8f,8587,log_atr15_c,99,null,S_m,-0.03583425516646699,0.3333333333333333,-0.22972665917787793,-0.2493424572884706,"[[73.0278, 103.3062, 127.6012], [47.6153, 68.3368, 82.5686], [77.5037, 109.3913, 135.6992], [45.8888, 65.7522, 80.546], [25.2891, 35.9633, 43.7996]]","[[51.0698, 73.3811, 91.76], [31.8507, 46.5871, 57.5497], [50.697, 74.6652, 93.7658], [31.5076, 44.9447, 55.0422], [16.0263, 23.6739, 29.237]]","[[73.0889, 101.7985, 124.6731], [47.7035, 68.3552, 82.1496], [77.7122, 108.9384, 133.6649], [45.9348, 65.8699, 80.5671], [25.257, 35.7401, 43.4137]]","[[-0.2194, -0.2493, -0.1653], [0.0844, 0.3511, 0.3514], [-0.0933, -0.2366, -0.0936], [0.1525, 0.0536, -0.0358], [-0.0276, -0.022, -0.0647]]",GPU,DROP,
20260913_163749_loop_autots_mr_log_atr2_rv2,2026-09-13T16:37:49,loop,autots_mr,btc_1min_2y_2024-09-03_2026-09-03,822935ae5e8f,8587,log_atr2_rv2,99,null,S_m,-0.17593139616793874,0.13333333333333333,-0.2947267343810811,-0.32523860699198437,"[[72.9673, 103.2243, 127.791], [47.7447, 68.5288, 82.839], [77.6165, 109.4881, 135.824], [45.9759, 65.8906, 80.619], [25.3266, 36.0331, 43.8875]]","[[51.0835, 73.2885, 91.8691], [31.9166, 46.7059, 57.6491], [50.7709, 74.6344, 93.6956], [31.5445, 44.9807, 55.1045], [16.0409, 23.7182, 29.3108]]","[[73.0889, 101.7985, 124.6731], [47.7035, 68.3552, 82.1496], [77.7122, 108.9384, 133.6649], [45.9348, 65.8699, 80.5671], [25.257, 35.7401, 43.4137]]","[[-0.1365, -0.1698, -0.3143], [-0.1871, 0.0711, 0.0251], [-0.2391, -0.3252, -0.1856], [-0.037, -0.1569, -0.1264], [-0.1759, -0.2161, -0.2653]]",GPU,DROP,
20260913_163810_loop_autots_mr_log_atr3_rv3,2026-09-13T16:38:10,loop,autots_mr,btc_1min_2y_2024-09-03_2026-09-03,822935ae5e8f,8587,log_atr3_rv3,99,null,S_m,-0.12866863595697442,0.3333333333333333,-0.3362426772197402,-0.6283787755426484,"[[72.9999, 103.3995, 128.1911], [47.7169, 68.4578, 82.7076], [77.5619, 109.4941, 135.3853], [45.9469, 65.8893, 80.7239], [25.2706, 35.9662, 43.7737]]","[[51.1037, 73.3776, 92.1352], [31.8975, 46.6448, 57.5834], [50.6647, 74.5879, 93.7623], [31.5358, 44.973, 55.1675], [16.0303, 23.6946, 29.2564]]","[[73.0889, 101.7985, 124.6731], [47.7035, 68.3552, 82.1496], [77.7122, 108.9384, 133.6649], [45.9348, 65.8699, 80.5671], [25.257, 35.7401, 43.4137]]","[[-0.1811, -0.3399, -0.6284], [-0.1287, 0.1746, 0.1836], [-0.1685, -0.3308, 0.138], [0.0262, -0.1549, -0.2567], [0.0456, -0.0301, -0.0054]]",GPU,DROP,
20260913_163830_loop_autots_mr_log_atr4_rv4,2026-09-13T16:38:30,loop,autots_mr,btc_1min_2y_2024-09-03_2026-09-03,822935ae5e8f,8587,log_atr4_rv4,99,null,S_m,-0.028402759202084127,0.4666666666666667,-0.32474784923910427,-0.45419557678714195,"[[72.8137, 102.8414, 127.3205], [47.7348, 68.4642, 82.6891], [77.7279, 109.6288, 135.8943], [45.9038, 65.8544, 80.5732], [25.2795, 35.9656, 43.826]]","[[50.9529, 73.054, 91.6372], [31.9116, 46.6511, 57.5348], [50.7911, 74.8473, 94.0019], [31.5203, 44.9405, 55.0348], [16.0399, 23.6809, 29.2889]]","[[73.0889, 101.7985, 124.6731], [47.7035, 68.3552, 82.1496], [77.7122, 108.9384, 133.6649], [45.9348, 65.8699, 80.5671], [25.257, 35.7401, 43.4137]]","[[0.0744, 0.2017, 0.055], [-0.1663, 0.1652, 0.206], [-0.3829, -0.4542, -0.2374], [0.1199, -0.1019, -0.0695], [0.0104, -0.0284, -0.1249]]",GPU,DROP,
20260913_163851_loop_autots_mr_log_atr5_rv5,2026-09-13T16:38:51,loop,autots_mr,btc_1min_2y_2024-09-03_2026-09-03,822935ae5e8f,8587,log_atr5_rv5,99,null,S_m,-0.04774111481149479,0.4,-0.306203040828974,-0.3701269690642217,"[[72.9066, 103.1731, 127.7334], [47.7967, 68.6103, 82.8165], [77.718, 109.4746, 135.0081], [45.8964, 65.7901, 80.6151], [25.2434, 35.9104, 43.6837]]","[[51.0223, 73.2196, 91.8933], [31.9237, 46.6857, 57.5662], [50.7083, 74.5709, 93.5088], [31.5176, 45.0042, 55.1238], [16.0154, 23.645, 29.2097]]","[[73.0889, 101.7985, 124.6731], [47.7035, 68.3552, 82.1496], [77.7122, 108.9384, 133.6649], [45.9348, 65.8699, 80.5671], [25.257, 35.7401, 43.4137]]","[[-0.0532, -0.1201, -0.2691], [-0.2962, -0.0477, 0.0522], [-0.3701, -0.3128, 0.4162], [0.136, -0.004, -0.1216], [0.1533, 0.1251, 0.2002]]",GPU,DROP,
20260913_163912_loop_autots_mr_log_atr8_rv8,2026-09-13T16:39:12,loop,autots_mr,btc_1min_2y_2024-09-03_2026-09-03,822935ae5e8f,8587,log_atr8_rv8,99,null,S_m,-0.11546140391520687,0.13333333333333333,-0.6249955131386953,-0.6960978863547851,"[[72.9674, 103.5848, 128.2773], [47.705, 68.5892, 82.8195], [77.8949, 109.8345, 135.7353], [45.9049, 65.8721, 80.6102], [25.2833, 35.9784, 43.7831]]","[[51.047, 73.4432, 92.0189], [31.907, 46.7624, 57.6252], [50.7705, 74.8098, 94.019], [31.5208, 44.9503, 55.1196], [16.0254, 23.678, 29.2227]]","[[73.0889, 101.7985, 124.6731], [47.7035, 68.3552, 82.1496], [77.7122, 108.9384, 133.6649], [45.9348, 65.8699, 80.5671], [25.257, 35.7401, 43.4137]]","[[-0.1366, -0.5196, -0.6961], [-0.1038, -0.017, 0.0486], [-0.5985, -0.6426, -0.1202], [0.1175, -0.1288, -0.1155], [-0.0043, -0.0642, -0.0269]]",GPU,DROP,
20260913_163932_loop_autots_mr_log_atr10_rv10,2026-09-13T16:39:32,loop,autots_mr,btc_1min_2y_2024-09-03_2026-09-03,822935ae5e8f,8587,log_atr10_rv10,99,null,S_m,-0.03260207878759136,0.4666666666666667,-0.3610786038817926,-0.6412424350914936,"[[72.8369, 103.1042, 127.4815], [47.7277, 68.557, 82.7428], [77.7621, 109.833, 135.9278], [45.9253, 65.8088, 80.6079], [25.234, 35.9099, 43.7247]]","[[51.0067, 73.286, 91.8397], [31.8968, 46.8219, 57.7789], [50.7441, 74.7778, 93.8766], [31.5121, 44.9595, 55.0144], [16.0076, 23.6697, 29.2217]]","[[73.0889, 101.7985, 124.6731], [47.7035, 68.3552, 82.1496], [77.7122, 108.9384, 133.6649], [45.9348, 65.8699, 80.5671], [25.257, 35.7401, 43.4137]]","[[0.0426, -0.0533, -0.0714], [-0.1513, 0.03, 0.1411], [-0.427, -0.6412, -0.2622], [0.073, -0.0326, -0.1127], [0.1904, 0.1264, 0.1066]]",GPU,DROP,
20260913_163952_loop_autots_mr_log_atr15_rv15,2026-09-13T16:39:52,loop,autots_mr,btc_1min_2y_2024-09-03_2026-09-03,822935ae5e8f,8587,log_atr15_rv15,99,null,S_m,-0.027518558167205498,0.4666666666666667,-0.469083901715055,-0.6757325276554926,"[[73.0854, 103.5283, 128.2514], [47.708, 68.2916, 82.2715], [77.7711, 109.6482, 135.259], [45.9252, 65.8068, 80.5394], [25.2533, 35.8845, 43.6859]]","[[51.0744, 73.4489, 92.1529], [31.8946, 46.6344, 57.4634], [50.7973, 74.6761, 93.633], [31.5348, 44.9712, 55.0727], [16.0124, 23.665, 29.2219]]","[[73.0889, 101.7985, 124.6731], [47.7035, 68.3552, 82.1496], [77.7122, 108.9384, 133.6649], [45.9348, 65.8699, 80.5671], [25.257, 35.7401, 43.4137]]","[[-0.2985, -0.4648, -0.6757], [-0.11, 0.4169, 0.7099], [-0.4386, -0.4719, 0.2311], [0.0733, -0.0296, -0.0275], [0.1141, 0.197, 0.1951]]",GPU,DROP,
20260913_164012_loop_autots_mr_kcw_2,2026-09-13T16:40:12,loop,autots_mr,btc_1min_2y_2024-09-03_2026-09-03,822935ae5e8f,8587,kcw_2,99,null,S_m,-0.06705234016786132,0.4,-0.3567434267071956,-0.6287517653483787,"[[72.9168, 103.1042, 127.8607], [47.6378, 68.4568, 82.7808], [77.3793, 108.8842, 134.9462], [46.0108, 66.01, 81.0234], [25.3431, 36.0501, 43.8894]]","[[50.9922, 73.2983, 91.8498], [31.8849, 46.6827, 57.5672], [50.6796, 74.4941, 93.6348], [31.5367, 45.0541, 55.1836], [16.0432, 23.704, 29.2864]]","[[73.0889, 101.7985, 124.6731], [47.7035, 68.3552, 82.1496], [77.7122, 108.9384, 133.6649], [45.9348, 65.8699, 80.5671], [25.257, 35.7401, 43.4137]]","[[-0.0671, -0.0532, -0.369], [0.0372, 0.1761, 0.0953], [0.0673, 0.2281, 0.4618], [-0.1129, -0.3383, -0.6288], [-0.2409, -0.2634, -0.2698]]",GPU,DROP,
20260913_164032_loop_autots_mr_kcw_3,2026-09-13T16:40:32,loop,autots_mr,btc_1min_2y_2024-09-03_2026-09-03,822935ae5e8f,8587,kcw_3,99,null,S_m,0.005138021161721351,0.5333333333333333,-0.05081251809607057,-0.2919782037495988,"[[73.0807, 103.0894, 127.1846], [47.6249, 68.574, 82.8939], [77.4751, 109.1121, 134.8309], [45.8457, 65.7762, 80.5514], [25.2822, 35.9487, 43.7796]]","[[51.0749, 73.2379, 91.8115], [31.8807, 46.7182, 57.6167], [50.6813, 74.5206, 93.5126], [31.4627, 44.878, 55.0269], [16.0338, 23.6928, 29.2718]]","[[73.0889, 101.7985, 124.6731], [47.7035, 68.3552, 82.1496], [77.7122, 108.9384, 133.6649], [45.9348, 65.8699, 80.5671], [25.257, 35.7401, 43.4137]]","[[-0.292, -0.0389, 0.1617], [0.0643, 0.0051, -0.0412], [-0.0564, 0.0193, 0.5469], [0.2463, 0.017, -0.0424], [-0.0, 0.0186, -0.0189]]",GPU,KEEP,
20260913_164052_loop_autots_mr_kcw_4,2026-09-13T16:40:52,loop,autots_mr,btc_1min_2y_2024-09-03_2026-09-03,822935ae5e8f,8587,kcw_4,100,null,S_m,-0.21715506466326584,0.2,-0.39960461047335194,-0.463828892887741,"[[72.903, 102.8827, 127.3811], [47.786, 68.8761, 83.0739], [77.4185, 109.2838, 135.4563], [45.9843, 65.9683, 80.8096], [25.3031, 36.0051, 43.8815]]","[[51.0324, 73.2057, 91.8351], [31.93, 46.9901, 57.9341], [50.6566, 74.6122, 93.7086], [31.5281, 45.0009, 55.1974], [16.0446, 23.7163, 29.3006]]","[[73.0889, 101.7985, 124.6731], [47.7035, 68.3552, 82.1496], [77.7122, 108.9384, 133.6649], [45.9348, 65.8699, 80.5671], [25.257, 35.7401, 43.4137]]","[[0.2431, 0.2005, -0.1545], [-0.3382, -0.4405, -0.2172], [0.0731, -0.1573, -0.4638], [-0.3024, -0.292, -0.3205], [-0.0827, -0.1569, -0.2329]]",GPU,DROP,
20260913_164113_loop_autots_mr_kcw_5,2026-09-13T16:41:13,loop,autots_mr,btc_1min_2y_2024-09-03_2026-09-03,822935ae5e8f,8587,kcw_5,100,null,S_m,-0.09081409051294731,0.4,-0.35263321948853843,-0.835122618155526,"[[73.2202, 103.4313, 128.2467], [47.6682, 68.353, 82.607], [77.4502, 109.1851, 135.3252], [45.9443, 65.8927, 80.7877], [25.2522, 35.8976, 43.765]]","[[51.1227, 73.4047, 92.1364], [31.8897, 46.6198, 57.5379], [50.6694, 74.5588, 93.4876], [31.5368, 45.0101, 55.1663], [16.0174, 23.6826, 29.2664]]","[[73.0889, 101.7985, 124.6731], [47.7035, 68.3552, 82.1496], [77.7122, 108.9384, 133.6649], [45.9348, 65.8699, 80.5671], [25.257, 35.7401, 43.4137]]","[[-0.1909, -0.3316, -0.8351], [-0.0908, 0.3223, 0.3461], [0.0321, -0.0669, -0.3666], [-0.2151, -0.1771, -0.2934], [0.1185, 0.1419, 0.0333]]",GPU,DROP,
20260913_164133_loop_autots_mr_kcw_8,2026-09-13T16:41:33,loop,autots_mr,btc_1min_2y_2024-09-03_2026-09-03,822935ae5e8f,8587,kcw_8,100,null,S_m,-0.09763802640732067,0.3333333333333333,-0.3832375394266174,-0.938994076898747,"[[73.1373, 103.3047, 127.7266], [47.6393, 68.36, 82.6462], [77.5905, 109.3864, 136.0969], [45.9919, 65.8822, 80.63], [25.2531, 35.8712, 43.6937]]","[[51.1362, 73.299, 91.8331], [31.8927, 46.6425, 57.5805], [50.756, 74.6726, 93.9743], [31.5323, 44.9668, 55.0186], [16.0294, 23.6599, 29.2322]]","[[73.0889, 101.7985, 124.6731], [47.7035, 68.3552, 82.1496], [77.7122, 108.9384, 133.6649], [45.9348, 65.8699, 80.5671], [25.257, 35.7401, 43.4137]]","[[-0.0775, -0.2089, -0.4262], [-0.0301, 0.3121, 0.2988], [-0.1489, -0.2514, -0.939], [-0.3188, -0.1611, -0.0976], [0.1148, 0.2155, 0.1962]]",GPU,DROP,
20260913_164153_loop_autots_mr_kcw_10,2026-09-13T16:41:53,loop,autots_mr,btc_1min_2y_2024-09-03_2026-09-03,822935ae5e8f,8587,kcw_10,100,null,S_m,-0.15512934305599302,0.26666666666666666,-0.4538105856075836,-0.7152925614621886,"[[73.187, 103.5343, 128.0943], [47.7426, 68.4847, 82.6001], [77.4331, 109.2582, 135.1871], [45.9859, 65.985, 80.9288], [25.2698, 35.9967, 43.8475]]","[[51.1288, 73.3792, 92.0182], [31.9109, 46.6612, 57.5383], [50.6747, 74.5756, 93.6726], [31.5234, 45.0273, 55.1015], [16.0409, 23.7215, 29.301]]","[[73.0889, 101.7985, 124.6731], [47.7035, 68.3552, 82.1496], [77.7122, 108.9384, 133.6649], [45.9348, 65.8699, 80.5671], [25.257, 35.7401, 43.4137]]","[[-0.1456, -0.4316, -0.7153], [-0.2471, 0.1303, 0.3544], [0.0541, -0.1339, -0.2642], [-0.3058, -0.3174, -0.4686], [0.0488, -0.1337, -0.1551]]",GPU,DROP,
20260913_164213_loop_autots_mr_kcw_15,2026-09-13T16:42:13,loop,autots_mr,btc_1min_2y_2024-09-03_2026-09-03,822935ae5e8f,8587,kcw_15,100,null,S_m,-0.13632224128858894,0.26666666666666666,-0.45340131755574387,-0.8487510913732343,"[[72.9939, 103.4425, 127.8046], [47.6475, 68.6033, 83.0069], [77.5355, 109.551, 135.9752], [45.9738, 65.8701, 80.7775], [25.2183, 35.839, 43.614]]","[[51.0434, 73.3712, 91.9558], [31.8759, 46.7806, 57.741], [50.7258, 74.6939, 93.8669], [31.5117, 44.9962, 55.1493], [16.0144, 23.657, 29.2]]","[[73.0889, 101.7985, 124.6731], [47.7035, 68.3552, 82.1496], [77.7122, 108.9384, 133.6649], [45.9348, 65.8699, 80.5671], [25.257, 35.7401, 43.4137]]","[[0.1186, -0.3425, -0.4875], [-0.0473, -0.0427, -0.1363], [-0.078, -0.4023, -0.8488], [-0.2794, -0.1426, -0.2807], [0.2526, 0.3051, 0.3782]]",GPU,DROP,
20260913_164233_loop_autots_mr_mfi1_centered,2026-09-13T16:42:33,loop,autots_mr,btc_1min_2y_2024-09-03_2026-09-03,822935ae5e8f,8587,mfi1_centered,100,null,S_m,-0.09319021228255675,0.4,-0.370367236672835,-0.7934844971378308,"[[73.1597, 103.5462, 128.1938], [47.7493, 68.5049, 82.7655], [77.4953, 109.0451, 135.1754], [45.8884, 65.8553, 80.7454], [25.2779, 35.9182, 43.7514]]","[[51.06, 73.3114, 92.0937], [31.9109, 46.6914, 57.6493], [50.7027, 74.4475, 93.6386], [31.5048, 44.9745, 55.1813], [16.0292, 23.6897, 29.2533]]","[[73.0889, 101.7985, 124.6731], [47.7035, 68.3552, 82.1496], [77.7122, 108.9384, 133.6649], [45.9348, 65.8699, 80.5671], [25.257, 35.7401, 43.4137]]","[[-0.1082, -0.4431, -0.7935], [-0.2612, 0.1008, 0.1549], [-0.026, 0.0615, -0.2556], [-0.0932, -0.1203, -0.2409], [0.017, 0.0848, 0.0644]]",GPU,DROP,
20260913_164253_loop_autots_mr_mfi2_centered,2026-09-13T16:42:53,loop,autots_mr,btc_1min_2y_2024-09-03_2026-09-03,822935ae5e8f,8587,mfi2_centered,100,null,S_m,-0.09080667190273228,0.4,-0.3510363876070155,-0.6354746521974874,"[[72.7371, 103.1656, 127.502], [47.729, 68.4696, 82.4763], [77.672, 109.5656, 135.6877], [45.8873, 65.8815, 80.7146], [25.2596, 35.9234, 43.7626]]","[[51.0083, 73.2467, 91.8462], [31.9064, 46.673, 57.4813], [50.7499, 74.7454, 93.8005], [31.5038, 44.944, 55.0571], [16.0195, 23.6964, 29.26]]","[[73.0889, 101.7985, 124.6731], [47.7035, 68.3552, 82.1496], [77.7122, 108.9384, 133.6649], [45.9348, 65.8699, 80.5671], [25.257, 35.7401, 43.4137]]","[[0.4701, -0.0739, -0.2496], [-0.2185, 0.1523, 0.5038], [-0.2541, -0.4157, -0.6355], [-0.0908, -0.1601, -0.2027], [0.0892, 0.0703, 0.0388]]",GPU,DROP,
20260913_164314_loop_autots_mr_mfi3_centered,2026-09-13T16:43:14,loop,autots_mr,btc_1min_2y_2024-09-03_2026-09-03,822935ae5e8f,8587,mfi3_centered,100,null,S_m,-0.08452374200991208,0.26666666666666666,-0.33750057871310357,-0.5479386327892799,"[[73.1948, 103.4474, 127.8815], [47.7787, 68.6644, 82.734], [77.4248, 108.9606, 134.9993], [45.9016, 65.7652, 80.5997], [25.2871, 35.9791, 43.8133]]","[[51.0836, 73.3343, 91.8583], [31.9281, 46.7462, 57.5343], [50.6536, 74.4095, 93.5541], [31.4961, 44.8933, 54.989], [16.033, 23.6775, 29.235]]","[[73.0889, 101.7985, 124.6731], [47.7035, 68.3552, 82.1496], [77.7122, 108.9384, 133.6649], [45.9348, 65.8699, 80.5671], [25.257, 35.7401, 43.4137]]","[[-0.1563, -0.3473, -0.5479], [-0.3229, -0.1317, 0.193], [0.065, 0.1389, -0.1249], [-0.122, 0.0168, -0.06], [-0.0194, -0.0845, -0.077]]",GPU,DROP,
20260913_164334_loop_autots_mr_mfi4_centered,2026-09-13T16:43:34,loop,autots_mr,btc_1min_2y_2024-09-03_2026-09-03,822935ae5e8f,8587,mfi4_centered,100,null,S_m,-0.05554857228420307,0.4,-0.32760022342574135,-0.5158217854378533,"[[73.151, 103.334, 127.6779], [47.6228, 68.3662, 82.5413], [77.4393, 109.1664, 135.5264], [45.925, 65.8691, 80.7392], [25.2962, 35.9327, 43.7374]]","[[51.0729, 73.3259, 92.0576], [31.8901, 46.665, 57.5384], [50.7108, 74.6118, 93.9087], [31.52, 45.0267, 55.1627], [16.0363, 23.6577, 29.1983]]","[[73.0889, 101.7985, 124.6731], [47.7035, 68.3552, 82.1496], [77.7122, 108.9384, 133.6649], [45.9348, 65.8699, 80.5671], [25.257, 35.7401, 43.4137]]","[[-0.0963, -0.2372, -0.3879], [0.0044, 0.3031, 0.4254], [0.0463, -0.0498, -0.5158], [-0.1729, -0.1412, -0.2332], [-0.0555, 0.0444, 0.0963]]",GPU,DROP,
20260913_164355_loop_autots_mr_mfi5_centered,2026-09-13T16:43:55,loop,autots_mr,btc_1min_2y_2024-09-03_2026-09-03,822935ae5e8f,8587,mfi5_centered,100,null,S_m,-0.057767450116985586,0.26666666666666666,-0.3913865528063232,-0.47597791264724076,"[[72.9644, 103.202, 127.7899], [47.6677, 68.3217, 82.4969], [77.396, 109.155, 135.2148], [45.9281, 65.9085, 80.9239], [25.2868, 35.9535, 43.8049]]","[[51.0333, 73.1359, 91.8508], [31.8626, 46.5869, 57.4214], [50.5976, 74.5061, 93.4502], [31.5085, 45.0342, 55.2541], [16.0385, 23.6766, 29.2408]]","[[73.0889, 101.7985, 124.6731], [47.7035, 68.3552, 82.1496], [77.7122, 108.9384, 133.6649], [45.9348, 65.8699, 80.5671], [25.257, 35.7401, 43.4137]]","[[0.1591, -0.1092, -0.476], [-0.0897, 0.368, 0.4789], [0.1021, -0.0393, -0.2847], [-0.1798, -0.2011, -0.4625], [-0.0182, -0.0135, -0.0578]]",GPU,DROP,
20260913_164416_loop_autots_mr_mfi8_centered,2026-09-13T16:44:16,loop,autots_mr,btc_1min_2y_2024-09-03_2026-09-03,822935ae5e8f,8587,mfi8_centered,100,null,S_m,-0.0934236814897682,0.2,-0.27173213563824294,-0.6977861696598531,"[[72.9088, 103.3837, 128.0721], [47.6694, 68.3917, 82.6179], [77.5368, 109.1467, 134.9899], [45.9594, 65.8156, 80.5542], [25.3204, 36.0018, 43.8895]]","[[51.0733, 73.3337, 92.1503], [31.8979, 46.6264, 57.5014], [50.7284, 74.6554, 93.6461], [31.5126, 44.8891, 54.9937], [16.0626, 23.7269, 29.3087]]","[[73.0889, 101.7985, 124.6731], [47.7035, 68.3552, 82.1496], [77.7122, 108.9384, 133.6649], [45.9348, 65.8699, 80.5671], [25.257, 35.7401, 43.4137]]","[[0.2351, -0.2854, -0.6978], [-0.0934, 0.2658, 0.3329], [-0.0796, -0.0317, -0.1179], [-0.2481, -0.0598, -0.0035], [-0.1514, -0.1478, -0.2512]]",GPU,DROP,
20260913_164436_loop_autots_mr_mfi10_centered,2026-09-13T16:44:36,loop,autots_mr,btc_1min_2y_2024-09-03_2026-09-03,822935ae5e8f,8587,mfi10_centered,100,null,S_m,-0.05259740573297922,0.3333333333333333,-0.2589885769600908,-0.5452285625080044,"[[72.9133, 102.9789, 127.3086], [47.7623, 68.496, 82.5592], [77.5158, 109.3443, 135.566], [45.9302, 65.9043, 80.7243], [25.2882, 35.9432, 43.7998]]","[[51.0205, 73.1679, 91.8598], [31.9131, 46.7241, 57.6064], [50.6788, 74.5342, 93.5625], [31.5194, 44.9673, 55.1194], [16.0392, 23.6882, 29.2647]]","[[73.0889, 101.7985, 124.6731], [47.7035, 68.3552, 82.1496], [77.7122, 108.9384, 133.6649], [45.9348, 65.8699, 80.5671], [25.257, 35.7401, 43.4137]]","[[0.2291, 0.1072, -0.0975], [-0.2885, 0.1138, 0.4038], [-0.0526, -0.2128, -0.5452], [-0.1843, -0.1946, -0.2147], [-0.0239, 0.0153, -0.0462]]",GPU,DROP,
20260913_164457_loop_autots_mr_mfi15_centered,2026-09-13T16:44:57,loop,autots_mr,btc_1min_2y_2024-09-03_2026-09-03,822935ae5e8f,8587,mfi15_centered,100,null,S_m,-0.03863178085714569,0.4,-0.17123269842712396,-0.6314565858693832,"[[73.0376, 103.1471, 127.2984], [47.6868, 68.5569, 82.7983], [77.5248, 109.329, 135.6823], [45.8676, 65.7517, 80.5013], [25.285, 35.9422, 43.7965]]","[[51.0975, 73.2407, 91.83], [31.9063, 46.6984, 57.5606], [50.6998, 74.6915, 93.7876], [31.5028, 44.9261, 55.0139], [16.0326, 23.6723, 29.2345]]","[[73.0889, 101.7985, 124.6731], [47.7035, 68.3552, 82.1496], [77.7122, 108.9384, 133.6649], [45.9348, 65.8699, 80.5671], [25.257, 35.7401, 43.4137]]","[[0.0589, -0.056, -0.0895], [-0.1299, 0.025, 0.1153], [-0.0641, -0.1988, -0.6315], [-0.0477, 0.0374, 0.0621], [-0.0114, 0.018, -0.0386]]",GPU,DROP,
20260913_164517_loop_autots_mr_ad_vwclv_1,2026-09-13T16:45:17,loop,autots_mr,btc_1min_2y_2024-09-03_2026-09-03,822935ae5e8f,8587,ad_vwclv_1,100,null,S_m,-0.02112962366651594,0.4666666666666667,-1.8856423813682177,-4.035041158974195,"[[73.1283, 103.0029, 126.9633], [47.7115, 68.5456, 82.7485], [78.7864, 111.3101, 140.2714], [45.9031, 65.7372, 80.6187], [25.2875, 35.9007, 43.6638]]","[[51.1027, 73.2167, 91.804], [31.9594, 46.779, 57.7013], [51.109, 75.5553, 95.3229], [31.5184, 44.8739, 55.0247], [16.0451, 23.6732, 29.2694]]","[[73.0889, 101.7985, 124.6731], [47.7035, 68.3552, 82.1496], [77.7122, 108.9384, 133.6649], [45.9348, 65.8699, 80.5671], [25.257, 35.7401, 43.4137]]","[[-0.0652, 0.0839, 0.174], [-0.1818, 0.0414, 0.1754], [-1.6925, -2.0144, -4.035], [-0.1251, 0.0594, -0.0836], [-0.0211, 0.1336, 0.2644]]",GPU,DROP,
20260913_164538_loop_autots_mr_ad_vwclv_2,2026-09-13T16:45:38,loop,autots_mr,btc_1min_2y_2024-09-03_2026-09-03,822935ae5e8f,8587,ad_vwclv_2,100,null,S_m,-0.10013290182624424,0.26666666666666666,-0.6474465081091374,-1.5158834703596025,"[[73.0838, 103.2201, 127.3586], [47.6702, 68.4829, 82.5], [77.5527, 109.8327, 136.8747], [45.9827, 65.9463, 81.0573], [25.2556, 35.9371, 43.8119]]","[[51.0759, 73.2221, 91.7285], [31.8915, 46.7144, 57.5253], [50.7928, 74.8778, 94.2543], [31.5267, 44.9914, 55.2385], [16.0244, 23.7044, 29.2882]]","[[73.0889, 101.7985, 124.6731], [47.7035, 68.3552, 82.1496], [77.7122, 108.9384, 133.6649], [45.9348, 65.8699, 80.5671], [25.257, 35.7401, 43.4137]]","[[-0.0043, -0.1268, -0.1369], [-0.095, 0.1328, 0.4753], [-0.1001, -0.6604, -1.5159], [-0.2989, -0.2585, -0.6281], [0.1051, 0.0321, -0.0738]]",GPU,DROP,
20260913_164558_loop_autots_mr_ad_vwclv_3,2026-09-13T16:45:58,loop,autots_mr,btc_1min_2y_2024-09-03_2026-09-03,822935ae5e8f,8587,ad_vwclv_3,100,null,S_m,-0.20471352190509773,0.06666666666666667,-0.41957742252383134,-0.6240542326537923,"[[73.2242, 103.5583, 127.9783], [47.6524, 68.618, 82.9208], [77.6337, 109.3374, 135.3033], [45.9477, 65.9413, 80.8467], [25.2841, 35.9408, 43.8083]]","[[51.0699, 73.3632, 92.1239], [31.8986, 46.8759, 57.7587], [50.7516, 74.6552, 93.5638], [31.5201, 45.0399, 55.1739], [16.0374, 23.6979, 29.2698]]","[[73.0889, 101.7985, 124.6731], [47.7035, 68.3552, 82.1496], [77.7122, 108.9384, 133.6649], [45.9348, 65.8699, 80.5671], [25.257, 35.7401, 43.4137]]","[[-0.1964, -0.4549, -0.6241], [-0.0577, -0.0642, -0.0324], [-0.2047, -0.2065, -0.3504], [-0.2225, -0.251, -0.3667], [-0.0078, 0.0219, -0.0656]]",GPU,DROP,
20260913_164619_loop_autots_mr_ad_vwclv_4,2026-09-13T16:46:19,loop,autots_mr,btc_1min_2y_2024-09-03_2026-09-03,822935ae5e8f,8587,ad_vwclv_4,100,null,S_m,-0.13809522637830973,0.3333333333333333,-0.37722666570382035,-0.6071173676646779,"[[73.0339, 103.0274, 127.4178], [47.6807, 68.4695, 82.5432], [77.5821, 109.4897, 135.6495], [45.9401, 66.038, 80.8002], [25.2682, 35.9654, 43.8601]]","[[51.0819, 73.2376, 91.8513], [31.889, 46.6674, 57.5378], [50.7256, 74.6979, 93.8185], [31.5096, 45.0543, 55.1372], [16.0295, 23.6999, 29.2949]]","[[73.0889, 101.7985, 124.6731], [47.7035, 68.3552, 82.1496], [77.7122, 108.9384, 133.6649], [45.9348, 65.8699, 80.5671], [25.257, 35.7401, 43.4137]]","[[0.064, 0.0602, -0.1834], [-0.1172, 0.1524, 0.4231], [-0.1381, -0.346, -0.6071], [-0.2059, -0.398, -0.3089], [0.0554, -0.0467, -0.184]]",GPU,DROP,
20260913_164639_loop_autots_mr_ad_vwclv_8,2026-09-13T16:46:39,loop,autots_mr,btc_1min_2y_2024-09-03_2026-09-03,822935ae5e8f,8587,ad_vwclv_8,100,null,S_m,-0.10174395061768315,0.3333333333333333,-0.30972027925683765,-0.6111309079172678,"[[72.8592, 102.8776, 127.4105], [47.7303, 68.6328, 82.9783], [77.4899, 109.2621, 135.6549], [45.9929, 65.9678, 80.7871], [25.2719, 35.8819, 43.7445]]","[[51.0383, 73.1612, 91.8668], [31.9111, 46.759, 57.6478], [50.7149, 74.5743, 93.7347], [31.5468, 45.0767, 55.1495], [16.0298, 23.662, 29.2324]]","[[73.0889, 101.7985, 124.6731], [47.7035, 68.3552, 82.1496], [77.7122, 108.9384, 133.6649], [45.9348, 65.8699, 80.5671], [25.257, 35.7401, 43.4137]]","[[0.3031, 0.2055, -0.1776], [-0.2212, -0.0858, -0.1017], [-0.0191, -0.1374, -0.6111], [-0.3211, -0.2913, -0.2927], [0.0407, 0.1856, 0.0802]]",GPU,DROP,
20260913_164659_loop_autots_mr_ad_vwclv_10,2026-09-13T16:46:59,loop,autots_mr,btc_1min_2y_2024-09-03_2026-09-03,822935ae5e8f,8587,ad_vwclv_10,100,null,S_m,-0.05194226044267225,0.4,-0.2728150460844647,-0.6149603431140349,"[[73.0791, 103.2619, 127.3589], [47.6497, 68.416, 82.5946], [77.6497, 109.4243, 135.66], [45.9616, 65.8041, 80.746], [25.2586, 35.9196, 43.7287]]","[[51.0583, 73.2696, 91.8486], [31.8829, 46.6838, 57.5546], [50.7969, 74.7255, 93.824], [31.5162, 44.9284, 55.0918], [16.0199, 23.6646, 29.2312]]","[[73.0889, 101.7985, 124.6731], [47.7035, 68.3552, 82.1496], [77.7122, 108.9384, 133.6649], [45.9348, 65.8699, 80.5671], [25.257, 35.7401, 43.4137]]","[[0.0022, -0.1673, -0.1371], [-0.0519, 0.2304, 0.3611], [-0.2254, -0.2861, -0.615], [-0.2529, -0.0424, -0.2416], [0.0934, 0.0808, 0.1161]]",GPU,DROP,
20260913_164719_loop_autots_mr_dd_2,2026-09-13T16:47:19,loop,autots_mr,btc_1min_2y_2024-09-03_2026-09-03,822935ae5e8f,8587,dd_2,100,null,S_m,-0.0408579028887468,0.3333333333333333,-0.47596013195851494,-0.6869638469742645,"[[72.8859, 103.0616, 127.8067], [47.6733, 68.4474, 82.765], [77.6573, 109.6098, 135.7571], [45.939, 65.8709, 80.5843], [25.2864, 35.9573, 43.7781]]","[[51.0209, 73.3602, 92.0733], [31.892, 46.7355, 57.7761], [50.8101, 74.749, 93.7675], [31.5223, 44.9089, 55.0088], [16.0428, 23.6973, 29.2485]]","[[73.0889, 101.7985, 124.6731], [47.7035, 68.3552, 82.1496], [77.7122, 108.9384, 133.6649], [45.9348, 65.8699, 80.5671], [25.257, 35.7401, 43.4137]]","[[0.2665, 0.027, -0.4892], [-0.1015, 0.1847, 0.1555], [-0.2352, -0.4562, -0.687], [-0.2034, -0.1439, -0.0409], [-0.0169, -0.0241, 0.0035]]",GPU,DROP,
20260913_164739_loop_autots_mr_dd_3,2026-09-13T16:47:39,loop,autots_mr,btc_1min_2y_2024-09-03_2026-09-03,822935ae5e8f,8587,dd_3,100,null,S_m,-0.16302773160434825,0.13333333333333333,-0.7504614544126564,-0.9202685867967908,"[[73.3127, 103.7922, 128.355], [47.7149, 68.524, 82.7354], [77.6893, 109.6106, 135.9045], [45.9165, 65.8718, 80.6827], [25.2853, 35.9539, 43.8114]]","[[51.1773, 73.4019, 92.1447], [31.9178, 46.7327, 57.5902], [50.8025, 74.8263, 93.77], [31.5155, 44.9324, 55.0876], [16.0293, 23.6752, 29.2416]]","[[73.0889, 101.7985, 124.6731], [47.7035, 68.3552, 82.1496], [77.7122, 108.9384, 133.6649], [45.9348, 65.8699, 80.5671], [25.257, 35.7401, 43.4137]]","[[-0.3176, -0.6817, -0.9203], [-0.1888, 0.073, 0.1912], [-0.2765, -0.4568, -0.7963], [-0.1544, -0.1452, -0.163], [-0.0122, -0.0145, -0.0728]]",GPU,DROP,
20260913_164759_loop_autots_mr_dd_4,2026-09-13T16:47:59,loop,autots_mr,btc_1min_2y_2024-09-03_2026-09-03,822935ae5e8f,8587,dd_4,100,null,S_m,-0.05459492604837912,0.3333333333333333,-0.5094842641222774,-0.7085514058320364,"[[72.9883, 102.9907, 127.9082], [47.7139, 68.5059, 82.7], [77.5721, 109.5706, 135.7862], [45.8817, 65.808, 80.5953], [25.2699, 35.9642, 43.8104]]","[[51.0838, 73.2254, 92.1609], [31.9164, 46.6769, 57.5388], [50.7018, 74.7652, 93.9043], [31.491, 44.9719, 55.0664], [16.0289, 23.6848, 29.2684]]","[[73.0889, 101.7985, 124.6731], [47.7035, 68.3552, 82.1496], [77.7122, 108.9384, 133.6649], [45.9348, 65.8699, 80.5671], [25.257, 35.7401, 43.4137]]","[[0.1264, 0.0958, -0.569], [-0.1869, 0.0994, 0.2339], [-0.1252, -0.4202, -0.7086], [-0.0785, -0.0483, -0.0546], [0.0485, -0.0433, -0.0705]]",GPU,DROP,
20260913_164819_loop_autots_mr_dd_5,2026-09-13T16:48:19,loop,autots_mr,btc_1min_2y_2024-09-03_2026-09-03,822935ae5e8f,8587,dd_5,100,null,S_m,-0.08693751972761454,0.2,-0.2997061479146712,-0.9312497406973153,"[[73.0793, 103.2044, 127.4787], [47.6892, 68.329, 82.3405], [77.4835, 109.4889, 136.0865], [45.8856, 65.78, 80.5587], [25.2971, 35.9823, 43.8263]]","[[51.0096, 73.2252, 91.8682], [31.917, 46.6272, 57.4631], [50.6881, 74.711, 93.9351], [31.4891, 44.9435, 55.0024], [16.0311, 23.6995, 29.2506]]","[[73.0889, 101.7985, 124.6731], [47.7035, 68.3552, 82.1496], [77.7122, 108.9384, 133.6649], [45.9348, 65.8699, 80.5671], [25.257, 35.7401, 43.4137]]","[[0.0019, -0.1115, -0.2313], [-0.135, 0.3573, 0.6677], [-0.0108, -0.3453, -0.9312], [-0.0869, -0.0058, -0.0091], [-0.0591, -0.0936, -0.1068]]",GPU,DROP,
20260913_164839_loop_autots_mr_dd_8,2026-09-13T16:48:39,loop,autots_mr,btc_1min_2y_2024-09-03_2026-09-03,822935ae5e8f,8587,dd_8,100,null,S_m,-0.15040695111263602,0.2,-0.46861006520367177,-0.8982973165702068,"[[73.0687, 103.3048, 127.7506], [47.6905, 68.4126, 82.662], [77.6173, 109.6406, 136.0421], [45.9841, 65.8801, 80.5739], [25.3202, 35.9578, 43.8129]]","[[51.0711, 73.3374, 91.9778], [31.885, 46.6539, 57.5584], [50.7095, 74.7829, 94.0135], [31.5324, 44.9261, 54.9971], [16.0481, 23.7152, 29.2855]]","[[73.0889, 101.7985, 124.6731], [47.7035, 68.3552, 82.1496], [77.7122, 108.9384, 133.6649], [45.9348, 65.8699, 80.5671], [25.257, 35.7401, 43.4137]]","[[0.0164, -0.2089, -0.445], [-0.1378, 0.2354, 0.2798], [-0.1835, -0.4843, -0.8983], [-0.3019, -0.1579, -0.028], [-0.1504, -0.0254, -0.076]]",GPU,DROP,
20260913_164900_loop_autots_mr_dd_10,2026-09-13T16:49:00,loop,autots_mr,btc_1min_2y_2024-09-03_2026-09-03,822935ae5e8f,8587,dd_10,100,null,S_m,-0.08594874290677179,0.4666666666666667,-0.44149361699964196,-0.6665853418661216,"[[73.0647, 103.2205, 127.8432], [47.7806, 68.4604, 82.7464], [77.5784, 109.2746, 135.7296], [45.9509, 65.8328, 80.5482], [25.2515, 35.9027, 43.6972]]","[[51.0883, 73.3519, 92.0239], [31.9403, 46.6546, 57.5524], [50.7013, 74.6005, 93.8406], [31.5146, 44.9478, 55.022], [16.0229, 23.6732, 29.2592]]","[[73.0889, 101.7985, 124.6731], [47.7035, 68.3552, 82.1496], [77.7122, 108.9384, 133.6649], [45.9348, 65.8699, 80.5671], [25.257, 35.7401, 43.4137]]","[[0.0219, -0.1272, -0.5179], [-0.327, 0.1657, 0.178], [-0.1333, -0.1489, -0.6666], [-0.2295, -0.0859, 0.0039], [0.1215, 0.128, 0.1882]]",GPU,DROP,
20260913_164921_loop_autots_mr_dd_15,2026-09-13T16:49:21,loop,autots_mr,btc_1min_2y_2024-09-03_2026-09-03,822935ae5e8f,8587,dd_15,100,null,S_m,-0.26722580314457733,0.2,-0.6928642426466469,-1.2462636353194778,"[[73.1785, 103.6568, 128.1866], [47.7522, 68.5704, 82.7281], [77.6174, 109.6906, 136.5112], [45.9744, 66.0038, 80.8687], [25.2751, 35.9812, 43.8716]]","[[51.1258, 73.4047, 92.1166], [31.9101, 46.6993, 57.6221], [50.7454, 74.6468, 94.0203], [31.5273, 45.041, 55.1812], [16.0284, 23.7065, 29.2911]]","[[73.0889, 101.7985, 124.6731], [47.7035, 68.3552, 82.1496], [77.7122, 108.9384, 133.6649], [45.9348, 65.8699, 80.5671], [25.257, 35.7401, 43.4137]]","[[-0.1339, -0.5504, -0.7878], [-0.2672, 0.0053, 0.2001], [-0.1837, -0.5302, -1.2463], [-0.2807, -0.346, -0.394], [0.0279, -0.0905, -0.2103]]",GPU,DROP,
20260913_164941_loop_autots_mr_ru_2,2026-09-13T16:49:41,loop,autots_mr,btc_1min_2y_2024-09-03_2026-09-03,822935ae5e8f,8587,ru_2,100,null,S_m,-0.18880665163822918,0.13333333333333333,-0.4527227374053622,-1.1096136868252948,"[[73.1698, 103.4, 127.7715], [47.7149, 68.8014, 83.0735], [77.4768, 109.5918, 136.327], [45.9936, 65.892, 80.6677], [25.2446, 35.936, 43.7947]]","[[51.109, 73.2724, 91.9969], [31.8836, 46.7573, 57.6385], [50.7026, 74.8134, 94.0911], [31.5432, 44.992, 55.1014], [16.0246, 23.7027, 29.2779]]","[[73.0889, 101.7985, 124.6731], [47.7035, 68.3552, 82.1496], [77.7122, 108.9384, 133.6649], [45.9348, 65.8699, 80.5671], [25.257, 35.7401, 43.4137]]","[[-0.122, -0.3013, -0.4615], [-0.1888, -0.3316, -0.2166], [-0.0022, -0.4396, -1.1096], [-0.3227, -0.1761, -0.1445], [0.1488, 0.0353, -0.0345]]",GPU,DROP,
20260913_165001_loop_autots_mr_ru_3,2026-09-13T16:50:01,loop,autots_mr,btc_1min_2y_2024-09-03_2026-09-03,822935ae5e8f,8587,ru_3,100,null,S_m,-0.058016512466529946,0.4,-0.3715196416388844,-0.47030126479066237,"[[72.9436, 102.9524, 127.5739], [47.639, 68.3914, 82.6085], [77.4729, 109.1754, 135.465], [45.9777, 65.994, 80.8723], [25.278, 35.9811, 43.8735]]","[[50.9997, 73.2317, 91.7763], [31.8626, 46.6126, 57.4764], [50.6535, 74.4805, 93.6131], [31.5448, 45.0165, 55.121], [16.0231, 23.6912, 29.2749]]","[[73.0889, 101.7985, 124.6731], [47.7035, 68.3552, 82.1496], [77.7122, 108.9384, 133.6649], [45.9348, 65.8699, 80.5671], [25.257, 35.7401, 43.4137]]","[[0.1875, 0.1329, -0.3061], [-0.0295, 0.2663, 0.3443], [0.0028, -0.058, -0.4703], [-0.2878, -0.3311, -0.3985], [0.0163, -0.0903, -0.2146]]",GPU,DROP,
20260913_165022_loop_autots_mr_ru_4,2026-09-13T16:50:22,loop,autots_mr,btc_1min_2y_2024-09-03_2026-09-03,822935ae5e8f,8587,ru_4,100,null,S_m,-0.10497256874804073,0.13333333333333333,-0.3127360153405867,-0.45742280872733687,"[[73.1159, 103.393, 127.7663], [47.7201, 68.6133, 82.9005], [77.4577, 109.1409, 135.2689], [45.9303, 65.8656, 80.7232], [25.2765, 35.9762, 43.8255]]","[[51.0818, 73.3882, 91.9882], [31.9145, 46.7956, 57.7254], [50.6887, 74.507, 93.6618], [31.52, 45.0077, 55.1558], [16.0387, 23.6875, 29.2616]]","[[73.0889, 101.7985, 124.6731], [47.7035, 68.3552, 82.1496], [77.7122, 108.9384, 133.6649], [45.9348, 65.8699, 80.5671], [25.257, 35.7401, 43.4137]]","[[-0.0482, -0.2945, -0.4574], [-0.1999, -0.0573, -0.008], [0.0225, -0.0264, -0.3249], [-0.1845, -0.1359, -0.2134], [0.0226, -0.0764, -0.105]]",GPU,DROP,
20260913_165042_loop_autots_mr_ru_5,2026-09-13T16:50:42,loop,autots_mr,btc_1min_2y_2024-09-03_2026-09-03,822935ae5e8f,8587,ru_5,100,null,S_m,-0.19888335799904677,0.4,-0.42249682277843537,-1.064906654234421,"[[72.9579, 102.9839, 127.6132], [47.7324, 68.4249, 82.8248], [77.6547, 109.6045, 136.2667], [45.9369, 65.9516, 80.8569], [25.2989, 35.9079, 43.7577]]","[[51.0309, 73.1221, 91.8354], [31.899, 46.7024, 57.5948], [50.7405, 74.644, 94.0533], [31.5388, 45.017, 55.2078], [16.0501, 23.6828, 29.2397]]","[[73.0889, 101.7985, 124.6731], [47.7035, 68.3552, 82.1496], [77.7122, 108.9384, 133.6649], [45.9348, 65.8699, 80.5671], [25.257, 35.7401, 43.4137]]","[[0.1679, 0.1024, -0.337], [-0.2256, 0.2175, 0.0834], [-0.2318, -0.4513, -1.0649], [-0.1989, -0.2665, -0.3793], [-0.0662, 0.1135, 0.05]]",GPU,DROP,
20260913_165102_loop_autots_mr_ru_8,2026-09-13T16:51:02,loop,autots_mr,btc_1min_2y_2024-09-03_2026-09-03,822935ae5e8f,8587,ru_8,100,null,S_m,-0.1614823708911084,0.4,-0.43974399113065665,-0.8193360746774347,"[[73.0487, 103.2631, 127.8477], [47.7018, 68.5204, 82.8125], [77.5545, 109.301, 135.9356], [45.9662, 65.9083, 80.8069], [25.2671, 35.9375, 43.751]]","[[51.0681, 73.3534, 92.0157], [31.9241, 46.748, 57.6611], [50.7058, 74.5871, 93.8795], [31.4894, 45.0177, 55.237], [16.0242, 23.6834, 29.2644]]","[[73.0889, 101.7985, 124.6731], [47.7035, 68.3552, 82.1496], [77.7122, 108.9384, 133.6649], [45.9348, 65.8699, 80.5671], [25.257, 35.7401, 43.4137]]","[[0.0437, -0.1685, -0.5214], [-0.1615, 0.0783, 0.0982], [-0.1025, -0.1731, -0.8193], [-0.2629, -0.2007, -0.3172], [0.0594, 0.031, 0.0654]]",GPU,DROP,
20260913_165122_loop_autots_mr_ru_10,2026-09-13T16:51:22,loop,autots_mr,btc_1min_2y_2024-09-03_2026-09-03,822935ae5e8f,8587,ru_10,100,null,S_m,-0.11021680036902293,0.26666666666666666,-0.5196384830478928,-1.424914800186472,"[[72.9225, 102.8179, 127.5453], [47.6442, 68.4117, 82.7732], [77.6877, 109.8508, 136.7521], [45.9375, 65.8487, 80.5585], [25.3077, 36.0045, 43.8703]]","[[51.0116, 73.1205, 91.856], [31.8766, 46.6446, 57.6132], [50.7755, 74.8222, 94.1839], [31.5277, 45.0282, 55.0977], [16.0469, 23.7051, 29.3061]]","[[73.0889, 101.7985, 124.6731], [47.7035, 68.3552, 82.1496], [77.7122, 108.9384, 133.6649], [45.9348, 65.8699, 80.5671], [25.257, 35.7401, 43.4137]]","[[0.2164, 0.2634, -0.2836], [-0.0404, 0.2367, 0.1456], [-0.2744, -0.677, -1.4249], [-0.2002, -0.1102, -0.0089], [-0.1009, -0.1553, -0.2072]]",GPU,DROP,
20260913_165142_loop_autots_mr_ru_15,2026-09-13T16:51:42,loop,autots_mr,btc_1min_2y_2024-09-03_2026-09-03,822935ae5e8f,8587,ru_15,100,null,S_m,0.03918736324729499,0.5333333333333333,-0.32454760164333685,-0.7087252432080193,"[[73.1374, 103.3317, 127.6733], [47.5979, 68.4487, 82.5933], [77.4144, 109.0529, 135.7865], [45.9039, 65.8344, 80.5694], [25.2723, 35.9085, 43.7466]]","[[51.11, 73.2695, 91.9432], [31.8591, 46.6817, 57.484], [50.6662, 74.4362, 93.6318], [31.5027, 44.9762, 55.037], [16.0332, 23.6825, 29.266]]","[[73.0889, 101.7985, 124.6731], [47.7035, 68.3552, 82.1496], [77.7122, 108.9384, 133.6649], [45.9348, 65.8699, 80.5671], [25.257, 35.7401, 43.4137]]","[[-0.0777, -0.235, -0.3842], [0.0567, 0.1827, 0.3626], [0.0784, 0.0542, -0.7087], [-0.127, -0.0885, -0.0224], [0.0392, 0.1116, 0.0752]]",GPU,KEEP,
20260913_165202_loop_autots_mr_log_range_1,2026-09-13T16:52:02,loop,autots_mr,btc_1min_2y_2024-09-03_2026-09-03,822935ae5e8f,8587,log_range_1,101,null,S_m,-0.005543705936594812,0.4666666666666667,-0.6341855764881332,-0.846811395944691,"[[73.2439, 103.6568, 128.3518], [47.6143, 68.3334, 82.4061], [77.503, 109.8192, 136.9363], [45.9065, 65.7753, 80.535], [25.2364, 35.8537, 43.6323]]","[[51.1371, 73.5415, 92.1888], [31.8664, 46.6602, 57.516], [50.7174, 74.8057, 94.299], [31.4903, 44.9249, 55.0056], [16.0143, 23.6393, 29.1907]]","[[73.0889, 101.7985, 124.6731], [47.7035, 68.3552, 82.1496], [77.7122, 108.9384, 133.6649], [45.9348, 65.8699, 80.5671], [25.257, 35.7401, 43.4137]]","[[-0.1456, -0.3146, -0.5314], [-0.0345, 0.1685, 0.2267], [-0.1145, -0.7027, -0.8468], [-0.0055, 0.0898, 0.0428], [0.1421, 0.1526, 0.2613]]",GPU,DROP,
20260913_165223_loop_autots_mr_log_range_2,2026-09-13T16:52:23,loop,autots_mr,btc_1min_2y_2024-09-03_2026-09-03,822935ae5e8f,8587,log_range_2,101,null,S_m,-0.06364102039357888,0.3333333333333333,-0.2898480122887248,-0.6021506537958965,"[[73.0952, 103.6325, 128.4421], [47.6792, 68.4538, 82.4853], [77.4637, 109.0254, 135.4578], [45.9162, 65.987, 80.8014], [25.2657, 35.9362, 43.8183]]","[[51.1071, 73.4607, 92.2125], [31.9108, 46.7504, 57.539], [50.697, 74.5599, 93.4325], [31.5087, 44.9935, 55.0539], [16.0218, 23.6587, 29.248]]","[[73.0889, 101.7985, 124.6731], [47.7035, 68.3552, 82.1496], [77.7122, 108.9384, 133.6649], [45.9348, 65.8699, 80.5671], [25.257, 35.7401, 43.4137]]","[[0.0577, -0.2911, -0.6022], [-0.1708, -0.0074, 0.1307], [-0.0636, 0.0253, 0.2421], [-0.0268, -0.2317, -0.288], [0.0259, -0.077, -0.1638]]",GPU,DROP,
20260913_165243_loop_autots_mr_log_range_3,2026-09-13T16:52:43,loop,autots_mr,btc_1min_2y_2024-09-03_2026-09-03,822935ae5e8f,8587,log_range_3,101,null,S_m,-0.10550569691460954,0.2,-0.344103192048415,-0.519190507296452,"[[73.1165, 103.2257, 127.9612], [47.6757, 68.583, 82.8232], [77.6525, 109.6191, 136.2867], [45.9036, 65.8606, 80.6544], [25.2724, 35.9413, 43.7898]]","[[51.1454, 73.3974, 92.0863], [31.8832, 46.7077, 57.6519], [50.7929, 74.8452, 94.1238], [31.4829, 44.9895, 55.0985], [16.0305, 23.6794, 29.259]]","[[73.0889, 101.7985, 124.6731], [47.7035, 68.3552, 82.1496], [77.7122, 108.9384, 133.6649], [45.9348, 65.8699, 80.5671], [25.257, 35.7401, 43.4137]]","[[0.0286, 0.1026, -0.2255], [-0.1635, -0.1961, -0.2783], [-0.3076, -0.5192, -0.3684], [0.0007, -0.0397, -0.1055], [-0.0006, -0.0911, -0.0986]]",GPU,DROP,
20260913_165303_loop_autots_mr_log_range_4,2026-09-13T16:53:03,loop,autots_mr,btc_1min_2y_2024-09-03_2026-09-03,822935ae5e8f,8587,log_range_4,101,null,S_m,-0.017743966140737477,0.3333333333333333,-0.16403335464544977,-0.23447606184774372,"[[73.112, 103.35, 127.7526], [47.6775, 68.4303, 82.6018], [77.4658, 109.3086, 136.0028], [45.8718, 65.7419, 80.6353], [25.2673, 35.9149, 43.7741]]","[[51.0965, 73.3145, 91.8646], [31.8801, 46.632, 57.5167], [50.7195, 74.5535, 93.7901], [31.4899, 44.9322, 55.0128], [16.0197, 23.6841, 29.2444]]","[[73.0889, 101.7985, 124.6731], [47.7035, 68.3552, 82.1496], [77.7122, 108.9384, 133.6649], [45.9348, 65.8699, 80.5671], [25.257, 35.7401, 43.4137]]","[[0.0347, -0.0177, -0.0622], [-0.1672, 0.0269, -0.0103], [-0.0664, -0.2345, -0.1593], [0.07, 0.1406, -0.0817], [0.0194, -0.0176, -0.0628]]",GPU,DROP,
20260913_165323_loop_autots_mr_log_range_5,2026-09-13T16:53:23,loop,autots_mr,btc_1min_2y_2024-09-03_2026-09-03,822935ae5e8f,8587,log_range_5,101,null,S_m,-0.06599664391639948,0.26666666666666666,-0.3374460196538598,-0.384563731181764,"[[73.0848, 103.4473, 128.1643], [47.6862, 68.436, 82.6878], [77.5404, 109.4183, 136.2468], [45.9273, 65.7237, 80.4371], [25.2831, 35.9183, 43.7755]]","[[51.1363, 73.3469, 92.1267], [31.8902, 46.6563, 57.5203], [50.7257, 74.7697, 94.0419], [31.5327, 44.9496, 54.9777], [16.0397, 23.6836, 29.2528]]","[[73.0889, 101.7985, 124.6731], [47.7035, 68.3552, 82.1496], [77.7122, 108.9384, 133.6649], [45.9348, 65.8699, 80.5671], [25.257, 35.7401, 43.4137]]","[[0.0719, -0.1118, -0.3846], [-0.1854, 0.0186, -0.1144], [-0.1628, -0.3351, -0.339], [-0.0509, 0.1682, 0.1642], [-0.0431, -0.0271, -0.066]]",GPU,DROP,
20260913_165344_loop_autots_mr_log_range_8,2026-09-13T16:53:44,loop,autots_mr,btc_1min_2y_2024-09-03_2026-09-03,822935ae5e8f,8587,log_range_8,101,null,S_m,0.02234541946642965,0.5333333333333333,-0.09825181611171185,-0.1858261748774792,"[[73.0884, 103.3816, 127.4757], [47.6461, 68.2657, 82.4242], [77.2271, 109.1192, 136.0388], [45.8903, 65.7793, 80.574], [25.2819, 35.9422, 43.7369]]","[[51.0955, 73.377, 91.7797], [31.8778, 46.5891, 57.4896], [50.6228, 74.454, 93.8252], [31.4826, 44.8868, 55.0107], [16.0402, 23.6758, 29.2513]]","[[73.0889, 101.7985, 124.6731], [47.7035, 68.3552, 82.1496], [77.7122, 108.9384, 133.6649], [45.9348, 65.8699, 80.5671], [25.257, 35.7401, 43.4137]]","[[0.0669, -0.0483, 0.1548], [-0.1013, 0.2674, 0.2048], [0.242, -0.0608, -0.1858], [0.0296, 0.0837, -0.0057], [-0.0382, -0.0937, 0.0223]]",GPU,KEEP,
20260913_165405_loop_autots_mr_log_range_10,2026-09-13T16:54:05,loop,autots_mr,btc_1min_2y_2024-09-03_2026-09-03,822935ae5e8f,8587,log_range_10,102,null,S_m,-0.05425261676030857,0.3333333333333333,-0.17499068250847571,-0.2801669920956984,"[[73.0882, 103.0591, 127.3346], [47.6654, 68.3361, 82.3601], [77.269, 109.1444, 136.0002], [45.9568, 65.9077, 80.6288], [25.3152, 35.9882, 43.8594]]","[[51.0705, 73.0988, 91.6062], [31.891, 46.6287, 57.453], [50.6406, 74.4157, 93.787], [31.5353, 44.947, 55.0463], [16.0429, 23.7168, 29.2883]]","[[73.0889, 101.7985, 124.6731], [47.7035, 68.3552, 82.1496], [77.7122, 108.9384, 133.6649], [45.9348, 65.8699, 80.5671], [25.257, 35.7401, 43.4137]]","[[0.0003, 0.3119, 0.1107], [-0.0405, -0.1031, 0.0778], [-0.0543, -0.023, 0.0284], [-0.1448, -0.1951, -0.068], [-0.1318, -0.128, -0.2802]]",GPU,DROP,
20260913_165425_loop_autots_mr_log_range_15,2026-09-13T16:54:25,loop,autots_mr,btc_1min_2y_2024-09-03_2026-09-03,822935ae5e8f,8587,log_range_15,102,null,S_m,-0.012196617811688348,0.4,-0.24985502574260463,-0.5520245099749799,"[[73.0633, 103.0389, 127.259], [47.7035, 68.3377, 82.4491], [77.6534, 109.4861, 136.0549], [45.9117, 65.7873, 80.5108], [25.2777, 35.9315, 43.7733]]","[[51.0242, 73.1811, 91.6537], [31.9049, 46.6912, 57.5936], [50.8179, 74.5586, 93.6539], [31.492, 44.9065, 54.9676], [16.0361, 23.6879, 29.2519]]","[[73.0889, 101.7985, 124.6731], [47.7035, 68.3552, 82.1496], [77.7122, 108.9384, 133.6649], [45.9348, 65.8699, 80.5671], [25.257, 35.7401, 43.4137]]","[[0.0344, 0.3315, 0.17], [-0.1204, -0.1055, -0.0301], [-0.552, -0.3362, -0.0119], [-0.0464, -0.0122, 0.0785], [0.0168, 0.0297, -0.0832]]",GPU,DROP,
20260913_165444_loop_autots_mr_ret_skew_3,2026-09-13T16:54:44,loop,autots_mr,btc_1min_2y_2024-09-03_2026-09-03,822935ae5e8f,8587,ret_skew_3,102,null,S_m,-0.03864110577964652,0.4666666666666667,-0.2517007130098303,-0.3103594849999558,"[[73.0038, 103.0537, 127.0628], [47.7469, 68.4776, 82.6319], [77.4212, 109.2745, 135.9427], [45.9127, 65.8751, 80.6052], [25.2659, 35.868, 43.7305]]","[[51.0163, 73.2544, 91.6309], [31.9138, 46.7323, 57.6277], [50.7253, 74.495, 93.5299], [31.4947, 44.9042, 54.975], [16.0291, 23.6554, 29.2599]]","[[73.0889, 101.7985, 124.6731], [47.7035, 68.3552, 82.1496], [77.7122, 108.9384, 133.6649], [45.9348, 65.8699, 80.5671], [25.257, 35.7401, 43.4137]]","[[0.1158, 0.3172, 0.3239], [-0.2114, -0.3104, -0.2519], [-0.2513, -0.1423, 0.0706], [-0.0487, -0.1455, -0.0386], [0.0632, 0.2065, 0.0145]]",GPU,DROP,
20260913_165504_loop_autots_mr_ret_skew_4,2026-09-13T16:55:04,loop,autots_mr,btc_1min_2y_2024-09-03_2026-09-03,822935ae5e8f,8587,ret_skew_4,102,null,S_m,0.04758373209817757,0.7333333333333333,-0.08454624962871193,-0.2707389233443491,"[[72.8856, 103.0787, 127.285], [47.5879, 68.2332, 82.3994], [77.4361, 109.1603, 135.8147], [45.8782, 65.722, 80.456], [25.3039, 35.9376, 43.7723]]","[[51.0219, 73.1346, 91.537], [31.8704, 46.6209, 57.5443], [50.6995, 74.4964, 93.7335], [31.5035, 44.882, 54.955], [16.0358, 23.6807, 29.2705]]","[[73.0889, 101.7985, 124.6731], [47.7035, 68.3552, 82.1496], [77.7122, 108.9384, 133.6649], [45.9348, 65.8699, 80.5671], [25.257, 35.7401, 43.4137]]","[[0.2775, 0.293, 0.1496], [0.1223, 0.0476, 0.0302], [-0.2707, -0.0377, 0.1647], [0.0265, 0.0871, 0.1465], [-0.0868, 0.0126, -0.0811]]",GPU,KEEP,
20260913_165525_loop_autots_mr_ret_skew_5,2026-09-13T16:55:25,loop,autots_mr,btc_1min_2y_2024-09-03_2026-09-03,822935ae5e8f,8587,ret_skew_5,103,null,S_m,0.01729925985689551,0.5333333333333333,-0.11410931240626532,-0.11920458640271026,"[[72.873, 102.979, 127.2429], [47.5677, 68.199, 82.2246], [77.3087, 109.0534, 135.8414], [45.8928, 65.7946, 80.5497], [25.3192, 35.9521, 43.8245]]","[[50.9709, 73.152, 91.731], [31.8636, 46.5756, 57.4768], [50.6736, 74.5066, 93.8424], [31.4946, 44.8796, 54.9758], [16.0401, 23.6845, 29.2722]]","[[73.0889, 101.7985, 124.6731], [47.7035, 68.3552, 82.1496], [77.7122, 108.9384, 133.6649], [45.9348, 65.8699, 80.5671], [25.257, 35.7401, 43.4137]]","[[0.0173, 0.0967, 0.033], [0.0423, 0.0502, 0.2121], [0.1646, 0.098, -0.0197], [-0.0318, -0.1105, -0.1165], [-0.0604, -0.0402, -0.1192]]",GPU,KEEP,
20260913_165545_loop_autots_mr_ret_skew_8,2026-09-13T16:55:45,loop,autots_mr,btc_1min_2y_2024-09-03_2026-09-03,822935ae5e8f,8587,ret_skew_8,104,null,S_m,-0.1086872589002974,0.26666666666666666,-0.2646521722885531,-0.33352116887941374,"[[72.9552, 103.1655, 127.6505], [47.6469, 68.3011, 82.4988], [77.3443, 109.1797, 135.7798], [45.9426, 65.8122, 80.6071], [25.2699, 35.9207, 43.7562]]","[[50.9753, 73.3073, 91.835], [31.8685, 46.681, 57.6019], [50.7105, 74.4912, 93.6681], [31.517, 44.9272, 55.0141], [16.0317, 23.6854, 29.2776]]","[[73.0889, 101.7985, 124.6731], [47.7035, 68.3552, 82.1496], [77.7122, 108.9384, 133.6649], [45.9348, 65.8699, 80.5671], [25.257, 35.7401, 43.4137]]","[[-0.1128, -0.1811, -0.3203], [-0.1665, -0.1498, -0.3335], [-0.0461, -0.1158, 0.0453], [-0.1087, -0.0267, -0.0713], [0.1945, 0.0872, 0.156]]",GPU,DROP,
20260913_165605_loop_autots_mr_ret_skew_10,2026-09-13T16:56:05,loop,autots_mr,btc_1min_2y_2024-09-03_2026-09-03,822935ae5e8f,8587,ret_skew_10,104,null,S_m,0.008575272500477293,0.5333333333333333,-0.43896539407817675,-1.3755373621659572,"[[72.924, 103.5819, 128.9932], [47.6678, 68.3485, 82.3526], [77.1888, 108.9231, 135.6266], [45.9024, 65.768, 80.521], [25.3066, 35.9316, 43.8208]]","[[51.0687, 73.3017, 92.1051], [31.8933, 46.6541, 57.5774], [50.6152, 74.3178, 93.6442], [31.5226, 44.8988, 54.9658], [16.0421, 23.6802, 29.2943]]","[[73.0889, 101.7985, 124.6731], [47.7035, 68.3552, 82.1496], [77.7122, 108.9384, 133.6649], [45.9348, 65.8699, 80.5671], [25.257, 35.7401, 43.4137]]","[[-0.0699, -0.5855, -1.3755], [-0.2104, -0.2192, -0.1556], [0.1551, 0.1195, 0.1581], [-0.021, 0.0405, 0.0357], [0.0498, 0.057, 0.0086]]",GPU,KEEP,
20260913_165626_loop_autots_mr_ret_skew_15,2026-09-13T16:56:26,loop,autots_mr,btc_1min_2y_2024-09-03_2026-09-03,822935ae5e8f,8587,ret_skew_15,105,null,S_m,-0.178059987571344,0.2,-0.6109649848242027,-0.7670131527791835,"[[73.1363, 104.3764, 129.9289], [47.7276, 68.4702, 82.5018], [77.4656, 109.4016, 136.2193], [45.9375, 65.7836, 80.5658], [25.2512, 35.8898, 43.7219]]","[[51.0979, 73.5559, 92.2287], [31.9137, 46.6746, 57.5241], [50.7475, 74.6291, 93.9653], [31.5219, 44.871, 54.9916], [16.0358, 23.6941, 29.2822]]","[[73.0889, 101.7985, 124.6731], [47.7035, 68.3552, 82.1496], [77.7122, 108.9384, 133.6649], [45.9348, 65.8699, 80.5671], [25.257, 35.7401, 43.4137]]","[[-0.2911, -0.767, -0.7254], [-0.1256, -0.1781, -0.1812], [-0.3586, -0.4394, -0.437], [-0.0765, -0.0237, -0.0557], [0.2186, 0.1165, 0.2256]]",GPU,DROP,
20260913_165646_loop_autots_mr_hma_slope1_volnorm,2026-09-13T16:56:46,loop,autots_mr,btc_1min_2y_2024-09-03_2026-09-03,822935ae5e8f,8587,hma_slope1_volnorm,105,null,S_m,-0.06972284725543787,0.26666666666666666,-0.2954328908091908,-0.5404384902897075,"[[72.9662, 103.6542, 128.9668], [47.6101, 68.3885, 82.7976], [77.3783, 109.2794, 135.863], [45.9751, 65.9311, 80.6942], [25.3182, 35.93, 43.7753]]","[[51.1285, 73.3262, 91.8557], [31.8715, 46.6403, 57.689], [50.6911, 74.5809, 93.6167], [31.5169, 44.9114, 54.9807], [16.0518, 23.7195, 29.2991]]","[[73.0889, 101.7985, 124.6731], [47.7035, 68.3552, 82.1496], [77.7122, 108.9384, 133.6649], [45.9348, 65.8699, 80.5671], [25.257, 35.7401, 43.4137]]","[[-0.0579, -0.0697, 0.0205], [0.1209, -0.0585, -0.5404], [-0.2455, -0.3271, -0.1743], [-0.1583, -0.2479, -0.2151], [-0.046, 0.0046, 0.1038]]",GPU,DROP,
20260913_165707_loop_autots_mr_hma_slope2_volnorm,2026-09-13T16:57:07,loop,autots_mr,btc_1min_2y_2024-09-03_2026-09-03,822935ae5e8f,8587,hma_slope2_volnorm,105,null,S_m,-0.0411457205094834,0.4,-0.2670004103634671,-0.28822793371181543,"[[72.8766, 103.4956, 128.5308], [47.5923, 68.4127, 82.5774], [77.2164, 108.8345, 134.8413], [45.946, 65.857, 80.5541], [25.3559, 36.0352, 43.9338]]","[[51.0698, 73.2133, 91.7853], [31.882, 46.7146, 57.6843], [50.5322, 74.3236, 93.2692], [31.5265, 44.8964, 54.9789], [16.0534, 23.7262, 29.3641]]","[[73.0889, 101.7985, 124.6731], [47.7035, 68.3552, 82.1496], [77.7122, 108.9384, 133.6649], [45.9348, 65.8699, 80.5671], [25.257, 35.7401, 43.4137]]","[[0.0649, 0.0834, 0.3585], [0.1583, -0.094, -0.273], [-0.0358, 0.0813, 0.579], [-0.0951, -0.1353, -0.0411], [-0.1951, -0.2882, -0.258]]",GPU,DROP,
20260913_165727_loop_autots_mr_hma_slope3_volnorm,2026-09-13T16:57:27,loop,autots_mr,btc_1min_2y_2024-09-03_2026-09-03,822935ae5e8f,8587,hma_slope3_volnorm,105,null,S_m,-0.2020113192518158,0.13333333333333333,-1.0027429347482462,-3.0024418782959694,"[[72.9816, 103.9246, 129.4613], [47.657, 68.3795, 82.6551], [77.4686, 110.4767, 139.6987], [45.8843, 65.9009, 80.7348], [25.3161, 35.9771, 43.8354]]","[[51.0352, 73.3067, 91.9634], [31.8988, 46.7303, 57.7477], [50.7019, 75.0073, 94.6652], [31.4953, 44.9345, 55.0616], [16.0497, 23.6872, 29.2667]]","[[73.0889, 101.7985, 124.6731], [47.7035, 68.3552, 82.1496], [77.7122, 108.9384, 133.6649], [45.9348, 65.8699, 80.5671], [25.257, 35.7401, 43.4137]]","[[-0.0791, -0.3308, -0.3629], [0.0226, -0.0455, -0.3674], [-0.3625, -1.4263, -3.0024], [0.0393, -0.202, -0.2655], [-0.0377, -0.1267, -0.0335]]",GPU,DROP,
20260913_165748_loop_autots_mr_hma_slope4_volnorm,2026-09-13T16:57:48,loop,autots_mr,btc_1min_2y_2024-09-03_2026-09-03,822935ae5e8f,8587,hma_slope4_volnorm,105,null,S_m,-0.0733627652283575,0.4666666666666667,-1.8756619868884656,-5.103779726587332,"[[73.0669, 103.7476, 128.916], [47.6142, 68.2331, 82.3018], [77.6232, 111.9194, 142.5487], [45.8695, 65.7001, 80.3485], [25.3251, 35.9922, 43.9087]]","[[51.0999, 73.2923, 91.8736], [31.8773, 46.6267, 57.5352], [50.728, 75.1412, 94.7241], [31.4783, 44.831, 54.8575], [16.0588, 23.722, 29.3289]]","[[73.0889, 101.7985, 124.6731], [47.7035, 68.3552, 82.1496], [77.7122, 108.9384, 133.6649], [45.9348, 65.8699, 80.5671], [25.257, 35.7401, 43.4137]]","[[-0.196, -0.16, 0.0599], [0.1125, 0.1688, 0.0616], [-0.5628, -2.7509, -5.1038], [0.0717, 0.1033, 0.2142], [-0.0734, -0.1687, -0.2006]]",GPU,DROP,
20260913_165808_loop_autots_mr_hma_slope5_volnorm,2026-09-13T16:58:08,loop,autots_mr,btc_1min_2y_2024-09-03_2026-09-03,822935ae5e8f,8587,hma_slope5_volnorm,105,null,S_m,-0.09203309744230115,0.3333333333333333,-3.540819629031965,-9.691719251271413,"[[72.9612, 103.5514, 128.7596], [47.563, 68.2153, 82.2342], [77.9102, 114.6723, 148.7711], [45.9631, 65.8285, 80.5894], [25.3389, 36.0146, 43.8631]]","[[51.0356, 73.1442, 91.9483], [31.8616, 46.6688, 57.5214], [50.7678, 75.3774, 95.4436], [31.5068, 44.8721, 55.0007], [16.0479, 23.7143, 29.2861]]","[[73.0889, 101.7985, 124.6731], [47.7035, 68.3552, 82.1496], [77.7122, 108.9384, 133.6649], [45.9348, 65.8699, 80.5671], [25.257, 35.7401, 43.4137]]","[[-0.0511, 0.0295, 0.1811], [0.2198, 0.1949, 0.1437], [-0.9347, -5.2783, -9.6917], [-0.1322, -0.092, -0.0849], [-0.1278, -0.231, -0.0966]]",GPU,DROP,
20260913_165828_loop_autots_mr_hma_slope8_volnorm,2026-09-13T16:58:28,loop,autots_mr,btc_1min_2y_2024-09-03_2026-09-03,822935ae5e8f,8587,hma_slope8_volnorm,105,null,S_m,-0.14199207294067762,0.4,-0.4701585563093902,-0.5552412673613061,"[[73.1244, 103.936, 129.6088], [47.6289, 68.4455, 82.8098], [77.4037, 109.4237, 136.1374], [45.9113, 65.6959, 80.4378], [25.2935, 35.9029, 43.7353]]","[[51.162, 73.5052, 92.3388], [31.8877, 46.7316, 57.7945], [50.7439, 74.5844, 93.9235], [31.5343, 44.8717, 54.9088], [16.0275, 23.6687, 29.268]]","[[73.0889, 101.7985, 124.6731], [47.7035, 68.3552, 82.1496], [77.7122, 108.9384, 133.6649], [45.9348, 65.8699, 80.5671], [25.257, 35.7401, 43.4137]]","[[-0.2748, -0.3418, -0.4772], [0.0816, -0.142, -0.5552], [-0.2785, -0.4596, -0.3766], [-0.0193, 0.1096, 0.1034], [0.0517, 0.0799, 0.1951]]",GPU,DROP,
20260913_165848_loop_autots_mr_hma_slope10_volnorm,2026-09-13T16:58:48,loop,autots_mr,btc_1min_2y_2024-09-03_2026-09-03,822935ae5e8f,8587,hma_slope10_volnorm,105,null,S_m,-0.02241935221725111,0.4666666666666667,-0.5164934059083581,-0.5447830540971532,"[[72.8533, 103.3398, 128.4489], [47.6785, 68.4074, 82.5939], [77.5795, 109.4931, 136.3655], [45.9772, 65.8105, 80.5018], [25.2747, 35.907, 43.7926]]","[[51.0417, 73.2113, 91.6766], [31.9062, 46.6508, 57.5339], [50.8113, 74.6305, 93.8322], [31.5359, 44.9176, 54.9383], [16.0257, 23.6634, 29.267]]","[[73.0889, 101.7985, 124.6731], [47.7035, 68.3552, 82.1496], [77.7122, 108.9384, 133.6649], [45.9348, 65.8699, 80.5671], [25.257, 35.7401, 43.4137]]","[[0.0969, 0.2338, 0.422], [-0.0224, -0.0862, -0.2931], [-0.5062, -0.5234, -0.5448], [-0.1629, -0.0646, 0.0239], [0.1261, 0.0684, 0.0644]]",GPU,DROP,
20260913_165909_loop_autots_mr_hma_slope15_volnorm,2026-09-13T16:59:09,loop,autots_mr,btc_1min_2y_2024-09-03_2026-09-03,822935ae5e8f,8587,hma_slope15_volnorm,105,null,S_m,-0.10028316313932528,0.26666666666666666,-0.33807283978382946,-0.5258565771346646,"[[72.9971, 104.1266, 129.5942], [47.6861, 68.4275, 82.4658], [77.2453, 109.0353, 135.7848], [45.9695, 65.7799, 80.5125], [25.276, 35.8717, 43.7604]]","[[51.0704, 73.4594, 92.0364], [31.9122, 46.7133, 57.5994], [50.6014, 74.4872, 93.9088], [31.5226, 44.8712, 54.9381], [16.0299, 23.6438, 29.2617]]","[[73.0889, 101.7985, 124.6731], [47.7035, 68.3552, 82.1496], [77.7122, 108.9384, 133.6649], [45.9348, 65.8699, 80.5671], [25.257, 35.7401, 43.4137]]","[[-0.1003, -0.5259, -0.4659], [-0.0385, -0.1156, -0.1375], [-0.0733, -0.103, -0.1167], [-0.1463, -0.0181, 0.0106], [0.1207, 0.1667, 0.1379]]",GPU,DROP,
20260913_165929_loop_autots_mr_macd_hist_2_5_2_volnorm,2026-09-13T16:59:29,loop,autots_mr,btc_1min_2y_2024-09-03_2026-09-03,822935ae5e8f,8587,macd_hist_2_5_2_volnorm,105,null,S_m,-0.08741340589493163,0.4,-0.18923047220180678,-0.2452038463876649,"[[72.9877, 103.4865, 128.7284], [47.6617, 68.2712, 82.2673], [77.3781, 109.1524, 135.6808], [45.8609, 65.8341, 80.6476], [25.3356, 35.9825, 43.8842]]","[[51.0004, 73.1649, 91.7747], [31.8902, 46.6452, 57.5721], [50.6843, 74.4238, 93.5957], [31.5083, 44.8967, 55.0111], [16.0551, 23.7385, 29.3411]]","[[73.0889, 101.7985, 124.6731], [47.7035, 68.3552, 82.1496], [77.7122, 108.9384, 133.6649], [45.9348, 65.8699, 80.5671], [25.257, 35.7401, 43.4137]]","[[-0.0874, 0.0922, 0.2053], [0.0128, 0.1131, 0.1035], [-0.2452, -0.2106, -0.04], [0.0903, -0.1005, -0.1572], [-0.1148, -0.1416, -0.1448]]",GPU,DROP,
20260913_165949_loop_autots_mr_macd_hist_2_8_3_volnorm,2026-09-13T16:59:49,loop,autots_mr,btc_1min_2y_2024-09-03_2026-09-03,822935ae5e8f,8587,macd_hist_2_8_3_volnorm,105,null,S_m,0.013143010011018585,0.6666666666666666,-0.06163638236237112,-0.17283895529618398,"[[72.9229, 103.4837, 128.8219], [47.6056, 68.2693, 82.3997], [77.2386, 109.1113, 135.6088], [45.901, 65.6983, 80.4147], [25.3138, 35.9391, 43.814]]","[[51.0647, 73.2568, 91.9986], [31.8818, 46.5932, 57.534], [50.6643, 74.5378, 93.7105], [31.5115, 44.8238, 54.8643], [16.0496, 23.6985, 29.3256]]","[[73.0889, 101.7985, 124.6731], [47.7035, 68.3552, 82.1496], [77.7122, 108.9384, 133.6649], [45.9348, 65.8699, 80.5671], [25.257, 35.7401, 43.4137]]","[[0.0014, 0.0948, 0.1328], [0.1304, 0.1158, -0.0572], [-0.0646, -0.1728, 0.0131], [0.003, 0.1061, 0.1321], [-0.0286, -0.0209, 0.0155]]",GPU,KEEP,
20260913_170010_loop_autots_mr_macd_hist_3_10_3_volnorm,2026-09-13T17:00:10,loop,autots_mr,btc_1min_2y_2024-09-03_2026-09-03,822935ae5e8f,8587,macd_hist_3_10_3_volnorm,106,null,S_m,0.030179591445023135,0.6666666666666666,-0.2076499641407814,-0.24987078246341277,"[[72.8771, 103.3901, 128.5712], [47.6779, 68.347, 82.3399], [77.2042, 108.9866, 135.5893], [46.0134, 65.8624, 80.4676], [25.2989, 35.9283, 43.8035]]","[[50.9861, 73.1414, 91.8929], [31.8926, 46.6418, 57.4944], [50.659, 74.4333, 93.5886], [31.5484, 44.9202, 54.9202], [16.0471, 23.6859, 29.2887]]","[[73.0889, 101.7985, 124.6731], [47.7035, 68.3552, 82.1496], [77.7122, 108.9384, 133.6649], [45.9348, 65.8699, 80.5671], [25.257, 35.7401, 43.4137]]","[[0.0629, 0.0905, 0.1946], [-0.1518, -0.1137, 0.0726], [0.0446, 0.1143, 0.0144], [-0.2449, -0.2499, -0.0658], [0.0589, 0.0302, 0.024]]",GPU,KEEP,
20260913_170034_loop_autots_mr_macd_hist_4_10_4_volnorm,2026-09-13T17:00:34,loop,autots_mr,btc_1min_2y_2024-09-03_2026-09-03,822935ae5e8f,8587,macd_hist_4_10_4_volnorm,107,null,S_m,-0.04292683038491507,0.26666666666666666,-0.20539712187633175,-0.23979032605789818,"[[72.7937, 103.1888, 128.2022], [47.6595, 68.3474, 82.3604], [77.3573, 109.2479, 135.8153], [46.0217, 65.9012, 80.6366], [25.3097, 35.9686, 43.8593]]","[[50.9779, 73.0882, 91.8767], [31.8788, 46.6176, 57.5204], [50.7301, 74.6497, 93.7947], [31.538, 44.8733, 54.9563], [16.0527, 23.7132, 29.3353]]","[[73.0889, 101.7985, 124.6731], [47.7035, 68.3552, 82.1496], [77.7122, 108.9384, 133.6649], [45.9348, 65.8699, 80.5671], [25.257, 35.7401, 43.4137]]","[[0.1143, 0.1947, 0.287], [0.0387, -0.0006, -0.0249], [-0.1984, -0.2398, -0.1667], [-0.018, -0.0589, -0.2101], [-0.0429, -0.1122, -0.1274]]",GPU,DROP,
20260913_170054_loop_autots_mr_macd_hist_5_15_5_volnorm,2026-09-13T17:00:54,loop,autots_mr,btc_1min_2y_2024-09-03_2026-09-03,822935ae5e8f,8587,macd_hist_5_15_5_volnorm,107,null,S_m,-0.17143830101169488,0.13333333333333333,-0.3124003460047797,-0.3548376568968781,"[[73.1357, 103.6822, 128.5579], [47.6811, 68.5008, 82.5537], [77.291, 109.1814, 136.0398], [45.9885, 65.8796, 80.6586], [25.3413, 35.9899, 43.8709]]","[[51.1334, 73.3308, 91.9572], [31.8587, 46.6167, 57.556], [50.6405, 74.6098, 93.9939], [31.5225, 44.8874, 54.9938], [16.0571, 23.6964, 29.3055]]","[[73.0889, 101.7985, 124.6731], [47.7035, 68.3552, 82.1496], [77.7122, 108.9384, 133.6649], [45.9348, 65.8699, 80.5671], [25.257, 35.7401, 43.4137]]","[[-0.3548, -0.2826, 0.0104], [-0.0067, -0.2251, -0.2597], [-0.1125, -0.1787, -0.3323], [0.0541, -0.0261, -0.2374], [-0.1677, -0.1714, -0.154]]",GPU,DROP,
20260913_170115_loop_autots_mr_psar_dir_2,2026-09-13T17:01:15,loop,autots_mr,btc_1min_2y_2024-09-03_2026-09-03,822935ae5e8f,8587,psar_dir_2,107,null,S_m,-0.04825778073793696,0.3333333333333333,-0.09903453501977744,-0.11321987282710833,"[[72.9251, 103.4958, 128.5614], [47.6802, 68.3853, 82.4331], [77.2102, 109.0437, 135.7171], [46.0102, 65.8121, 80.3149], [25.2952, 35.955, 43.8246]]","[[51.0726, 73.2447, 92.101], [31.889, 46.6455, 57.569], [50.6611, 74.4686, 93.593], [31.5413, 44.8819, 54.8547], [16.0354, 23.6737, 29.2911]]","[[73.0889, 101.7985, 124.6731], [47.7035, 68.3552, 82.1496], [77.7122, 108.9384, 133.6649], [45.9348, 65.8699, 80.5671], [25.257, 35.7401, 43.4137]]","[[-0.0659, -0.1022, 0.0076], [-0.0048, -0.0562, -0.1132], [-0.0078, -0.0524, -0.0943], [0.0071, 0.0765, 0.1898], [0.0145, -0.0744, -0.0483]]",GPU,DROP,
20260913_170135_loop_autots_mr_psar_dir_3,2026-09-13T17:01:35,loop,autots_mr,btc_1min_2y_2024-09-03_2026-09-03,822935ae5e8f,8587,psar_dir_3,107,null,S_m,0.03516009588639957,0.6666666666666666,-0.14691105869189866,-0.3060756722744751,"[[72.9245, 103.5984, 128.9648], [47.5991, 68.2107, 82.1932], [77.2104, 108.9483, 135.5376], [45.972, 65.7743, 80.4116], [25.294, 35.9272, 43.8046]]","[[50.9984, 73.2268, 92.0645], [31.8575, 46.6215, 57.5576], [50.6398, 74.4354, 93.4832], [31.522, 44.8753, 54.8969], [16.0397, 23.6664, 29.2733]]","[[73.0889, 101.7985, 124.6731], [47.7035, 68.3552, 82.1496], [77.7122, 108.9384, 133.6649], [45.9348, 65.8699, 80.5671], [25.257, 35.7401, 43.4137]]","[[-0.0651, -0.2015, -0.3061], [0.1654, 0.1993, 0.1781], [-0.0081, 0.0352, 0.0381], [0.0899, 0.1339, 0.0695], [0.0192, 0.0031, -0.0027]]",GPU,KEEP,
20260913_170155_loop_autots_mr_psar_dir_4,2026-09-13T17:01:55,loop,autots_mr,btc_1min_2y_2024-09-03_2026-09-03,822935ae5e8f,8587,psar_dir_4,108,null,S_m,-0.11726266287315212,0.4,-0.40911874230725065,-0.5290051548007879,"[[72.8945, 103.5414, 128.7116], [47.6785, 68.472, 82.6281], [77.1902, 109.076, 135.7494], [46.0281, 65.9573, 80.7546], [25.2809, 35.9341, 43.7989]]","[[51.0023, 73.1907, 91.8464], [31.8991, 46.6676, 57.6051], [50.6549, 74.5075, 93.6256], [31.562, 44.9971, 55.0601], [16.0358, 23.6807, 29.2797]]","[[73.0889, 101.7985, 124.6731], [47.7035, 68.3552, 82.1496], [77.7122, 108.9384, 133.6649], [45.9348, 65.8699, 80.5671], [25.257, 35.7401, 43.4137]]","[[0.0412, 0.055, 0.1963], [-0.1669, -0.3831, -0.529], [0.0262, -0.1173, -0.1563], [-0.1219, -0.2784, -0.4265], [0.0519, -0.0193, 0.013]]",GPU,DROP,
20260913_170215_loop_autots_mr_psar_dir_5,2026-09-13T17:02:15,loop,autots_mr,btc_1min_2y_2024-09-03_2026-09-03,822935ae5e8f,8587,psar_dir_5,108,null,S_m,-0.036543016499535064,0.2,-0.10155755609995154,-0.12019088294916713,"[[72.9285, 103.4731, 128.4983], [47.6291, 68.2842, 82.292], [77.2104, 108.9483, 135.5376], [45.9571, 65.7986, 80.441], [25.3082, 35.9484, 43.8451]]","[[51.012, 73.175, 91.8974], [31.8683, 46.6438, 57.5819], [50.6398, 74.4354, 93.4832], [31.5287, 44.8972, 54.9396], [16.0514, 23.6819, 29.3045]]","[[73.0889, 101.7985, 124.6731], [47.7035, 68.3552, 82.1496], [77.7122, 108.9384, 133.6649], [45.9348, 65.8699, 80.5671], [25.257, 35.7401, 43.4137]]","[[-0.0055, 0.1209, 0.3617], [-0.0631, -0.1077, -0.1202], [0.0, 0.0, 0.0], [0.0325, -0.037, -0.0365], [-0.0562, -0.059, -0.0923]]",GPU,DROP,
20260913_170235_loop_autots_mr_psar_dir_8,2026-09-13T17:02:35,loop,autots_mr,btc_1min_2y_2024-09-03_2026-09-03,822935ae5e8f,8587,psar_dir_8,108,null,S_m,0.0,0.4,-0.2437230345957708,-0.5280123653269797,"[[72.9078, 103.4197, 128.6858], [47.641, 68.4171, 82.6272], [77.1897, 108.9856, 135.6292], [45.9581, 65.7716, 80.5367], [25.294, 35.9272, 43.8046]]","[[51.0134, 73.2207, 91.9222], [31.8765, 46.6596, 57.6625], [50.6367, 74.435, 93.52], [31.5063, 44.8936, 54.962], [16.0397, 23.6664, 29.2733]]","[[73.0889, 101.7985, 124.6731], [47.7035, 68.3552, 82.1496], [77.7122, 108.9384, 133.6649], [45.9348, 65.8699, 80.5671], [25.257, 35.7401, 43.4137]]","[[0.023, 0.1725, 0.2163], [-0.0882, -0.3025, -0.528], [0.0268, -0.0343, -0.0675], [0.0303, 0.004, -0.1555], [0.0, 0.0, 0.0]]",GPU,KEEP,
20260913_170256_loop_autots_mr_psar_dir_10,2026-09-13T17:02:56,loop,autots_mr,btc_1min_2y_2024-09-03_2026-09-03,822935ae5e8f,8587,psar_dir_10,109,null,S_m,0.0,0.26666666666666666,-0.1639979664253044,-0.2466703042990348,"[[73.0178, 103.6748, 128.908], [47.6498, 68.3448, 82.4175], [77.1897, 108.9856, 135.6292], [45.9735, 65.7655, 80.4308], [25.294, 35.9272, 43.8046]]","[[51.0479, 73.2272, 92.01], [31.88, 46.6342, 57.632], [50.6367, 74.435, 93.52], [31.5211, 44.8722, 54.8895], [16.0397, 23.6664, 29.2733]]","[[73.0889, 101.7985, 124.6731], [47.7035, 68.3552, 82.1496], [77.7122, 108.9384, 133.6649], [45.9348, 65.8699, 80.5671], [25.257, 35.7401, 43.4137]]","[[-0.151, -0.2467, -0.1727], [-0.0183, 0.1056, 0.2538], [0.0, 0.0, 0.0], [-0.0334, 0.0093, 0.1315], [0.0, 0.0, 0.0]]",GPU,KEEP,
20260913_170317_loop_autots_mr_psar_dir_15,2026-09-13T17:03:17,loop,autots_mr,btc_1min_2y_2024-09-03_2026-09-03,822935ae5e8f,8587,psar_dir_15,110,null,S_m,0.0,0.4,-0.033622746671104764,-0.11342207110898173,"[[72.9362, 103.6972, 128.9347], [47.6464, 68.3387, 82.402], [77.2772, 109.0309, 135.6414], [45.9399, 65.7322, 80.4437], [25.294, 35.9272, 43.8046]]","[[51.0351, 73.282, 91.9613], [31.8979, 46.6279, 57.5761], [50.6951, 74.45, 93.5628], [31.4918, 44.8488, 54.8873], [16.0397, 23.6664, 29.2733]]","[[73.0889, 101.7985, 124.6731], [47.7035, 68.3552, 82.1496], [77.7122, 108.9384, 133.6649], [45.9348, 65.8699, 80.5671], [25.257, 35.7401, 43.4137]]","[[0.1118, -0.0216, -0.0207], [0.0071, 0.0089, 0.0188], [-0.1134, -0.0416, -0.009], [0.073, 0.0506, -0.0161], [0.0, 0.0, 0.0]]",GPU,KEEP,
20260913_170338_loop_autots_mr_psar_logdist_2,2026-09-13T17:03:38,loop,autots_mr,btc_1min_2y_2024-09-03_2026-09-03,822935ae5e8f,8587,psar_logdist_2,111,null,S_m,-0.1821595568380685,0.13333333333333333,-0.5986946865025233,-1.100523561925959,"[[72.9801, 103.7131, 128.8781], [47.6646, 68.6586, 82.9627], [77.5907, 109.55, 137.1342], [46.0236, 66.0119, 80.7447], [25.2949, 35.9432, 43.8006]]","[[51.0716, 73.308, 92.1385], [31.8701, 46.7249, 57.7237], [50.7269, 74.6084, 94.2941], [31.5618, 45.0073, 55.0741], [16.0358, 23.6837, 29.2824]]","[[73.0889, 101.7985, 124.6731], [47.7035, 68.3552, 82.1496], [77.7122, 108.9384, 133.6649], [45.9348, 65.8699, 80.5671], [25.257, 35.7401, 43.4137]]","[[-0.0602, -0.0153, 0.0439], [-0.0382, -0.4682, -0.6804], [-0.4057, -0.4761, -1.1005], [-0.1822, -0.4254, -0.3742], [-0.0034, -0.0445, 0.0091]]",GPU,DROP,
20260913_170359_loop_autots_mr_psar_logdist_3,2026-09-13T17:03:59,loop,autots_mr,btc_1min_2y_2024-09-03_2026-09-03,822935ae5e8f,8587,psar_logdist_3,111,null,S_m,-0.12362020980625221,0.26666666666666666,-0.4778464662829718,-1.0786442224508974,"[[72.7522, 103.0784, 128.0405], [47.7568, 68.6048, 82.6857], [77.4133, 109.6162, 137.1045], [46.0374, 65.8095, 80.4884], [25.3035, 35.9716, 43.7706]]","[[51.0077, 73.0528, 91.7839], [31.8851, 46.665, 57.628], [50.6857, 74.8211, 94.4385], [31.5577, 44.9046, 54.9123], [16.0338, 23.679, 29.2744]]","[[73.0889, 101.7985, 124.6731], [47.7035, 68.3552, 82.1496], [77.7122, 108.9384, 133.6649], [45.9348, 65.8699, 80.5671], [25.257, 35.7401, 43.4137]]","[[0.2522, 0.5968, 0.6935], [-0.2318, -0.3894, -0.3443], [-0.1761, -0.5368, -1.0786], [-0.2122, -0.1175, -0.0556], [-0.0374, -0.1236, 0.0778]]",GPU,DROP,
20260913_170420_loop_autots_mr_psar_logdist_4,2026-09-13T17:04:20,loop,autots_mr,btc_1min_2y_2024-09-03_2026-09-03,822935ae5e8f,8587,psar_logdist_4,111,null,S_m,-0.12354522047410832,0.13333333333333333,-0.3846432129889932,-0.8467005015653672,"[[72.9809, 103.472, 128.4433], [47.7133, 68.4576, 82.5269], [77.3402, 109.5383, 136.7899], [45.9967, 65.9055, 80.6379], [25.302, 35.9297, 43.812]]","[[51.0575, 73.3305, 91.926], [31.9026, 46.6642, 57.5754], [50.6779, 74.5981, 94.0745], [31.5179, 44.9194, 55.0329], [16.0481, 23.6921, 29.3108]]","[[73.0889, 101.7985, 124.6731], [47.7035, 68.3552, 82.1496], [77.7122, 108.9384, 133.6649], [45.9348, 65.8699, 80.5671], [25.257, 35.7401, 43.4137]]","[[-0.0613, 0.2172, 0.3811], [-0.1404, -0.174, -0.1516], [-0.0815, -0.4654, -0.8467], [-0.1235, -0.2635, -0.2415], [-0.0316, -0.007, -0.0169]]",GPU,DROP,
20260913_170441_loop_autots_mr_psar_logdist_5,2026-09-13T17:04:41,loop,autots_mr,btc_1min_2y_2024-09-03_2026-09-03,822935ae5e8f,8587,psar_logdist_5,111,null,S_m,-0.08686714315535582,0.26666666666666666,-0.20602605451129907,-0.22289791873395526,"[[73.0244, 103.5109, 128.8059], [47.6259, 68.3288, 82.574], [77.3094, 109.1214, 135.9098], [45.9841, 65.865, 80.623], [25.3012, 35.9692, 43.8427]]","[[51.0595, 73.3624, 92.2166], [31.8687, 46.5857, 57.5722], [50.6737, 74.5909, 93.6715], [31.5594, 44.9622, 55.0913], [16.0399, 23.6985, 29.2977]]","[[73.0889, 101.7985, 124.6731], [47.7035, 68.3552, 82.1496], [77.7122, 108.9384, 133.6649], [45.9348, 65.8699, 80.5671], [25.257, 35.7401, 43.4137]]","[[-0.121, 0.1797, 0.0999], [0.0431, 0.0145, -0.2087], [-0.0417, -0.083, -0.1979], [-0.0963, -0.202, -0.2229], [-0.0282, -0.1171, -0.0869]]",GPU,DROP,
20260913_170502_loop_autots_mr_psar_logdist_8,2026-09-13T17:05:02,loop,autots_mr,btc_1min_2y_2024-09-03_2026-09-03,822935ae5e8f,8587,psar_logdist_8,111,null,S_m,-0.04066035778595989,0.4,-0.6566451329235967,-1.329738873518993,"[[72.9692, 103.6078, 128.6387], [47.6584, 68.3203, 82.371], [77.6292, 109.8931, 137.4451], [46.0296, 65.966, 80.7173], [25.3043, 35.9166, 43.7521]]","[[51.0134, 73.2304, 91.9132], [31.8742, 46.5918, 57.5299], [50.8246, 74.8334, 94.321], [31.5714, 44.9571, 55.0581], [16.0306, 23.6768, 29.2576]]","[[73.0889, 101.7985, 124.6731], [47.7035, 68.3552, 82.1496], [77.7122, 108.9384, 133.6649], [45.9348, 65.8699, 80.5671], [25.257, 35.7401, 43.4137]]","[[-0.0453, 0.0862, 0.2296], [-0.0253, 0.027, 0.0376], [-0.4554, -0.7908, -1.3297], [-0.1953, -0.3556, -0.3401], [-0.0407, 0.0294, 0.1199]]",GPU,DROP,
20260913_170523_loop_autots_mr_psar_logdist_10,2026-09-13T17:05:23,loop,autots_mr,btc_1min_2y_2024-09-03_2026-09-03,822935ae5e8f,8587,psar_logdist_10,111,null,S_m,0.013726922061163549,0.6,-0.22489740583116366,-0.6197869308322002,"[[72.7788, 103.5372, 129.0877], [47.6438, 68.3145, 82.4751], [77.2666, 109.3534, 136.4821], [45.963, 65.7601, 80.3448], [25.2597, 35.8434, 43.6588]]","[[50.9992, 73.0755, 91.7435], [31.8878, 46.5904, 57.5529], [50.6942, 74.6911, 94.0615], [31.5279, 44.8638, 54.8791], [16.0241, 23.6396, 29.2381]]","[[73.0889, 101.7985, 124.6731], [47.7035, 68.3552, 82.1496], [77.7122, 108.9384, 133.6649], [45.9348, 65.8699, 80.5671], [25.257, 35.7401, 43.4137]]","[[0.2158, 0.1543, -0.1186], [0.0054, 0.0354, -0.0887], [0.0137, -0.2957, -0.6198], [-0.0503, -0.0424, 0.1229], [0.1356, 0.2333, 0.3329]]",GPU,KEEP,
20260913_170545_loop_autots_mr_psar_logdist_15,2026-09-13T17:05:45,loop,autots_mr,btc_1min_2y_2024-09-03_2026-09-03,822935ae5e8f,8587,psar_logdist_15,112,null,S_m,-0.05999649047543354,0.4,-0.2781574267362785,-0.49326599685757255,"[[72.84, 103.4323, 128.9206], [47.5975, 68.4002, 82.8819], [77.5325, 109.4571, 136.2225], [45.9341, 65.6516, 80.3839], [25.2749, 35.9064, 43.737]]","[[50.9883, 73.1358, 91.6687], [31.8767, 46.6711, 57.7393], [50.7785, 74.5849, 93.776], [31.5347, 44.817, 54.8424], [16.0324, 23.6493, 29.2311]]","[[73.0889, 101.7985, 124.6731], [47.7035, 68.3552, 82.1496], [77.7122, 108.9384, 133.6649], [45.9348, 65.8699, 80.5671], [25.257, 35.7401, 43.4137]]","[[-0.0841, 0.1013, 0.1294], [0.0973, -0.1255, -0.4933], [-0.3441, -0.0948, 0.1902], [0.0629, 0.165, -0.0487], [-0.06, -0.1759, -0.1792]]",GPU,DROP,
20260913_170606_loop_autots_mr_psar_age_log_2,2026-09-13T17:06:06,loop,autots_mr,btc_1min_2y_2024-09-03_2026-09-03,822935ae5e8f,8587,psar_age_log_2,112,null,S_m,-0.001625068574884203,0.4666666666666667,-0.20451763957768596,-0.34297518997410403,"[[72.7535, 103.5199, 129.0425], [47.6749, 68.4956, 82.7579], [77.2124, 109.2135, 136.1091], [45.9638, 65.779, 80.4361], [25.2419, 35.8795, 43.699]]","[[50.9651, 73.0692, 91.7953], [31.8856, 46.6626, 57.75], [50.7017, 74.6264, 93.8447], [31.5017, 44.89, 54.9699], [16.0211, 23.6763, 29.246]]","[[73.0889, 101.7985, 124.6731], [47.7035, 68.3552, 82.1496], [77.7122, 108.9384, 133.6649], [45.9348, 65.8699, 80.5671], [25.257, 35.7401, 43.4137]]","[[0.0348, 0.0167, 0.035], [-0.0652, -0.2652, -0.343], [0.0702, 0.1279, 0.2733], [-0.0016, -0.0288, -0.1136], [0.0706, -0.1009, -0.0922]]",GPU,KEEP,
20260913_170627_loop_autots_mr_psar_age_log_3,2026-09-13T17:06:27,loop,autots_mr,btc_1min_2y_2024-09-03_2026-09-03,822935ae5e8f,8587,psar_age_log_3,113,null,S_m,-0.09471360554895725,0.2,-0.2020944321554774,-0.26115571588121167,"[[72.8224, 103.7017, 129.1998], [47.6772, 68.3203, 82.4736], [77.2566, 109.1936, 136.2082], [46.0044, 65.88, 80.6074], [25.2851, 35.9461, 43.8132]]","[[50.9518, 73.1626, 91.7343], [31.8888, 46.6156, 57.5428], [50.6884, 74.6202, 93.8747], [31.5499, 44.9697, 55.0466], [16.0308, 23.7079, 29.301]]","[[73.0889, 101.7985, 124.6731], [47.7035, 68.3552, 82.1496], [77.7122, 108.9384, 133.6649], [45.9348, 65.8699, 80.5671], [25.257, 35.7401, 43.4137]]","[[-0.0947, -0.1756, -0.1219], [-0.0049, 0.2559, 0.3436], [-0.0573, 0.0182, -0.0728], [-0.0883, -0.1535, -0.213], [-0.1711, -0.1857, -0.2612]]",GPU,DROP,
20260913_170648_loop_autots_mr_psar_age_log_4,2026-09-13T17:06:48,loop,autots_mr,btc_1min_2y_2024-09-03_2026-09-03,822935ae5e8f,8587,psar_age_log_4,113,null,S_m,-0.05843612946065946,0.3333333333333333,-0.33527665799180983,-0.585422472134467,"[[73.0161, 104.1259, 129.4255], [47.6563, 68.4553, 82.6033], [77.3337, 109.2985, 136.2639], [45.9736, 65.7588, 80.4831], [25.2673, 35.8646, 43.7039]]","[[51.0465, 73.2496, 91.8769], [31.8907, 46.6039, 57.5352], [50.6976, 74.636, 93.9444], [31.533, 44.8265, 54.8885], [16.0264, 23.6625, 29.2425]]","[[73.0889, 101.7985, 124.6731], [47.7035, 68.3552, 82.1496], [77.7122, 108.9384, 133.6649], [45.9348, 65.8699, 80.5671], [25.257, 35.7401, 43.4137]]","[[-0.3609, -0.5854, -0.2968], [0.039, 0.0588, 0.1869], [-0.1571, -0.0778, -0.1138], [-0.0214, 0.0308, -0.0584], [-0.1007, 0.0417, -0.011]]",GPU,DROP,
20260913_170708_loop_autots_mr_psar_age_log_5,2026-09-13T17:07:08,loop,autots_mr,btc_1min_2y_2024-09-03_2026-09-03,822935ae5e8f,8587,psar_age_log_5,113,null,S_m,-0.028201954525197692,0.3333333333333333,-0.13151709154648472,-0.16497449563750433,"[[72.8735, 103.6529, 129.0598], [47.7058, 68.3938, 82.552], [77.2224, 108.9538, 135.8191], [46.008, 65.7976, 80.427], [25.2756, 35.8971, 43.732]]","[[51.0074, 73.1551, 91.7771], [31.904, 46.6282, 57.5524], [50.6678, 74.5149, 93.7857], [31.5519, 44.921, 54.9869], [16.0323, 23.6841, 29.2844]]","[[73.0889, 101.7985, 124.6731], [47.7035, 68.3552, 82.1496], [77.7122, 108.9384, 133.6649], [45.9348, 65.8699, 80.5671], [25.257, 35.7401, 43.4137]]","[[-0.165, -0.1285, -0.0134], [-0.0649, 0.1486, 0.2489], [-0.013, 0.2378, 0.2131], [-0.0963, -0.0282, 0.0112], [-0.1335, -0.0491, -0.0754]]",GPU,DROP,
20260913_170729_loop_autots_mr_psar_age_log_8,2026-09-13T17:07:29,loop,autots_mr,btc_1min_2y_2024-09-03_2026-09-03,822935ae5e8f,8587,psar_age_log_8,113,null,S_m,-0.03775502372524997,0.4666666666666667,-0.21149703180459054,-0.43716546701288994,"[[72.8295, 103.9724, 129.3954], [47.6606, 68.4117, 82.5501], [77.2415, 109.1102, 136.0853], [46.0051, 65.8117, 80.5048], [25.2718, 35.8373, 43.6386]]","[[50.9775, 73.2398, 91.8733], [31.8676, 46.5901, 57.569], [50.682, 74.6204, 93.891], [31.5468, 44.8959, 55.006], [16.0257, 23.6319, 29.1976]]","[[73.0889, 101.7985, 124.6731], [47.7035, 68.3552, 82.1496], [77.7122, 108.9384, 133.6649], [45.9348, 65.8699, 80.5671], [25.257, 35.7401, 43.4137]]","[[-0.1044, -0.4372, -0.2735], [0.03, 0.1225, 0.2511], [-0.0378, 0.0946, 0.0175], [-0.0898, -0.0496, -0.0855], [-0.1184, 0.1177, 0.1384]]",GPU,DROP,
20260913_170749_loop_autots_mr_psar_age_log_10,2026-09-13T17:07:49,loop,autots_mr,btc_1min_2y_2024-09-03_2026-09-03,822935ae5e8f,8587,psar_age_log_10,113,null,S_m,-0.06274411944231506,0.26666666666666666,-0.3017935601894983,-0.3682197116582797,"[[72.7991, 103.8749, 129.5176], [47.691, 68.5638, 82.7978], [77.2726, 109.1058, 135.9486], [45.9903, 65.8436, 80.6292], [25.2377, 35.8782, 43.7377]]","[[50.9927, 73.2012, 91.9994], [31.8907, 46.623, 57.6736], [50.6662, 74.4996, 93.7831], [31.5407, 44.883, 54.9645], [16.0177, 23.6638, 29.2688]]","[[73.0889, 101.7985, 124.6731], [47.7035, 68.3552, 82.1496], [77.7122, 108.9384, 133.6649], [45.9348, 65.8699, 80.5671], [25.257, 35.7401, 43.4137]]","[[-0.0627, -0.343, -0.3682], [-0.0337, -0.0996, -0.0481], [-0.078, 0.0986, 0.1179], [-0.0576, -0.0982, -0.24], [0.0165, 0.0037, -0.0884]]",GPU,DROP,
20260913_170810_loop_autots_mr_psar_age_log_15,2026-09-13T17:08:10,loop,autots_mr,btc_1min_2y_2024-09-03_2026-09-03,822935ae5e8f,8587,psar_age_log_15,113,null,S_m,-0.1505083430441978,0.2,-0.38325503817365103,-0.6060893890428076,"[[73.0198, 104.1473, 129.5518], [47.7006, 68.4727, 82.7928], [77.4682, 109.4765, 136.4386], [46.0291, 65.7518, 80.3712], [25.2799, 35.9115, 43.7978]]","[[50.9909, 73.3012, 91.9743], [31.8987, 46.6962, 57.7416], [50.7734, 74.7159, 94.1007], [31.5548, 44.9081, 54.8937], [16.0237, 23.6744, 29.2683]]","[[73.0889, 101.7985, 124.6731], [47.7035, 68.3552, 82.1496], [77.7122, 108.9384, 133.6649], [45.9348, 65.8699, 80.5671], [25.257, 35.7401, 43.4137]]","[[-0.366, -0.6061, -0.3947], [-0.0539, 0.0335, -0.0422], [-0.3314, -0.2409, -0.2421], [-0.1422, 0.0415, 0.0807], [-0.1505, -0.089, -0.2259]]",GPU,DROP,
20260913_170831_loop_autots_mr_log_rv2_med2d,2026-09-13T17:08:31,loop,autots_mr,btc_1min_2y_2024-09-03_2026-09-03,822935ae5e8f,8587,log_rv2_med2d,113,null,S_m,-0.15226448542542403,0.0,-0.29757175650680256,-0.35061192895688986,"[[72.8451, 103.7661, 129.1846], [47.6837, 68.5999, 82.9962], [77.3936, 109.3947, 136.3138], [45.9694, 65.9366, 80.6806], [25.2784, 35.9277, 43.8523]]","[[51.0141, 73.2372, 91.8085], [31.89, 46.6703, 57.6731], [50.7435, 74.573, 93.7802], [31.5198, 44.9623, 54.9894], [16.022, 23.6896, 29.2893]]","[[73.0889, 101.7985, 124.6731], [47.7035, 68.3552, 82.1496], [77.7122, 108.9384, 133.6649], [45.9348, 65.8699, 80.5671], [25.257, 35.7401, 43.4137]]","[[-0.126, -0.2378, -0.1101], [-0.0185, -0.1523, -0.2879], [-0.2347, -0.166, -0.1504], [-0.0122, -0.2395, -0.304], [-0.1447, -0.1342, -0.3506]]",GPU,DROP,
20260913_170851_loop_autots_mr_log_rv3_med2d,2026-09-13T17:08:52,loop,autots_mr,btc_1min_2y_2024-09-03_2026-09-03,822935ae5e8f,8587,log_rv3_med2d,113,null,S_m,-0.1761874295227006,0.26666666666666666,-0.3495323333562972,-0.5281949220572235,"[[72.9484, 103.6281, 128.6385], [47.7411, 68.4939, 82.9037], [77.3561, 109.6062, 136.828], [45.9613, 65.7178, 80.5066], [25.2931, 35.954, 43.8452]]","[[50.9238, 73.0978, 91.6809], [31.8939, 46.646, 57.6774], [50.7812, 74.678, 94.0951], [31.5158, 44.837, 54.9535], [16.0479, 23.7295, 29.3451]]","[[73.0889, 101.7985, 124.6731], [47.7035, 68.3552, 82.1496], [77.7122, 108.9384, 133.6649], [45.9348, 65.8699, 80.5671], [25.257, 35.7401, 43.4137]]","[[-0.2679, -0.1046, 0.3131], [-0.1387, 0.0025, -0.1762], [-0.1861, -0.3596, -0.5282], [0.0054, 0.0931, -0.0876], [-0.2027, -0.2077, -0.3344]]",GPU,DROP,
20260913_170912_loop_autots_mr_log_rv4_med2d,2026-09-13T17:09:12,loop,autots_mr,btc_1min_2y_2024-09-03_2026-09-03,822935ae5e8f,8587,log_rv4_med2d,113,null,S_m,-0.20165401939282734,0.26666666666666666,-0.28809788283951754,-0.3388300497063179,"[[72.911, 103.7349, 129.1185], [47.6182, 68.4611, 82.7257], [77.402, 109.4462, 136.5703], [45.9565, 65.8577, 80.5983], [25.3218, 35.9197, 43.7876]]","[[50.9496, 73.1046, 91.9036], [31.8743, 46.6395, 57.6251], [50.7108, 74.6245, 94.1162], [31.522, 44.9928, 55.0799], [16.0451, 23.6891, 29.2811]]","[[73.0889, 101.7985, 124.6731], [47.7035, 68.3552, 82.1496], [77.7122, 108.9384, 133.6649], [45.9348, 65.8699, 80.5671], [25.257, 35.7401, 43.4137]]","[[-0.2165, -0.2077, -0.0589], [0.1189, 0.0505, 0.039], [-0.2456, -0.2131, -0.3388], [0.0159, -0.1195, -0.2017], [-0.3164, -0.1119, -0.2026]]",GPU,DROP,
20260913_170933_loop_autots_mr_log_rv5_med2d,2026-09-13T17:09:33,loop,autots_mr,btc_1min_2y_2024-09-03_2026-09-03,822935ae5e8f,8587,log_rv5_med2d,113,null,S_m,-0.07037680789787615,0.3333333333333333,-0.5028620048744514,-0.5460479993625089,"[[72.9241, 103.9801, 129.7471], [47.7085, 68.5853, 82.9708], [77.6306, 109.3747, 136.0273], [45.8793, 65.705, 80.3495], [25.2342, 35.8859, 43.7046]]","[[51.0082, 73.3272, 91.913], [31.9113, 46.6482, 57.7055], [50.7994, 74.7155, 93.8256], [31.4914, 44.825, 54.9305], [16.0073, 23.6822, 29.2917]]","[[73.0889, 101.7985, 124.6731], [47.7035, 68.3552, 82.1496], [77.7122, 108.9384, 133.6649], [45.9348, 65.8699, 80.5671], [25.257, 35.7401, 43.4137]]","[[-0.2345, -0.4446, -0.546], [-0.0704, -0.1309, -0.2572], [-0.5417, -0.1476, 0.0601], [0.1838, 0.1126, 0.1076], [0.0303, -0.0179, -0.0128]]",GPU,DROP,
20260913_170954_loop_autots_mr_log_rv8_med2d,2026-09-13T17:09:54,loop,autots_mr,btc_1min_2y_2024-09-03_2026-09-03,822935ae5e8f,8587,log_rv8_med2d,113,null,S_m,-0.16235282164571707,0.13333333333333333,-0.4801799317828248,-0.6261078373678508,"[[73.0478, 104.168, 129.7271], [47.6815, 68.3691, 82.6755], [77.2784, 109.2998, 136.5208], [46.0105, 65.8916, 80.5997], [25.2829, 35.9436, 43.765]]","[[51.0513, 73.2714, 91.7886], [31.8992, 46.6551, 57.682], [50.7198, 74.6903, 94.1034], [31.5227, 44.8952, 54.948], [16.0217, 23.7104, 29.2565]]","[[73.0889, 101.7985, 124.6731], [47.7035, 68.3552, 82.1496], [77.7122, 108.9384, 133.6649], [45.9348, 65.8699, 80.5671], [25.257, 35.7401, 43.4137]]","[[-0.4046, -0.6261, -0.5306], [-0.0137, 0.1848, 0.0995], [-0.0855, -0.079, -0.3025], [-0.1016, -0.1711, -0.2034], [-0.1624, -0.1786, -0.1509]]",GPU,DROP,
20260913_171016_loop_autots_mr_log_rv10_med2d,2026-09-13T17:10:16,loop,autots_mr,btc_1min_2y_2024-09-03_2026-09-03,822935ae5e8f,8587,log_rv10_med2d,113,null,S_m,0.03351087517730056,0.6,-0.14175405517477202,-0.18485314833480704,"[[72.888, 103.707, 128.9992], [47.6844, 68.4518, 82.7211], [77.2766, 109.0511, 135.9323], [45.9593, 65.7329, 80.3512], [25.2627, 35.8615, 43.7071]]","[[50.9108, 73.1219, 91.7824], [31.903, 46.6368, 57.6369], [50.6928, 74.4518, 93.7335], [31.5369, 44.8683, 54.9048], [16.0264, 23.6913, 29.2531]]","[[73.0889, 101.7985, 124.6731], [47.7035, 68.3552, 82.1496], [77.7122, 108.9384, 133.6649], [45.9348, 65.8699, 80.5671], [25.257, 35.7401, 43.4137]]","[[-0.1849, -0.1808, 0.0335], [-0.0199, 0.0639, 0.0445], [-0.0832, 0.1487, 0.1299], [0.0097, 0.0701, 0.1055], [-0.0826, 0.0502, -0.0184]]",GPU,KEEP,
20260913_171037_loop_autots_mr_log_rv15_med2d,2026-09-13T17:10:37,loop,autots_mr,btc_1min_2y_2024-09-03_2026-09-03,822935ae5e8f,8587,log_rv15_med2d,114,null,S_m,-0.10189336399220039,0.13333333333333333,-0.25167006788408663,-0.43728671833491717,"[[73.0712, 103.9477, 129.5633], [47.7483, 68.6242, 82.9143], [77.3497, 109.0725, 136.062], [45.9142, 65.7291, 80.4331], [25.2857, 35.924, 43.7485]]","[[51.0052, 73.1952, 91.927], [31.9018, 46.665, 57.6909], [50.6706, 74.5423, 93.7719], [31.5109, 44.8632, 54.8857], [16.0418, 23.706, 29.2646]]","[[73.0889, 101.7985, 124.6731], [47.7035, 68.3552, 82.1496], [77.7122, 108.9384, 133.6649], [45.9348, 65.8699, 80.5671], [25.257, 35.7401, 43.4137]]","[[-0.2514, -0.2321, -0.4373], [-0.1339, -0.2519, -0.2336], [-0.0947, -0.0196, -0.0954], [0.0982, 0.0058, -0.1019], [-0.0907, -0.1743, -0.0948]]",GPU,DROP,
20260913_171059_loop_autots_mr_r5_2,2026-09-13T17:10:59,loop,autots_mr,btc_1min_2y_2024-09-03_2026-09-03,822935ae5e8f,8587,r5_2,114,null,S_m,-0.11812676166547131,0.2,-0.33788605866253096,-0.36589919359044654,"[[73.0994, 103.8293, 129.0277], [47.6394, 68.4947, 82.7079], [77.4344, 109.4284, 136.3752], [45.8823, 65.8105, 80.6452], [25.2645, 35.9237, 43.7886]]","[[50.9911, 73.1538, 91.571], [31.8967, 46.5983, 57.5907], [50.7674, 74.5996, 93.7456], [31.4944, 44.8443, 54.9224], [16.0325, 23.7234, 29.2928]]","[[73.0889, 101.7985, 124.6731], [47.7035, 68.3552, 82.1496], [77.7122, 108.9384, 133.6649], [45.9348, 65.8699, 80.5671], [25.257, 35.7401, 43.4137]]","[[-0.2901, -0.1178, -0.0221], [0.0944, -0.0626, 0.0159], [-0.2042, -0.3459, -0.3258], [0.1675, -0.1181, -0.3659], [-0.0069, -0.1736, -0.1866]]",GPU,DROP,
20260913_171120_loop_autots_mr_r5_3,2026-09-13T17:11:20,loop,autots_mr,btc_1min_2y_2024-09-03_2026-09-03,822935ae5e8f,8587,r5_3,114,null,S_m,-0.24499152965267168,0.13333333333333333,-0.5681722002789069,-0.9644449147779177,"[[72.8996, 103.9611, 129.152], [47.7258, 68.3988, 82.5767], [77.422, 109.7507, 137.2433], [46.0039, 65.9801, 80.7193], [25.3379, 36.0123, 43.8294]]","[[50.9493, 73.1315, 91.5978], [31.8971, 46.5762, 57.5847], [50.7093, 74.7162, 94.5058], [31.5222, 44.9417, 55.0806], [16.0457, 23.7455, 29.3046]]","[[73.0889, 101.7985, 124.6731], [47.7035, 68.3552, 82.1496], [77.7122, 108.9384, 133.6649], [45.9348, 65.8699, 80.5671], [25.257, 35.7401, 43.4137]]","[[-0.016, -0.245, -0.1185], [-0.0868, 0.0775, 0.1745], [-0.1882, -0.6415, -0.9644], [-0.097, -0.376, -0.4581], [-0.2974, -0.4204, -0.2799]]",GPU,DROP,
20260913_171140_loop_autots_mr_log_c5_ema5_2,2026-09-13T17:11:40,loop,autots_mr,btc_1min_2y_2024-09-03_2026-09-03,822935ae5e8f,8587,log_c5_ema5_2,114,null,S_m,-0.20710794939760024,0.06666666666666667,-0.774405344258855,-0.8540669636453169,"[[72.9921, 103.8924, 129.2664], [47.7311, 68.6588, 82.9461], [77.5795, 109.9475, 137.0933], [46.0435, 65.9854, 80.9162], [25.2595, 35.8739, 43.7479]]","[[51.0098, 73.1625, 91.7885], [31.9055, 46.6913, 57.7506], [50.8222, 74.9835, 94.3666], [31.5564, 44.958, 55.0975], [16.0276, 23.7012, 29.2781]]","[[73.0889, 101.7985, 124.6731], [47.7035, 68.3552, 82.1496], [77.7122, 108.9384, 133.6649], [45.9348, 65.8699, 80.5671], [25.257, 35.7401, 43.4137]]","[[-0.1428, -0.1787, -0.2071], [-0.0978, -0.3024, -0.2721], [-0.3919, -0.822, -0.8541], [-0.1832, -0.3841, -0.7031], [0.0129, -0.0347, -0.0933]]",GPU,DROP,
20260913_171201_loop_autots_mr_log_c5_ema5_3,2026-09-13T17:12:01,loop,autots_mr,btc_1min_2y_2024-09-03_2026-09-03,822935ae5e8f,8587,log_c5_ema5_3,114,null,S_m,-0.23258759473365753,0.2,-0.7795830784018731,-1.1663645969646863,"[[73.2907, 104.6289, 130.5038], [47.6641, 68.4185, 82.6295], [77.545, 109.6894, 136.7692], [45.9751, 65.7973, 80.6387], [25.2767, 35.9449, 43.7964]]","[[51.1047, 73.4694, 92.2619], [31.8977, 46.6382, 57.6812], [50.8153, 74.708, 94.0027], [31.5363, 44.9141, 55.0052], [16.0221, 23.7136, 29.2687]]","[[73.0889, 101.7985, 124.6731], [47.7035, 68.3552, 82.1496], [77.7122, 108.9384, 133.6649], [45.9348, 65.8699, 80.5671], [25.257, 35.7401, 43.4137]]","[[-0.5525, -0.8889, -1.1664], [0.0426, 0.0486, 0.1107], [-0.3474, -0.5853, -0.6156], [-0.0343, -0.0979, -0.3577], [-0.0553, -0.2326, -0.2044]]",GPU,DROP,
20260913_171201_loop_final_autots_mr,2026-09-13T17:12:01,loop_final,autots_mr,btc_1min_2y_2024-09-03_2026-09-03,822935ae5e8f,8587,vwap_amt_gap_5|vwap_amt_gap_8|ret_1|ret_2|ret_3|ret_4|ret_15|log_rv2_rv60|log_rv3_rv60|log_c_ema3|log_c_ema4|log_c_ema8|log_c_ema15|log_ema2_ema8|log_ema3_ema10|rsi1_centered|rsi4_centered|bb_logbw_15|kcw_3|ru_15|log_range_8|ret_skew_4|ret_skew_5|ret_skew_10|macd_hist_2_8_3_volnorm|macd_hist_3_10_3_volnorm|psar_dir_3|psar_dir_8|psar_dir_10|psar_dir_15|psar_logdist_10|psar_age_log_2|log_rv10_med2d,113,null,baseline_model,0.3597,0.8,-0.1196,-0.6157,"[[72.888, 103.707, 128.9992], [47.6844, 68.4518, 82.7211], [77.2766, 109.0511, 135.9323], [45.9593, 65.7329, 80.3512], [25.2627, 35.8615, 43.7071]]",,,,GPU,F*_autots_mr_raw,33 KEEP / 130 DROP; locked_b0=72 locked_ext=8 giữ nguyên
20260913_173813_confirm_autots_mr_unprune_seed0,2026-09-13T17:38:13,confirm,autots_mr,btc_1min_2y_2024-09-03_2026-09-03,822935ae5e8f,8587,unprune,113,ES,E0,-0.1035,0.3333,-1.8034,-3.47,"[[72.888, 103.707, 128.999], [47.684, 68.452, 82.721], [77.277, 109.051, 135.932], [45.959, 65.733, 80.351], [25.263, 35.861, 43.707]]","[[50.911, 73.122, 91.782], [31.903, 46.637, 57.637], [50.693, 74.452, 93.733], [31.537, 44.868, 54.905], [16.026, 23.691, 29.253]]","[[73.089, 101.799, 124.673], [47.703, 68.355, 82.15], [77.712, 108.938, 133.665], [45.935, 65.87, 80.567], [25.257, 35.74, 43.414]]","[[0.275, -1.8748, -3.47], [0.04, -0.1413, -0.6956], [0.5605, -0.1035, -1.6963], [-0.0534, 0.208, 0.268], [-0.0229, -0.3396, -0.6759]]",GPU,,n_ext=41 n_new=33
20260913_173813_confirm_autots_mr_unprune_seed1,2026-09-13T17:38:13,confirm,autots_mr,btc_1min_2y_2024-09-03_2026-09-03,822935ae5e8f,8588,unprune,113,ES,E0,-0.1035,0.3333,-1.8034,-3.47,"[[72.888, 103.707, 128.999], [47.684, 68.452, 82.721], [77.277, 109.051, 135.932], [45.959, 65.733, 80.351], [25.263, 35.861, 43.707]]","[[50.911, 73.122, 91.782], [31.903, 46.637, 57.637], [50.693, 74.452, 93.733], [31.537, 44.868, 54.905], [16.026, 23.691, 29.253]]","[[73.089, 101.799, 124.673], [47.703, 68.355, 82.15], [77.712, 108.938, 133.665], [45.935, 65.87, 80.567], [25.257, 35.74, 43.414]]","[[0.275, -1.8748, -3.47], [0.04, -0.1413, -0.6956], [0.5605, -0.1035, -1.6963], [-0.0534, 0.208, 0.268], [-0.0229, -0.3396, -0.6759]]",GPU,,n_ext=41 n_new=33
20260913_173813_confirm_autots_mr_unprune_seed2,2026-09-13T17:38:13,confirm,autots_mr,btc_1min_2y_2024-09-03_2026-09-03,822935ae5e8f,8589,unprune,113,ES,E0,-0.1035,0.3333,-1.8034,-3.47,"[[72.888, 103.707, 128.999], [47.684, 68.452, 82.721], [77.277, 109.051, 135.932], [45.959, 65.733, 80.351], [25.263, 35.861, 43.707]]","[[50.911, 73.122, 91.782], [31.903, 46.637, 57.637], [50.693, 74.452, 93.733], [31.537, 44.868, 54.905], [16.026, 23.691, 29.253]]","[[73.089, 101.799, 124.673], [47.703, 68.355, 82.15], [77.712, 108.938, 133.665], [45.935, 65.87, 80.567], [25.257, 35.74, 43.414]]","[[0.275, -1.8748, -3.47], [0.04, -0.1413, -0.6956], [0.5605, -0.1035, -1.6963], [-0.0534, 0.208, 0.268], [-0.0229, -0.3396, -0.6759]]",GPU,,n_ext=41 n_new=33
20260913_173813_confirm_autots_mr_prune_seed0,2026-09-13T17:38:13,confirm,autots_mr,btc_1min_2y_2024-09-03_2026-09-03,822935ae5e8f,8587,prune,101,ES,E0,-0.1006,0.4,-1.2715,-2.4753,"[[72.911, 103.054, 127.759], [47.611, 68.241, 82.3], [77.424, 109.048, 135.399], [45.953, 65.823, 80.65], [25.252, 35.919, 43.74]]","[[50.983, 73.17, 91.89], [31.898, 46.645, 57.596], [50.648, 74.458, 93.588], [31.535, 44.874, 55.008], [16.018, 23.679, 29.238]]","[[73.089, 101.799, 124.673], [47.703, 68.355, 82.15], [77.712, 108.938, 133.665], [45.935, 65.87, 80.567], [25.257, 35.74, 43.414]]","[[0.2428, -1.2333, -2.4753], [0.1949, 0.1671, -0.1836], [0.3709, -0.1006, -1.297], [-0.0396, 0.0712, -0.103], [0.0178, -0.5005, -0.7507]]",GPU,,n_ext=29 n_new=21
20260913_173813_confirm_autots_mr_prune_seed1,2026-09-13T17:38:13,confirm,autots_mr,btc_1min_2y_2024-09-03_2026-09-03,822935ae5e8f,8588,prune,101,ES,E0,-0.1006,0.4,-1.2715,-2.4753,"[[72.911, 103.054, 127.759], [47.611, 68.241, 82.3], [77.424, 109.048, 135.399], [45.953, 65.823, 80.65], [25.252, 35.919, 43.74]]","[[50.983, 73.17, 91.89], [31.898, 46.645, 57.596], [50.648, 74.458, 93.588], [31.535, 44.874, 55.008], [16.018, 23.679, 29.238]]","[[73.089, 101.799, 124.673], [47.703, 68.355, 82.15], [77.712, 108.938, 133.665], [45.935, 65.87, 80.567], [25.257, 35.74, 43.414]]","[[0.2428, -1.2333, -2.4753], [0.1949, 0.1671, -0.1836], [0.3709, -0.1006, -1.297], [-0.0396, 0.0712, -0.103], [0.0178, -0.5005, -0.7507]]",GPU,,n_ext=29 n_new=21
20260913_173813_confirm_autots_mr_prune_seed2,2026-09-13T17:38:13,confirm,autots_mr,btc_1min_2y_2024-09-03_2026-09-03,822935ae5e8f,8589,prune,101,ES,E0,-0.1006,0.4,-1.2715,-2.4753,"[[72.911, 103.054, 127.759], [47.611, 68.241, 82.3], [77.424, 109.048, 135.399], [45.953, 65.823, 80.65], [25.252, 35.919, 43.74]]","[[50.983, 73.17, 91.89], [31.898, 46.645, 57.596], [50.648, 74.458, 93.588], [31.535, 44.874, 55.008], [16.018, 23.679, 29.238]]","[[73.089, 101.799, 124.673], [47.703, 68.355, 82.15], [77.712, 108.938, 133.665], [45.935, 65.87, 80.567], [25.257, 35.74, 43.414]]","[[0.2428, -1.2333, -2.4753], [0.1949, 0.1671, -0.1836], [0.3709, -0.1006, -1.297], [-0.0396, 0.0712, -0.103], [0.0178, -0.5005, -0.7507]]",GPU,,n_ext=29 n_new=21
20260914_002623_autots_search_autots,2026-09-14T00:26:23,autots_search,autots,btc_1min_2y_2024-09-03_2026-09-03,822935ae5e8f,8587,vwap_amt_gap_1|vwap_amt_gap_240|ret_1440|log_rv15_rv240|log_rv60_rv1440|dd_240|log_c_ema240|log_c_ema1440|log_ema60_ema240|hma_slope64_volnorm|macd_hist_60_240_60_volnorm|bb_pctb_60|bb_logbw_20|log_atr14_c|kcw_20|mfi60_centered|psar_age_log|log_rv60_med2d|r5_1|r5_12|log_c5_ema5_12|vwap_amt_gap_3|vwap_amt_gap_4|vwap_amt_gap_5|ret_1|ret_2|ret_3|ret_5|ret_8|ret_15|log_rv2_rv60|log_rv4_rv60|log_rv5_rv60|log_rv10_rv60|log_c_ema2|log_c_ema3|log_c_ema4|log_c_ema8|log_c_ema10|log_c_ema15|log_ema2_ema5|log_ema2_ema8|log_ema4_ema10|log_ema5_ema15|rsi3_centered|rsi4_centered|rsi5_centered|rsi8_centered|rsi10_centered|rsi15_centered|bb_pctb_4|bb_pctb_5|bb_pctb_8|bb_pctb_15|bb_logbw_3|bb_logbw_8|bb_logbw_15|log_atr2_c|log_atr5_c|log_atr8_c|log_atr2_rv2|log_atr4_rv4|log_atr5_rv5|log_atr8_rv8|log_atr10_rv10|kcw_2|kcw_5|kcw_8|kcw_10|kcw_15|mfi3_centered|mfi10_centered|ad_vwclv_1|ad_vwclv_2|ad_vwclv_4|ad_vwclv_8|ad_vwclv_10|dd_2|dd_3|dd_8|dd_10|dd_15|ru_3|ru_4|ru_5|ru_15|log_range_8|log_range_10|log_range_15|ret_skew_3|ret_skew_8|hma_slope2_volnorm|hma_slope3_volnorm|hma_slope4_volnorm|macd_hist_2_5_2_volnorm|macd_hist_2_8_3_volnorm|macd_hist_4_10_4_volnorm|macd_hist_5_15_5_volnorm|psar_logdist_2|psar_logdist_3|psar_logdist_4|psar_logdist_5|psar_logdist_8|psar_age_log_5|psar_age_log_10|psar_age_log_15|log_rv2_med2d|log_rv3_med2d|log_rv4_med2d|log_rv5_med2d|log_rv15_med2d,183,bake-off template,E0,-0.2185,,,,"[[73.3557, 104.6421, 130.5235], [47.5785, 68.3829, 82.3291], [77.9235, 112.7405, 144.9259], [45.9687, 65.9747, 80.9703], [25.2712, 35.7854, 43.4865]]",,"[[73.0889, 101.7985, 124.6731], [47.7035, 68.3552, 82.1496], [77.7122, 108.9384, 133.6649], [45.9348, 65.8699, 80.5671], [25.257, 35.7401, 43.4137]]",,,AutoTS-final=F_WR_best|mr,"chọn @seed 8587; confirmation [8587, 8588, 8589]; ε=0.0050"
