ID,Model,ModelParameters,TransformationParameters,TransformationRuntime,FitRuntime,PredictRuntime,TotalRuntime,Ensemble,Exceptions,Runs,Generation,ValidationRound,ValidationStartDate,smape,mae,rmse,made,mage,mate,matse,underestimate,mle,overestimate,imle,spl,containment,contour,maxe,oda,dwae,mqae,ewmae,uwmse,smoothness,wasserstein,dwd,custom,smape_weighted,mae_weighted,rmse_weighted,made_weighted,mage_weighted,mate_weighted,matse_weighted,underestimate_weighted,mle_weighted,overestimate_weighted,imle_weighted,spl_weighted,containment_weighted,contour_weighted,maxe_weighted,oda_weighted,dwae_weighted,mqae_weighted,ewmae_weighted,uwmse_weighted,smoothness_weighted,wasserstein_weighted,dwd_weighted,custom_weighted,TotalRuntimeSeconds,Score
eb6002a374a9873249010f0d4a07c486,WindowRegression,"{""window_size"": 10, ""input_dim"": ""univariate"", ""output_dim"": ""forecast_length"", ""normalize_window"": false, ""max_windows"": 200000, ""fourier_encoding_components"": null, ""scale"": false, ""datepart_method"": null, ""regression_type"": ""User"", ""regression_model"": {""model"": ""xgboost"", ""model_params"": {""booster"": ""gbtree"", ""objective"": ""reg:squarederror"", ""max_depth"": 6, ""eta"": 0.03, ""min_child_weight"": 1, ""subsample"": 0.5, ""colsample_bylevel"": 0.5, ""reg_alpha"": 0.001, ""reg_lambda"": 1, ""tree_method"": ""hist"", ""device"": ""cuda""}}}","{""fillna"": ""ffill"", ""transformations"": {""0"": null}, ""transformation_params"": {""0"": {}}}",0 days 00:00:00.000201,0 days 00:00:00.142191,0 days 00:00:00.178362,0 days 00:00:00.360465,0,,1,0,2,2023-10-14 20:48:00,0.017817018470820484,4.7821523001715605,7.36169526730432,0.7863541568199802,4.7821523001715605,34.704092352607404,2.0199688001450086e-05,-170.38091978179364,3.3121333341393475,135.67682742918623,2.918226742542684,9.899909388371444,1.0,0.546875,29.089997412978846,1.0,1.2416312896834811,2.852333108149011,14.923866061948575,6.493622662785203,2.2439726847502803,1.915872608802791,0.9854822047899234,0.0,0.017817018470820484,4.7821523001715605,7.36169526730432,0.7863541568199802,4.7821523001715605,34.704092352607404,2.0199688001450086e-05,-170.38091978179364,3.3121333341393475,135.67682742918623,2.918226742542684,9.899909388371444,1.0,0.546875,29.089997412978846,1.0,1.2416312896834811,2.852333108149011,14.923866061948575,6.493622662785203,2.2439726847502803,1.915872608802791,0.9854822047899234,0.0,0.3605,1.0
ae4ecf991c6ae1ea6d0a1bc472fb875b,WindowRegression,"{""window_size"": 10, ""input_dim"": ""univariate"", ""output_dim"": ""forecast_length"", ""normalize_window"": false, ""max_windows"": 200000, ""fourier_encoding_components"": null, ""scale"": false, ""datepart_method"": null, ""regression_type"": ""User"", ""regression_model"": {""model"": ""xgboost"", ""model_params"": {""booster"": ""gbtree"", ""objective"": ""reg:squarederror"", ""max_depth"": 6, ""eta"": 0.03, ""min_child_weight"": 1, ""subsample"": 0.5, ""colsample_bylevel"": 0.5, ""reg_alpha"": 0.001, ""reg_lambda"": 1, ""tree_method"": ""hist"", ""device"": ""cuda""}}}","{""fillna"": null, ""transformations"": {}, ""transformation_params"": {}}",0 days 00:00:00.000183,0 days 00:00:00.143205,0 days 00:00:00.178114,0 days 00:00:00.361059,0,,1,0,2,2023-10-14 20:48:00,0.017817018470820484,4.7821523001715605,7.36169526730432,0.7863541568199802,4.7821523001715605,34.704092352607404,2.0199688001450086e-05,-170.38091978179364,3.3121333341393475,135.67682742918623,2.918226742542684,9.899909388371444,1.0,0.546875,29.089997412978846,1.0,1.2416312896834811,2.852333108149011,14.923866061948575,6.493622662785203,2.2439726847502803,1.915872608802791,0.9854822047899234,0.0,0.017817018470820484,4.7821523001715605,7.36169526730432,0.7863541568199802,4.7821523001715605,34.704092352607404,2.0199688001450086e-05,-170.38091978179364,3.3121333341393475,135.67682742918623,2.918226742542684,9.899909388371444,1.0,0.546875,29.089997412978846,1.0,1.2416312896834811,2.852333108149011,14.923866061948575,6.493622662785203,2.2439726847502803,1.915872608802791,0.9854822047899234,0.0,0.3611,1.0
45bdced91dc2d47343e4838f14c37e0a,WindowRegression,"{""window_size"": 5, ""input_dim"": ""univariate"", ""output_dim"": ""forecast_length"", ""normalize_window"": false, ""max_windows"": 200000, ""fourier_encoding_components"": null, ""scale"": false, ""datepart_method"": null, ""regression_type"": ""User"", ""regression_model"": {""model"": ""xgboost"", ""model_params"": {""booster"": ""gbtree"", ""objective"": ""reg:squarederror"", ""max_depth"": 6, ""eta"": 0.03, ""min_child_weight"": 1, ""subsample"": 1, ""colsample_bylevel"": 1, ""reg_alpha"": 0, ""reg_lambda"": 1, ""tree_method"": ""hist"", ""device"": ""cuda""}}}","{""fillna"": null, ""transformations"": {}, ""transformation_params"": {}}",0 days 00:00:00.000184,0 days 00:00:00.102795,0 days 00:00:00.176583,0 days 00:00:00.319228,0,,1,0,2,2023-10-14 20:48:00,0.01751372398744301,4.700793530554677,7.472760170774652,0.8025547405727672,4.700793530554677,14.69824459695883,8.555185711556608e-06,-157.77451527622907,3.162270373527535,143.07627067927024,2.932676390642866,9.899909388371444,1.0,0.53125,29.876912702809932,1.0,1.2379148582443655,2.74599202806921,13.85810253284495,6.381939198527277,2.262447863764869,1.686872621239236,0.7705318234128762,0.0,0.01751372398744301,4.700793530554677,7.472760170774652,0.8025547405727672,4.700793530554677,14.69824459695883,8.555185711556608e-06,-157.77451527622907,3.162270373527535,143.07627067927024,2.932676390642866,9.899909388371444,1.0,0.53125,29.876912702809932,1.0,1.2379148582443655,2.74599202806921,13.85810253284495,6.381939198527277,2.262447863764869,1.686872621239236,0.7705318234128762,0.0,0.3192,1.0150868651088572
d8cd8b66a9a28255be6ed91e0ed0f3ea,WindowRegression,"{""window_size"": 10, ""input_dim"": ""univariate"", ""output_dim"": ""forecast_length"", ""normalize_window"": false, ""max_windows"": 200000, ""fourier_encoding_components"": null, ""scale"": false, ""datepart_method"": null, ""regression_type"": ""User"", ""regression_model"": {""model"": ""xgboost"", ""model_params"": {""booster"": ""gbtree"", ""colsample_bylevel"": 0.54, ""learning_rate"": 0.025, ""max_depth"": 11, ""min_child_weight"": 0.0127, ""n_estimators"": 240, ""tree_method"": ""hist"", ""objective"": ""reg:squarederror"", ""device"": ""cuda""}}}","{""fillna"": null, ""transformations"": {}, ""transformation_params"": {}}",0 days 00:00:00.000191,0 days 00:00:00.235419,0 days 00:00:00.187496,0 days 00:00:00.463849,0,,1,0,2,2023-10-14 20:48:00,0.01708617337369778,4.585982706932839,7.508609274992599,0.7809823063786384,4.585982706932839,37.68537895445115,2.1934960562054096e-05,-165.59413609907642,3.1831767017244053,127.90875714462527,2.7416200351697806,9.899909388371444,1.0,0.53125,32.476608517215936,1.0,1.232651289554762,2.5809653671931976,13.577158572887221,6.423768370624968,2.2378981671876597,1.989559348085436,0.5405067253101381,0.0,0.01708617337369778,4.585982706932839,7.508609274992599,0.7809823063786384,4.585982706932839,37.68537895445115,2.1934960562054096e-05,-165.59413609907642,3.1831767017244053,127.90875714462527,2.7416200351697806,9.899909388371444,1.0,0.53125,32.476608517215936,1.0,1.232651289554762,2.5809653671931976,13.577158572887221,6.423768370624968,2.2378981671876597,1.989559348085436,0.5405067253101381,0.0,0.4638,1.0199565456533866
e9f72fc7741ad5bae0f864558ba26a05,WindowRegression,"{""window_size"": 10, ""input_dim"": ""univariate"", ""output_dim"": ""forecast_length"", ""normalize_window"": false, ""max_windows"": 200000, ""fourier_encoding_components"": null, ""scale"": false, ""datepart_method"": null, ""regression_type"": ""User"", ""regression_model"": {""model"": ""xgboost"", ""model_params"": {""booster"": ""gbtree"", ""colsample_bylevel"": 0.54, ""learning_rate"": 0.025, ""max_depth"": 11, ""min_child_weight"": 0.0127, ""n_estimators"": 240, ""tree_method"": ""hist"", ""objective"": ""reg:squarederror"", ""device"": ""cuda""}}}","{""fillna"": ""ffill"", ""transformations"": {""0"": null}, ""transformation_params"": {""0"": {}}}",0 days 00:00:00.000206,0 days 00:00:00.235113,0 days 00:00:00.187176,0 days 00:00:00.463436,0,,1,0,2,2023-10-14 20:48:00,0.01708617337369778,4.585982706932839,7.508609274992599,0.7809823063786384,4.585982706932839,37.68537895445115,2.1934960562054096e-05,-165.59413609907642,3.1831767017244053,127.90875714462527,2.7416200351697806,9.899909388371444,1.0,0.53125,32.476608517215936,1.0,1.232651289554762,2.5809653671931976,13.577158572887221,6.423768370624968,2.2378981671876597,1.989559348085436,0.5405067253101381,0.0,0.01708617337369778,4.585982706932839,7.508609274992599,0.7809823063786384,4.585982706932839,37.68537895445115,2.1934960562054096e-05,-165.59413609907642,3.1831767017244053,127.90875714462527,2.7416200351697806,9.899909388371444,1.0,0.53125,32.476608517215936,1.0,1.232651289554762,2.5809653671931976,13.577158572887221,6.423768370624968,2.2378981671876597,1.989559348085436,0.5405067253101381,0.0,0.4634,1.0199565456533866
9aebbd485a76ee621a5e67025c911ac2,WindowRegression,"{""window_size"": 10, ""input_dim"": ""univariate"", ""output_dim"": ""forecast_length"", ""normalize_window"": false, ""max_windows"": 200000, ""fourier_encoding_components"": null, ""scale"": false, ""datepart_method"": null, ""regression_type"": ""User"", ""regression_model"": {""model"": ""xgboost"", ""model_params"": {""booster"": ""gbtree"", ""colsample_bylevel"": 0.54, ""learning_rate"": 0.025, ""max_depth"": 11, ""min_child_weight"": 0.0127, ""n_estimators"": 240, ""tree_method"": ""hist"", ""objective"": ""reg:squarederror"", ""device"": ""cuda""}}}","{""fillna"": null, ""transformations"": {""0"": null}, ""transformation_params"": {""0"": {}}}",0 days 00:00:00.000205,0 days 00:00:00.235090,0 days 00:00:00.319878,0 days 00:00:00.596830,0,,1,0,2,2023-10-14 20:48:00,0.01708617337369778,4.585982706932839,7.508609274992599,0.7809823063786384,4.585982706932839,37.68537895445115,2.1934960562054096e-05,-165.59413609907642,3.1831767017244053,127.90875714462527,2.7416200351697806,9.899909388371444,1.0,0.53125,32.476608517215936,1.0,1.232651289554762,2.5809653671931976,13.577158572887221,6.423768370624968,2.2378981671876597,1.989559348085436,0.5405067253101381,0.0,0.01708617337369778,4.585982706932839,7.508609274992599,0.7809823063786384,4.585982706932839,37.68537895445115,2.1934960562054096e-05,-165.59413609907642,3.1831767017244053,127.90875714462527,2.7416200351697806,9.899909388371444,1.0,0.53125,32.476608517215936,1.0,1.232651289554762,2.5809653671931976,13.577158572887221,6.423768370624968,2.2378981671876597,1.989559348085436,0.5405067253101381,0.0,0.5968,1.0199565456533866
f23200d1504deecc9146760fccbdf465,WindowRegression,"{""window_size"": 5, ""input_dim"": ""univariate"", ""output_dim"": ""forecast_length"", ""normalize_window"": false, ""max_windows"": 200000, ""fourier_encoding_components"": null, ""scale"": false, ""datepart_method"": null, ""regression_type"": ""User"", ""regression_model"": {""model"": ""xgboost"", ""model_params"": {""booster"": ""gbtree"", ""objective"": ""reg:squarederror"", ""max_depth"": 3, ""eta"": 0.003, ""min_child_weight"": 1, ""subsample"": 1, ""colsample_bylevel"": 0.5, ""reg_alpha"": 0, ""reg_lambda"": 1, ""tree_method"": ""hist"", ""device"": ""cuda""}}}","{""fillna"": null, ""transformations"": {}, ""transformation_params"": {}}",0 days 00:00:00.000184,0 days 00:00:00.079184,0 days 00:00:00.174005,0 days 00:00:00.293150,0,,1,0,2,2023-10-14 20:48:00,0.017360050998273372,4.659420648603714,7.562311793675109,0.7850480144122823,4.659420648603714,45.93425045631011,2.6736256876293676e-05,-172.0685859834739,3.2890965153735765,126.13433552716378,2.739734277416476,9.899909388371444,1.0,0.53125,32.60299042291081,1.0,1.236020677820934,2.6198533680861282,13.587038017149247,7.064632358114055,2.2062633723031686,2.4064023952582625,0.8541493285857769,0.0,0.017360050998273372,4.659420648603714,7.562311793675109,0.7850480144122823,4.659420648603714,45.93425045631011,2.6736256876293676e-05,-172.0685859834739,3.2890965153735765,126.13433552716378,2.739734277416476,9.899909388371444,1.0,0.53125,32.60299042291081,1.0,1.236020677820934,2.6198533680861282,13.587038017149247,7.064632358114055,2.2062633723031686,2.4064023952582625,0.8541493285857769,0.0,0.2932,1.0272514032551432
aae4b48b17540daad69947938ebfcc9a,WindowRegression,"{""window_size"": 5, ""input_dim"": ""univariate"", ""output_dim"": ""forecast_length"", ""normalize_window"": false, ""max_windows"": 200000, ""fourier_encoding_components"": null, ""scale"": false, ""datepart_method"": null, ""regression_type"": ""User"", ""regression_model"": {""model"": ""xgboost"", ""model_params"": {""booster"": ""gbtree"", ""objective"": ""reg:squarederror"", ""max_depth"": 6, ""eta"": 0.05, ""min_child_weight"": 1, ""subsample"": 1, ""colsample_bylevel"": 1, ""reg_alpha"": 0.001, ""reg_lambda"": 1, ""tree_method"": ""hist"", ""device"": ""cuda""}}}","{""fillna"": null, ""transformations"": {}, ""transformation_params"": {}}",0 days 00:00:00.000186,0 days 00:00:00.073261,0 days 00:00:00.172720,0 days 00:00:00.285749,0,,1,0,2,2023-10-14 20:48:00,0.017374273944417137,4.663415886265909,7.576310889893482,0.7941157195146138,4.663415886265909,34.94140299231003,2.0337815828932583e-05,-166.7000098566641,3.236304496255097,131.75860686435408,2.793939448322864,9.899909388371444,1.0,0.484375,30.45219003360762,1.0,1.2362037189474082,2.6322783796982816,13.815719911503862,6.88490934131912,2.256038622782948,1.9638028184623266,0.8098401174126153,0.0,0.017374273944417137,4.663415886265909,7.576310889893482,0.7941157195146138,4.663415886265909,34.94140299231003,2.0337815828932583e-05,-166.7000098566641,3.236304496255097,131.75860686435408,2.793939448322864,9.899909388371444,1.0,0.484375,30.45219003360762,1.0,1.2362037189474082,2.6322783796982816,13.815719911503862,6.88490934131912,2.256038622782948,1.9638028184623266,0.8098401174126153,0.0,0.2857,1.0291530163632743
e5ae2de7371edf27a15eeb18d98c909a,WindowRegression,"{""window_size"": 2, ""input_dim"": ""univariate"", ""output_dim"": ""forecast_length"", ""normalize_window"": false, ""max_windows"": 200000, ""fourier_encoding_components"": null, ""scale"": false, ""datepart_method"": null, ""regression_type"": ""User"", ""regression_model"": {""model"": ""xgboost"", ""model_params"": {""booster"": ""gbtree"", ""objective"": ""reg:squarederror"", ""max_depth"": 6, ""eta"": 0.01, ""min_child_weight"": 2, ""subsample"": 1, ""colsample_bylevel"": 1, ""reg_alpha"": 0, ""reg_lambda"": 1, ""n_estimators"": 100, ""tree_method"": ""hist"", ""device"": ""cuda""}}}","{""fillna"": null, ""transformations"": {}, ""transformation_params"": {}}",0 days 00:00:00.000182,0 days 00:00:00.130142,0 days 00:00:00.180733,0 days 00:00:00.350802,0,,1,0,2,2023-10-14 20:48:00,0.017678031690086148,4.744891394522028,7.598717700848256,0.7957523073667925,4.744891394522028,59.384026439351146,3.456476527773624e-05,-181.52853784438048,3.4171310985834165,122.14451140502933,2.7363997275383767,9.899909388371444,1.0,0.53125,33.06287163635716,1.0,1.2399306111013073,2.7551044756940057,14.205282339579853,6.837788188332943,2.2196343584019402,2.965068033801135,1.0613838677544034,0.0,0.017678031690086148,4.744891394522028,7.598717700848256,0.7957523073667925,4.744891394522028,59.384026439351146,3.456476527773624e-05,-181.52853784438048,3.4171310985834165,122.14451140502933,2.7363997275383767,9.899909388371444,1.0,0.53125,33.06287163635716,1.0,1.2399306111013073,2.7551044756940057,14.205282339579853,6.837788188332943,2.2196343584019402,2.965068033801135,1.0613838677544034,0.0,0.3508,1.0321967189536667
0f760decfc490502f2782c17cb181970,WindowRegression,"{""window_size"": 5, ""input_dim"": ""univariate"", ""output_dim"": ""forecast_length"", ""normalize_window"": false, ""max_windows"": 200000, ""fourier_encoding_components"": null, ""scale"": false, ""datepart_method"": null, ""regression_type"": ""User"", ""regression_model"": {""model"": ""xgboost"", ""model_params"": {""booster"": ""gbtree"", ""objective"": ""reg:squarederror"", ""max_depth"": 6, ""eta"": 0.3, ""min_child_weight"": 1, ""subsample"": 1, ""colsample_bylevel"": 0.9, ""reg_alpha"": 0, ""reg_lambda"": 5, ""n_estimators"": 100, ""grow_policy"": ""lossguide"", ""tree_method"": ""hist"", ""device"": ""cuda""}}}","{""fillna"": null, ""transformations"": {}, ""transformation_params"": {}}",0 days 00:00:00.000186,0 days 00:00:00.071624,0 days 00:00:00.170300,0 days 00:00:00.281827,0,,1,0,2,2023-10-14 20:48:00,0.019262656408387563,5.170152109343917,7.618140581251286,0.8447921692287365,5.170152109343917,57.982500701153185,3.374900031405541e-05,-194.43611784958193,3.639590983674052,136.45361714842875,3.040765980119902,9.899909388371444,1.0,0.53125,24.982331695744506,1.0,1.2592040651641165,3.195379550742237,15.37632659587731,6.657512189138025,2.3303362715602023,3.280208349800546,1.697731151836,0.0,0.019262656408387563,5.170152109343917,7.618140581251286,0.8447921692287365,5.170152109343917,57.982500701153185,3.374900031405541e-05,-194.43611784958193,3.639590983674052,136.45361714842875,3.040765980119902,9.899909388371444,1.0,0.53125,24.982331695744506,1.0,1.2592040651641165,3.195379550742237,15.37632659587731,6.657512189138025,2.3303362715602023,3.280208349800546,1.697731151836,0.0,0.2818,1.0348350895595912
af4957c7902787e6e05df783721243cf,WindowRegression,"{""window_size"": 90, ""input_dim"": ""univariate"", ""output_dim"": ""forecast_length"", ""normalize_window"": false, ""max_windows"": 200000, ""fourier_encoding_components"": null, ""scale"": false, ""datepart_method"": null, ""regression_type"": ""User"", ""regression_model"": {""model"": ""LightGBM"", ""model_params"": {""objective"": ""regression"", ""learning_rate"": 0.01, ""num_leaves"": 70, ""max_depth"": 10, ""boosting_type"": ""dart"", ""n_estimators"": 50, ""linear_tree"": false, ""lambda_l1"": 0.0, ""lambda_l2"": 1, ""min_data_in_leaf"": 15, ""feature_fraction"": 0.5, ""max_bin"": 255, ""device_type"": ""cuda""}}}","{""fillna"": null, ""transformations"": {}, ""transformation_params"": {}}",0 days 00:00:00.000176,0 days 00:00:00.915593,0 days 00:00:00.164736,0 days 00:00:01.118724,0,,1,0,2,2023-10-14 20:48:00,0.017595210312090645,4.722529838279797,7.656423804372943,0.798302569585642,4.722529838279797,10.791661593015306,6.2813398195605885e-06,-156.51678562146117,3.149140285387394,145.72512402844586,2.959129181967734,9.899909388371444,1.0,0.5,33.488881705234235,1.0,1.2389088542191662,2.665126471035061,13.802891185189177,6.937673219341926,2.223356546075811,1.7082410250818765,0.6489333990545049,0.0,0.017595210312090645,4.722529838279797,7.656423804372943,0.798302569585642,4.722529838279797,10.791661593015306,6.2813398195605885e-06,-156.51678562146117,3.149140285387394,145.72512402844586,2.959129181967734,9.899909388371444,1.0,0.5,33.488881705234235,1.0,1.2389088542191662,2.665126471035061,13.802891185189177,6.937673219341926,2.223356546075811,1.7082410250818765,0.6489333990545049,0.0,1.1187,1.0400354166217132
a53abcd3b1d684dc3041b4a1588e6537,WindowRegression,"{""window_size"": 20, ""input_dim"": ""univariate"", ""output_dim"": ""forecast_length"", ""normalize_window"": false, ""max_windows"": 200000, ""fourier_encoding_components"": null, ""scale"": false, ""datepart_method"": null, ""regression_type"": ""User"", ""regression_model"": {""model"": ""LightGBM"", ""model_params"": {""objective"": ""regression"", ""learning_rate"": 0.1, ""num_leaves"": 15, ""max_depth"": -1, ""boosting_type"": ""gbdt"", ""n_estimators"": 100, ""linear_tree"": false, ""lambda_l1"": 0.1, ""lambda_l2"": 1, ""min_data_in_leaf"": 20, ""feature_fraction"": 1.0, ""max_bin"": 255, ""device_type"": ""cuda""}}}","{""fillna"": ""ffill_mean_biased"", ""transformations"": {""0"": null}, ""transformation_params"": {""0"": {}}}",0 days 00:00:00.000201,0 days 00:00:00.065861,0 days 00:00:00.164313,0 days 00:00:00.268271,0,,1,0,2,2023-10-14 20:48:00,0.017381116570346147,4.665038437961016,7.66514232485051,0.7935791721974683,4.665038437961016,42.00397907493607,2.4448623047460257e-05,-170.28321955222054,3.271389985242169,128.27924047728447,2.7528323843573412,9.899909388371444,1.0,0.546875,34.11056268425091,1.0,1.2362780481362843,2.5908573217530595,13.593866630810226,7.253038868830949,2.215169734266199,2.255366277418382,0.5721084616516736,0.0,0.017381116570346147,4.665038437961016,7.66514232485051,0.7935791721974683,4.665038437961016,42.00397907493607,2.4448623047460257e-05,-170.28321955222054,3.271389985242169,128.27924047728447,2.7528323843573412,9.899909388371444,1.0,0.546875,34.11056268425091,1.0,1.2362780481362843,2.5908573217530595,13.593866630810226,7.253038868830949,2.215169734266199,2.255366277418382,0.5721084616516736,0.0,0.2683,1.041219725420298
71986e2c58b479ec429726e704873db7,WindowRegression,"{""window_size"": 20, ""input_dim"": ""univariate"", ""output_dim"": ""forecast_length"", ""normalize_window"": false, ""max_windows"": 200000, ""fourier_encoding_components"": null, ""scale"": false, ""datepart_method"": null, ""regression_type"": ""User"", ""regression_model"": {""model"": ""xgboost"", ""model_params"": {""booster"": ""gbtree"", ""objective"": ""reg:squarederror"", ""max_depth"": 9, ""eta"": 0.3, ""min_child_weight"": 2, ""subsample"": 1, ""colsample_bylevel"": 0.9, ""reg_alpha"": 100, ""reg_lambda"": 1, ""n_estimators"": 10, ""tree_method"": ""hist"", ""device"": ""cuda""}}}","{""fillna"": ""ffill_mean_biased"", ""transformations"": {""0"": null}, ""transformation_params"": {""0"": {}}}",0 days 00:00:00.000197,0 days 00:00:00.015510,0 days 00:00:00.162934,0 days 00:00:00.217007,0,,1,0,2,2023-10-14 20:48:00,0.01738111657575365,4.665038439412285,7.665142325843347,0.7935791722179294,4.665038439412285,42.00397981806964,2.444862348000481e-05,-170.28321997022795,3.2713899901716545,128.2792401521583,2.752832381653341,9.899909388371444,1.0,0.546875,34.11056269584515,1.0,1.236278048202765,2.590857323473217,13.593866637342028,7.253038875479036,2.215169734245791,2.255366304478012,0.5721084629748112,0.0,0.01738111657575365,4.665038439412285,7.665142325843347,0.7935791722179294,4.665038439412285,42.00397981806964,2.444862348000481e-05,-170.28321997022795,3.2713899901716545,128.2792401521583,2.752832381653341,9.899909388371444,1.0,0.546875,34.11056269584515,1.0,1.236278048202765,2.590857323473217,13.593866637342028,7.253038875479036,2.215169734245791,2.255366304478012,0.5721084629748112,0.0,0.217,1.0412197255551632
9f6b36cc58bbd2d7be4481cd14182c96,WindowRegression,"{""window_size"": 5, ""input_dim"": ""univariate"", ""output_dim"": ""forecast_length"", ""normalize_window"": false, ""max_windows"": 200000, ""fourier_encoding_components"": null, ""scale"": false, ""datepart_method"": null, ""regression_type"": ""User"", ""regression_model"": {""model"": ""xgboost"", ""model_params"": {""booster"": ""gbtree"", ""objective"": ""reg:squarederror"", ""max_depth"": 6, ""eta"": 0.05, ""min_child_weight"": 1, ""subsample"": 1, ""colsample_bylevel"": 1, ""reg_alpha"": 100, ""reg_lambda"": 1, ""n_estimators"": 7, ""tree_method"": ""hist"", ""device"": ""cuda""}}}","{""fillna"": null, ""transformations"": {""0"": null}, ""transformation_params"": {""0"": {}}}",0 days 00:00:00.000202,0 days 00:00:00.013594,0 days 00:00:00.162760,0 days 00:00:00.214931,0,,1,0,2,2023-10-14 20:48:00,0.017385137945656208,4.6661177281259825,7.665862334848367,0.7935938728123448,4.6661177281259825,42.539608464809135,2.4760388773816447e-05,-170.585571532436,3.2749741480248185,128.04596306762687,2.750912794811884,9.899909388371444,1.0,0.546875,34.1189204187358,1.0,1.2363274880075223,2.5921367126582617,13.598781029364435,7.2578451105225845,2.215154997229544,2.2753153485907833,0.5730627124904003,0.0,0.017385137945656208,4.6661177281259825,7.665862334848367,0.7935938728123448,4.6661177281259825,42.539608464809135,2.4760388773816447e-05,-170.585571532436,3.2749741480248185,128.04596306762687,2.750912794811884,9.899909388371444,1.0,0.546875,34.1189204187358,1.0,1.2363274880075223,2.5921367126582617,13.598781029364435,7.2578451105225845,2.215154997229544,2.2753153485907833,0.5730627124904003,0.0,0.2149,1.0413175303377407
0cf7471e68c28c2c648c2bc9d11b0090,WindowRegression,"{""window_size"": 2, ""input_dim"": ""univariate"", ""output_dim"": ""forecast_length"", ""normalize_window"": false, ""max_windows"": 200000, ""fourier_encoding_components"": null, ""scale"": false, ""datepart_method"": null, ""regression_type"": ""User"", ""regression_model"": {""model"": ""LightGBM"", ""model_params"": {""objective"": ""regression"", ""learning_rate"": 0.1, ""num_leaves"": 31, ""max_depth"": 10, ""boosting_type"": ""gbdt"", ""n_estimators"": 100, ""linear_tree"": false, ""lambda_l1"": 1, ""lambda_l2"": 1, ""min_data_in_leaf"": 20, ""feature_fraction"": 0.8, ""max_bin"": 255, ""device_type"": ""cuda""}}}","{""fillna"": null, ""transformations"": {""0"": null}, ""transformation_params"": {""0"": {}}}",0 days 00:00:00.000204,0 days 00:00:00.058634,0 days 00:00:00.163230,0 days 00:00:00.260192,0,,1,0,2,2023-10-14 20:48:00,0.017386609735357408,4.666512801407578,7.66608165177254,0.7935983142350179,4.666512801407578,42.70143547215048,2.48545809810435e-05,-170.67912738111772,3.2761252309017563,127.97769190896724,2.7504002085406047,9.899909388371444,1.0,0.546875,34.121445498924004,1.0,1.2363455849376275,2.592605017809412,13.60069478903693,7.259302716862644,2.21515054476013,2.2814808045847306,0.573351015486518,0.0,0.017386609735357408,4.666512801407578,7.66608165177254,0.7935983142350179,4.666512801407578,42.70143547215048,2.48545809810435e-05,-170.67912738111772,3.2761252309017563,127.97769190896724,2.7504002085406047,9.899909388371444,1.0,0.546875,34.121445498924004,1.0,1.2363455849376275,2.592605017809412,13.60069478903693,7.259302716862644,2.21515054476013,2.2814808045847306,0.573351015486518,0.0,0.2602,1.04134732197081
3df6a4a61cdf53b073fe125e1463c7e3,WindowRegression,"{""window_size"": 10, ""input_dim"": ""univariate"", ""output_dim"": ""forecast_length"", ""normalize_window"": false, ""max_windows"": 200000, ""fourier_encoding_components"": null, ""scale"": false, ""datepart_method"": null, ""regression_type"": ""User"", ""regression_model"": {""model"": ""LightGBM"", ""model_params"": {""objective"": ""regression"", ""learning_rate"": 0.01, ""num_leaves"": 31, ""max_depth"": 5, ""boosting_type"": ""gbdt"", ""n_estimators"": 100, ""linear_tree"": false, ""lambda_l1"": 1, ""lambda_l2"": 0.0, ""min_data_in_leaf"": 30, ""feature_fraction"": 1.0, ""max_bin"": 255, ""device_type"": ""cuda""}}}","{""fillna"": null, ""transformations"": {}, ""transformation_params"": {}}",0 days 00:00:00.000198,0 days 00:00:00.062660,0 days 00:00:00.273632,0 days 00:00:00.374340,0,,1,0,2,2023-10-14 20:48:00,0.01739687731462759,4.669268932062664,7.667634686477457,0.79362929871742,4.669268932062664,43.830381408428366,2.5511689527540463e-05,-171.33179653021944,3.284147016607353,127.50141512179107,2.746801979200691,9.899909388371444,1.0,0.546875,34.13906109389063,1.0,1.236471826308027,2.5958720324197877,13.61404565821893,7.269542623391659,2.2151194826618514,2.324492577529946,0.5753622897500753,0.0,0.01739687731462759,4.669268932062664,7.667634686477457,0.79362929871742,4.669268932062664,43.830381408428366,2.5511689527540463e-05,-171.33179653021944,3.284147016607353,127.50141512179107,2.746801979200691,9.899909388371444,1.0,0.546875,34.13906109389063,1.0,1.236471826308027,2.5958720324197877,13.61404565821893,7.269542623391659,2.2151194826618514,2.324492577529946,0.5753622897500753,0.0,0.3743,1.041558283529055
c04e957c7ceb00fd784c5698ebc26afa,WindowRegression,"{""window_size"": 5, ""input_dim"": ""univariate"", ""output_dim"": ""forecast_length"", ""normalize_window"": false, ""max_windows"": 200000, ""fourier_encoding_components"": null, ""scale"": false, ""datepart_method"": null, ""regression_type"": ""User"", ""regression_model"": {""model"": ""xgboost"", ""model_params"": {""booster"": ""gbtree"", ""objective"": ""reg:squarederror"", ""max_depth"": 6, ""eta"": 0.03, ""min_child_weight"": 0.5, ""subsample"": 0.5, ""colsample_bylevel"": 0.5, ""reg_alpha"": 0, ""reg_lambda"": 1, ""tree_method"": ""hist"", ""device"": ""cuda""}}}","{""fillna"": null, ""transformations"": {}, ""transformation_params"": {}}",0 days 00:00:00.000185,0 days 00:00:00.137283,0 days 00:00:00.180002,0 days 00:00:00.357513,0,,1,0,2,2023-10-14 20:48:00,0.01804916524429693,4.844450328545463,7.712324777866552,0.7906011185094916,4.844450328545463,46.164046329235134,2.6870010696734902e-05,-178.10443367807238,3.3692527589722907,131.94038734883725,2.8710978239871734,9.899909388371444,1.0,0.515625,29.637281701121537,1.0,1.2444695322805577,2.7540929549150963,14.325965345331774,6.797685986953739,2.2510927420542646,2.654480001461388,0.9374061015626062,0.0,0.01804916524429693,4.844450328545463,7.712324777866552,0.7906011185094916,4.844450328545463,46.164046329235134,2.6870010696734902e-05,-178.10443367807238,3.3692527589722907,131.94038734883725,2.8710978239871734,9.899909388371444,1.0,0.515625,29.637281701121537,1.0,1.2444695322805577,2.7540929549150963,14.325965345331774,6.797685986953739,2.2510927420542646,2.654480001461388,0.9374061015626062,0.0,0.3575,1.0476289085368002
b7d4e83d7fb9227fc9d8d44cdf397f45,WindowRegression,"{""window_size"": 20, ""input_dim"": ""univariate"", ""output_dim"": ""forecast_length"", ""normalize_window"": false, ""max_windows"": 200000, ""fourier_encoding_components"": null, ""scale"": false, ""datepart_method"": null, ""regression_type"": ""User"", ""regression_model"": {""model"": ""LightGBM"", ""model_params"": {""objective"": ""regression"", ""learning_rate"": 0.1, ""num_leaves"": 31, ""max_depth"": 5, ""boosting_type"": ""gbdt"", ""n_estimators"": 100, ""linear_tree"": false, ""lambda_l1"": 0.0, ""lambda_l2"": 0.0, ""min_data_in_leaf"": 20, ""feature_fraction"": 1.0, ""max_bin"": 255, ""device_type"": ""cuda""}}}","{""fillna"": null, ""transformations"": {""0"": null}, ""transformation_params"": {""0"": {}}}",0 days 00:00:00.000212,0 days 00:00:00.603327,0 days 00:00:00.166238,0 days 00:00:00.807757,0,,1,0,2,2023-10-14 20:48:00,0.019779499868466496,5.308951226896454,7.767189730773806,0.9295180953416072,5.308951226896454,0.12023009044423816,6.998051672650267e-08,-169.8263242154644,3.4297520213889245,169.94655430590865,3.423547852459503,9.899909388371444,1.0,0.5,30.015231387693348,1.0,1.2654311104596934,3.339471154654718,16.3762410475106,7.69909730548865,2.4923535583672076,2.285895357625463,5.583712600468654,0.0,0.019779499868466496,5.308951226896454,7.767189730773806,0.9295180953416072,5.308951226896454,0.12023009044423816,6.998051672650267e-08,-169.8263242154644,3.4297520213889245,169.94655430590865,3.423547852459503,9.899909388371444,1.0,0.5,30.015231387693348,1.0,1.2654311104596934,3.339471154654718,16.3762410475106,7.69909730548865,2.4923535583672076,2.285895357625463,5.583712600468654,0.0,0.8078,1.0550816692006282
93781c155798a0977b973ff0932c6c22,WindowRegression,"{""window_size"": 20, ""input_dim"": ""univariate"", ""output_dim"": ""forecast_length"", ""normalize_window"": false, ""max_windows"": 200000, ""fourier_encoding_components"": null, ""scale"": false, ""datepart_method"": null, ""regression_type"": ""User"", ""regression_model"": {""model"": ""LightGBM"", ""model_params"": {""objective"": ""regression"", ""learning_rate"": 0.1, ""num_leaves"": 31, ""max_depth"": 5, ""boosting_type"": ""gbdt"", ""n_estimators"": 100, ""linear_tree"": false, ""lambda_l1"": 0.0, ""lambda_l2"": 0.0, ""min_data_in_leaf"": 20, ""feature_fraction"": 1.0, ""max_bin"": 255, ""device_type"": ""cuda""}}}","{""fillna"": ""zero"", ""transformations"": {""0"": null}, ""transformation_params"": {""0"": {}}}",0 days 00:00:00.000225,0 days 00:00:00.589463,0 days 00:00:00.165939,0 days 00:00:00.793528,0,,1,0,2,2023-10-14 20:48:00,0.019795045654067867,5.313120356782804,7.768054915364106,0.9295180948563686,5.313120356782804,0.14659495986779802,8.532631892019895e-08,-170.09314889698362,3.4339211554903923,169.94655393711582,3.425145410840889,9.899909388371444,1.0,0.5,30.01523136377,1.0,1.2656176791905802,3.3444123436177136,16.38626404262252,7.700619699765422,2.493561618038421,2.267525601199882,5.621017548007659,0.0,0.019795045654067867,5.313120356782804,7.768054915364106,0.9295180948563686,5.313120356782804,0.14659495986779802,8.532631892019895e-08,-170.09314889698362,3.4339211554903923,169.94655393711582,3.425145410840889,9.899909388371444,1.0,0.5,30.01523136377,1.0,1.2656176791905802,3.3444123436177136,16.38626404262252,7.700619699765422,2.493561618038421,2.267525601199882,5.621017548007659,0.0,0.7935,1.0551991943845545
3adc358e59165e0d807a288a48675f22,WindowRegression,"{""window_size"": 20, ""input_dim"": ""univariate"", ""output_dim"": ""forecast_length"", ""normalize_window"": false, ""max_windows"": 200000, ""fourier_encoding_components"": null, ""scale"": false, ""datepart_method"": null, ""regression_type"": ""User"", ""regression_model"": {""model"": ""LightGBM"", ""model_params"": {""objective"": ""regression"", ""learning_rate"": 0.1, ""num_leaves"": 31, ""max_depth"": 5, ""boosting_type"": ""gbdt"", ""n_estimators"": 100, ""linear_tree"": false, ""lambda_l1"": 0.0, ""lambda_l2"": 0.0, ""min_data_in_leaf"": 20, ""feature_fraction"": 1.0, ""max_bin"": 255, ""device_type"": ""cuda""}}}","{""fillna"": ""ffill_mean_biased"", ""transformations"": {""0"": null}, ""transformation_params"": {""0"": {}}}",0 days 00:00:00.000204,0 days 00:00:00.589854,0 days 00:00:00.165143,0 days 00:00:00.793178,0,,1,0,2,2023-10-14 20:48:00,0.019795045687446822,5.313120365740872,7.768054919734132,0.9295180959571708,5.313120365740872,0.14659512076104875,8.532641256890853e-08,-170.09314926408842,3.4339211615959053,169.94655414332738,3.4251454161937085,9.899909388371444,1.0,0.5,30.01523143492159,1.0,1.2656176795914245,3.3444123545266646,16.38626409766626,7.700619737373053,2.49356161945238,2.2675255957076463,5.621017611666111,0.0,0.019795045687446822,5.313120365740872,7.768054919734132,0.9295180959571708,5.313120365740872,0.14659512076104875,8.532641256890853e-08,-170.09314926408842,3.4339211615959053,169.94655414332738,3.4251454161937085,9.899909388371444,1.0,0.5,30.01523143492159,1.0,1.2656176795914245,3.3444123545266646,16.38626409766626,7.700619737373053,2.49356161945238,2.2675255957076463,5.621017611666111,0.0,0.7932,1.0551991949781712
0fa87e2fe02d9f220491a11aeea01526,WindowRegression,"{""window_size"": 20, ""input_dim"": ""univariate"", ""output_dim"": ""forecast_length"", ""normalize_window"": false, ""max_windows"": 200000, ""fourier_encoding_components"": null, ""scale"": false, ""datepart_method"": null, ""regression_type"": ""User"", ""regression_model"": {""model"": ""LightGBM"", ""model_params"": {""objective"": ""regression"", ""learning_rate"": 0.1, ""num_leaves"": 31, ""max_depth"": 5, ""boosting_type"": ""gbdt"", ""n_estimators"": 100, ""linear_tree"": false, ""lambda_l1"": 0.0, ""lambda_l2"": 0.0, ""min_data_in_leaf"": 20, ""feature_fraction"": 1.0, ""max_bin"": 255, ""device_type"": ""cuda""}}}","{""fillna"": null, ""transformations"": {}, ""transformation_params"": {}}",0 days 00:00:00.000186,0 days 00:00:00.589712,0 days 00:00:00.165917,0 days 00:00:00.793917,0,,1,0,2,2023-10-14 20:48:00,0.01979504567693959,5.313120362916322,7.768054920977206,0.9295180958154564,5.313120362916322,0.14659472259154427,8.532618081238597e-08,-170.0931489746181,3.4339211582946847,169.94655425202654,3.4251454168138338,9.899909388371444,1.0,0.5,30.01523140230711,1.0,1.2656176794650351,3.3444123496553435,16.386264065471956,7.700619685242777,2.493561618871926,2.267525620169379,5.621017589011189,0.0,0.01979504567693959,5.313120362916322,7.768054920977206,0.9295180958154564,5.313120362916322,0.14659472259154427,8.532618081238597e-08,-170.0931489746181,3.4339211582946847,169.94655425202654,3.4251454168138338,9.899909388371444,1.0,0.5,30.01523140230711,1.0,1.2656176794650351,3.3444123496553435,16.386264065471956,7.700619685242777,2.493561618871926,2.267525620169379,5.621017589011189,0.0,0.7939,1.0551991951470283
2719fec3bb2018ff629a1a1bdc0c0a7f,WindowRegression,"{""window_size"": 20, ""input_dim"": ""univariate"", ""output_dim"": ""forecast_length"", ""normalize_window"": false, ""max_windows"": 200000, ""fourier_encoding_components"": null, ""scale"": false, ""datepart_method"": null, ""regression_type"": ""User"", ""regression_model"": {""model"": ""LightGBM"", ""model_params"": {""objective"": ""regression"", ""learning_rate"": 0.1, ""num_leaves"": 31, ""max_depth"": 5, ""boosting_type"": ""gbdt"", ""n_estimators"": 100, ""linear_tree"": false, ""lambda_l1"": 0.0, ""lambda_l2"": 0.0, ""min_data_in_leaf"": 20, ""feature_fraction"": 1.0, ""max_bin"": 255, ""device_type"": ""cuda""}}}","{""fillna"": ""ffill"", ""transformations"": {""0"": null}, ""transformation_params"": {""0"": {}}}",0 days 00:00:00.000211,0 days 00:00:00.590098,0 days 00:00:00.165809,0 days 00:00:00.793959,0,,1,0,2,2023-10-14 20:48:00,0.019795045671174866,5.313120361370011,7.768054926370678,0.9295180956398249,5.313120361370011,0.14659407225553878,8.532580228110864e-08,-170.09314859996812,3.4339211532228475,169.94655452771258,3.4251454184027574,9.899909388371444,1.0,0.5,30.015231522425893,1.0,1.2656176793958427,3.3444123444281746,16.386264071866183,7.7006197000888195,2.4935616187317278,2.2675256357911633,5.62101760450713,0.0,0.019795045671174866,5.313120361370011,7.768054926370678,0.9295180956398249,5.313120361370011,0.14659407225553878,8.532580228110864e-08,-170.09314859996812,3.4339211532228475,169.94655452771258,3.4251454184027574,9.899909388371444,1.0,0.5,30.015231522425893,1.0,1.2656176793958427,3.3444123444281746,16.386264071866183,7.7006197000888195,2.4935616187317278,2.2675256357911633,5.62101760450713,0.0,0.794,1.0551991958796683
2a57746a14eae80506ca7cca2f8c2f86,WindowRegression,"{""window_size"": 5, ""input_dim"": ""univariate"", ""output_dim"": ""forecast_length"", ""normalize_window"": false, ""max_windows"": 200000, ""fourier_encoding_components"": null, ""scale"": false, ""datepart_method"": null, ""regression_type"": ""User"", ""regression_model"": {""model"": ""LightGBM"", ""model_params"": {""objective"": ""regression"", ""learning_rate"": 0.01, ""num_leaves"": 70, ""max_depth"": -1, ""boosting_type"": ""gbdt"", ""n_estimators"": 100, ""linear_tree"": false, ""lambda_l1"": 0.0, ""lambda_l2"": 0.0, ""min_data_in_leaf"": 20, ""feature_fraction"": 1.0, ""max_bin"": 255, ""device_type"": ""cuda""}}}","{""fillna"": ""ffill"", ""transformations"": {""0"": null}, ""transformation_params"": {""0"": {}}}",0 days 00:00:00.000204,0 days 00:00:01.170525,0 days 00:00:00.165220,0 days 00:00:01.374613,0,,1,0,2,2023-10-14 20:48:00,0.018222174151876686,4.890855190631498,7.855803218344759,0.7997276560642813,4.890855190631498,37.6518057596586,2.191541911855138e-05,-175.33326898003725,3.349470547139724,137.68146322037865,2.926897430244594,9.899909388371444,1.0,0.515625,30.526304566537874,1.0,1.2465794968348636,2.7495790484630294,14.551941215040092,7.450846414313833,2.2544645372702257,2.3609205273695015,0.6224626345456366,0.0,0.018222174151876686,4.890855190631498,7.855803218344759,0.7997276560642813,4.890855190631498,37.6518057596586,2.191541911855138e-05,-175.33326898003725,3.349470547139724,137.68146322037865,2.926897430244594,9.899909388371444,1.0,0.515625,30.526304566537874,1.0,1.2465794968348636,2.7495790484630294,14.551941215040092,7.450846414313833,2.2544645372702257,2.3609205273695015,0.6224626345456366,0.0,1.3746,1.0671187726602773
974543be739ebd0f0fa3afbe59ca4a8d,WindowRegression,"{""window_size"": 10, ""input_dim"": ""univariate"", ""output_dim"": ""forecast_length"", ""normalize_window"": false, ""max_windows"": 200000, ""fourier_encoding_components"": null, ""scale"": false, ""datepart_method"": null, ""regression_type"": ""User"", ""regression_model"": {""model"": ""LightGBM"", ""model_params"": {""objective"": ""regression"", ""learning_rate"": 0.1, ""num_leaves"": 1000, ""max_depth"": 5, ""boosting_type"": ""gbdt"", ""n_estimators"": 100, ""linear_tree"": false, ""lambda_l1"": 0.0, ""lambda_l2"": 0.0, ""min_data_in_leaf"": 20, ""feature_fraction"": 1.0, ""max_bin"": 255, ""device_type"": ""cuda""}}}","{""fillna"": null, ""transformations"": {}, ""transformation_params"": {}}",0 days 00:00:00.000194,0 days 00:00:01.287622,0 days 00:00:00.166043,0 days 00:00:01.491708,0,,1,0,2,2023-10-14 20:48:00,0.02239685434586761,6.0112875669912,8.459497017582011,1.033749055852884,6.0112875669912,8.998663323218352,5.2377163393943615e-06,-196.86053380532758,3.892227898627823,187.86187048210923,3.765107781670599,9.899909388371444,1.0,0.40625,30.625403490041208,1.0,1.2964820456627644,3.954409989702105,18.11000016653418,8.274034794500372,2.650098996375397,1.5991492561456986,9.261524239506866,0.0,0.02239685434586761,6.0112875669912,8.459497017582011,1.033749055852884,6.0112875669912,8.998663323218352,5.2377163393943615e-06,-196.86053380532758,3.892227898627823,187.86187048210923,3.765107781670599,9.899909388371444,1.0,0.40625,30.625403490041208,1.0,1.2964820456627644,3.954409989702105,18.11000016653418,8.274034794500372,2.650098996375397,1.5991492561456986,9.261524239506866,0.0,1.4917,1.149123498109652
60fdb3c4f90cfa1df2eef3944c27e9bd,WindowRegression,"{""window_size"": 10, ""input_dim"": ""univariate"", ""output_dim"": ""forecast_length"", ""normalize_window"": false, ""max_windows"": 200000, ""fourier_encoding_components"": null, ""scale"": false, ""datepart_method"": null, ""regression_type"": ""User"", ""regression_model"": {""model"": ""LightGBM"", ""model_params"": {""objective"": ""regression"", ""learning_rate"": 0.1, ""num_leaves"": 1000, ""max_depth"": 5, ""boosting_type"": ""gbdt"", ""n_estimators"": 100, ""linear_tree"": false, ""lambda_l1"": 0.0, ""lambda_l2"": 0.0, ""min_data_in_leaf"": 20, ""feature_fraction"": 1.0, ""max_bin"": 255, ""device_type"": ""cuda""}}}","{""fillna"": null, ""transformations"": {""0"": null}, ""transformation_params"": {""0"": {}}}",0 days 00:00:00.000203,0 days 00:00:01.294148,0 days 00:00:00.166303,0 days 00:00:01.498659,0,,1,0,2,2023-10-14 20:48:00,0.022396450907209518,6.011176880320932,8.46151921087211,1.0332793416399813,6.011176880320932,9.827909814186569,5.720383346606747e-06,-197.2716150773631,3.896603280909593,187.44370526317653,3.759733556917239,9.899909388371444,1.0,0.40625,30.6254035134516,1.0,1.296477210695043,3.9542788120837673,18.107398460783276,8.277910451334526,2.648862815919131,1.6050238507481895,9.247870786971443,0.0,0.022396450907209518,6.011176880320932,8.46151921087211,1.0332793416399813,6.011176880320932,9.827909814186569,5.720383346606747e-06,-197.2716150773631,3.896603280909593,187.44370526317653,3.759733556917239,9.899909388371444,1.0,0.40625,30.6254035134516,1.0,1.296477210695043,3.9542788120837673,18.107398460783276,8.277910451334526,2.648862815919131,1.6050238507481895,9.247870786971443,0.0,1.4987,1.1493981893616902
b7d4e83d7fb9227fc9d8d44cdf397f45,WindowRegression,"{""window_size"": 20, ""input_dim"": ""univariate"", ""output_dim"": ""forecast_length"", ""normalize_window"": false, ""max_windows"": 200000, ""fourier_encoding_components"": null, ""scale"": false, ""datepart_method"": null, ""regression_type"": ""User"", ""regression_model"": {""model"": ""LightGBM"", ""model_params"": {""objective"": ""regression"", ""learning_rate"": 0.1, ""num_leaves"": 31, ""max_depth"": 5, ""boosting_type"": ""gbdt"", ""n_estimators"": 100, ""linear_tree"": false, ""lambda_l1"": 0.0, ""lambda_l2"": 0.0, ""min_data_in_leaf"": 20, ""feature_fraction"": 1.0, ""max_bin"": 255, ""device_type"": ""cuda""}}}","{""fillna"": null, ""transformations"": {""0"": null}, ""transformation_params"": {""0"": {}}}",0 days 00:00:00.000193,0 days 00:00:00.613919,0 days 00:00:00.167078,0 days 00:00:00.819421,0,,1,2,0,2023-10-18 20:48:00,0.033767242553491644,9.553232089414337,11.593774622699419,0.687570128002678,9.553232089414337,95.99925796698517,5.301477091126241e-05,-353.70305584475136,6.473848949382237,257.7037978777662,5.1641641983093685,8.587740363529933,1.0,0.546875,24.880048239432654,1.0,1.22966982387728,7.508284240009541,35.22746474648632,12.404745202798031,2.8146024080212624,3.4158016643520477,4.763622682470318,0.0,0.033767242553491644,9.553232089414337,11.593774622699419,0.687570128002678,9.553232089414337,95.99925796698517,5.301477091126241e-05,-353.70305584475136,6.473848949382237,257.7037978777662,5.1641641983093685,8.587740363529933,1.0,0.546875,24.880048239432654,1.0,1.22966982387728,7.508284240009541,35.22746474648632,12.404745202798031,2.8146024080212624,3.4158016643520477,4.763622682470318,0.0,0.8194,1.5748783672411895
2719fec3bb2018ff629a1a1bdc0c0a7f,WindowRegression,"{""window_size"": 20, ""input_dim"": ""univariate"", ""output_dim"": ""forecast_length"", ""normalize_window"": false, ""max_windows"": 200000, ""fourier_encoding_components"": null, ""scale"": false, ""datepart_method"": null, ""regression_type"": ""User"", ""regression_model"": {""model"": ""LightGBM"", ""model_params"": {""objective"": ""regression"", ""learning_rate"": 0.1, ""num_leaves"": 31, ""max_depth"": 5, ""boosting_type"": ""gbdt"", ""n_estimators"": 100, ""linear_tree"": false, ""lambda_l1"": 0.0, ""lambda_l2"": 0.0, ""min_data_in_leaf"": 20, ""feature_fraction"": 1.0, ""max_bin"": 255, ""device_type"": ""cuda""}}}","{""fillna"": ""ffill"", ""transformations"": {""0"": null}, ""transformation_params"": {""0"": {}}}",0 days 00:00:00.000190,0 days 00:00:00.616159,0 days 00:00:00.168159,0 days 00:00:00.822809,0,,1,2,0,2023-10-18 20:48:00,0.033767242758444754,9.553232147464314,11.593774668975263,0.6875701287264108,9.553232147464314,95.99925511237234,5.301476933482684e-05,-353.7030562750442,6.473848960907741,257.7038011626719,5.164164251179564,8.587740363529933,1.0,0.546875,24.880048268187238,1.0,1.229669825142534,7.508284315931127,35.22746510779407,12.404745205972185,2.814602407465485,3.4158016415034425,4.763622772956949,0.0,0.033767242758444754,9.553232147464314,11.593774668975263,0.6875701287264108,9.553232147464314,95.99925511237234,5.301476933482684e-05,-353.7030562750442,6.473848960907741,257.7038011626719,5.164164251179564,8.587740363529933,1.0,0.546875,24.880048268187238,1.0,1.229669825142534,7.508284315931127,35.22746510779407,12.404745205972185,2.814602407465485,3.4158016415034425,4.763622772956949,0.0,0.8228,1.5748783735272203
0fa87e2fe02d9f220491a11aeea01526,WindowRegression,"{""window_size"": 20, ""input_dim"": ""univariate"", ""output_dim"": ""forecast_length"", ""normalize_window"": false, ""max_windows"": 200000, ""fourier_encoding_components"": null, ""scale"": false, ""datepart_method"": null, ""regression_type"": ""User"", ""regression_model"": {""model"": ""LightGBM"", ""model_params"": {""objective"": ""regression"", ""learning_rate"": 0.1, ""num_leaves"": 31, ""max_depth"": 5, ""boosting_type"": ""gbdt"", ""n_estimators"": 100, ""linear_tree"": false, ""lambda_l1"": 0.0, ""lambda_l2"": 0.0, ""min_data_in_leaf"": 20, ""feature_fraction"": 1.0, ""max_bin"": 255, ""device_type"": ""cuda""}}}","{""fillna"": null, ""transformations"": {}, ""transformation_params"": {}}",0 days 00:00:00.000189,0 days 00:00:00.619589,0 days 00:00:00.168422,0 days 00:00:00.826200,0,,1,0,0,2023-10-18 20:48:00,0.03376724288170211,9.553232182296938,11.593774712242931,0.6875701298446646,9.553232182296938,95.99925631404767,5.301476999844178e-05,-353.70305799052585,6.473848987490657,257.7038016764782,5.1641642608096685,8.587740363529933,1.0,0.546875,24.880048334754974,1.0,1.229669825901744,7.508284333017973,35.227465174723335,12.404745341093474,2.814602407227569,3.415801690061482,4.7636228116078865,0.0,0.03376724288170211,9.553232182296938,11.593774712242931,0.6875701298446646,9.553232182296938,95.99925631404767,5.301476999844178e-05,-353.70305799052585,6.473848987490657,257.7038016764782,5.1641642608096685,8.587740363529933,1.0,0.546875,24.880048334754974,1.0,1.229669825901744,7.508284333017973,35.227465174723335,12.404745341093474,2.814602407227569,3.415801690061482,4.7636228116078865,0.0,0.8262,1.5748783794046257
93781c155798a0977b973ff0932c6c22,WindowRegression,"{""window_size"": 20, ""input_dim"": ""univariate"", ""output_dim"": ""forecast_length"", ""normalize_window"": false, ""max_windows"": 200000, ""fourier_encoding_components"": null, ""scale"": false, ""datepart_method"": null, ""regression_type"": ""User"", ""regression_model"": {""model"": ""LightGBM"", ""model_params"": {""objective"": ""regression"", ""learning_rate"": 0.1, ""num_leaves"": 31, ""max_depth"": 5, ""boosting_type"": ""gbdt"", ""n_estimators"": 100, ""linear_tree"": false, ""lambda_l1"": 0.0, ""lambda_l2"": 0.0, ""min_data_in_leaf"": 20, ""feature_fraction"": 1.0, ""max_bin"": 255, ""device_type"": ""cuda""}}}","{""fillna"": ""zero"", ""transformations"": {""0"": null}, ""transformation_params"": {""0"": {}}}",0 days 00:00:00.000195,0 days 00:00:00.613437,0 days 00:00:00.167829,0 days 00:00:00.819194,0,,1,3,0,2023-10-18 20:48:00,0.033776228187328415,9.555776623384872,11.594848524228622,0.6878429167381905,9.555776623384872,96.16210734457854,5.3104703090208245e-05,-353.8659056206052,6.476393474766059,257.70379827602665,5.164596003310203,8.587740363529933,1.0,0.546875,24.880048250230175,1.0,1.2297252831427625,7.511299982076606,35.25199665064817,12.406080054702748,2.8150670274119243,3.416074535254806,4.763213441796804,0.0,0.033776228187328415,9.555776623384872,11.594848524228622,0.6878429167381905,9.555776623384872,96.16210734457854,5.3104703090208245e-05,-353.8659056206052,6.476393474766059,257.70379827602665,5.164596003310203,8.587740363529933,1.0,0.546875,24.880048250230175,1.0,1.2297252831427625,7.511299982076606,35.25199665064817,12.406080054702748,2.8150670274119243,3.416074535254806,4.763213441796804,0.0,0.8192,1.5750242441744513
3adc358e59165e0d807a288a48675f22,WindowRegression,"{""window_size"": 20, ""input_dim"": ""univariate"", ""output_dim"": ""forecast_length"", ""normalize_window"": false, ""max_windows"": 200000, ""fourier_encoding_components"": null, ""scale"": false, ""datepart_method"": null, ""regression_type"": ""User"", ""regression_model"": {""model"": ""LightGBM"", ""model_params"": {""objective"": ""regression"", ""learning_rate"": 0.1, ""num_leaves"": 31, ""max_depth"": 5, ""boosting_type"": ""gbdt"", ""n_estimators"": 100, ""linear_tree"": false, ""lambda_l1"": 0.0, ""lambda_l2"": 0.0, ""min_data_in_leaf"": 20, ""feature_fraction"": 1.0, ""max_bin"": 255, ""device_type"": ""cuda""}}}","{""fillna"": ""ffill_mean_biased"", ""transformations"": {""0"": null}, ""transformation_params"": {""0"": {}}}",0 days 00:00:00.000198,0 days 00:00:00.613200,0 days 00:00:00.167417,0 days 00:00:00.819061,0,,1,1,0,2023-10-18 20:48:00,0.033776228304738906,9.55577665666965,11.594848547708676,0.6878429187775504,9.55577665666965,96.16210138738097,5.3104699800396727e-05,-353.8659037071193,6.47639345251363,257.7038023197383,5.16459606733466,8.587740363529933,1.0,0.546875,24.880048199345765,1.0,1.229725283868203,7.51130001836632,35.25199693829376,12.406080095747535,2.815067028177395,3.4160743918811156,4.763213564458713,0.0,0.033776228304738906,9.55577665666965,11.594848547708676,0.6878429187775504,9.55577665666965,96.16210138738097,5.3104699800396727e-05,-353.8659037071193,6.47639345251363,257.7038023197383,5.16459606733466,8.587740363529933,1.0,0.546875,24.880048199345765,1.0,1.229725283868203,7.51130001836632,35.25199693829376,12.406080095747535,2.815067028177395,3.4160743918811156,4.763213564458713,0.0,0.8191,1.5750242473639413
d8cd8b66a9a28255be6ed91e0ed0f3ea,WindowRegression,"{""window_size"": 10, ""input_dim"": ""univariate"", ""output_dim"": ""forecast_length"", ""normalize_window"": false, ""max_windows"": 200000, ""fourier_encoding_components"": null, ""scale"": false, ""datepart_method"": null, ""regression_type"": ""User"", ""regression_model"": {""model"": ""xgboost"", ""model_params"": {""booster"": ""gbtree"", ""colsample_bylevel"": 0.54, ""learning_rate"": 0.025, ""max_depth"": 11, ""min_child_weight"": 0.0127, ""n_estimators"": 240, ""tree_method"": ""hist"", ""objective"": ""reg:squarederror"", ""device"": ""cuda""}}}","{""fillna"": null, ""transformations"": {}, ""transformation_params"": {}}",0 days 00:00:00.000184,0 days 00:00:00.382263,0 days 00:00:00.203374,0 days 00:00:00.627001,0,,1,0,0,2023-10-18 20:48:00,0.03381591321631938,9.566975889515447,11.731518588704168,0.7446556664589193,9.566975889515447,12.525890406002873,6.917316075111706e-06,-299.8802832614929,5.7601585909555695,312.40617366749575,5.906476946112777,8.587740363529933,1.0,0.46875,32.00785721086504,1.0,1.229969346475226,7.619509638698084,34.821069882037975,18.192233326356607,2.946391402717337,0.7539244782967965,2.0928282126797906,0.0,0.03381591321631938,9.566975889515447,11.731518588704168,0.7446556664589193,9.566975889515447,12.525890406002873,6.917316075111706e-06,-299.8802832614929,5.7601585909555695,312.40617366749575,5.906476946112777,8.587740363529933,1.0,0.46875,32.00785721086504,1.0,1.229969346475226,7.619509638698084,34.821069882037975,18.192233326356607,2.946391402717337,0.7539244782967965,2.0928282126797906,0.0,0.627,1.5935892702334002
9aebbd485a76ee621a5e67025c911ac2,WindowRegression,"{""window_size"": 10, ""input_dim"": ""univariate"", ""output_dim"": ""forecast_length"", ""normalize_window"": false, ""max_windows"": 200000, ""fourier_encoding_components"": null, ""scale"": false, ""datepart_method"": null, ""regression_type"": ""User"", ""regression_model"": {""model"": ""xgboost"", ""model_params"": {""booster"": ""gbtree"", ""colsample_bylevel"": 0.54, ""learning_rate"": 0.025, ""max_depth"": 11, ""min_child_weight"": 0.0127, ""n_estimators"": 240, ""tree_method"": ""hist"", ""objective"": ""reg:squarederror"", ""device"": ""cuda""}}}","{""fillna"": null, ""transformations"": {""0"": null}, ""transformation_params"": {""0"": {}}}",0 days 00:00:00.000192,0 days 00:00:00.383277,0 days 00:00:00.203486,0 days 00:00:00.628127,0,,1,1,0,2023-10-18 20:48:00,0.03381591321631938,9.566975889515447,11.731518588704168,0.7446556664589193,9.566975889515447,12.525890406002873,6.917316075111706e-06,-299.8802832614929,5.7601585909555695,312.40617366749575,5.906476946112777,8.587740363529933,1.0,0.46875,32.00785721086504,1.0,1.229969346475226,7.619509638698084,34.821069882037975,18.192233326356607,2.946391402717337,0.7539244782967965,2.0928282126797906,0.0,0.03381591321631938,9.566975889515447,11.731518588704168,0.7446556664589193,9.566975889515447,12.525890406002873,6.917316075111706e-06,-299.8802832614929,5.7601585909555695,312.40617366749575,5.906476946112777,8.587740363529933,1.0,0.46875,32.00785721086504,1.0,1.229969346475226,7.619509638698084,34.821069882037975,18.192233326356607,2.946391402717337,0.7539244782967965,2.0928282126797906,0.0,0.6281,1.5935892702334002
e9f72fc7741ad5bae0f864558ba26a05,WindowRegression,"{""window_size"": 10, ""input_dim"": ""univariate"", ""output_dim"": ""forecast_length"", ""normalize_window"": false, ""max_windows"": 200000, ""fourier_encoding_components"": null, ""scale"": false, ""datepart_method"": null, ""regression_type"": ""User"", ""regression_model"": {""model"": ""xgboost"", ""model_params"": {""booster"": ""gbtree"", ""colsample_bylevel"": 0.54, ""learning_rate"": 0.025, ""max_depth"": 11, ""min_child_weight"": 0.0127, ""n_estimators"": 240, ""tree_method"": ""hist"", ""objective"": ""reg:squarederror"", ""device"": ""cuda""}}}","{""fillna"": ""ffill"", ""transformations"": {""0"": null}, ""transformation_params"": {""0"": {}}}",0 days 00:00:00.000189,0 days 00:00:00.387522,0 days 00:00:00.200682,0 days 00:00:00.628852,0,,1,3,0,2023-10-18 20:48:00,0.03381591321631938,9.566975889515447,11.731518588704168,0.7446556664589193,9.566975889515447,12.525890406002873,6.917316075111706e-06,-299.8802832614929,5.7601585909555695,312.40617366749575,5.906476946112777,8.587740363529933,1.0,0.46875,32.00785721086504,1.0,1.229969346475226,7.619509638698084,34.821069882037975,18.192233326356607,2.946391402717337,0.7539244782967965,2.0928282126797906,0.0,0.03381591321631938,9.566975889515447,11.731518588704168,0.7446556664589193,9.566975889515447,12.525890406002873,6.917316075111706e-06,-299.8802832614929,5.7601585909555695,312.40617366749575,5.906476946112777,8.587740363529933,1.0,0.46875,32.00785721086504,1.0,1.229969346475226,7.619509638698084,34.821069882037975,18.192233326356607,2.946391402717337,0.7539244782967965,2.0928282126797906,0.0,0.6289,1.5935892702334002
974543be739ebd0f0fa3afbe59ca4a8d,WindowRegression,"{""window_size"": 10, ""input_dim"": ""univariate"", ""output_dim"": ""forecast_length"", ""normalize_window"": false, ""max_windows"": 200000, ""fourier_encoding_components"": null, ""scale"": false, ""datepart_method"": null, ""regression_type"": ""User"", ""regression_model"": {""model"": ""LightGBM"", ""model_params"": {""objective"": ""regression"", ""learning_rate"": 0.1, ""num_leaves"": 1000, ""max_depth"": 5, ""boosting_type"": ""gbdt"", ""n_estimators"": 100, ""linear_tree"": false, ""lambda_l1"": 0.0, ""lambda_l2"": 0.0, ""min_data_in_leaf"": 20, ""feature_fraction"": 1.0, ""max_bin"": 255, ""device_type"": ""cuda""}}}","{""fillna"": null, ""transformations"": {}, ""transformation_params"": {}}",0 days 00:00:00.000182,0 days 00:00:02.559653,0 days 00:00:00.168477,0 days 00:00:02.766504,0,,1,0,0,2023-10-18 20:48:00,0.034864195559784705,9.865144827568201,11.9456256013905,0.6672085757572949,9.865144827568201,13.603424692191766,7.512375188495484e-06,-308.88292213608656,5.897702358919923,322.48634682827833,6.08772199446452,8.587740363529933,1.0,0.53125,32.45691806324248,1.0,1.2364495660462662,7.89058927207858,38.61272321050627,8.480969542546248,3.0091225074695203,1.4127046576949855,3.5124699129932244,0.0,0.034864195559784705,9.865144827568201,11.9456256013905,0.6672085757572949,9.865144827568201,13.603424692191766,7.512375188495484e-06,-308.88292213608656,5.897702358919923,322.48634682827833,6.08772199446452,8.587740363529933,1.0,0.53125,32.45691806324248,1.0,1.2364495660462662,7.89058927207858,38.61272321050627,8.480969542546248,3.0091225074695203,1.4127046576949855,3.5124699129932244,0.0,2.7665,1.6226731979038718
60fdb3c4f90cfa1df2eef3944c27e9bd,WindowRegression,"{""window_size"": 10, ""input_dim"": ""univariate"", ""output_dim"": ""forecast_length"", ""normalize_window"": false, ""max_windows"": 200000, ""fourier_encoding_components"": null, ""scale"": false, ""datepart_method"": null, ""regression_type"": ""User"", ""regression_model"": {""model"": ""LightGBM"", ""model_params"": {""objective"": ""regression"", ""learning_rate"": 0.1, ""num_leaves"": 1000, ""max_depth"": 5, ""boosting_type"": ""gbdt"", ""n_estimators"": 100, ""linear_tree"": false, ""lambda_l1"": 0.0, ""lambda_l2"": 0.0, ""min_data_in_leaf"": 20, ""feature_fraction"": 1.0, ""max_bin"": 255, ""device_type"": ""cuda""}}}","{""fillna"": null, ""transformations"": {""0"": null}, ""transformation_params"": {""0"": {}}}",0 days 00:00:00.000193,0 days 00:00:02.570257,0 days 00:00:00.168027,0 days 00:00:02.776202,0,,1,1,0,2023-10-18 20:48:00,0.03488828795671972,9.871947713651366,11.957245053237301,0.6671888870282185,9.871947713651366,12.407031431714131,6.851677220956892e-06,-309.69881112098665,5.909782898351168,322.1058425527008,6.082588530350045,8.587740363529933,1.0,0.53125,32.456921208107815,1.0,1.2365970195396279,7.8986517941449605,38.618097582865424,8.495857520188919,3.009500213434315,1.4331110415332917,3.512835213837405,0.0,0.03488828795671972,9.871947713651366,11.957245053237301,0.6671888870282185,9.871947713651366,12.407031431714131,6.851677220956892e-06,-309.69881112098665,5.909782898351168,322.1058425527008,6.082588530350045,8.587740363529933,1.0,0.53125,32.456921208107815,1.0,1.2365970195396279,7.8986517941449605,38.618097582865424,8.495857520188919,3.009500213434315,1.4331110415332917,3.512835213837405,0.0,2.7762,1.62425156422099
ae4ecf991c6ae1ea6d0a1bc472fb875b,WindowRegression,"{""window_size"": 10, ""input_dim"": ""univariate"", ""output_dim"": ""forecast_length"", ""normalize_window"": false, ""max_windows"": 200000, ""fourier_encoding_components"": null, ""scale"": false, ""datepart_method"": null, ""regression_type"": ""User"", ""regression_model"": {""model"": ""xgboost"", ""model_params"": {""booster"": ""gbtree"", ""objective"": ""reg:squarederror"", ""max_depth"": 6, ""eta"": 0.03, ""min_child_weight"": 1, ""subsample"": 0.5, ""colsample_bylevel"": 0.5, ""reg_alpha"": 0.001, ""reg_lambda"": 1, ""tree_method"": ""hist"", ""device"": ""cuda""}}}","{""fillna"": null, ""transformations"": {}, ""transformation_params"": {}}",0 days 00:00:00.000188,0 days 00:00:00.148449,0 days 00:00:00.183199,0 days 00:00:00.371280,0,,1,0,0,2023-10-18 20:48:00,0.03486711173253453,9.863980730402488,12.173049738711944,0.7822607541879981,9.863980730402488,17.035420657466602,9.407665670115614e-06,-324.16509370161293,6.12611936980444,307.12967304414633,5.838463709868941,8.587740363529933,1.0,0.453125,30.67915471076776,1.0,1.2364243323177606,7.756273898494463,35.33622272259066,25.304765698356018,2.982444703854739,1.275982111112494,1.2203983865944101,0.0,0.03486711173253453,9.863980730402488,12.173049738711944,0.7822607541879981,9.863980730402488,17.035420657466602,9.407665670115614e-06,-324.16509370161293,6.12611936980444,307.12967304414633,5.838463709868941,8.587740363529933,1.0,0.453125,30.67915471076776,1.0,1.2364243323177606,7.756273898494463,35.33622272259066,25.304765698356018,2.982444703854739,1.275982111112494,1.2203983865944101,0.0,0.3713,1.6535661008377258
eb6002a374a9873249010f0d4a07c486,WindowRegression,"{""window_size"": 10, ""input_dim"": ""univariate"", ""output_dim"": ""forecast_length"", ""normalize_window"": false, ""max_windows"": 200000, ""fourier_encoding_components"": null, ""scale"": false, ""datepart_method"": null, ""regression_type"": ""User"", ""regression_model"": {""model"": ""xgboost"", ""model_params"": {""booster"": ""gbtree"", ""objective"": ""reg:squarederror"", ""max_depth"": 6, ""eta"": 0.03, ""min_child_weight"": 1, ""subsample"": 0.5, ""colsample_bylevel"": 0.5, ""reg_alpha"": 0.001, ""reg_lambda"": 1, ""tree_method"": ""hist"", ""device"": ""cuda""}}}","{""fillna"": ""ffill"", ""transformations"": {""0"": null}, ""transformation_params"": {""0"": {}}}",0 days 00:00:00.000192,0 days 00:00:00.142001,0 days 00:00:00.181342,0 days 00:00:00.362864,0,,1,1,0,2023-10-18 20:48:00,0.03486711173253453,9.863980730402488,12.173049738711944,0.7822607541879981,9.863980730402488,17.035420657466602,9.407665670115614e-06,-324.16509370161293,6.12611936980444,307.12967304414633,5.838463709868941,8.587740363529933,1.0,0.453125,30.67915471076776,1.0,1.2364243323177606,7.756273898494463,35.33622272259066,25.304765698356018,2.982444703854739,1.275982111112494,1.2203983865944101,0.0,0.03486711173253453,9.863980730402488,12.173049738711944,0.7822607541879981,9.863980730402488,17.035420657466602,9.407665670115614e-06,-324.16509370161293,6.12611936980444,307.12967304414633,5.838463709868941,8.587740363529933,1.0,0.453125,30.67915471076776,1.0,1.2364243323177606,7.756273898494463,35.33622272259066,25.304765698356018,2.982444703854739,1.275982111112494,1.2203983865944101,0.0,0.3629,1.6535661008377258
45bdced91dc2d47343e4838f14c37e0a,WindowRegression,"{""window_size"": 5, ""input_dim"": ""univariate"", ""output_dim"": ""forecast_length"", ""normalize_window"": false, ""max_windows"": 200000, ""fourier_encoding_components"": null, ""scale"": false, ""datepart_method"": null, ""regression_type"": ""User"", ""regression_model"": {""model"": ""xgboost"", ""model_params"": {""booster"": ""gbtree"", ""objective"": ""reg:squarederror"", ""max_depth"": 6, ""eta"": 0.03, ""min_child_weight"": 1, ""subsample"": 1, ""colsample_bylevel"": 1, ""reg_alpha"": 0, ""reg_lambda"": 1, ""tree_method"": ""hist"", ""device"": ""cuda""}}}","{""fillna"": null, ""transformations"": {}, ""transformation_params"": {}}",0 days 00:00:00.000184,0 days 00:00:00.120238,0 days 00:00:00.180725,0 days 00:00:00.340732,0,,1,0,0,2023-10-18 20:48:00,0.03537604109420528,10.008022021519594,12.178391978909422,0.8279285711174441,10.008022021519594,37.00107876847687,2.0433529965981472e-05,-338.75724407286543,6.315094085048843,301.75616530438856,5.8238187872281095,8.587740363529933,1.0,0.4375,29.357973427933757,1.0,1.2395427644824606,7.997508867512671,36.38479666972595,25.95484963633177,2.9719440326915163,1.9237397369801357,1.9128099970124741,0.0,0.03537604109420528,10.008022021519594,12.178391978909422,0.8279285711174441,10.008022021519594,37.00107876847687,2.0433529965981472e-05,-338.75724407286543,6.315094085048843,301.75616530438856,5.8238187872281095,8.587740363529933,1.0,0.4375,29.357973427933757,1.0,1.2395427644824606,7.997508867512671,36.38479666972595,25.95484963633177,2.9719440326915163,1.9237397369801357,1.9128099970124741,0.0,0.3407,1.6542917815408114
2a57746a14eae80506ca7cca2f8c2f86,WindowRegression,"{""window_size"": 5, ""input_dim"": ""univariate"", ""output_dim"": ""forecast_length"", ""normalize_window"": false, ""max_windows"": 200000, ""fourier_encoding_components"": null, ""scale"": false, ""datepart_method"": null, ""regression_type"": ""User"", ""regression_model"": {""model"": ""LightGBM"", ""model_params"": {""objective"": ""regression"", ""learning_rate"": 0.01, ""num_leaves"": 70, ""max_depth"": -1, ""boosting_type"": ""gbdt"", ""n_estimators"": 100, ""linear_tree"": false, ""lambda_l1"": 0.0, ""lambda_l2"": 0.0, ""min_data_in_leaf"": 20, ""feature_fraction"": 1.0, ""max_bin"": 255, ""device_type"": ""cuda""}}}","{""fillna"": ""ffill"", ""transformations"": {""0"": null}, ""transformation_params"": {""0"": {}}}",0 days 00:00:00.000194,0 days 00:00:01.193885,0 days 00:00:00.165509,0 days 00:00:01.397035,0,,1,3,0,2023-10-18 20:48:00,0.03493314710814177,9.882562411915671,12.336548382105372,0.8130351387304932,9.882562411915671,37.94759682167569,2.0956236482848156e-05,-335.21579559213933,6.261825965922735,297.26819877046364,5.715295507453082,8.587740363529933,1.0,0.421875,29.79047698231807,1.0,1.2368270594733213,7.59283360391257,35.31660418502054,25.517087940615326,2.941684895633179,2.02634697998555,2.3451206044205404,0.0,0.03493314710814177,9.882562411915671,12.336548382105372,0.8130351387304932,9.882562411915671,37.94759682167569,2.0956236482848156e-05,-335.21579559213933,6.261825965922735,297.26819877046364,5.715295507453082,8.587740363529933,1.0,0.421875,29.79047698231807,1.0,1.2368270594733213,7.59283360391257,35.31660418502054,25.517087940615326,2.941684895633179,2.02634697998555,2.3451206044205404,0.0,1.397,1.6757754748279232
aae4b48b17540daad69947938ebfcc9a,WindowRegression,"{""window_size"": 5, ""input_dim"": ""univariate"", ""output_dim"": ""forecast_length"", ""normalize_window"": false, ""max_windows"": 200000, ""fourier_encoding_components"": null, ""scale"": false, ""datepart_method"": null, ""regression_type"": ""User"", ""regression_model"": {""model"": ""xgboost"", ""model_params"": {""booster"": ""gbtree"", ""objective"": ""reg:squarederror"", ""max_depth"": 6, ""eta"": 0.05, ""min_child_weight"": 1, ""subsample"": 1, ""colsample_bylevel"": 1, ""reg_alpha"": 0.001, ""reg_lambda"": 1, ""tree_method"": ""hist"", ""device"": ""cuda""}}}","{""fillna"": null, ""transformations"": {}, ""transformation_params"": {}}",0 days 00:00:00.000181,0 days 00:00:00.120804,0 days 00:00:00.180467,0 days 00:00:00.340735,0,,1,0,0,2023-10-18 20:48:00,0.03536025652423341,10.003845022250687,12.426744254514608,0.7817262983151761,10.003845022250687,8.320622537667077,4.5949927844776666e-06,-324.2833519808555,6.122912776693812,315.96272944318844,5.978775815150845,8.587740363529933,1.0,0.46875,31.125588687977142,1.0,1.2394524447013164,7.780777595623779,37.232478939682224,23.11211063548677,2.9448175561286645,1.3376250403515033,2.039291300134427,0.0,0.03536025652423341,10.003845022250687,12.426744254514608,0.7817262983151761,10.003845022250687,8.320622537667077,4.5949927844776666e-06,-324.2833519808555,6.122912776693812,315.96272944318844,5.978775815150845,8.587740363529933,1.0,0.46875,31.125588687977142,1.0,1.2394524447013164,7.780777595623779,37.232478939682224,23.11211063548677,2.9448175561286645,1.3376250403515033,2.039291300134427,0.0,0.3407,1.6880275267173603
af4957c7902787e6e05df783721243cf,WindowRegression,"{""window_size"": 90, ""input_dim"": ""univariate"", ""output_dim"": ""forecast_length"", ""normalize_window"": false, ""max_windows"": 200000, ""fourier_encoding_components"": null, ""scale"": false, ""datepart_method"": null, ""regression_type"": ""User"", ""regression_model"": {""model"": ""LightGBM"", ""model_params"": {""objective"": ""regression"", ""learning_rate"": 0.01, ""num_leaves"": 70, ""max_depth"": 10, ""boosting_type"": ""dart"", ""n_estimators"": 50, ""linear_tree"": false, ""lambda_l1"": 0.0, ""lambda_l2"": 1, ""min_data_in_leaf"": 15, ""feature_fraction"": 0.5, ""max_bin"": 255, ""device_type"": ""cuda""}}}","{""fillna"": null, ""transformations"": {}, ""transformation_params"": {}}",0 days 00:00:00.000182,0 days 00:00:00.960908,0 days 00:00:00.167381,0 days 00:00:01.166708,0,,1,0,0,2023-10-18 20:48:00,0.035599707564823495,10.070425873830914,12.666904229465274,0.8625135826945097,10.070425873830914,72.08114661827858,3.980619804689898e-05,-358.2942012717285,6.585871766307506,286.21305465344994,5.592527560191277,8.587740363529933,1.0,0.421875,29.344662479641556,1.0,1.2408913480693076,7.618834040198703,34.700025690552096,28.845443498035884,3.032393856421806,2.9231760013813117,0.5721791425370724,0.0,0.035599707564823495,10.070425873830914,12.666904229465274,0.8625135826945097,10.070425873830914,72.08114661827858,3.980619804689898e-05,-358.2942012717285,6.585871766307506,286.21305465344994,5.592527560191277,8.587740363529933,1.0,0.421875,29.344662479641556,1.0,1.2408913480693076,7.618834040198703,34.700025690552096,28.845443498035884,3.032393856421806,2.9231760013813117,0.5721791425370724,0.0,1.1667,1.7206504438893457
c04e957c7ceb00fd784c5698ebc26afa,WindowRegression,"{""window_size"": 5, ""input_dim"": ""univariate"", ""output_dim"": ""forecast_length"", ""normalize_window"": false, ""max_windows"": 200000, ""fourier_encoding_components"": null, ""scale"": false, ""datepart_method"": null, ""regression_type"": ""User"", ""regression_model"": {""model"": ""xgboost"", ""model_params"": {""booster"": ""gbtree"", ""objective"": ""reg:squarederror"", ""max_depth"": 6, ""eta"": 0.03, ""min_child_weight"": 0.5, ""subsample"": 0.5, ""colsample_bylevel"": 0.5, ""reg_alpha"": 0, ""reg_lambda"": 1, ""tree_method"": ""hist"", ""device"": ""cuda""}}}","{""fillna"": null, ""transformations"": {}, ""transformation_params"": {}}",0 days 00:00:00.000181,0 days 00:00:00.137092,0 days 00:00:00.180655,0 days 00:00:00.357085,0,,1,0,0,2023-10-18 20:48:00,0.036414205240352035,10.301817563013117,12.667922055989768,0.8167712643795059,10.301817563013117,8.449742062151927,4.666297939910113e-06,-333.8830330474957,6.282330623487789,325.4332909853438,6.168699061273975,8.587740363529933,1.0,0.453125,30.997371818120882,1.0,1.245879115795977,8.022983834227759,36.753111573546036,25.65451387476827,3.0420311492367422,1.2217452319754982,1.1780768323184547,0.0,0.036414205240352035,10.301817563013117,12.667922055989768,0.8167712643795059,10.301817563013117,8.449742062151927,4.666297939910113e-06,-333.8830330474957,6.282330623487789,325.4332909853438,6.168699061273975,8.587740363529933,1.0,0.453125,30.997371818120882,1.0,1.245879115795977,8.022983834227759,36.753111573546036,25.65451387476827,3.0420311492367422,1.2217452319754982,1.1780768323184547,0.0,0.3571,1.7207887036905922
f23200d1504deecc9146760fccbdf465,WindowRegression,"{""window_size"": 5, ""input_dim"": ""univariate"", ""output_dim"": ""forecast_length"", ""normalize_window"": false, ""max_windows"": 200000, ""fourier_encoding_components"": null, ""scale"": false, ""datepart_method"": null, ""regression_type"": ""User"", ""regression_model"": {""model"": ""xgboost"", ""model_params"": {""booster"": ""gbtree"", ""objective"": ""reg:squarederror"", ""max_depth"": 3, ""eta"": 0.003, ""min_child_weight"": 1, ""subsample"": 1, ""colsample_bylevel"": 0.5, ""reg_alpha"": 0, ""reg_lambda"": 1, ""tree_method"": ""hist"", ""device"": ""cuda""}}}","{""fillna"": null, ""transformations"": {}, ""transformation_params"": {}}",0 days 00:00:00.000185,0 days 00:00:00.084652,0 days 00:00:00.176978,0 days 00:00:00.301127,0,,1,0,0,2023-10-18 20:48:00,0.03570244020101974,10.09948467698672,12.713764538385822,0.8677778996211434,10.09948467698672,65.21189989371851,3.6012715168513264e-05,-355.7894596104343,6.554112767335322,290.57755971671577,5.655467643099424,8.587740363529933,1.0,0.421875,29.362560674955603,1.0,1.2415188258406247,7.634813814903989,34.726471598624656,30.258147675334044,3.0375505799783826,2.676820893988036,0.561953373167325,0.0,0.03570244020101974,10.09948467698672,12.713764538385822,0.8677778996211434,10.09948467698672,65.21189989371851,3.6012715168513264e-05,-355.7894596104343,6.554112767335322,290.57755971671577,5.655467643099424,8.587740363529933,1.0,0.421875,29.362560674955603,1.0,1.2415188258406247,7.634813814903989,34.726471598624656,30.258147675334044,3.0375505799783826,2.676820893988036,0.561953373167325,0.0,0.3011,1.7270158675070102
a53abcd3b1d684dc3041b4a1588e6537,WindowRegression,"{""window_size"": 20, ""input_dim"": ""univariate"", ""output_dim"": ""forecast_length"", ""normalize_window"": false, ""max_windows"": 200000, ""fourier_encoding_components"": null, ""scale"": false, ""datepart_method"": null, ""regression_type"": ""User"", ""regression_model"": {""model"": ""LightGBM"", ""model_params"": {""objective"": ""regression"", ""learning_rate"": 0.1, ""num_leaves"": 15, ""max_depth"": -1, ""boosting_type"": ""gbdt"", ""n_estimators"": 100, ""linear_tree"": false, ""lambda_l1"": 0.1, ""lambda_l2"": 1, ""min_data_in_leaf"": 20, ""feature_fraction"": 1.0, ""max_bin"": 255, ""device_type"": ""cuda""}}}","{""fillna"": ""ffill_mean_biased"", ""transformations"": {""0"": null}, ""transformation_params"": {""0"": {}}}",0 days 00:00:00.000210,0 days 00:00:00.090631,0 days 00:00:00.164549,0 days 00:00:00.292571,0,,1,3,0,2023-10-18 20:48:00,0.035696611447421506,10.097815195956287,12.718130625869206,0.8679069885161647,10.097815195956287,66.14898935181554,3.653021482420288e-05,-356.20458094650894,6.559342885401638,290.0555915946934,5.64775655300849,8.587740363529933,1.0,0.421875,29.522605791851674,1.0,1.241482784689606,7.6238502841394995,34.65490635311966,30.42608965799502,3.0378578775908465,2.7039346973377727,0.5550630924569819,0.0,0.035696611447421506,10.097815195956287,12.718130625869206,0.8679069885161647,10.097815195956287,66.14898935181554,3.653021482420288e-05,-356.20458094650894,6.559342885401638,290.0555915946934,5.64775655300849,8.587740363529933,1.0,0.421875,29.522605791851674,1.0,1.241482784689606,7.6238502841394995,34.65490635311966,30.42608965799502,3.0378578775908465,2.7039346973377727,0.5550630924569819,0.0,0.2926,1.727608949307445
71986e2c58b479ec429726e704873db7,WindowRegression,"{""window_size"": 20, ""input_dim"": ""univariate"", ""output_dim"": ""forecast_length"", ""normalize_window"": false, ""max_windows"": 200000, ""fourier_encoding_components"": null, ""scale"": false, ""datepart_method"": null, ""regression_type"": ""User"", ""regression_model"": {""model"": ""xgboost"", ""model_params"": {""booster"": ""gbtree"", ""objective"": ""reg:squarederror"", ""max_depth"": 9, ""eta"": 0.3, ""min_child_weight"": 2, ""subsample"": 1, ""colsample_bylevel"": 0.9, ""reg_alpha"": 100, ""reg_lambda"": 1, ""n_estimators"": 10, ""tree_method"": ""hist"", ""device"": ""cuda""}}}","{""fillna"": ""ffill_mean_biased"", ""transformations"": {""0"": null}, ""transformation_params"": {""0"": {}}}",0 days 00:00:00.000203,0 days 00:00:00.017756,0 days 00:00:00.164905,0 days 00:00:00.220988,0,,1,1,0,2023-10-18 20:48:00,0.03569661144832194,10.097815196209865,12.71813062652938,0.8679069885092235,10.097815196209865,66.14898987367269,3.653021511239403e-05,-356.204581215552,6.5593428888937595,290.05559134187934,5.647756549789134,8.587740363529933,1.0,0.421875,29.522605800008023,1.0,1.2414827846950802,7.623850283837008,34.654906353509176,30.42608964464925,3.037857877596839,2.703934711282539,0.5550630920259301,0.0,0.03569661144832194,10.097815196209865,12.71813062652938,0.8679069885092235,10.097815196209865,66.14898987367269,3.653021511239403e-05,-356.204581215552,6.5593428888937595,290.05559134187934,5.647756549789134,8.587740363529933,1.0,0.421875,29.522605800008023,1.0,1.2414827846950802,7.623850283837008,34.654906353509176,30.42608964464925,3.037857877596839,2.703934711282539,0.5550630920259301,0.0,0.221,1.7276089493971218
9f6b36cc58bbd2d7be4481cd14182c96,WindowRegression,"{""window_size"": 5, ""input_dim"": ""univariate"", ""output_dim"": ""forecast_length"", ""normalize_window"": false, ""max_windows"": 200000, ""fourier_encoding_components"": null, ""scale"": false, ""datepart_method"": null, ""regression_type"": ""User"", ""regression_model"": {""model"": ""xgboost"", ""model_params"": {""booster"": ""gbtree"", ""objective"": ""reg:squarederror"", ""max_depth"": 6, ""eta"": 0.05, ""min_child_weight"": 1, ""subsample"": 1, ""colsample_bylevel"": 1, ""reg_alpha"": 100, ""reg_lambda"": 1, ""n_estimators"": 7, ""tree_method"": ""hist"", ""device"": ""cuda""}}}","{""fillna"": null, ""transformations"": {""0"": null}, ""transformation_params"": {""0"": {}}}",0 days 00:00:00.000192,0 days 00:00:00.015489,0 days 00:00:00.164517,0 days 00:00:00.217977,0,,1,2,0,2023-10-18 20:48:00,0.0356973980388355,10.098036715934143,12.718709401814348,0.8679009288434361,10.098036715934143,66.60476839511466,3.67819149110407e-05,-356.4395591074499,6.56239208027861,289.83479071233523,5.644944027299042,8.587740363529933,1.0,0.421875,29.52973066531922,1.0,1.2414875669754426,7.62358599835298,34.655247021622046,30.414444312726015,3.0378630988788626,2.7161070093413753,0.5546869037873942,0.0,0.0356973980388355,10.098036715934143,12.718709401814348,0.8679009288434361,10.098036715934143,66.60476839511466,3.67819149110407e-05,-356.4395591074499,6.56239208027861,289.83479071233523,5.644944027299042,8.587740363529933,1.0,0.421875,29.52973066531922,1.0,1.2414875669754426,7.62358599835298,34.655247021622046,30.414444312726015,3.0378630988788626,2.7161070093413753,0.5546869037873942,0.0,0.218,1.7276875692345304
0cf7471e68c28c2c648c2bc9d11b0090,WindowRegression,"{""window_size"": 2, ""input_dim"": ""univariate"", ""output_dim"": ""forecast_length"", ""normalize_window"": false, ""max_windows"": 200000, ""fourier_encoding_components"": null, ""scale"": false, ""datepart_method"": null, ""regression_type"": ""User"", ""regression_model"": {""model"": ""LightGBM"", ""model_params"": {""objective"": ""regression"", ""learning_rate"": 0.1, ""num_leaves"": 31, ""max_depth"": 10, ""boosting_type"": ""gbdt"", ""n_estimators"": 100, ""linear_tree"": false, ""lambda_l1"": 1, ""lambda_l2"": 1, ""min_data_in_leaf"": 20, ""feature_fraction"": 0.8, ""max_bin"": 255, ""device_type"": ""cuda""}}}","{""fillna"": null, ""transformations"": {""0"": null}, ""transformation_params"": {""0"": {}}}",0 days 00:00:00.000194,0 days 00:00:00.074788,0 days 00:00:00.277610,0 days 00:00:00.390790,0,,1,3,0,2023-10-18 20:48:00,0.035697604404081595,10.098094832532809,12.718861901795242,0.8678993390655056,10.098094832532809,66.72434374043587,3.684794937498436e-05,-356.5012065112678,6.563191801162412,289.77686277083194,5.64420586888062,8.587740363529933,1.0,0.421875,29.531599902653397,1.0,1.2414888216230533,7.623516661983188,34.65533639728291,30.41139070320563,3.037864468698863,2.7193004611696225,0.5545882092762153,0.0,0.035697604404081595,10.098094832532809,12.718861901795242,0.8678993390655056,10.098094832532809,66.72434374043587,3.684794937498436e-05,-356.5012065112678,6.563191801162412,289.77686277083194,5.64420586888062,8.587740363529933,1.0,0.421875,29.531599902653397,1.0,1.2414888216230533,7.623516661983188,34.65533639728291,30.41139070320563,3.037864468698863,2.7193004611696225,0.5545882092762153,0.0,0.3908,1.7277082845691587
3df6a4a61cdf53b073fe125e1463c7e3,WindowRegression,"{""window_size"": 10, ""input_dim"": ""univariate"", ""output_dim"": ""forecast_length"", ""normalize_window"": false, ""max_windows"": 200000, ""fourier_encoding_components"": null, ""scale"": false, ""datepart_method"": null, ""regression_type"": ""User"", ""regression_model"": {""model"": ""LightGBM"", ""model_params"": {""objective"": ""regression"", ""learning_rate"": 0.01, ""num_leaves"": 31, ""max_depth"": 5, ""boosting_type"": ""gbdt"", ""n_estimators"": 100, ""linear_tree"": false, ""lambda_l1"": 1, ""lambda_l2"": 0.0, ""min_data_in_leaf"": 30, ""feature_fraction"": 1.0, ""max_bin"": 255, ""device_type"": ""cuda""}}}","{""fillna"": null, ""transformations"": {}, ""transformation_params"": {}}",0 days 00:00:00.000213,0 days 00:00:00.081846,0 days 00:00:00.166453,0 days 00:00:00.397700,0,,1,0,0,2023-10-18 20:48:00,0.035698445375069346,10.098331666816534,12.719486182342456,0.867892860470391,10.098331666816534,67.21163208479265,3.7117050204416684e-05,-356.7524293805254,6.566449722565665,289.5407972957328,5.64119655413871,8.587740363529933,1.0,0.421875,29.539217338879098,1.0,1.2414939344963634,7.62323410536899,34.65570061716812,30.398953600874062,3.037870050911562,2.7323142797137328,0.5541860136150324,0.0,0.035698445375069346,10.098331666816534,12.719486182342456,0.867892860470391,10.098331666816534,67.21163208479265,3.7117050204416684e-05,-356.7524293805254,6.566449722565665,289.5407972957328,5.64119655413871,8.587740363529933,1.0,0.421875,29.539217338879098,1.0,1.2414939344963634,7.62323410536899,34.65570061716812,30.398953600874062,3.037870050911562,2.7323142797137328,0.5541860136150324,0.0,0.3977,1.7277930857629797
e5ae2de7371edf27a15eeb18d98c909a,WindowRegression,"{""window_size"": 2, ""input_dim"": ""univariate"", ""output_dim"": ""forecast_length"", ""normalize_window"": false, ""max_windows"": 200000, ""fourier_encoding_components"": null, ""scale"": false, ""datepart_method"": null, ""regression_type"": ""User"", ""regression_model"": {""model"": ""xgboost"", ""model_params"": {""booster"": ""gbtree"", ""objective"": ""reg:squarederror"", ""max_depth"": 6, ""eta"": 0.01, ""min_child_weight"": 2, ""subsample"": 1, ""colsample_bylevel"": 1, ""reg_alpha"": 0, ""reg_lambda"": 1, ""n_estimators"": 100, ""tree_method"": ""hist"", ""device"": ""cuda""}}}","{""fillna"": null, ""transformations"": {}, ""transformation_params"": {}}",0 days 00:00:00.000181,0 days 00:00:00.116619,0 days 00:00:00.181124,0 days 00:00:00.337148,0,,1,0,0,2023-10-18 20:48:00,0.03642846651605836,10.304922201643762,12.98752649404644,0.8001567737995143,10.304922201643762,98.25937964212062,5.426290381745729e-05,-378.8872002736607,6.876738116362844,280.6278206315401,5.5489841372222966,8.587740363529933,1.0,0.46875,31.619338330103346,1.0,1.2459459021415031,7.801815645895288,35.2157723627504,28.615600984670966,2.9737793526603458,3.5092300443575106,0.6827534266115953,0.0,0.03642846651605836,10.304922201643762,12.98752649404644,0.8001567737995143,10.304922201643762,98.25937964212062,5.426290381745729e-05,-378.8872002736607,6.876738116362844,280.6278206315401,5.5489841372222966,8.587740363529933,1.0,0.46875,31.619338330103346,1.0,1.2459459021415031,7.801815645895288,35.2157723627504,28.615600984670966,2.9737793526603458,3.5092300443575106,0.6827534266115953,0.0,0.3371,1.7642032198382707
0f760decfc490502f2782c17cb181970,WindowRegression,"{""window_size"": 5, ""input_dim"": ""univariate"", ""output_dim"": ""forecast_length"", ""normalize_window"": false, ""max_windows"": 200000, ""fourier_encoding_components"": null, ""scale"": false, ""datepart_method"": null, ""regression_type"": ""User"", ""regression_model"": {""model"": ""xgboost"", ""model_params"": {""booster"": ""gbtree"", ""objective"": ""reg:squarederror"", ""max_depth"": 6, ""eta"": 0.3, ""min_child_weight"": 1, ""subsample"": 1, ""colsample_bylevel"": 0.9, ""reg_alpha"": 0, ""reg_lambda"": 5, ""n_estimators"": 100, ""grow_policy"": ""lossguide"", ""tree_method"": ""hist"", ""device"": ""cuda""}}}","{""fillna"": null, ""transformations"": {}, ""transformation_params"": {}}",0 days 00:00:00.000182,0 days 00:00:00.113259,0 days 00:00:00.174389,0 days 00:00:00.327156,0,,1,0,0,2023-10-18 20:48:00,0.04906519081317416,13.893474243628873,25.032272626688172,1.1437988600404636,13.893474243628873,301.3014311153129,0.00016639114389099965,-293.9404602384675,5.835573196672179,595.2418913537804,10.285085096023426,8.587740363529933,1.0,0.484375,125.69747448929411,1.0,1.3208862899598612,8.694784549388714,50.0833422636562,47.43133110430528,3.549027249879327,7.93011698252485,13.201771938667246,0.0,0.04906519081317416,13.893474243628873,25.032272626688172,1.1437988600404636,13.893474243628873,301.3014311153129,0.00016639114389099965,-293.9404602384675,5.835573196672179,595.2418913537804,10.285085096023426,8.587740363529933,1.0,0.484375,125.69747448929411,1.0,1.3208862899598612,8.694784549388714,50.0833422636562,47.43133110430528,3.549027249879327,7.93011698252485,13.201771938667246,0.0,0.3272,3.4003407799103864
af4957c7902787e6e05df783721243cf,WindowRegression,"{""window_size"": 90, ""input_dim"": ""univariate"", ""output_dim"": ""forecast_length"", ""normalize_window"": false, ""max_windows"": 200000, ""fourier_encoding_components"": null, ""scale"": false, ""datepart_method"": null, ""regression_type"": ""User"", ""regression_model"": {""model"": ""LightGBM"", ""model_params"": {""objective"": ""regression"", ""learning_rate"": 0.01, ""num_leaves"": 70, ""max_depth"": 10, ""boosting_type"": ""dart"", ""n_estimators"": 50, ""linear_tree"": false, ""lambda_l1"": 0.0, ""lambda_l2"": 1, ""min_data_in_leaf"": 15, ""feature_fraction"": 0.5, ""max_bin"": 255, ""device_type"": ""cuda""}}}","{""fillna"": null, ""transformations"": {}, ""transformation_params"": {}}",0 days 00:00:00.000188,0 days 00:00:00.942495,0 days 00:00:00.167718,0 days 00:00:01.149324,0,,1,0,1,2023-10-16 20:48:00,0.08054949146430257,22.901074552090336,27.259283510613074,3.4752774941264715,22.901074552090336,46.03717503371445,2.529643484199805e-05,-755.852973183748,13.281963623194319,709.8157981500335,12.566342328942884,7.443665949686471,1.0,0.40625,63.38226578944523,1.0,1.8318999127949978,17.96467863065677,82.68133869872901,156.94443939826704,4.01217511764254,5.0263227965178,4.491463650841761,0.0,0.08054949146430257,22.901074552090336,27.259283510613074,3.4752774941264715,22.901074552090336,46.03717503371445,2.529643484199805e-05,-755.852973183748,13.281963623194319,709.8157981500335,12.566342328942884,7.443665949686471,1.0,0.40625,63.38226578944523,1.0,1.8318999127949978,17.96467863065677,82.68133869872901,156.94443939826704,4.01217511764254,5.0263227965178,4.491463650841761,0.0,1.1493,3.7028541009678038
71986e2c58b479ec429726e704873db7,WindowRegression,"{""window_size"": 20, ""input_dim"": ""univariate"", ""output_dim"": ""forecast_length"", ""normalize_window"": false, ""max_windows"": 200000, ""fourier_encoding_components"": null, ""scale"": false, ""datepart_method"": null, ""regression_type"": ""User"", ""regression_model"": {""model"": ""xgboost"", ""model_params"": {""booster"": ""gbtree"", ""objective"": ""reg:squarederror"", ""max_depth"": 9, ""eta"": 0.3, ""min_child_weight"": 2, ""subsample"": 1, ""colsample_bylevel"": 0.9, ""reg_alpha"": 100, ""reg_lambda"": 1, ""n_estimators"": 10, ""tree_method"": ""hist"", ""device"": ""cuda""}}}","{""fillna"": ""ffill_mean_biased"", ""transformations"": {""0"": null}, ""transformation_params"": {""0"": {}}}",0 days 00:00:00.000203,0 days 00:00:00.016568,0 days 00:00:00.165337,0 days 00:00:00.220938,0,,1,0,1,2023-10-16 20:48:00,0.08048511315516355,22.882790199551835,27.33361013386899,3.4722625350812435,22.882790199551835,33.023011561537714,1.8145432677857054e-05,-748.7607921664276,13.175058650506584,715.7377806048898,12.650805620759993,7.443665949686471,1.0,0.40625,64.4028942887453,1.0,1.831386458448759,17.89214630449607,82.3964525687076,166.17450994611661,4.014814498825917,5.321358321744067,5.237353375413349,0.0,0.08048511315516355,22.882790199551835,27.33361013386899,3.4722625350812435,22.882790199551835,33.023011561537714,1.8145432677857054e-05,-748.7607921664276,13.175058650506584,715.7377806048898,12.650805620759993,7.443665949686471,1.0,0.40625,64.4028942887453,1.0,1.831386458448759,17.89214630449607,82.3964525687076,166.17450994611661,4.014814498825917,5.321358321744067,5.237353375413349,0.0,0.2209,3.7129505013969313
a53abcd3b1d684dc3041b4a1588e6537,WindowRegression,"{""window_size"": 20, ""input_dim"": ""univariate"", ""output_dim"": ""forecast_length"", ""normalize_window"": false, ""max_windows"": 200000, ""fourier_encoding_components"": null, ""scale"": false, ""datepart_method"": null, ""regression_type"": ""User"", ""regression_model"": {""model"": ""LightGBM"", ""model_params"": {""objective"": ""regression"", ""learning_rate"": 0.1, ""num_leaves"": 15, ""max_depth"": -1, ""boosting_type"": ""gbdt"", ""n_estimators"": 100, ""linear_tree"": false, ""lambda_l1"": 0.1, ""lambda_l2"": 1, ""min_data_in_leaf"": 20, ""feature_fraction"": 1.0, ""max_bin"": 255, ""device_type"": ""cuda""}}}","{""fillna"": ""ffill_mean_biased"", ""transformations"": {""0"": null}, ""transformation_params"": {""0"": {}}}",0 days 00:00:00.000205,0 days 00:00:00.078360,0 days 00:00:00.167009,0 days 00:00:00.283852,0,,1,0,1,2023-10-16 20:48:00,0.08048511315459471,22.8827901993875,27.333610133964704,3.4722625350726535,22.8827901993875,33.02301189328864,1.8145432860147035e-05,-748.7607923270443,13.175058652797665,715.7377804337557,12.650805618243588,7.443665949686471,1.0,0.40625,64.40289428357937,1.0,1.8313864584441435,17.892146304301637,82.39645256835931,166.17450992023532,4.014814498824329,5.321358324704327,5.2373533748658145,0.0,0.08048511315459471,22.8827901993875,27.333610133964704,3.4722625350726535,22.8827901993875,33.02301189328864,1.8145432860147035e-05,-748.7607923270443,13.175058652797665,715.7377804337557,12.650805618243588,7.443665949686471,1.0,0.40625,64.40289428357937,1.0,1.8313864584441435,17.892146304301637,82.39645256835931,166.17450992023532,4.014814498824329,5.321358324704327,5.2373533748658145,0.0,0.2839,3.712950501409933
9f6b36cc58bbd2d7be4481cd14182c96,WindowRegression,"{""window_size"": 5, ""input_dim"": ""univariate"", ""output_dim"": ""forecast_length"", ""normalize_window"": false, ""max_windows"": 200000, ""fourier_encoding_components"": null, ""scale"": false, ""datepart_method"": null, ""regression_type"": ""User"", ""regression_model"": {""model"": ""xgboost"", ""model_params"": {""booster"": ""gbtree"", ""objective"": ""reg:squarederror"", ""max_depth"": 6, ""eta"": 0.05, ""min_child_weight"": 1, ""subsample"": 1, ""colsample_bylevel"": 1, ""reg_alpha"": 100, ""reg_lambda"": 1, ""n_estimators"": 7, ""tree_method"": ""hist"", ""device"": ""cuda""}}}","{""fillna"": null, ""transformations"": {""0"": null}, ""transformation_params"": {""0"": {}}}",0 days 00:00:00.000202,0 days 00:00:00.014267,0 days 00:00:00.167580,0 days 00:00:00.221144,0,,1,0,1,2023-10-16 20:48:00,0.08048429068626074,22.882552601457178,27.333749007250713,3.4722500630388278,22.882552601457178,33.50198435625498,1.8408617899013257e-05,-748.9926754247572,13.178366045876302,715.4906910685022,12.647172241370523,7.443665949686471,1.0,0.40625,64.39543551900351,1.0,1.8313797853604998,17.89186523816736,82.39594877073553,166.1371383116157,4.014812191028481,5.325623909829361,5.236561515464069,0.0,0.08048429068626074,22.882552601457178,27.333749007250713,3.4722500630388278,22.882552601457178,33.50198435625498,1.8408617899013257e-05,-748.9926754247572,13.178366045876302,715.4906910685022,12.647172241370523,7.443665949686471,1.0,0.40625,64.39543551900351,1.0,1.8313797853604998,17.89186523816736,82.39594877073553,166.1371383116157,4.014812191028481,5.325623909829361,5.236561515464069,0.0,0.2211,3.7129693657178082
0cf7471e68c28c2c648c2bc9d11b0090,WindowRegression,"{""window_size"": 2, ""input_dim"": ""univariate"", ""output_dim"": ""forecast_length"", ""normalize_window"": false, ""max_windows"": 200000, ""fourier_encoding_components"": null, ""scale"": false, ""datepart_method"": null, ""regression_type"": ""User"", ""regression_model"": {""model"": ""LightGBM"", ""model_params"": {""objective"": ""regression"", ""learning_rate"": 0.1, ""num_leaves"": 31, ""max_depth"": 10, ""boosting_type"": ""gbdt"", ""n_estimators"": 100, ""linear_tree"": false, ""lambda_l1"": 1, ""lambda_l2"": 1, ""min_data_in_leaf"": 20, ""feature_fraction"": 0.8, ""max_bin"": 255, ""device_type"": ""cuda""}}}","{""fillna"": null, ""transformations"": {""0"": null}, ""transformation_params"": {""0"": {}}}",0 days 00:00:00.000203,0 days 00:00:00.064815,0 days 00:00:00.165631,0 days 00:00:00.268489,0,,1,0,1,2023-10-16 20:48:00,0.08048406045472753,22.882486091265605,27.33378824865693,3.472246571773712,22.882486091265605,33.63606191409781,1.8482290625527462e-05,-749.0575858775483,13.17929179663607,715.4215239634505,12.64615512663625,7.443665949686471,1.0,0.40625,64.39334760578276,1.0,1.8313779173766087,17.891786560030663,82.39580774393222,166.12668062707186,4.014811545012035,5.326817964329026,5.236339852251284,0.0,0.08048406045472753,22.882486091265605,27.33378824865693,3.472246571773712,22.882486091265605,33.63606191409781,1.8482290625527462e-05,-749.0575858775483,13.17929179663607,715.4215239634505,12.64615512663625,7.443665949686471,1.0,0.40625,64.39334760578276,1.0,1.8313779173766087,17.891786560030663,82.39580774393222,166.12668062707186,4.014811545012035,5.326817964329026,5.236339852251284,0.0,0.2685,3.712974696202811
3df6a4a61cdf53b073fe125e1463c7e3,WindowRegression,"{""window_size"": 10, ""input_dim"": ""univariate"", ""output_dim"": ""forecast_length"", ""normalize_window"": false, ""max_windows"": 200000, ""fourier_encoding_components"": null, ""scale"": false, ""datepart_method"": null, ""regression_type"": ""User"", ""regression_model"": {""model"": ""LightGBM"", ""model_params"": {""objective"": ""regression"", ""learning_rate"": 0.01, ""num_leaves"": 31, ""max_depth"": 5, ""boosting_type"": ""gbdt"", ""n_estimators"": 100, ""linear_tree"": false, ""lambda_l1"": 1, ""lambda_l2"": 0.0, ""min_data_in_leaf"": 30, ""feature_fraction"": 1.0, ""max_bin"": 255, ""device_type"": ""cuda""}}}","{""fillna"": null, ""transformations"": {}, ""transformation_params"": {}}",0 days 00:00:00.000189,0 days 00:00:00.073055,0 days 00:00:00.166079,0 days 00:00:00.277508,0,,1,0,1,2023-10-16 20:48:00,0.08048280708415471,22.882124012727957,27.334004692503886,3.472227565481165,22.882124012727957,34.365974202210055,1.8883361686535944e-05,-749.4109555083996,13.184330930211601,715.0449813061896,12.640617748890715,7.443665949686471,1.0,0.40625,64.38198109864607,1.0,1.831367748121604,17.891358239738786,82.39504000026417,166.06977750505965,4.014808028119778,5.333318344311421,5.235133127536738,0.0,0.08048280708415471,22.882124012727957,27.334004692503886,3.472227565481165,22.882124012727957,34.365974202210055,1.8883361686535944e-05,-749.4109555083996,13.184330930211601,715.0449813061896,12.640617748890715,7.443665949686471,1.0,0.40625,64.38198109864607,1.0,1.831367748121604,17.891358239738786,82.39504000026417,166.06977750505965,4.014808028119778,5.333318344311421,5.235133127536738,0.0,0.2775,3.713004097562022
f23200d1504deecc9146760fccbdf465,WindowRegression,"{""window_size"": 5, ""input_dim"": ""univariate"", ""output_dim"": ""forecast_length"", ""normalize_window"": false, ""max_windows"": 200000, ""fourier_encoding_components"": null, ""scale"": false, ""datepart_method"": null, ""regression_type"": ""User"", ""regression_model"": {""model"": ""xgboost"", ""model_params"": {""booster"": ""gbtree"", ""objective"": ""reg:squarederror"", ""max_depth"": 3, ""eta"": 0.003, ""min_child_weight"": 1, ""subsample"": 1, ""colsample_bylevel"": 0.5, ""reg_alpha"": 0, ""reg_lambda"": 1, ""tree_method"": ""hist"", ""device"": ""cuda""}}}","{""fillna"": null, ""transformations"": {}, ""transformation_params"": {}}",0 days 00:00:00.000192,0 days 00:00:00.079974,0 days 00:00:00.176075,0 days 00:00:00.296167,0,,1,0,1,2023-10-16 20:48:00,0.08055371769357293,22.901979347441056,27.530681224607235,3.46549218433514,22.901979347441056,41.77953084351611,2.295695117995994e-05,-753.7531045398719,13.241206895524819,711.9735736963557,12.591358093510362,7.443665949686471,1.0,0.40625,68.65283553731206,1.0,1.8319253171825638,17.783246631514178,82.25362187884909,164.1534538494259,4.006746695120217,5.776704305798573,4.060856491362166,0.0,0.08055371769357293,22.901979347441056,27.530681224607235,3.46549218433514,22.901979347441056,41.77953084351611,2.295695117995994e-05,-753.7531045398719,13.241206895524819,711.9735736963557,12.591358093510362,7.443665949686471,1.0,0.40625,68.65283553731206,1.0,1.8319253171825638,17.783246631514178,82.25362187884909,164.1534538494259,4.006746695120217,5.776704305798573,4.060856491362166,0.0,0.2962,3.7397202987849734
e5ae2de7371edf27a15eeb18d98c909a,WindowRegression,"{""window_size"": 2, ""input_dim"": ""univariate"", ""output_dim"": ""forecast_length"", ""normalize_window"": false, ""max_windows"": 200000, ""fourier_encoding_components"": null, ""scale"": false, ""datepart_method"": null, ""regression_type"": ""User"", ""regression_model"": {""model"": ""xgboost"", ""model_params"": {""booster"": ""gbtree"", ""objective"": ""reg:squarederror"", ""max_depth"": 6, ""eta"": 0.01, ""min_child_weight"": 2, ""subsample"": 1, ""colsample_bylevel"": 1, ""reg_alpha"": 0, ""reg_lambda"": 1, ""n_estimators"": 100, ""tree_method"": ""hist"", ""device"": ""cuda""}}}","{""fillna"": null, ""transformations"": {}, ""transformation_params"": {}}",0 days 00:00:00.000190,0 days 00:00:00.136932,0 days 00:00:00.184631,0 days 00:00:00.364099,0,,1,0,1,2023-10-16 20:48:00,0.07880105939885676,22.40414494695733,27.554059204949137,3.4062227713556803,22.40414494695733,13.602768437587656,7.474427898762849e-06,-710.1312540838408,12.53369396016987,723.7340225214284,12.733283265904799,7.443665949686471,1.0,0.4375,79.13705310195655,1.0,1.81789373359367,17.014616781141807,80.67727103273711,164.60954239406368,3.977608199486962,7.683039556551677,2.3107627084831948,0.0,0.07880105939885676,22.40414494695733,27.554059204949137,3.4062227713556803,22.40414494695733,13.602768437587656,7.474427898762849e-06,-710.1312540838408,12.53369396016987,723.7340225214284,12.733283265904799,7.443665949686471,1.0,0.4375,79.13705310195655,1.0,1.81789373359367,17.014616781141807,80.67727103273711,164.60954239406368,3.977608199486962,7.683039556551677,2.3107627084831948,0.0,0.3641,3.7428959233514685
2a57746a14eae80506ca7cca2f8c2f86,WindowRegression,"{""window_size"": 5, ""input_dim"": ""univariate"", ""output_dim"": ""forecast_length"", ""normalize_window"": false, ""max_windows"": 200000, ""fourier_encoding_components"": null, ""scale"": false, ""datepart_method"": null, ""regression_type"": ""User"", ""regression_model"": {""model"": ""LightGBM"", ""model_params"": {""objective"": ""regression"", ""learning_rate"": 0.01, ""num_leaves"": 70, ""max_depth"": -1, ""boosting_type"": ""gbdt"", ""n_estimators"": 100, ""linear_tree"": false, ""lambda_l1"": 0.0, ""lambda_l2"": 0.0, ""min_data_in_leaf"": 20, ""feature_fraction"": 1.0, ""max_bin"": 255, ""device_type"": ""cuda""}}}","{""fillna"": ""ffill"", ""transformations"": {""0"": null}, ""transformation_params"": {""0"": {}}}",0 days 00:00:00.000204,0 days 00:00:01.179971,0 days 00:00:00.168153,0 days 00:00:01.386870,0,,1,0,1,2023-10-16 20:48:00,0.0788074000201447,22.40344957115724,27.809990881313308,3.4688485006509024,22.40344957115724,70.49931115550862,3.87378510897996e-05,-752.160041854786,13.099606045027418,681.6607306992773,12.138582348347796,7.443665949686471,1.0,0.453125,80.07265841507979,1.0,1.8178740585115858,16.98338062772712,78.02604500666015,170.33021789617396,4.001162885833613,6.8220507863037785,3.603817362932844,0.0,0.0788074000201447,22.40344957115724,27.809990881313308,3.4688485006509024,22.40344957115724,70.49931115550862,3.87378510897996e-05,-752.160041854786,13.099606045027418,681.6607306992773,12.138582348347796,7.443665949686471,1.0,0.453125,80.07265841507979,1.0,1.8178740585115858,16.98338062772712,78.02604500666015,170.33021789617396,4.001162885833613,6.8220507863037785,3.603817362932844,0.0,1.3869,3.7776612412668737
c04e957c7ceb00fd784c5698ebc26afa,WindowRegression,"{""window_size"": 5, ""input_dim"": ""univariate"", ""output_dim"": ""forecast_length"", ""normalize_window"": false, ""max_windows"": 200000, ""fourier_encoding_components"": null, ""scale"": false, ""datepart_method"": null, ""regression_type"": ""User"", ""regression_model"": {""model"": ""xgboost"", ""model_params"": {""booster"": ""gbtree"", ""objective"": ""reg:squarederror"", ""max_depth"": 6, ""eta"": 0.03, ""min_child_weight"": 0.5, ""subsample"": 0.5, ""colsample_bylevel"": 0.5, ""reg_alpha"": 0, ""reg_lambda"": 1, ""tree_method"": ""hist"", ""device"": ""cuda""}}}","{""fillna"": null, ""transformations"": {}, ""transformation_params"": {}}",0 days 00:00:00.000186,0 days 00:00:00.138655,0 days 00:00:00.181352,0 days 00:00:00.360242,0,,1,0,1,2023-10-16 20:48:00,0.07909575269596071,22.487364335814277,27.887270533897734,3.338946909998867,22.487364335814277,60.25395541047328,3.310824905953649e-05,-689.4686810408202,12.21656254003014,749.7226364512935,13.130512872864083,7.443665949686471,1.0,0.453125,82.94889827840962,1.0,1.820246821582153,16.852976630752217,79.06825491339006,167.9911641972694,3.9582072335551626,10.372090303367594,3.84206714024255,0.0,0.07909575269596071,22.487364335814277,27.887270533897734,3.338946909998867,22.487364335814277,60.25395541047328,3.310824905953649e-05,-689.4686810408202,12.21656254003014,749.7226364512935,13.130512872864083,7.443665949686471,1.0,0.453125,82.94889827840962,1.0,1.820246821582153,16.852976630752217,79.06825491339006,167.9911641972694,3.9582072335551626,10.372090303367594,3.84206714024255,0.0,0.3602,3.7881587761115516
0fa87e2fe02d9f220491a11aeea01526,WindowRegression,"{""window_size"": 20, ""input_dim"": ""univariate"", ""output_dim"": ""forecast_length"", ""normalize_window"": false, ""max_windows"": 200000, ""fourier_encoding_components"": null, ""scale"": false, ""datepart_method"": null, ""regression_type"": ""User"", ""regression_model"": {""model"": ""LightGBM"", ""model_params"": {""objective"": ""regression"", ""learning_rate"": 0.1, ""num_leaves"": 31, ""max_depth"": 5, ""boosting_type"": ""gbdt"", ""n_estimators"": 100, ""linear_tree"": false, ""lambda_l1"": 0.0, ""lambda_l2"": 0.0, ""min_data_in_leaf"": 20, ""feature_fraction"": 1.0, ""max_bin"": 255, ""device_type"": ""cuda""}}}","{""fillna"": null, ""transformations"": {}, ""transformation_params"": {}}",0 days 00:00:00.000181,0 days 00:00:00.600335,0 days 00:00:00.166988,0 days 00:00:00.805898,0,,1,0,1,2023-10-16 20:48:00,0.07817473357202959,22.227087152205854,28.010445545362888,3.2647517544027314,22.227087152205854,32.887404225089995,1.8070919370990712e-05,-694.8230867580423,12.291676955173383,727.7104909831323,12.806105225101557,7.443665949686471,1.0,0.40625,92.30936410967479,1.0,1.812877135291196,16.383596468253288,80.4737341065935,97.69667105312578,3.9097652305541586,5.27600442433459,13.250142374871992,0.0,0.07817473357202959,22.227087152205854,28.010445545362888,3.2647517544027314,22.227087152205854,32.887404225089995,1.8070919370990712e-05,-694.8230867580423,12.291676955173383,727.7104909831323,12.806105225101557,7.443665949686471,1.0,0.40625,92.30936410967479,1.0,1.812877135291196,16.383596468253288,80.4737341065935,97.69667105312578,3.9097652305541586,5.27600442433459,13.250142374871992,0.0,0.8059,3.8048906574232126
b7d4e83d7fb9227fc9d8d44cdf397f45,WindowRegression,"{""window_size"": 20, ""input_dim"": ""univariate"", ""output_dim"": ""forecast_length"", ""normalize_window"": false, ""max_windows"": 200000, ""fourier_encoding_components"": null, ""scale"": false, ""datepart_method"": null, ""regression_type"": ""User"", ""regression_model"": {""model"": ""LightGBM"", ""model_params"": {""objective"": ""regression"", ""learning_rate"": 0.1, ""num_leaves"": 31, ""max_depth"": 5, ""boosting_type"": ""gbdt"", ""n_estimators"": 100, ""linear_tree"": false, ""lambda_l1"": 0.0, ""lambda_l2"": 0.0, ""min_data_in_leaf"": 20, ""feature_fraction"": 1.0, ""max_bin"": 255, ""device_type"": ""cuda""}}}","{""fillna"": null, ""transformations"": {""0"": null}, ""transformation_params"": {""0"": {}}}",0 days 00:00:00.000208,0 days 00:00:00.602284,0 days 00:00:00.166885,0 days 00:00:00.807468,0,,1,0,1,2023-10-16 20:48:00,0.0781747335580841,22.227087148211524,28.010445545531628,3.2647517574533294,22.227087148211524,32.88740414001586,1.807091932424431e-05,-694.8230866727608,12.29167695279462,727.7104908127767,12.806105221483705,7.443665949686471,1.0,0.40625,92.30936424009997,1.0,1.8128771351778676,16.383596468026585,80.47373409491459,97.69667104638903,3.9097652312815994,5.276004413736073,13.250142391441521,0.0,0.0781747335580841,22.227087148211524,28.010445545531628,3.2647517574533294,22.227087148211524,32.88740414001586,1.807091932424431e-05,-694.8230866727608,12.29167695279462,727.7104908127767,12.806105221483705,7.443665949686471,1.0,0.40625,92.30936424009997,1.0,1.8128771351778676,16.383596468026585,80.47373409491459,97.69667104638903,3.9097652312815994,5.276004413736073,13.250142391441521,0.0,0.8075,3.804890657446134
3adc358e59165e0d807a288a48675f22,WindowRegression,"{""window_size"": 20, ""input_dim"": ""univariate"", ""output_dim"": ""forecast_length"", ""normalize_window"": false, ""max_windows"": 200000, ""fourier_encoding_components"": null, ""scale"": false, ""datepart_method"": null, ""regression_type"": ""User"", ""regression_model"": {""model"": ""LightGBM"", ""model_params"": {""objective"": ""regression"", ""learning_rate"": 0.1, ""num_leaves"": 31, ""max_depth"": 5, ""boosting_type"": ""gbdt"", ""n_estimators"": 100, ""linear_tree"": false, ""lambda_l1"": 0.0, ""lambda_l2"": 0.0, ""min_data_in_leaf"": 20, ""feature_fraction"": 1.0, ""max_bin"": 255, ""device_type"": ""cuda""}}}","{""fillna"": ""ffill_mean_biased"", ""transformations"": {""0"": null}, ""transformation_params"": {""0"": {}}}",0 days 00:00:00.000207,0 days 00:00:00.600182,0 days 00:00:00.168380,0 days 00:00:00.807413,0,,1,0,1,2023-10-16 20:48:00,0.0781747336587343,22.227087176855605,28.010445568058365,3.264751759848319,22.227087176855605,32.88740357368442,1.8070919013057398e-05,-694.8230878725371,12.291676972954427,727.7104914462216,12.806105231867988,7.443665949686471,1.0,0.40625,92.30936404558452,1.0,1.8128771359905667,16.383596491005544,80.47373423161298,97.69667126928363,3.9097652319092346,5.276004374115969,13.25014224456881,0.0,0.0781747336587343,22.227087176855605,28.010445568058365,3.264751759848319,22.227087176855605,32.88740357368442,1.8070919013057398e-05,-694.8230878725371,12.291676972954427,727.7104914462216,12.806105231867988,7.443665949686471,1.0,0.40625,92.30936404558452,1.0,1.8128771359905667,16.383596491005544,80.47373423161298,97.69667126928363,3.9097652319092346,5.276004374115969,13.25014224456881,0.0,0.8074,3.8048906605061275
eb6002a374a9873249010f0d4a07c486,WindowRegression,"{""window_size"": 10, ""input_dim"": ""univariate"", ""output_dim"": ""forecast_length"", ""normalize_window"": false, ""max_windows"": 200000, ""fourier_encoding_components"": null, ""scale"": false, ""datepart_method"": null, ""regression_type"": ""User"", ""regression_model"": {""model"": ""xgboost"", ""model_params"": {""booster"": ""gbtree"", ""objective"": ""reg:squarederror"", ""max_depth"": 6, ""eta"": 0.03, ""min_child_weight"": 1, ""subsample"": 0.5, ""colsample_bylevel"": 0.5, ""reg_alpha"": 0.001, ""reg_lambda"": 1, ""tree_method"": ""hist"", ""device"": ""cuda""}}}","{""fillna"": ""ffill"", ""transformations"": {""0"": null}, ""transformation_params"": {""0"": {}}}",0 days 00:00:00.000208,0 days 00:00:00.143140,0 days 00:00:00.180957,0 days 00:00:00.364362,0,,1,0,1,2023-10-16 20:48:00,0.08171306410833734,23.229873054252494,28.020279863210558,3.4889644024560953,23.229873054252494,17.837750194412365,9.801459042400835e-06,-752.274812833286,13.208699707259845,734.4370626388736,12.953699118907203,7.443665949686471,1.0,0.421875,82.08713751012328,1.0,1.841108669639458,18.048148740798382,81.72065095178294,161.64326247146096,4.00523105961698,4.4630401132282245,4.033859928531323,0.0,0.08171306410833734,23.229873054252494,28.020279863210558,3.4889644024560953,23.229873054252494,17.837750194412365,9.801459042400835e-06,-752.274812833286,13.208699707259845,734.4370626388736,12.953699118907203,7.443665949686471,1.0,0.421875,82.08713751012328,1.0,1.841108669639458,18.048148740798382,81.72065095178294,161.64326247146096,4.00523105961698,4.4630401132282245,4.033859928531323,0.0,0.3644,3.8062265342138955
ae4ecf991c6ae1ea6d0a1bc472fb875b,WindowRegression,"{""window_size"": 10, ""input_dim"": ""univariate"", ""output_dim"": ""forecast_length"", ""normalize_window"": false, ""max_windows"": 200000, ""fourier_encoding_components"": null, ""scale"": false, ""datepart_method"": null, ""regression_type"": ""User"", ""regression_model"": {""model"": ""xgboost"", ""model_params"": {""booster"": ""gbtree"", ""objective"": ""reg:squarederror"", ""max_depth"": 6, ""eta"": 0.03, ""min_child_weight"": 1, ""subsample"": 0.5, ""colsample_bylevel"": 0.5, ""reg_alpha"": 0.001, ""reg_lambda"": 1, ""tree_method"": ""hist"", ""device"": ""cuda""}}}","{""fillna"": null, ""transformations"": {}, ""transformation_params"": {}}",0 days 00:00:00.000180,0 days 00:00:00.143579,0 days 00:00:00.180963,0 days 00:00:00.364798,0,,1,0,1,2023-10-16 20:48:00,0.08171306410833734,23.229873054252494,28.020279863210558,3.4889644024560953,23.229873054252494,17.837750194412365,9.801459042400835e-06,-752.274812833286,13.208699707259845,734.4370626388736,12.953699118907203,7.443665949686471,1.0,0.421875,82.08713751012328,1.0,1.841108669639458,18.048148740798382,81.72065095178294,161.64326247146096,4.00523105961698,4.4630401132282245,4.033859928531323,0.0,0.08171306410833734,23.229873054252494,28.020279863210558,3.4889644024560953,23.229873054252494,17.837750194412365,9.801459042400835e-06,-752.274812833286,13.208699707259845,734.4370626388736,12.953699118907203,7.443665949686471,1.0,0.421875,82.08713751012328,1.0,1.841108669639458,18.048148740798382,81.72065095178294,161.64326247146096,4.00523105961698,4.4630401132282245,4.033859928531323,0.0,0.3648,3.8062265342138955
2719fec3bb2018ff629a1a1bdc0c0a7f,WindowRegression,"{""window_size"": 20, ""input_dim"": ""univariate"", ""output_dim"": ""forecast_length"", ""normalize_window"": false, ""max_windows"": 200000, ""fourier_encoding_components"": null, ""scale"": false, ""datepart_method"": null, ""regression_type"": ""User"", ""regression_model"": {""model"": ""LightGBM"", ""model_params"": {""objective"": ""regression"", ""learning_rate"": 0.1, ""num_leaves"": 31, ""max_depth"": 5, ""boosting_type"": ""gbdt"", ""n_estimators"": 100, ""linear_tree"": false, ""lambda_l1"": 0.0, ""lambda_l2"": 0.0, ""min_data_in_leaf"": 20, ""feature_fraction"": 1.0, ""max_bin"": 255, ""device_type"": ""cuda""}}}","{""fillna"": ""ffill"", ""transformations"": {""0"": null}, ""transformation_params"": {""0"": {}}}",0 days 00:00:00.000206,0 days 00:00:00.601948,0 days 00:00:00.167443,0 days 00:00:00.808030,0,,1,0,1,2023-10-16 20:48:00,0.07825133417329576,22.248842579129985,28.024562326937815,3.2692277680936526,22.248842579129985,31.495056021700293,1.7305854060649084e-05,-696.2154345213094,12.313432387037686,727.7104905430097,12.807239983817853,7.443665949686471,1.0,0.40625,92.30936422810555,1.0,1.8134942820401838,16.409380668511236,80.55482948605359,97.77804536592005,3.910650868205227,5.247557838825834,13.127052001169135,0.0,0.07825133417329576,22.248842579129985,28.024562326937815,3.2692277680936526,22.248842579129985,31.495056021700293,1.7305854060649084e-05,-696.2154345213094,12.313432387037686,727.7104905430097,12.807239983817853,7.443665949686471,1.0,0.40625,92.30936422810555,1.0,1.8134942820401838,16.409380668511236,80.55482948605359,97.77804536592005,3.910650868205227,5.247557838825834,13.127052001169135,0.0,0.808,3.8068082567073915
93781c155798a0977b973ff0932c6c22,WindowRegression,"{""window_size"": 20, ""input_dim"": ""univariate"", ""output_dim"": ""forecast_length"", ""normalize_window"": false, ""max_windows"": 200000, ""fourier_encoding_components"": null, ""scale"": false, ""datepart_method"": null, ""regression_type"": ""User"", ""regression_model"": {""model"": ""LightGBM"", ""model_params"": {""objective"": ""regression"", ""learning_rate"": 0.1, ""num_leaves"": 31, ""max_depth"": 5, ""boosting_type"": ""gbdt"", ""n_estimators"": 100, ""linear_tree"": false, ""lambda_l1"": 0.0, ""lambda_l2"": 0.0, ""min_data_in_leaf"": 20, ""feature_fraction"": 1.0, ""max_bin"": 255, ""device_type"": ""cuda""}}}","{""fillna"": ""zero"", ""transformations"": {""0"": null}, ""transformation_params"": {""0"": {}}}",0 days 00:00:00.000200,0 days 00:00:00.600875,0 days 00:00:00.167005,0 days 00:00:00.806951,0,,1,0,1,2023-10-16 20:48:00,0.07830014352202988,22.262688958456522,28.070351980020288,3.2720765430340215,22.262688958456522,32.381221875923075,1.779278308646645e-05,-696.2154357326472,12.313580099677772,728.5966576085702,12.821086346637957,7.443665949686471,1.0,0.40625,93.19553093278955,1.0,1.8138869596516256,16.409380708599944,80.57337851300875,98.0422768273384,3.911214125556511,5.298835840068362,13.128476639297105,0.0,0.07830014352202988,22.262688958456522,28.070351980020288,3.2720765430340215,22.262688958456522,32.381221875923075,1.779278308646645e-05,-696.2154357326472,12.313580099677772,728.5966576085702,12.821086346637957,7.443665949686471,1.0,0.40625,93.19553093278955,1.0,1.8138869596516256,16.409380708599944,80.57337851300875,98.0422768273384,3.911214125556511,5.298835840068362,13.128476639297105,0.0,0.807,3.8130282442808845
0f760decfc490502f2782c17cb181970,WindowRegression,"{""window_size"": 5, ""input_dim"": ""univariate"", ""output_dim"": ""forecast_length"", ""normalize_window"": false, ""max_windows"": 200000, ""fourier_encoding_components"": null, ""scale"": false, ""datepart_method"": null, ""regression_type"": ""User"", ""regression_model"": {""model"": ""xgboost"", ""model_params"": {""booster"": ""gbtree"", ""objective"": ""reg:squarederror"", ""max_depth"": 6, ""eta"": 0.3, ""min_child_weight"": 1, ""subsample"": 1, ""colsample_bylevel"": 0.9, ""reg_alpha"": 0, ""reg_lambda"": 5, ""n_estimators"": 100, ""grow_policy"": ""lossguide"", ""tree_method"": ""hist"", ""device"": ""cuda""}}}","{""fillna"": null, ""transformations"": {}, ""transformation_params"": {}}",0 days 00:00:00.000203,0 days 00:00:00.070972,0 days 00:00:00.170090,0 days 00:00:00.280373,0,,1,0,1,2023-10-16 20:48:00,0.08008446740847658,22.767533504995754,28.415054330733525,3.565752834153406,22.767533504995754,8.20306596080627,4.50740783790889e-06,-732.6626051402673,12.850037078424155,724.459539179461,12.78419567826538,7.443665949686471,1.0,0.4375,77.05841498096561,1.0,1.8281465434927977,16.837737621358396,80.66886060115951,203.8059356791959,4.0507982531655005,7.221620317744138,6.329467069216356,0.0,0.08008446740847658,22.767533504995754,28.415054330733525,3.565752834153406,22.767533504995754,8.20306596080627,4.50740783790889e-06,-732.6626051402673,12.850037078424155,724.459539179461,12.78419567826538,7.443665949686471,1.0,0.4375,77.05841498096561,1.0,1.8281465434927977,16.837737621358396,80.66886060115951,203.8059356791959,4.0507982531655005,7.221620317744138,6.329467069216356,0.0,0.2804,3.859852017637026
aae4b48b17540daad69947938ebfcc9a,WindowRegression,"{""window_size"": 5, ""input_dim"": ""univariate"", ""output_dim"": ""forecast_length"", ""normalize_window"": false, ""max_windows"": 200000, ""fourier_encoding_components"": null, ""scale"": false, ""datepart_method"": null, ""regression_type"": ""User"", ""regression_model"": {""model"": ""xgboost"", ""model_params"": {""booster"": ""gbtree"", ""objective"": ""reg:squarederror"", ""max_depth"": 6, ""eta"": 0.05, ""min_child_weight"": 1, ""subsample"": 1, ""colsample_bylevel"": 1, ""reg_alpha"": 0.001, ""reg_lambda"": 1, ""tree_method"": ""hist"", ""device"": ""cuda""}}}","{""fillna"": null, ""transformations"": {}, ""transformation_params"": {}}",0 days 00:00:00.000197,0 days 00:00:00.076696,0 days 00:00:00.286860,0 days 00:00:00.404016,0,,1,0,1,2023-10-16 20:48:00,0.08143393467036353,23.151525213079253,28.706609208381064,3.5777296436009007,23.151525213079253,22.227283313535736,1.2213412826562855e-05,-751.962448475304,13.150545066469897,729.7351651617682,12.885251239079183,7.443665949686471,1.0,0.421875,86.36939300136873,1.0,1.8389185435313375,17.450520553430277,81.15862078767094,179.91016098922302,4.031810828087019,7.397724596601436,5.181492454657389,0.0,0.08143393467036353,23.151525213079253,28.706609208381064,3.5777296436009007,23.151525213079253,22.227283313535736,1.2213412826562855e-05,-751.962448475304,13.150545066469897,729.7351651617682,12.885251239079183,7.443665949686471,1.0,0.421875,86.36939300136873,1.0,1.8389185435313375,17.450520553430277,81.15862078767094,179.91016098922302,4.031810828087019,7.397724596601436,5.181492454657389,0.0,0.404,3.8994563298315863
45bdced91dc2d47343e4838f14c37e0a,WindowRegression,"{""window_size"": 5, ""input_dim"": ""univariate"", ""output_dim"": ""forecast_length"", ""normalize_window"": false, ""max_windows"": 200000, ""fourier_encoding_components"": null, ""scale"": false, ""datepart_method"": null, ""regression_type"": ""User"", ""regression_model"": {""model"": ""xgboost"", ""model_params"": {""booster"": ""gbtree"", ""objective"": ""reg:squarederror"", ""max_depth"": 6, ""eta"": 0.03, ""min_child_weight"": 1, ""subsample"": 1, ""colsample_bylevel"": 1, ""reg_alpha"": 0, ""reg_lambda"": 1, ""tree_method"": ""hist"", ""device"": ""cuda""}}}","{""fillna"": null, ""transformations"": {}, ""transformation_params"": {}}",0 days 00:00:00.000184,0 days 00:00:00.096308,0 days 00:00:00.178306,0 days 00:00:00.314772,0,,1,0,1,2023-10-16 20:48:00,0.08120426716554908,23.087620283069043,29.166783737643467,3.619800511794158,23.087620283069043,10.951386807671952,6.017550872895919e-06,-733.3281556543734,12.84420360247217,744.2795424620454,13.072735060515333,7.443665949686471,1.0,0.40625,88.75876030992004,1.0,1.837130219477033,17.109949348716665,81.80031664599491,193.620966275822,4.051275610952806,8.141685180976339,5.602473918207101,0.0,0.08120426716554908,23.087620283069043,29.166783737643467,3.619800511794158,23.087620283069043,10.951386807671952,6.017550872895919e-06,-733.3281556543734,12.84420360247217,744.2795424620454,13.072735060515333,7.443665949686471,1.0,0.40625,88.75876030992004,1.0,1.837130219477033,17.109949348716665,81.80031664599491,193.620966275822,4.051275610952806,8.141685180976339,5.602473918207101,0.0,0.3148,3.9619656449490144
60fdb3c4f90cfa1df2eef3944c27e9bd,WindowRegression,"{""window_size"": 10, ""input_dim"": ""univariate"", ""output_dim"": ""forecast_length"", ""normalize_window"": false, ""max_windows"": 200000, ""fourier_encoding_components"": null, ""scale"": false, ""datepart_method"": null, ""regression_type"": ""User"", ""regression_model"": {""model"": ""LightGBM"", ""model_params"": {""objective"": ""regression"", ""learning_rate"": 0.1, ""num_leaves"": 1000, ""max_depth"": 5, ""boosting_type"": ""gbdt"", ""n_estimators"": 100, ""linear_tree"": false, ""lambda_l1"": 0.0, ""lambda_l2"": 0.0, ""min_data_in_leaf"": 20, ""feature_fraction"": 1.0, ""max_bin"": 255, ""device_type"": ""cuda""}}}","{""fillna"": null, ""transformations"": {""0"": null}, ""transformation_params"": {""0"": {}}}",0 days 00:00:00.000199,0 days 00:00:01.930129,0 days 00:00:00.167987,0 days 00:00:02.136756,0,,1,0,1,2023-10-16 20:48:00,0.08500290548484628,24.169060600765363,29.4981992302765,3.591963215800002,24.169060600765363,106.79645598437128,5.868234938800041e-05,-826.8081672166772,14.333807423013926,720.011711232306,12.798955842708548,7.443665949686471,1.0,0.421875,81.52433731958081,1.0,1.8671626416539615,18.478150251443097,90.20232160140927,148.23656222945002,4.056765517835213,5.728460414976125,4.371016364783769,0.0,0.08500290548484628,24.169060600765363,29.4981992302765,3.591963215800002,24.169060600765363,106.79645598437128,5.868234938800041e-05,-826.8081672166772,14.333807423013926,720.011711232306,12.798955842708548,7.443665949686471,1.0,0.421875,81.52433731958081,1.0,1.8671626416539615,18.478150251443097,90.20232160140927,148.23656222945002,4.056765517835213,5.728460414976125,4.371016364783769,0.0,2.1368,4.006984554398439
974543be739ebd0f0fa3afbe59ca4a8d,WindowRegression,"{""window_size"": 10, ""input_dim"": ""univariate"", ""output_dim"": ""forecast_length"", ""normalize_window"": false, ""max_windows"": 200000, ""fourier_encoding_components"": null, ""scale"": false, ""datepart_method"": null, ""regression_type"": ""User"", ""regression_model"": {""model"": ""LightGBM"", ""model_params"": {""objective"": ""regression"", ""learning_rate"": 0.1, ""num_leaves"": 1000, ""max_depth"": 5, ""boosting_type"": ""gbdt"", ""n_estimators"": 100, ""linear_tree"": false, ""lambda_l1"": 0.0, ""lambda_l2"": 0.0, ""min_data_in_leaf"": 20, ""feature_fraction"": 1.0, ""max_bin"": 255, ""device_type"": ""cuda""}}}","{""fillna"": null, ""transformations"": {}, ""transformation_params"": {}}",0 days 00:00:00.000191,0 days 00:00:01.931746,0 days 00:00:00.168272,0 days 00:00:02.138787,0,,1,0,1,2023-10-16 20:48:00,0.08505827992610347,24.184753020742733,29.54773940813545,3.59570028149072,24.184753020742733,105.79214067240537,5.813049978316777e-05,-826.8081669999701,14.333830539494095,721.0160263275648,12.814648267884845,7.443665949686471,1.0,0.421875,82.6868231718654,1.0,1.8675948773506277,18.475221152422954,90.2088677899028,148.5374743745461,4.057317096910017,5.667472632013989,4.368054386726949,0.0,0.08505827992610347,24.184753020742733,29.54773940813545,3.59570028149072,24.184753020742733,105.79214067240537,5.813049978316777e-05,-826.8081669999701,14.333830539494095,721.0160263275648,12.814648267884845,7.443665949686471,1.0,0.421875,82.6868231718654,1.0,1.8675948773506277,18.475221152422954,90.2088677899028,148.5374743745461,4.057317096910017,5.667472632013989,4.368054386726949,0.0,2.1388,4.013714006794951
9aebbd485a76ee621a5e67025c911ac2,WindowRegression,"{""window_size"": 10, ""input_dim"": ""univariate"", ""output_dim"": ""forecast_length"", ""normalize_window"": false, ""max_windows"": 200000, ""fourier_encoding_components"": null, ""scale"": false, ""datepart_method"": null, ""regression_type"": ""User"", ""regression_model"": {""model"": ""xgboost"", ""model_params"": {""booster"": ""gbtree"", ""colsample_bylevel"": 0.54, ""learning_rate"": 0.025, ""max_depth"": 11, ""min_child_weight"": 0.0127, ""n_estimators"": 240, ""tree_method"": ""hist"", ""objective"": ""reg:squarederror"", ""device"": ""cuda""}}}","{""fillna"": null, ""transformations"": {""0"": null}, ""transformation_params"": {""0"": {}}}",0 days 00:00:00.000207,0 days 00:00:00.241600,0 days 00:00:00.189713,0 days 00:00:00.473420,0,,1,0,1,2023-10-16 20:48:00,0.08603128094859443,24.45777022029972,29.59117684446427,3.711970506924001,24.45777022029972,33.015359232107585,1.8141227887865552e-05,-799.1563266656449,13.953379180491943,766.1409674335373,13.495094054533773,7.443665949686471,1.0,0.421875,84.95703603118454,1.0,1.8750989809549434,18.924212290530907,85.59135082164434,188.62564092141793,4.070477999122952,5.522695995137185,11.401467088741184,0.0,0.08603128094859443,24.45777022029972,29.59117684446427,3.711970506924001,24.45777022029972,33.015359232107585,1.8141227887865552e-05,-799.1563266656449,13.953379180491943,766.1409674335373,13.495094054533773,7.443665949686471,1.0,0.421875,84.95703603118454,1.0,1.8750989809549434,18.924212290530907,85.59135082164434,188.62564092141793,4.070477999122952,5.522695995137185,11.401467088741184,0.0,0.4734,4.019614473297787
d8cd8b66a9a28255be6ed91e0ed0f3ea,WindowRegression,"{""window_size"": 10, ""input_dim"": ""univariate"", ""output_dim"": ""forecast_length"", ""normalize_window"": false, ""max_windows"": 200000, ""fourier_encoding_components"": null, ""scale"": false, ""datepart_method"": null, ""regression_type"": ""User"", ""regression_model"": {""model"": ""xgboost"", ""model_params"": {""booster"": ""gbtree"", ""colsample_bylevel"": 0.54, ""learning_rate"": 0.025, ""max_depth"": 11, ""min_child_weight"": 0.0127, ""n_estimators"": 240, ""tree_method"": ""hist"", ""objective"": ""reg:squarederror"", ""device"": ""cuda""}}}","{""fillna"": null, ""transformations"": {}, ""transformation_params"": {}}",0 days 00:00:00.000185,0 days 00:00:00.244244,0 days 00:00:00.189167,0 days 00:00:00.475228,0,,1,0,1,2023-10-16 20:48:00,0.08603128094859443,24.45777022029972,29.59117684446427,3.711970506924001,24.45777022029972,33.015359232107585,1.8141227887865552e-05,-799.1563266656449,13.953379180491943,766.1409674335373,13.495094054533773,7.443665949686471,1.0,0.421875,84.95703603118454,1.0,1.8750989809549434,18.924212290530907,85.59135082164434,188.62564092141793,4.070477999122952,5.522695995137185,11.401467088741184,0.0,0.08603128094859443,24.45777022029972,29.59117684446427,3.711970506924001,24.45777022029972,33.015359232107585,1.8141227887865552e-05,-799.1563266656449,13.953379180491943,766.1409674335373,13.495094054533773,7.443665949686471,1.0,0.421875,84.95703603118454,1.0,1.8750989809549434,18.924212290530907,85.59135082164434,188.62564092141793,4.070477999122952,5.522695995137185,11.401467088741184,0.0,0.4752,4.019614473297787
e9f72fc7741ad5bae0f864558ba26a05,WindowRegression,"{""window_size"": 10, ""input_dim"": ""univariate"", ""output_dim"": ""forecast_length"", ""normalize_window"": false, ""max_windows"": 200000, ""fourier_encoding_components"": null, ""scale"": false, ""datepart_method"": null, ""regression_type"": ""User"", ""regression_model"": {""model"": ""xgboost"", ""model_params"": {""booster"": ""gbtree"", ""colsample_bylevel"": 0.54, ""learning_rate"": 0.025, ""max_depth"": 11, ""min_child_weight"": 0.0127, ""n_estimators"": 240, ""tree_method"": ""hist"", ""objective"": ""reg:squarederror"", ""device"": ""cuda""}}}","{""fillna"": ""ffill"", ""transformations"": {""0"": null}, ""transformation_params"": {""0"": {}}}",0 days 00:00:00.000197,0 days 00:00:00.241264,0 days 00:00:00.189495,0 days 00:00:00.472653,0,,1,0,1,2023-10-16 20:48:00,0.08603128094859443,24.45777022029972,29.59117684446427,3.711970506924001,24.45777022029972,33.015359232107585,1.8141227887865552e-05,-799.1563266656449,13.953379180491943,766.1409674335373,13.495094054533773,7.443665949686471,1.0,0.421875,84.95703603118454,1.0,1.8750989809549434,18.924212290530907,85.59135082164434,188.62564092141793,4.070477999122952,5.522695995137185,11.401467088741184,0.0,0.08603128094859443,24.45777022029972,29.59117684446427,3.711970506924001,24.45777022029972,33.015359232107585,1.8141227887865552e-05,-799.1563266656449,13.953379180491943,766.1409674335373,13.495094054533773,7.443665949686471,1.0,0.421875,84.95703603118454,1.0,1.8750989809549434,18.924212290530907,85.59135082164434,188.62564092141793,4.070477999122952,5.522695995137185,11.401467088741184,0.0,0.4727,4.019614473297787
5d2cf54514e2652e2d2d5c7274d19d8a,WindowRegression,"{""window_size"": 5, ""input_dim"": ""univariate"", ""output_dim"": ""forecast_length"", ""normalize_window"": false, ""max_windows"": 200000, ""fourier_encoding_components"": null, ""scale"": false, ""datepart_method"": null, ""regression_type"": ""User"", ""regression_model"": {""model"": ""xgboost"", ""model_params"": {""base_score"": 0.5, ""booster"": ""gbtree"", ""colsample_bylevel"": 0.692, ""learning_rate"": 0.022, ""max_bin"": 256, ""max_depth"": 14, ""max_leaves"": 0, ""min_child_weight"": 0.024, ""n_estimators"": 162, ""tree_method"": ""hist"", ""objective"": ""reg:squarederror"", ""device"": ""cuda""}}}","{""fillna"": null, ""transformations"": {""0"": null}, ""transformation_params"": {""0"": {}}}",0 days 00:00:00.000203,0 days 00:00:00.067801,0 days 00:00:00.172889,0 days 00:00:00.281497,0,,1,0,2,2023-10-14 20:48:00,1.361242328432361,367.9234286173718,368.00377698232046,1.440688419127454,367.9234286173718,23547.099431511797,0.013705705281755472,0.0,5.910368707673399,23547.099431511797,367.9234286173718,36.991362415760406,0.0,0.546875,390.629185203441,1.0,6.532432646753706,365.9869101431278,1447.04196319535,27014.079233956927,2.7153472089691264,1354.9656156019362,41.45307190264733,0.0,1.361242328432361,367.9234286173718,368.00377698232046,1.440688419127454,367.9234286173718,23547.099431511797,0.013705705281755472,0.0,5.910368707673399,23547.099431511797,367.9234286173718,36.991362415760406,0.0,0.546875,390.629185203441,1.0,6.532432646753706,365.9869101431278,1447.04196319535,27014.079233956927,2.7153472089691264,1354.9656156019362,41.45307190264733,0.0,0.2815,49.98899894929701
5d2cf54514e2652e2d2d5c7274d19d8a,WindowRegression,"{""window_size"": 5, ""input_dim"": ""univariate"", ""output_dim"": ""forecast_length"", ""normalize_window"": false, ""max_windows"": 200000, ""fourier_encoding_components"": null, ""scale"": false, ""datepart_method"": null, ""regression_type"": ""User"", ""regression_model"": {""model"": ""xgboost"", ""model_params"": {""base_score"": 0.5, ""booster"": ""gbtree"", ""colsample_bylevel"": 0.692, ""learning_rate"": 0.022, ""max_bin"": 256, ""max_depth"": 14, ""max_leaves"": 0, ""min_child_weight"": 0.024, ""n_estimators"": 162, ""tree_method"": ""hist"", ""objective"": ""reg:squarederror"", ""device"": ""cuda""}}}","{""fillna"": null, ""transformations"": {""0"": null}, ""transformation_params"": {""0"": {}}}",0 days 00:00:00.000198,0 days 00:00:00.067850,0 days 00:00:00.174150,0 days 00:00:00.282218,0,,1,2,0,2023-10-18 20:48:00,1.358617484735442,387.0341188107015,387.24548724320476,1.1981109533771346,387.0341188107015,24770.183603884896,0.01367912249531637,0.0,5.960548398125953,24770.183603884896,387.0341188107015,19.8516909844437,0.0,0.40625,417.1469132443526,0.0,89.66271968039317,383.3817653684924,1526.0191527316663,14926.42862162259,2.9605818406661633,673.0425030787669,8.988371031835912,0.0,1.358617484735442,387.0341188107015,387.24548724320476,1.1981109533771346,387.0341188107015,24770.183603884896,0.01367912249531637,0.0,5.960548398125953,24770.183603884896,387.0341188107015,19.8516909844437,0.0,0.40625,417.1469132443526,0.0,89.66271968039317,383.3817653684924,1526.0191527316663,14926.42862162259,2.9605818406661633,673.0425030787669,8.988371031835912,0.0,0.2822,52.60275971529109
5d2cf54514e2652e2d2d5c7274d19d8a,WindowRegression,"{""window_size"": 5, ""input_dim"": ""univariate"", ""output_dim"": ""forecast_length"", ""normalize_window"": false, ""max_windows"": 200000, ""fourier_encoding_components"": null, ""scale"": false, ""datepart_method"": null, ""regression_type"": ""User"", ""regression_model"": {""model"": ""xgboost"", ""model_params"": {""base_score"": 0.5, ""booster"": ""gbtree"", ""colsample_bylevel"": 0.692, ""learning_rate"": 0.022, ""max_bin"": 256, ""max_depth"": 14, ""max_leaves"": 0, ""min_child_weight"": 0.024, ""n_estimators"": 162, ""tree_method"": ""hist"", ""objective"": ""reg:squarederror"", ""device"": ""cuda""}}}","{""fillna"": null, ""transformations"": {""0"": null}, ""transformation_params"": {""0"": {}}}",0 days 00:00:00.000213,0 days 00:00:00.072389,0 days 00:00:00.172358,0 days 00:00:00.284677,0,,1,0,1,2023-10-16 20:48:00,1.3609172523864654,389.6420302768919,390.6124853559383,4.1224629485437765,389.6420302768919,24937.08993772108,0.013702393126785862,0.0,5.965309600306076,24937.08993772108,389.6420302768919,32.9061024319246,0.0,0.40625,453.2482002687648,1.0,6.409592792283182,381.8326400628972,1530.5986703563983,29847.429940341222,4.128421198032396,1306.3929143248258,46.51909761790183,0.0,1.3609172523864654,389.6420302768919,390.6124853559383,4.1224629485437765,389.6420302768919,24937.08993772108,0.013702393126785862,0.0,5.965309600306076,24937.08993772108,389.6420302768919,32.9061024319246,0.0,0.40625,453.2482002687648,1.0,6.409592792283182,381.8326400628972,1530.5986703563983,29847.429940341222,4.128421198032396,1306.3929143248258,46.51909761790183,0.0,0.2847,53.06012693717101
