Using CPython 3.12.3 interpreter at: /usr/bin/python3.12
Creating virtual environment at: /home/ubuntu/venv-ob
Activate with: source /home/ubuntu/venv-ob/bin/activate
Using Python 3.12.3 environment at: /home/ubuntu/venv-ob
Resolved 7 packages in 577ms
Downloading pandas (10.5MiB)
Downloading numpy (15.9MiB)
Downloading pyarrow (47.8MiB)
Downloading duckdb (20.5MiB)
 Downloaded pandas
 Downloaded numpy
 Downloaded duckdb
 Downloaded pyarrow
Prepared 7 packages in 2.39s
Installed 7 packages in 755ms
 + duckdb==1.5.5
 + numpy==2.5.3
 + pandas==3.0.5
 + pyarrow==25.0.1
 + python-dateutil==2.9.0.post0
 + six==1.17.0
 + sortedcontainers==2.4.0
Using Python 3.12.3 environment at: /home/ubuntu/venv-ob
Resolved 29 packages in 3.45s
Downloading nvidia-curand-cu12 (60.7MiB)
Downloading setuptools (1.2MiB)
Downloading triton (179.6MiB)
Downloading nvidia-nccl-cu12 (283.0MiB)
Downloading nvidia-cuda-nvrtc-cu12 (84.0MiB)
Downloading networkx (2.0MiB)
Downloading nvidia-cusparse-cu12 (274.9MiB)
Downloading nvidia-cublas-cu12 (566.8MiB)
Downloading nvidia-cufile-cu12 (1.1MiB)
Downloading nvidia-nvjitlink-cu12 (37.4MiB)
Downloading nvidia-cusparselt-cu12 (273.9MiB)
Downloading nvidia-cufft-cu12 (184.2MiB)
Downloading nvidia-nvshmem-cu12 (132.7MiB)
Downloading nvidia-cudnn-cu12 (627.4MiB)
 Downloaded setuptools
Downloading nvidia-cuda-cupti-cu12 (9.8MiB)
Downloading nvidia-cusolver-cu12 (255.1MiB)
Downloading sympy (6.0MiB)
Downloading torch (782.3MiB)
Downloading cuda-bindings (7.3MiB)
 Downloaded nvidia-cufile-cu12
 Downloaded nvidia-cuda-cupti-cu12
 Downloaded triton
 Downloaded nvidia-nvjitlink-cu12
 Downloaded nvidia-cuda-nvrtc-cu12
 Downloaded nvidia-curand-cu12
 Downloaded torch
 Downloaded nvidia-nccl-cu12
 Downloaded nvidia-cusparse-cu12
 Downloaded nvidia-cusparselt-cu12
 Downloaded nvidia-cufft-cu12
 Downloaded nvidia-cublas-cu12
 Downloaded nvidia-nvshmem-cu12
 Downloaded nvidia-cusolver-cu12
 Downloaded nvidia-cudnn-cu12
 Downloaded networkx
 Downloaded sympy
 Downloaded cuda-bindings
Prepared 29 packages in 39.66s
Installed 29 packages in 3.94s
 + cuda-bindings==12.9.7
 + cuda-pathfinder==1.6.0
 + cuda-toolkit==12.8.1
 + filelock==3.32.3
 + fsspec==2026.7.0
 + jinja2==3.1.6
 + markupsafe==3.0.3
 + mpmath==1.3.0
 + networkx==3.6.1
 + nvidia-cublas-cu12==12.8.4.1
 + nvidia-cuda-cupti-cu12==12.8.90
 + nvidia-cuda-nvrtc-cu12==12.8.93
 + nvidia-cuda-runtime-cu12==12.8.90
 + nvidia-cudnn-cu12==9.19.0.56
 + nvidia-cufft-cu12==11.3.3.83
 + nvidia-cufile-cu12==1.13.1.3
 + nvidia-curand-cu12==10.3.9.90
 + nvidia-cusolver-cu12==11.7.3.90
 + nvidia-cusparse-cu12==12.5.8.93
 + nvidia-cusparselt-cu12==0.7.1
 + nvidia-nccl-cu12==2.28.9
 + nvidia-nvjitlink-cu12==12.8.93
 + nvidia-nvshmem-cu12==3.4.5
 + nvidia-nvtx-cu12==12.8.90
 + setuptools==78.1.0
 + sympy==1.14.0
 + torch==2.11.0+cu128
 + triton==3.6.0
 + typing-extensions==4.16.0
Using Python 3.12.3 environment at: /home/ubuntu/venv-ob
Resolved 75 packages in 2.73s
Downloading hf-xet (4.3MiB)
Downloading matplotlib (9.6MiB)
Downloading pillow (6.6MiB)
Downloading plotly (8.6MiB)
Downloading xgboost (54.9MiB)
Downloading scikit-learn (8.7MiB)
Downloading kiwisolver (1.4MiB)
Downloading statsmodels (11.5MiB)
Downloading nvidia-nccl-cu13 (240.7MiB)
Downloading fonttools (5.2MiB)
Downloading cupy-cuda12x (129.8MiB)
Downloading scipy (33.7MiB)
Downloading catboost (92.6MiB)
Downloading autots (1.5MiB)
 Downloaded kiwisolver
 Downloaded autots
 Downloaded hf-xet
 Downloaded fonttools
 Downloaded pillow
 Downloaded scikit-learn
 Downloaded plotly
 Downloaded matplotlib
 Downloaded statsmodels
 Downloaded scipy
 Downloaded xgboost
 Downloaded catboost
 Downloaded cupy-cuda12x
 Downloaded nvidia-nccl-cu13
Prepared 39 packages in 18.86s
Installed 39 packages in 1.86s
 + anyio==4.15.1
 + autots==1.0.4
 + catboost==1.2.10
 + certifi==2026.7.22
 + click==8.5.0
 + cloudpickle==3.1.2
 + contourpy==1.3.3
 + cupy-cuda12x==14.2.0
 + cycler==0.12.1
 + fonttools==4.65.0
 + formulaic==1.2.2
 + graphviz==0.21
 + h11==0.16.0
 + hf-xet==1.6.0
 + httpcore==1.0.9
 + httpx==0.28.1
 + huggingface-hub==1.31.0
 + idna==3.19
 + interface-meta==2.0.1
 + joblib==1.6.0
 + kiwisolver==1.5.1
 + matplotlib==3.11.1
 + narwhals==2.26.0
 + nvidia-nccl-cu13==2.31.2
 + packaging==26.3
 + patsy==1.0.3
 + pillow==12.3.0
 + plotly==7.0.0
 + pyparsing==3.3.2
 + pyyaml==6.0.3
 + safetensors==0.8.0
 + scikit-learn==1.9.0
 + scipy==1.18.1
 + statsmodels==0.15.0
 + threadpoolctl==3.6.0
 + timesfm==2.0.2
 + tqdm==4.70.0
 + wrapt==2.4.0
 + xgboost==3.4.1
warning: The package `huggingface-hub==1.31.0` does not have an extra named `cli`
DEBUG Found workspace root: `/home/ubuntu/P0_forecasting`
DEBUG Adding root workspace member: `/home/ubuntu/P0_forecasting`
DEBUG Skipping `pyproject.toml` in `/home/ubuntu/P0_forecasting` (no `[tool.uv]` section)
DEBUG Searching for user configuration in: `/home/ubuntu/.config/uv/uv.toml`
DEBUG uv 0.12.10 (x86_64-unknown-linux-gnu)
DEBUG Disabling the uv cache due to `--no-cache`
DEBUG Searching for default Python interpreter in virtual environments
DEBUG Found `cpython-3.12.3-linux-x86_64-gnu` at `/home/ubuntu/venv-ob/bin/python3` (active virtual environment)
Using Python 3.12.3 environment at: /home/ubuntu/venv-ob
DEBUG At least one requirement is not satisfied: lightgbm==4.7.0
DEBUG Using request connect timeout of 10s and read timeout of 30s
DEBUG Solving with installed Python version: 3.12.3
DEBUG Solving with target Python version: >=3.12.3
DEBUG Adding direct dependency: lightgbm>=4.7.0, <4.7.0+
DEBUG No cache entry for: https://pypi.org/simple/lightgbm/
DEBUG Sending fresh GET request for: https://pypi.org/simple/lightgbm/
DEBUG Searching for a compatible version of lightgbm (>=4.7.0, <4.7.0+)
DEBUG Selecting: lightgbm==4.7.0 [compatible] (lightgbm-4.7.0.tar.gz)
DEBUG No cache entry for: https://files.pythonhosted.org/packages/cd/05/7213965863cba1ed0150ad045bceed6276a1afaaaedbaeff4699ec4f0ccb/lightgbm-4.7.0-py3-none-macosx_10_15_x86_64.whl.metadata
DEBUG Sending fresh GET request for: https://files.pythonhosted.org/packages/cd/05/7213965863cba1ed0150ad045bceed6276a1afaaaedbaeff4699ec4f0ccb/lightgbm-4.7.0-py3-none-macosx_10_15_x86_64.whl.metadata
DEBUG Adding transitive dependency for lightgbm==4.7.0: narwhals>=1.15
DEBUG Adding transitive dependency for lightgbm==4.7.0: numpy>=1.21.3
DEBUG Adding transitive dependency for lightgbm==4.7.0: scipy*
DEBUG No cache entry for: https://pypi.org/simple/narwhals/
DEBUG Sending fresh GET request for: https://pypi.org/simple/narwhals/
DEBUG No cache entry for: https://pypi.org/simple/numpy/
DEBUG Sending fresh GET request for: https://pypi.org/simple/numpy/
DEBUG No cache entry for: https://pypi.org/simple/scipy/
DEBUG Sending fresh GET request for: https://pypi.org/simple/scipy/
DEBUG Searching for a compatible version of narwhals (>=1.15)
DEBUG Selecting: narwhals==2.26.0 [installed] (installed)
DEBUG Skipping file for numpy: "numpy-1.0.1.dev3460.win32-py2.4.exe" (not a wheel or source distribution archive (expected one of `.whl`, `.tar.gz`, `.zip`, `.tar.bz2`, `.tar.lz`, `.tar.lzma`, `.tar.xz`, `.tar.zst`, `.tar`, `.tbz`, `.tgz`, `.tlz`, or `.txz`))
DEBUG Skipping file for numpy: "numpy-1.3.0.win32-py2.5.exe" (not a wheel or source distribution archive (expected one of `.whl`, `.tar.gz`, `.zip`, `.tar.bz2`, `.tar.lz`, `.tar.lzma`, `.tar.xz`, `.tar.zst`, `.tar`, `.tbz`, `.tgz`, `.tlz`, or `.txz`))
DEBUG Skipping file for numpy: "numpy-1.5.0.win32-py2.6.exe" (not a wheel or source distribution archive (expected one of `.whl`, `.tar.gz`, `.zip`, `.tar.bz2`, `.tar.lz`, `.tar.lzma`, `.tar.xz`, `.tar.zst`, `.tar`, `.tbz`, `.tgz`, `.tlz`, or `.txz`))
DEBUG Skipping file for numpy: "numpy-1.5.1.win32-py2.5-nosse.exe" (not a wheel or source distribution archive (expected one of `.whl`, `.tar.gz`, `.zip`, `.tar.bz2`, `.tar.lz`, `.tar.lzma`, `.tar.xz`, `.tar.zst`, `.tar`, `.tbz`, `.tgz`, `.tlz`, or `.txz`))
DEBUG Skipping file for numpy: "numpy-1.5.1.win32-py2.6-nosse.exe" (not a wheel or source distribution archive (expected one of `.whl`, `.tar.gz`, `.zip`, `.tar.bz2`, `.tar.lz`, `.tar.lzma`, `.tar.xz`, `.tar.zst`, `.tar`, `.tbz`, `.tgz`, `.tlz`, or `.txz`))
DEBUG Skipping file for numpy: "numpy-1.5.1.win32-py2.7-nosse.exe" (not a wheel or source distribution archive (expected one of `.whl`, `.tar.gz`, `.zip`, `.tar.bz2`, `.tar.lz`, `.tar.lzma`, `.tar.xz`, `.tar.zst`, `.tar`, `.tbz`, `.tgz`, `.tlz`, or `.txz`))
DEBUG Skipping file for numpy: "numpy-1.5.1.win32-py3.1-nosse.exe" (not a wheel or source distribution archive (expected one of `.whl`, `.tar.gz`, `.zip`, `.tar.bz2`, `.tar.lz`, `.tar.lzma`, `.tar.xz`, `.tar.zst`, `.tar`, `.tbz`, `.tgz`, `.tlz`, or `.txz`))
DEBUG Skipping file for numpy: "numpy-1.6.0.win32-py2.5.exe" (not a wheel or source distribution archive (expected one of `.whl`, `.tar.gz`, `.zip`, `.tar.bz2`, `.tar.lz`, `.tar.lzma`, `.tar.xz`, `.tar.zst`, `.tar`, `.tbz`, `.tgz`, `.tlz`, or `.txz`))
DEBUG Skipping file for numpy: "numpy-1.6.0.win32-py2.6.exe" (not a wheel or source distribution archive (expected one of `.whl`, `.tar.gz`, `.zip`, `.tar.bz2`, `.tar.lz`, `.tar.lzma`, `.tar.xz`, `.tar.zst`, `.tar`, `.tbz`, `.tgz`, `.tlz`, or `.txz`))
DEBUG Skipping file for numpy: "numpy-1.6.0.win32-py2.7.exe" (not a wheel or source distribution archive (expected one of `.whl`, `.tar.gz`, `.zip`, `.tar.bz2`, `.tar.lz`, `.tar.lzma`, `.tar.xz`, `.tar.zst`, `.tar`, `.tbz`, `.tgz`, `.tlz`, or `.txz`))
DEBUG Skipping file for numpy: "numpy-1.6.0.win32-py3.1.exe" (not a wheel or source distribution archive (expected one of `.whl`, `.tar.gz`, `.zip`, `.tar.bz2`, `.tar.lz`, `.tar.lzma`, `.tar.xz`, `.tar.zst`, `.tar`, `.tbz`, `.tgz`, `.tlz`, or `.txz`))
DEBUG Skipping file for numpy: "numpy-1.6.0.win32-py3.2.exe" (not a wheel or source distribution archive (expected one of `.whl`, `.tar.gz`, `.zip`, `.tar.bz2`, `.tar.lz`, `.tar.lzma`, `.tar.xz`, `.tar.zst`, `.tar`, `.tbz`, `.tgz`, `.tlz`, or `.txz`))
DEBUG Skipping file for numpy: "numpy-1.6.1.win32-py2.5.exe" (not a wheel or source distribution archive (expected one of `.whl`, `.tar.gz`, `.zip`, `.tar.bz2`, `.tar.lz`, `.tar.lzma`, `.tar.xz`, `.tar.zst`, `.tar`, `.tbz`, `.tgz`, `.tlz`, or `.txz`))
DEBUG Skipping file for numpy: "numpy-1.6.1.win32-py2.6.exe" (not a wheel or source distribution archive (expected one of `.whl`, `.tar.gz`, `.zip`, `.tar.bz2`, `.tar.lz`, `.tar.lzma`, `.tar.xz`, `.tar.zst`, `.tar`, `.tbz`, `.tgz`, `.tlz`, or `.txz`))
DEBUG Skipping file for numpy: "numpy-1.6.1.win32-py2.7.exe" (not a wheel or source distribution archive (expected one of `.whl`, `.tar.gz`, `.zip`, `.tar.bz2`, `.tar.lz`, `.tar.lzma`, `.tar.xz`, `.tar.zst`, `.tar`, `.tbz`, `.tgz`, `.tlz`, or `.txz`))
DEBUG Skipping file for numpy: "numpy-1.6.1.win32-py3.1.exe" (not a wheel or source distribution archive (expected one of `.whl`, `.tar.gz`, `.zip`, `.tar.bz2`, `.tar.lz`, `.tar.lzma`, `.tar.xz`, `.tar.zst`, `.tar`, `.tbz`, `.tgz`, `.tlz`, or `.txz`))
DEBUG Skipping file for numpy: "numpy-1.6.1.win32-py3.2.exe" (not a wheel or source distribution archive (expected one of `.whl`, `.tar.gz`, `.zip`, `.tar.bz2`, `.tar.lz`, `.tar.lzma`, `.tar.xz`, `.tar.zst`, `.tar`, `.tbz`, `.tgz`, `.tlz`, or `.txz`))
DEBUG Skipping file for numpy: "numpy-1.6.2.win32-py2.5.exe" (not a wheel or source distribution archive (expected one of `.whl`, `.tar.gz`, `.zip`, `.tar.bz2`, `.tar.lz`, `.tar.lzma`, `.tar.xz`, `.tar.zst`, `.tar`, `.tbz`, `.tgz`, `.tlz`, or `.txz`))
DEBUG Skipping file for numpy: "numpy-1.6.2.win32-py2.6.exe" (not a wheel or source distribution archive (expected one of `.whl`, `.tar.gz`, `.zip`, `.tar.bz2`, `.tar.lz`, `.tar.lzma`, `.tar.xz`, `.tar.zst`, `.tar`, `.tbz`, `.tgz`, `.tlz`, or `.txz`))
DEBUG Skipping file for numpy: "numpy-1.6.2.win32-py2.7.exe" (not a wheel or source distribution archive (expected one of `.whl`, `.tar.gz`, `.zip`, `.tar.bz2`, `.tar.lz`, `.tar.lzma`, `.tar.xz`, `.tar.zst`, `.tar`, `.tbz`, `.tgz`, `.tlz`, or `.txz`))
DEBUG Skipping file for numpy: "numpy-1.6.2.win32-py3.1.exe" (not a wheel or source distribution archive (expected one of `.whl`, `.tar.gz`, `.zip`, `.tar.bz2`, `.tar.lz`, `.tar.lzma`, `.tar.xz`, `.tar.zst`, `.tar`, `.tbz`, `.tgz`, `.tlz`, or `.txz`))
DEBUG Skipping file for numpy: "numpy-1.6.2.win32-py3.2.exe" (not a wheel or source distribution archive (expected one of `.whl`, `.tar.gz`, `.zip`, `.tar.bz2`, `.tar.lz`, `.tar.lzma`, `.tar.xz`, `.tar.zst`, `.tar`, `.tbz`, `.tgz`, `.tlz`, or `.txz`))
DEBUG Skipping file for numpy: "numpy-1.7.0.win32-py2.5.exe" (not a wheel or source distribution archive (expected one of `.whl`, `.tar.gz`, `.zip`, `.tar.bz2`, `.tar.lz`, `.tar.lzma`, `.tar.xz`, `.tar.zst`, `.tar`, `.tbz`, `.tgz`, `.tlz`, or `.txz`))
DEBUG Skipping file for numpy: "numpy-1.7.0.win32-py2.6.exe" (not a wheel or source distribution archive (expected one of `.whl`, `.tar.gz`, `.zip`, `.tar.bz2`, `.tar.lz`, `.tar.lzma`, `.tar.xz`, `.tar.zst`, `.tar`, `.tbz`, `.tgz`, `.tlz`, or `.txz`))
DEBUG Skipping file for numpy: "numpy-1.7.0.win32-py2.7.exe" (not a wheel or source distribution archive (expected one of `.whl`, `.tar.gz`, `.zip`, `.tar.bz2`, `.tar.lz`, `.tar.lzma`, `.tar.xz`, `.tar.zst`, `.tar`, `.tbz`, `.tgz`, `.tlz`, or `.txz`))
DEBUG Skipping file for numpy: "numpy-1.7.0.win32-py3.1.exe" (not a wheel or source distribution archive (expected one of `.whl`, `.tar.gz`, `.zip`, `.tar.bz2`, `.tar.lz`, `.tar.lzma`, `.tar.xz`, `.tar.zst`, `.tar`, `.tbz`, `.tgz`, `.tlz`, or `.txz`))
DEBUG Skipping file for numpy: "numpy-1.7.0.win32-py3.2.exe" (not a wheel or source distribution archive (expected one of `.whl`, `.tar.gz`, `.zip`, `.tar.bz2`, `.tar.lz`, `.tar.lzma`, `.tar.xz`, `.tar.zst`, `.tar`, `.tbz`, `.tgz`, `.tlz`, or `.txz`))
DEBUG Skipping file for numpy: "numpy-1.7.0.win32-py3.3.exe" (not a wheel or source distribution archive (expected one of `.whl`, `.tar.gz`, `.zip`, `.tar.bz2`, `.tar.lz`, `.tar.lzma`, `.tar.xz`, `.tar.zst`, `.tar`, `.tbz`, `.tgz`, `.tlz`, or `.txz`))
DEBUG Skipping file for numpy: "numpy-1.7.1.win32-py2.5.exe" (not a wheel or source distribution archive (expected one of `.whl`, `.tar.gz`, `.zip`, `.tar.bz2`, `.tar.lz`, `.tar.lzma`, `.tar.xz`, `.tar.zst`, `.tar`, `.tbz`, `.tgz`, `.tlz`, or `.txz`))
DEBUG Skipping file for numpy: "numpy-1.7.1.win32-py2.6.exe" (not a wheel or source distribution archive (expected one of `.whl`, `.tar.gz`, `.zip`, `.tar.bz2`, `.tar.lz`, `.tar.lzma`, `.tar.xz`, `.tar.zst`, `.tar`, `.tbz`, `.tgz`, `.tlz`, or `.txz`))
DEBUG Skipping file for numpy: "numpy-1.7.1.win32-py2.7.exe" (not a wheel or source distribution archive (expected one of `.whl`, `.tar.gz`, `.zip`, `.tar.bz2`, `.tar.lz`, `.tar.lzma`, `.tar.xz`, `.tar.zst`, `.tar`, `.tbz`, `.tgz`, `.tlz`, or `.txz`))
DEBUG Skipping file for numpy: "numpy-1.7.1.win32-py3.1.exe" (not a wheel or source distribution archive (expected one of `.whl`, `.tar.gz`, `.zip`, `.tar.bz2`, `.tar.lz`, `.tar.lzma`, `.tar.xz`, `.tar.zst`, `.tar`, `.tbz`, `.tgz`, `.tlz`, or `.txz`))
DEBUG Skipping file for numpy: "numpy-1.7.1.win32-py3.2.exe" (not a wheel or source distribution archive (expected one of `.whl`, `.tar.gz`, `.zip`, `.tar.bz2`, `.tar.lz`, `.tar.lzma`, `.tar.xz`, `.tar.zst`, `.tar`, `.tbz`, `.tgz`, `.tlz`, or `.txz`))
DEBUG Skipping file for numpy: "numpy-1.7.1.win32-py3.3.exe" (not a wheel or source distribution archive (expected one of `.whl`, `.tar.gz`, `.zip`, `.tar.bz2`, `.tar.lz`, `.tar.lzma`, `.tar.xz`, `.tar.zst`, `.tar`, `.tbz`, `.tgz`, `.tlz`, or `.txz`))
DEBUG Searching for a compatible version of numpy (>=1.21.3)
DEBUG Selecting: numpy==2.5.3 [installed] (installed)
DEBUG Searching for a compatible version of scipy (*)
DEBUG Selecting: scipy==1.18.1 [installed] (installed)
DEBUG Adding transitive dependency for scipy==1.18.1: numpy>=2.0.0, <2.8
DEBUG Tried 4 versions: lightgbm 1, narwhals 1, numpy 1, scipy 1
DEBUG marker environment resolution took 0.508s
Resolved 4 packages in 509ms
DEBUG Requirement already installed: scipy==1.18.1
DEBUG Requirement already installed: narwhals==2.26.0
DEBUG Requirement already installed: numpy==2.5.3
DEBUG Identified uncached distribution: lightgbm==4.7.0
DEBUG Unnecessary package: anyio==4.15.1
DEBUG Unnecessary package: autots==1.0.4
DEBUG Unnecessary package: catboost==1.2.10
DEBUG Unnecessary package: certifi==2026.7.22
DEBUG Unnecessary package: click==8.5.0
DEBUG Unnecessary package: cloudpickle==3.1.2
DEBUG Unnecessary package: contourpy==1.3.3
DEBUG Unnecessary package: cuda-bindings==12.9.7
DEBUG Unnecessary package: cuda-pathfinder==1.6.0
DEBUG Unnecessary package: cuda-toolkit==12.8.1
DEBUG Unnecessary package: cupy-cuda12x==14.2.0
DEBUG Unnecessary package: cycler==0.12.1
DEBUG Unnecessary package: duckdb==1.5.5
DEBUG Unnecessary package: filelock==3.32.3
DEBUG Unnecessary package: fonttools==4.65.0
DEBUG Unnecessary package: formulaic==1.2.2
DEBUG Unnecessary package: fsspec==2026.7.0
DEBUG Unnecessary package: graphviz==0.21
DEBUG Unnecessary package: h11==0.16.0
DEBUG Unnecessary package: hf-xet==1.6.0
DEBUG Unnecessary package: httpcore==1.0.9
DEBUG Unnecessary package: httpx==0.28.1
DEBUG Unnecessary package: huggingface-hub==1.31.0
DEBUG Unnecessary package: idna==3.19
DEBUG Unnecessary package: interface-meta==2.0.1
DEBUG Unnecessary package: jinja2==3.1.6
DEBUG Unnecessary package: joblib==1.6.0
DEBUG Unnecessary package: kiwisolver==1.5.1
DEBUG Unnecessary package: markupsafe==3.0.3
DEBUG Unnecessary package: matplotlib==3.11.1
DEBUG Unnecessary package: mpmath==1.3.0
DEBUG Unnecessary package: networkx==3.6.1
DEBUG Unnecessary package: nvidia-cublas-cu12==12.8.4.1
DEBUG Unnecessary package: nvidia-cuda-cupti-cu12==12.8.90
DEBUG Unnecessary package: nvidia-cuda-nvrtc-cu12==12.8.93
DEBUG Unnecessary package: nvidia-cuda-runtime-cu12==12.8.90
DEBUG Unnecessary package: nvidia-cudnn-cu12==9.19.0.56
DEBUG Unnecessary package: nvidia-cufft-cu12==11.3.3.83
DEBUG Unnecessary package: nvidia-cufile-cu12==1.13.1.3
DEBUG Unnecessary package: nvidia-curand-cu12==10.3.9.90
DEBUG Unnecessary package: nvidia-cusolver-cu12==11.7.3.90
DEBUG Unnecessary package: nvidia-cusparse-cu12==12.5.8.93
DEBUG Unnecessary package: nvidia-cusparselt-cu12==0.7.1
DEBUG Unnecessary package: nvidia-nccl-cu12==2.28.9
DEBUG Unnecessary package: nvidia-nccl-cu13==2.31.2
DEBUG Unnecessary package: nvidia-nvjitlink-cu12==12.8.93
DEBUG Unnecessary package: nvidia-nvshmem-cu12==3.4.5
DEBUG Unnecessary package: nvidia-nvtx-cu12==12.8.90
DEBUG Unnecessary package: packaging==26.3
DEBUG Unnecessary package: pandas==3.0.5
DEBUG Unnecessary package: patsy==1.0.3
DEBUG Unnecessary package: pillow==12.3.0
DEBUG Unnecessary package: plotly==7.0.0
DEBUG Unnecessary package: pyarrow==25.0.1
DEBUG Unnecessary package: pyparsing==3.3.2
DEBUG Unnecessary package: python-dateutil==2.9.0.post0
DEBUG Unnecessary package: pyyaml==6.0.3
DEBUG Unnecessary package: safetensors==0.8.0
DEBUG Unnecessary package: scikit-learn==1.9.0
DEBUG Unnecessary package: setuptools==78.1.0
DEBUG Unnecessary package: six==1.17.0
DEBUG Unnecessary package: sortedcontainers==2.4.0
DEBUG Unnecessary package: statsmodels==0.15.0
DEBUG Unnecessary package: sympy==1.14.0
DEBUG Unnecessary package: threadpoolctl==3.6.0
DEBUG Unnecessary package: timesfm==2.0.2
DEBUG Unnecessary package: torch==2.11.0+cu128
DEBUG Unnecessary package: tqdm==4.70.0
DEBUG Unnecessary package: triton==3.6.0
DEBUG Unnecessary package: typing-extensions==4.16.0
DEBUG Unnecessary package: wrapt==2.4.0
DEBUG Unnecessary package: xgboost==3.4.1
DEBUG No cache entry for: https://files.pythonhosted.org/packages/63/8e/4db5e29290d7e619c307fdb8dab0a0514090af2ce3ec483050e024ec6126/lightgbm-4.7.0.tar.gz
DEBUG Sending fresh GET request for: https://files.pythonhosted.org/packages/63/8e/4db5e29290d7e619c307fdb8dab0a0514090af2ce3ec483050e024ec6126/lightgbm-4.7.0.tar.gz
DEBUG Downloading source distribution: lightgbm==4.7.0
   Building lightgbm==4.7.0
DEBUG Building: lightgbm==4.7.0
DEBUG Assessing Python executable as base candidate: /usr/bin/python3.12
DEBUG Creating build environment for: lightgbm==4.7.0
DEBUG Project is contained in cache directory: `/tmp/.tmpogcIvy/sdists-v9/pypi/lightgbm/4.7.0/insGUydc4PW9vJoP/src`
DEBUG No workspace root found, using project root
DEBUG Using base executable for virtual environment: /usr/bin/python3.12
DEBUG Resolving build requirements
DEBUG Solving with installed Python version: 3.12.3
DEBUG Solving with target Python version: >=3.12.3
DEBUG Adding direct dependency: scikit-build-core>=0.11.0
DEBUG No cache entry for: https://pypi.org/simple/scikit-build-core/
DEBUG Sending fresh GET request for: https://pypi.org/simple/scikit-build-core/
DEBUG Searching for a compatible version of scikit-build-core (>=0.11.0)
DEBUG Selecting: scikit-build-core==1.0.3 [compatible] (scikit_build_core-1.0.3-py3-none-any.whl)
DEBUG No cache entry for: https://files.pythonhosted.org/packages/b7/b0/7ad8fa9aebb0835b2e20afebf1483cbe175d1612fe01e85042ce9ced8755/scikit_build_core-1.0.3-py3-none-any.whl.metadata
DEBUG Sending fresh GET request for: https://files.pythonhosted.org/packages/b7/b0/7ad8fa9aebb0835b2e20afebf1483cbe175d1612fe01e85042ce9ced8755/scikit_build_core-1.0.3-py3-none-any.whl.metadata
DEBUG Adding transitive dependency for scikit-build-core==1.0.3: packaging>=23.2
DEBUG Adding transitive dependency for scikit-build-core==1.0.3: pathspec>=0.12.0
DEBUG No cache entry for: https://pypi.org/simple/packaging/
DEBUG Sending fresh GET request for: https://pypi.org/simple/packaging/
DEBUG No cache entry for: https://pypi.org/simple/pathspec/
DEBUG Sending fresh GET request for: https://pypi.org/simple/pathspec/
DEBUG Searching for a compatible version of packaging (>=23.2)
DEBUG Selecting: packaging==26.3 [compatible] (packaging-26.3-py3-none-any.whl)
DEBUG No cache entry for: https://files.pythonhosted.org/packages/f1/d9/7fb5aa316bc299258e68c73ba3bddbc499654a07f151cba08f6153988714/pathspec-1.1.1-py3-none-any.whl.metadata
DEBUG Sending fresh GET request for: https://files.pythonhosted.org/packages/f1/d9/7fb5aa316bc299258e68c73ba3bddbc499654a07f151cba08f6153988714/pathspec-1.1.1-py3-none-any.whl.metadata
DEBUG No cache entry for: https://files.pythonhosted.org/packages/63/34/ba1c580383c9eada3711951fef0795c80b829a078d72188184bcab9dd527/packaging-26.3-py3-none-any.whl.metadata
DEBUG Sending fresh GET request for: https://files.pythonhosted.org/packages/63/34/ba1c580383c9eada3711951fef0795c80b829a078d72188184bcab9dd527/packaging-26.3-py3-none-any.whl.metadata
DEBUG Searching for a compatible version of pathspec (>=0.12.0)
DEBUG Selecting: pathspec==1.1.1 [compatible] (pathspec-1.1.1-py3-none-any.whl)
DEBUG Tried 3 versions: packaging 1, pathspec 1, scikit-build-core 1
DEBUG marker environment resolution took 0.139s
DEBUG Installing in pathspec==1.1.1, scikit-build-core==1.0.3, packaging==26.3 in /tmp/.tmpogcIvy/builds-v0/.tmpWvG0gP
DEBUG Identified uncached distribution: pathspec==1.1.1
DEBUG Identified uncached distribution: scikit-build-core==1.0.3
DEBUG Identified uncached distribution: packaging==26.3
DEBUG Downloading and building requirements for build: pathspec==1.1.1, scikit-build-core==1.0.3, packaging==26.3
DEBUG No cache entry for: https://files.pythonhosted.org/packages/b7/b0/7ad8fa9aebb0835b2e20afebf1483cbe175d1612fe01e85042ce9ced8755/scikit_build_core-1.0.3-py3-none-any.whl
DEBUG Sending fresh GET request for: https://files.pythonhosted.org/packages/b7/b0/7ad8fa9aebb0835b2e20afebf1483cbe175d1612fe01e85042ce9ced8755/scikit_build_core-1.0.3-py3-none-any.whl
DEBUG No cache entry for: https://files.pythonhosted.org/packages/f1/d9/7fb5aa316bc299258e68c73ba3bddbc499654a07f151cba08f6153988714/pathspec-1.1.1-py3-none-any.whl
DEBUG Sending fresh GET request for: https://files.pythonhosted.org/packages/f1/d9/7fb5aa316bc299258e68c73ba3bddbc499654a07f151cba08f6153988714/pathspec-1.1.1-py3-none-any.whl
DEBUG No cache entry for: https://files.pythonhosted.org/packages/63/34/ba1c580383c9eada3711951fef0795c80b829a078d72188184bcab9dd527/packaging-26.3-py3-none-any.whl
DEBUG Sending fresh GET request for: https://files.pythonhosted.org/packages/63/34/ba1c580383c9eada3711951fef0795c80b829a078d72188184bcab9dd527/packaging-26.3-py3-none-any.whl
DEBUG Installing build requirements: packaging==26.3, pathspec==1.1.1, scikit-build-core==1.0.3
DEBUG Creating PEP 517 build environment
DEBUG Calling `scikit_build_core.build.get_requires_for_build_wheel()`
DEBUG Calling `scikit_build_core.build.build_wheel(__import__("os").fsdecode(b"/tmp/.tmpogcIvy/builds-v0/.tmp5cHNc6"), {"cmake.define.USE_CUDA":"ON"}, None)`
DEBUG 2026-09-10 16:19:27,936 - scikit_build_core - INFO - RUN: /usr/bin/cmake -E capabilities
DEBUG 2026-09-10 16:19:27,947 - scikit_build_core - INFO - CMake version: 3.28.3
DEBUG *** scikit-build-core 1.0.3 using CMake 3.28.3 (wheel)
DEBUG 2026-09-10 16:19:27,948 - scikit_build_core - INFO - Implementation: cpython linux on x86_64
DEBUG 2026-09-10 16:19:27,950 - scikit_build_core - INFO - Build directory: /tmp/tmphwghy5xb/build
DEBUG *** Configuring CMake...
DEBUG 2026-09-10 16:19:27,964 - scikit_build_core - INFO - RUN: /usr/bin/ninja --version
DEBUG 2026-09-10 16:19:27,968 - scikit_build_core - INFO - Ninja version: 1.11.1
DEBUG 2026-09-10 16:19:27,970 - scikit_build_core - INFO - RUN: /usr/bin/cmake -S. -B/tmp/tmphwghy5xb/build -DCMAKE_BUILD_TYPE:STRING=Release -C/tmp/tmphwghy5xb/build/CMakeInit.txt -DCMAKE_INSTALL_PREFIX=/tmp/tmphwghy5xb/wheel/platlib -DCMAKE_MAKE_PROGRAM=/usr/bin/ninja -D__BUILD_FOR_PYTHON=ON -DUSE_CUDA=ON
DEBUG loading initial cache file /tmp/tmphwghy5xb/build/CMakeInit.txt
DEBUG -- The C compiler identification is GNU 13.3.0
DEBUG -- The CXX compiler identification is GNU 13.3.0
DEBUG -- Detecting C compiler ABI info
DEBUG -- Detecting C compiler ABI info - done
DEBUG -- Check for working C compiler: /usr/bin/x86_64-linux-gnu-gcc - skipped
DEBUG -- Detecting C compile features
DEBUG -- Detecting C compile features - done
DEBUG -- Detecting CXX compiler ABI info
DEBUG -- Detecting CXX compiler ABI info - done
DEBUG -- Check for working CXX compiler: /usr/bin/x86_64-linux-gnu-g++ - skipped
DEBUG -- Detecting CXX compile features
DEBUG -- Detecting CXX compile features - done
DEBUG -- Building using CMake version: 3.28.3
DEBUG -- Found CUDAToolkit: /usr/local/cuda/targets/x86_64-linux/include (found suitable version "12.8.93", minimum required is "11.8") 
DEBUG -- Performing Test CMAKE_HAVE_LIBC_PTHREAD
DEBUG -- Performing Test CMAKE_HAVE_LIBC_PTHREAD - Success
DEBUG -- Found Threads: TRUE  
DEBUG -- CMAKE_CUDA_ARCHITECTURES: 60-real;61-real;70-real;80-real;86-real;89-real;90-real;100-real;120-real;120-virtual
DEBUG -- The CUDA compiler identification is NVIDIA 12.8.93
DEBUG -- Detecting CUDA compiler ABI info
DEBUG -- Detecting CUDA compiler ABI info - done
DEBUG -- Check for working CUDA compiler: /usr/local/cuda/bin/nvcc - skipped
DEBUG -- Detecting CUDA compile features
DEBUG -- Detecting CUDA compile features - done
DEBUG -- Found OpenMP_C: -fopenmp (found version "4.5") 
DEBUG -- Found OpenMP_CXX: -fopenmp (found version "4.5") 
DEBUG -- Found OpenMP: TRUE (found version "4.5")  
DEBUG -- Using nccl library: /usr/lib/x86_64-linux-gnu/libnccl_static.a
DEBUG -- Found NCCL: /usr/include  
DEBUG -- CMAKE_CUDA_FLAGS:  -Xcompiler=-fopenmp -Xcompiler=-fPIC -Xcompiler=-Wall -O3 -lineinfo
DEBUG -- Performing Test MM_PREFETCH
DEBUG -- Performing Test MM_PREFETCH - Success
DEBUG -- Using _mm_prefetch
DEBUG -- Performing Test MM_MALLOC
DEBUG -- Performing Test MM_MALLOC - Success
DEBUG -- Using _mm_malloc
DEBUG -- Configuring done (7.1s)
DEBUG -- Generating done (0.0s)
DEBUG -- Build files have been written to: /tmp/tmphwghy5xb/build
DEBUG *** Building project with Ninja...
DEBUG 2026-09-10 16:19:35,123 - scikit_build_core - INFO - RUN: /usr/bin/cmake --build /tmp/tmphwghy5xb/build --target _lightgbm
DEBUG [1/76] Building CXX object CMakeFiles/lightgbm_objs.dir/src/network/linkers_mpi.cpp.o
DEBUG [2/76] Building CXX object CMakeFiles/lightgbm_objs.dir/src/treelearner/gpu_tree_learner.cpp.o
DEBUG [3/76] Building C object external_libs/nanoarrow/CMakeFiles/nanoarrow_static.dir/src/nanoarrow/common/array_stream.c.o
DEBUG [4/76] Building C object external_libs/nanoarrow/CMakeFiles/nanoarrow_static.dir/src/nanoarrow/common/utils.c.o
DEBUG [5/76] Building CXX object CMakeFiles/lightgbm_objs.dir/src/utils/openmp_wrapper.cpp.o
DEBUG [6/76] Building C object external_libs/nanoarrow/CMakeFiles/nanoarrow_static.dir/src/nanoarrow/common/schema.c.o
DEBUG [7/76] Building C object external_libs/nanoarrow/CMakeFiles/nanoarrow_static.dir/src/nanoarrow/common/array.c.o
DEBUG [8/76] Building CXX object CMakeFiles/lightgbm_objs.dir/src/io/file_io.cpp.o
DEBUG [9/76] Building CXX object CMakeFiles/lightgbm_objs.dir/src/boosting/prediction_early_stop.cpp.o
DEBUG [10/76] Linking C static library external_libs/nanoarrow/libnanoarrow_static.a
DEBUG [11/76] Building CXX object CMakeFiles/lightgbm_objs.dir/src/cuda/cuda_utils.cpp.o
DEBUG [12/76] Building CXX object CMakeFiles/lightgbm_objs.dir/src/io/cuda/cuda_metadata.cpp.o
DEBUG [13/76] Building CXX object CMakeFiles/lightgbm_objs.dir/src/network/linker_topo.cpp.o
DEBUG [14/76] Building CXX object CMakeFiles/lightgbm_objs.dir/src/treelearner/cuda/cuda_leaf_splits.cpp.o
DEBUG [15/76] Building CXX object CMakeFiles/lightgbm_objs.dir/src/io/cuda/cuda_column_data.cpp.o
DEBUG [16/76] Building CXX object CMakeFiles/lightgbm_objs.dir/src/metric/dcg_calculator.cpp.o
DEBUG [17/76] Building CXX object CMakeFiles/lightgbm_objs.dir/src/io/train_share_states.cpp.o
DEBUG [18/76] Building CXX object CMakeFiles/lightgbm_objs.dir/src/network/network.cpp.o
DEBUG [19/76] Building CXX object CMakeFiles/lightgbm_objs.dir/src/boosting/cuda/cuda_score_updater.cpp.o
DEBUG [20/76] Building CXX object CMakeFiles/lightgbm_objs.dir/src/treelearner/cuda/cuda_histogram_constructor.cpp.o
DEBUG [21/76] Building CXX object CMakeFiles/lightgbm_objs.dir/src/objective/cuda/cuda_binary_objective.cpp.o
DEBUG [22/76] Building CXX object CMakeFiles/lightgbm_objs.dir/src/boosting/gbdt_prediction.cpp.o
DEBUG [23/76] Building CXX object CMakeFiles/lightgbm_objs.dir/src/treelearner/cuda/cuda_best_split_finder.cpp.o
DEBUG [24/76] Building CXX object CMakeFiles/lightgbm_objs.dir/src/io/json11.cpp.o
DEBUG [25/76] Building CXX object CMakeFiles/lightgbm_objs.dir/src/metric/cuda/cuda_binary_metric.cpp.o
DEBUG [26/76] Building CXX object CMakeFiles/lightgbm_objs.dir/src/io/cuda/cuda_tree.cpp.o
DEBUG [27/76] Building CXX object CMakeFiles/lightgbm_objs.dir/src/network/linkers_socket.cpp.o
DEBUG [28/76] Building CXX object CMakeFiles/lightgbm_objs.dir/src/treelearner/cuda/cuda_data_partition.cpp.o
DEBUG [29/76] Building CXX object CMakeFiles/lightgbm_objs.dir/src/metric/cuda/cuda_pointwise_metric.cpp.o
DEBUG [30/76] Building CXX object CMakeFiles/lightgbm_objs.dir/src/objective/cuda/cuda_rank_objective.cpp.o
DEBUG [31/76] Building CXX object CMakeFiles/lightgbm_objs.dir/src/objective/cuda/cuda_multiclass_objective.cpp.o
DEBUG [32/76] Building CXX object CMakeFiles/lightgbm_objs.dir/src/boosting/sample_strategy.cpp.o
DEBUG [33/76] Building CXX object CMakeFiles/lightgbm_objs.dir/src/io/parser.cpp.o
DEBUG [34/76] Building CXX object CMakeFiles/lightgbm_objs.dir/src/io/config.cpp.o
DEBUG [35/76] Building CXX object CMakeFiles/lightgbm_objs.dir/src/io/cuda/cuda_row_data.cpp.o
DEBUG [36/76] Building CXX object CMakeFiles/lightgbm_objs.dir/src/io/config_auto.cpp.o
DEBUG [37/76] Building CXX object CMakeFiles/lightgbm_objs.dir/src/metric/cuda/cuda_regression_metric.cpp.o
DEBUG [38/76] Building CXX object CMakeFiles/lightgbm_objs.dir/src/treelearner/gradient_discretizer.cpp.o
DEBUG [39/76] Building CXX object CMakeFiles/lightgbm_objs.dir/src/treelearner/feature_parallel_tree_learner.cpp.o
DEBUG [40/76] Building CXX object CMakeFiles/lightgbm_objs.dir/src/treelearner/tree_learner.cpp.o
DEBUG [41/76] Building CXX object CMakeFiles/lightgbm_objs.dir/src/objective/cuda/cuda_regression_objective.cpp.o
DEBUG [42/76] Building CXX object CMakeFiles/lightgbm_objs.dir/src/boosting/gbdt_model_text.cpp.o
DEBUG [43/76] Building CXX object CMakeFiles/lightgbm_objs.dir/src/boosting/gbdt.cpp.o
DEBUG [44/76] Building CXX object CMakeFiles/lightgbm_objs.dir/src/io/dataset_loader.cpp.o
DEBUG [45/76] Building CXX object CMakeFiles/lightgbm_objs.dir/src/treelearner/data_parallel_tree_learner.cpp.o
DEBUG [46/76] Building CXX object CMakeFiles/lightgbm_objs.dir/src/treelearner/cuda/cuda_single_gpu_tree_learner.cpp.o
DEBUG [47/76] Building CXX object CMakeFiles/lightgbm_objs.dir/src/boosting/boosting.cpp.o
DEBUG [48/76] Building CXX object CMakeFiles/lightgbm_objs.dir/src/boosting/cuda/nccl_gbdt.cpp.o
DEBUG [49/76] Building CXX object CMakeFiles/lightgbm_objs.dir/src/objective/objective_function.cpp.o
DEBUG [50/76] Building CXX object CMakeFiles/lightgbm_objs.dir/src/io/metadata.cpp.o
DEBUG [51/76] Building CXX object CMakeFiles/lightgbm_objs.dir/src/io/dataset.cpp.o
DEBUG [52/76] Building CXX object CMakeFiles/lightgbm_objs.dir/src/metric/metric.cpp.o
DEBUG [53/76] Building CXX object CMakeFiles/lightgbm_objs.dir/src/io/tree.cpp.o
DEBUG [54/76] Building CXX object CMakeFiles/lightgbm_capi_objs.dir/src/c_api.cpp.o
DEBUG [55/76] Building CXX object CMakeFiles/lightgbm_objs.dir/src/treelearner/linear_tree_learner.cpp.o
DEBUG [56/76] Building CXX object CMakeFiles/lightgbm_objs.dir/src/io/bin.cpp.o
DEBUG [57/76] Building CUDA object CMakeFiles/lightgbm_objs.dir/src/io/cuda/cuda_column_data.cu.o
DEBUG nvcc warning : Support for offline compilation for architectures prior to '<compute/sm/lto>_75' will be removed in a future release (Use -Wno-deprecated-gpu-targets to suppress warning).
DEBUG /tmp/.tmpogcIvy/sdists-v9/pypi/lightgbm/4.7.0/insGUydc4PW9vJoP/src/external_libs/fmt/include/fmt/base.h(472): warning #128-D: loop is not reachable
DEBUG     for (; n != 0; ++s1, ++s2, --n) {
DEBUG     ^
DEBUG           detected during:
DEBUG             instantiation of "auto fmt::v11::detail::compare(const Char *, const Char *, std::size_t)->int [with Char=char]" at line 591
DEBUG             instantiation of "auto fmt::v11::basic_string_view<Char>::compare(fmt::v11::basic_string_view<Char>) const->int [with Char=char]" at line 598
DEBUG             instantiation of class "fmt::v11::basic_string_view<Char> [with Char=char]" at line 2612
DEBUG             instantiation of "auto fmt::v11::basic_format_args<Context>::get_id(fmt::v11::basic_string_view<Char>) const->int [with Context=fmt::v11::context, Char=char]" at line 2655
DEBUG 
DEBUG Remark: The warnings can be suppressed with "-diag-suppress <warning-number>"
DEBUG 
DEBUG /tmp/.tmpogcIvy/sdists-v9/pypi/lightgbm/4.7.0/insGUydc4PW9vJoP/src/external_libs/fmt/include/fmt/format.h(2594): warning #2417-D: constexpr constructor calls non-constexpr function "fmt::v11::basic_memory_buffer<T, SIZE, Allocator>::basic_memory_buffer(const Allocator &) [with T=fmt::v11::detail::bigint::bigit, SIZE=32UL, Allocator=fmt::v11::detail::allocator<fmt::v11::detail::bigint::bigit>]"
DEBUG     constexpr bigint() : exp_(0) {}
DEBUG                                  ^
DEBUG 
DEBUG /tmp/.tmpogcIvy/sdists-v9/pypi/lightgbm/4.7.0/insGUydc4PW9vJoP/src/external_libs/fmt/include/fmt/base.h(472): warning #128-D: loop is not reachable
DEBUG     for (; n != 0; ++s1, ++s2, --n) {
DEBUG     ^
DEBUG           detected during:
DEBUG             instantiation of "auto fmt::v11::detail::compare(const Char *, const Char *, std::size_t)->int [with Char=char]" at line 591
DEBUG             instantiation of "auto fmt::v11::basic_string_view<Char>::compare(fmt::v11::basic_string_view<Char>) const->int [with Char=char]" at line 598
DEBUG             instantiation of class "fmt::v11::basic_string_view<Char> [with Char=char]" at line 2612
DEBUG             instantiation of "auto fmt::v11::basic_format_args<Context>::get_id(fmt::v11::basic_string_view<Char>) const->int [with Context=fmt::v11::context, Char=char]" at line 2655
DEBUG 
DEBUG Remark: The warnings can be suppressed with "-diag-suppress <warning-number>"
DEBUG 
DEBUG /tmp/.tmpogcIvy/sdists-v9/pypi/lightgbm/4.7.0/insGUydc4PW9vJoP/src/external_libs/fmt/include/fmt/format.h(2594): warning #2417-D: constexpr constructor calls non-constexpr function "fmt::v11::basic_memory_buffer<T, SIZE, Allocator>::basic_memory_buffer(const Allocator &) [with T=fmt::v11::detail::bigint::bigit, SIZE=32UL, Allocator=fmt::v11::detail::allocator<fmt::v11::detail::bigint::bigit>]"
DEBUG     constexpr bigint() : exp_(0) {}
DEBUG                                  ^
DEBUG 
DEBUG /tmp/.tmpogcIvy/sdists-v9/pypi/lightgbm/4.7.0/insGUydc4PW9vJoP/src/external_libs/fmt/include/fmt/base.h(472): warning #128-D: loop is not reachable
DEBUG     for (; n != 0; ++s1, ++s2, --n) {
DEBUG     ^
DEBUG           detected during:
DEBUG             instantiation of "auto fmt::v11::detail::compare(const Char *, const Char *, std::size_t)->int [with Char=char]" at line 591
DEBUG             instantiation of "auto fmt::v11::basic_string_view<Char>::compare(fmt::v11::basic_string_view<Char>) const->int [with Char=char]" at line 598
DEBUG             instantiation of class "fmt::v11::basic_string_view<Char> [with Char=char]" at line 2612
DEBUG             instantiation of "auto fmt::v11::basic_format_args<Context>::get_id(fmt::v11::basic_string_view<Char>) const->int [with Context=fmt::v11::context, Char=char]" at line 2655
DEBUG 
DEBUG Remark: The warnings can be suppressed with "-diag-suppress <warning-number>"
DEBUG 
DEBUG /tmp/.tmpogcIvy/sdists-v9/pypi/lightgbm/4.7.0/insGUydc4PW9vJoP/src/external_libs/fmt/include/fmt/format.h(2594): warning #2417-D: constexpr constructor calls non-constexpr function "fmt::v11::basic_memory_buffer<T, SIZE, Allocator>::basic_memory_buffer(const Allocator &) [with T=fmt::v11::detail::bigint::bigit, SIZE=32UL, Allocator=fmt::v11::detail::allocator<fmt::v11::detail::bigint::bigit>]"
DEBUG     constexpr bigint() : exp_(0) {}
DEBUG                                  ^
DEBUG 
DEBUG /tmp/.tmpogcIvy/sdists-v9/pypi/lightgbm/4.7.0/insGUydc4PW9vJoP/src/external_libs/fmt/include/fmt/base.h(472): warning #128-D: loop is not reachable
DEBUG     for (; n != 0; ++s1, ++s2, --n) {
DEBUG     ^
DEBUG           detected during:
DEBUG             instantiation of "auto fmt::v11::detail::compare(const Char *, const Char *, std::size_t)->int [with Char=char]" at line 591
DEBUG             instantiation of "auto fmt::v11::basic_string_view<Char>::compare(fmt::v11::basic_string_view<Char>) const->int [with Char=char]" at line 598
DEBUG             instantiation of class "fmt::v11::basic_string_view<Char> [with Char=char]" at line 2612
DEBUG             instantiation of "auto fmt::v11::basic_format_args<Context>::get_id(fmt::v11::basic_string_view<Char>) const->int [with Context=fmt::v11::context, Char=char]" at line 2655
DEBUG 
DEBUG Remark: The warnings can be suppressed with "-diag-suppress <warning-number>"
DEBUG 
DEBUG /tmp/.tmpogcIvy/sdists-v9/pypi/lightgbm/4.7.0/insGUydc4PW9vJoP/src/external_libs/fmt/include/fmt/format.h(2594): warning #2417-D: constexpr constructor calls non-constexpr function "fmt::v11::basic_memory_buffer<T, SIZE, Allocator>::basic_memory_buffer(const Allocator &) [with T=fmt::v11::detail::bigint::bigit, SIZE=32UL, Allocator=fmt::v11::detail::allocator<fmt::v11::detail::bigint::bigit>]"
DEBUG     constexpr bigint() : exp_(0) {}
DEBUG                                  ^
DEBUG 
DEBUG /tmp/.tmpogcIvy/sdists-v9/pypi/lightgbm/4.7.0/insGUydc4PW9vJoP/src/external_libs/fmt/include/fmt/base.h(472): warning #128-D: loop is not reachable
DEBUG     for (; n != 0; ++s1, ++s2, --n) {
DEBUG     ^
DEBUG           detected during:
DEBUG             instantiation of "auto fmt::v11::detail::compare(const Char *, const Char *, std::size_t)->int [with Char=char]" at line 591
DEBUG             instantiation of "auto fmt::v11::basic_string_view<Char>::compare(fmt::v11::basic_string_view<Char>) const->int [with Char=char]" at line 598
DEBUG             instantiation of class "fmt::v11::basic_string_view<Char> [with Char=char]" at line 2612
DEBUG             instantiation of "auto fmt::v11::basic_format_args<Context>::get_id(fmt::v11::basic_string_view<Char>) const->int [with Context=fmt::v11::context, Char=char]" at line 2655
DEBUG 
DEBUG Remark: The warnings can be suppressed with "-diag-suppress <warning-number>"
DEBUG 
DEBUG /tmp/.tmpogcIvy/sdists-v9/pypi/lightgbm/4.7.0/insGUydc4PW9vJoP/src/external_libs/fmt/include/fmt/format.h(2594): warning #2417-D: constexpr constructor calls non-constexpr function "fmt::v11::basic_memory_buffer<T, SIZE, Allocator>::basic_memory_buffer(const Allocator &) [with T=fmt::v11::detail::bigint::bigit, SIZE=32UL, Allocator=fmt::v11::detail::allocator<fmt::v11::detail::bigint::bigit>]"
DEBUG     constexpr bigint() : exp_(0) {}
DEBUG                                  ^
DEBUG 
DEBUG /tmp/.tmpogcIvy/sdists-v9/pypi/lightgbm/4.7.0/insGUydc4PW9vJoP/src/external_libs/fmt/include/fmt/base.h(472): warning #128-D: loop is not reachable
DEBUG     for (; n != 0; ++s1, ++s2, --n) {
DEBUG     ^
DEBUG           detected during:
DEBUG             instantiation of "auto fmt::v11::detail::compare(const Char *, const Char *, std::size_t)->int [with Char=char]" at line 591
DEBUG             instantiation of "auto fmt::v11::basic_string_view<Char>::compare(fmt::v11::basic_string_view<Char>) const->int [with Char=char]" at line 598
DEBUG             instantiation of class "fmt::v11::basic_string_view<Char> [with Char=char]" at line 2612
DEBUG             instantiation of "auto fmt::v11::basic_format_args<Context>::get_id(fmt::v11::basic_string_view<Char>) const->int [with Context=fmt::v11::context, Char=char]" at line 2655
DEBUG 
DEBUG Remark: The warnings can be suppressed with "-diag-suppress <warning-number>"
DEBUG 
DEBUG /tmp/.tmpogcIvy/sdists-v9/pypi/lightgbm/4.7.0/insGUydc4PW9vJoP/src/external_libs/fmt/include/fmt/format.h(2594): warning #2417-D: constexpr constructor calls non-constexpr function "fmt::v11::basic_memory_buffer<T, SIZE, Allocator>::basic_memory_buffer(const Allocator &) [with T=fmt::v11::detail::bigint::bigit, SIZE=32UL, Allocator=fmt::v11::detail::allocator<fmt::v11::detail::bigint::bigit>]"
DEBUG     constexpr bigint() : exp_(0) {}
DEBUG                                  ^
DEBUG 
DEBUG /tmp/.tmpogcIvy/sdists-v9/pypi/lightgbm/4.7.0/insGUydc4PW9vJoP/src/external_libs/fmt/include/fmt/base.h(472): warning #128-D: loop is not reachable
DEBUG     for (; n != 0; ++s1, ++s2, --n) {
DEBUG     ^
DEBUG           detected during:
DEBUG             instantiation of "auto fmt::v11::detail::compare(const Char *, const Char *, std::size_t)->int [with Char=char]" at line 591
DEBUG             instantiation of "auto fmt::v11::basic_string_view<Char>::compare(fmt::v11::basic_string_view<Char>) const->int [with Char=char]" at line 598
DEBUG             instantiation of class "fmt::v11::basic_string_view<Char> [with Char=char]" at line 2612
DEBUG             instantiation of "auto fmt::v11::basic_format_args<Context>::get_id(fmt::v11::basic_string_view<Char>) const->int [with Context=fmt::v11::context, Char=char]" at line 2655
DEBUG 
DEBUG Remark: The warnings can be suppressed with "-diag-suppress <warning-number>"
DEBUG 
DEBUG /tmp/.tmpogcIvy/sdists-v9/pypi/lightgbm/4.7.0/insGUydc4PW9vJoP/src/external_libs/fmt/include/fmt/format.h(2594): warning #2417-D: constexpr constructor calls non-constexpr function "fmt::v11::basic_memory_buffer<T, SIZE, Allocator>::basic_memory_buffer(const Allocator &) [with T=fmt::v11::detail::bigint::bigit, SIZE=32UL, Allocator=fmt::v11::detail::allocator<fmt::v11::detail::bigint::bigit>]"
DEBUG     constexpr bigint() : exp_(0) {}
DEBUG                                  ^
DEBUG 
DEBUG /tmp/.tmpogcIvy/sdists-v9/pypi/lightgbm/4.7.0/insGUydc4PW9vJoP/src/external_libs/fmt/include/fmt/base.h(472): warning #128-D: loop is not reachable
DEBUG     for (; n != 0; ++s1, ++s2, --n) {
DEBUG     ^
DEBUG           detected during:
DEBUG             instantiation of "auto fmt::v11::detail::compare(const Char *, const Char *, std::size_t)->int [with Char=char]" at line 591
DEBUG             instantiation of "auto fmt::v11::basic_string_view<Char>::compare(fmt::v11::basic_string_view<Char>) const->int [with Char=char]" at line 598
DEBUG             instantiation of class "fmt::v11::basic_string_view<Char> [with Char=char]" at line 2612
DEBUG             instantiation of "auto fmt::v11::basic_format_args<Context>::get_id(fmt::v11::basic_string_view<Char>) const->int [with Context=fmt::v11::context, Char=char]" at line 2655
DEBUG 
DEBUG Remark: The warnings can be suppressed with "-diag-suppress <warning-number>"
DEBUG 
DEBUG /tmp/.tmpogcIvy/sdists-v9/pypi/lightgbm/4.7.0/insGUydc4PW9vJoP/src/external_libs/fmt/include/fmt/format.h(2594): warning #2417-D: constexpr constructor calls non-constexpr function "fmt::v11::basic_memory_buffer<T, SIZE, Allocator>::basic_memory_buffer(const Allocator &) [with T=fmt::v11::detail::bigint::bigit, SIZE=32UL, Allocator=fmt::v11::detail::allocator<fmt::v11::detail::bigint::bigit>]"
DEBUG     constexpr bigint() : exp_(0) {}
DEBUG                                  ^
DEBUG 
DEBUG /tmp/.tmpogcIvy/sdists-v9/pypi/lightgbm/4.7.0/insGUydc4PW9vJoP/src/external_libs/fmt/include/fmt/base.h(472): warning #128-D: loop is not reachable
DEBUG     for (; n != 0; ++s1, ++s2, --n) {
DEBUG     ^
DEBUG           detected during:
DEBUG             instantiation of "auto fmt::v11::detail::compare(const Char *, const Char *, std::size_t)->int [with Char=char]" at line 591
DEBUG             instantiation of "auto fmt::v11::basic_string_view<Char>::compare(fmt::v11::basic_string_view<Char>) const->int [with Char=char]" at line 598
DEBUG             instantiation of class "fmt::v11::basic_string_view<Char> [with Char=char]" at line 2612
DEBUG             instantiation of "auto fmt::v11::basic_format_args<Context>::get_id(fmt::v11::basic_string_view<Char>) const->int [with Context=fmt::v11::context, Char=char]" at line 2655
DEBUG 
DEBUG Remark: The warnings can be suppressed with "-diag-suppress <warning-number>"
DEBUG 
DEBUG /tmp/.tmpogcIvy/sdists-v9/pypi/lightgbm/4.7.0/insGUydc4PW9vJoP/src/external_libs/fmt/include/fmt/format.h(2594): warning #2417-D: constexpr constructor calls non-constexpr function "fmt::v11::basic_memory_buffer<T, SIZE, Allocator>::basic_memory_buffer(const Allocator &) [with T=fmt::v11::detail::bigint::bigit, SIZE=32UL, Allocator=fmt::v11::detail::allocator<fmt::v11::detail::bigint::bigit>]"
DEBUG     constexpr bigint() : exp_(0) {}
DEBUG                                  ^
DEBUG 
DEBUG /tmp/.tmpogcIvy/sdists-v9/pypi/lightgbm/4.7.0/insGUydc4PW9vJoP/src/external_libs/fmt/include/fmt/base.h(472): warning #128-D: loop is not reachable
DEBUG     for (; n != 0; ++s1, ++s2, --n) {
DEBUG     ^
DEBUG           detected during:
DEBUG             instantiation of "auto fmt::v11::detail::compare(const Char *, const Char *, std::size_t)->int [with Char=char]" at line 591
DEBUG             instantiation of "auto fmt::v11::basic_string_view<Char>::compare(fmt::v11::basic_string_view<Char>) const->int [with Char=char]" at line 598
DEBUG             instantiation of class "fmt::v11::basic_string_view<Char> [with Char=char]" at line 2612
DEBUG             instantiation of "auto fmt::v11::basic_format_args<Context>::get_id(fmt::v11::basic_string_view<Char>) const->int [with Context=fmt::v11::context, Char=char]" at line 2655
DEBUG 
DEBUG Remark: The warnings can be suppressed with "-diag-suppress <warning-number>"
DEBUG 
DEBUG /tmp/.tmpogcIvy/sdists-v9/pypi/lightgbm/4.7.0/insGUydc4PW9vJoP/src/external_libs/fmt/include/fmt/format.h(2594): warning #2417-D: constexpr constructor calls non-constexpr function "fmt::v11::basic_memory_buffer<T, SIZE, Allocator>::basic_memory_buffer(const Allocator &) [with T=fmt::v11::detail::bigint::bigit, SIZE=32UL, Allocator=fmt::v11::detail::allocator<fmt::v11::detail::bigint::bigit>]"
DEBUG     constexpr bigint() : exp_(0) {}
DEBUG                                  ^
DEBUG 
DEBUG [58/76] Building CUDA object CMakeFiles/lightgbm_objs.dir/src/treelearner/cuda/cuda_leaf_splits.cu.o
DEBUG nvcc warning : Support for offline compilation for architectures prior to '<compute/sm/lto>_75' will be removed in a future release (Use -Wno-deprecated-gpu-targets to suppress warning).
DEBUG /tmp/.tmpogcIvy/sdists-v9/pypi/lightgbm/4.7.0/insGUydc4PW9vJoP/src/external_libs/fmt/include/fmt/base.h(472): warning #128-D: loop is not reachable
DEBUG     for (; n != 0; ++s1, ++s2, --n) {
DEBUG     ^
DEBUG           detected during:
DEBUG             instantiation of "auto fmt::v11::detail::compare(const Char *, const Char *, std::size_t)->int [with Char=char]" at line 591
DEBUG             instantiation of "auto fmt::v11::basic_string_view<Char>::compare(fmt::v11::basic_string_view<Char>) const->int [with Char=char]" at line 598
DEBUG             instantiation of class "fmt::v11::basic_string_view<Char> [with Char=char]" at line 2612
DEBUG             instantiation of "auto fmt::v11::basic_format_args<Context>::get_id(fmt::v11::basic_string_view<Char>) const->int [with Context=fmt::v11::context, Char=char]" at line 2655
DEBUG 
DEBUG Remark: The warnings can be suppressed with "-diag-suppress <warning-number>"
DEBUG 
DEBUG /tmp/.tmpogcIvy/sdists-v9/pypi/lightgbm/4.7.0/insGUydc4PW9vJoP/src/external_libs/fmt/include/fmt/format.h(2594): warning #2417-D: constexpr constructor calls non-constexpr function "fmt::v11::basic_memory_buffer<T, SIZE, Allocator>::basic_memory_buffer(const Allocator &) [with T=fmt::v11::detail::bigint::bigit, SIZE=32UL, Allocator=fmt::v11::detail::allocator<fmt::v11::detail::bigint::bigit>]"
DEBUG     constexpr bigint() : exp_(0) {}
DEBUG                                  ^
DEBUG 
DEBUG /tmp/.tmpogcIvy/sdists-v9/pypi/lightgbm/4.7.0/insGUydc4PW9vJoP/src/external_libs/fmt/include/fmt/base.h(472): warning #128-D: loop is not reachable
DEBUG     for (; n != 0; ++s1, ++s2, --n) {
DEBUG     ^
DEBUG           detected during:
DEBUG             instantiation of "auto fmt::v11::detail::compare(const Char *, const Char *, std::size_t)->int [with Char=char]" at line 591
DEBUG             instantiation of "auto fmt::v11::basic_string_view<Char>::compare(fmt::v11::basic_string_view<Char>) const->int [with Char=char]" at line 598
DEBUG             instantiation of class "fmt::v11::basic_string_view<Char> [with Char=char]" at line 2612
DEBUG             instantiation of "auto fmt::v11::basic_format_args<Context>::get_id(fmt::v11::basic_string_view<Char>) const->int [with Context=fmt::v11::context, Char=char]" at line 2655
DEBUG 
DEBUG Remark: The warnings can be suppressed with "-diag-suppress <warning-number>"
DEBUG 
DEBUG /tmp/.tmpogcIvy/sdists-v9/pypi/lightgbm/4.7.0/insGUydc4PW9vJoP/src/external_libs/fmt/include/fmt/format.h(2594): warning #2417-D: constexpr constructor calls non-constexpr function "fmt::v11::basic_memory_buffer<T, SIZE, Allocator>::basic_memory_buffer(const Allocator &) [with T=fmt::v11::detail::bigint::bigit, SIZE=32UL, Allocator=fmt::v11::detail::allocator<fmt::v11::detail::bigint::bigit>]"
DEBUG     constexpr bigint() : exp_(0) {}
DEBUG                                  ^
DEBUG 
DEBUG /tmp/.tmpogcIvy/sdists-v9/pypi/lightgbm/4.7.0/insGUydc4PW9vJoP/src/external_libs/fmt/include/fmt/base.h(472): warning #128-D: loop is not reachable
DEBUG     for (; n != 0; ++s1, ++s2, --n) {
DEBUG     ^
DEBUG           detected during:
DEBUG             instantiation of "auto fmt::v11::detail::compare(const Char *, const Char *, std::size_t)->int [with Char=char]" at line 591
DEBUG             instantiation of "auto fmt::v11::basic_string_view<Char>::compare(fmt::v11::basic_string_view<Char>) const->int [with Char=char]" at line 598
DEBUG             instantiation of class "fmt::v11::basic_string_view<Char> [with Char=char]" at line 2612
DEBUG             instantiation of "auto fmt::v11::basic_format_args<Context>::get_id(fmt::v11::basic_string_view<Char>) const->int [with Context=fmt::v11::context, Char=char]" at line 2655
DEBUG 
DEBUG Remark: The warnings can be suppressed with "-diag-suppress <warning-number>"
DEBUG 
DEBUG /tmp/.tmpogcIvy/sdists-v9/pypi/lightgbm/4.7.0/insGUydc4PW9vJoP/src/external_libs/fmt/include/fmt/format.h(2594): warning #2417-D: constexpr constructor calls non-constexpr function "fmt::v11::basic_memory_buffer<T, SIZE, Allocator>::basic_memory_buffer(const Allocator &) [with T=fmt::v11::detail::bigint::bigit, SIZE=32UL, Allocator=fmt::v11::detail::allocator<fmt::v11::detail::bigint::bigit>]"
DEBUG     constexpr bigint() : exp_(0) {}
DEBUG                                  ^
DEBUG 
DEBUG /tmp/.tmpogcIvy/sdists-v9/pypi/lightgbm/4.7.0/insGUydc4PW9vJoP/src/external_libs/fmt/include/fmt/base.h(472): warning #128-D: loop is not reachable
DEBUG     for (; n != 0; ++s1, ++s2, --n) {
DEBUG     ^
DEBUG           detected during:
DEBUG             instantiation of "auto fmt::v11::detail::compare(const Char *, const Char *, std::size_t)->int [with Char=char]" at line 591
DEBUG             instantiation of "auto fmt::v11::basic_string_view<Char>::compare(fmt::v11::basic_string_view<Char>) const->int [with Char=char]" at line 598
DEBUG             instantiation of class "fmt::v11::basic_string_view<Char> [with Char=char]" at line 2612
DEBUG             instantiation of "auto fmt::v11::basic_format_args<Context>::get_id(fmt::v11::basic_string_view<Char>) const->int [with Context=fmt::v11::context, Char=char]" at line 2655
DEBUG 
DEBUG Remark: The warnings can be suppressed with "-diag-suppress <warning-number>"
DEBUG 
DEBUG /tmp/.tmpogcIvy/sdists-v9/pypi/lightgbm/4.7.0/insGUydc4PW9vJoP/src/external_libs/fmt/include/fmt/format.h(2594): warning #2417-D: constexpr constructor calls non-constexpr function "fmt::v11::basic_memory_buffer<T, SIZE, Allocator>::basic_memory_buffer(const Allocator &) [with T=fmt::v11::detail::bigint::bigit, SIZE=32UL, Allocator=fmt::v11::detail::allocator<fmt::v11::detail::bigint::bigit>]"
DEBUG     constexpr bigint() : exp_(0) {}
DEBUG                                  ^
DEBUG 
DEBUG /tmp/.tmpogcIvy/sdists-v9/pypi/lightgbm/4.7.0/insGUydc4PW9vJoP/src/external_libs/fmt/include/fmt/base.h(472): warning #128-D: loop is not reachable
DEBUG     for (; n != 0; ++s1, ++s2, --n) {
DEBUG     ^
DEBUG           detected during:
DEBUG             instantiation of "auto fmt::v11::detail::compare(const Char *, const Char *, std::size_t)->int [with Char=char]" at line 591
DEBUG             instantiation of "auto fmt::v11::basic_string_view<Char>::compare(fmt::v11::basic_string_view<Char>) const->int [with Char=char]" at line 598
DEBUG             instantiation of class "fmt::v11::basic_string_view<Char> [with Char=char]" at line 2612
DEBUG             instantiation of "auto fmt::v11::basic_format_args<Context>::get_id(fmt::v11::basic_string_view<Char>) const->int [with Context=fmt::v11::context, Char=char]" at line 2655
DEBUG 
DEBUG Remark: The warnings can be suppressed with "-diag-suppress <warning-number>"
DEBUG 
DEBUG /tmp/.tmpogcIvy/sdists-v9/pypi/lightgbm/4.7.0/insGUydc4PW9vJoP/src/external_libs/fmt/include/fmt/format.h(2594): warning #2417-D: constexpr constructor calls non-constexpr function "fmt::v11::basic_memory_buffer<T, SIZE, Allocator>::basic_memory_buffer(const Allocator &) [with T=fmt::v11::detail::bigint::bigit, SIZE=32UL, Allocator=fmt::v11::detail::allocator<fmt::v11::detail::bigint::bigit>]"
DEBUG     constexpr bigint() : exp_(0) {}
DEBUG                                  ^
DEBUG 
DEBUG /tmp/.tmpogcIvy/sdists-v9/pypi/lightgbm/4.7.0/insGUydc4PW9vJoP/src/external_libs/fmt/include/fmt/base.h(472): warning #128-D: loop is not reachable
DEBUG     for (; n != 0; ++s1, ++s2, --n) {
DEBUG     ^
DEBUG           detected during:
DEBUG             instantiation of "auto fmt::v11::detail::compare(const Char *, const Char *, std::size_t)->int [with Char=char]" at line 591
DEBUG             instantiation of "auto fmt::v11::basic_string_view<Char>::compare(fmt::v11::basic_string_view<Char>) const->int [with Char=char]" at line 598
DEBUG             instantiation of class "fmt::v11::basic_string_view<Char> [with Char=char]" at line 2612
DEBUG             instantiation of "auto fmt::v11::basic_format_args<Context>::get_id(fmt::v11::basic_string_view<Char>) const->int [with Context=fmt::v11::context, Char=char]" at line 2655
DEBUG 
DEBUG Remark: The warnings can be suppressed with "-diag-suppress <warning-number>"
DEBUG 
DEBUG /tmp/.tmpogcIvy/sdists-v9/pypi/lightgbm/4.7.0/insGUydc4PW9vJoP/src/external_libs/fmt/include/fmt/format.h(2594): warning #2417-D: constexpr constructor calls non-constexpr function "fmt::v11::basic_memory_buffer<T, SIZE, Allocator>::basic_memory_buffer(const Allocator &) [with T=fmt::v11::detail::bigint::bigit, SIZE=32UL, Allocator=fmt::v11::detail::allocator<fmt::v11::detail::bigint::bigit>]"
DEBUG     constexpr bigint() : exp_(0) {}
DEBUG                                  ^
DEBUG 
DEBUG /tmp/.tmpogcIvy/sdists-v9/pypi/lightgbm/4.7.0/insGUydc4PW9vJoP/src/external_libs/fmt/include/fmt/base.h(472): warning #128-D: loop is not reachable
DEBUG     for (; n != 0; ++s1, ++s2, --n) {
DEBUG     ^
DEBUG           detected during:
DEBUG             instantiation of "auto fmt::v11::detail::compare(const Char *, const Char *, std::size_t)->int [with Char=char]" at line 591
DEBUG             instantiation of "auto fmt::v11::basic_string_view<Char>::compare(fmt::v11::basic_string_view<Char>) const->int [with Char=char]" at line 598
DEBUG             instantiation of class "fmt::v11::basic_string_view<Char> [with Char=char]" at line 2612
DEBUG             instantiation of "auto fmt::v11::basic_format_args<Context>::get_id(fmt::v11::basic_string_view<Char>) const->int [with Context=fmt::v11::context, Char=char]" at line 2655
DEBUG 
DEBUG Remark: The warnings can be suppressed with "-diag-suppress <warning-number>"
DEBUG 
DEBUG /tmp/.tmpogcIvy/sdists-v9/pypi/lightgbm/4.7.0/insGUydc4PW9vJoP/src/external_libs/fmt/include/fmt/format.h(2594): warning #2417-D: constexpr constructor calls non-constexpr function "fmt::v11::basic_memory_buffer<T, SIZE, Allocator>::basic_memory_buffer(const Allocator &) [with T=fmt::v11::detail::bigint::bigit, SIZE=32UL, Allocator=fmt::v11::detail::allocator<fmt::v11::detail::bigint::bigit>]"
DEBUG     constexpr bigint() : exp_(0) {}
DEBUG                                  ^
DEBUG 
DEBUG /tmp/.tmpogcIvy/sdists-v9/pypi/lightgbm/4.7.0/insGUydc4PW9vJoP/src/external_libs/fmt/include/fmt/base.h(472): warning #128-D: loop is not reachable
DEBUG     for (; n != 0; ++s1, ++s2, --n) {
DEBUG     ^
DEBUG           detected during:
DEBUG             instantiation of "auto fmt::v11::detail::compare(const Char *, const Char *, std::size_t)->int [with Char=char]" at line 591
DEBUG             instantiation of "auto fmt::v11::basic_string_view<Char>::compare(fmt::v11::basic_string_view<Char>) const->int [with Char=char]" at line 598
DEBUG             instantiation of class "fmt::v11::basic_string_view<Char> [with Char=char]" at line 2612
DEBUG             instantiation of "auto fmt::v11::basic_format_args<Context>::get_id(fmt::v11::basic_string_view<Char>) const->int [with Context=fmt::v11::context, Char=char]" at line 2655
DEBUG 
DEBUG Remark: The warnings can be suppressed with "-diag-suppress <warning-number>"
DEBUG 
DEBUG /tmp/.tmpogcIvy/sdists-v9/pypi/lightgbm/4.7.0/insGUydc4PW9vJoP/src/external_libs/fmt/include/fmt/format.h(2594): warning #2417-D: constexpr constructor calls non-constexpr function "fmt::v11::basic_memory_buffer<T, SIZE, Allocator>::basic_memory_buffer(const Allocator &) [with T=fmt::v11::detail::bigint::bigit, SIZE=32UL, Allocator=fmt::v11::detail::allocator<fmt::v11::detail::bigint::bigit>]"
DEBUG     constexpr bigint() : exp_(0) {}
DEBUG                                  ^
DEBUG 
DEBUG /tmp/.tmpogcIvy/sdists-v9/pypi/lightgbm/4.7.0/insGUydc4PW9vJoP/src/external_libs/fmt/include/fmt/base.h(472): warning #128-D: loop is not reachable
DEBUG     for (; n != 0; ++s1, ++s2, --n) {
DEBUG     ^
DEBUG           detected during:
DEBUG             instantiation of "auto fmt::v11::detail::compare(const Char *, const Char *, std::size_t)->int [with Char=char]" at line 591
DEBUG             instantiation of "auto fmt::v11::basic_string_view<Char>::compare(fmt::v11::basic_string_view<Char>) const->int [with Char=char]" at line 598
DEBUG             instantiation of class "fmt::v11::basic_string_view<Char> [with Char=char]" at line 2612
DEBUG             instantiation of "auto fmt::v11::basic_format_args<Context>::get_id(fmt::v11::basic_string_view<Char>) const->int [with Context=fmt::v11::context, Char=char]" at line 2655
DEBUG 
DEBUG Remark: The warnings can be suppressed with "-diag-suppress <warning-number>"
DEBUG 
DEBUG /tmp/.tmpogcIvy/sdists-v9/pypi/lightgbm/4.7.0/insGUydc4PW9vJoP/src/external_libs/fmt/include/fmt/format.h(2594): warning #2417-D: constexpr constructor calls non-constexpr function "fmt::v11::basic_memory_buffer<T, SIZE, Allocator>::basic_memory_buffer(const Allocator &) [with T=fmt::v11::detail::bigint::bigit, SIZE=32UL, Allocator=fmt::v11::detail::allocator<fmt::v11::detail::bigint::bigit>]"
DEBUG     constexpr bigint() : exp_(0) {}
DEBUG                                  ^
DEBUG 
DEBUG /tmp/.tmpogcIvy/sdists-v9/pypi/lightgbm/4.7.0/insGUydc4PW9vJoP/src/external_libs/fmt/include/fmt/base.h(472): warning #128-D: loop is not reachable
DEBUG     for (; n != 0; ++s1, ++s2, --n) {
DEBUG     ^
DEBUG           detected during:
DEBUG             instantiation of "auto fmt::v11::detail::compare(const Char *, const Char *, std::size_t)->int [with Char=char]" at line 591
DEBUG             instantiation of "auto fmt::v11::basic_string_view<Char>::compare(fmt::v11::basic_string_view<Char>) const->int [with Char=char]" at line 598
DEBUG             instantiation of class "fmt::v11::basic_string_view<Char> [with Char=char]" at line 2612
DEBUG             instantiation of "auto fmt::v11::basic_format_args<Context>::get_id(fmt::v11::basic_string_view<Char>) const->int [with Context=fmt::v11::context, Char=char]" at line 2655
DEBUG 
DEBUG Remark: The warnings can be suppressed with "-diag-suppress <warning-number>"
DEBUG 
DEBUG /tmp/.tmpogcIvy/sdists-v9/pypi/lightgbm/4.7.0/insGUydc4PW9vJoP/src/external_libs/fmt/include/fmt/format.h(2594): warning #2417-D: constexpr constructor calls non-constexpr function "fmt::v11::basic_memory_buffer<T, SIZE, Allocator>::basic_memory_buffer(const Allocator &) [with T=fmt::v11::detail::bigint::bigit, SIZE=32UL, Allocator=fmt::v11::detail::allocator<fmt::v11::detail::bigint::bigit>]"
DEBUG     constexpr bigint() : exp_(0) {}
DEBUG                                  ^
DEBUG 
DEBUG [59/76] Building CUDA object CMakeFiles/lightgbm_objs.dir/src/io/cuda/cuda_tree.cu.o
DEBUG nvcc warning : Support for offline compilation for architectures prior to '<compute/sm/lto>_75' will be removed in a future release (Use -Wno-deprecated-gpu-targets to suppress warning).
DEBUG /tmp/.tmpogcIvy/sdists-v9/pypi/lightgbm/4.7.0/insGUydc4PW9vJoP/src/external_libs/fmt/include/fmt/base.h(472): warning #128-D: loop is not reachable
DEBUG     for (; n != 0; ++s1, ++s2, --n) {
DEBUG     ^
DEBUG           detected during:
DEBUG             instantiation of "auto fmt::v11::detail::compare(const Char *, const Char *, std::size_t)->int [with Char=char]" at line 591
DEBUG             instantiation of "auto fmt::v11::basic_string_view<Char>::compare(fmt::v11::basic_string_view<Char>) const->int [with Char=char]" at line 598
DEBUG             instantiation of class "fmt::v11::basic_string_view<Char> [with Char=char]" at line 2612
DEBUG             instantiation of "auto fmt::v11::basic_format_args<Context>::get_id(fmt::v11::basic_string_view<Char>) const->int [with Context=fmt::v11::context, Char=char]" at line 2655
DEBUG 
DEBUG Remark: The warnings can be suppressed with "-diag-suppress <warning-number>"
DEBUG 
DEBUG /tmp/.tmpogcIvy/sdists-v9/pypi/lightgbm/4.7.0/insGUydc4PW9vJoP/src/external_libs/fmt/include/fmt/format.h(2594): warning #2417-D: constexpr constructor calls non-constexpr function "fmt::v11::basic_memory_buffer<T, SIZE, Allocator>::basic_memory_buffer(const Allocator &) [with T=fmt::v11::detail::bigint::bigit, SIZE=32UL, Allocator=fmt::v11::detail::allocator<fmt::v11::detail::bigint::bigit>]"
DEBUG     constexpr bigint() : exp_(0) {}
DEBUG                                  ^
DEBUG 
DEBUG /tmp/.tmpogcIvy/sdists-v9/pypi/lightgbm/4.7.0/insGUydc4PW9vJoP/src/external_libs/fmt/include/fmt/base.h(472): warning #128-D: loop is not reachable
DEBUG     for (; n != 0; ++s1, ++s2, --n) {
DEBUG     ^
DEBUG           detected during:
DEBUG             instantiation of "auto fmt::v11::detail::compare(const Char *, const Char *, std::size_t)->int [with Char=char]" at line 591
DEBUG             instantiation of "auto fmt::v11::basic_string_view<Char>::compare(fmt::v11::basic_string_view<Char>) const->int [with Char=char]" at line 598
DEBUG             instantiation of class "fmt::v11::basic_string_view<Char> [with Char=char]" at line 2612
DEBUG             instantiation of "auto fmt::v11::basic_format_args<Context>::get_id(fmt::v11::basic_string_view<Char>) const->int [with Context=fmt::v11::context, Char=char]" at line 2655
DEBUG 
DEBUG Remark: The warnings can be suppressed with "-diag-suppress <warning-number>"
DEBUG 
DEBUG /tmp/.tmpogcIvy/sdists-v9/pypi/lightgbm/4.7.0/insGUydc4PW9vJoP/src/external_libs/fmt/include/fmt/format.h(2594): warning #2417-D: constexpr constructor calls non-constexpr function "fmt::v11::basic_memory_buffer<T, SIZE, Allocator>::basic_memory_buffer(const Allocator &) [with T=fmt::v11::detail::bigint::bigit, SIZE=32UL, Allocator=fmt::v11::detail::allocator<fmt::v11::detail::bigint::bigit>]"
DEBUG     constexpr bigint() : exp_(0) {}
DEBUG                                  ^
DEBUG 
DEBUG /tmp/.tmpogcIvy/sdists-v9/pypi/lightgbm/4.7.0/insGUydc4PW9vJoP/src/include/LightGBM/cuda/cuda_split_info.hpp(54): warning #20014-D: calling a __host__ function from a __host__ __device__ function is not allowed
DEBUG           { gpuAssert((cudaFree(cat_threshold)), "/tmp/.tmpogcIvy/sdists-v9/pypi/lightgbm/4.7.0/insGUydc4PW9vJoP/src/include/LightGBM/cuda/cuda_split_info.hpp", 54); };
DEBUG                      ^
DEBUG 
DEBUG /tmp/.tmpogcIvy/sdists-v9/pypi/lightgbm/4.7.0/insGUydc4PW9vJoP/src/include/LightGBM/cuda/cuda_split_info.hpp(57): warning #20014-D: calling a __host__ function from a __host__ __device__ function is not allowed
DEBUG           { gpuAssert((cudaFree(cat_threshold_real)), "/tmp/.tmpogcIvy/sdists-v9/pypi/lightgbm/4.7.0/insGUydc4PW9vJoP/src/include/LightGBM/cuda/cuda_split_info.hpp", 57); };
DEBUG                      ^
DEBUG 
DEBUG /tmp/.tmpogcIvy/sdists-v9/pypi/lightgbm/4.7.0/insGUydc4PW9vJoP/src/external_libs/fmt/include/fmt/base.h(472): warning #128-D: loop is not reachable
DEBUG     for (; n != 0; ++s1, ++s2, --n) {
DEBUG     ^
DEBUG           detected during:
DEBUG             instantiation of "auto fmt::v11::detail::compare(const Char *, const Char *, std::size_t)->int [with Char=char]" at line 591
DEBUG             instantiation of "auto fmt::v11::basic_string_view<Char>::compare(fmt::v11::basic_string_view<Char>) const->int [with Char=char]" at line 598
DEBUG             instantiation of class "fmt::v11::basic_string_view<Char> [with Char=char]" at line 2612
DEBUG             instantiation of "auto fmt::v11::basic_format_args<Context>::get_id(fmt::v11::basic_string_view<Char>) const->int [with Context=fmt::v11::context, Char=char]" at line 2655
DEBUG 
DEBUG Remark: The warnings can be suppressed with "-diag-suppress <warning-number>"
DEBUG 
DEBUG /tmp/.tmpogcIvy/sdists-v9/pypi/lightgbm/4.7.0/insGUydc4PW9vJoP/src/external_libs/fmt/include/fmt/format.h(2594): warning #2417-D: constexpr constructor calls non-constexpr function "fmt::v11::basic_memory_buffer<T, SIZE, Allocator>::basic_memory_buffer(const Allocator &) [with T=fmt::v11::detail::bigint::bigit, SIZE=32UL, Allocator=fmt::v11::detail::allocator<fmt::v11::detail::bigint::bigit>]"
DEBUG     constexpr bigint() : exp_(0) {}
DEBUG                                  ^
DEBUG 
DEBUG /tmp/.tmpogcIvy/sdists-v9/pypi/lightgbm/4.7.0/insGUydc4PW9vJoP/src/include/LightGBM/cuda/cuda_split_info.hpp(54): warning #20014-D: calling a __host__ function from a __host__ __device__ function is not allowed
DEBUG           { gpuAssert((cudaFree(cat_threshold)), "/tmp/.tmpogcIvy/sdists-v9/pypi/lightgbm/4.7.0/insGUydc4PW9vJoP/src/include/LightGBM/cuda/cuda_split_info.hpp", 54); };
DEBUG                      ^
DEBUG 
DEBUG /tmp/.tmpogcIvy/sdists-v9/pypi/lightgbm/4.7.0/insGUydc4PW9vJoP/src/include/LightGBM/cuda/cuda_split_info.hpp(57): warning #20014-D: calling a __host__ function from a __host__ __device__ function is not allowed
DEBUG           { gpuAssert((cudaFree(cat_threshold_real)), "/tmp/.tmpogcIvy/sdists-v9/pypi/lightgbm/4.7.0/insGUydc4PW9vJoP/src/include/LightGBM/cuda/cuda_split_info.hpp", 57); };
DEBUG                      ^
DEBUG 
DEBUG /tmp/.tmpogcIvy/sdists-v9/pypi/lightgbm/4.7.0/insGUydc4PW9vJoP/src/external_libs/fmt/include/fmt/base.h(472): warning #128-D: loop is not reachable
DEBUG     for (; n != 0; ++s1, ++s2, --n) {
DEBUG     ^
DEBUG           detected during:
DEBUG             instantiation of "auto fmt::v11::detail::compare(const Char *, const Char *, std::size_t)->int [with Char=char]" at line 591
DEBUG             instantiation of "auto fmt::v11::basic_string_view<Char>::compare(fmt::v11::basic_string_view<Char>) const->int [with Char=char]" at line 598
DEBUG             instantiation of class "fmt::v11::basic_string_view<Char> [with Char=char]" at line 2612
DEBUG             instantiation of "auto fmt::v11::basic_format_args<Context>::get_id(fmt::v11::basic_string_view<Char>) const->int [with Context=fmt::v11::context, Char=char]" at line 2655
DEBUG 
DEBUG Remark: The warnings can be suppressed with "-diag-suppress <warning-number>"
DEBUG 
DEBUG /tmp/.tmpogcIvy/sdists-v9/pypi/lightgbm/4.7.0/insGUydc4PW9vJoP/src/external_libs/fmt/include/fmt/format.h(2594): warning #2417-D: constexpr constructor calls non-constexpr function "fmt::v11::basic_memory_buffer<T, SIZE, Allocator>::basic_memory_buffer(const Allocator &) [with T=fmt::v11::detail::bigint::bigit, SIZE=32UL, Allocator=fmt::v11::detail::allocator<fmt::v11::detail::bigint::bigit>]"
DEBUG     constexpr bigint() : exp_(0) {}
DEBUG                                  ^
DEBUG 
DEBUG /tmp/.tmpogcIvy/sdists-v9/pypi/lightgbm/4.7.0/insGUydc4PW9vJoP/src/include/LightGBM/cuda/cuda_split_info.hpp(54): warning #20014-D: calling a __host__ function from a __host__ __device__ function is not allowed
DEBUG           { gpuAssert((cudaFree(cat_threshold)), "/tmp/.tmpogcIvy/sdists-v9/pypi/lightgbm/4.7.0/insGUydc4PW9vJoP/src/include/LightGBM/cuda/cuda_split_info.hpp", 54); };
DEBUG                      ^
DEBUG 
DEBUG /tmp/.tmpogcIvy/sdists-v9/pypi/lightgbm/4.7.0/insGUydc4PW9vJoP/src/include/LightGBM/cuda/cuda_split_info.hpp(57): warning #20014-D: calling a __host__ function from a __host__ __device__ function is not allowed
DEBUG           { gpuAssert((cudaFree(cat_threshold_real)), "/tmp/.tmpogcIvy/sdists-v9/pypi/lightgbm/4.7.0/insGUydc4PW9vJoP/src/include/LightGBM/cuda/cuda_split_info.hpp", 57); };
DEBUG                      ^
DEBUG 
DEBUG /tmp/.tmpogcIvy/sdists-v9/pypi/lightgbm/4.7.0/insGUydc4PW9vJoP/src/external_libs/fmt/include/fmt/base.h(472): warning #128-D: loop is not reachable
DEBUG     for (; n != 0; ++s1, ++s2, --n) {
DEBUG     ^
DEBUG           detected during:
DEBUG             instantiation of "auto fmt::v11::detail::compare(const Char *, const Char *, std::size_t)->int [with Char=char]" at line 591
DEBUG             instantiation of "auto fmt::v11::basic_string_view<Char>::compare(fmt::v11::basic_string_view<Char>) const->int [with Char=char]" at line 598
DEBUG             instantiation of class "fmt::v11::basic_string_view<Char> [with Char=char]" at line 2612
DEBUG             instantiation of "auto fmt::v11::basic_format_args<Context>::get_id(fmt::v11::basic_string_view<Char>) const->int [with Context=fmt::v11::context, Char=char]" at line 2655
DEBUG 
DEBUG Remark: The warnings can be suppressed with "-diag-suppress <warning-number>"
DEBUG 
DEBUG /tmp/.tmpogcIvy/sdists-v9/pypi/lightgbm/4.7.0/insGUydc4PW9vJoP/src/external_libs/fmt/include/fmt/format.h(2594): warning #2417-D: constexpr constructor calls non-constexpr function "fmt::v11::basic_memory_buffer<T, SIZE, Allocator>::basic_memory_buffer(const Allocator &) [with T=fmt::v11::detail::bigint::bigit, SIZE=32UL, Allocator=fmt::v11::detail::allocator<fmt::v11::detail::bigint::bigit>]"
DEBUG     constexpr bigint() : exp_(0) {}
DEBUG                                  ^
DEBUG 
DEBUG /tmp/.tmpogcIvy/sdists-v9/pypi/lightgbm/4.7.0/insGUydc4PW9vJoP/src/include/LightGBM/cuda/cuda_split_info.hpp(54): warning #20014-D: calling a __host__ function from a __host__ __device__ function is not allowed
DEBUG           { gpuAssert((cudaFree(cat_threshold)), "/tmp/.tmpogcIvy/sdists-v9/pypi/lightgbm/4.7.0/insGUydc4PW9vJoP/src/include/LightGBM/cuda/cuda_split_info.hpp", 54); };
DEBUG                      ^
DEBUG 
DEBUG /tmp/.tmpogcIvy/sdists-v9/pypi/lightgbm/4.7.0/insGUydc4PW9vJoP/src/include/LightGBM/cuda/cuda_split_info.hpp(57): warning #20014-D: calling a __host__ function from a __host__ __device__ function is not allowed
DEBUG           { gpuAssert((cudaFree(cat_threshold_real)), "/tmp/.tmpogcIvy/sdists-v9/pypi/lightgbm/4.7.0/insGUydc4PW9vJoP/src/include/LightGBM/cuda/cuda_split_info.hpp", 57); };
DEBUG                      ^
DEBUG 
DEBUG /tmp/.tmpogcIvy/sdists-v9/pypi/lightgbm/4.7.0/insGUydc4PW9vJoP/src/external_libs/fmt/include/fmt/base.h(472): warning #128-D: loop is not reachable
DEBUG     for (; n != 0; ++s1, ++s2, --n) {
DEBUG     ^
DEBUG           detected during:
DEBUG             instantiation of "auto fmt::v11::detail::compare(const Char *, const Char *, std::size_t)->int [with Char=char]" at line 591
DEBUG             instantiation of "auto fmt::v11::basic_string_view<Char>::compare(fmt::v11::basic_string_view<Char>) const->int [with Char=char]" at line 598
DEBUG             instantiation of class "fmt::v11::basic_string_view<Char> [with Char=char]" at line 2612
DEBUG             instantiation of "auto fmt::v11::basic_format_args<Context>::get_id(fmt::v11::basic_string_view<Char>) const->int [with Context=fmt::v11::context, Char=char]" at line 2655
DEBUG 
DEBUG Remark: The warnings can be suppressed with "-diag-suppress <warning-number>"
DEBUG 
DEBUG /tmp/.tmpogcIvy/sdists-v9/pypi/lightgbm/4.7.0/insGUydc4PW9vJoP/src/external_libs/fmt/include/fmt/format.h(2594): warning #2417-D: constexpr constructor calls non-constexpr function "fmt::v11::basic_memory_buffer<T, SIZE, Allocator>::basic_memory_buffer(const Allocator &) [with T=fmt::v11::detail::bigint::bigit, SIZE=32UL, Allocator=fmt::v11::detail::allocator<fmt::v11::detail::bigint::bigit>]"
DEBUG     constexpr bigint() : exp_(0) {}
DEBUG                                  ^
DEBUG 
DEBUG /tmp/.tmpogcIvy/sdists-v9/pypi/lightgbm/4.7.0/insGUydc4PW9vJoP/src/include/LightGBM/cuda/cuda_split_info.hpp(54): warning #20014-D: calling a __host__ function from a __host__ __device__ function is not allowed
DEBUG           { gpuAssert((cudaFree(cat_threshold)), "/tmp/.tmpogcIvy/sdists-v9/pypi/lightgbm/4.7.0/insGUydc4PW9vJoP/src/include/LightGBM/cuda/cuda_split_info.hpp", 54); };
DEBUG                      ^
DEBUG 
DEBUG /tmp/.tmpogcIvy/sdists-v9/pypi/lightgbm/4.7.0/insGUydc4PW9vJoP/src/include/LightGBM/cuda/cuda_split_info.hpp(57): warning #20014-D: calling a __host__ function from a __host__ __device__ function is not allowed
DEBUG           { gpuAssert((cudaFree(cat_threshold_real)), "/tmp/.tmpogcIvy/sdists-v9/pypi/lightgbm/4.7.0/insGUydc4PW9vJoP/src/include/LightGBM/cuda/cuda_split_info.hpp", 57); };
DEBUG                      ^
DEBUG 
DEBUG /tmp/.tmpogcIvy/sdists-v9/pypi/lightgbm/4.7.0/insGUydc4PW9vJoP/src/external_libs/fmt/include/fmt/base.h(472): warning #128-D: loop is not reachable
DEBUG     for (; n != 0; ++s1, ++s2, --n) {
DEBUG     ^
DEBUG           detected during:
DEBUG             instantiation of "auto fmt::v11::detail::compare(const Char *, const Char *, std::size_t)->int [with Char=char]" at line 591
DEBUG             instantiation of "auto fmt::v11::basic_string_view<Char>::compare(fmt::v11::basic_string_view<Char>) const->int [with Char=char]" at line 598
DEBUG             instantiation of class "fmt::v11::basic_string_view<Char> [with Char=char]" at line 2612
DEBUG             instantiation of "auto fmt::v11::basic_format_args<Context>::get_id(fmt::v11::basic_string_view<Char>) const->int [with Context=fmt::v11::context, Char=char]" at line 2655
DEBUG 
DEBUG Remark: The warnings can be suppressed with "-diag-suppress <warning-number>"
DEBUG 
DEBUG /tmp/.tmpogcIvy/sdists-v9/pypi/lightgbm/4.7.0/insGUydc4PW9vJoP/src/external_libs/fmt/include/fmt/format.h(2594): warning #2417-D: constexpr constructor calls non-constexpr function "fmt::v11::basic_memory_buffer<T, SIZE, Allocator>::basic_memory_buffer(const Allocator &) [with T=fmt::v11::detail::bigint::bigit, SIZE=32UL, Allocator=fmt::v11::detail::allocator<fmt::v11::detail::bigint::bigit>]"
DEBUG     constexpr bigint() : exp_(0) {}
DEBUG                                  ^
DEBUG 
DEBUG /tmp/.tmpogcIvy/sdists-v9/pypi/lightgbm/4.7.0/insGUydc4PW9vJoP/src/include/LightGBM/cuda/cuda_split_info.hpp(54): warning #20014-D: calling a __host__ function from a __host__ __device__ function is not allowed
DEBUG           { gpuAssert((cudaFree(cat_threshold)), "/tmp/.tmpogcIvy/sdists-v9/pypi/lightgbm/4.7.0/insGUydc4PW9vJoP/src/include/LightGBM/cuda/cuda_split_info.hpp", 54); };
DEBUG                      ^
DEBUG 
DEBUG /tmp/.tmpogcIvy/sdists-v9/pypi/lightgbm/4.7.0/insGUydc4PW9vJoP/src/include/LightGBM/cuda/cuda_split_info.hpp(57): warning #20014-D: calling a __host__ function from a __host__ __device__ function is not allowed
DEBUG           { gpuAssert((cudaFree(cat_threshold_real)), "/tmp/.tmpogcIvy/sdists-v9/pypi/lightgbm/4.7.0/insGUydc4PW9vJoP/src/include/LightGBM/cuda/cuda_split_info.hpp", 57); };
DEBUG                      ^
DEBUG 
DEBUG /tmp/.tmpogcIvy/sdists-v9/pypi/lightgbm/4.7.0/insGUydc4PW9vJoP/src/external_libs/fmt/include/fmt/base.h(472): warning #128-D: loop is not reachable
DEBUG     for (; n != 0; ++s1, ++s2, --n) {
DEBUG     ^
DEBUG           detected during:
DEBUG             instantiation of "auto fmt::v11::detail::compare(const Char *, const Char *, std::size_t)->int [with Char=char]" at line 591
DEBUG             instantiation of "auto fmt::v11::basic_string_view<Char>::compare(fmt::v11::basic_string_view<Char>) const->int [with Char=char]" at line 598
DEBUG             instantiation of class "fmt::v11::basic_string_view<Char> [with Char=char]" at line 2612
DEBUG             instantiation of "auto fmt::v11::basic_format_args<Context>::get_id(fmt::v11::basic_string_view<Char>) const->int [with Context=fmt::v11::context, Char=char]" at line 2655
DEBUG 
DEBUG Remark: The warnings can be suppressed with "-diag-suppress <warning-number>"
DEBUG 
DEBUG /tmp/.tmpogcIvy/sdists-v9/pypi/lightgbm/4.7.0/insGUydc4PW9vJoP/src/external_libs/fmt/include/fmt/format.h(2594): warning #2417-D: constexpr constructor calls non-constexpr function "fmt::v11::basic_memory_buffer<T, SIZE, Allocator>::basic_memory_buffer(const Allocator &) [with T=fmt::v11::detail::bigint::bigit, SIZE=32UL, Allocator=fmt::v11::detail::allocator<fmt::v11::detail::bigint::bigit>]"
DEBUG     constexpr bigint() : exp_(0) {}
DEBUG                                  ^
DEBUG 
DEBUG /tmp/.tmpogcIvy/sdists-v9/pypi/lightgbm/4.7.0/insGUydc4PW9vJoP/src/include/LightGBM/cuda/cuda_split_info.hpp(54): warning #20014-D: calling a __host__ function from a __host__ __device__ function is not allowed
DEBUG           { gpuAssert((cudaFree(cat_threshold)), "/tmp/.tmpogcIvy/sdists-v9/pypi/lightgbm/4.7.0/insGUydc4PW9vJoP/src/include/LightGBM/cuda/cuda_split_info.hpp", 54); };
DEBUG                      ^
DEBUG 
DEBUG /tmp/.tmpogcIvy/sdists-v9/pypi/lightgbm/4.7.0/insGUydc4PW9vJoP/src/include/LightGBM/cuda/cuda_split_info.hpp(57): warning #20014-D: calling a __host__ function from a __host__ __device__ function is not allowed
DEBUG           { gpuAssert((cudaFree(cat_threshold_real)), "/tmp/.tmpogcIvy/sdists-v9/pypi/lightgbm/4.7.0/insGUydc4PW9vJoP/src/include/LightGBM/cuda/cuda_split_info.hpp", 57); };
DEBUG                      ^
DEBUG 
DEBUG /tmp/.tmpogcIvy/sdists-v9/pypi/lightgbm/4.7.0/insGUydc4PW9vJoP/src/external_libs/fmt/include/fmt/base.h(472): warning #128-D: loop is not reachable
DEBUG     for (; n != 0; ++s1, ++s2, --n) {
DEBUG     ^
DEBUG           detected during:
DEBUG             instantiation of "auto fmt::v11::detail::compare(const Char *, const Char *, std::size_t)->int [with Char=char]" at line 591
DEBUG             instantiation of "auto fmt::v11::basic_string_view<Char>::compare(fmt::v11::basic_string_view<Char>) const->int [with Char=char]" at line 598
DEBUG             instantiation of class "fmt::v11::basic_string_view<Char> [with Char=char]" at line 2612
DEBUG             instantiation of "auto fmt::v11::basic_format_args<Context>::get_id(fmt::v11::basic_string_view<Char>) const->int [with Context=fmt::v11::context, Char=char]" at line 2655
DEBUG 
DEBUG Remark: The warnings can be suppressed with "-diag-suppress <warning-number>"
DEBUG 
DEBUG /tmp/.tmpogcIvy/sdists-v9/pypi/lightgbm/4.7.0/insGUydc4PW9vJoP/src/external_libs/fmt/include/fmt/format.h(2594): warning #2417-D: constexpr constructor calls non-constexpr function "fmt::v11::basic_memory_buffer<T, SIZE, Allocator>::basic_memory_buffer(const Allocator &) [with T=fmt::v11::detail::bigint::bigit, SIZE=32UL, Allocator=fmt::v11::detail::allocator<fmt::v11::detail::bigint::bigit>]"
DEBUG     constexpr bigint() : exp_(0) {}
DEBUG                                  ^
DEBUG 
DEBUG /tmp/.tmpogcIvy/sdists-v9/pypi/lightgbm/4.7.0/insGUydc4PW9vJoP/src/include/LightGBM/cuda/cuda_split_info.hpp(54): warning #20014-D: calling a __host__ function from a __host__ __device__ function is not allowed
DEBUG           { gpuAssert((cudaFree(cat_threshold)), "/tmp/.tmpogcIvy/sdists-v9/pypi/lightgbm/4.7.0/insGUydc4PW9vJoP/src/include/LightGBM/cuda/cuda_split_info.hpp", 54); };
DEBUG                      ^
DEBUG 
DEBUG /tmp/.tmpogcIvy/sdists-v9/pypi/lightgbm/4.7.0/insGUydc4PW9vJoP/src/include/LightGBM/cuda/cuda_split_info.hpp(57): warning #20014-D: calling a __host__ function from a __host__ __device__ function is not allowed
DEBUG           { gpuAssert((cudaFree(cat_threshold_real)), "/tmp/.tmpogcIvy/sdists-v9/pypi/lightgbm/4.7.0/insGUydc4PW9vJoP/src/include/LightGBM/cuda/cuda_split_info.hpp", 57); };
DEBUG                      ^
DEBUG 
DEBUG /tmp/.tmpogcIvy/sdists-v9/pypi/lightgbm/4.7.0/insGUydc4PW9vJoP/src/external_libs/fmt/include/fmt/base.h(472): warning #128-D: loop is not reachable
DEBUG     for (; n != 0; ++s1, ++s2, --n) {
DEBUG     ^
DEBUG           detected during:
DEBUG             instantiation of "auto fmt::v11::detail::compare(const Char *, const Char *, std::size_t)->int [with Char=char]" at line 591
DEBUG             instantiation of "auto fmt::v11::basic_string_view<Char>::compare(fmt::v11::basic_string_view<Char>) const->int [with Char=char]" at line 598
DEBUG             instantiation of class "fmt::v11::basic_string_view<Char> [with Char=char]" at line 2612
DEBUG             instantiation of "auto fmt::v11::basic_format_args<Context>::get_id(fmt::v11::basic_string_view<Char>) const->int [with Context=fmt::v11::context, Char=char]" at line 2655
DEBUG 
DEBUG Remark: The warnings can be suppressed with "-diag-suppress <warning-number>"
DEBUG 
DEBUG /tmp/.tmpogcIvy/sdists-v9/pypi/lightgbm/4.7.0/insGUydc4PW9vJoP/src/external_libs/fmt/include/fmt/format.h(2594): warning #2417-D: constexpr constructor calls non-constexpr function "fmt::v11::basic_memory_buffer<T, SIZE, Allocator>::basic_memory_buffer(const Allocator &) [with T=fmt::v11::detail::bigint::bigit, SIZE=32UL, Allocator=fmt::v11::detail::allocator<fmt::v11::detail::bigint::bigit>]"
DEBUG     constexpr bigint() : exp_(0) {}
DEBUG                                  ^
DEBUG 
DEBUG /tmp/.tmpogcIvy/sdists-v9/pypi/lightgbm/4.7.0/insGUydc4PW9vJoP/src/include/LightGBM/cuda/cuda_split_info.hpp(54): warning #20014-D: calling a __host__ function from a __host__ __device__ function is not allowed
DEBUG           { gpuAssert((cudaFree(cat_threshold)), "/tmp/.tmpogcIvy/sdists-v9/pypi/lightgbm/4.7.0/insGUydc4PW9vJoP/src/include/LightGBM/cuda/cuda_split_info.hpp", 54); };
DEBUG                      ^
DEBUG 
DEBUG /tmp/.tmpogcIvy/sdists-v9/pypi/lightgbm/4.7.0/insGUydc4PW9vJoP/src/include/LightGBM/cuda/cuda_split_info.hpp(57): warning #20014-D: calling a __host__ function from a __host__ __device__ function is not allowed
DEBUG           { gpuAssert((cudaFree(cat_threshold_real)), "/tmp/.tmpogcIvy/sdists-v9/pypi/lightgbm/4.7.0/insGUydc4PW9vJoP/src/include/LightGBM/cuda/cuda_split_info.hpp", 57); };
DEBUG                      ^
DEBUG 
DEBUG [60/76] Building CUDA object CMakeFiles/lightgbm_objs.dir/src/boosting/cuda/cuda_score_updater.cu.o
DEBUG nvcc warning : Support for offline compilation for architectures prior to '<compute/sm/lto>_75' will be removed in a future release (Use -Wno-deprecated-gpu-targets to suppress warning).
DEBUG /tmp/.tmpogcIvy/sdists-v9/pypi/lightgbm/4.7.0/insGUydc4PW9vJoP/src/external_libs/fmt/include/fmt/base.h(472): warning #128-D: loop is not reachable
DEBUG     for (; n != 0; ++s1, ++s2, --n) {
DEBUG     ^
DEBUG           detected during:
DEBUG             instantiation of "auto fmt::v11::detail::compare(const Char *, const Char *, std::size_t)->int [with Char=char]" at line 591
DEBUG             instantiation of "auto fmt::v11::basic_string_view<Char>::compare(fmt::v11::basic_string_view<Char>) const->int [with Char=char]" at line 598
DEBUG             instantiation of class "fmt::v11::basic_string_view<Char> [with Char=char]" at line 2612
DEBUG             instantiation of "auto fmt::v11::basic_format_args<Context>::get_id(fmt::v11::basic_string_view<Char>) const->int [with Context=fmt::v11::context, Char=char]" at line 2655
DEBUG 
DEBUG Remark: The warnings can be suppressed with "-diag-suppress <warning-number>"
DEBUG 
DEBUG /tmp/.tmpogcIvy/sdists-v9/pypi/lightgbm/4.7.0/insGUydc4PW9vJoP/src/external_libs/fmt/include/fmt/format.h(2594): warning #2417-D: constexpr constructor calls non-constexpr function "fmt::v11::basic_memory_buffer<T, SIZE, Allocator>::basic_memory_buffer(const Allocator &) [with T=fmt::v11::detail::bigint::bigit, SIZE=32UL, Allocator=fmt::v11::detail::allocator<fmt::v11::detail::bigint::bigit>]"
DEBUG     constexpr bigint() : exp_(0) {}
DEBUG                                  ^
DEBUG 
DEBUG /tmp/.tmpogcIvy/sdists-v9/pypi/lightgbm/4.7.0/insGUydc4PW9vJoP/src/external_libs/fmt/include/fmt/base.h(472): warning #128-D: loop is not reachable
DEBUG     for (; n != 0; ++s1, ++s2, --n) {
DEBUG     ^
DEBUG           detected during:
DEBUG             instantiation of "auto fmt::v11::detail::compare(const Char *, const Char *, std::size_t)->int [with Char=char]" at line 591
DEBUG             instantiation of "auto fmt::v11::basic_string_view<Char>::compare(fmt::v11::basic_string_view<Char>) const->int [with Char=char]" at line 598
DEBUG             instantiation of class "fmt::v11::basic_string_view<Char> [with Char=char]" at line 2612
DEBUG             instantiation of "auto fmt::v11::basic_format_args<Context>::get_id(fmt::v11::basic_string_view<Char>) const->int [with Context=fmt::v11::context, Char=char]" at line 2655
DEBUG 
DEBUG Remark: The warnings can be suppressed with "-diag-suppress <warning-number>"
DEBUG 
DEBUG /tmp/.tmpogcIvy/sdists-v9/pypi/lightgbm/4.7.0/insGUydc4PW9vJoP/src/external_libs/fmt/include/fmt/format.h(2594): warning #2417-D: constexpr constructor calls non-constexpr function "fmt::v11::basic_memory_buffer<T, SIZE, Allocator>::basic_memory_buffer(const Allocator &) [with T=fmt::v11::detail::bigint::bigit, SIZE=32UL, Allocator=fmt::v11::detail::allocator<fmt::v11::detail::bigint::bigit>]"
DEBUG     constexpr bigint() : exp_(0) {}
DEBUG                                  ^
DEBUG 
DEBUG /tmp/.tmpogcIvy/sdists-v9/pypi/lightgbm/4.7.0/insGUydc4PW9vJoP/src/external_libs/fmt/include/fmt/base.h(472): warning #128-D: loop is not reachable
DEBUG     for (; n != 0; ++s1, ++s2, --n) {
DEBUG     ^
DEBUG           detected during:
DEBUG             instantiation of "auto fmt::v11::detail::compare(const Char *, const Char *, std::size_t)->int [with Char=char]" at line 591
DEBUG             instantiation of "auto fmt::v11::basic_string_view<Char>::compare(fmt::v11::basic_string_view<Char>) const->int [with Char=char]" at line 598
DEBUG             instantiation of class "fmt::v11::basic_string_view<Char> [with Char=char]" at line 2612
DEBUG             instantiation of "auto fmt::v11::basic_format_args<Context>::get_id(fmt::v11::basic_string_view<Char>) const->int [with Context=fmt::v11::context, Char=char]" at line 2655
DEBUG 
DEBUG Remark: The warnings can be suppressed with "-diag-suppress <warning-number>"
DEBUG 
DEBUG /tmp/.tmpogcIvy/sdists-v9/pypi/lightgbm/4.7.0/insGUydc4PW9vJoP/src/external_libs/fmt/include/fmt/format.h(2594): warning #2417-D: constexpr constructor calls non-constexpr function "fmt::v11::basic_memory_buffer<T, SIZE, Allocator>::basic_memory_buffer(const Allocator &) [with T=fmt::v11::detail::bigint::bigit, SIZE=32UL, Allocator=fmt::v11::detail::allocator<fmt::v11::detail::bigint::bigit>]"
DEBUG     constexpr bigint() : exp_(0) {}
DEBUG                                  ^
DEBUG 
DEBUG /tmp/.tmpogcIvy/sdists-v9/pypi/lightgbm/4.7.0/insGUydc4PW9vJoP/src/external_libs/fmt/include/fmt/base.h(472): warning #128-D: loop is not reachable
DEBUG     for (; n != 0; ++s1, ++s2, --n) {
DEBUG     ^
DEBUG           detected during:
DEBUG             instantiation of "auto fmt::v11::detail::compare(const Char *, const Char *, std::size_t)->int [with Char=char]" at line 591
DEBUG             instantiation of "auto fmt::v11::basic_string_view<Char>::compare(fmt::v11::basic_string_view<Char>) const->int [with Char=char]" at line 598
DEBUG             instantiation of class "fmt::v11::basic_string_view<Char> [with Char=char]" at line 2612
DEBUG             instantiation of "auto fmt::v11::basic_format_args<Context>::get_id(fmt::v11::basic_string_view<Char>) const->int [with Context=fmt::v11::context, Char=char]" at line 2655
DEBUG 
DEBUG Remark: The warnings can be suppressed with "-diag-suppress <warning-number>"
DEBUG 
DEBUG /tmp/.tmpogcIvy/sdists-v9/pypi/lightgbm/4.7.0/insGUydc4PW9vJoP/src/external_libs/fmt/include/fmt/format.h(2594): warning #2417-D: constexpr constructor calls non-constexpr function "fmt::v11::basic_memory_buffer<T, SIZE, Allocator>::basic_memory_buffer(const Allocator &) [with T=fmt::v11::detail::bigint::bigit, SIZE=32UL, Allocator=fmt::v11::detail::allocator<fmt::v11::detail::bigint::bigit>]"
DEBUG     constexpr bigint() : exp_(0) {}
DEBUG                                  ^
DEBUG 
DEBUG /tmp/.tmpogcIvy/sdists-v9/pypi/lightgbm/4.7.0/insGUydc4PW9vJoP/src/external_libs/fmt/include/fmt/base.h(472): warning #128-D: loop is not reachable
DEBUG     for (; n != 0; ++s1, ++s2, --n) {
DEBUG     ^
DEBUG           detected during:
DEBUG             instantiation of "auto fmt::v11::detail::compare(const Char *, const Char *, std::size_t)->int [with Char=char]" at line 591
DEBUG             instantiation of "auto fmt::v11::basic_string_view<Char>::compare(fmt::v11::basic_string_view<Char>) const->int [with Char=char]" at line 598
DEBUG             instantiation of class "fmt::v11::basic_string_view<Char> [with Char=char]" at line 2612
DEBUG             instantiation of "auto fmt::v11::basic_format_args<Context>::get_id(fmt::v11::basic_string_view<Char>) const->int [with Context=fmt::v11::context, Char=char]" at line 2655
DEBUG 
DEBUG Remark: The warnings can be suppressed with "-diag-suppress <warning-number>"
DEBUG 
DEBUG /tmp/.tmpogcIvy/sdists-v9/pypi/lightgbm/4.7.0/insGUydc4PW9vJoP/src/external_libs/fmt/include/fmt/format.h(2594): warning #2417-D: constexpr constructor calls non-constexpr function "fmt::v11::basic_memory_buffer<T, SIZE, Allocator>::basic_memory_buffer(const Allocator &) [with T=fmt::v11::detail::bigint::bigit, SIZE=32UL, Allocator=fmt::v11::detail::allocator<fmt::v11::detail::bigint::bigit>]"
DEBUG     constexpr bigint() : exp_(0) {}
DEBUG                                  ^
DEBUG 
DEBUG /tmp/.tmpogcIvy/sdists-v9/pypi/lightgbm/4.7.0/insGUydc4PW9vJoP/src/external_libs/fmt/include/fmt/base.h(472): warning #128-D: loop is not reachable
DEBUG     for (; n != 0; ++s1, ++s2, --n) {
DEBUG     ^
DEBUG           detected during:
DEBUG             instantiation of "auto fmt::v11::detail::compare(const Char *, const Char *, std::size_t)->int [with Char=char]" at line 591
DEBUG             instantiation of "auto fmt::v11::basic_string_view<Char>::compare(fmt::v11::basic_string_view<Char>) const->int [with Char=char]" at line 598
DEBUG             instantiation of class "fmt::v11::basic_string_view<Char> [with Char=char]" at line 2612
DEBUG             instantiation of "auto fmt::v11::basic_format_args<Context>::get_id(fmt::v11::basic_string_view<Char>) const->int [with Context=fmt::v11::context, Char=char]" at line 2655
DEBUG 
DEBUG Remark: The warnings can be suppressed with "-diag-suppress <warning-number>"
DEBUG 
DEBUG /tmp/.tmpogcIvy/sdists-v9/pypi/lightgbm/4.7.0/insGUydc4PW9vJoP/src/external_libs/fmt/include/fmt/format.h(2594): warning #2417-D: constexpr constructor calls non-constexpr function "fmt::v11::basic_memory_buffer<T, SIZE, Allocator>::basic_memory_buffer(const Allocator &) [with T=fmt::v11::detail::bigint::bigit, SIZE=32UL, Allocator=fmt::v11::detail::allocator<fmt::v11::detail::bigint::bigit>]"
DEBUG     constexpr bigint() : exp_(0) {}
DEBUG                                  ^
DEBUG 
DEBUG /tmp/.tmpogcIvy/sdists-v9/pypi/lightgbm/4.7.0/insGUydc4PW9vJoP/src/external_libs/fmt/include/fmt/base.h(472): warning #128-D: loop is not reachable
DEBUG     for (; n != 0; ++s1, ++s2, --n) {
DEBUG     ^
DEBUG           detected during:
DEBUG             instantiation of "auto fmt::v11::detail::compare(const Char *, const Char *, std::size_t)->int [with Char=char]" at line 591
DEBUG             instantiation of "auto fmt::v11::basic_string_view<Char>::compare(fmt::v11::basic_string_view<Char>) const->int [with Char=char]" at line 598
DEBUG             instantiation of class "fmt::v11::basic_string_view<Char> [with Char=char]" at line 2612
DEBUG             instantiation of "auto fmt::v11::basic_format_args<Context>::get_id(fmt::v11::basic_string_view<Char>) const->int [with Context=fmt::v11::context, Char=char]" at line 2655
DEBUG 
DEBUG Remark: The warnings can be suppressed with "-diag-suppress <warning-number>"
DEBUG 
DEBUG /tmp/.tmpogcIvy/sdists-v9/pypi/lightgbm/4.7.0/insGUydc4PW9vJoP/src/external_libs/fmt/include/fmt/format.h(2594): warning #2417-D: constexpr constructor calls non-constexpr function "fmt::v11::basic_memory_buffer<T, SIZE, Allocator>::basic_memory_buffer(const Allocator &) [with T=fmt::v11::detail::bigint::bigit, SIZE=32UL, Allocator=fmt::v11::detail::allocator<fmt::v11::detail::bigint::bigit>]"
DEBUG     constexpr bigint() : exp_(0) {}
DEBUG                                  ^
DEBUG 
DEBUG /tmp/.tmpogcIvy/sdists-v9/pypi/lightgbm/4.7.0/insGUydc4PW9vJoP/src/external_libs/fmt/include/fmt/base.h(472): warning #128-D: loop is not reachable
DEBUG     for (; n != 0; ++s1, ++s2, --n) {
DEBUG     ^
DEBUG           detected during:
DEBUG             instantiation of "auto fmt::v11::detail::compare(const Char *, const Char *, std::size_t)->int [with Char=char]" at line 591
DEBUG             instantiation of "auto fmt::v11::basic_string_view<Char>::compare(fmt::v11::basic_string_view<Char>) const->int [with Char=char]" at line 598
DEBUG             instantiation of class "fmt::v11::basic_string_view<Char> [with Char=char]" at line 2612
DEBUG             instantiation of "auto fmt::v11::basic_format_args<Context>::get_id(fmt::v11::basic_string_view<Char>) const->int [with Context=fmt::v11::context, Char=char]" at line 2655
DEBUG 
DEBUG Remark: The warnings can be suppressed with "-diag-suppress <warning-number>"
DEBUG 
DEBUG /tmp/.tmpogcIvy/sdists-v9/pypi/lightgbm/4.7.0/insGUydc4PW9vJoP/src/external_libs/fmt/include/fmt/format.h(2594): warning #2417-D: constexpr constructor calls non-constexpr function "fmt::v11::basic_memory_buffer<T, SIZE, Allocator>::basic_memory_buffer(const Allocator &) [with T=fmt::v11::detail::bigint::bigit, SIZE=32UL, Allocator=fmt::v11::detail::allocator<fmt::v11::detail::bigint::bigit>]"
DEBUG     constexpr bigint() : exp_(0) {}
DEBUG                                  ^
DEBUG 
DEBUG /tmp/.tmpogcIvy/sdists-v9/pypi/lightgbm/4.7.0/insGUydc4PW9vJoP/src/external_libs/fmt/include/fmt/base.h(472): warning #128-D: loop is not reachable
DEBUG     for (; n != 0; ++s1, ++s2, --n) {
DEBUG     ^
DEBUG           detected during:
DEBUG             instantiation of "auto fmt::v11::detail::compare(const Char *, const Char *, std::size_t)->int [with Char=char]" at line 591
DEBUG             instantiation of "auto fmt::v11::basic_string_view<Char>::compare(fmt::v11::basic_string_view<Char>) const->int [with Char=char]" at line 598
DEBUG             instantiation of class "fmt::v11::basic_string_view<Char> [with Char=char]" at line 2612
DEBUG             instantiation of "auto fmt::v11::basic_format_args<Context>::get_id(fmt::v11::basic_string_view<Char>) const->int [with Context=fmt::v11::context, Char=char]" at line 2655
DEBUG 
DEBUG Remark: The warnings can be suppressed with "-diag-suppress <warning-number>"
DEBUG 
DEBUG /tmp/.tmpogcIvy/sdists-v9/pypi/lightgbm/4.7.0/insGUydc4PW9vJoP/src/external_libs/fmt/include/fmt/format.h(2594): warning #2417-D: constexpr constructor calls non-constexpr function "fmt::v11::basic_memory_buffer<T, SIZE, Allocator>::basic_memory_buffer(const Allocator &) [with T=fmt::v11::detail::bigint::bigit, SIZE=32UL, Allocator=fmt::v11::detail::allocator<fmt::v11::detail::bigint::bigit>]"
DEBUG     constexpr bigint() : exp_(0) {}
DEBUG                                  ^
DEBUG 
DEBUG /tmp/.tmpogcIvy/sdists-v9/pypi/lightgbm/4.7.0/insGUydc4PW9vJoP/src/external_libs/fmt/include/fmt/base.h(472): warning #128-D: loop is not reachable
DEBUG     for (; n != 0; ++s1, ++s2, --n) {
DEBUG     ^
DEBUG           detected during:
DEBUG             instantiation of "auto fmt::v11::detail::compare(const Char *, const Char *, std::size_t)->int [with Char=char]" at line 591
DEBUG             instantiation of "auto fmt::v11::basic_string_view<Char>::compare(fmt::v11::basic_string_view<Char>) const->int [with Char=char]" at line 598
DEBUG             instantiation of class "fmt::v11::basic_string_view<Char> [with Char=char]" at line 2612
DEBUG             instantiation of "auto fmt::v11::basic_format_args<Context>::get_id(fmt::v11::basic_string_view<Char>) const->int [with Context=fmt::v11::context, Char=char]" at line 2655
DEBUG 
DEBUG Remark: The warnings can be suppressed with "-diag-suppress <warning-number>"
DEBUG 
DEBUG /tmp/.tmpogcIvy/sdists-v9/pypi/lightgbm/4.7.0/insGUydc4PW9vJoP/src/external_libs/fmt/include/fmt/format.h(2594): warning #2417-D: constexpr constructor calls non-constexpr function "fmt::v11::basic_memory_buffer<T, SIZE, Allocator>::basic_memory_buffer(const Allocator &) [with T=fmt::v11::detail::bigint::bigit, SIZE=32UL, Allocator=fmt::v11::detail::allocator<fmt::v11::detail::bigint::bigit>]"
DEBUG     constexpr bigint() : exp_(0) {}
DEBUG                                  ^
DEBUG 
DEBUG [61/76] Building CUDA object CMakeFiles/lightgbm_objs.dir/src/cuda/cuda_algorithms.cu.o
DEBUG nvcc warning : Support for offline compilation for architectures prior to '<compute/sm/lto>_75' will be removed in a future release (Use -Wno-deprecated-gpu-targets to suppress warning).
DEBUG /tmp/.tmpogcIvy/sdists-v9/pypi/lightgbm/4.7.0/insGUydc4PW9vJoP/src/external_libs/fmt/include/fmt/base.h(472): warning #128-D: loop is not reachable
DEBUG     for (; n != 0; ++s1, ++s2, --n) {
DEBUG     ^
DEBUG           detected during:
DEBUG             instantiation of "auto fmt::v11::detail::compare(const Char *, const Char *, std::size_t)->int [with Char=char]" at line 591
DEBUG             instantiation of "auto fmt::v11::basic_string_view<Char>::compare(fmt::v11::basic_string_view<Char>) const->int [with Char=char]" at line 598
DEBUG             instantiation of class "fmt::v11::basic_string_view<Char> [with Char=char]" at line 2612
DEBUG             instantiation of "auto fmt::v11::basic_format_args<Context>::get_id(fmt::v11::basic_string_view<Char>) const->int [with Context=fmt::v11::context, Char=char]" at line 2655
DEBUG 
DEBUG Remark: The warnings can be suppressed with "-diag-suppress <warning-number>"
DEBUG 
DEBUG /tmp/.tmpogcIvy/sdists-v9/pypi/lightgbm/4.7.0/insGUydc4PW9vJoP/src/external_libs/fmt/include/fmt/format.h(2594): warning #2417-D: constexpr constructor calls non-constexpr function "fmt::v11::basic_memory_buffer<T, SIZE, Allocator>::basic_memory_buffer(const Allocator &) [with T=fmt::v11::detail::bigint::bigit, SIZE=32UL, Allocator=fmt::v11::detail::allocator<fmt::v11::detail::bigint::bigit>]"
DEBUG     constexpr bigint() : exp_(0) {}
DEBUG                                  ^
DEBUG 
DEBUG /tmp/.tmpogcIvy/sdists-v9/pypi/lightgbm/4.7.0/insGUydc4PW9vJoP/src/external_libs/fmt/include/fmt/base.h(472): warning #128-D: loop is not reachable
DEBUG     for (; n != 0; ++s1, ++s2, --n) {
DEBUG     ^
DEBUG           detected during:
DEBUG             instantiation of "auto fmt::v11::detail::compare(const Char *, const Char *, std::size_t)->int [with Char=char]" at line 591
DEBUG             instantiation of "auto fmt::v11::basic_string_view<Char>::compare(fmt::v11::basic_string_view<Char>) const->int [with Char=char]" at line 598
DEBUG             instantiation of class "fmt::v11::basic_string_view<Char> [with Char=char]" at line 2612
DEBUG             instantiation of "auto fmt::v11::basic_format_args<Context>::get_id(fmt::v11::basic_string_view<Char>) const->int [with Context=fmt::v11::context, Char=char]" at line 2655
DEBUG 
DEBUG Remark: The warnings can be suppressed with "-diag-suppress <warning-number>"
DEBUG 
DEBUG /tmp/.tmpogcIvy/sdists-v9/pypi/lightgbm/4.7.0/insGUydc4PW9vJoP/src/external_libs/fmt/include/fmt/format.h(2594): warning #2417-D: constexpr constructor calls non-constexpr function "fmt::v11::basic_memory_buffer<T, SIZE, Allocator>::basic_memory_buffer(const Allocator &) [with T=fmt::v11::detail::bigint::bigit, SIZE=32UL, Allocator=fmt::v11::detail::allocator<fmt::v11::detail::bigint::bigit>]"
DEBUG     constexpr bigint() : exp_(0) {}
DEBUG                                  ^
DEBUG 
DEBUG /tmp/.tmpogcIvy/sdists-v9/pypi/lightgbm/4.7.0/insGUydc4PW9vJoP/src/external_libs/fmt/include/fmt/base.h(472): warning #128-D: loop is not reachable
DEBUG     for (; n != 0; ++s1, ++s2, --n) {
DEBUG     ^
DEBUG           detected during:
DEBUG             instantiation of "auto fmt::v11::detail::compare(const Char *, const Char *, std::size_t)->int [with Char=char]" at line 591
DEBUG             instantiation of "auto fmt::v11::basic_string_view<Char>::compare(fmt::v11::basic_string_view<Char>) const->int [with Char=char]" at line 598
DEBUG             instantiation of class "fmt::v11::basic_string_view<Char> [with Char=char]" at line 2612
DEBUG             instantiation of "auto fmt::v11::basic_format_args<Context>::get_id(fmt::v11::basic_string_view<Char>) const->int [with Context=fmt::v11::context, Char=char]" at line 2655
DEBUG 
DEBUG Remark: The warnings can be suppressed with "-diag-suppress <warning-number>"
DEBUG 
DEBUG /tmp/.tmpogcIvy/sdists-v9/pypi/lightgbm/4.7.0/insGUydc4PW9vJoP/src/external_libs/fmt/include/fmt/format.h(2594): warning #2417-D: constexpr constructor calls non-constexpr function "fmt::v11::basic_memory_buffer<T, SIZE, Allocator>::basic_memory_buffer(const Allocator &) [with T=fmt::v11::detail::bigint::bigit, SIZE=32UL, Allocator=fmt::v11::detail::allocator<fmt::v11::detail::bigint::bigit>]"
DEBUG     constexpr bigint() : exp_(0) {}
DEBUG                                  ^
DEBUG 
DEBUG /tmp/.tmpogcIvy/sdists-v9/pypi/lightgbm/4.7.0/insGUydc4PW9vJoP/src/external_libs/fmt/include/fmt/base.h(472): warning #128-D: loop is not reachable
DEBUG     for (; n != 0; ++s1, ++s2, --n) {
DEBUG     ^
DEBUG           detected during:
DEBUG             instantiation of "auto fmt::v11::detail::compare(const Char *, const Char *, std::size_t)->int [with Char=char]" at line 591
DEBUG             instantiation of "auto fmt::v11::basic_string_view<Char>::compare(fmt::v11::basic_string_view<Char>) const->int [with Char=char]" at line 598
DEBUG             instantiation of class "fmt::v11::basic_string_view<Char> [with Char=char]" at line 2612
DEBUG             instantiation of "auto fmt::v11::basic_format_args<Context>::get_id(fmt::v11::basic_string_view<Char>) const->int [with Context=fmt::v11::context, Char=char]" at line 2655
DEBUG 
DEBUG Remark: The warnings can be suppressed with "-diag-suppress <warning-number>"
DEBUG 
DEBUG /tmp/.tmpogcIvy/sdists-v9/pypi/lightgbm/4.7.0/insGUydc4PW9vJoP/src/external_libs/fmt/include/fmt/format.h(2594): warning #2417-D: constexpr constructor calls non-constexpr function "fmt::v11::basic_memory_buffer<T, SIZE, Allocator>::basic_memory_buffer(const Allocator &) [with T=fmt::v11::detail::bigint::bigit, SIZE=32UL, Allocator=fmt::v11::detail::allocator<fmt::v11::detail::bigint::bigit>]"
DEBUG     constexpr bigint() : exp_(0) {}
DEBUG                                  ^
DEBUG 
DEBUG /tmp/.tmpogcIvy/sdists-v9/pypi/lightgbm/4.7.0/insGUydc4PW9vJoP/src/external_libs/fmt/include/fmt/base.h(472): warning #128-D: loop is not reachable
DEBUG     for (; n != 0; ++s1, ++s2, --n) {
DEBUG     ^
DEBUG           detected during:
DEBUG             instantiation of "auto fmt::v11::detail::compare(const Char *, const Char *, std::size_t)->int [with Char=char]" at line 591
DEBUG             instantiation of "auto fmt::v11::basic_string_view<Char>::compare(fmt::v11::basic_string_view<Char>) const->int [with Char=char]" at line 598
DEBUG             instantiation of class "fmt::v11::basic_string_view<Char> [with Char=char]" at line 2612
DEBUG             instantiation of "auto fmt::v11::basic_format_args<Context>::get_id(fmt::v11::basic_string_view<Char>) const->int [with Context=fmt::v11::context, Char=char]" at line 2655
DEBUG 
DEBUG Remark: The warnings can be suppressed with "-diag-suppress <warning-number>"
DEBUG 
DEBUG /tmp/.tmpogcIvy/sdists-v9/pypi/lightgbm/4.7.0/insGUydc4PW9vJoP/src/external_libs/fmt/include/fmt/format.h(2594): warning #2417-D: constexpr constructor calls non-constexpr function "fmt::v11::basic_memory_buffer<T, SIZE, Allocator>::basic_memory_buffer(const Allocator &) [with T=fmt::v11::detail::bigint::bigit, SIZE=32UL, Allocator=fmt::v11::detail::allocator<fmt::v11::detail::bigint::bigit>]"
DEBUG     constexpr bigint() : exp_(0) {}
DEBUG                                  ^
DEBUG 
DEBUG /tmp/.tmpogcIvy/sdists-v9/pypi/lightgbm/4.7.0/insGUydc4PW9vJoP/src/external_libs/fmt/include/fmt/base.h(472): warning #128-D: loop is not reachable
DEBUG     for (; n != 0; ++s1, ++s2, --n) {
DEBUG     ^
DEBUG           detected during:
DEBUG             instantiation of "auto fmt::v11::detail::compare(const Char *, const Char *, std::size_t)->int [with Char=char]" at line 591
DEBUG             instantiation of "auto fmt::v11::basic_string_view<Char>::compare(fmt::v11::basic_string_view<Char>) const->int [with Char=char]" at line 598
DEBUG             instantiation of class "fmt::v11::basic_string_view<Char> [with Char=char]" at line 2612
DEBUG             instantiation of "auto fmt::v11::basic_format_args<Context>::get_id(fmt::v11::basic_string_view<Char>) const->int [with Context=fmt::v11::context, Char=char]" at line 2655
DEBUG 
DEBUG Remark: The warnings can be suppressed with "-diag-suppress <warning-number>"
DEBUG 
DEBUG /tmp/.tmpogcIvy/sdists-v9/pypi/lightgbm/4.7.0/insGUydc4PW9vJoP/src/external_libs/fmt/include/fmt/format.h(2594): warning #2417-D: constexpr constructor calls non-constexpr function "fmt::v11::basic_memory_buffer<T, SIZE, Allocator>::basic_memory_buffer(const Allocator &) [with T=fmt::v11::detail::bigint::bigit, SIZE=32UL, Allocator=fmt::v11::detail::allocator<fmt::v11::detail::bigint::bigit>]"
DEBUG     constexpr bigint() : exp_(0) {}
DEBUG                                  ^
DEBUG 
DEBUG /tmp/.tmpogcIvy/sdists-v9/pypi/lightgbm/4.7.0/insGUydc4PW9vJoP/src/external_libs/fmt/include/fmt/base.h(472): warning #128-D: loop is not reachable
DEBUG     for (; n != 0; ++s1, ++s2, --n) {
DEBUG     ^
DEBUG           detected during:
DEBUG             instantiation of "auto fmt::v11::detail::compare(const Char *, const Char *, std::size_t)->int [with Char=char]" at line 591
DEBUG             instantiation of "auto fmt::v11::basic_string_view<Char>::compare(fmt::v11::basic_string_view<Char>) const->int [with Char=char]" at line 598
DEBUG             instantiation of class "fmt::v11::basic_string_view<Char> [with Char=char]" at line 2612
DEBUG             instantiation of "auto fmt::v11::basic_format_args<Context>::get_id(fmt::v11::basic_string_view<Char>) const->int [with Context=fmt::v11::context, Char=char]" at line 2655
DEBUG 
DEBUG Remark: The warnings can be suppressed with "-diag-suppress <warning-number>"
DEBUG 
DEBUG /tmp/.tmpogcIvy/sdists-v9/pypi/lightgbm/4.7.0/insGUydc4PW9vJoP/src/external_libs/fmt/include/fmt/format.h(2594): warning #2417-D: constexpr constructor calls non-constexpr function "fmt::v11::basic_memory_buffer<T, SIZE, Allocator>::basic_memory_buffer(const Allocator &) [with T=fmt::v11::detail::bigint::bigit, SIZE=32UL, Allocator=fmt::v11::detail::allocator<fmt::v11::detail::bigint::bigit>]"
DEBUG     constexpr bigint() : exp_(0) {}
DEBUG                                  ^
DEBUG 
DEBUG /tmp/.tmpogcIvy/sdists-v9/pypi/lightgbm/4.7.0/insGUydc4PW9vJoP/src/external_libs/fmt/include/fmt/base.h(472): warning #128-D: loop is not reachable
DEBUG     for (; n != 0; ++s1, ++s2, --n) {
DEBUG     ^
DEBUG           detected during:
DEBUG             instantiation of "auto fmt::v11::detail::compare(const Char *, const Char *, std::size_t)->int [with Char=char]" at line 591
DEBUG             instantiation of "auto fmt::v11::basic_string_view<Char>::compare(fmt::v11::basic_string_view<Char>) const->int [with Char=char]" at line 598
DEBUG             instantiation of class "fmt::v11::basic_string_view<Char> [with Char=char]" at line 2612
DEBUG             instantiation of "auto fmt::v11::basic_format_args<Context>::get_id(fmt::v11::basic_string_view<Char>) const->int [with Context=fmt::v11::context, Char=char]" at line 2655
DEBUG 
DEBUG Remark: The warnings can be suppressed with "-diag-suppress <warning-number>"
DEBUG 
DEBUG /tmp/.tmpogcIvy/sdists-v9/pypi/lightgbm/4.7.0/insGUydc4PW9vJoP/src/external_libs/fmt/include/fmt/format.h(2594): warning #2417-D: constexpr constructor calls non-constexpr function "fmt::v11::basic_memory_buffer<T, SIZE, Allocator>::basic_memory_buffer(const Allocator &) [with T=fmt::v11::detail::bigint::bigit, SIZE=32UL, Allocator=fmt::v11::detail::allocator<fmt::v11::detail::bigint::bigit>]"
DEBUG     constexpr bigint() : exp_(0) {}
DEBUG                                  ^
DEBUG 
DEBUG /tmp/.tmpogcIvy/sdists-v9/pypi/lightgbm/4.7.0/insGUydc4PW9vJoP/src/external_libs/fmt/include/fmt/base.h(472): warning #128-D: loop is not reachable
DEBUG     for (; n != 0; ++s1, ++s2, --n) {
DEBUG     ^
DEBUG           detected during:
DEBUG             instantiation of "auto fmt::v11::detail::compare(const Char *, const Char *, std::size_t)->int [with Char=char]" at line 591
DEBUG             instantiation of "auto fmt::v11::basic_string_view<Char>::compare(fmt::v11::basic_string_view<Char>) const->int [with Char=char]" at line 598
DEBUG             instantiation of class "fmt::v11::basic_string_view<Char> [with Char=char]" at line 2612
DEBUG             instantiation of "auto fmt::v11::basic_format_args<Context>::get_id(fmt::v11::basic_string_view<Char>) const->int [with Context=fmt::v11::context, Char=char]" at line 2655
DEBUG 
DEBUG Remark: The warnings can be suppressed with "-diag-suppress <warning-number>"
DEBUG 
DEBUG /tmp/.tmpogcIvy/sdists-v9/pypi/lightgbm/4.7.0/insGUydc4PW9vJoP/src/external_libs/fmt/include/fmt/format.h(2594): warning #2417-D: constexpr constructor calls non-constexpr function "fmt::v11::basic_memory_buffer<T, SIZE, Allocator>::basic_memory_buffer(const Allocator &) [with T=fmt::v11::detail::bigint::bigit, SIZE=32UL, Allocator=fmt::v11::detail::allocator<fmt::v11::detail::bigint::bigit>]"
DEBUG     constexpr bigint() : exp_(0) {}
DEBUG                                  ^
DEBUG 
DEBUG /tmp/.tmpogcIvy/sdists-v9/pypi/lightgbm/4.7.0/insGUydc4PW9vJoP/src/external_libs/fmt/include/fmt/base.h(472): warning #128-D: loop is not reachable
DEBUG     for (; n != 0; ++s1, ++s2, --n) {
DEBUG     ^
DEBUG           detected during:
DEBUG             instantiation of "auto fmt::v11::detail::compare(const Char *, const Char *, std::size_t)->int [with Char=char]" at line 591
DEBUG             instantiation of "auto fmt::v11::basic_string_view<Char>::compare(fmt::v11::basic_string_view<Char>) const->int [with Char=char]" at line 598
DEBUG             instantiation of class "fmt::v11::basic_string_view<Char> [with Char=char]" at line 2612
DEBUG             instantiation of "auto fmt::v11::basic_format_args<Context>::get_id(fmt::v11::basic_string_view<Char>) const->int [with Context=fmt::v11::context, Char=char]" at line 2655
DEBUG 
DEBUG Remark: The warnings can be suppressed with "-diag-suppress <warning-number>"
DEBUG 
DEBUG /tmp/.tmpogcIvy/sdists-v9/pypi/lightgbm/4.7.0/insGUydc4PW9vJoP/src/external_libs/fmt/include/fmt/format.h(2594): warning #2417-D: constexpr constructor calls non-constexpr function "fmt::v11::basic_memory_buffer<T, SIZE, Allocator>::basic_memory_buffer(const Allocator &) [with T=fmt::v11::detail::bigint::bigit, SIZE=32UL, Allocator=fmt::v11::detail::allocator<fmt::v11::detail::bigint::bigit>]"
DEBUG     constexpr bigint() : exp_(0) {}
DEBUG                                  ^
DEBUG 
DEBUG [62/76] Building CUDA object CMakeFiles/lightgbm_objs.dir/src/objective/cuda/cuda_binary_objective.cu.o
DEBUG nvcc warning : Support for offline compilation for architectures prior to '<compute/sm/lto>_75' will be removed in a future release (Use -Wno-deprecated-gpu-targets to suppress warning).
DEBUG /tmp/.tmpogcIvy/sdists-v9/pypi/lightgbm/4.7.0/insGUydc4PW9vJoP/src/external_libs/fmt/include/fmt/base.h(472): warning #128-D: loop is not reachable
DEBUG     for (; n != 0; ++s1, ++s2, --n) {
DEBUG     ^
DEBUG           detected during:
DEBUG             instantiation of "auto fmt::v11::detail::compare(const Char *, const Char *, std::size_t)->int [with Char=char]" at line 591
DEBUG             instantiation of "auto fmt::v11::basic_string_view<Char>::compare(fmt::v11::basic_string_view<Char>) const->int [with Char=char]" at line 598
DEBUG             instantiation of class "fmt::v11::basic_string_view<Char> [with Char=char]" at line 2612
DEBUG             instantiation of "auto fmt::v11::basic_format_args<Context>::get_id(fmt::v11::basic_string_view<Char>) const->int [with Context=fmt::v11::context, Char=char]" at line 2655
DEBUG 
DEBUG Remark: The warnings can be suppressed with "-diag-suppress <warning-number>"
DEBUG 
DEBUG /tmp/.tmpogcIvy/sdists-v9/pypi/lightgbm/4.7.0/insGUydc4PW9vJoP/src/external_libs/fmt/include/fmt/format.h(2594): warning #2417-D: constexpr constructor calls non-constexpr function "fmt::v11::basic_memory_buffer<T, SIZE, Allocator>::basic_memory_buffer(const Allocator &) [with T=fmt::v11::detail::bigint::bigit, SIZE=32UL, Allocator=fmt::v11::detail::allocator<fmt::v11::detail::bigint::bigit>]"
DEBUG     constexpr bigint() : exp_(0) {}
DEBUG                                  ^
DEBUG 
DEBUG /tmp/.tmpogcIvy/sdists-v9/pypi/lightgbm/4.7.0/insGUydc4PW9vJoP/src/external_libs/fmt/include/fmt/base.h(472): warning #128-D: loop is not reachable
DEBUG     for (; n != 0; ++s1, ++s2, --n) {
DEBUG     ^
DEBUG           detected during:
DEBUG             instantiation of "auto fmt::v11::detail::compare(const Char *, const Char *, std::size_t)->int [with Char=char]" at line 591
DEBUG             instantiation of "auto fmt::v11::basic_string_view<Char>::compare(fmt::v11::basic_string_view<Char>) const->int [with Char=char]" at line 598
DEBUG             instantiation of class "fmt::v11::basic_string_view<Char> [with Char=char]" at line 2612
DEBUG             instantiation of "auto fmt::v11::basic_format_args<Context>::get_id(fmt::v11::basic_string_view<Char>) const->int [with Context=fmt::v11::context, Char=char]" at line 2655
DEBUG 
DEBUG Remark: The warnings can be suppressed with "-diag-suppress <warning-number>"
DEBUG 
DEBUG /tmp/.tmpogcIvy/sdists-v9/pypi/lightgbm/4.7.0/insGUydc4PW9vJoP/src/external_libs/fmt/include/fmt/format.h(2594): warning #2417-D: constexpr constructor calls non-constexpr function "fmt::v11::basic_memory_buffer<T, SIZE, Allocator>::basic_memory_buffer(const Allocator &) [with T=fmt::v11::detail::bigint::bigit, SIZE=32UL, Allocator=fmt::v11::detail::allocator<fmt::v11::detail::bigint::bigit>]"
DEBUG     constexpr bigint() : exp_(0) {}
DEBUG                                  ^
DEBUG 
DEBUG /tmp/.tmpogcIvy/sdists-v9/pypi/lightgbm/4.7.0/insGUydc4PW9vJoP/src/external_libs/fmt/include/fmt/base.h(472): warning #128-D: loop is not reachable
DEBUG     for (; n != 0; ++s1, ++s2, --n) {
DEBUG     ^
DEBUG           detected during:
DEBUG             instantiation of "auto fmt::v11::detail::compare(const Char *, const Char *, std::size_t)->int [with Char=char]" at line 591
DEBUG             instantiation of "auto fmt::v11::basic_string_view<Char>::compare(fmt::v11::basic_string_view<Char>) const->int [with Char=char]" at line 598
DEBUG             instantiation of class "fmt::v11::basic_string_view<Char> [with Char=char]" at line 2612
DEBUG             instantiation of "auto fmt::v11::basic_format_args<Context>::get_id(fmt::v11::basic_string_view<Char>) const->int [with Context=fmt::v11::context, Char=char]" at line 2655
DEBUG 
DEBUG Remark: The warnings can be suppressed with "-diag-suppress <warning-number>"
DEBUG 
DEBUG /tmp/.tmpogcIvy/sdists-v9/pypi/lightgbm/4.7.0/insGUydc4PW9vJoP/src/external_libs/fmt/include/fmt/format.h(2594): warning #2417-D: constexpr constructor calls non-constexpr function "fmt::v11::basic_memory_buffer<T, SIZE, Allocator>::basic_memory_buffer(const Allocator &) [with T=fmt::v11::detail::bigint::bigit, SIZE=32UL, Allocator=fmt::v11::detail::allocator<fmt::v11::detail::bigint::bigit>]"
DEBUG     constexpr bigint() : exp_(0) {}
DEBUG                                  ^
DEBUG 
DEBUG /tmp/.tmpogcIvy/sdists-v9/pypi/lightgbm/4.7.0/insGUydc4PW9vJoP/src/external_libs/fmt/include/fmt/base.h(472): warning #128-D: loop is not reachable
DEBUG     for (; n != 0; ++s1, ++s2, --n) {
DEBUG     ^
DEBUG           detected during:
DEBUG             instantiation of "auto fmt::v11::detail::compare(const Char *, const Char *, std::size_t)->int [with Char=char]" at line 591
DEBUG             instantiation of "auto fmt::v11::basic_string_view<Char>::compare(fmt::v11::basic_string_view<Char>) const->int [with Char=char]" at line 598
DEBUG             instantiation of class "fmt::v11::basic_string_view<Char> [with Char=char]" at line 2612
DEBUG             instantiation of "auto fmt::v11::basic_format_args<Context>::get_id(fmt::v11::basic_string_view<Char>) const->int [with Context=fmt::v11::context, Char=char]" at line 2655
DEBUG 
DEBUG Remark: The warnings can be suppressed with "-diag-suppress <warning-number>"
DEBUG 
DEBUG /tmp/.tmpogcIvy/sdists-v9/pypi/lightgbm/4.7.0/insGUydc4PW9vJoP/src/external_libs/fmt/include/fmt/format.h(2594): warning #2417-D: constexpr constructor calls non-constexpr function "fmt::v11::basic_memory_buffer<T, SIZE, Allocator>::basic_memory_buffer(const Allocator &) [with T=fmt::v11::detail::bigint::bigit, SIZE=32UL, Allocator=fmt::v11::detail::allocator<fmt::v11::detail::bigint::bigit>]"
DEBUG     constexpr bigint() : exp_(0) {}
DEBUG                                  ^
DEBUG 
DEBUG /tmp/.tmpogcIvy/sdists-v9/pypi/lightgbm/4.7.0/insGUydc4PW9vJoP/src/external_libs/fmt/include/fmt/base.h(472): warning #128-D: loop is not reachable
DEBUG     for (; n != 0; ++s1, ++s2, --n) {
DEBUG     ^
DEBUG           detected during:
DEBUG             instantiation of "auto fmt::v11::detail::compare(const Char *, const Char *, std::size_t)->int [with Char=char]" at line 591
DEBUG             instantiation of "auto fmt::v11::basic_string_view<Char>::compare(fmt::v11::basic_string_view<Char>) const->int [with Char=char]" at line 598
DEBUG             instantiation of class "fmt::v11::basic_string_view<Char> [with Char=char]" at line 2612
DEBUG             instantiation of "auto fmt::v11::basic_format_args<Context>::get_id(fmt::v11::basic_string_view<Char>) const->int [with Context=fmt::v11::context, Char=char]" at line 2655
DEBUG 
DEBUG Remark: The warnings can be suppressed with "-diag-suppress <warning-number>"
DEBUG 
DEBUG /tmp/.tmpogcIvy/sdists-v9/pypi/lightgbm/4.7.0/insGUydc4PW9vJoP/src/external_libs/fmt/include/fmt/format.h(2594): warning #2417-D: constexpr constructor calls non-constexpr function "fmt::v11::basic_memory_buffer<T, SIZE, Allocator>::basic_memory_buffer(const Allocator &) [with T=fmt::v11::detail::bigint::bigit, SIZE=32UL, Allocator=fmt::v11::detail::allocator<fmt::v11::detail::bigint::bigit>]"
DEBUG     constexpr bigint() : exp_(0) {}
DEBUG                                  ^
DEBUG 
DEBUG /tmp/.tmpogcIvy/sdists-v9/pypi/lightgbm/4.7.0/insGUydc4PW9vJoP/src/external_libs/fmt/include/fmt/base.h(472): warning #128-D: loop is not reachable
DEBUG     for (; n != 0; ++s1, ++s2, --n) {
DEBUG     ^
DEBUG           detected during:
DEBUG             instantiation of "auto fmt::v11::detail::compare(const Char *, const Char *, std::size_t)->int [with Char=char]" at line 591
DEBUG             instantiation of "auto fmt::v11::basic_string_view<Char>::compare(fmt::v11::basic_string_view<Char>) const->int [with Char=char]" at line 598
DEBUG             instantiation of class "fmt::v11::basic_string_view<Char> [with Char=char]" at line 2612
DEBUG             instantiation of "auto fmt::v11::basic_format_args<Context>::get_id(fmt::v11::basic_string_view<Char>) const->int [with Context=fmt::v11::context, Char=char]" at line 2655
DEBUG 
DEBUG Remark: The warnings can be suppressed with "-diag-suppress <warning-number>"
DEBUG 
DEBUG /tmp/.tmpogcIvy/sdists-v9/pypi/lightgbm/4.7.0/insGUydc4PW9vJoP/src/external_libs/fmt/include/fmt/format.h(2594): warning #2417-D: constexpr constructor calls non-constexpr function "fmt::v11::basic_memory_buffer<T, SIZE, Allocator>::basic_memory_buffer(const Allocator &) [with T=fmt::v11::detail::bigint::bigit, SIZE=32UL, Allocator=fmt::v11::detail::allocator<fmt::v11::detail::bigint::bigit>]"
DEBUG     constexpr bigint() : exp_(0) {}
DEBUG                                  ^
DEBUG 
DEBUG /tmp/.tmpogcIvy/sdists-v9/pypi/lightgbm/4.7.0/insGUydc4PW9vJoP/src/external_libs/fmt/include/fmt/base.h(472): warning #128-D: loop is not reachable
DEBUG     for (; n != 0; ++s1, ++s2, --n) {
DEBUG     ^
DEBUG           detected during:
DEBUG             instantiation of "auto fmt::v11::detail::compare(const Char *, const Char *, std::size_t)->int [with Char=char]" at line 591
DEBUG             instantiation of "auto fmt::v11::basic_string_view<Char>::compare(fmt::v11::basic_string_view<Char>) const->int [with Char=char]" at line 598
DEBUG             instantiation of class "fmt::v11::basic_string_view<Char> [with Char=char]" at line 2612
DEBUG             instantiation of "auto fmt::v11::basic_format_args<Context>::get_id(fmt::v11::basic_string_view<Char>) const->int [with Context=fmt::v11::context, Char=char]" at line 2655
DEBUG 
DEBUG Remark: The warnings can be suppressed with "-diag-suppress <warning-number>"
DEBUG 
DEBUG /tmp/.tmpogcIvy/sdists-v9/pypi/lightgbm/4.7.0/insGUydc4PW9vJoP/src/external_libs/fmt/include/fmt/format.h(2594): warning #2417-D: constexpr constructor calls non-constexpr function "fmt::v11::basic_memory_buffer<T, SIZE, Allocator>::basic_memory_buffer(const Allocator &) [with T=fmt::v11::detail::bigint::bigit, SIZE=32UL, Allocator=fmt::v11::detail::allocator<fmt::v11::detail::bigint::bigit>]"
DEBUG     constexpr bigint() : exp_(0) {}
DEBUG                                  ^
DEBUG 
DEBUG /tmp/.tmpogcIvy/sdists-v9/pypi/lightgbm/4.7.0/insGUydc4PW9vJoP/src/external_libs/fmt/include/fmt/base.h(472): warning #128-D: loop is not reachable
DEBUG     for (; n != 0; ++s1, ++s2, --n) {
DEBUG     ^
DEBUG           detected during:
DEBUG             instantiation of "auto fmt::v11::detail::compare(const Char *, const Char *, std::size_t)->int [with Char=char]" at line 591
DEBUG             instantiation of "auto fmt::v11::basic_string_view<Char>::compare(fmt::v11::basic_string_view<Char>) const->int [with Char=char]" at line 598
DEBUG             instantiation of class "fmt::v11::basic_string_view<Char> [with Char=char]" at line 2612
DEBUG             instantiation of "auto fmt::v11::basic_format_args<Context>::get_id(fmt::v11::basic_string_view<Char>) const->int [with Context=fmt::v11::context, Char=char]" at line 2655
DEBUG 
DEBUG Remark: The warnings can be suppressed with "-diag-suppress <warning-number>"
DEBUG 
DEBUG /tmp/.tmpogcIvy/sdists-v9/pypi/lightgbm/4.7.0/insGUydc4PW9vJoP/src/external_libs/fmt/include/fmt/format.h(2594): warning #2417-D: constexpr constructor calls non-constexpr function "fmt::v11::basic_memory_buffer<T, SIZE, Allocator>::basic_memory_buffer(const Allocator &) [with T=fmt::v11::detail::bigint::bigit, SIZE=32UL, Allocator=fmt::v11::detail::allocator<fmt::v11::detail::bigint::bigit>]"
DEBUG     constexpr bigint() : exp_(0) {}
DEBUG                                  ^
DEBUG 
DEBUG /tmp/.tmpogcIvy/sdists-v9/pypi/lightgbm/4.7.0/insGUydc4PW9vJoP/src/external_libs/fmt/include/fmt/base.h(472): warning #128-D: loop is not reachable
DEBUG     for (; n != 0; ++s1, ++s2, --n) {
DEBUG     ^
DEBUG           detected during:
DEBUG             instantiation of "auto fmt::v11::detail::compare(const Char *, const Char *, std::size_t)->int [with Char=char]" at line 591
DEBUG             instantiation of "auto fmt::v11::basic_string_view<Char>::compare(fmt::v11::basic_string_view<Char>) const->int [with Char=char]" at line 598
DEBUG             instantiation of class "fmt::v11::basic_string_view<Char> [with Char=char]" at line 2612
DEBUG             instantiation of "auto fmt::v11::basic_format_args<Context>::get_id(fmt::v11::basic_string_view<Char>) const->int [with Context=fmt::v11::context, Char=char]" at line 2655
DEBUG 
DEBUG Remark: The warnings can be suppressed with "-diag-suppress <warning-number>"
DEBUG 
DEBUG /tmp/.tmpogcIvy/sdists-v9/pypi/lightgbm/4.7.0/insGUydc4PW9vJoP/src/external_libs/fmt/include/fmt/format.h(2594): warning #2417-D: constexpr constructor calls non-constexpr function "fmt::v11::basic_memory_buffer<T, SIZE, Allocator>::basic_memory_buffer(const Allocator &) [with T=fmt::v11::detail::bigint::bigit, SIZE=32UL, Allocator=fmt::v11::detail::allocator<fmt::v11::detail::bigint::bigit>]"
DEBUG     constexpr bigint() : exp_(0) {}
DEBUG                                  ^
DEBUG 
DEBUG /tmp/.tmpogcIvy/sdists-v9/pypi/lightgbm/4.7.0/insGUydc4PW9vJoP/src/external_libs/fmt/include/fmt/base.h(472): warning #128-D: loop is not reachable
DEBUG     for (; n != 0; ++s1, ++s2, --n) {
DEBUG     ^
DEBUG           detected during:
DEBUG             instantiation of "auto fmt::v11::detail::compare(const Char *, const Char *, std::size_t)->int [with Char=char]" at line 591
DEBUG             instantiation of "auto fmt::v11::basic_string_view<Char>::compare(fmt::v11::basic_string_view<Char>) const->int [with Char=char]" at line 598
DEBUG             instantiation of class "fmt::v11::basic_string_view<Char> [with Char=char]" at line 2612
DEBUG             instantiation of "auto fmt::v11::basic_format_args<Context>::get_id(fmt::v11::basic_string_view<Char>) const->int [with Context=fmt::v11::context, Char=char]" at line 2655
DEBUG 
DEBUG Remark: The warnings can be suppressed with "-diag-suppress <warning-number>"
DEBUG 
DEBUG /tmp/.tmpogcIvy/sdists-v9/pypi/lightgbm/4.7.0/insGUydc4PW9vJoP/src/external_libs/fmt/include/fmt/format.h(2594): warning #2417-D: constexpr constructor calls non-constexpr function "fmt::v11::basic_memory_buffer<T, SIZE, Allocator>::basic_memory_buffer(const Allocator &) [with T=fmt::v11::detail::bigint::bigit, SIZE=32UL, Allocator=fmt::v11::detail::allocator<fmt::v11::detail::bigint::bigit>]"
DEBUG     constexpr bigint() : exp_(0) {}
DEBUG                                  ^
DEBUG 
DEBUG [63/76] Building CUDA object CMakeFiles/lightgbm_objs.dir/src/objective/cuda/cuda_multiclass_objective.cu.o
DEBUG nvcc warning : Support for offline compilation for architectures prior to '<compute/sm/lto>_75' will be removed in a future release (Use -Wno-deprecated-gpu-targets to suppress warning).
DEBUG /tmp/.tmpogcIvy/sdists-v9/pypi/lightgbm/4.7.0/insGUydc4PW9vJoP/src/external_libs/fmt/include/fmt/base.h(472): warning #128-D: loop is not reachable
DEBUG     for (; n != 0; ++s1, ++s2, --n) {
DEBUG     ^
DEBUG           detected during:
DEBUG             instantiation of "auto fmt::v11::detail::compare(const Char *, const Char *, std::size_t)->int [with Char=char]" at line 591
DEBUG             instantiation of "auto fmt::v11::basic_string_view<Char>::compare(fmt::v11::basic_string_view<Char>) const->int [with Char=char]" at line 598
DEBUG             instantiation of class "fmt::v11::basic_string_view<Char> [with Char=char]" at line 2612
DEBUG             instantiation of "auto fmt::v11::basic_format_args<Context>::get_id(fmt::v11::basic_string_view<Char>) const->int [with Context=fmt::v11::context, Char=char]" at line 2655
DEBUG 
DEBUG Remark: The warnings can be suppressed with "-diag-suppress <warning-number>"
DEBUG 
DEBUG /tmp/.tmpogcIvy/sdists-v9/pypi/lightgbm/4.7.0/insGUydc4PW9vJoP/src/external_libs/fmt/include/fmt/format.h(2594): warning #2417-D: constexpr constructor calls non-constexpr function "fmt::v11::basic_memory_buffer<T, SIZE, Allocator>::basic_memory_buffer(const Allocator &) [with T=fmt::v11::detail::bigint::bigit, SIZE=32UL, Allocator=fmt::v11::detail::allocator<fmt::v11::detail::bigint::bigit>]"
DEBUG     constexpr bigint() : exp_(0) {}
DEBUG                                  ^
DEBUG 
DEBUG /tmp/.tmpogcIvy/sdists-v9/pypi/lightgbm/4.7.0/insGUydc4PW9vJoP/src/external_libs/fmt/include/fmt/base.h(472): warning #128-D: loop is not reachable
DEBUG     for (; n != 0; ++s1, ++s2, --n) {
DEBUG     ^
DEBUG           detected during:
DEBUG             instantiation of "auto fmt::v11::detail::compare(const Char *, const Char *, std::size_t)->int [with Char=char]" at line 591
DEBUG             instantiation of "auto fmt::v11::basic_string_view<Char>::compare(fmt::v11::basic_string_view<Char>) const->int [with Char=char]" at line 598
DEBUG             instantiation of class "fmt::v11::basic_string_view<Char> [with Char=char]" at line 2612
DEBUG             instantiation of "auto fmt::v11::basic_format_args<Context>::get_id(fmt::v11::basic_string_view<Char>) const->int [with Context=fmt::v11::context, Char=char]" at line 2655
DEBUG 
DEBUG Remark: The warnings can be suppressed with "-diag-suppress <warning-number>"
DEBUG 
DEBUG /tmp/.tmpogcIvy/sdists-v9/pypi/lightgbm/4.7.0/insGUydc4PW9vJoP/src/external_libs/fmt/include/fmt/format.h(2594): warning #2417-D: constexpr constructor calls non-constexpr function "fmt::v11::basic_memory_buffer<T, SIZE, Allocator>::basic_memory_buffer(const Allocator &) [with T=fmt::v11::detail::bigint::bigit, SIZE=32UL, Allocator=fmt::v11::detail::allocator<fmt::v11::detail::bigint::bigit>]"
DEBUG     constexpr bigint() : exp_(0) {}
DEBUG                                  ^
DEBUG 
DEBUG /tmp/.tmpogcIvy/sdists-v9/pypi/lightgbm/4.7.0/insGUydc4PW9vJoP/src/external_libs/fmt/include/fmt/base.h(472): warning #128-D: loop is not reachable
DEBUG     for (; n != 0; ++s1, ++s2, --n) {
DEBUG     ^
DEBUG           detected during:
DEBUG             instantiation of "auto fmt::v11::detail::compare(const Char *, const Char *, std::size_t)->int [with Char=char]" at line 591
DEBUG             instantiation of "auto fmt::v11::basic_string_view<Char>::compare(fmt::v11::basic_string_view<Char>) const->int [with Char=char]" at line 598
DEBUG             instantiation of class "fmt::v11::basic_string_view<Char> [with Char=char]" at line 2612
DEBUG             instantiation of "auto fmt::v11::basic_format_args<Context>::get_id(fmt::v11::basic_string_view<Char>) const->int [with Context=fmt::v11::context, Char=char]" at line 2655
DEBUG 
DEBUG Remark: The warnings can be suppressed with "-diag-suppress <warning-number>"
DEBUG 
DEBUG /tmp/.tmpogcIvy/sdists-v9/pypi/lightgbm/4.7.0/insGUydc4PW9vJoP/src/external_libs/fmt/include/fmt/format.h(2594): warning #2417-D: constexpr constructor calls non-constexpr function "fmt::v11::basic_memory_buffer<T, SIZE, Allocator>::basic_memory_buffer(const Allocator &) [with T=fmt::v11::detail::bigint::bigit, SIZE=32UL, Allocator=fmt::v11::detail::allocator<fmt::v11::detail::bigint::bigit>]"
DEBUG     constexpr bigint() : exp_(0) {}
DEBUG                                  ^
DEBUG 
DEBUG /tmp/.tmpogcIvy/sdists-v9/pypi/lightgbm/4.7.0/insGUydc4PW9vJoP/src/external_libs/fmt/include/fmt/base.h(472): warning #128-D: loop is not reachable
DEBUG     for (; n != 0; ++s1, ++s2, --n) {
DEBUG     ^
DEBUG           detected during:
DEBUG             instantiation of "auto fmt::v11::detail::compare(const Char *, const Char *, std::size_t)->int [with Char=char]" at line 591
DEBUG             instantiation of "auto fmt::v11::basic_string_view<Char>::compare(fmt::v11::basic_string_view<Char>) const->int [with Char=char]" at line 598
DEBUG             instantiation of class "fmt::v11::basic_string_view<Char> [with Char=char]" at line 2612
DEBUG             instantiation of "auto fmt::v11::basic_format_args<Context>::get_id(fmt::v11::basic_string_view<Char>) const->int [with Context=fmt::v11::context, Char=char]" at line 2655
DEBUG 
DEBUG Remark: The warnings can be suppressed with "-diag-suppress <warning-number>"
DEBUG 
DEBUG /tmp/.tmpogcIvy/sdists-v9/pypi/lightgbm/4.7.0/insGUydc4PW9vJoP/src/external_libs/fmt/include/fmt/format.h(2594): warning #2417-D: constexpr constructor calls non-constexpr function "fmt::v11::basic_memory_buffer<T, SIZE, Allocator>::basic_memory_buffer(const Allocator &) [with T=fmt::v11::detail::bigint::bigit, SIZE=32UL, Allocator=fmt::v11::detail::allocator<fmt::v11::detail::bigint::bigit>]"
DEBUG     constexpr bigint() : exp_(0) {}
DEBUG                                  ^
DEBUG 
DEBUG /tmp/.tmpogcIvy/sdists-v9/pypi/lightgbm/4.7.0/insGUydc4PW9vJoP/src/external_libs/fmt/include/fmt/base.h(472): warning #128-D: loop is not reachable
DEBUG     for (; n != 0; ++s1, ++s2, --n) {
DEBUG     ^
DEBUG           detected during:
DEBUG             instantiation of "auto fmt::v11::detail::compare(const Char *, const Char *, std::size_t)->int [with Char=char]" at line 591
DEBUG             instantiation of "auto fmt::v11::basic_string_view<Char>::compare(fmt::v11::basic_string_view<Char>) const->int [with Char=char]" at line 598
DEBUG             instantiation of class "fmt::v11::basic_string_view<Char> [with Char=char]" at line 2612
DEBUG             instantiation of "auto fmt::v11::basic_format_args<Context>::get_id(fmt::v11::basic_string_view<Char>) const->int [with Context=fmt::v11::context, Char=char]" at line 2655
DEBUG 
DEBUG Remark: The warnings can be suppressed with "-diag-suppress <warning-number>"
DEBUG 
DEBUG /tmp/.tmpogcIvy/sdists-v9/pypi/lightgbm/4.7.0/insGUydc4PW9vJoP/src/external_libs/fmt/include/fmt/format.h(2594): warning #2417-D: constexpr constructor calls non-constexpr function "fmt::v11::basic_memory_buffer<T, SIZE, Allocator>::basic_memory_buffer(const Allocator &) [with T=fmt::v11::detail::bigint::bigit, SIZE=32UL, Allocator=fmt::v11::detail::allocator<fmt::v11::detail::bigint::bigit>]"
DEBUG     constexpr bigint() : exp_(0) {}
DEBUG                                  ^
DEBUG 
DEBUG /tmp/.tmpogcIvy/sdists-v9/pypi/lightgbm/4.7.0/insGUydc4PW9vJoP/src/external_libs/fmt/include/fmt/base.h(472): warning #128-D: loop is not reachable
DEBUG     for (; n != 0; ++s1, ++s2, --n) {
DEBUG     ^
DEBUG           detected during:
DEBUG             instantiation of "auto fmt::v11::detail::compare(const Char *, const Char *, std::size_t)->int [with Char=char]" at line 591
DEBUG             instantiation of "auto fmt::v11::basic_string_view<Char>::compare(fmt::v11::basic_string_view<Char>) const->int [with Char=char]" at line 598
DEBUG             instantiation of class "fmt::v11::basic_string_view<Char> [with Char=char]" at line 2612
DEBUG             instantiation of "auto fmt::v11::basic_format_args<Context>::get_id(fmt::v11::basic_string_view<Char>) const->int [with Context=fmt::v11::context, Char=char]" at line 2655
DEBUG 
DEBUG Remark: The warnings can be suppressed with "-diag-suppress <warning-number>"
DEBUG 
DEBUG /tmp/.tmpogcIvy/sdists-v9/pypi/lightgbm/4.7.0/insGUydc4PW9vJoP/src/external_libs/fmt/include/fmt/format.h(2594): warning #2417-D: constexpr constructor calls non-constexpr function "fmt::v11::basic_memory_buffer<T, SIZE, Allocator>::basic_memory_buffer(const Allocator &) [with T=fmt::v11::detail::bigint::bigit, SIZE=32UL, Allocator=fmt::v11::detail::allocator<fmt::v11::detail::bigint::bigit>]"
DEBUG     constexpr bigint() : exp_(0) {}
DEBUG                                  ^
DEBUG 
DEBUG /tmp/.tmpogcIvy/sdists-v9/pypi/lightgbm/4.7.0/insGUydc4PW9vJoP/src/external_libs/fmt/include/fmt/base.h(472): warning #128-D: loop is not reachable
DEBUG     for (; n != 0; ++s1, ++s2, --n) {
DEBUG     ^
DEBUG           detected during:
DEBUG             instantiation of "auto fmt::v11::detail::compare(const Char *, const Char *, std::size_t)->int [with Char=char]" at line 591
DEBUG             instantiation of "auto fmt::v11::basic_string_view<Char>::compare(fmt::v11::basic_string_view<Char>) const->int [with Char=char]" at line 598
DEBUG             instantiation of class "fmt::v11::basic_string_view<Char> [with Char=char]" at line 2612
DEBUG             instantiation of "auto fmt::v11::basic_format_args<Context>::get_id(fmt::v11::basic_string_view<Char>) const->int [with Context=fmt::v11::context, Char=char]" at line 2655
DEBUG 
DEBUG Remark: The warnings can be suppressed with "-diag-suppress <warning-number>"
DEBUG 
DEBUG /tmp/.tmpogcIvy/sdists-v9/pypi/lightgbm/4.7.0/insGUydc4PW9vJoP/src/external_libs/fmt/include/fmt/format.h(2594): warning #2417-D: constexpr constructor calls non-constexpr function "fmt::v11::basic_memory_buffer<T, SIZE, Allocator>::basic_memory_buffer(const Allocator &) [with T=fmt::v11::detail::bigint::bigit, SIZE=32UL, Allocator=fmt::v11::detail::allocator<fmt::v11::detail::bigint::bigit>]"
DEBUG     constexpr bigint() : exp_(0) {}
DEBUG                                  ^
DEBUG 
DEBUG /tmp/.tmpogcIvy/sdists-v9/pypi/lightgbm/4.7.0/insGUydc4PW9vJoP/src/external_libs/fmt/include/fmt/base.h(472): warning #128-D: loop is not reachable
DEBUG     for (; n != 0; ++s1, ++s2, --n) {
DEBUG     ^
DEBUG           detected during:
DEBUG             instantiation of "auto fmt::v11::detail::compare(const Char *, const Char *, std::size_t)->int [with Char=char]" at line 591
DEBUG             instantiation of "auto fmt::v11::basic_string_view<Char>::compare(fmt::v11::basic_string_view<Char>) const->int [with Char=char]" at line 598
DEBUG             instantiation of class "fmt::v11::basic_string_view<Char> [with Char=char]" at line 2612
DEBUG             instantiation of "auto fmt::v11::basic_format_args<Context>::get_id(fmt::v11::basic_string_view<Char>) const->int [with Context=fmt::v11::context, Char=char]" at line 2655
DEBUG 
DEBUG Remark: The warnings can be suppressed with "-diag-suppress <warning-number>"
DEBUG 
DEBUG /tmp/.tmpogcIvy/sdists-v9/pypi/lightgbm/4.7.0/insGUydc4PW9vJoP/src/external_libs/fmt/include/fmt/format.h(2594): warning #2417-D: constexpr constructor calls non-constexpr function "fmt::v11::basic_memory_buffer<T, SIZE, Allocator>::basic_memory_buffer(const Allocator &) [with T=fmt::v11::detail::bigint::bigit, SIZE=32UL, Allocator=fmt::v11::detail::allocator<fmt::v11::detail::bigint::bigit>]"
DEBUG     constexpr bigint() : exp_(0) {}
DEBUG                                  ^
DEBUG 
DEBUG /tmp/.tmpogcIvy/sdists-v9/pypi/lightgbm/4.7.0/insGUydc4PW9vJoP/src/external_libs/fmt/include/fmt/base.h(472): warning #128-D: loop is not reachable
DEBUG     for (; n != 0; ++s1, ++s2, --n) {
DEBUG     ^
DEBUG           detected during:
DEBUG             instantiation of "auto fmt::v11::detail::compare(const Char *, const Char *, std::size_t)->int [with Char=char]" at line 591
DEBUG             instantiation of "auto fmt::v11::basic_string_view<Char>::compare(fmt::v11::basic_string_view<Char>) const->int [with Char=char]" at line 598
DEBUG             instantiation of class "fmt::v11::basic_string_view<Char> [with Char=char]" at line 2612
DEBUG             instantiation of "auto fmt::v11::basic_format_args<Context>::get_id(fmt::v11::basic_string_view<Char>) const->int [with Context=fmt::v11::context, Char=char]" at line 2655
DEBUG 
DEBUG Remark: The warnings can be suppressed with "-diag-suppress <warning-number>"
DEBUG 
DEBUG /tmp/.tmpogcIvy/sdists-v9/pypi/lightgbm/4.7.0/insGUydc4PW9vJoP/src/external_libs/fmt/include/fmt/format.h(2594): warning #2417-D: constexpr constructor calls non-constexpr function "fmt::v11::basic_memory_buffer<T, SIZE, Allocator>::basic_memory_buffer(const Allocator &) [with T=fmt::v11::detail::bigint::bigit, SIZE=32UL, Allocator=fmt::v11::detail::allocator<fmt::v11::detail::bigint::bigit>]"
DEBUG     constexpr bigint() : exp_(0) {}
DEBUG                                  ^
DEBUG 
DEBUG /tmp/.tmpogcIvy/sdists-v9/pypi/lightgbm/4.7.0/insGUydc4PW9vJoP/src/external_libs/fmt/include/fmt/base.h(472): warning #128-D: loop is not reachable
DEBUG     for (; n != 0; ++s1, ++s2, --n) {
DEBUG     ^
DEBUG           detected during:
DEBUG             instantiation of "auto fmt::v11::detail::compare(const Char *, const Char *, std::size_t)->int [with Char=char]" at line 591
DEBUG             instantiation of "auto fmt::v11::basic_string_view<Char>::compare(fmt::v11::basic_string_view<Char>) const->int [with Char=char]" at line 598
DEBUG             instantiation of class "fmt::v11::basic_string_view<Char> [with Char=char]" at line 2612
DEBUG             instantiation of "auto fmt::v11::basic_format_args<Context>::get_id(fmt::v11::basic_string_view<Char>) const->int [with Context=fmt::v11::context, Char=char]" at line 2655
DEBUG 
DEBUG Remark: The warnings can be suppressed with "-diag-suppress <warning-number>"
DEBUG 
DEBUG /tmp/.tmpogcIvy/sdists-v9/pypi/lightgbm/4.7.0/insGUydc4PW9vJoP/src/external_libs/fmt/include/fmt/format.h(2594): warning #2417-D: constexpr constructor calls non-constexpr function "fmt::v11::basic_memory_buffer<T, SIZE, Allocator>::basic_memory_buffer(const Allocator &) [with T=fmt::v11::detail::bigint::bigit, SIZE=32UL, Allocator=fmt::v11::detail::allocator<fmt::v11::detail::bigint::bigit>]"
DEBUG     constexpr bigint() : exp_(0) {}
DEBUG                                  ^
DEBUG 
DEBUG [64/76] Building CUDA object CMakeFiles/lightgbm_objs.dir/src/metric/cuda/cuda_pointwise_metric.cu.o
DEBUG nvcc warning : Support for offline compilation for architectures prior to '<compute/sm/lto>_75' will be removed in a future release (Use -Wno-deprecated-gpu-targets to suppress warning).
DEBUG /tmp/.tmpogcIvy/sdists-v9/pypi/lightgbm/4.7.0/insGUydc4PW9vJoP/src/external_libs/fmt/include/fmt/base.h(472): warning #128-D: loop is not reachable
DEBUG     for (; n != 0; ++s1, ++s2, --n) {
DEBUG     ^
DEBUG           detected during:
DEBUG             instantiation of "auto fmt::v11::detail::compare(const Char *, const Char *, std::size_t)->int [with Char=char]" at line 591
DEBUG             instantiation of "auto fmt::v11::basic_string_view<Char>::compare(fmt::v11::basic_string_view<Char>) const->int [with Char=char]" at line 598
DEBUG             instantiation of class "fmt::v11::basic_string_view<Char> [with Char=char]" at line 2612
DEBUG             instantiation of "auto fmt::v11::basic_format_args<Context>::get_id(fmt::v11::basic_string_view<Char>) const->int [with Context=fmt::v11::context, Char=char]" at line 2655
DEBUG 
DEBUG Remark: The warnings can be suppressed with "-diag-suppress <warning-number>"
DEBUG 
DEBUG /tmp/.tmpogcIvy/sdists-v9/pypi/lightgbm/4.7.0/insGUydc4PW9vJoP/src/external_libs/fmt/include/fmt/format.h(2594): warning #2417-D: constexpr constructor calls non-constexpr function "fmt::v11::basic_memory_buffer<T, SIZE, Allocator>::basic_memory_buffer(const Allocator &) [with T=fmt::v11::detail::bigint::bigit, SIZE=32UL, Allocator=fmt::v11::detail::allocator<fmt::v11::detail::bigint::bigit>]"
DEBUG     constexpr bigint() : exp_(0) {}
DEBUG                                  ^
DEBUG 
DEBUG /tmp/.tmpogcIvy/sdists-v9/pypi/lightgbm/4.7.0/insGUydc4PW9vJoP/src/external_libs/fmt/include/fmt/base.h(472): warning #128-D: loop is not reachable
DEBUG     for (; n != 0; ++s1, ++s2, --n) {
DEBUG     ^
DEBUG           detected during:
DEBUG             instantiation of "auto fmt::v11::detail::compare(const Char *, const Char *, std::size_t)->int [with Char=char]" at line 591
DEBUG             instantiation of "auto fmt::v11::basic_string_view<Char>::compare(fmt::v11::basic_string_view<Char>) const->int [with Char=char]" at line 598
DEBUG             instantiation of class "fmt::v11::basic_string_view<Char> [with Char=char]" at line 2612
DEBUG             instantiation of "auto fmt::v11::basic_format_args<Context>::get_id(fmt::v11::basic_string_view<Char>) const->int [with Context=fmt::v11::context, Char=char]" at line 2655
DEBUG 
DEBUG Remark: The warnings can be suppressed with "-diag-suppress <warning-number>"
DEBUG 
DEBUG /tmp/.tmpogcIvy/sdists-v9/pypi/lightgbm/4.7.0/insGUydc4PW9vJoP/src/external_libs/fmt/include/fmt/format.h(2594): warning #2417-D: constexpr constructor calls non-constexpr function "fmt::v11::basic_memory_buffer<T, SIZE, Allocator>::basic_memory_buffer(const Allocator &) [with T=fmt::v11::detail::bigint::bigit, SIZE=32UL, Allocator=fmt::v11::detail::allocator<fmt::v11::detail::bigint::bigit>]"
DEBUG     constexpr bigint() : exp_(0) {}
DEBUG                                  ^
DEBUG 
DEBUG /tmp/.tmpogcIvy/sdists-v9/pypi/lightgbm/4.7.0/insGUydc4PW9vJoP/src/external_libs/fmt/include/fmt/base.h(472): warning #128-D: loop is not reachable
DEBUG     for (; n != 0; ++s1, ++s2, --n) {
DEBUG     ^
DEBUG           detected during:
DEBUG             instantiation of "auto fmt::v11::detail::compare(const Char *, const Char *, std::size_t)->int [with Char=char]" at line 591
DEBUG             instantiation of "auto fmt::v11::basic_string_view<Char>::compare(fmt::v11::basic_string_view<Char>) const->int [with Char=char]" at line 598
DEBUG             instantiation of class "fmt::v11::basic_string_view<Char> [with Char=char]" at line 2612
DEBUG             instantiation of "auto fmt::v11::basic_format_args<Context>::get_id(fmt::v11::basic_string_view<Char>) const->int [with Context=fmt::v11::context, Char=char]" at line 2655
DEBUG 
DEBUG Remark: The warnings can be suppressed with "-diag-suppress <warning-number>"
DEBUG 
DEBUG /tmp/.tmpogcIvy/sdists-v9/pypi/lightgbm/4.7.0/insGUydc4PW9vJoP/src/external_libs/fmt/include/fmt/format.h(2594): warning #2417-D: constexpr constructor calls non-constexpr function "fmt::v11::basic_memory_buffer<T, SIZE, Allocator>::basic_memory_buffer(const Allocator &) [with T=fmt::v11::detail::bigint::bigit, SIZE=32UL, Allocator=fmt::v11::detail::allocator<fmt::v11::detail::bigint::bigit>]"
DEBUG     constexpr bigint() : exp_(0) {}
DEBUG                                  ^
DEBUG 
DEBUG /tmp/.tmpogcIvy/sdists-v9/pypi/lightgbm/4.7.0/insGUydc4PW9vJoP/src/external_libs/fmt/include/fmt/base.h(472): warning #128-D: loop is not reachable
DEBUG     for (; n != 0; ++s1, ++s2, --n) {
DEBUG     ^
DEBUG           detected during:
DEBUG             instantiation of "auto fmt::v11::detail::compare(const Char *, const Char *, std::size_t)->int [with Char=char]" at line 591
DEBUG             instantiation of "auto fmt::v11::basic_string_view<Char>::compare(fmt::v11::basic_string_view<Char>) const->int [with Char=char]" at line 598
DEBUG             instantiation of class "fmt::v11::basic_string_view<Char> [with Char=char]" at line 2612
DEBUG             instantiation of "auto fmt::v11::basic_format_args<Context>::get_id(fmt::v11::basic_string_view<Char>) const->int [with Context=fmt::v11::context, Char=char]" at line 2655
DEBUG 
DEBUG Remark: The warnings can be suppressed with "-diag-suppress <warning-number>"
DEBUG 
DEBUG /tmp/.tmpogcIvy/sdists-v9/pypi/lightgbm/4.7.0/insGUydc4PW9vJoP/src/external_libs/fmt/include/fmt/format.h(2594): warning #2417-D: constexpr constructor calls non-constexpr function "fmt::v11::basic_memory_buffer<T, SIZE, Allocator>::basic_memory_buffer(const Allocator &) [with T=fmt::v11::detail::bigint::bigit, SIZE=32UL, Allocator=fmt::v11::detail::allocator<fmt::v11::detail::bigint::bigit>]"
DEBUG     constexpr bigint() : exp_(0) {}
DEBUG                                  ^
DEBUG 
DEBUG /tmp/.tmpogcIvy/sdists-v9/pypi/lightgbm/4.7.0/insGUydc4PW9vJoP/src/external_libs/fmt/include/fmt/base.h(472): warning #128-D: loop is not reachable
DEBUG     for (; n != 0; ++s1, ++s2, --n) {
DEBUG     ^
DEBUG           detected during:
DEBUG             instantiation of "auto fmt::v11::detail::compare(const Char *, const Char *, std::size_t)->int [with Char=char]" at line 591
DEBUG             instantiation of "auto fmt::v11::basic_string_view<Char>::compare(fmt::v11::basic_string_view<Char>) const->int [with Char=char]" at line 598
DEBUG             instantiation of class "fmt::v11::basic_string_view<Char> [with Char=char]" at line 2612
DEBUG             instantiation of "auto fmt::v11::basic_format_args<Context>::get_id(fmt::v11::basic_string_view<Char>) const->int [with Context=fmt::v11::context, Char=char]" at line 2655
DEBUG 
DEBUG Remark: The warnings can be suppressed with "-diag-suppress <warning-number>"
DEBUG 
DEBUG /tmp/.tmpogcIvy/sdists-v9/pypi/lightgbm/4.7.0/insGUydc4PW9vJoP/src/external_libs/fmt/include/fmt/format.h(2594): warning #2417-D: constexpr constructor calls non-constexpr function "fmt::v11::basic_memory_buffer<T, SIZE, Allocator>::basic_memory_buffer(const Allocator &) [with T=fmt::v11::detail::bigint::bigit, SIZE=32UL, Allocator=fmt::v11::detail::allocator<fmt::v11::detail::bigint::bigit>]"
DEBUG     constexpr bigint() : exp_(0) {}
DEBUG                                  ^
DEBUG 
DEBUG /tmp/.tmpogcIvy/sdists-v9/pypi/lightgbm/4.7.0/insGUydc4PW9vJoP/src/external_libs/fmt/include/fmt/base.h(472): warning #128-D: loop is not reachable
DEBUG     for (; n != 0; ++s1, ++s2, --n) {
DEBUG     ^
DEBUG           detected during:
DEBUG             instantiation of "auto fmt::v11::detail::compare(const Char *, const Char *, std::size_t)->int [with Char=char]" at line 591
DEBUG             instantiation of "auto fmt::v11::basic_string_view<Char>::compare(fmt::v11::basic_string_view<Char>) const->int [with Char=char]" at line 598
DEBUG             instantiation of class "fmt::v11::basic_string_view<Char> [with Char=char]" at line 2612
DEBUG             instantiation of "auto fmt::v11::basic_format_args<Context>::get_id(fmt::v11::basic_string_view<Char>) const->int [with Context=fmt::v11::context, Char=char]" at line 2655
DEBUG 
DEBUG Remark: The warnings can be suppressed with "-diag-suppress <warning-number>"
DEBUG 
DEBUG /tmp/.tmpogcIvy/sdists-v9/pypi/lightgbm/4.7.0/insGUydc4PW9vJoP/src/external_libs/fmt/include/fmt/format.h(2594): warning #2417-D: constexpr constructor calls non-constexpr function "fmt::v11::basic_memory_buffer<T, SIZE, Allocator>::basic_memory_buffer(const Allocator &) [with T=fmt::v11::detail::bigint::bigit, SIZE=32UL, Allocator=fmt::v11::detail::allocator<fmt::v11::detail::bigint::bigit>]"
DEBUG     constexpr bigint() : exp_(0) {}
DEBUG                                  ^
DEBUG 
DEBUG /tmp/.tmpogcIvy/sdists-v9/pypi/lightgbm/4.7.0/insGUydc4PW9vJoP/src/external_libs/fmt/include/fmt/base.h(472): warning #128-D: loop is not reachable
DEBUG     for (; n != 0; ++s1, ++s2, --n) {
DEBUG     ^
DEBUG           detected during:
DEBUG             instantiation of "auto fmt::v11::detail::compare(const Char *, const Char *, std::size_t)->int [with Char=char]" at line 591
DEBUG             instantiation of "auto fmt::v11::basic_string_view<Char>::compare(fmt::v11::basic_string_view<Char>) const->int [with Char=char]" at line 598
DEBUG             instantiation of class "fmt::v11::basic_string_view<Char> [with Char=char]" at line 2612
DEBUG             instantiation of "auto fmt::v11::basic_format_args<Context>::get_id(fmt::v11::basic_string_view<Char>) const->int [with Context=fmt::v11::context, Char=char]" at line 2655
DEBUG 
DEBUG Remark: The warnings can be suppressed with "-diag-suppress <warning-number>"
DEBUG 
DEBUG /tmp/.tmpogcIvy/sdists-v9/pypi/lightgbm/4.7.0/insGUydc4PW9vJoP/src/external_libs/fmt/include/fmt/format.h(2594): warning #2417-D: constexpr constructor calls non-constexpr function "fmt::v11::basic_memory_buffer<T, SIZE, Allocator>::basic_memory_buffer(const Allocator &) [with T=fmt::v11::detail::bigint::bigit, SIZE=32UL, Allocator=fmt::v11::detail::allocator<fmt::v11::detail::bigint::bigit>]"
DEBUG     constexpr bigint() : exp_(0) {}
DEBUG                                  ^
DEBUG 
DEBUG /tmp/.tmpogcIvy/sdists-v9/pypi/lightgbm/4.7.0/insGUydc4PW9vJoP/src/external_libs/fmt/include/fmt/base.h(472): warning #128-D: loop is not reachable
DEBUG     for (; n != 0; ++s1, ++s2, --n) {
DEBUG     ^
DEBUG           detected during:
DEBUG             instantiation of "auto fmt::v11::detail::compare(const Char *, const Char *, std::size_t)->int [with Char=char]" at line 591
DEBUG             instantiation of "auto fmt::v11::basic_string_view<Char>::compare(fmt::v11::basic_string_view<Char>) const->int [with Char=char]" at line 598
DEBUG             instantiation of class "fmt::v11::basic_string_view<Char> [with Char=char]" at line 2612
DEBUG             instantiation of "auto fmt::v11::basic_format_args<Context>::get_id(fmt::v11::basic_string_view<Char>) const->int [with Context=fmt::v11::context, Char=char]" at line 2655
DEBUG 
DEBUG Remark: The warnings can be suppressed with "-diag-suppress <warning-number>"
DEBUG 
DEBUG /tmp/.tmpogcIvy/sdists-v9/pypi/lightgbm/4.7.0/insGUydc4PW9vJoP/src/external_libs/fmt/include/fmt/format.h(2594): warning #2417-D: constexpr constructor calls non-constexpr function "fmt::v11::basic_memory_buffer<T, SIZE, Allocator>::basic_memory_buffer(const Allocator &) [with T=fmt::v11::detail::bigint::bigit, SIZE=32UL, Allocator=fmt::v11::detail::allocator<fmt::v11::detail::bigint::bigit>]"
DEBUG     constexpr bigint() : exp_(0) {}
DEBUG                                  ^
DEBUG 
DEBUG /tmp/.tmpogcIvy/sdists-v9/pypi/lightgbm/4.7.0/insGUydc4PW9vJoP/src/external_libs/fmt/include/fmt/base.h(472): warning #128-D: loop is not reachable
DEBUG     for (; n != 0; ++s1, ++s2, --n) {
DEBUG     ^
DEBUG           detected during:
DEBUG             instantiation of "auto fmt::v11::detail::compare(const Char *, const Char *, std::size_t)->int [with Char=char]" at line 591
DEBUG             instantiation of "auto fmt::v11::basic_string_view<Char>::compare(fmt::v11::basic_string_view<Char>) const->int [with Char=char]" at line 598
DEBUG             instantiation of class "fmt::v11::basic_string_view<Char> [with Char=char]" at line 2612
DEBUG             instantiation of "auto fmt::v11::basic_format_args<Context>::get_id(fmt::v11::basic_string_view<Char>) const->int [with Context=fmt::v11::context, Char=char]" at line 2655
DEBUG 
DEBUG Remark: The warnings can be suppressed with "-diag-suppress <warning-number>"
DEBUG 
DEBUG /tmp/.tmpogcIvy/sdists-v9/pypi/lightgbm/4.7.0/insGUydc4PW9vJoP/src/external_libs/fmt/include/fmt/format.h(2594): warning #2417-D: constexpr constructor calls non-constexpr function "fmt::v11::basic_memory_buffer<T, SIZE, Allocator>::basic_memory_buffer(const Allocator &) [with T=fmt::v11::detail::bigint::bigit, SIZE=32UL, Allocator=fmt::v11::detail::allocator<fmt::v11::detail::bigint::bigit>]"
DEBUG     constexpr bigint() : exp_(0) {}
DEBUG                                  ^
DEBUG 
DEBUG /tmp/.tmpogcIvy/sdists-v9/pypi/lightgbm/4.7.0/insGUydc4PW9vJoP/src/external_libs/fmt/include/fmt/base.h(472): warning #128-D: loop is not reachable
DEBUG     for (; n != 0; ++s1, ++s2, --n) {
DEBUG     ^
DEBUG           detected during:
DEBUG             instantiation of "auto fmt::v11::detail::compare(const Char *, const Char *, std::size_t)->int [with Char=char]" at line 591
DEBUG             instantiation of "auto fmt::v11::basic_string_view<Char>::compare(fmt::v11::basic_string_view<Char>) const->int [with Char=char]" at line 598
DEBUG             instantiation of class "fmt::v11::basic_string_view<Char> [with Char=char]" at line 2612
DEBUG             instantiation of "auto fmt::v11::basic_format_args<Context>::get_id(fmt::v11::basic_string_view<Char>) const->int [with Context=fmt::v11::context, Char=char]" at line 2655
DEBUG 
DEBUG Remark: The warnings can be suppressed with "-diag-suppress <warning-number>"
DEBUG 
DEBUG /tmp/.tmpogcIvy/sdists-v9/pypi/lightgbm/4.7.0/insGUydc4PW9vJoP/src/external_libs/fmt/include/fmt/format.h(2594): warning #2417-D: constexpr constructor calls non-constexpr function "fmt::v11::basic_memory_buffer<T, SIZE, Allocator>::basic_memory_buffer(const Allocator &) [with T=fmt::v11::detail::bigint::bigit, SIZE=32UL, Allocator=fmt::v11::detail::allocator<fmt::v11::detail::bigint::bigit>]"
DEBUG     constexpr bigint() : exp_(0) {}
DEBUG                                  ^
DEBUG 
DEBUG [65/76] Building CUDA object CMakeFiles/lightgbm_objs.dir/src/objective/cuda/cuda_regression_objective.cu.o
DEBUG nvcc warning : Support for offline compilation for architectures prior to '<compute/sm/lto>_75' will be removed in a future release (Use -Wno-deprecated-gpu-targets to suppress warning).
DEBUG /tmp/.tmpogcIvy/sdists-v9/pypi/lightgbm/4.7.0/insGUydc4PW9vJoP/src/external_libs/fmt/include/fmt/base.h(472): warning #128-D: loop is not reachable
DEBUG     for (; n != 0; ++s1, ++s2, --n) {
DEBUG     ^
DEBUG           detected during:
DEBUG             instantiation of "auto fmt::v11::detail::compare(const Char *, const Char *, std::size_t)->int [with Char=char]" at line 591
DEBUG             instantiation of "auto fmt::v11::basic_string_view<Char>::compare(fmt::v11::basic_string_view<Char>) const->int [with Char=char]" at line 598
DEBUG             instantiation of class "fmt::v11::basic_string_view<Char> [with Char=char]" at line 2612
DEBUG             instantiation of "auto fmt::v11::basic_format_args<Context>::get_id(fmt::v11::basic_string_view<Char>) const->int [with Context=fmt::v11::context, Char=char]" at line 2655
DEBUG 
DEBUG Remark: The warnings can be suppressed with "-diag-suppress <warning-number>"
DEBUG 
DEBUG /tmp/.tmpogcIvy/sdists-v9/pypi/lightgbm/4.7.0/insGUydc4PW9vJoP/src/external_libs/fmt/include/fmt/format.h(2594): warning #2417-D: constexpr constructor calls non-constexpr function "fmt::v11::basic_memory_buffer<T, SIZE, Allocator>::basic_memory_buffer(const Allocator &) [with T=fmt::v11::detail::bigint::bigit, SIZE=32UL, Allocator=fmt::v11::detail::allocator<fmt::v11::detail::bigint::bigit>]"
DEBUG     constexpr bigint() : exp_(0) {}
DEBUG                                  ^
DEBUG 
DEBUG /tmp/.tmpogcIvy/sdists-v9/pypi/lightgbm/4.7.0/insGUydc4PW9vJoP/src/external_libs/fmt/include/fmt/base.h(472): warning #128-D: loop is not reachable
DEBUG     for (; n != 0; ++s1, ++s2, --n) {
DEBUG     ^
DEBUG           detected during:
DEBUG             instantiation of "auto fmt::v11::detail::compare(const Char *, const Char *, std::size_t)->int [with Char=char]" at line 591
DEBUG             instantiation of "auto fmt::v11::basic_string_view<Char>::compare(fmt::v11::basic_string_view<Char>) const->int [with Char=char]" at line 598
DEBUG             instantiation of class "fmt::v11::basic_string_view<Char> [with Char=char]" at line 2612
DEBUG             instantiation of "auto fmt::v11::basic_format_args<Context>::get_id(fmt::v11::basic_string_view<Char>) const->int [with Context=fmt::v11::context, Char=char]" at line 2655
DEBUG 
DEBUG Remark: The warnings can be suppressed with "-diag-suppress <warning-number>"
DEBUG 
DEBUG /tmp/.tmpogcIvy/sdists-v9/pypi/lightgbm/4.7.0/insGUydc4PW9vJoP/src/external_libs/fmt/include/fmt/format.h(2594): warning #2417-D: constexpr constructor calls non-constexpr function "fmt::v11::basic_memory_buffer<T, SIZE, Allocator>::basic_memory_buffer(const Allocator &) [with T=fmt::v11::detail::bigint::bigit, SIZE=32UL, Allocator=fmt::v11::detail::allocator<fmt::v11::detail::bigint::bigit>]"
DEBUG     constexpr bigint() : exp_(0) {}
DEBUG                                  ^
DEBUG 
DEBUG /tmp/.tmpogcIvy/sdists-v9/pypi/lightgbm/4.7.0/insGUydc4PW9vJoP/src/external_libs/fmt/include/fmt/base.h(472): warning #128-D: loop is not reachable
DEBUG     for (; n != 0; ++s1, ++s2, --n) {
DEBUG     ^
DEBUG           detected during:
DEBUG             instantiation of "auto fmt::v11::detail::compare(const Char *, const Char *, std::size_t)->int [with Char=char]" at line 591
DEBUG             instantiation of "auto fmt::v11::basic_string_view<Char>::compare(fmt::v11::basic_string_view<Char>) const->int [with Char=char]" at line 598
DEBUG             instantiation of class "fmt::v11::basic_string_view<Char> [with Char=char]" at line 2612
DEBUG             instantiation of "auto fmt::v11::basic_format_args<Context>::get_id(fmt::v11::basic_string_view<Char>) const->int [with Context=fmt::v11::context, Char=char]" at line 2655
DEBUG 
DEBUG Remark: The warnings can be suppressed with "-diag-suppress <warning-number>"
DEBUG 
DEBUG /tmp/.tmpogcIvy/sdists-v9/pypi/lightgbm/4.7.0/insGUydc4PW9vJoP/src/external_libs/fmt/include/fmt/format.h(2594): warning #2417-D: constexpr constructor calls non-constexpr function "fmt::v11::basic_memory_buffer<T, SIZE, Allocator>::basic_memory_buffer(const Allocator &) [with T=fmt::v11::detail::bigint::bigit, SIZE=32UL, Allocator=fmt::v11::detail::allocator<fmt::v11::detail::bigint::bigit>]"
DEBUG     constexpr bigint() : exp_(0) {}
DEBUG                                  ^
DEBUG 
DEBUG /tmp/.tmpogcIvy/sdists-v9/pypi/lightgbm/4.7.0/insGUydc4PW9vJoP/src/external_libs/fmt/include/fmt/base.h(472): warning #128-D: loop is not reachable
DEBUG     for (; n != 0; ++s1, ++s2, --n) {
DEBUG     ^
DEBUG           detected during:
DEBUG             instantiation of "auto fmt::v11::detail::compare(const Char *, const Char *, std::size_t)->int [with Char=char]" at line 591
DEBUG             instantiation of "auto fmt::v11::basic_string_view<Char>::compare(fmt::v11::basic_string_view<Char>) const->int [with Char=char]" at line 598
DEBUG             instantiation of class "fmt::v11::basic_string_view<Char> [with Char=char]" at line 2612
DEBUG             instantiation of "auto fmt::v11::basic_format_args<Context>::get_id(fmt::v11::basic_string_view<Char>) const->int [with Context=fmt::v11::context, Char=char]" at line 2655
DEBUG 
DEBUG Remark: The warnings can be suppressed with "-diag-suppress <warning-number>"
DEBUG 
DEBUG /tmp/.tmpogcIvy/sdists-v9/pypi/lightgbm/4.7.0/insGUydc4PW9vJoP/src/external_libs/fmt/include/fmt/format.h(2594): warning #2417-D: constexpr constructor calls non-constexpr function "fmt::v11::basic_memory_buffer<T, SIZE, Allocator>::basic_memory_buffer(const Allocator &) [with T=fmt::v11::detail::bigint::bigit, SIZE=32UL, Allocator=fmt::v11::detail::allocator<fmt::v11::detail::bigint::bigit>]"
DEBUG     constexpr bigint() : exp_(0) {}
DEBUG                                  ^
DEBUG 
DEBUG /tmp/.tmpogcIvy/sdists-v9/pypi/lightgbm/4.7.0/insGUydc4PW9vJoP/src/external_libs/fmt/include/fmt/base.h(472): warning #128-D: loop is not reachable
DEBUG     for (; n != 0; ++s1, ++s2, --n) {
DEBUG     ^
DEBUG           detected during:
DEBUG             instantiation of "auto fmt::v11::detail::compare(const Char *, const Char *, std::size_t)->int [with Char=char]" at line 591
DEBUG             instantiation of "auto fmt::v11::basic_string_view<Char>::compare(fmt::v11::basic_string_view<Char>) const->int [with Char=char]" at line 598
DEBUG             instantiation of class "fmt::v11::basic_string_view<Char> [with Char=char]" at line 2612
DEBUG             instantiation of "auto fmt::v11::basic_format_args<Context>::get_id(fmt::v11::basic_string_view<Char>) const->int [with Context=fmt::v11::context, Char=char]" at line 2655
DEBUG 
DEBUG Remark: The warnings can be suppressed with "-diag-suppress <warning-number>"
DEBUG 
DEBUG /tmp/.tmpogcIvy/sdists-v9/pypi/lightgbm/4.7.0/insGUydc4PW9vJoP/src/external_libs/fmt/include/fmt/format.h(2594): warning #2417-D: constexpr constructor calls non-constexpr function "fmt::v11::basic_memory_buffer<T, SIZE, Allocator>::basic_memory_buffer(const Allocator &) [with T=fmt::v11::detail::bigint::bigit, SIZE=32UL, Allocator=fmt::v11::detail::allocator<fmt::v11::detail::bigint::bigit>]"
DEBUG     constexpr bigint() : exp_(0) {}
DEBUG                                  ^
DEBUG 
DEBUG /tmp/.tmpogcIvy/sdists-v9/pypi/lightgbm/4.7.0/insGUydc4PW9vJoP/src/external_libs/fmt/include/fmt/base.h(472): warning #128-D: loop is not reachable
DEBUG     for (; n != 0; ++s1, ++s2, --n) {
DEBUG     ^
DEBUG           detected during:
DEBUG             instantiation of "auto fmt::v11::detail::compare(const Char *, const Char *, std::size_t)->int [with Char=char]" at line 591
DEBUG             instantiation of "auto fmt::v11::basic_string_view<Char>::compare(fmt::v11::basic_string_view<Char>) const->int [with Char=char]" at line 598
DEBUG             instantiation of class "fmt::v11::basic_string_view<Char> [with Char=char]" at line 2612
DEBUG             instantiation of "auto fmt::v11::basic_format_args<Context>::get_id(fmt::v11::basic_string_view<Char>) const->int [with Context=fmt::v11::context, Char=char]" at line 2655
DEBUG 
DEBUG Remark: The warnings can be suppressed with "-diag-suppress <warning-number>"
DEBUG 
DEBUG /tmp/.tmpogcIvy/sdists-v9/pypi/lightgbm/4.7.0/insGUydc4PW9vJoP/src/external_libs/fmt/include/fmt/format.h(2594): warning #2417-D: constexpr constructor calls non-constexpr function "fmt::v11::basic_memory_buffer<T, SIZE, Allocator>::basic_memory_buffer(const Allocator &) [with T=fmt::v11::detail::bigint::bigit, SIZE=32UL, Allocator=fmt::v11::detail::allocator<fmt::v11::detail::bigint::bigit>]"
DEBUG     constexpr bigint() : exp_(0) {}
DEBUG                                  ^
DEBUG 
DEBUG /tmp/.tmpogcIvy/sdists-v9/pypi/lightgbm/4.7.0/insGUydc4PW9vJoP/src/external_libs/fmt/include/fmt/base.h(472): warning #128-D: loop is not reachable
DEBUG     for (; n != 0; ++s1, ++s2, --n) {
DEBUG     ^
DEBUG           detected during:
DEBUG             instantiation of "auto fmt::v11::detail::compare(const Char *, const Char *, std::size_t)->int [with Char=char]" at line 591
DEBUG             instantiation of "auto fmt::v11::basic_string_view<Char>::compare(fmt::v11::basic_string_view<Char>) const->int [with Char=char]" at line 598
DEBUG             instantiation of class "fmt::v11::basic_string_view<Char> [with Char=char]" at line 2612
DEBUG             instantiation of "auto fmt::v11::basic_format_args<Context>::get_id(fmt::v11::basic_string_view<Char>) const->int [with Context=fmt::v11::context, Char=char]" at line 2655
DEBUG 
DEBUG Remark: The warnings can be suppressed with "-diag-suppress <warning-number>"
DEBUG 
DEBUG /tmp/.tmpogcIvy/sdists-v9/pypi/lightgbm/4.7.0/insGUydc4PW9vJoP/src/external_libs/fmt/include/fmt/format.h(2594): warning #2417-D: constexpr constructor calls non-constexpr function "fmt::v11::basic_memory_buffer<T, SIZE, Allocator>::basic_memory_buffer(const Allocator &) [with T=fmt::v11::detail::bigint::bigit, SIZE=32UL, Allocator=fmt::v11::detail::allocator<fmt::v11::detail::bigint::bigit>]"
DEBUG     constexpr bigint() : exp_(0) {}
DEBUG                                  ^
DEBUG 
DEBUG /tmp/.tmpogcIvy/sdists-v9/pypi/lightgbm/4.7.0/insGUydc4PW9vJoP/src/external_libs/fmt/include/fmt/base.h(472): warning #128-D: loop is not reachable
DEBUG     for (; n != 0; ++s1, ++s2, --n) {
DEBUG     ^
DEBUG           detected during:
DEBUG             instantiation of "auto fmt::v11::detail::compare(const Char *, const Char *, std::size_t)->int [with Char=char]" at line 591
DEBUG             instantiation of "auto fmt::v11::basic_string_view<Char>::compare(fmt::v11::basic_string_view<Char>) const->int [with Char=char]" at line 598
DEBUG             instantiation of class "fmt::v11::basic_string_view<Char> [with Char=char]" at line 2612
DEBUG             instantiation of "auto fmt::v11::basic_format_args<Context>::get_id(fmt::v11::basic_string_view<Char>) const->int [with Context=fmt::v11::context, Char=char]" at line 2655
DEBUG 
DEBUG Remark: The warnings can be suppressed with "-diag-suppress <warning-number>"
DEBUG 
DEBUG /tmp/.tmpogcIvy/sdists-v9/pypi/lightgbm/4.7.0/insGUydc4PW9vJoP/src/external_libs/fmt/include/fmt/format.h(2594): warning #2417-D: constexpr constructor calls non-constexpr function "fmt::v11::basic_memory_buffer<T, SIZE, Allocator>::basic_memory_buffer(const Allocator &) [with T=fmt::v11::detail::bigint::bigit, SIZE=32UL, Allocator=fmt::v11::detail::allocator<fmt::v11::detail::bigint::bigit>]"
DEBUG     constexpr bigint() : exp_(0) {}
DEBUG                                  ^
DEBUG 
DEBUG /tmp/.tmpogcIvy/sdists-v9/pypi/lightgbm/4.7.0/insGUydc4PW9vJoP/src/external_libs/fmt/include/fmt/base.h(472): warning #128-D: loop is not reachable
DEBUG     for (; n != 0; ++s1, ++s2, --n) {
DEBUG     ^
DEBUG           detected during:
DEBUG             instantiation of "auto fmt::v11::detail::compare(const Char *, const Char *, std::size_t)->int [with Char=char]" at line 591
DEBUG             instantiation of "auto fmt::v11::basic_string_view<Char>::compare(fmt::v11::basic_string_view<Char>) const->int [with Char=char]" at line 598
DEBUG             instantiation of class "fmt::v11::basic_string_view<Char> [with Char=char]" at line 2612
DEBUG             instantiation of "auto fmt::v11::basic_format_args<Context>::get_id(fmt::v11::basic_string_view<Char>) const->int [with Context=fmt::v11::context, Char=char]" at line 2655
DEBUG 
DEBUG Remark: The warnings can be suppressed with "-diag-suppress <warning-number>"
DEBUG 
DEBUG /tmp/.tmpogcIvy/sdists-v9/pypi/lightgbm/4.7.0/insGUydc4PW9vJoP/src/external_libs/fmt/include/fmt/format.h(2594): warning #2417-D: constexpr constructor calls non-constexpr function "fmt::v11::basic_memory_buffer<T, SIZE, Allocator>::basic_memory_buffer(const Allocator &) [with T=fmt::v11::detail::bigint::bigit, SIZE=32UL, Allocator=fmt::v11::detail::allocator<fmt::v11::detail::bigint::bigit>]"
DEBUG     constexpr bigint() : exp_(0) {}
DEBUG                                  ^
DEBUG 
DEBUG /tmp/.tmpogcIvy/sdists-v9/pypi/lightgbm/4.7.0/insGUydc4PW9vJoP/src/external_libs/fmt/include/fmt/base.h(472): warning #128-D: loop is not reachable
DEBUG     for (; n != 0; ++s1, ++s2, --n) {
DEBUG     ^
DEBUG           detected during:
DEBUG             instantiation of "auto fmt::v11::detail::compare(const Char *, const Char *, std::size_t)->int [with Char=char]" at line 591
DEBUG             instantiation of "auto fmt::v11::basic_string_view<Char>::compare(fmt::v11::basic_string_view<Char>) const->int [with Char=char]" at line 598
DEBUG             instantiation of class "fmt::v11::basic_string_view<Char> [with Char=char]" at line 2612
DEBUG             instantiation of "auto fmt::v11::basic_format_args<Context>::get_id(fmt::v11::basic_string_view<Char>) const->int [with Context=fmt::v11::context, Char=char]" at line 2655
DEBUG 
DEBUG Remark: The warnings can be suppressed with "-diag-suppress <warning-number>"
DEBUG 
DEBUG /tmp/.tmpogcIvy/sdists-v9/pypi/lightgbm/4.7.0/insGUydc4PW9vJoP/src/external_libs/fmt/include/fmt/format.h(2594): warning #2417-D: constexpr constructor calls non-constexpr function "fmt::v11::basic_memory_buffer<T, SIZE, Allocator>::basic_memory_buffer(const Allocator &) [with T=fmt::v11::detail::bigint::bigit, SIZE=32UL, Allocator=fmt::v11::detail::allocator<fmt::v11::detail::bigint::bigit>]"
DEBUG     constexpr bigint() : exp_(0) {}
DEBUG                                  ^
DEBUG 
DEBUG [66/76] Building CXX object CMakeFiles/lightgbm_objs.dir/src/treelearner/voting_parallel_tree_learner.cpp.o
DEBUG [67/76] Building CXX object CMakeFiles/lightgbm_objs.dir/src/treelearner/feature_histogram.cpp.o
DEBUG [68/76] Building CXX object CMakeFiles/lightgbm_objs.dir/src/treelearner/serial_tree_learner.cpp.o
DEBUG [69/76] Building CUDA object CMakeFiles/lightgbm_objs.dir/src/objective/cuda/cuda_rank_objective.cu.o
DEBUG nvcc warning : Support for offline compilation for architectures prior to '<compute/sm/lto>_75' will be removed in a future release (Use -Wno-deprecated-gpu-targets to suppress warning).
DEBUG /tmp/.tmpogcIvy/sdists-v9/pypi/lightgbm/4.7.0/insGUydc4PW9vJoP/src/external_libs/fmt/include/fmt/base.h(472): warning #128-D: loop is not reachable
DEBUG     for (; n != 0; ++s1, ++s2, --n) {
DEBUG     ^
DEBUG           detected during:
DEBUG             instantiation of "auto fmt::v11::detail::compare(const Char *, const Char *, std::size_t)->int [with Char=char]" at line 591
DEBUG             instantiation of "auto fmt::v11::basic_string_view<Char>::compare(fmt::v11::basic_string_view<Char>) const->int [with Char=char]" at line 598
DEBUG             instantiation of class "fmt::v11::basic_string_view<Char> [with Char=char]" at line 2612
DEBUG             instantiation of "auto fmt::v11::basic_format_args<Context>::get_id(fmt::v11::basic_string_view<Char>) const->int [with Context=fmt::v11::context, Char=char]" at line 2655
DEBUG 
DEBUG Remark: The warnings can be suppressed with "-diag-suppress <warning-number>"
DEBUG 
DEBUG /tmp/.tmpogcIvy/sdists-v9/pypi/lightgbm/4.7.0/insGUydc4PW9vJoP/src/external_libs/fmt/include/fmt/format.h(2594): warning #2417-D: constexpr constructor calls non-constexpr function "fmt::v11::basic_memory_buffer<T, SIZE, Allocator>::basic_memory_buffer(const Allocator &) [with T=fmt::v11::detail::bigint::bigit, SIZE=32UL, Allocator=fmt::v11::detail::allocator<fmt::v11::detail::bigint::bigit>]"
DEBUG     constexpr bigint() : exp_(0) {}
DEBUG                                  ^
DEBUG 
DEBUG /tmp/.tmpogcIvy/sdists-v9/pypi/lightgbm/4.7.0/insGUydc4PW9vJoP/src/external_libs/fmt/include/fmt/base.h(472): warning #128-D: loop is not reachable
DEBUG     for (; n != 0; ++s1, ++s2, --n) {
DEBUG     ^
DEBUG           detected during:
DEBUG             instantiation of "auto fmt::v11::detail::compare(const Char *, const Char *, std::size_t)->int [with Char=char]" at line 591
DEBUG             instantiation of "auto fmt::v11::basic_string_view<Char>::compare(fmt::v11::basic_string_view<Char>) const->int [with Char=char]" at line 598
DEBUG             instantiation of class "fmt::v11::basic_string_view<Char> [with Char=char]" at line 2612
DEBUG             instantiation of "auto fmt::v11::basic_format_args<Context>::get_id(fmt::v11::basic_string_view<Char>) const->int [with Context=fmt::v11::context, Char=char]" at line 2655
DEBUG 
DEBUG Remark: The warnings can be suppressed with "-diag-suppress <warning-number>"
DEBUG 
DEBUG /tmp/.tmpogcIvy/sdists-v9/pypi/lightgbm/4.7.0/insGUydc4PW9vJoP/src/external_libs/fmt/include/fmt/format.h(2594): warning #2417-D: constexpr constructor calls non-constexpr function "fmt::v11::basic_memory_buffer<T, SIZE, Allocator>::basic_memory_buffer(const Allocator &) [with T=fmt::v11::detail::bigint::bigit, SIZE=32UL, Allocator=fmt::v11::detail::allocator<fmt::v11::detail::bigint::bigit>]"
DEBUG     constexpr bigint() : exp_(0) {}
DEBUG                                  ^
DEBUG 
DEBUG /tmp/.tmpogcIvy/sdists-v9/pypi/lightgbm/4.7.0/insGUydc4PW9vJoP/src/external_libs/fmt/include/fmt/base.h(472): warning #128-D: loop is not reachable
DEBUG     for (; n != 0; ++s1, ++s2, --n) {
DEBUG     ^
DEBUG           detected during:
DEBUG             instantiation of "auto fmt::v11::detail::compare(const Char *, const Char *, std::size_t)->int [with Char=char]" at line 591
DEBUG             instantiation of "auto fmt::v11::basic_string_view<Char>::compare(fmt::v11::basic_string_view<Char>) const->int [with Char=char]" at line 598
DEBUG             instantiation of class "fmt::v11::basic_string_view<Char> [with Char=char]" at line 2612
DEBUG             instantiation of "auto fmt::v11::basic_format_args<Context>::get_id(fmt::v11::basic_string_view<Char>) const->int [with Context=fmt::v11::context, Char=char]" at line 2655
DEBUG 
DEBUG Remark: The warnings can be suppressed with "-diag-suppress <warning-number>"
DEBUG 
DEBUG /tmp/.tmpogcIvy/sdists-v9/pypi/lightgbm/4.7.0/insGUydc4PW9vJoP/src/external_libs/fmt/include/fmt/format.h(2594): warning #2417-D: constexpr constructor calls non-constexpr function "fmt::v11::basic_memory_buffer<T, SIZE, Allocator>::basic_memory_buffer(const Allocator &) [with T=fmt::v11::detail::bigint::bigit, SIZE=32UL, Allocator=fmt::v11::detail::allocator<fmt::v11::detail::bigint::bigit>]"
DEBUG     constexpr bigint() : exp_(0) {}
DEBUG                                  ^
DEBUG 
DEBUG /tmp/.tmpogcIvy/sdists-v9/pypi/lightgbm/4.7.0/insGUydc4PW9vJoP/src/external_libs/fmt/include/fmt/base.h(472): warning #128-D: loop is not reachable
DEBUG     for (; n != 0; ++s1, ++s2, --n) {
DEBUG     ^
DEBUG           detected during:
DEBUG             instantiation of "auto fmt::v11::detail::compare(const Char *, const Char *, std::size_t)->int [with Char=char]" at line 591
DEBUG             instantiation of "auto fmt::v11::basic_string_view<Char>::compare(fmt::v11::basic_string_view<Char>) const->int [with Char=char]" at line 598
DEBUG             instantiation of class "fmt::v11::basic_string_view<Char> [with Char=char]" at line 2612
DEBUG             instantiation of "auto fmt::v11::basic_format_args<Context>::get_id(fmt::v11::basic_string_view<Char>) const->int [with Context=fmt::v11::context, Char=char]" at line 2655
DEBUG 
DEBUG Remark: The warnings can be suppressed with "-diag-suppress <warning-number>"
DEBUG 
DEBUG /tmp/.tmpogcIvy/sdists-v9/pypi/lightgbm/4.7.0/insGUydc4PW9vJoP/src/external_libs/fmt/include/fmt/format.h(2594): warning #2417-D: constexpr constructor calls non-constexpr function "fmt::v11::basic_memory_buffer<T, SIZE, Allocator>::basic_memory_buffer(const Allocator &) [with T=fmt::v11::detail::bigint::bigit, SIZE=32UL, Allocator=fmt::v11::detail::allocator<fmt::v11::detail::bigint::bigit>]"
DEBUG     constexpr bigint() : exp_(0) {}
DEBUG                                  ^
DEBUG 
DEBUG /tmp/.tmpogcIvy/sdists-v9/pypi/lightgbm/4.7.0/insGUydc4PW9vJoP/src/external_libs/fmt/include/fmt/base.h(472): warning #128-D: loop is not reachable
DEBUG     for (; n != 0; ++s1, ++s2, --n) {
DEBUG     ^
DEBUG           detected during:
DEBUG             instantiation of "auto fmt::v11::detail::compare(const Char *, const Char *, std::size_t)->int [with Char=char]" at line 591
DEBUG             instantiation of "auto fmt::v11::basic_string_view<Char>::compare(fmt::v11::basic_string_view<Char>) const->int [with Char=char]" at line 598
DEBUG             instantiation of class "fmt::v11::basic_string_view<Char> [with Char=char]" at line 2612
DEBUG             instantiation of "auto fmt::v11::basic_format_args<Context>::get_id(fmt::v11::basic_string_view<Char>) const->int [with Context=fmt::v11::context, Char=char]" at line 2655
DEBUG 
DEBUG Remark: The warnings can be suppressed with "-diag-suppress <warning-number>"
DEBUG 
DEBUG /tmp/.tmpogcIvy/sdists-v9/pypi/lightgbm/4.7.0/insGUydc4PW9vJoP/src/external_libs/fmt/include/fmt/format.h(2594): warning #2417-D: constexpr constructor calls non-constexpr function "fmt::v11::basic_memory_buffer<T, SIZE, Allocator>::basic_memory_buffer(const Allocator &) [with T=fmt::v11::detail::bigint::bigit, SIZE=32UL, Allocator=fmt::v11::detail::allocator<fmt::v11::detail::bigint::bigit>]"
DEBUG     constexpr bigint() : exp_(0) {}
DEBUG                                  ^
DEBUG 
DEBUG /tmp/.tmpogcIvy/sdists-v9/pypi/lightgbm/4.7.0/insGUydc4PW9vJoP/src/external_libs/fmt/include/fmt/base.h(472): warning #128-D: loop is not reachable
DEBUG     for (; n != 0; ++s1, ++s2, --n) {
DEBUG     ^
DEBUG           detected during:
DEBUG             instantiation of "auto fmt::v11::detail::compare(const Char *, const Char *, std::size_t)->int [with Char=char]" at line 591
DEBUG             instantiation of "auto fmt::v11::basic_string_view<Char>::compare(fmt::v11::basic_string_view<Char>) const->int [with Char=char]" at line 598
DEBUG             instantiation of class "fmt::v11::basic_string_view<Char> [with Char=char]" at line 2612
DEBUG             instantiation of "auto fmt::v11::basic_format_args<Context>::get_id(fmt::v11::basic_string_view<Char>) const->int [with Context=fmt::v11::context, Char=char]" at line 2655
DEBUG 
DEBUG Remark: The warnings can be suppressed with "-diag-suppress <warning-number>"
DEBUG 
DEBUG /tmp/.tmpogcIvy/sdists-v9/pypi/lightgbm/4.7.0/insGUydc4PW9vJoP/src/external_libs/fmt/include/fmt/format.h(2594): warning #2417-D: constexpr constructor calls non-constexpr function "fmt::v11::basic_memory_buffer<T, SIZE, Allocator>::basic_memory_buffer(const Allocator &) [with T=fmt::v11::detail::bigint::bigit, SIZE=32UL, Allocator=fmt::v11::detail::allocator<fmt::v11::detail::bigint::bigit>]"
DEBUG     constexpr bigint() : exp_(0) {}
DEBUG                                  ^
DEBUG 
DEBUG /tmp/.tmpogcIvy/sdists-v9/pypi/lightgbm/4.7.0/insGUydc4PW9vJoP/src/external_libs/fmt/include/fmt/base.h(472): warning #128-D: loop is not reachable
DEBUG     for (; n != 0; ++s1, ++s2, --n) {
DEBUG     ^
DEBUG           detected during:
DEBUG             instantiation of "auto fmt::v11::detail::compare(const Char *, const Char *, std::size_t)->int [with Char=char]" at line 591
DEBUG             instantiation of "auto fmt::v11::basic_string_view<Char>::compare(fmt::v11::basic_string_view<Char>) const->int [with Char=char]" at line 598
DEBUG             instantiation of class "fmt::v11::basic_string_view<Char> [with Char=char]" at line 2612
DEBUG             instantiation of "auto fmt::v11::basic_format_args<Context>::get_id(fmt::v11::basic_string_view<Char>) const->int [with Context=fmt::v11::context, Char=char]" at line 2655
DEBUG 
DEBUG Remark: The warnings can be suppressed with "-diag-suppress <warning-number>"
DEBUG 
DEBUG /tmp/.tmpogcIvy/sdists-v9/pypi/lightgbm/4.7.0/insGUydc4PW9vJoP/src/external_libs/fmt/include/fmt/format.h(2594): warning #2417-D: constexpr constructor calls non-constexpr function "fmt::v11::basic_memory_buffer<T, SIZE, Allocator>::basic_memory_buffer(const Allocator &) [with T=fmt::v11::detail::bigint::bigit, SIZE=32UL, Allocator=fmt::v11::detail::allocator<fmt::v11::detail::bigint::bigit>]"
DEBUG     constexpr bigint() : exp_(0) {}
DEBUG                                  ^
DEBUG 
DEBUG /tmp/.tmpogcIvy/sdists-v9/pypi/lightgbm/4.7.0/insGUydc4PW9vJoP/src/external_libs/fmt/include/fmt/base.h(472): warning #128-D: loop is not reachable
DEBUG     for (; n != 0; ++s1, ++s2, --n) {
DEBUG     ^
DEBUG           detected during:
DEBUG             instantiation of "auto fmt::v11::detail::compare(const Char *, const Char *, std::size_t)->int [with Char=char]" at line 591
DEBUG             instantiation of "auto fmt::v11::basic_string_view<Char>::compare(fmt::v11::basic_string_view<Char>) const->int [with Char=char]" at line 598
DEBUG             instantiation of class "fmt::v11::basic_string_view<Char> [with Char=char]" at line 2612
DEBUG             instantiation of "auto fmt::v11::basic_format_args<Context>::get_id(fmt::v11::basic_string_view<Char>) const->int [with Context=fmt::v11::context, Char=char]" at line 2655
DEBUG 
DEBUG Remark: The warnings can be suppressed with "-diag-suppress <warning-number>"
DEBUG 
DEBUG /tmp/.tmpogcIvy/sdists-v9/pypi/lightgbm/4.7.0/insGUydc4PW9vJoP/src/external_libs/fmt/include/fmt/format.h(2594): warning #2417-D: constexpr constructor calls non-constexpr function "fmt::v11::basic_memory_buffer<T, SIZE, Allocator>::basic_memory_buffer(const Allocator &) [with T=fmt::v11::detail::bigint::bigit, SIZE=32UL, Allocator=fmt::v11::detail::allocator<fmt::v11::detail::bigint::bigit>]"
DEBUG     constexpr bigint() : exp_(0) {}
DEBUG                                  ^
DEBUG 
DEBUG /tmp/.tmpogcIvy/sdists-v9/pypi/lightgbm/4.7.0/insGUydc4PW9vJoP/src/external_libs/fmt/include/fmt/base.h(472): warning #128-D: loop is not reachable
DEBUG     for (; n != 0; ++s1, ++s2, --n) {
DEBUG     ^
DEBUG           detected during:
DEBUG             instantiation of "auto fmt::v11::detail::compare(const Char *, const Char *, std::size_t)->int [with Char=char]" at line 591
DEBUG             instantiation of "auto fmt::v11::basic_string_view<Char>::compare(fmt::v11::basic_string_view<Char>) const->int [with Char=char]" at line 598
DEBUG             instantiation of class "fmt::v11::basic_string_view<Char> [with Char=char]" at line 2612
DEBUG             instantiation of "auto fmt::v11::basic_format_args<Context>::get_id(fmt::v11::basic_string_view<Char>) const->int [with Context=fmt::v11::context, Char=char]" at line 2655
DEBUG 
DEBUG Remark: The warnings can be suppressed with "-diag-suppress <warning-number>"
DEBUG 
DEBUG /tmp/.tmpogcIvy/sdists-v9/pypi/lightgbm/4.7.0/insGUydc4PW9vJoP/src/external_libs/fmt/include/fmt/format.h(2594): warning #2417-D: constexpr constructor calls non-constexpr function "fmt::v11::basic_memory_buffer<T, SIZE, Allocator>::basic_memory_buffer(const Allocator &) [with T=fmt::v11::detail::bigint::bigit, SIZE=32UL, Allocator=fmt::v11::detail::allocator<fmt::v11::detail::bigint::bigit>]"
DEBUG     constexpr bigint() : exp_(0) {}
DEBUG                                  ^
DEBUG 
DEBUG /tmp/.tmpogcIvy/sdists-v9/pypi/lightgbm/4.7.0/insGUydc4PW9vJoP/src/external_libs/fmt/include/fmt/base.h(472): warning #128-D: loop is not reachable
DEBUG     for (; n != 0; ++s1, ++s2, --n) {
DEBUG     ^
DEBUG           detected during:
DEBUG             instantiation of "auto fmt::v11::detail::compare(const Char *, const Char *, std::size_t)->int [with Char=char]" at line 591
DEBUG             instantiation of "auto fmt::v11::basic_string_view<Char>::compare(fmt::v11::basic_string_view<Char>) const->int [with Char=char]" at line 598
DEBUG             instantiation of class "fmt::v11::basic_string_view<Char> [with Char=char]" at line 2612
DEBUG             instantiation of "auto fmt::v11::basic_format_args<Context>::get_id(fmt::v11::basic_string_view<Char>) const->int [with Context=fmt::v11::context, Char=char]" at line 2655
DEBUG 
DEBUG Remark: The warnings can be suppressed with "-diag-suppress <warning-number>"
DEBUG 
DEBUG /tmp/.tmpogcIvy/sdists-v9/pypi/lightgbm/4.7.0/insGUydc4PW9vJoP/src/external_libs/fmt/include/fmt/format.h(2594): warning #2417-D: constexpr constructor calls non-constexpr function "fmt::v11::basic_memory_buffer<T, SIZE, Allocator>::basic_memory_buffer(const Allocator &) [with T=fmt::v11::detail::bigint::bigit, SIZE=32UL, Allocator=fmt::v11::detail::allocator<fmt::v11::detail::bigint::bigit>]"
DEBUG     constexpr bigint() : exp_(0) {}
DEBUG                                  ^
DEBUG 
DEBUG [70/76] Building CUDA object CMakeFiles/lightgbm_objs.dir/src/treelearner/cuda/cuda_gradient_discretizer.cu.o
DEBUG nvcc warning : Support for offline compilation for architectures prior to '<compute/sm/lto>_75' will be removed in a future release (Use -Wno-deprecated-gpu-targets to suppress warning).
DEBUG /tmp/.tmpogcIvy/sdists-v9/pypi/lightgbm/4.7.0/insGUydc4PW9vJoP/src/external_libs/fmt/include/fmt/base.h(472): warning #128-D: loop is not reachable
DEBUG     for (; n != 0; ++s1, ++s2, --n) {
DEBUG     ^
DEBUG           detected during:
DEBUG             instantiation of "auto fmt::v11::detail::compare(const Char *, const Char *, std::size_t)->int [with Char=char]" at line 591
DEBUG             instantiation of "auto fmt::v11::basic_string_view<Char>::compare(fmt::v11::basic_string_view<Char>) const->int [with Char=char]" at line 598
DEBUG             instantiation of class "fmt::v11::basic_string_view<Char> [with Char=char]" at line 2612
DEBUG             instantiation of "auto fmt::v11::basic_format_args<Context>::get_id(fmt::v11::basic_string_view<Char>) const->int [with Context=fmt::v11::context, Char=char]" at line 2655
DEBUG 
DEBUG Remark: The warnings can be suppressed with "-diag-suppress <warning-number>"
DEBUG 
DEBUG /tmp/.tmpogcIvy/sdists-v9/pypi/lightgbm/4.7.0/insGUydc4PW9vJoP/src/external_libs/fmt/include/fmt/format.h(2594): warning #2417-D: constexpr constructor calls non-constexpr function "fmt::v11::basic_memory_buffer<T, SIZE, Allocator>::basic_memory_buffer(const Allocator &) [with T=fmt::v11::detail::bigint::bigit, SIZE=32UL, Allocator=fmt::v11::detail::allocator<fmt::v11::detail::bigint::bigit>]"
DEBUG     constexpr bigint() : exp_(0) {}
DEBUG                                  ^
DEBUG 
DEBUG /tmp/.tmpogcIvy/sdists-v9/pypi/lightgbm/4.7.0/insGUydc4PW9vJoP/src/external_libs/fmt/include/fmt/base.h(472): warning #128-D: loop is not reachable
DEBUG     for (; n != 0; ++s1, ++s2, --n) {
DEBUG     ^
DEBUG           detected during:
DEBUG             instantiation of "auto fmt::v11::detail::compare(const Char *, const Char *, std::size_t)->int [with Char=char]" at line 591
DEBUG             instantiation of "auto fmt::v11::basic_string_view<Char>::compare(fmt::v11::basic_string_view<Char>) const->int [with Char=char]" at line 598
DEBUG             instantiation of class "fmt::v11::basic_string_view<Char> [with Char=char]" at line 2612
DEBUG             instantiation of "auto fmt::v11::basic_format_args<Context>::get_id(fmt::v11::basic_string_view<Char>) const->int [with Context=fmt::v11::context, Char=char]" at line 2655
DEBUG 
DEBUG Remark: The warnings can be suppressed with "-diag-suppress <warning-number>"
DEBUG 
DEBUG /tmp/.tmpogcIvy/sdists-v9/pypi/lightgbm/4.7.0/insGUydc4PW9vJoP/src/external_libs/fmt/include/fmt/format.h(2594): warning #2417-D: constexpr constructor calls non-constexpr function "fmt::v11::basic_memory_buffer<T, SIZE, Allocator>::basic_memory_buffer(const Allocator &) [with T=fmt::v11::detail::bigint::bigit, SIZE=32UL, Allocator=fmt::v11::detail::allocator<fmt::v11::detail::bigint::bigit>]"
DEBUG     constexpr bigint() : exp_(0) {}
DEBUG                                  ^
DEBUG 
DEBUG /tmp/.tmpogcIvy/sdists-v9/pypi/lightgbm/4.7.0/insGUydc4PW9vJoP/src/external_libs/fmt/include/fmt/base.h(472): warning #128-D: loop is not reachable
DEBUG     for (; n != 0; ++s1, ++s2, --n) {
DEBUG     ^
DEBUG           detected during:
DEBUG             instantiation of "auto fmt::v11::detail::compare(const Char *, const Char *, std::size_t)->int [with Char=char]" at line 591
DEBUG             instantiation of "auto fmt::v11::basic_string_view<Char>::compare(fmt::v11::basic_string_view<Char>) const->int [with Char=char]" at line 598
DEBUG             instantiation of class "fmt::v11::basic_string_view<Char> [with Char=char]" at line 2612
DEBUG             instantiation of "auto fmt::v11::basic_format_args<Context>::get_id(fmt::v11::basic_string_view<Char>) const->int [with Context=fmt::v11::context, Char=char]" at line 2655
DEBUG 
DEBUG Remark: The warnings can be suppressed with "-diag-suppress <warning-number>"
DEBUG 
DEBUG /tmp/.tmpogcIvy/sdists-v9/pypi/lightgbm/4.7.0/insGUydc4PW9vJoP/src/external_libs/fmt/include/fmt/format.h(2594): warning #2417-D: constexpr constructor calls non-constexpr function "fmt::v11::basic_memory_buffer<T, SIZE, Allocator>::basic_memory_buffer(const Allocator &) [with T=fmt::v11::detail::bigint::bigit, SIZE=32UL, Allocator=fmt::v11::detail::allocator<fmt::v11::detail::bigint::bigit>]"
DEBUG     constexpr bigint() : exp_(0) {}
DEBUG                                  ^
DEBUG 
DEBUG /tmp/.tmpogcIvy/sdists-v9/pypi/lightgbm/4.7.0/insGUydc4PW9vJoP/src/external_libs/fmt/include/fmt/base.h(472): warning #128-D: loop is not reachable
DEBUG     for (; n != 0; ++s1, ++s2, --n) {
DEBUG     ^
DEBUG           detected during:
DEBUG             instantiation of "auto fmt::v11::detail::compare(const Char *, const Char *, std::size_t)->int [with Char=char]" at line 591
DEBUG             instantiation of "auto fmt::v11::basic_string_view<Char>::compare(fmt::v11::basic_string_view<Char>) const->int [with Char=char]" at line 598
DEBUG             instantiation of class "fmt::v11::basic_string_view<Char> [with Char=char]" at line 2612
DEBUG             instantiation of "auto fmt::v11::basic_format_args<Context>::get_id(fmt::v11::basic_string_view<Char>) const->int [with Context=fmt::v11::context, Char=char]" at line 2655
DEBUG 
DEBUG Remark: The warnings can be suppressed with "-diag-suppress <warning-number>"
DEBUG 
DEBUG /tmp/.tmpogcIvy/sdists-v9/pypi/lightgbm/4.7.0/insGUydc4PW9vJoP/src/external_libs/fmt/include/fmt/format.h(2594): warning #2417-D: constexpr constructor calls non-constexpr function "fmt::v11::basic_memory_buffer<T, SIZE, Allocator>::basic_memory_buffer(const Allocator &) [with T=fmt::v11::detail::bigint::bigit, SIZE=32UL, Allocator=fmt::v11::detail::allocator<fmt::v11::detail::bigint::bigit>]"
DEBUG     constexpr bigint() : exp_(0) {}
DEBUG                                  ^
DEBUG 
DEBUG /tmp/.tmpogcIvy/sdists-v9/pypi/lightgbm/4.7.0/insGUydc4PW9vJoP/src/external_libs/fmt/include/fmt/base.h(472): warning #128-D: loop is not reachable
DEBUG     for (; n != 0; ++s1, ++s2, --n) {
DEBUG     ^
DEBUG           detected during:
DEBUG             instantiation of "auto fmt::v11::detail::compare(const Char *, const Char *, std::size_t)->int [with Char=char]" at line 591
DEBUG             instantiation of "auto fmt::v11::basic_string_view<Char>::compare(fmt::v11::basic_string_view<Char>) const->int [with Char=char]" at line 598
DEBUG             instantiation of class "fmt::v11::basic_string_view<Char> [with Char=char]" at line 2612
DEBUG             instantiation of "auto fmt::v11::basic_format_args<Context>::get_id(fmt::v11::basic_string_view<Char>) const->int [with Context=fmt::v11::context, Char=char]" at line 2655
DEBUG 
DEBUG Remark: The warnings can be suppressed with "-diag-suppress <warning-number>"
DEBUG 
DEBUG /tmp/.tmpogcIvy/sdists-v9/pypi/lightgbm/4.7.0/insGUydc4PW9vJoP/src/external_libs/fmt/include/fmt/format.h(2594): warning #2417-D: constexpr constructor calls non-constexpr function "fmt::v11::basic_memory_buffer<T, SIZE, Allocator>::basic_memory_buffer(const Allocator &) [with T=fmt::v11::detail::bigint::bigit, SIZE=32UL, Allocator=fmt::v11::detail::allocator<fmt::v11::detail::bigint::bigit>]"
DEBUG     constexpr bigint() : exp_(0) {}
DEBUG                                  ^
DEBUG 
DEBUG /tmp/.tmpogcIvy/sdists-v9/pypi/lightgbm/4.7.0/insGUydc4PW9vJoP/src/external_libs/fmt/include/fmt/base.h(472): warning #128-D: loop is not reachable
DEBUG     for (; n != 0; ++s1, ++s2, --n) {
DEBUG     ^
DEBUG           detected during:
DEBUG             instantiation of "auto fmt::v11::detail::compare(const Char *, const Char *, std::size_t)->int [with Char=char]" at line 591
DEBUG             instantiation of "auto fmt::v11::basic_string_view<Char>::compare(fmt::v11::basic_string_view<Char>) const->int [with Char=char]" at line 598
DEBUG             instantiation of class "fmt::v11::basic_string_view<Char> [with Char=char]" at line 2612
DEBUG             instantiation of "auto fmt::v11::basic_format_args<Context>::get_id(fmt::v11::basic_string_view<Char>) const->int [with Context=fmt::v11::context, Char=char]" at line 2655
DEBUG 
DEBUG Remark: The warnings can be suppressed with "-diag-suppress <warning-number>"
DEBUG 
DEBUG /tmp/.tmpogcIvy/sdists-v9/pypi/lightgbm/4.7.0/insGUydc4PW9vJoP/src/external_libs/fmt/include/fmt/format.h(2594): warning #2417-D: constexpr constructor calls non-constexpr function "fmt::v11::basic_memory_buffer<T, SIZE, Allocator>::basic_memory_buffer(const Allocator &) [with T=fmt::v11::detail::bigint::bigit, SIZE=32UL, Allocator=fmt::v11::detail::allocator<fmt::v11::detail::bigint::bigit>]"
DEBUG     constexpr bigint() : exp_(0) {}
DEBUG                                  ^
DEBUG 
DEBUG /tmp/.tmpogcIvy/sdists-v9/pypi/lightgbm/4.7.0/insGUydc4PW9vJoP/src/external_libs/fmt/include/fmt/base.h(472): warning #128-D: loop is not reachable
DEBUG     for (; n != 0; ++s1, ++s2, --n) {
DEBUG     ^
DEBUG           detected during:
DEBUG             instantiation of "auto fmt::v11::detail::compare(const Char *, const Char *, std::size_t)->int [with Char=char]" at line 591
DEBUG             instantiation of "auto fmt::v11::basic_string_view<Char>::compare(fmt::v11::basic_string_view<Char>) const->int [with Char=char]" at line 598
DEBUG             instantiation of class "fmt::v11::basic_string_view<Char> [with Char=char]" at line 2612
DEBUG             instantiation of "auto fmt::v11::basic_format_args<Context>::get_id(fmt::v11::basic_string_view<Char>) const->int [with Context=fmt::v11::context, Char=char]" at line 2655
DEBUG 
DEBUG Remark: The warnings can be suppressed with "-diag-suppress <warning-number>"
DEBUG 
DEBUG /tmp/.tmpogcIvy/sdists-v9/pypi/lightgbm/4.7.0/insGUydc4PW9vJoP/src/external_libs/fmt/include/fmt/format.h(2594): warning #2417-D: constexpr constructor calls non-constexpr function "fmt::v11::basic_memory_buffer<T, SIZE, Allocator>::basic_memory_buffer(const Allocator &) [with T=fmt::v11::detail::bigint::bigit, SIZE=32UL, Allocator=fmt::v11::detail::allocator<fmt::v11::detail::bigint::bigit>]"
DEBUG     constexpr bigint() : exp_(0) {}
DEBUG                                  ^
DEBUG 
DEBUG /tmp/.tmpogcIvy/sdists-v9/pypi/lightgbm/4.7.0/insGUydc4PW9vJoP/src/external_libs/fmt/include/fmt/base.h(472): warning #128-D: loop is not reachable
DEBUG     for (; n != 0; ++s1, ++s2, --n) {
DEBUG     ^
DEBUG           detected during:
DEBUG             instantiation of "auto fmt::v11::detail::compare(const Char *, const Char *, std::size_t)->int [with Char=char]" at line 591
DEBUG             instantiation of "auto fmt::v11::basic_string_view<Char>::compare(fmt::v11::basic_string_view<Char>) const->int [with Char=char]" at line 598
DEBUG             instantiation of class "fmt::v11::basic_string_view<Char> [with Char=char]" at line 2612
DEBUG             instantiation of "auto fmt::v11::basic_format_args<Context>::get_id(fmt::v11::basic_string_view<Char>) const->int [with Context=fmt::v11::context, Char=char]" at line 2655
DEBUG 
DEBUG Remark: The warnings can be suppressed with "-diag-suppress <warning-number>"
DEBUG 
DEBUG /tmp/.tmpogcIvy/sdists-v9/pypi/lightgbm/4.7.0/insGUydc4PW9vJoP/src/external_libs/fmt/include/fmt/format.h(2594): warning #2417-D: constexpr constructor calls non-constexpr function "fmt::v11::basic_memory_buffer<T, SIZE, Allocator>::basic_memory_buffer(const Allocator &) [with T=fmt::v11::detail::bigint::bigit, SIZE=32UL, Allocator=fmt::v11::detail::allocator<fmt::v11::detail::bigint::bigit>]"
DEBUG     constexpr bigint() : exp_(0) {}
DEBUG                                  ^
DEBUG 
DEBUG /tmp/.tmpogcIvy/sdists-v9/pypi/lightgbm/4.7.0/insGUydc4PW9vJoP/src/external_libs/fmt/include/fmt/base.h(472): warning #128-D: loop is not reachable
DEBUG     for (; n != 0; ++s1, ++s2, --n) {
DEBUG     ^
DEBUG           detected during:
DEBUG             instantiation of "auto fmt::v11::detail::compare(const Char *, const Char *, std::size_t)->int [with Char=char]" at line 591
DEBUG             instantiation of "auto fmt::v11::basic_string_view<Char>::compare(fmt::v11::basic_string_view<Char>) const->int [with Char=char]" at line 598
DEBUG             instantiation of class "fmt::v11::basic_string_view<Char> [with Char=char]" at line 2612
DEBUG             instantiation of "auto fmt::v11::basic_format_args<Context>::get_id(fmt::v11::basic_string_view<Char>) const->int [with Context=fmt::v11::context, Char=char]" at line 2655
DEBUG 
DEBUG Remark: The warnings can be suppressed with "-diag-suppress <warning-number>"
DEBUG 
DEBUG /tmp/.tmpogcIvy/sdists-v9/pypi/lightgbm/4.7.0/insGUydc4PW9vJoP/src/external_libs/fmt/include/fmt/format.h(2594): warning #2417-D: constexpr constructor calls non-constexpr function "fmt::v11::basic_memory_buffer<T, SIZE, Allocator>::basic_memory_buffer(const Allocator &) [with T=fmt::v11::detail::bigint::bigit, SIZE=32UL, Allocator=fmt::v11::detail::allocator<fmt::v11::detail::bigint::bigit>]"
DEBUG     constexpr bigint() : exp_(0) {}
DEBUG                                  ^
DEBUG 
DEBUG /tmp/.tmpogcIvy/sdists-v9/pypi/lightgbm/4.7.0/insGUydc4PW9vJoP/src/external_libs/fmt/include/fmt/base.h(472): warning #128-D: loop is not reachable
DEBUG     for (; n != 0; ++s1, ++s2, --n) {
DEBUG     ^
DEBUG           detected during:
DEBUG             instantiation of "auto fmt::v11::detail::compare(const Char *, const Char *, std::size_t)->int [with Char=char]" at line 591
DEBUG             instantiation of "auto fmt::v11::basic_string_view<Char>::compare(fmt::v11::basic_string_view<Char>) const->int [with Char=char]" at line 598
DEBUG             instantiation of class "fmt::v11::basic_string_view<Char> [with Char=char]" at line 2612
DEBUG             instantiation of "auto fmt::v11::basic_format_args<Context>::get_id(fmt::v11::basic_string_view<Char>) const->int [with Context=fmt::v11::context, Char=char]" at line 2655
DEBUG 
DEBUG Remark: The warnings can be suppressed with "-diag-suppress <warning-number>"
DEBUG 
DEBUG /tmp/.tmpogcIvy/sdists-v9/pypi/lightgbm/4.7.0/insGUydc4PW9vJoP/src/external_libs/fmt/include/fmt/format.h(2594): warning #2417-D: constexpr constructor calls non-constexpr function "fmt::v11::basic_memory_buffer<T, SIZE, Allocator>::basic_memory_buffer(const Allocator &) [with T=fmt::v11::detail::bigint::bigit, SIZE=32UL, Allocator=fmt::v11::detail::allocator<fmt::v11::detail::bigint::bigit>]"
DEBUG     constexpr bigint() : exp_(0) {}
DEBUG                                  ^
DEBUG 
DEBUG [71/76] Building CUDA object CMakeFiles/lightgbm_objs.dir/src/treelearner/cuda/cuda_single_gpu_tree_learner.cu.o
DEBUG nvcc warning : Support for offline compilation for architectures prior to '<compute/sm/lto>_75' will be removed in a future release (Use -Wno-deprecated-gpu-targets to suppress warning).
DEBUG /tmp/.tmpogcIvy/sdists-v9/pypi/lightgbm/4.7.0/insGUydc4PW9vJoP/src/external_libs/fmt/include/fmt/base.h(472): warning #128-D: loop is not reachable
DEBUG     for (; n != 0; ++s1, ++s2, --n) {
DEBUG     ^
DEBUG           detected during:
DEBUG             instantiation of "auto fmt::v11::detail::compare(const Char *, const Char *, std::size_t)->int [with Char=char]" at line 591
DEBUG             instantiation of "auto fmt::v11::basic_string_view<Char>::compare(fmt::v11::basic_string_view<Char>) const->int [with Char=char]" at line 598
DEBUG             instantiation of class "fmt::v11::basic_string_view<Char> [with Char=char]" at line 2612
DEBUG             instantiation of "auto fmt::v11::basic_format_args<Context>::get_id(fmt::v11::basic_string_view<Char>) const->int [with Context=fmt::v11::context, Char=char]" at line 2655
DEBUG 
DEBUG Remark: The warnings can be suppressed with "-diag-suppress <warning-number>"
DEBUG 
DEBUG /tmp/.tmpogcIvy/sdists-v9/pypi/lightgbm/4.7.0/insGUydc4PW9vJoP/src/external_libs/fmt/include/fmt/format.h(2594): warning #2417-D: constexpr constructor calls non-constexpr function "fmt::v11::basic_memory_buffer<T, SIZE, Allocator>::basic_memory_buffer(const Allocator &) [with T=fmt::v11::detail::bigint::bigit, SIZE=32UL, Allocator=fmt::v11::detail::allocator<fmt::v11::detail::bigint::bigit>]"
DEBUG     constexpr bigint() : exp_(0) {}
DEBUG                                  ^
DEBUG 
DEBUG /tmp/.tmpogcIvy/sdists-v9/pypi/lightgbm/4.7.0/insGUydc4PW9vJoP/src/external_libs/fmt/include/fmt/base.h(472): warning #128-D: loop is not reachable
DEBUG     for (; n != 0; ++s1, ++s2, --n) {
DEBUG     ^
DEBUG           detected during:
DEBUG             instantiation of "auto fmt::v11::detail::compare(const Char *, const Char *, std::size_t)->int [with Char=char]" at line 591
DEBUG             instantiation of "auto fmt::v11::basic_string_view<Char>::compare(fmt::v11::basic_string_view<Char>) const->int [with Char=char]" at line 598
DEBUG             instantiation of class "fmt::v11::basic_string_view<Char> [with Char=char]" at line 2612
DEBUG             instantiation of "auto fmt::v11::basic_format_args<Context>::get_id(fmt::v11::basic_string_view<Char>) const->int [with Context=fmt::v11::context, Char=char]" at line 2655
DEBUG 
DEBUG Remark: The warnings can be suppressed with "-diag-suppress <warning-number>"
DEBUG 
DEBUG /tmp/.tmpogcIvy/sdists-v9/pypi/lightgbm/4.7.0/insGUydc4PW9vJoP/src/external_libs/fmt/include/fmt/format.h(2594): warning #2417-D: constexpr constructor calls non-constexpr function "fmt::v11::basic_memory_buffer<T, SIZE, Allocator>::basic_memory_buffer(const Allocator &) [with T=fmt::v11::detail::bigint::bigit, SIZE=32UL, Allocator=fmt::v11::detail::allocator<fmt::v11::detail::bigint::bigit>]"
DEBUG     constexpr bigint() : exp_(0) {}
DEBUG                                  ^
DEBUG 
DEBUG /tmp/.tmpogcIvy/sdists-v9/pypi/lightgbm/4.7.0/insGUydc4PW9vJoP/src/include/LightGBM/cuda/cuda_split_info.hpp(54): warning #20014-D: calling a __host__ function from a __host__ __device__ function is not allowed
DEBUG           { gpuAssert((cudaFree(cat_threshold)), "/tmp/.tmpogcIvy/sdists-v9/pypi/lightgbm/4.7.0/insGUydc4PW9vJoP/src/include/LightGBM/cuda/cuda_split_info.hpp", 54); };
DEBUG                      ^
DEBUG 
DEBUG /tmp/.tmpogcIvy/sdists-v9/pypi/lightgbm/4.7.0/insGUydc4PW9vJoP/src/include/LightGBM/cuda/cuda_split_info.hpp(57): warning #20014-D: calling a __host__ function from a __host__ __device__ function is not allowed
DEBUG           { gpuAssert((cudaFree(cat_threshold_real)), "/tmp/.tmpogcIvy/sdists-v9/pypi/lightgbm/4.7.0/insGUydc4PW9vJoP/src/include/LightGBM/cuda/cuda_split_info.hpp", 57); };
DEBUG                      ^
DEBUG 
DEBUG /tmp/.tmpogcIvy/sdists-v9/pypi/lightgbm/4.7.0/insGUydc4PW9vJoP/src/external_libs/fmt/include/fmt/base.h(472): warning #128-D: loop is not reachable
DEBUG     for (; n != 0; ++s1, ++s2, --n) {
DEBUG     ^
DEBUG           detected during:
DEBUG             instantiation of "auto fmt::v11::detail::compare(const Char *, const Char *, std::size_t)->int [with Char=char]" at line 591
DEBUG             instantiation of "auto fmt::v11::basic_string_view<Char>::compare(fmt::v11::basic_string_view<Char>) const->int [with Char=char]" at line 598
DEBUG             instantiation of class "fmt::v11::basic_string_view<Char> [with Char=char]" at line 2612
DEBUG             instantiation of "auto fmt::v11::basic_format_args<Context>::get_id(fmt::v11::basic_string_view<Char>) const->int [with Context=fmt::v11::context, Char=char]" at line 2655
DEBUG 
DEBUG Remark: The warnings can be suppressed with "-diag-suppress <warning-number>"
DEBUG 
DEBUG /tmp/.tmpogcIvy/sdists-v9/pypi/lightgbm/4.7.0/insGUydc4PW9vJoP/src/external_libs/fmt/include/fmt/format.h(2594): warning #2417-D: constexpr constructor calls non-constexpr function "fmt::v11::basic_memory_buffer<T, SIZE, Allocator>::basic_memory_buffer(const Allocator &) [with T=fmt::v11::detail::bigint::bigit, SIZE=32UL, Allocator=fmt::v11::detail::allocator<fmt::v11::detail::bigint::bigit>]"
DEBUG     constexpr bigint() : exp_(0) {}
DEBUG                                  ^
DEBUG 
DEBUG /tmp/.tmpogcIvy/sdists-v9/pypi/lightgbm/4.7.0/insGUydc4PW9vJoP/src/include/LightGBM/cuda/cuda_split_info.hpp(54): warning #20014-D: calling a __host__ function from a __host__ __device__ function is not allowed
DEBUG           { gpuAssert((cudaFree(cat_threshold)), "/tmp/.tmpogcIvy/sdists-v9/pypi/lightgbm/4.7.0/insGUydc4PW9vJoP/src/include/LightGBM/cuda/cuda_split_info.hpp", 54); };
DEBUG                      ^
DEBUG 
DEBUG /tmp/.tmpogcIvy/sdists-v9/pypi/lightgbm/4.7.0/insGUydc4PW9vJoP/src/include/LightGBM/cuda/cuda_split_info.hpp(57): warning #20014-D: calling a __host__ function from a __host__ __device__ function is not allowed
DEBUG           { gpuAssert((cudaFree(cat_threshold_real)), "/tmp/.tmpogcIvy/sdists-v9/pypi/lightgbm/4.7.0/insGUydc4PW9vJoP/src/include/LightGBM/cuda/cuda_split_info.hpp", 57); };
DEBUG                      ^
DEBUG 
DEBUG /tmp/.tmpogcIvy/sdists-v9/pypi/lightgbm/4.7.0/insGUydc4PW9vJoP/src/external_libs/fmt/include/fmt/base.h(472): warning #128-D: loop is not reachable
DEBUG     for (; n != 0; ++s1, ++s2, --n) {
DEBUG     ^
DEBUG           detected during:
DEBUG             instantiation of "auto fmt::v11::detail::compare(const Char *, const Char *, std::size_t)->int [with Char=char]" at line 591
DEBUG             instantiation of "auto fmt::v11::basic_string_view<Char>::compare(fmt::v11::basic_string_view<Char>) const->int [with Char=char]" at line 598
DEBUG             instantiation of class "fmt::v11::basic_string_view<Char> [with Char=char]" at line 2612
DEBUG             instantiation of "auto fmt::v11::basic_format_args<Context>::get_id(fmt::v11::basic_string_view<Char>) const->int [with Context=fmt::v11::context, Char=char]" at line 2655
DEBUG 
DEBUG Remark: The warnings can be suppressed with "-diag-suppress <warning-number>"
DEBUG 
DEBUG /tmp/.tmpogcIvy/sdists-v9/pypi/lightgbm/4.7.0/insGUydc4PW9vJoP/src/external_libs/fmt/include/fmt/format.h(2594): warning #2417-D: constexpr constructor calls non-constexpr function "fmt::v11::basic_memory_buffer<T, SIZE, Allocator>::basic_memory_buffer(const Allocator &) [with T=fmt::v11::detail::bigint::bigit, SIZE=32UL, Allocator=fmt::v11::detail::allocator<fmt::v11::detail::bigint::bigit>]"
DEBUG     constexpr bigint() : exp_(0) {}
DEBUG                                  ^
DEBUG 
DEBUG /tmp/.tmpogcIvy/sdists-v9/pypi/lightgbm/4.7.0/insGUydc4PW9vJoP/src/include/LightGBM/cuda/cuda_split_info.hpp(54): warning #20014-D: calling a __host__ function from a __host__ __device__ function is not allowed
DEBUG           { gpuAssert((cudaFree(cat_threshold)), "/tmp/.tmpogcIvy/sdists-v9/pypi/lightgbm/4.7.0/insGUydc4PW9vJoP/src/include/LightGBM/cuda/cuda_split_info.hpp", 54); };
DEBUG                      ^
DEBUG 
DEBUG /tmp/.tmpogcIvy/sdists-v9/pypi/lightgbm/4.7.0/insGUydc4PW9vJoP/src/include/LightGBM/cuda/cuda_split_info.hpp(57): warning #20014-D: calling a __host__ function from a __host__ __device__ function is not allowed
DEBUG           { gpuAssert((cudaFree(cat_threshold_real)), "/tmp/.tmpogcIvy/sdists-v9/pypi/lightgbm/4.7.0/insGUydc4PW9vJoP/src/include/LightGBM/cuda/cuda_split_info.hpp", 57); };
DEBUG                      ^
DEBUG 
DEBUG /tmp/.tmpogcIvy/sdists-v9/pypi/lightgbm/4.7.0/insGUydc4PW9vJoP/src/external_libs/fmt/include/fmt/base.h(472): warning #128-D: loop is not reachable
DEBUG     for (; n != 0; ++s1, ++s2, --n) {
DEBUG     ^
DEBUG           detected during:
DEBUG             instantiation of "auto fmt::v11::detail::compare(const Char *, const Char *, std::size_t)->int [with Char=char]" at line 591
DEBUG             instantiation of "auto fmt::v11::basic_string_view<Char>::compare(fmt::v11::basic_string_view<Char>) const->int [with Char=char]" at line 598
DEBUG             instantiation of class "fmt::v11::basic_string_view<Char> [with Char=char]" at line 2612
DEBUG             instantiation of "auto fmt::v11::basic_format_args<Context>::get_id(fmt::v11::basic_string_view<Char>) const->int [with Context=fmt::v11::context, Char=char]" at line 2655
DEBUG 
DEBUG Remark: The warnings can be suppressed with "-diag-suppress <warning-number>"
DEBUG 
DEBUG /tmp/.tmpogcIvy/sdists-v9/pypi/lightgbm/4.7.0/insGUydc4PW9vJoP/src/external_libs/fmt/include/fmt/format.h(2594): warning #2417-D: constexpr constructor calls non-constexpr function "fmt::v11::basic_memory_buffer<T, SIZE, Allocator>::basic_memory_buffer(const Allocator &) [with T=fmt::v11::detail::bigint::bigit, SIZE=32UL, Allocator=fmt::v11::detail::allocator<fmt::v11::detail::bigint::bigit>]"
DEBUG     constexpr bigint() : exp_(0) {}
DEBUG                                  ^
DEBUG 
DEBUG /tmp/.tmpogcIvy/sdists-v9/pypi/lightgbm/4.7.0/insGUydc4PW9vJoP/src/include/LightGBM/cuda/cuda_split_info.hpp(54): warning #20014-D: calling a __host__ function from a __host__ __device__ function is not allowed
DEBUG           { gpuAssert((cudaFree(cat_threshold)), "/tmp/.tmpogcIvy/sdists-v9/pypi/lightgbm/4.7.0/insGUydc4PW9vJoP/src/include/LightGBM/cuda/cuda_split_info.hpp", 54); };
DEBUG                      ^
DEBUG 
DEBUG /tmp/.tmpogcIvy/sdists-v9/pypi/lightgbm/4.7.0/insGUydc4PW9vJoP/src/include/LightGBM/cuda/cuda_split_info.hpp(57): warning #20014-D: calling a __host__ function from a __host__ __device__ function is not allowed
DEBUG           { gpuAssert((cudaFree(cat_threshold_real)), "/tmp/.tmpogcIvy/sdists-v9/pypi/lightgbm/4.7.0/insGUydc4PW9vJoP/src/include/LightGBM/cuda/cuda_split_info.hpp", 57); };
DEBUG                      ^
DEBUG 
DEBUG /tmp/.tmpogcIvy/sdists-v9/pypi/lightgbm/4.7.0/insGUydc4PW9vJoP/src/external_libs/fmt/include/fmt/base.h(472): warning #128-D: loop is not reachable
DEBUG     for (; n != 0; ++s1, ++s2, --n) {
DEBUG     ^
DEBUG           detected during:
DEBUG             instantiation of "auto fmt::v11::detail::compare(const Char *, const Char *, std::size_t)->int [with Char=char]" at line 591
DEBUG             instantiation of "auto fmt::v11::basic_string_view<Char>::compare(fmt::v11::basic_string_view<Char>) const->int [with Char=char]" at line 598
DEBUG             instantiation of class "fmt::v11::basic_string_view<Char> [with Char=char]" at line 2612
DEBUG             instantiation of "auto fmt::v11::basic_format_args<Context>::get_id(fmt::v11::basic_string_view<Char>) const->int [with Context=fmt::v11::context, Char=char]" at line 2655
DEBUG 
DEBUG Remark: The warnings can be suppressed with "-diag-suppress <warning-number>"
DEBUG 
DEBUG /tmp/.tmpogcIvy/sdists-v9/pypi/lightgbm/4.7.0/insGUydc4PW9vJoP/src/external_libs/fmt/include/fmt/format.h(2594): warning #2417-D: constexpr constructor calls non-constexpr function "fmt::v11::basic_memory_buffer<T, SIZE, Allocator>::basic_memory_buffer(const Allocator &) [with T=fmt::v11::detail::bigint::bigit, SIZE=32UL, Allocator=fmt::v11::detail::allocator<fmt::v11::detail::bigint::bigit>]"
DEBUG     constexpr bigint() : exp_(0) {}
DEBUG                                  ^
DEBUG 
DEBUG /tmp/.tmpogcIvy/sdists-v9/pypi/lightgbm/4.7.0/insGUydc4PW9vJoP/src/include/LightGBM/cuda/cuda_split_info.hpp(54): warning #20014-D: calling a __host__ function from a __host__ __device__ function is not allowed
DEBUG           { gpuAssert((cudaFree(cat_threshold)), "/tmp/.tmpogcIvy/sdists-v9/pypi/lightgbm/4.7.0/insGUydc4PW9vJoP/src/include/LightGBM/cuda/cuda_split_info.hpp", 54); };
DEBUG                      ^
DEBUG 
DEBUG /tmp/.tmpogcIvy/sdists-v9/pypi/lightgbm/4.7.0/insGUydc4PW9vJoP/src/include/LightGBM/cuda/cuda_split_info.hpp(57): warning #20014-D: calling a __host__ function from a __host__ __device__ function is not allowed
DEBUG           { gpuAssert((cudaFree(cat_threshold_real)), "/tmp/.tmpogcIvy/sdists-v9/pypi/lightgbm/4.7.0/insGUydc4PW9vJoP/src/include/LightGBM/cuda/cuda_split_info.hpp", 57); };
DEBUG                      ^
DEBUG 
DEBUG /tmp/.tmpogcIvy/sdists-v9/pypi/lightgbm/4.7.0/insGUydc4PW9vJoP/src/external_libs/fmt/include/fmt/base.h(472): warning #128-D: loop is not reachable
DEBUG     for (; n != 0; ++s1, ++s2, --n) {
DEBUG     ^
DEBUG           detected during:
DEBUG             instantiation of "auto fmt::v11::detail::compare(const Char *, const Char *, std::size_t)->int [with Char=char]" at line 591
DEBUG             instantiation of "auto fmt::v11::basic_string_view<Char>::compare(fmt::v11::basic_string_view<Char>) const->int [with Char=char]" at line 598
DEBUG             instantiation of class "fmt::v11::basic_string_view<Char> [with Char=char]" at line 2612
DEBUG             instantiation of "auto fmt::v11::basic_format_args<Context>::get_id(fmt::v11::basic_string_view<Char>) const->int [with Context=fmt::v11::context, Char=char]" at line 2655
DEBUG 
DEBUG Remark: The warnings can be suppressed with "-diag-suppress <warning-number>"
DEBUG 
DEBUG /tmp/.tmpogcIvy/sdists-v9/pypi/lightgbm/4.7.0/insGUydc4PW9vJoP/src/external_libs/fmt/include/fmt/format.h(2594): warning #2417-D: constexpr constructor calls non-constexpr function "fmt::v11::basic_memory_buffer<T, SIZE, Allocator>::basic_memory_buffer(const Allocator &) [with T=fmt::v11::detail::bigint::bigit, SIZE=32UL, Allocator=fmt::v11::detail::allocator<fmt::v11::detail::bigint::bigit>]"
DEBUG     constexpr bigint() : exp_(0) {}
DEBUG                                  ^
DEBUG 
DEBUG /tmp/.tmpogcIvy/sdists-v9/pypi/lightgbm/4.7.0/insGUydc4PW9vJoP/src/include/LightGBM/cuda/cuda_split_info.hpp(54): warning #20014-D: calling a __host__ function from a __host__ __device__ function is not allowed
DEBUG           { gpuAssert((cudaFree(cat_threshold)), "/tmp/.tmpogcIvy/sdists-v9/pypi/lightgbm/4.7.0/insGUydc4PW9vJoP/src/include/LightGBM/cuda/cuda_split_info.hpp", 54); };
DEBUG                      ^
DEBUG 
DEBUG /tmp/.tmpogcIvy/sdists-v9/pypi/lightgbm/4.7.0/insGUydc4PW9vJoP/src/include/LightGBM/cuda/cuda_split_info.hpp(57): warning #20014-D: calling a __host__ function from a __host__ __device__ function is not allowed
DEBUG           { gpuAssert((cudaFree(cat_threshold_real)), "/tmp/.tmpogcIvy/sdists-v9/pypi/lightgbm/4.7.0/insGUydc4PW9vJoP/src/include/LightGBM/cuda/cuda_split_info.hpp", 57); };
DEBUG                      ^
DEBUG 
DEBUG /tmp/.tmpogcIvy/sdists-v9/pypi/lightgbm/4.7.0/insGUydc4PW9vJoP/src/external_libs/fmt/include/fmt/base.h(472): warning #128-D: loop is not reachable
DEBUG     for (; n != 0; ++s1, ++s2, --n) {
DEBUG     ^
DEBUG           detected during:
DEBUG             instantiation of "auto fmt::v11::detail::compare(const Char *, const Char *, std::size_t)->int [with Char=char]" at line 591
DEBUG             instantiation of "auto fmt::v11::basic_string_view<Char>::compare(fmt::v11::basic_string_view<Char>) const->int [with Char=char]" at line 598
DEBUG             instantiation of class "fmt::v11::basic_string_view<Char> [with Char=char]" at line 2612
DEBUG             instantiation of "auto fmt::v11::basic_format_args<Context>::get_id(fmt::v11::basic_string_view<Char>) const->int [with Context=fmt::v11::context, Char=char]" at line 2655
DEBUG 
DEBUG Remark: The warnings can be suppressed with "-diag-suppress <warning-number>"
DEBUG 
DEBUG /tmp/.tmpogcIvy/sdists-v9/pypi/lightgbm/4.7.0/insGUydc4PW9vJoP/src/external_libs/fmt/include/fmt/format.h(2594): warning #2417-D: constexpr constructor calls non-constexpr function "fmt::v11::basic_memory_buffer<T, SIZE, Allocator>::basic_memory_buffer(const Allocator &) [with T=fmt::v11::detail::bigint::bigit, SIZE=32UL, Allocator=fmt::v11::detail::allocator<fmt::v11::detail::bigint::bigit>]"
DEBUG     constexpr bigint() : exp_(0) {}
DEBUG                                  ^
DEBUG 
DEBUG /tmp/.tmpogcIvy/sdists-v9/pypi/lightgbm/4.7.0/insGUydc4PW9vJoP/src/include/LightGBM/cuda/cuda_split_info.hpp(54): warning #20014-D: calling a __host__ function from a __host__ __device__ function is not allowed
DEBUG           { gpuAssert((cudaFree(cat_threshold)), "/tmp/.tmpogcIvy/sdists-v9/pypi/lightgbm/4.7.0/insGUydc4PW9vJoP/src/include/LightGBM/cuda/cuda_split_info.hpp", 54); };
DEBUG                      ^
DEBUG 
DEBUG /tmp/.tmpogcIvy/sdists-v9/pypi/lightgbm/4.7.0/insGUydc4PW9vJoP/src/include/LightGBM/cuda/cuda_split_info.hpp(57): warning #20014-D: calling a __host__ function from a __host__ __device__ function is not allowed
DEBUG           { gpuAssert((cudaFree(cat_threshold_real)), "/tmp/.tmpogcIvy/sdists-v9/pypi/lightgbm/4.7.0/insGUydc4PW9vJoP/src/include/LightGBM/cuda/cuda_split_info.hpp", 57); };
DEBUG                      ^
DEBUG 
DEBUG /tmp/.tmpogcIvy/sdists-v9/pypi/lightgbm/4.7.0/insGUydc4PW9vJoP/src/external_libs/fmt/include/fmt/base.h(472): warning #128-D: loop is not reachable
DEBUG     for (; n != 0; ++s1, ++s2, --n) {
DEBUG     ^
DEBUG           detected during:
DEBUG             instantiation of "auto fmt::v11::detail::compare(const Char *, const Char *, std::size_t)->int [with Char=char]" at line 591
DEBUG             instantiation of "auto fmt::v11::basic_string_view<Char>::compare(fmt::v11::basic_string_view<Char>) const->int [with Char=char]" at line 598
DEBUG             instantiation of class "fmt::v11::basic_string_view<Char> [with Char=char]" at line 2612
DEBUG             instantiation of "auto fmt::v11::basic_format_args<Context>::get_id(fmt::v11::basic_string_view<Char>) const->int [with Context=fmt::v11::context, Char=char]" at line 2655
DEBUG 
DEBUG Remark: The warnings can be suppressed with "-diag-suppress <warning-number>"
DEBUG 
DEBUG /tmp/.tmpogcIvy/sdists-v9/pypi/lightgbm/4.7.0/insGUydc4PW9vJoP/src/external_libs/fmt/include/fmt/format.h(2594): warning #2417-D: constexpr constructor calls non-constexpr function "fmt::v11::basic_memory_buffer<T, SIZE, Allocator>::basic_memory_buffer(const Allocator &) [with T=fmt::v11::detail::bigint::bigit, SIZE=32UL, Allocator=fmt::v11::detail::allocator<fmt::v11::detail::bigint::bigit>]"
DEBUG     constexpr bigint() : exp_(0) {}
DEBUG                                  ^
DEBUG 
DEBUG /tmp/.tmpogcIvy/sdists-v9/pypi/lightgbm/4.7.0/insGUydc4PW9vJoP/src/include/LightGBM/cuda/cuda_split_info.hpp(54): warning #20014-D: calling a __host__ function from a __host__ __device__ function is not allowed
DEBUG           { gpuAssert((cudaFree(cat_threshold)), "/tmp/.tmpogcIvy/sdists-v9/pypi/lightgbm/4.7.0/insGUydc4PW9vJoP/src/include/LightGBM/cuda/cuda_split_info.hpp", 54); };
DEBUG                      ^
DEBUG 
DEBUG /tmp/.tmpogcIvy/sdists-v9/pypi/lightgbm/4.7.0/insGUydc4PW9vJoP/src/include/LightGBM/cuda/cuda_split_info.hpp(57): warning #20014-D: calling a __host__ function from a __host__ __device__ function is not allowed
DEBUG           { gpuAssert((cudaFree(cat_threshold_real)), "/tmp/.tmpogcIvy/sdists-v9/pypi/lightgbm/4.7.0/insGUydc4PW9vJoP/src/include/LightGBM/cuda/cuda_split_info.hpp", 57); };
DEBUG                      ^
DEBUG 
DEBUG /tmp/.tmpogcIvy/sdists-v9/pypi/lightgbm/4.7.0/insGUydc4PW9vJoP/src/external_libs/fmt/include/fmt/base.h(472): warning #128-D: loop is not reachable
DEBUG     for (; n != 0; ++s1, ++s2, --n) {
DEBUG     ^
DEBUG           detected during:
DEBUG             instantiation of "auto fmt::v11::detail::compare(const Char *, const Char *, std::size_t)->int [with Char=char]" at line 591
DEBUG             instantiation of "auto fmt::v11::basic_string_view<Char>::compare(fmt::v11::basic_string_view<Char>) const->int [with Char=char]" at line 598
DEBUG             instantiation of class "fmt::v11::basic_string_view<Char> [with Char=char]" at line 2612
DEBUG             instantiation of "auto fmt::v11::basic_format_args<Context>::get_id(fmt::v11::basic_string_view<Char>) const->int [with Context=fmt::v11::context, Char=char]" at line 2655
DEBUG 
DEBUG Remark: The warnings can be suppressed with "-diag-suppress <warning-number>"
DEBUG 
DEBUG /tmp/.tmpogcIvy/sdists-v9/pypi/lightgbm/4.7.0/insGUydc4PW9vJoP/src/external_libs/fmt/include/fmt/format.h(2594): warning #2417-D: constexpr constructor calls non-constexpr function "fmt::v11::basic_memory_buffer<T, SIZE, Allocator>::basic_memory_buffer(const Allocator &) [with T=fmt::v11::detail::bigint::bigit, SIZE=32UL, Allocator=fmt::v11::detail::allocator<fmt::v11::detail::bigint::bigit>]"
DEBUG     constexpr bigint() : exp_(0) {}
DEBUG                                  ^
DEBUG 
DEBUG /tmp/.tmpogcIvy/sdists-v9/pypi/lightgbm/4.7.0/insGUydc4PW9vJoP/src/include/LightGBM/cuda/cuda_split_info.hpp(54): warning #20014-D: calling a __host__ function from a __host__ __device__ function is not allowed
DEBUG           { gpuAssert((cudaFree(cat_threshold)), "/tmp/.tmpogcIvy/sdists-v9/pypi/lightgbm/4.7.0/insGUydc4PW9vJoP/src/include/LightGBM/cuda/cuda_split_info.hpp", 54); };
DEBUG                      ^
DEBUG 
DEBUG /tmp/.tmpogcIvy/sdists-v9/pypi/lightgbm/4.7.0/insGUydc4PW9vJoP/src/include/LightGBM/cuda/cuda_split_info.hpp(57): warning #20014-D: calling a __host__ function from a __host__ __device__ function is not allowed
DEBUG           { gpuAssert((cudaFree(cat_threshold_real)), "/tmp/.tmpogcIvy/sdists-v9/pypi/lightgbm/4.7.0/insGUydc4PW9vJoP/src/include/LightGBM/cuda/cuda_split_info.hpp", 57); };
DEBUG                      ^
DEBUG 
DEBUG [72/76] Building CUDA object CMakeFiles/lightgbm_objs.dir/src/treelearner/cuda/cuda_histogram_constructor.cu.o
DEBUG nvcc warning : Support for offline compilation for architectures prior to '<compute/sm/lto>_75' will be removed in a future release (Use -Wno-deprecated-gpu-targets to suppress warning).
DEBUG /tmp/.tmpogcIvy/sdists-v9/pypi/lightgbm/4.7.0/insGUydc4PW9vJoP/src/external_libs/fmt/include/fmt/base.h(472): warning #128-D: loop is not reachable
DEBUG     for (; n != 0; ++s1, ++s2, --n) {
DEBUG     ^
DEBUG           detected during:
DEBUG             instantiation of "auto fmt::v11::detail::compare(const Char *, const Char *, std::size_t)->int [with Char=char]" at line 591
DEBUG             instantiation of "auto fmt::v11::basic_string_view<Char>::compare(fmt::v11::basic_string_view<Char>) const->int [with Char=char]" at line 598
DEBUG             instantiation of class "fmt::v11::basic_string_view<Char> [with Char=char]" at line 2612
DEBUG             instantiation of "auto fmt::v11::basic_format_args<Context>::get_id(fmt::v11::basic_string_view<Char>) const->int [with Context=fmt::v11::context, Char=char]" at line 2655
DEBUG 
DEBUG Remark: The warnings can be suppressed with "-diag-suppress <warning-number>"
DEBUG 
DEBUG /tmp/.tmpogcIvy/sdists-v9/pypi/lightgbm/4.7.0/insGUydc4PW9vJoP/src/external_libs/fmt/include/fmt/format.h(2594): warning #2417-D: constexpr constructor calls non-constexpr function "fmt::v11::basic_memory_buffer<T, SIZE, Allocator>::basic_memory_buffer(const Allocator &) [with T=fmt::v11::detail::bigint::bigit, SIZE=32UL, Allocator=fmt::v11::detail::allocator<fmt::v11::detail::bigint::bigit>]"
DEBUG     constexpr bigint() : exp_(0) {}
DEBUG                                  ^
DEBUG 
DEBUG /tmp/.tmpogcIvy/sdists-v9/pypi/lightgbm/4.7.0/insGUydc4PW9vJoP/src/external_libs/fmt/include/fmt/base.h(472): warning #128-D: loop is not reachable
DEBUG     for (; n != 0; ++s1, ++s2, --n) {
DEBUG     ^
DEBUG           detected during:
DEBUG             instantiation of "auto fmt::v11::detail::compare(const Char *, const Char *, std::size_t)->int [with Char=char]" at line 591
DEBUG             instantiation of "auto fmt::v11::basic_string_view<Char>::compare(fmt::v11::basic_string_view<Char>) const->int [with Char=char]" at line 598
DEBUG             instantiation of class "fmt::v11::basic_string_view<Char> [with Char=char]" at line 2612
DEBUG             instantiation of "auto fmt::v11::basic_format_args<Context>::get_id(fmt::v11::basic_string_view<Char>) const->int [with Context=fmt::v11::context, Char=char]" at line 2655
DEBUG 
DEBUG Remark: The warnings can be suppressed with "-diag-suppress <warning-number>"
DEBUG 
DEBUG /tmp/.tmpogcIvy/sdists-v9/pypi/lightgbm/4.7.0/insGUydc4PW9vJoP/src/external_libs/fmt/include/fmt/format.h(2594): warning #2417-D: constexpr constructor calls non-constexpr function "fmt::v11::basic_memory_buffer<T, SIZE, Allocator>::basic_memory_buffer(const Allocator &) [with T=fmt::v11::detail::bigint::bigit, SIZE=32UL, Allocator=fmt::v11::detail::allocator<fmt::v11::detail::bigint::bigit>]"
DEBUG     constexpr bigint() : exp_(0) {}
DEBUG                                  ^
DEBUG 
DEBUG /tmp/.tmpogcIvy/sdists-v9/pypi/lightgbm/4.7.0/insGUydc4PW9vJoP/src/external_libs/fmt/include/fmt/base.h(472): warning #128-D: loop is not reachable
DEBUG     for (; n != 0; ++s1, ++s2, --n) {
DEBUG     ^
DEBUG           detected during:
DEBUG             instantiation of "auto fmt::v11::detail::compare(const Char *, const Char *, std::size_t)->int [with Char=char]" at line 591
DEBUG             instantiation of "auto fmt::v11::basic_string_view<Char>::compare(fmt::v11::basic_string_view<Char>) const->int [with Char=char]" at line 598
DEBUG             instantiation of class "fmt::v11::basic_string_view<Char> [with Char=char]" at line 2612
DEBUG             instantiation of "auto fmt::v11::basic_format_args<Context>::get_id(fmt::v11::basic_string_view<Char>) const->int [with Context=fmt::v11::context, Char=char]" at line 2655
DEBUG 
DEBUG Remark: The warnings can be suppressed with "-diag-suppress <warning-number>"
DEBUG 
DEBUG /tmp/.tmpogcIvy/sdists-v9/pypi/lightgbm/4.7.0/insGUydc4PW9vJoP/src/external_libs/fmt/include/fmt/format.h(2594): warning #2417-D: constexpr constructor calls non-constexpr function "fmt::v11::basic_memory_buffer<T, SIZE, Allocator>::basic_memory_buffer(const Allocator &) [with T=fmt::v11::detail::bigint::bigit, SIZE=32UL, Allocator=fmt::v11::detail::allocator<fmt::v11::detail::bigint::bigit>]"
DEBUG     constexpr bigint() : exp_(0) {}
DEBUG                                  ^
DEBUG 
DEBUG /tmp/.tmpogcIvy/sdists-v9/pypi/lightgbm/4.7.0/insGUydc4PW9vJoP/src/external_libs/fmt/include/fmt/base.h(472): warning #128-D: loop is not reachable
DEBUG     for (; n != 0; ++s1, ++s2, --n) {
DEBUG     ^
DEBUG           detected during:
DEBUG             instantiation of "auto fmt::v11::detail::compare(const Char *, const Char *, std::size_t)->int [with Char=char]" at line 591
DEBUG             instantiation of "auto fmt::v11::basic_string_view<Char>::compare(fmt::v11::basic_string_view<Char>) const->int [with Char=char]" at line 598
DEBUG             instantiation of class "fmt::v11::basic_string_view<Char> [with Char=char]" at line 2612
DEBUG             instantiation of "auto fmt::v11::basic_format_args<Context>::get_id(fmt::v11::basic_string_view<Char>) const->int [with Context=fmt::v11::context, Char=char]" at line 2655
DEBUG 
DEBUG Remark: The warnings can be suppressed with "-diag-suppress <warning-number>"
DEBUG 
DEBUG /tmp/.tmpogcIvy/sdists-v9/pypi/lightgbm/4.7.0/insGUydc4PW9vJoP/src/external_libs/fmt/include/fmt/format.h(2594): warning #2417-D: constexpr constructor calls non-constexpr function "fmt::v11::basic_memory_buffer<T, SIZE, Allocator>::basic_memory_buffer(const Allocator &) [with T=fmt::v11::detail::bigint::bigit, SIZE=32UL, Allocator=fmt::v11::detail::allocator<fmt::v11::detail::bigint::bigit>]"
DEBUG     constexpr bigint() : exp_(0) {}
DEBUG                                  ^
DEBUG 
DEBUG /tmp/.tmpogcIvy/sdists-v9/pypi/lightgbm/4.7.0/insGUydc4PW9vJoP/src/external_libs/fmt/include/fmt/base.h(472): warning #128-D: loop is not reachable
DEBUG     for (; n != 0; ++s1, ++s2, --n) {
DEBUG     ^
DEBUG           detected during:
DEBUG             instantiation of "auto fmt::v11::detail::compare(const Char *, const Char *, std::size_t)->int [with Char=char]" at line 591
DEBUG             instantiation of "auto fmt::v11::basic_string_view<Char>::compare(fmt::v11::basic_string_view<Char>) const->int [with Char=char]" at line 598
DEBUG             instantiation of class "fmt::v11::basic_string_view<Char> [with Char=char]" at line 2612
DEBUG             instantiation of "auto fmt::v11::basic_format_args<Context>::get_id(fmt::v11::basic_string_view<Char>) const->int [with Context=fmt::v11::context, Char=char]" at line 2655
DEBUG 
DEBUG Remark: The warnings can be suppressed with "-diag-suppress <warning-number>"
DEBUG 
DEBUG /tmp/.tmpogcIvy/sdists-v9/pypi/lightgbm/4.7.0/insGUydc4PW9vJoP/src/external_libs/fmt/include/fmt/format.h(2594): warning #2417-D: constexpr constructor calls non-constexpr function "fmt::v11::basic_memory_buffer<T, SIZE, Allocator>::basic_memory_buffer(const Allocator &) [with T=fmt::v11::detail::bigint::bigit, SIZE=32UL, Allocator=fmt::v11::detail::allocator<fmt::v11::detail::bigint::bigit>]"
DEBUG     constexpr bigint() : exp_(0) {}
DEBUG                                  ^
DEBUG 
DEBUG /tmp/.tmpogcIvy/sdists-v9/pypi/lightgbm/4.7.0/insGUydc4PW9vJoP/src/external_libs/fmt/include/fmt/base.h(472): warning #128-D: loop is not reachable
DEBUG     for (; n != 0; ++s1, ++s2, --n) {
DEBUG     ^
DEBUG           detected during:
DEBUG             instantiation of "auto fmt::v11::detail::compare(const Char *, const Char *, std::size_t)->int [with Char=char]" at line 591
DEBUG             instantiation of "auto fmt::v11::basic_string_view<Char>::compare(fmt::v11::basic_string_view<Char>) const->int [with Char=char]" at line 598
DEBUG             instantiation of class "fmt::v11::basic_string_view<Char> [with Char=char]" at line 2612
DEBUG             instantiation of "auto fmt::v11::basic_format_args<Context>::get_id(fmt::v11::basic_string_view<Char>) const->int [with Context=fmt::v11::context, Char=char]" at line 2655
DEBUG 
DEBUG Remark: The warnings can be suppressed with "-diag-suppress <warning-number>"
DEBUG 
DEBUG /tmp/.tmpogcIvy/sdists-v9/pypi/lightgbm/4.7.0/insGUydc4PW9vJoP/src/external_libs/fmt/include/fmt/format.h(2594): warning #2417-D: constexpr constructor calls non-constexpr function "fmt::v11::basic_memory_buffer<T, SIZE, Allocator>::basic_memory_buffer(const Allocator &) [with T=fmt::v11::detail::bigint::bigit, SIZE=32UL, Allocator=fmt::v11::detail::allocator<fmt::v11::detail::bigint::bigit>]"
DEBUG     constexpr bigint() : exp_(0) {}
DEBUG                                  ^
DEBUG 
DEBUG /tmp/.tmpogcIvy/sdists-v9/pypi/lightgbm/4.7.0/insGUydc4PW9vJoP/src/external_libs/fmt/include/fmt/base.h(472): warning #128-D: loop is not reachable
DEBUG     for (; n != 0; ++s1, ++s2, --n) {
DEBUG     ^
DEBUG           detected during:
DEBUG             instantiation of "auto fmt::v11::detail::compare(const Char *, const Char *, std::size_t)->int [with Char=char]" at line 591
DEBUG             instantiation of "auto fmt::v11::basic_string_view<Char>::compare(fmt::v11::basic_string_view<Char>) const->int [with Char=char]" at line 598
DEBUG             instantiation of class "fmt::v11::basic_string_view<Char> [with Char=char]" at line 2612
DEBUG             instantiation of "auto fmt::v11::basic_format_args<Context>::get_id(fmt::v11::basic_string_view<Char>) const->int [with Context=fmt::v11::context, Char=char]" at line 2655
DEBUG 
DEBUG Remark: The warnings can be suppressed with "-diag-suppress <warning-number>"
DEBUG 
DEBUG /tmp/.tmpogcIvy/sdists-v9/pypi/lightgbm/4.7.0/insGUydc4PW9vJoP/src/external_libs/fmt/include/fmt/format.h(2594): warning #2417-D: constexpr constructor calls non-constexpr function "fmt::v11::basic_memory_buffer<T, SIZE, Allocator>::basic_memory_buffer(const Allocator &) [with T=fmt::v11::detail::bigint::bigit, SIZE=32UL, Allocator=fmt::v11::detail::allocator<fmt::v11::detail::bigint::bigit>]"
DEBUG     constexpr bigint() : exp_(0) {}
DEBUG                                  ^
DEBUG 
DEBUG /tmp/.tmpogcIvy/sdists-v9/pypi/lightgbm/4.7.0/insGUydc4PW9vJoP/src/external_libs/fmt/include/fmt/base.h(472): warning #128-D: loop is not reachable
DEBUG     for (; n != 0; ++s1, ++s2, --n) {
DEBUG     ^
DEBUG           detected during:
DEBUG             instantiation of "auto fmt::v11::detail::compare(const Char *, const Char *, std::size_t)->int [with Char=char]" at line 591
DEBUG             instantiation of "auto fmt::v11::basic_string_view<Char>::compare(fmt::v11::basic_string_view<Char>) const->int [with Char=char]" at line 598
DEBUG             instantiation of class "fmt::v11::basic_string_view<Char> [with Char=char]" at line 2612
DEBUG             instantiation of "auto fmt::v11::basic_format_args<Context>::get_id(fmt::v11::basic_string_view<Char>) const->int [with Context=fmt::v11::context, Char=char]" at line 2655
DEBUG 
DEBUG Remark: The warnings can be suppressed with "-diag-suppress <warning-number>"
DEBUG 
DEBUG /tmp/.tmpogcIvy/sdists-v9/pypi/lightgbm/4.7.0/insGUydc4PW9vJoP/src/external_libs/fmt/include/fmt/format.h(2594): warning #2417-D: constexpr constructor calls non-constexpr function "fmt::v11::basic_memory_buffer<T, SIZE, Allocator>::basic_memory_buffer(const Allocator &) [with T=fmt::v11::detail::bigint::bigit, SIZE=32UL, Allocator=fmt::v11::detail::allocator<fmt::v11::detail::bigint::bigit>]"
DEBUG     constexpr bigint() : exp_(0) {}
DEBUG                                  ^
DEBUG 
DEBUG /tmp/.tmpogcIvy/sdists-v9/pypi/lightgbm/4.7.0/insGUydc4PW9vJoP/src/external_libs/fmt/include/fmt/base.h(472): warning #128-D: loop is not reachable
DEBUG     for (; n != 0; ++s1, ++s2, --n) {
DEBUG     ^
DEBUG           detected during:
DEBUG             instantiation of "auto fmt::v11::detail::compare(const Char *, const Char *, std::size_t)->int [with Char=char]" at line 591
DEBUG             instantiation of "auto fmt::v11::basic_string_view<Char>::compare(fmt::v11::basic_string_view<Char>) const->int [with Char=char]" at line 598
DEBUG             instantiation of class "fmt::v11::basic_string_view<Char> [with Char=char]" at line 2612
DEBUG             instantiation of "auto fmt::v11::basic_format_args<Context>::get_id(fmt::v11::basic_string_view<Char>) const->int [with Context=fmt::v11::context, Char=char]" at line 2655
DEBUG 
DEBUG Remark: The warnings can be suppressed with "-diag-suppress <warning-number>"
DEBUG 
DEBUG /tmp/.tmpogcIvy/sdists-v9/pypi/lightgbm/4.7.0/insGUydc4PW9vJoP/src/external_libs/fmt/include/fmt/format.h(2594): warning #2417-D: constexpr constructor calls non-constexpr function "fmt::v11::basic_memory_buffer<T, SIZE, Allocator>::basic_memory_buffer(const Allocator &) [with T=fmt::v11::detail::bigint::bigit, SIZE=32UL, Allocator=fmt::v11::detail::allocator<fmt::v11::detail::bigint::bigit>]"
DEBUG     constexpr bigint() : exp_(0) {}
DEBUG                                  ^
DEBUG 
DEBUG /tmp/.tmpogcIvy/sdists-v9/pypi/lightgbm/4.7.0/insGUydc4PW9vJoP/src/external_libs/fmt/include/fmt/base.h(472): warning #128-D: loop is not reachable
DEBUG     for (; n != 0; ++s1, ++s2, --n) {
DEBUG     ^
DEBUG           detected during:
DEBUG             instantiation of "auto fmt::v11::detail::compare(const Char *, const Char *, std::size_t)->int [with Char=char]" at line 591
DEBUG             instantiation of "auto fmt::v11::basic_string_view<Char>::compare(fmt::v11::basic_string_view<Char>) const->int [with Char=char]" at line 598
DEBUG             instantiation of class "fmt::v11::basic_string_view<Char> [with Char=char]" at line 2612
DEBUG             instantiation of "auto fmt::v11::basic_format_args<Context>::get_id(fmt::v11::basic_string_view<Char>) const->int [with Context=fmt::v11::context, Char=char]" at line 2655
DEBUG 
DEBUG Remark: The warnings can be suppressed with "-diag-suppress <warning-number>"
DEBUG 
DEBUG /tmp/.tmpogcIvy/sdists-v9/pypi/lightgbm/4.7.0/insGUydc4PW9vJoP/src/external_libs/fmt/include/fmt/format.h(2594): warning #2417-D: constexpr constructor calls non-constexpr function "fmt::v11::basic_memory_buffer<T, SIZE, Allocator>::basic_memory_buffer(const Allocator &) [with T=fmt::v11::detail::bigint::bigit, SIZE=32UL, Allocator=fmt::v11::detail::allocator<fmt::v11::detail::bigint::bigit>]"
DEBUG     constexpr bigint() : exp_(0) {}
DEBUG                                  ^
DEBUG 
DEBUG [73/76] Building CUDA object CMakeFiles/lightgbm_objs.dir/src/treelearner/cuda/cuda_data_partition.cu.o
DEBUG nvcc warning : Support for offline compilation for architectures prior to '<compute/sm/lto>_75' will be removed in a future release (Use -Wno-deprecated-gpu-targets to suppress warning).
DEBUG /tmp/.tmpogcIvy/sdists-v9/pypi/lightgbm/4.7.0/insGUydc4PW9vJoP/src/external_libs/fmt/include/fmt/base.h(472): warning #128-D: loop is not reachable
DEBUG     for (; n != 0; ++s1, ++s2, --n) {
DEBUG     ^
DEBUG           detected during:
DEBUG             instantiation of "auto fmt::v11::detail::compare(const Char *, const Char *, std::size_t)->int [with Char=char]" at line 591
DEBUG             instantiation of "auto fmt::v11::basic_string_view<Char>::compare(fmt::v11::basic_string_view<Char>) const->int [with Char=char]" at line 598
DEBUG             instantiation of class "fmt::v11::basic_string_view<Char> [with Char=char]" at line 2612
DEBUG             instantiation of "auto fmt::v11::basic_format_args<Context>::get_id(fmt::v11::basic_string_view<Char>) const->int [with Context=fmt::v11::context, Char=char]" at line 2655
DEBUG 
DEBUG Remark: The warnings can be suppressed with "-diag-suppress <warning-number>"
DEBUG 
DEBUG /tmp/.tmpogcIvy/sdists-v9/pypi/lightgbm/4.7.0/insGUydc4PW9vJoP/src/external_libs/fmt/include/fmt/format.h(2594): warning #2417-D: constexpr constructor calls non-constexpr function "fmt::v11::basic_memory_buffer<T, SIZE, Allocator>::basic_memory_buffer(const Allocator &) [with T=fmt::v11::detail::bigint::bigit, SIZE=32UL, Allocator=fmt::v11::detail::allocator<fmt::v11::detail::bigint::bigit>]"
DEBUG     constexpr bigint() : exp_(0) {}
DEBUG                                  ^
DEBUG 
DEBUG /tmp/.tmpogcIvy/sdists-v9/pypi/lightgbm/4.7.0/insGUydc4PW9vJoP/src/external_libs/fmt/include/fmt/base.h(472): warning #128-D: loop is not reachable
DEBUG     for (; n != 0; ++s1, ++s2, --n) {
DEBUG     ^
DEBUG           detected during:
DEBUG             instantiation of "auto fmt::v11::detail::compare(const Char *, const Char *, std::size_t)->int [with Char=char]" at line 591
DEBUG             instantiation of "auto fmt::v11::basic_string_view<Char>::compare(fmt::v11::basic_string_view<Char>) const->int [with Char=char]" at line 598
DEBUG             instantiation of class "fmt::v11::basic_string_view<Char> [with Char=char]" at line 2612
DEBUG             instantiation of "auto fmt::v11::basic_format_args<Context>::get_id(fmt::v11::basic_string_view<Char>) const->int [with Context=fmt::v11::context, Char=char]" at line 2655
DEBUG 
DEBUG Remark: The warnings can be suppressed with "-diag-suppress <warning-number>"
DEBUG 
DEBUG /tmp/.tmpogcIvy/sdists-v9/pypi/lightgbm/4.7.0/insGUydc4PW9vJoP/src/external_libs/fmt/include/fmt/format.h(2594): warning #2417-D: constexpr constructor calls non-constexpr function "fmt::v11::basic_memory_buffer<T, SIZE, Allocator>::basic_memory_buffer(const Allocator &) [with T=fmt::v11::detail::bigint::bigit, SIZE=32UL, Allocator=fmt::v11::detail::allocator<fmt::v11::detail::bigint::bigit>]"
DEBUG     constexpr bigint() : exp_(0) {}
DEBUG                                  ^
DEBUG 
DEBUG /tmp/.tmpogcIvy/sdists-v9/pypi/lightgbm/4.7.0/insGUydc4PW9vJoP/src/include/LightGBM/cuda/cuda_split_info.hpp(54): warning #20014-D: calling a __host__ function from a __host__ __device__ function is not allowed
DEBUG           { gpuAssert((cudaFree(cat_threshold)), "/tmp/.tmpogcIvy/sdists-v9/pypi/lightgbm/4.7.0/insGUydc4PW9vJoP/src/include/LightGBM/cuda/cuda_split_info.hpp", 54); };
DEBUG                      ^
DEBUG 
DEBUG /tmp/.tmpogcIvy/sdists-v9/pypi/lightgbm/4.7.0/insGUydc4PW9vJoP/src/include/LightGBM/cuda/cuda_split_info.hpp(57): warning #20014-D: calling a __host__ function from a __host__ __device__ function is not allowed
DEBUG           { gpuAssert((cudaFree(cat_threshold_real)), "/tmp/.tmpogcIvy/sdists-v9/pypi/lightgbm/4.7.0/insGUydc4PW9vJoP/src/include/LightGBM/cuda/cuda_split_info.hpp", 57); };
DEBUG                      ^
DEBUG 
DEBUG /tmp/.tmpogcIvy/sdists-v9/pypi/lightgbm/4.7.0/insGUydc4PW9vJoP/src/external_libs/fmt/include/fmt/base.h(472): warning #128-D: loop is not reachable
DEBUG     for (; n != 0; ++s1, ++s2, --n) {
DEBUG     ^
DEBUG           detected during:
DEBUG             instantiation of "auto fmt::v11::detail::compare(const Char *, const Char *, std::size_t)->int [with Char=char]" at line 591
DEBUG             instantiation of "auto fmt::v11::basic_string_view<Char>::compare(fmt::v11::basic_string_view<Char>) const->int [with Char=char]" at line 598
DEBUG             instantiation of class "fmt::v11::basic_string_view<Char> [with Char=char]" at line 2612
DEBUG             instantiation of "auto fmt::v11::basic_format_args<Context>::get_id(fmt::v11::basic_string_view<Char>) const->int [with Context=fmt::v11::context, Char=char]" at line 2655
DEBUG 
DEBUG Remark: The warnings can be suppressed with "-diag-suppress <warning-number>"
DEBUG 
DEBUG /tmp/.tmpogcIvy/sdists-v9/pypi/lightgbm/4.7.0/insGUydc4PW9vJoP/src/external_libs/fmt/include/fmt/format.h(2594): warning #2417-D: constexpr constructor calls non-constexpr function "fmt::v11::basic_memory_buffer<T, SIZE, Allocator>::basic_memory_buffer(const Allocator &) [with T=fmt::v11::detail::bigint::bigit, SIZE=32UL, Allocator=fmt::v11::detail::allocator<fmt::v11::detail::bigint::bigit>]"
DEBUG     constexpr bigint() : exp_(0) {}
DEBUG                                  ^
DEBUG 
DEBUG /tmp/.tmpogcIvy/sdists-v9/pypi/lightgbm/4.7.0/insGUydc4PW9vJoP/src/include/LightGBM/cuda/cuda_split_info.hpp(54): warning #20014-D: calling a __host__ function from a __host__ __device__ function is not allowed
DEBUG           { gpuAssert((cudaFree(cat_threshold)), "/tmp/.tmpogcIvy/sdists-v9/pypi/lightgbm/4.7.0/insGUydc4PW9vJoP/src/include/LightGBM/cuda/cuda_split_info.hpp", 54); };
DEBUG                      ^
DEBUG 
DEBUG /tmp/.tmpogcIvy/sdists-v9/pypi/lightgbm/4.7.0/insGUydc4PW9vJoP/src/include/LightGBM/cuda/cuda_split_info.hpp(57): warning #20014-D: calling a __host__ function from a __host__ __device__ function is not allowed
DEBUG           { gpuAssert((cudaFree(cat_threshold_real)), "/tmp/.tmpogcIvy/sdists-v9/pypi/lightgbm/4.7.0/insGUydc4PW9vJoP/src/include/LightGBM/cuda/cuda_split_info.hpp", 57); };
DEBUG                      ^
DEBUG 
DEBUG /tmp/.tmpogcIvy/sdists-v9/pypi/lightgbm/4.7.0/insGUydc4PW9vJoP/src/external_libs/fmt/include/fmt/base.h(472): warning #128-D: loop is not reachable
DEBUG     for (; n != 0; ++s1, ++s2, --n) {
DEBUG     ^
DEBUG           detected during:
DEBUG             instantiation of "auto fmt::v11::detail::compare(const Char *, const Char *, std::size_t)->int [with Char=char]" at line 591
DEBUG             instantiation of "auto fmt::v11::basic_string_view<Char>::compare(fmt::v11::basic_string_view<Char>) const->int [with Char=char]" at line 598
DEBUG             instantiation of class "fmt::v11::basic_string_view<Char> [with Char=char]" at line 2612
DEBUG             instantiation of "auto fmt::v11::basic_format_args<Context>::get_id(fmt::v11::basic_string_view<Char>) const->int [with Context=fmt::v11::context, Char=char]" at line 2655
DEBUG 
DEBUG Remark: The warnings can be suppressed with "-diag-suppress <warning-number>"
DEBUG 
DEBUG /tmp/.tmpogcIvy/sdists-v9/pypi/lightgbm/4.7.0/insGUydc4PW9vJoP/src/external_libs/fmt/include/fmt/format.h(2594): warning #2417-D: constexpr constructor calls non-constexpr function "fmt::v11::basic_memory_buffer<T, SIZE, Allocator>::basic_memory_buffer(const Allocator &) [with T=fmt::v11::detail::bigint::bigit, SIZE=32UL, Allocator=fmt::v11::detail::allocator<fmt::v11::detail::bigint::bigit>]"
DEBUG     constexpr bigint() : exp_(0) {}
DEBUG                                  ^
DEBUG 
DEBUG /tmp/.tmpogcIvy/sdists-v9/pypi/lightgbm/4.7.0/insGUydc4PW9vJoP/src/include/LightGBM/cuda/cuda_split_info.hpp(54): warning #20014-D: calling a __host__ function from a __host__ __device__ function is not allowed
DEBUG           { gpuAssert((cudaFree(cat_threshold)), "/tmp/.tmpogcIvy/sdists-v9/pypi/lightgbm/4.7.0/insGUydc4PW9vJoP/src/include/LightGBM/cuda/cuda_split_info.hpp", 54); };
DEBUG                      ^
DEBUG 
DEBUG /tmp/.tmpogcIvy/sdists-v9/pypi/lightgbm/4.7.0/insGUydc4PW9vJoP/src/include/LightGBM/cuda/cuda_split_info.hpp(57): warning #20014-D: calling a __host__ function from a __host__ __device__ function is not allowed
DEBUG           { gpuAssert((cudaFree(cat_threshold_real)), "/tmp/.tmpogcIvy/sdists-v9/pypi/lightgbm/4.7.0/insGUydc4PW9vJoP/src/include/LightGBM/cuda/cuda_split_info.hpp", 57); };
DEBUG                      ^
DEBUG 
DEBUG /tmp/.tmpogcIvy/sdists-v9/pypi/lightgbm/4.7.0/insGUydc4PW9vJoP/src/external_libs/fmt/include/fmt/base.h(472): warning #128-D: loop is not reachable
DEBUG     for (; n != 0; ++s1, ++s2, --n) {
DEBUG     ^
DEBUG           detected during:
DEBUG             instantiation of "auto fmt::v11::detail::compare(const Char *, const Char *, std::size_t)->int [with Char=char]" at line 591
DEBUG             instantiation of "auto fmt::v11::basic_string_view<Char>::compare(fmt::v11::basic_string_view<Char>) const->int [with Char=char]" at line 598
DEBUG             instantiation of class "fmt::v11::basic_string_view<Char> [with Char=char]" at line 2612
DEBUG             instantiation of "auto fmt::v11::basic_format_args<Context>::get_id(fmt::v11::basic_string_view<Char>) const->int [with Context=fmt::v11::context, Char=char]" at line 2655
DEBUG 
DEBUG Remark: The warnings can be suppressed with "-diag-suppress <warning-number>"
DEBUG 
DEBUG /tmp/.tmpogcIvy/sdists-v9/pypi/lightgbm/4.7.0/insGUydc4PW9vJoP/src/external_libs/fmt/include/fmt/format.h(2594): warning #2417-D: constexpr constructor calls non-constexpr function "fmt::v11::basic_memory_buffer<T, SIZE, Allocator>::basic_memory_buffer(const Allocator &) [with T=fmt::v11::detail::bigint::bigit, SIZE=32UL, Allocator=fmt::v11::detail::allocator<fmt::v11::detail::bigint::bigit>]"
DEBUG     constexpr bigint() : exp_(0) {}
DEBUG                                  ^
DEBUG 
DEBUG /tmp/.tmpogcIvy/sdists-v9/pypi/lightgbm/4.7.0/insGUydc4PW9vJoP/src/include/LightGBM/cuda/cuda_split_info.hpp(54): warning #20014-D: calling a __host__ function from a __host__ __device__ function is not allowed
DEBUG           { gpuAssert((cudaFree(cat_threshold)), "/tmp/.tmpogcIvy/sdists-v9/pypi/lightgbm/4.7.0/insGUydc4PW9vJoP/src/include/LightGBM/cuda/cuda_split_info.hpp", 54); };
DEBUG                      ^
DEBUG 
DEBUG /tmp/.tmpogcIvy/sdists-v9/pypi/lightgbm/4.7.0/insGUydc4PW9vJoP/src/include/LightGBM/cuda/cuda_split_info.hpp(57): warning #20014-D: calling a __host__ function from a __host__ __device__ function is not allowed
DEBUG           { gpuAssert((cudaFree(cat_threshold_real)), "/tmp/.tmpogcIvy/sdists-v9/pypi/lightgbm/4.7.0/insGUydc4PW9vJoP/src/include/LightGBM/cuda/cuda_split_info.hpp", 57); };
DEBUG                      ^
DEBUG 
DEBUG /tmp/.tmpogcIvy/sdists-v9/pypi/lightgbm/4.7.0/insGUydc4PW9vJoP/src/external_libs/fmt/include/fmt/base.h(472): warning #128-D: loop is not reachable
DEBUG     for (; n != 0; ++s1, ++s2, --n) {
DEBUG     ^
DEBUG           detected during:
DEBUG             instantiation of "auto fmt::v11::detail::compare(const Char *, const Char *, std::size_t)->int [with Char=char]" at line 591
DEBUG             instantiation of "auto fmt::v11::basic_string_view<Char>::compare(fmt::v11::basic_string_view<Char>) const->int [with Char=char]" at line 598
DEBUG             instantiation of class "fmt::v11::basic_string_view<Char> [with Char=char]" at line 2612
DEBUG             instantiation of "auto fmt::v11::basic_format_args<Context>::get_id(fmt::v11::basic_string_view<Char>) const->int [with Context=fmt::v11::context, Char=char]" at line 2655
DEBUG 
DEBUG Remark: The warnings can be suppressed with "-diag-suppress <warning-number>"
DEBUG 
DEBUG /tmp/.tmpogcIvy/sdists-v9/pypi/lightgbm/4.7.0/insGUydc4PW9vJoP/src/external_libs/fmt/include/fmt/format.h(2594): warning #2417-D: constexpr constructor calls non-constexpr function "fmt::v11::basic_memory_buffer<T, SIZE, Allocator>::basic_memory_buffer(const Allocator &) [with T=fmt::v11::detail::bigint::bigit, SIZE=32UL, Allocator=fmt::v11::detail::allocator<fmt::v11::detail::bigint::bigit>]"
DEBUG     constexpr bigint() : exp_(0) {}
DEBUG                                  ^
DEBUG 
DEBUG /tmp/.tmpogcIvy/sdists-v9/pypi/lightgbm/4.7.0/insGUydc4PW9vJoP/src/include/LightGBM/cuda/cuda_split_info.hpp(54): warning #20014-D: calling a __host__ function from a __host__ __device__ function is not allowed
DEBUG           { gpuAssert((cudaFree(cat_threshold)), "/tmp/.tmpogcIvy/sdists-v9/pypi/lightgbm/4.7.0/insGUydc4PW9vJoP/src/include/LightGBM/cuda/cuda_split_info.hpp", 54); };
DEBUG                      ^
DEBUG 
DEBUG /tmp/.tmpogcIvy/sdists-v9/pypi/lightgbm/4.7.0/insGUydc4PW9vJoP/src/include/LightGBM/cuda/cuda_split_info.hpp(57): warning #20014-D: calling a __host__ function from a __host__ __device__ function is not allowed
DEBUG           { gpuAssert((cudaFree(cat_threshold_real)), "/tmp/.tmpogcIvy/sdists-v9/pypi/lightgbm/4.7.0/insGUydc4PW9vJoP/src/include/LightGBM/cuda/cuda_split_info.hpp", 57); };
DEBUG                      ^
DEBUG 
DEBUG /tmp/.tmpogcIvy/sdists-v9/pypi/lightgbm/4.7.0/insGUydc4PW9vJoP/src/external_libs/fmt/include/fmt/base.h(472): warning #128-D: loop is not reachable
DEBUG     for (; n != 0; ++s1, ++s2, --n) {
DEBUG     ^
DEBUG           detected during:
DEBUG             instantiation of "auto fmt::v11::detail::compare(const Char *, const Char *, std::size_t)->int [with Char=char]" at line 591
DEBUG             instantiation of "auto fmt::v11::basic_string_view<Char>::compare(fmt::v11::basic_string_view<Char>) const->int [with Char=char]" at line 598
DEBUG             instantiation of class "fmt::v11::basic_string_view<Char> [with Char=char]" at line 2612
DEBUG             instantiation of "auto fmt::v11::basic_format_args<Context>::get_id(fmt::v11::basic_string_view<Char>) const->int [with Context=fmt::v11::context, Char=char]" at line 2655
DEBUG 
DEBUG Remark: The warnings can be suppressed with "-diag-suppress <warning-number>"
DEBUG 
DEBUG /tmp/.tmpogcIvy/sdists-v9/pypi/lightgbm/4.7.0/insGUydc4PW9vJoP/src/external_libs/fmt/include/fmt/format.h(2594): warning #2417-D: constexpr constructor calls non-constexpr function "fmt::v11::basic_memory_buffer<T, SIZE, Allocator>::basic_memory_buffer(const Allocator &) [with T=fmt::v11::detail::bigint::bigit, SIZE=32UL, Allocator=fmt::v11::detail::allocator<fmt::v11::detail::bigint::bigit>]"
DEBUG     constexpr bigint() : exp_(0) {}
DEBUG                                  ^
DEBUG 
DEBUG /tmp/.tmpogcIvy/sdists-v9/pypi/lightgbm/4.7.0/insGUydc4PW9vJoP/src/include/LightGBM/cuda/cuda_split_info.hpp(54): warning #20014-D: calling a __host__ function from a __host__ __device__ function is not allowed
DEBUG           { gpuAssert((cudaFree(cat_threshold)), "/tmp/.tmpogcIvy/sdists-v9/pypi/lightgbm/4.7.0/insGUydc4PW9vJoP/src/include/LightGBM/cuda/cuda_split_info.hpp", 54); };
DEBUG                      ^
DEBUG 
DEBUG /tmp/.tmpogcIvy/sdists-v9/pypi/lightgbm/4.7.0/insGUydc4PW9vJoP/src/include/LightGBM/cuda/cuda_split_info.hpp(57): warning #20014-D: calling a __host__ function from a __host__ __device__ function is not allowed
DEBUG           { gpuAssert((cudaFree(cat_threshold_real)), "/tmp/.tmpogcIvy/sdists-v9/pypi/lightgbm/4.7.0/insGUydc4PW9vJoP/src/include/LightGBM/cuda/cuda_split_info.hpp", 57); };
DEBUG                      ^
DEBUG 
DEBUG /tmp/.tmpogcIvy/sdists-v9/pypi/lightgbm/4.7.0/insGUydc4PW9vJoP/src/external_libs/fmt/include/fmt/base.h(472): warning #128-D: loop is not reachable
DEBUG     for (; n != 0; ++s1, ++s2, --n) {
DEBUG     ^
DEBUG           detected during:
DEBUG             instantiation of "auto fmt::v11::detail::compare(const Char *, const Char *, std::size_t)->int [with Char=char]" at line 591
DEBUG             instantiation of "auto fmt::v11::basic_string_view<Char>::compare(fmt::v11::basic_string_view<Char>) const->int [with Char=char]" at line 598
DEBUG             instantiation of class "fmt::v11::basic_string_view<Char> [with Char=char]" at line 2612
DEBUG             instantiation of "auto fmt::v11::basic_format_args<Context>::get_id(fmt::v11::basic_string_view<Char>) const->int [with Context=fmt::v11::context, Char=char]" at line 2655
DEBUG 
DEBUG Remark: The warnings can be suppressed with "-diag-suppress <warning-number>"
DEBUG 
DEBUG /tmp/.tmpogcIvy/sdists-v9/pypi/lightgbm/4.7.0/insGUydc4PW9vJoP/src/external_libs/fmt/include/fmt/format.h(2594): warning #2417-D: constexpr constructor calls non-constexpr function "fmt::v11::basic_memory_buffer<T, SIZE, Allocator>::basic_memory_buffer(const Allocator &) [with T=fmt::v11::detail::bigint::bigit, SIZE=32UL, Allocator=fmt::v11::detail::allocator<fmt::v11::detail::bigint::bigit>]"
DEBUG     constexpr bigint() : exp_(0) {}
DEBUG                                  ^
DEBUG 
DEBUG /tmp/.tmpogcIvy/sdists-v9/pypi/lightgbm/4.7.0/insGUydc4PW9vJoP/src/include/LightGBM/cuda/cuda_split_info.hpp(54): warning #20014-D: calling a __host__ function from a __host__ __device__ function is not allowed
DEBUG           { gpuAssert((cudaFree(cat_threshold)), "/tmp/.tmpogcIvy/sdists-v9/pypi/lightgbm/4.7.0/insGUydc4PW9vJoP/src/include/LightGBM/cuda/cuda_split_info.hpp", 54); };
DEBUG                      ^
DEBUG 
DEBUG /tmp/.tmpogcIvy/sdists-v9/pypi/lightgbm/4.7.0/insGUydc4PW9vJoP/src/include/LightGBM/cuda/cuda_split_info.hpp(57): warning #20014-D: calling a __host__ function from a __host__ __device__ function is not allowed
DEBUG           { gpuAssert((cudaFree(cat_threshold_real)), "/tmp/.tmpogcIvy/sdists-v9/pypi/lightgbm/4.7.0/insGUydc4PW9vJoP/src/include/LightGBM/cuda/cuda_split_info.hpp", 57); };
DEBUG                      ^
DEBUG 
DEBUG /tmp/.tmpogcIvy/sdists-v9/pypi/lightgbm/4.7.0/insGUydc4PW9vJoP/src/external_libs/fmt/include/fmt/base.h(472): warning #128-D: loop is not reachable
DEBUG     for (; n != 0; ++s1, ++s2, --n) {
DEBUG     ^
DEBUG           detected during:
DEBUG             instantiation of "auto fmt::v11::detail::compare(const Char *, const Char *, std::size_t)->int [with Char=char]" at line 591
DEBUG             instantiation of "auto fmt::v11::basic_string_view<Char>::compare(fmt::v11::basic_string_view<Char>) const->int [with Char=char]" at line 598
DEBUG             instantiation of class "fmt::v11::basic_string_view<Char> [with Char=char]" at line 2612
DEBUG             instantiation of "auto fmt::v11::basic_format_args<Context>::get_id(fmt::v11::basic_string_view<Char>) const->int [with Context=fmt::v11::context, Char=char]" at line 2655
DEBUG 
DEBUG Remark: The warnings can be suppressed with "-diag-suppress <warning-number>"
DEBUG 
DEBUG /tmp/.tmpogcIvy/sdists-v9/pypi/lightgbm/4.7.0/insGUydc4PW9vJoP/src/external_libs/fmt/include/fmt/format.h(2594): warning #2417-D: constexpr constructor calls non-constexpr function "fmt::v11::basic_memory_buffer<T, SIZE, Allocator>::basic_memory_buffer(const Allocator &) [with T=fmt::v11::detail::bigint::bigit, SIZE=32UL, Allocator=fmt::v11::detail::allocator<fmt::v11::detail::bigint::bigit>]"
DEBUG     constexpr bigint() : exp_(0) {}
DEBUG                                  ^
DEBUG 
DEBUG /tmp/.tmpogcIvy/sdists-v9/pypi/lightgbm/4.7.0/insGUydc4PW9vJoP/src/include/LightGBM/cuda/cuda_split_info.hpp(54): warning #20014-D: calling a __host__ function from a __host__ __device__ function is not allowed
DEBUG           { gpuAssert((cudaFree(cat_threshold)), "/tmp/.tmpogcIvy/sdists-v9/pypi/lightgbm/4.7.0/insGUydc4PW9vJoP/src/include/LightGBM/cuda/cuda_split_info.hpp", 54); };
DEBUG                      ^
DEBUG 
DEBUG /tmp/.tmpogcIvy/sdists-v9/pypi/lightgbm/4.7.0/insGUydc4PW9vJoP/src/include/LightGBM/cuda/cuda_split_info.hpp(57): warning #20014-D: calling a __host__ function from a __host__ __device__ function is not allowed
DEBUG           { gpuAssert((cudaFree(cat_threshold_real)), "/tmp/.tmpogcIvy/sdists-v9/pypi/lightgbm/4.7.0/insGUydc4PW9vJoP/src/include/LightGBM/cuda/cuda_split_info.hpp", 57); };
DEBUG                      ^
DEBUG 
DEBUG /tmp/.tmpogcIvy/sdists-v9/pypi/lightgbm/4.7.0/insGUydc4PW9vJoP/src/external_libs/fmt/include/fmt/base.h(472): warning #128-D: loop is not reachable
DEBUG     for (; n != 0; ++s1, ++s2, --n) {
DEBUG     ^
DEBUG           detected during:
DEBUG             instantiation of "auto fmt::v11::detail::compare(const Char *, const Char *, std::size_t)->int [with Char=char]" at line 591
DEBUG             instantiation of "auto fmt::v11::basic_string_view<Char>::compare(fmt::v11::basic_string_view<Char>) const->int [with Char=char]" at line 598
DEBUG             instantiation of class "fmt::v11::basic_string_view<Char> [with Char=char]" at line 2612
DEBUG             instantiation of "auto fmt::v11::basic_format_args<Context>::get_id(fmt::v11::basic_string_view<Char>) const->int [with Context=fmt::v11::context, Char=char]" at line 2655
DEBUG 
DEBUG Remark: The warnings can be suppressed with "-diag-suppress <warning-number>"
DEBUG 
DEBUG /tmp/.tmpogcIvy/sdists-v9/pypi/lightgbm/4.7.0/insGUydc4PW9vJoP/src/external_libs/fmt/include/fmt/format.h(2594): warning #2417-D: constexpr constructor calls non-constexpr function "fmt::v11::basic_memory_buffer<T, SIZE, Allocator>::basic_memory_buffer(const Allocator &) [with T=fmt::v11::detail::bigint::bigit, SIZE=32UL, Allocator=fmt::v11::detail::allocator<fmt::v11::detail::bigint::bigit>]"
DEBUG     constexpr bigint() : exp_(0) {}
DEBUG                                  ^
DEBUG 
DEBUG /tmp/.tmpogcIvy/sdists-v9/pypi/lightgbm/4.7.0/insGUydc4PW9vJoP/src/include/LightGBM/cuda/cuda_split_info.hpp(54): warning #20014-D: calling a __host__ function from a __host__ __device__ function is not allowed
DEBUG           { gpuAssert((cudaFree(cat_threshold)), "/tmp/.tmpogcIvy/sdists-v9/pypi/lightgbm/4.7.0/insGUydc4PW9vJoP/src/include/LightGBM/cuda/cuda_split_info.hpp", 54); };
DEBUG                      ^
DEBUG 
DEBUG /tmp/.tmpogcIvy/sdists-v9/pypi/lightgbm/4.7.0/insGUydc4PW9vJoP/src/include/LightGBM/cuda/cuda_split_info.hpp(57): warning #20014-D: calling a __host__ function from a __host__ __device__ function is not allowed
DEBUG           { gpuAssert((cudaFree(cat_threshold_real)), "/tmp/.tmpogcIvy/sdists-v9/pypi/lightgbm/4.7.0/insGUydc4PW9vJoP/src/include/LightGBM/cuda/cuda_split_info.hpp", 57); };
DEBUG                      ^
DEBUG 
DEBUG [74/76] Building CUDA object CMakeFiles/lightgbm_objs.dir/src/treelearner/cuda/cuda_best_split_finder.cu.o
DEBUG nvcc warning : Support for offline compilation for architectures prior to '<compute/sm/lto>_75' will be removed in a future release (Use -Wno-deprecated-gpu-targets to suppress warning).
DEBUG /tmp/.tmpogcIvy/sdists-v9/pypi/lightgbm/4.7.0/insGUydc4PW9vJoP/src/external_libs/fmt/include/fmt/base.h(472): warning #128-D: loop is not reachable
DEBUG     for (; n != 0; ++s1, ++s2, --n) {
DEBUG     ^
DEBUG           detected during:
DEBUG             instantiation of "auto fmt::v11::detail::compare(const Char *, const Char *, std::size_t)->int [with Char=char]" at line 591
DEBUG             instantiation of "auto fmt::v11::basic_string_view<Char>::compare(fmt::v11::basic_string_view<Char>) const->int [with Char=char]" at line 598
DEBUG             instantiation of class "fmt::v11::basic_string_view<Char> [with Char=char]" at line 2612
DEBUG             instantiation of "auto fmt::v11::basic_format_args<Context>::get_id(fmt::v11::basic_string_view<Char>) const->int [with Context=fmt::v11::context, Char=char]" at line 2655
DEBUG 
DEBUG Remark: The warnings can be suppressed with "-diag-suppress <warning-number>"
DEBUG 
DEBUG /tmp/.tmpogcIvy/sdists-v9/pypi/lightgbm/4.7.0/insGUydc4PW9vJoP/src/external_libs/fmt/include/fmt/format.h(2594): warning #2417-D: constexpr constructor calls non-constexpr function "fmt::v11::basic_memory_buffer<T, SIZE, Allocator>::basic_memory_buffer(const Allocator &) [with T=fmt::v11::detail::bigint::bigit, SIZE=32UL, Allocator=fmt::v11::detail::allocator<fmt::v11::detail::bigint::bigit>]"
DEBUG     constexpr bigint() : exp_(0) {}
DEBUG                                  ^
DEBUG 
DEBUG /tmp/.tmpogcIvy/sdists-v9/pypi/lightgbm/4.7.0/insGUydc4PW9vJoP/src/external_libs/fmt/include/fmt/base.h(472): warning #128-D: loop is not reachable
DEBUG     for (; n != 0; ++s1, ++s2, --n) {
DEBUG     ^
DEBUG           detected during:
DEBUG             instantiation of "auto fmt::v11::detail::compare(const Char *, const Char *, std::size_t)->int [with Char=char]" at line 591
DEBUG             instantiation of "auto fmt::v11::basic_string_view<Char>::compare(fmt::v11::basic_string_view<Char>) const->int [with Char=char]" at line 598
DEBUG             instantiation of class "fmt::v11::basic_string_view<Char> [with Char=char]" at line 2612
DEBUG             instantiation of "auto fmt::v11::basic_format_args<Context>::get_id(fmt::v11::basic_string_view<Char>) const->int [with Context=fmt::v11::context, Char=char]" at line 2655
DEBUG 
DEBUG Remark: The warnings can be suppressed with "-diag-suppress <warning-number>"
DEBUG 
DEBUG /tmp/.tmpogcIvy/sdists-v9/pypi/lightgbm/4.7.0/insGUydc4PW9vJoP/src/external_libs/fmt/include/fmt/format.h(2594): warning #2417-D: constexpr constructor calls non-constexpr function "fmt::v11::basic_memory_buffer<T, SIZE, Allocator>::basic_memory_buffer(const Allocator &) [with T=fmt::v11::detail::bigint::bigit, SIZE=32UL, Allocator=fmt::v11::detail::allocator<fmt::v11::detail::bigint::bigit>]"
DEBUG     constexpr bigint() : exp_(0) {}
DEBUG                                  ^
DEBUG 
DEBUG /tmp/.tmpogcIvy/sdists-v9/pypi/lightgbm/4.7.0/insGUydc4PW9vJoP/src/include/LightGBM/cuda/cuda_split_info.hpp(54): warning #20014-D: calling a __host__ function from a __host__ __device__ function is not allowed
DEBUG           { gpuAssert((cudaFree(cat_threshold)), "/tmp/.tmpogcIvy/sdists-v9/pypi/lightgbm/4.7.0/insGUydc4PW9vJoP/src/include/LightGBM/cuda/cuda_split_info.hpp", 54); };
DEBUG                      ^
DEBUG 
DEBUG /tmp/.tmpogcIvy/sdists-v9/pypi/lightgbm/4.7.0/insGUydc4PW9vJoP/src/include/LightGBM/cuda/cuda_split_info.hpp(57): warning #20014-D: calling a __host__ function from a __host__ __device__ function is not allowed
DEBUG           { gpuAssert((cudaFree(cat_threshold_real)), "/tmp/.tmpogcIvy/sdists-v9/pypi/lightgbm/4.7.0/insGUydc4PW9vJoP/src/include/LightGBM/cuda/cuda_split_info.hpp", 57); };
DEBUG                      ^
DEBUG 
DEBUG /tmp/.tmpogcIvy/sdists-v9/pypi/lightgbm/4.7.0/insGUydc4PW9vJoP/src/external_libs/fmt/include/fmt/base.h(472): warning #128-D: loop is not reachable
DEBUG     for (; n != 0; ++s1, ++s2, --n) {
DEBUG     ^
DEBUG           detected during:
DEBUG             instantiation of "auto fmt::v11::detail::compare(const Char *, const Char *, std::size_t)->int [with Char=char]" at line 591
DEBUG             instantiation of "auto fmt::v11::basic_string_view<Char>::compare(fmt::v11::basic_string_view<Char>) const->int [with Char=char]" at line 598
DEBUG             instantiation of class "fmt::v11::basic_string_view<Char> [with Char=char]" at line 2612
DEBUG             instantiation of "auto fmt::v11::basic_format_args<Context>::get_id(fmt::v11::basic_string_view<Char>) const->int [with Context=fmt::v11::context, Char=char]" at line 2655
DEBUG 
DEBUG Remark: The warnings can be suppressed with "-diag-suppress <warning-number>"
DEBUG 
DEBUG /tmp/.tmpogcIvy/sdists-v9/pypi/lightgbm/4.7.0/insGUydc4PW9vJoP/src/external_libs/fmt/include/fmt/format.h(2594): warning #2417-D: constexpr constructor calls non-constexpr function "fmt::v11::basic_memory_buffer<T, SIZE, Allocator>::basic_memory_buffer(const Allocator &) [with T=fmt::v11::detail::bigint::bigit, SIZE=32UL, Allocator=fmt::v11::detail::allocator<fmt::v11::detail::bigint::bigit>]"
DEBUG     constexpr bigint() : exp_(0) {}
DEBUG                                  ^
DEBUG 
DEBUG /tmp/.tmpogcIvy/sdists-v9/pypi/lightgbm/4.7.0/insGUydc4PW9vJoP/src/include/LightGBM/cuda/cuda_split_info.hpp(54): warning #20014-D: calling a __host__ function from a __host__ __device__ function is not allowed
DEBUG           { gpuAssert((cudaFree(cat_threshold)), "/tmp/.tmpogcIvy/sdists-v9/pypi/lightgbm/4.7.0/insGUydc4PW9vJoP/src/include/LightGBM/cuda/cuda_split_info.hpp", 54); };
DEBUG                      ^
DEBUG 
DEBUG /tmp/.tmpogcIvy/sdists-v9/pypi/lightgbm/4.7.0/insGUydc4PW9vJoP/src/include/LightGBM/cuda/cuda_split_info.hpp(57): warning #20014-D: calling a __host__ function from a __host__ __device__ function is not allowed
DEBUG           { gpuAssert((cudaFree(cat_threshold_real)), "/tmp/.tmpogcIvy/sdists-v9/pypi/lightgbm/4.7.0/insGUydc4PW9vJoP/src/include/LightGBM/cuda/cuda_split_info.hpp", 57); };
DEBUG                      ^
DEBUG 
DEBUG /tmp/.tmpogcIvy/sdists-v9/pypi/lightgbm/4.7.0/insGUydc4PW9vJoP/src/external_libs/fmt/include/fmt/base.h(472): warning #128-D: loop is not reachable
DEBUG     for (; n != 0; ++s1, ++s2, --n) {
DEBUG     ^
DEBUG           detected during:
DEBUG             instantiation of "auto fmt::v11::detail::compare(const Char *, const Char *, std::size_t)->int [with Char=char]" at line 591
DEBUG             instantiation of "auto fmt::v11::basic_string_view<Char>::compare(fmt::v11::basic_string_view<Char>) const->int [with Char=char]" at line 598
DEBUG             instantiation of class "fmt::v11::basic_string_view<Char> [with Char=char]" at line 2612
DEBUG             instantiation of "auto fmt::v11::basic_format_args<Context>::get_id(fmt::v11::basic_string_view<Char>) const->int [with Context=fmt::v11::context, Char=char]" at line 2655
DEBUG 
DEBUG Remark: The warnings can be suppressed with "-diag-suppress <warning-number>"
DEBUG 
DEBUG /tmp/.tmpogcIvy/sdists-v9/pypi/lightgbm/4.7.0/insGUydc4PW9vJoP/src/external_libs/fmt/include/fmt/format.h(2594): warning #2417-D: constexpr constructor calls non-constexpr function "fmt::v11::basic_memory_buffer<T, SIZE, Allocator>::basic_memory_buffer(const Allocator &) [with T=fmt::v11::detail::bigint::bigit, SIZE=32UL, Allocator=fmt::v11::detail::allocator<fmt::v11::detail::bigint::bigit>]"
DEBUG     constexpr bigint() : exp_(0) {}
DEBUG                                  ^
DEBUG 
DEBUG /tmp/.tmpogcIvy/sdists-v9/pypi/lightgbm/4.7.0/insGUydc4PW9vJoP/src/include/LightGBM/cuda/cuda_split_info.hpp(54): warning #20014-D: calling a __host__ function from a __host__ __device__ function is not allowed
DEBUG           { gpuAssert((cudaFree(cat_threshold)), "/tmp/.tmpogcIvy/sdists-v9/pypi/lightgbm/4.7.0/insGUydc4PW9vJoP/src/include/LightGBM/cuda/cuda_split_info.hpp", 54); };
DEBUG                      ^
DEBUG 
DEBUG /tmp/.tmpogcIvy/sdists-v9/pypi/lightgbm/4.7.0/insGUydc4PW9vJoP/src/include/LightGBM/cuda/cuda_split_info.hpp(57): warning #20014-D: calling a __host__ function from a __host__ __device__ function is not allowed
DEBUG           { gpuAssert((cudaFree(cat_threshold_real)), "/tmp/.tmpogcIvy/sdists-v9/pypi/lightgbm/4.7.0/insGUydc4PW9vJoP/src/include/LightGBM/cuda/cuda_split_info.hpp", 57); };
DEBUG                      ^
DEBUG 
DEBUG /tmp/.tmpogcIvy/sdists-v9/pypi/lightgbm/4.7.0/insGUydc4PW9vJoP/src/external_libs/fmt/include/fmt/base.h(472): warning #128-D: loop is not reachable
DEBUG     for (; n != 0; ++s1, ++s2, --n) {
DEBUG     ^
DEBUG           detected during:
DEBUG             instantiation of "auto fmt::v11::detail::compare(const Char *, const Char *, std::size_t)->int [with Char=char]" at line 591
DEBUG             instantiation of "auto fmt::v11::basic_string_view<Char>::compare(fmt::v11::basic_string_view<Char>) const->int [with Char=char]" at line 598
DEBUG             instantiation of class "fmt::v11::basic_string_view<Char> [with Char=char]" at line 2612
DEBUG             instantiation of "auto fmt::v11::basic_format_args<Context>::get_id(fmt::v11::basic_string_view<Char>) const->int [with Context=fmt::v11::context, Char=char]" at line 2655
DEBUG 
DEBUG Remark: The warnings can be suppressed with "-diag-suppress <warning-number>"
DEBUG 
DEBUG /tmp/.tmpogcIvy/sdists-v9/pypi/lightgbm/4.7.0/insGUydc4PW9vJoP/src/external_libs/fmt/include/fmt/format.h(2594): warning #2417-D: constexpr constructor calls non-constexpr function "fmt::v11::basic_memory_buffer<T, SIZE, Allocator>::basic_memory_buffer(const Allocator &) [with T=fmt::v11::detail::bigint::bigit, SIZE=32UL, Allocator=fmt::v11::detail::allocator<fmt::v11::detail::bigint::bigit>]"
DEBUG     constexpr bigint() : exp_(0) {}
DEBUG                                  ^
DEBUG 
DEBUG /tmp/.tmpogcIvy/sdists-v9/pypi/lightgbm/4.7.0/insGUydc4PW9vJoP/src/include/LightGBM/cuda/cuda_split_info.hpp(54): warning #20014-D: calling a __host__ function from a __host__ __device__ function is not allowed
DEBUG           { gpuAssert((cudaFree(cat_threshold)), "/tmp/.tmpogcIvy/sdists-v9/pypi/lightgbm/4.7.0/insGUydc4PW9vJoP/src/include/LightGBM/cuda/cuda_split_info.hpp", 54); };
DEBUG                      ^
DEBUG 
DEBUG /tmp/.tmpogcIvy/sdists-v9/pypi/lightgbm/4.7.0/insGUydc4PW9vJoP/src/include/LightGBM/cuda/cuda_split_info.hpp(57): warning #20014-D: calling a __host__ function from a __host__ __device__ function is not allowed
DEBUG           { gpuAssert((cudaFree(cat_threshold_real)), "/tmp/.tmpogcIvy/sdists-v9/pypi/lightgbm/4.7.0/insGUydc4PW9vJoP/src/include/LightGBM/cuda/cuda_split_info.hpp", 57); };
DEBUG                      ^
DEBUG 
DEBUG /tmp/.tmpogcIvy/sdists-v9/pypi/lightgbm/4.7.0/insGUydc4PW9vJoP/src/external_libs/fmt/include/fmt/base.h(472): warning #128-D: loop is not reachable
DEBUG     for (; n != 0; ++s1, ++s2, --n) {
DEBUG     ^
DEBUG           detected during:
DEBUG             instantiation of "auto fmt::v11::detail::compare(const Char *, const Char *, std::size_t)->int [with Char=char]" at line 591
DEBUG             instantiation of "auto fmt::v11::basic_string_view<Char>::compare(fmt::v11::basic_string_view<Char>) const->int [with Char=char]" at line 598
DEBUG             instantiation of class "fmt::v11::basic_string_view<Char> [with Char=char]" at line 2612
DEBUG             instantiation of "auto fmt::v11::basic_format_args<Context>::get_id(fmt::v11::basic_string_view<Char>) const->int [with Context=fmt::v11::context, Char=char]" at line 2655
DEBUG 
DEBUG Remark: The warnings can be suppressed with "-diag-suppress <warning-number>"
DEBUG 
DEBUG /tmp/.tmpogcIvy/sdists-v9/pypi/lightgbm/4.7.0/insGUydc4PW9vJoP/src/external_libs/fmt/include/fmt/format.h(2594): warning #2417-D: constexpr constructor calls non-constexpr function "fmt::v11::basic_memory_buffer<T, SIZE, Allocator>::basic_memory_buffer(const Allocator &) [with T=fmt::v11::detail::bigint::bigit, SIZE=32UL, Allocator=fmt::v11::detail::allocator<fmt::v11::detail::bigint::bigit>]"
DEBUG     constexpr bigint() : exp_(0) {}
DEBUG                                  ^
DEBUG 
DEBUG /tmp/.tmpogcIvy/sdists-v9/pypi/lightgbm/4.7.0/insGUydc4PW9vJoP/src/include/LightGBM/cuda/cuda_split_info.hpp(54): warning #20014-D: calling a __host__ function from a __host__ __device__ function is not allowed
DEBUG           { gpuAssert((cudaFree(cat_threshold)), "/tmp/.tmpogcIvy/sdists-v9/pypi/lightgbm/4.7.0/insGUydc4PW9vJoP/src/include/LightGBM/cuda/cuda_split_info.hpp", 54); };
DEBUG                      ^
DEBUG 
DEBUG /tmp/.tmpogcIvy/sdists-v9/pypi/lightgbm/4.7.0/insGUydc4PW9vJoP/src/include/LightGBM/cuda/cuda_split_info.hpp(57): warning #20014-D: calling a __host__ function from a __host__ __device__ function is not allowed
DEBUG           { gpuAssert((cudaFree(cat_threshold_real)), "/tmp/.tmpogcIvy/sdists-v9/pypi/lightgbm/4.7.0/insGUydc4PW9vJoP/src/include/LightGBM/cuda/cuda_split_info.hpp", 57); };
DEBUG                      ^
DEBUG 
DEBUG /tmp/.tmpogcIvy/sdists-v9/pypi/lightgbm/4.7.0/insGUydc4PW9vJoP/src/external_libs/fmt/include/fmt/base.h(472): warning #128-D: loop is not reachable
DEBUG     for (; n != 0; ++s1, ++s2, --n) {
DEBUG     ^
DEBUG           detected during:
DEBUG             instantiation of "auto fmt::v11::detail::compare(const Char *, const Char *, std::size_t)->int [with Char=char]" at line 591
DEBUG             instantiation of "auto fmt::v11::basic_string_view<Char>::compare(fmt::v11::basic_string_view<Char>) const->int [with Char=char]" at line 598
DEBUG             instantiation of class "fmt::v11::basic_string_view<Char> [with Char=char]" at line 2612
DEBUG             instantiation of "auto fmt::v11::basic_format_args<Context>::get_id(fmt::v11::basic_string_view<Char>) const->int [with Context=fmt::v11::context, Char=char]" at line 2655
DEBUG 
DEBUG Remark: The warnings can be suppressed with "-diag-suppress <warning-number>"
DEBUG 
DEBUG /tmp/.tmpogcIvy/sdists-v9/pypi/lightgbm/4.7.0/insGUydc4PW9vJoP/src/external_libs/fmt/include/fmt/format.h(2594): warning #2417-D: constexpr constructor calls non-constexpr function "fmt::v11::basic_memory_buffer<T, SIZE, Allocator>::basic_memory_buffer(const Allocator &) [with T=fmt::v11::detail::bigint::bigit, SIZE=32UL, Allocator=fmt::v11::detail::allocator<fmt::v11::detail::bigint::bigit>]"
DEBUG     constexpr bigint() : exp_(0) {}
DEBUG                                  ^
DEBUG 
DEBUG /tmp/.tmpogcIvy/sdists-v9/pypi/lightgbm/4.7.0/insGUydc4PW9vJoP/src/include/LightGBM/cuda/cuda_split_info.hpp(54): warning #20014-D: calling a __host__ function from a __host__ __device__ function is not allowed
DEBUG           { gpuAssert((cudaFree(cat_threshold)), "/tmp/.tmpogcIvy/sdists-v9/pypi/lightgbm/4.7.0/insGUydc4PW9vJoP/src/include/LightGBM/cuda/cuda_split_info.hpp", 54); };
DEBUG                      ^
DEBUG 
DEBUG /tmp/.tmpogcIvy/sdists-v9/pypi/lightgbm/4.7.0/insGUydc4PW9vJoP/src/include/LightGBM/cuda/cuda_split_info.hpp(57): warning #20014-D: calling a __host__ function from a __host__ __device__ function is not allowed
DEBUG           { gpuAssert((cudaFree(cat_threshold_real)), "/tmp/.tmpogcIvy/sdists-v9/pypi/lightgbm/4.7.0/insGUydc4PW9vJoP/src/include/LightGBM/cuda/cuda_split_info.hpp", 57); };
DEBUG                      ^
DEBUG 
DEBUG /tmp/.tmpogcIvy/sdists-v9/pypi/lightgbm/4.7.0/insGUydc4PW9vJoP/src/external_libs/fmt/include/fmt/base.h(472): warning #128-D: loop is not reachable
DEBUG     for (; n != 0; ++s1, ++s2, --n) {
DEBUG     ^
DEBUG           detected during:
DEBUG             instantiation of "auto fmt::v11::detail::compare(const Char *, const Char *, std::size_t)->int [with Char=char]" at line 591
DEBUG             instantiation of "auto fmt::v11::basic_string_view<Char>::compare(fmt::v11::basic_string_view<Char>) const->int [with Char=char]" at line 598
DEBUG             instantiation of class "fmt::v11::basic_string_view<Char> [with Char=char]" at line 2612
DEBUG             instantiation of "auto fmt::v11::basic_format_args<Context>::get_id(fmt::v11::basic_string_view<Char>) const->int [with Context=fmt::v11::context, Char=char]" at line 2655
DEBUG 
DEBUG Remark: The warnings can be suppressed with "-diag-suppress <warning-number>"
DEBUG 
DEBUG /tmp/.tmpogcIvy/sdists-v9/pypi/lightgbm/4.7.0/insGUydc4PW9vJoP/src/external_libs/fmt/include/fmt/format.h(2594): warning #2417-D: constexpr constructor calls non-constexpr function "fmt::v11::basic_memory_buffer<T, SIZE, Allocator>::basic_memory_buffer(const Allocator &) [with T=fmt::v11::detail::bigint::bigit, SIZE=32UL, Allocator=fmt::v11::detail::allocator<fmt::v11::detail::bigint::bigit>]"
DEBUG     constexpr bigint() : exp_(0) {}
DEBUG                                  ^
DEBUG 
DEBUG /tmp/.tmpogcIvy/sdists-v9/pypi/lightgbm/4.7.0/insGUydc4PW9vJoP/src/include/LightGBM/cuda/cuda_split_info.hpp(54): warning #20014-D: calling a __host__ function from a __host__ __device__ function is not allowed
DEBUG           { gpuAssert((cudaFree(cat_threshold)), "/tmp/.tmpogcIvy/sdists-v9/pypi/lightgbm/4.7.0/insGUydc4PW9vJoP/src/include/LightGBM/cuda/cuda_split_info.hpp", 54); };
DEBUG                      ^
DEBUG 
DEBUG /tmp/.tmpogcIvy/sdists-v9/pypi/lightgbm/4.7.0/insGUydc4PW9vJoP/src/include/LightGBM/cuda/cuda_split_info.hpp(57): warning #20014-D: calling a __host__ function from a __host__ __device__ function is not allowed
DEBUG           { gpuAssert((cudaFree(cat_threshold_real)), "/tmp/.tmpogcIvy/sdists-v9/pypi/lightgbm/4.7.0/insGUydc4PW9vJoP/src/include/LightGBM/cuda/cuda_split_info.hpp", 57); };
DEBUG                      ^
DEBUG 
DEBUG /tmp/.tmpogcIvy/sdists-v9/pypi/lightgbm/4.7.0/insGUydc4PW9vJoP/src/external_libs/fmt/include/fmt/base.h(472): warning #128-D: loop is not reachable
DEBUG     for (; n != 0; ++s1, ++s2, --n) {
DEBUG     ^
DEBUG           detected during:
DEBUG             instantiation of "auto fmt::v11::detail::compare(const Char *, const Char *, std::size_t)->int [with Char=char]" at line 591
DEBUG             instantiation of "auto fmt::v11::basic_string_view<Char>::compare(fmt::v11::basic_string_view<Char>) const->int [with Char=char]" at line 598
DEBUG             instantiation of class "fmt::v11::basic_string_view<Char> [with Char=char]" at line 2612
DEBUG             instantiation of "auto fmt::v11::basic_format_args<Context>::get_id(fmt::v11::basic_string_view<Char>) const->int [with Context=fmt::v11::context, Char=char]" at line 2655
DEBUG 
DEBUG Remark: The warnings can be suppressed with "-diag-suppress <warning-number>"
DEBUG 
DEBUG /tmp/.tmpogcIvy/sdists-v9/pypi/lightgbm/4.7.0/insGUydc4PW9vJoP/src/external_libs/fmt/include/fmt/format.h(2594): warning #2417-D: constexpr constructor calls non-constexpr function "fmt::v11::basic_memory_buffer<T, SIZE, Allocator>::basic_memory_buffer(const Allocator &) [with T=fmt::v11::detail::bigint::bigit, SIZE=32UL, Allocator=fmt::v11::detail::allocator<fmt::v11::detail::bigint::bigit>]"
DEBUG     constexpr bigint() : exp_(0) {}
DEBUG                                  ^
DEBUG 
DEBUG /tmp/.tmpogcIvy/sdists-v9/pypi/lightgbm/4.7.0/insGUydc4PW9vJoP/src/include/LightGBM/cuda/cuda_split_info.hpp(54): warning #20014-D: calling a __host__ function from a __host__ __device__ function is not allowed
DEBUG           { gpuAssert((cudaFree(cat_threshold)), "/tmp/.tmpogcIvy/sdists-v9/pypi/lightgbm/4.7.0/insGUydc4PW9vJoP/src/include/LightGBM/cuda/cuda_split_info.hpp", 54); };
DEBUG                      ^
DEBUG 
DEBUG /tmp/.tmpogcIvy/sdists-v9/pypi/lightgbm/4.7.0/insGUydc4PW9vJoP/src/include/LightGBM/cuda/cuda_split_info.hpp(57): warning #20014-D: calling a __host__ function from a __host__ __device__ function is not allowed
DEBUG           { gpuAssert((cudaFree(cat_threshold_real)), "/tmp/.tmpogcIvy/sdists-v9/pypi/lightgbm/4.7.0/insGUydc4PW9vJoP/src/include/LightGBM/cuda/cuda_split_info.hpp", 57); };
DEBUG                      ^
DEBUG 
DEBUG /tmp/.tmpogcIvy/sdists-v9/pypi/lightgbm/4.7.0/insGUydc4PW9vJoP/src/external_libs/fmt/include/fmt/base.h(472): warning #128-D: loop is not reachable
DEBUG     for (; n != 0; ++s1, ++s2, --n) {
DEBUG     ^
DEBUG           detected during:
DEBUG             instantiation of "auto fmt::v11::detail::compare(const Char *, const Char *, std::size_t)->int [with Char=char]" at line 591
DEBUG             instantiation of "auto fmt::v11::basic_string_view<Char>::compare(fmt::v11::basic_string_view<Char>) const->int [with Char=char]" at line 598
DEBUG             instantiation of class "fmt::v11::basic_string_view<Char> [with Char=char]" at line 2612
DEBUG             instantiation of "auto fmt::v11::basic_format_args<Context>::get_id(fmt::v11::basic_string_view<Char>) const->int [with Context=fmt::v11::context, Char=char]" at line 2655
DEBUG 
DEBUG Remark: The warnings can be suppressed with "-diag-suppress <warning-number>"
DEBUG 
DEBUG /tmp/.tmpogcIvy/sdists-v9/pypi/lightgbm/4.7.0/insGUydc4PW9vJoP/src/external_libs/fmt/include/fmt/format.h(2594): warning #2417-D: constexpr constructor calls non-constexpr function "fmt::v11::basic_memory_buffer<T, SIZE, Allocator>::basic_memory_buffer(const Allocator &) [with T=fmt::v11::detail::bigint::bigit, SIZE=32UL, Allocator=fmt::v11::detail::allocator<fmt::v11::detail::bigint::bigit>]"
DEBUG     constexpr bigint() : exp_(0) {}
DEBUG                                  ^
DEBUG 
DEBUG /tmp/.tmpogcIvy/sdists-v9/pypi/lightgbm/4.7.0/insGUydc4PW9vJoP/src/include/LightGBM/cuda/cuda_split_info.hpp(54): warning #20014-D: calling a __host__ function from a __host__ __device__ function is not allowed
DEBUG           { gpuAssert((cudaFree(cat_threshold)), "/tmp/.tmpogcIvy/sdists-v9/pypi/lightgbm/4.7.0/insGUydc4PW9vJoP/src/include/LightGBM/cuda/cuda_split_info.hpp", 54); };
DEBUG                      ^
DEBUG 
DEBUG /tmp/.tmpogcIvy/sdists-v9/pypi/lightgbm/4.7.0/insGUydc4PW9vJoP/src/include/LightGBM/cuda/cuda_split_info.hpp(57): warning #20014-D: calling a __host__ function from a __host__ __device__ function is not allowed
DEBUG           { gpuAssert((cudaFree(cat_threshold_real)), "/tmp/.tmpogcIvy/sdists-v9/pypi/lightgbm/4.7.0/insGUydc4PW9vJoP/src/include/LightGBM/cuda/cuda_split_info.hpp", 57); };
DEBUG                      ^
DEBUG 
DEBUG [75/76] Linking CXX shared library CMakeFiles/_lightgbm.dir/cmake_device_link.o
DEBUG FAILED: CMakeFiles/_lightgbm.dir/cmake_device_link.o 
DEBUG /usr/local/cuda/bin/nvcc -forward-unknown-to-host-compiler -ccbin=/usr/bin/x86_64-linux-gnu-g++ -Xcompiler=-fopenmp -Xcompiler=-fPIC -Xcompiler=-Wall -O3 -lineinfo -O3 -DNDEBUG "--generate-code=arch=compute_60,code=[sm_60]" "--generate-code=arch=compute_61,code=[sm_61]" "--generate-code=arch=compute_70,code=[sm_70]" "--generate-code=arch=compute_80,code=[sm_80]" "--generate-code=arch=compute_86,code=[sm_86]" "--generate-code=arch=compute_89,code=[sm_89]" "--generate-code=arch=compute_90,code=[sm_90]" "--generate-code=arch=compute_100,code=[sm_100]" "--generate-code=arch=compute_120,code=[sm_120]" "--generate-code=arch=compute_120,code=[compute_120]"  -Xcompiler=-fPIC -Wno-deprecated-gpu-targets -shared -dlink CMakeFiles/lightgbm_capi_objs.dir/src/c_api.cpp.o CMakeFiles/lightgbm_objs.dir/src/boosting/boosting.cpp.o CMakeFiles/lightgbm_objs.dir/src/boosting/gbdt_model_text.cpp.o CMakeFiles/lightgbm_objs.dir/src/boosting/gbdt_prediction.cpp.o CMakeFiles/lightgbm_objs.dir/src/boosting/gbdt.cpp.o CMakeFiles/lightgbm_objs.dir/src/boosting/prediction_early_stop.cpp.o CMakeFiles/lightgbm_objs.dir/src/boosting/sample_strategy.cpp.o CMakeFiles/lightgbm_objs.dir/src/io/bin.cpp.o CMakeFiles/lightgbm_objs.dir/src/io/config_auto.cpp.o CMakeFiles/lightgbm_objs.dir/src/io/config.cpp.o CMakeFiles/lightgbm_objs.dir/src/io/dataset_loader.cpp.o CMakeFiles/lightgbm_objs.dir/src/io/dataset.cpp.o CMakeFiles/lightgbm_objs.dir/src/io/file_io.cpp.o CMakeFiles/lightgbm_objs.dir/src/io/json11.cpp.o CMakeFiles/lightgbm_objs.dir/src/io/metadata.cpp.o CMakeFiles/lightgbm_objs.dir/src/io/parser.cpp.o CMakeFiles/lightgbm_objs.dir/src/io/train_share_states.cpp.o CMakeFiles/lightgbm_objs.dir/src/io/tree.cpp.o CMakeFiles/lightgbm_objs.dir/src/metric/dcg_calculator.cpp.o CMakeFiles/lightgbm_objs.dir/src/metric/metric.cpp.o CMakeFiles/lightgbm_objs.dir/src/network/linker_topo.cpp.o CMakeFiles/lightgbm_objs.dir/src/network/linkers_mpi.cpp.o CMakeFiles/lightgbm_objs.dir/src/network/linkers_socket.cpp.o CMakeFiles/lightgbm_objs.dir/src/network/network.cpp.o CMakeFiles/lightgbm_objs.dir/src/objective/objective_function.cpp.o CMakeFiles/lightgbm_objs.dir/src/treelearner/data_parallel_tree_learner.cpp.o CMakeFiles/lightgbm_objs.dir/src/treelearner/feature_histogram.cpp.o CMakeFiles/lightgbm_objs.dir/src/treelearner/feature_parallel_tree_learner.cpp.o CMakeFiles/lightgbm_objs.dir/src/treelearner/gpu_tree_learner.cpp.o CMakeFiles/lightgbm_objs.dir/src/treelearner/gradient_discretizer.cpp.o CMakeFiles/lightgbm_objs.dir/src/treelearner/linear_tree_learner.cpp.o CMakeFiles/lightgbm_objs.dir/src/treelearner/serial_tree_learner.cpp.o CMakeFiles/lightgbm_objs.dir/src/treelearner/tree_learner.cpp.o CMakeFiles/lightgbm_objs.dir/src/treelearner/voting_parallel_tree_learner.cpp.o CMakeFiles/lightgbm_objs.dir/src/utils/openmp_wrapper.cpp.o CMakeFiles/lightgbm_objs.dir/src/boosting/cuda/cuda_score_updater.cpp.o CMakeFiles/lightgbm_objs.dir/src/boosting/cuda/cuda_score_updater.cu.o CMakeFiles/lightgbm_objs.dir/src/boosting/cuda/nccl_gbdt.cpp.o CMakeFiles/lightgbm_objs.dir/src/metric/cuda/cuda_binary_metric.cpp.o CMakeFiles/lightgbm_objs.dir/src/metric/cuda/cuda_pointwise_metric.cpp.o CMakeFiles/lightgbm_objs.dir/src/metric/cuda/cuda_regression_metric.cpp.o CMakeFiles/lightgbm_objs.dir/src/metric/cuda/cuda_pointwise_metric.cu.o CMakeFiles/lightgbm_objs.dir/src/objective/cuda/cuda_binary_objective.cpp.o CMakeFiles/lightgbm_objs.dir/src/objective/cuda/cuda_multiclass_objective.cpp.o CMakeFiles/lightgbm_objs.dir/src/objective/cuda/cuda_rank_objective.cpp.o CMakeFiles/lightgbm_objs.dir/src/objective/cuda/cuda_regression_objective.cpp.o CMakeFiles/lightgbm_objs.dir/src/objective/cuda/cuda_binary_objective.cu.o CMakeFiles/lightgbm_objs.dir/src/objective/cuda/cuda_multiclass_objective.cu.o CMakeFiles/lightgbm_objs.dir/src/objective/cuda/cuda_rank_objective.cu.o CMakeFiles/lightgbm_objs.dir/src/objective/cuda/cuda_regression_objective.cu.o CMakeFiles/lightgbm_objs.dir/src/treelearner/cuda/cuda_best_split_finder.cpp.o CMakeFiles/lightgbm_objs.dir/src/treelearner/cuda/cuda_data_partition.cpp.o CMakeFiles/lightgbm_objs.dir/src/treelearner/cuda/cuda_histogram_constructor.cpp.o CMakeFiles/lightgbm_objs.dir/src/treelearner/cuda/cuda_leaf_splits.cpp.o CMakeFiles/lightgbm_objs.dir/src/treelearner/cuda/cuda_single_gpu_tree_learner.cpp.o CMakeFiles/lightgbm_objs.dir/src/treelearner/cuda/cuda_best_split_finder.cu.o CMakeFiles/lightgbm_objs.dir/src/treelearner/cuda/cuda_data_partition.cu.o CMakeFiles/lightgbm_objs.dir/src/treelearner/cuda/cuda_gradient_discretizer.cu.o CMakeFiles/lightgbm_objs.dir/src/treelearner/cuda/cuda_histogram_constructor.cu.o CMakeFiles/lightgbm_objs.dir/src/treelearner/cuda/cuda_leaf_splits.cu.o CMakeFiles/lightgbm_objs.dir/src/treelearner/cuda/cuda_single_gpu_tree_learner.cu.o CMakeFiles/lightgbm_objs.dir/src/io/cuda/cuda_column_data.cu.o CMakeFiles/lightgbm_objs.dir/src/io/cuda/cuda_tree.cu.o CMakeFiles/lightgbm_objs.dir/src/io/cuda/cuda_column_data.cpp.o CMakeFiles/lightgbm_objs.dir/src/io/cuda/cuda_metadata.cpp.o CMakeFiles/lightgbm_objs.dir/src/io/cuda/cuda_row_data.cpp.o CMakeFiles/lightgbm_objs.dir/src/io/cuda/cuda_tree.cpp.o CMakeFiles/lightgbm_objs.dir/src/cuda/cuda_utils.cpp.o CMakeFiles/lightgbm_objs.dir/src/cuda/cuda_algorithms.cu.o -o CMakeFiles/_lightgbm.dir/cmake_device_link.o -L/usr/local/cuda/targets/x86_64-linux/lib external_libs/nanoarrow/libnanoarrow_static.a /usr/lib/x86_64-linux-gnu/libnccl_static.a -lcudadevrt -lcudart_static -lrt -lpthread -ldl
DEBUG nvlink fatal   : Input file '/usr/lib/x86_64-linux-gnu/libnccl_static.a:common.cu.o' ABI version '8' is incompatible with target ABI version '7' (target: sm_80)
DEBUG ninja: build stopped: subcommand failed.
DEBUG 
DEBUG *** CMake build failed
  × Failed to build `lightgbm==4.7.0`
  ├─▶ The build backend returned an error
  ╰─▶ Call to `scikit_build_core.build.build_wheel` failed (exit status: 1)

      [stdout]
      *** scikit-build-core 1.0.3 using CMake 3.28.3 (wheel)
      *** Configuring CMake...
      loading initial cache file /tmp/tmphwghy5xb/build/CMakeInit.txt
      -- The C compiler identification is GNU 13.3.0
      -- The CXX compiler identification is GNU 13.3.0
      -- Detecting C compiler ABI info
      -- Detecting C compiler ABI info - done
      -- Check for working C compiler: /usr/bin/x86_64-linux-gnu-gcc - skipped
      -- Detecting C compile features
      -- Detecting C compile features - done
      -- Detecting CXX compiler ABI info
      -- Detecting CXX compiler ABI info - done
      -- Check for working CXX compiler: /usr/bin/x86_64-linux-gnu-g++ - skipped
      -- Detecting CXX compile features
      -- Detecting CXX compile features - done
      -- Building using CMake version: 3.28.3
      -- Found CUDAToolkit: /usr/local/cuda/targets/x86_64-linux/include (found suitable version "12.8.93", minimum
      required is "11.8")
      -- Performing Test CMAKE_HAVE_LIBC_PTHREAD
      -- Performing Test CMAKE_HAVE_LIBC_PTHREAD - Success
      -- Found Threads: TRUE
      -- CMAKE_CUDA_ARCHITECTURES: 60-real;61-real;70-real;80-real;86-real;89-real;90-real;100-real;120-real;120-virtual
      -- The CUDA compiler identification is NVIDIA 12.8.93
      -- Detecting CUDA compiler ABI info
      -- Detecting CUDA compiler ABI info - done
      -- Check for working CUDA compiler: /usr/local/cuda/bin/nvcc - skipped
      -- Detecting CUDA compile features
      -- Detecting CUDA compile features - done
      -- Found OpenMP_C: -fopenmp (found version "4.5")
      -- Found OpenMP_CXX: -fopenmp (found version "4.5")
      -- Found OpenMP: TRUE (found version "4.5")
      -- Using nccl library: /usr/lib/x86_64-linux-gnu/libnccl_static.a
      -- Found NCCL: /usr/include
      -- CMAKE_CUDA_FLAGS:  -Xcompiler=-fopenmp -Xcompiler=-fPIC -Xcompiler=-Wall -O3 -lineinfo
      -- Performing Test MM_PREFETCH
      -- Performing Test MM_PREFETCH - Success
      -- Using _mm_prefetch
      -- Performing Test MM_MALLOC
      -- Performing Test MM_MALLOC - Success
      -- Using _mm_malloc
      -- Configuring done (7.1s)
      -- Generating done (0.0s)
      -- Build files have been written to: /tmp/tmphwghy5xb/build
      *** Building project with Ninja...
      [1/76] Building CXX object CMakeFiles/lightgbm_objs.dir/src/network/linkers_mpi.cpp.o
      [2/76] Building CXX object CMakeFiles/lightgbm_objs.dir/src/treelearner/gpu_tree_learner.cpp.o
      [3/76] Building C object
      external_libs/nanoarrow/CMakeFiles/nanoarrow_static.dir/src/nanoarrow/common/array_stream.c.o
      [4/76] Building C object external_libs/nanoarrow/CMakeFiles/nanoarrow_static.dir/src/nanoarrow/common/utils.c.o
      [5/76] Building CXX object CMakeFiles/lightgbm_objs.dir/src/utils/openmp_wrapper.cpp.o
      [6/76] Building C object external_libs/nanoarrow/CMakeFiles/nanoarrow_static.dir/src/nanoarrow/common/schema.c.o
      [7/76] Building C object external_libs/nanoarrow/CMakeFiles/nanoarrow_static.dir/src/nanoarrow/common/array.c.o
      [8/76] Building CXX object CMakeFiles/lightgbm_objs.dir/src/io/file_io.cpp.o
      [9/76] Building CXX object CMakeFiles/lightgbm_objs.dir/src/boosting/prediction_early_stop.cpp.o
      [10/76] Linking C static library external_libs/nanoarrow/libnanoarrow_static.a
      [11/76] Building CXX object CMakeFiles/lightgbm_objs.dir/src/cuda/cuda_utils.cpp.o
      [12/76] Building CXX object CMakeFiles/lightgbm_objs.dir/src/io/cuda/cuda_metadata.cpp.o
      [13/76] Building CXX object CMakeFiles/lightgbm_objs.dir/src/network/linker_topo.cpp.o
      [14/76] Building CXX object CMakeFiles/lightgbm_objs.dir/src/treelearner/cuda/cuda_leaf_splits.cpp.o
      [15/76] Building CXX object CMakeFiles/lightgbm_objs.dir/src/io/cuda/cuda_column_data.cpp.o
      [16/76] Building CXX object CMakeFiles/lightgbm_objs.dir/src/metric/dcg_calculator.cpp.o
      [17/76] Building CXX object CMakeFiles/lightgbm_objs.dir/src/io/train_share_states.cpp.o
      [18/76] Building CXX object CMakeFiles/lightgbm_objs.dir/src/network/network.cpp.o
      [19/76] Building CXX object CMakeFiles/lightgbm_objs.dir/src/boosting/cuda/cuda_score_updater.cpp.o
      [20/76] Building CXX object CMakeFiles/lightgbm_objs.dir/src/treelearner/cuda/cuda_histogram_constructor.cpp.o
      [21/76] Building CXX object CMakeFiles/lightgbm_objs.dir/src/objective/cuda/cuda_binary_objective.cpp.o
      [22/76] Building CXX object CMakeFiles/lightgbm_objs.dir/src/boosting/gbdt_prediction.cpp.o
      [23/76] Building CXX object CMakeFiles/lightgbm_objs.dir/src/treelearner/cuda/cuda_best_split_finder.cpp.o
      [24/76] Building CXX object CMakeFiles/lightgbm_objs.dir/src/io/json11.cpp.o
      [25/76] Building CXX object CMakeFiles/lightgbm_objs.dir/src/metric/cuda/cuda_binary_metric.cpp.o
      [26/76] Building CXX object CMakeFiles/lightgbm_objs.dir/src/io/cuda/cuda_tree.cpp.o
      [27/76] Building CXX object CMakeFiles/lightgbm_objs.dir/src/network/linkers_socket.cpp.o
      [28/76] Building CXX object CMakeFiles/lightgbm_objs.dir/src/treelearner/cuda/cuda_data_partition.cpp.o
      [29/76] Building CXX object CMakeFiles/lightgbm_objs.dir/src/metric/cuda/cuda_pointwise_metric.cpp.o
      [30/76] Building CXX object CMakeFiles/lightgbm_objs.dir/src/objective/cuda/cuda_rank_objective.cpp.o
      [31/76] Building CXX object CMakeFiles/lightgbm_objs.dir/src/objective/cuda/cuda_multiclass_objective.cpp.o
      [32/76] Building CXX object CMakeFiles/lightgbm_objs.dir/src/boosting/sample_strategy.cpp.o
      [33/76] Building CXX object CMakeFiles/lightgbm_objs.dir/src/io/parser.cpp.o
      [34/76] Building CXX object CMakeFiles/lightgbm_objs.dir/src/io/config.cpp.o
      [35/76] Building CXX object CMakeFiles/lightgbm_objs.dir/src/io/cuda/cuda_row_data.cpp.o
      [36/76] Building CXX object CMakeFiles/lightgbm_objs.dir/src/io/config_auto.cpp.o
      [37/76] Building CXX object CMakeFiles/lightgbm_objs.dir/src/metric/cuda/cuda_regression_metric.cpp.o
      [38/76] Building CXX object CMakeFiles/lightgbm_objs.dir/src/treelearner/gradient_discretizer.cpp.o
      [39/76] Building CXX object CMakeFiles/lightgbm_objs.dir/src/treelearner/feature_parallel_tree_learner.cpp.o
      [40/76] Building CXX object CMakeFiles/lightgbm_objs.dir/src/treelearner/tree_learner.cpp.o
      [41/76] Building CXX object CMakeFiles/lightgbm_objs.dir/src/objective/cuda/cuda_regression_objective.cpp.o
      [42/76] Building CXX object CMakeFiles/lightgbm_objs.dir/src/boosting/gbdt_model_text.cpp.o
      [43/76] Building CXX object CMakeFiles/lightgbm_objs.dir/src/boosting/gbdt.cpp.o
      [44/76] Building CXX object CMakeFiles/lightgbm_objs.dir/src/io/dataset_loader.cpp.o
      [45/76] Building CXX object CMakeFiles/lightgbm_objs.dir/src/treelearner/data_parallel_tree_learner.cpp.o
      [46/76] Building CXX object CMakeFiles/lightgbm_objs.dir/src/treelearner/cuda/cuda_single_gpu_tree_learner.cpp.o
      [47/76] Building CXX object CMakeFiles/lightgbm_objs.dir/src/boosting/boosting.cpp.o
      [48/76] Building CXX object CMakeFiles/lightgbm_objs.dir/src/boosting/cuda/nccl_gbdt.cpp.o
      [49/76] Building CXX object CMakeFiles/lightgbm_objs.dir/src/objective/objective_function.cpp.o
      [50/76] Building CXX object CMakeFiles/lightgbm_objs.dir/src/io/metadata.cpp.o
      [51/76] Building CXX object CMakeFiles/lightgbm_objs.dir/src/io/dataset.cpp.o
      [52/76] Building CXX object CMakeFiles/lightgbm_objs.dir/src/metric/metric.cpp.o
      [53/76] Building CXX object CMakeFiles/lightgbm_objs.dir/src/io/tree.cpp.o
      [54/76] Building CXX object CMakeFiles/lightgbm_capi_objs.dir/src/c_api.cpp.o
      [55/76] Building CXX object CMakeFiles/lightgbm_objs.dir/src/treelearner/linear_tree_learner.cpp.o
      [56/76] Building CXX object CMakeFiles/lightgbm_objs.dir/src/io/bin.cpp.o
      [57/76] Building CUDA object CMakeFiles/lightgbm_objs.dir/src/io/cuda/cuda_column_data.cu.o
      nvcc warning : Support for offline compilation for architectures prior to '<compute/sm/lto>_75' will be removed
      in a future release (Use -Wno-deprecated-gpu-targets to suppress warning).
      /tmp/.tmpogcIvy/sdists-v9/pypi/lightgbm/4.7.0/insGUydc4PW9vJoP/src/external_libs/fmt/include/fmt/base.h(472):
      warning #128-D: loop is not reachable
          for (; n != 0; ++s1, ++s2, --n) {
          ^
                detected during:
                  instantiation of "auto fmt::v11::detail::compare(const Char *, const Char *, std::size_t)->int [with
      Char=char]" at line 591
                  instantiation of "auto fmt::v11::basic_string_view<Char>::compare(fmt::v11::basic_string_view<Char>)
      const->int [with Char=char]" at line 598
                  instantiation of class "fmt::v11::basic_string_view<Char> [with Char=char]" at line 2612
                  instantiation of "auto fmt::v11::basic_format_args<Context>::get_id(fmt::v11::basic_string_view<Char>)
      const->int [with Context=fmt::v11::context, Char=char]" at line 2655

      Remark: The warnings can be suppressed with "-diag-suppress <warning-number>"

      /tmp/.tmpogcIvy/sdists-v9/pypi/lightgbm/4.7.0/insGUydc4PW9vJoP/src/external_libs/fmt/include/fmt/format.h(2594):
      warning #2417-D: constexpr constructor calls non-constexpr function "fmt::v11::basic_memory_buffer<T, SIZE,
      Allocator>::basic_memory_buffer(const Allocator &) [with T=fmt::v11::detail::bigint::bigit, SIZE=32UL,
      Allocator=fmt::v11::detail::allocator<fmt::v11::detail::bigint::bigit>]"
          constexpr bigint() : exp_(0) {}
                                       ^

      /tmp/.tmpogcIvy/sdists-v9/pypi/lightgbm/4.7.0/insGUydc4PW9vJoP/src/external_libs/fmt/include/fmt/base.h(472):
      warning #128-D: loop is not reachable
          for (; n != 0; ++s1, ++s2, --n) {
          ^
                detected during:
                  instantiation of "auto fmt::v11::detail::compare(const Char *, const Char *, std::size_t)->int [with
      Char=char]" at line 591
                  instantiation of "auto fmt::v11::basic_string_view<Char>::compare(fmt::v11::basic_string_view<Char>)
      const->int [with Char=char]" at line 598
                  instantiation of class "fmt::v11::basic_string_view<Char> [with Char=char]" at line 2612
                  instantiation of "auto fmt::v11::basic_format_args<Context>::get_id(fmt::v11::basic_string_view<Char>)
      const->int [with Context=fmt::v11::context, Char=char]" at line 2655

      Remark: The warnings can be suppressed with "-diag-suppress <warning-number>"

      /tmp/.tmpogcIvy/sdists-v9/pypi/lightgbm/4.7.0/insGUydc4PW9vJoP/src/external_libs/fmt/include/fmt/format.h(2594):
      warning #2417-D: constexpr constructor calls non-constexpr function "fmt::v11::basic_memory_buffer<T, SIZE,
      Allocator>::basic_memory_buffer(const Allocator &) [with T=fmt::v11::detail::bigint::bigit, SIZE=32UL,
      Allocator=fmt::v11::detail::allocator<fmt::v11::detail::bigint::bigit>]"
          constexpr bigint() : exp_(0) {}
                                       ^

      /tmp/.tmpogcIvy/sdists-v9/pypi/lightgbm/4.7.0/insGUydc4PW9vJoP/src/external_libs/fmt/include/fmt/base.h(472):
      warning #128-D: loop is not reachable
          for (; n != 0; ++s1, ++s2, --n) {
          ^
                detected during:
                  instantiation of "auto fmt::v11::detail::compare(const Char *, const Char *, std::size_t)->int [with
      Char=char]" at line 591
                  instantiation of "auto fmt::v11::basic_string_view<Char>::compare(fmt::v11::basic_string_view<Char>)
      const->int [with Char=char]" at line 598
                  instantiation of class "fmt::v11::basic_string_view<Char> [with Char=char]" at line 2612
                  instantiation of "auto fmt::v11::basic_format_args<Context>::get_id(fmt::v11::basic_string_view<Char>)
      const->int [with Context=fmt::v11::context, Char=char]" at line 2655

      Remark: The warnings can be suppressed with "-diag-suppress <warning-number>"

      /tmp/.tmpogcIvy/sdists-v9/pypi/lightgbm/4.7.0/insGUydc4PW9vJoP/src/external_libs/fmt/include/fmt/format.h(2594):
      warning #2417-D: constexpr constructor calls non-constexpr function "fmt::v11::basic_memory_buffer<T, SIZE,
      Allocator>::basic_memory_buffer(const Allocator &) [with T=fmt::v11::detail::bigint::bigit, SIZE=32UL,
      Allocator=fmt::v11::detail::allocator<fmt::v11::detail::bigint::bigit>]"
          constexpr bigint() : exp_(0) {}
                                       ^

      /tmp/.tmpogcIvy/sdists-v9/pypi/lightgbm/4.7.0/insGUydc4PW9vJoP/src/external_libs/fmt/include/fmt/base.h(472):
      warning #128-D: loop is not reachable
          for (; n != 0; ++s1, ++s2, --n) {
          ^
                detected during:
                  instantiation of "auto fmt::v11::detail::compare(const Char *, const Char *, std::size_t)->int [with
      Char=char]" at line 591
                  instantiation of "auto fmt::v11::basic_string_view<Char>::compare(fmt::v11::basic_string_view<Char>)
      const->int [with Char=char]" at line 598
                  instantiation of class "fmt::v11::basic_string_view<Char> [with Char=char]" at line 2612
                  instantiation of "auto fmt::v11::basic_format_args<Context>::get_id(fmt::v11::basic_string_view<Char>)
      const->int [with Context=fmt::v11::context, Char=char]" at line 2655

      Remark: The warnings can be suppressed with "-diag-suppress <warning-number>"

      /tmp/.tmpogcIvy/sdists-v9/pypi/lightgbm/4.7.0/insGUydc4PW9vJoP/src/external_libs/fmt/include/fmt/format.h(2594):
      warning #2417-D: constexpr constructor calls non-constexpr function "fmt::v11::basic_memory_buffer<T, SIZE,
      Allocator>::basic_memory_buffer(const Allocator &) [with T=fmt::v11::detail::bigint::bigit, SIZE=32UL,
      Allocator=fmt::v11::detail::allocator<fmt::v11::detail::bigint::bigit>]"
          constexpr bigint() : exp_(0) {}
                                       ^

      /tmp/.tmpogcIvy/sdists-v9/pypi/lightgbm/4.7.0/insGUydc4PW9vJoP/src/external_libs/fmt/include/fmt/base.h(472):
      warning #128-D: loop is not reachable
          for (; n != 0; ++s1, ++s2, --n) {
          ^
                detected during:
                  instantiation of "auto fmt::v11::detail::compare(const Char *, const Char *, std::size_t)->int [with
      Char=char]" at line 591
                  instantiation of "auto fmt::v11::basic_string_view<Char>::compare(fmt::v11::basic_string_view<Char>)
      const->int [with Char=char]" at line 598
                  instantiation of class "fmt::v11::basic_string_view<Char> [with Char=char]" at line 2612
                  instantiation of "auto fmt::v11::basic_format_args<Context>::get_id(fmt::v11::basic_string_view<Char>)
      const->int [with Context=fmt::v11::context, Char=char]" at line 2655

      Remark: The warnings can be suppressed with "-diag-suppress <warning-number>"

      /tmp/.tmpogcIvy/sdists-v9/pypi/lightgbm/4.7.0/insGUydc4PW9vJoP/src/external_libs/fmt/include/fmt/format.h(2594):
      warning #2417-D: constexpr constructor calls non-constexpr function "fmt::v11::basic_memory_buffer<T, SIZE,
      Allocator>::basic_memory_buffer(const Allocator &) [with T=fmt::v11::detail::bigint::bigit, SIZE=32UL,
      Allocator=fmt::v11::detail::allocator<fmt::v11::detail::bigint::bigit>]"
          constexpr bigint() : exp_(0) {}
                                       ^

      /tmp/.tmpogcIvy/sdists-v9/pypi/lightgbm/4.7.0/insGUydc4PW9vJoP/src/external_libs/fmt/include/fmt/base.h(472):
      warning #128-D: loop is not reachable
          for (; n != 0; ++s1, ++s2, --n) {
          ^
                detected during:
                  instantiation of "auto fmt::v11::detail::compare(const Char *, const Char *, std::size_t)->int [with
      Char=char]" at line 591
                  instantiation of "auto fmt::v11::basic_string_view<Char>::compare(fmt::v11::basic_string_view<Char>)
      const->int [with Char=char]" at line 598
                  instantiation of class "fmt::v11::basic_string_view<Char> [with Char=char]" at line 2612
                  instantiation of "auto fmt::v11::basic_format_args<Context>::get_id(fmt::v11::basic_string_view<Char>)
      const->int [with Context=fmt::v11::context, Char=char]" at line 2655

      Remark: The warnings can be suppressed with "-diag-suppress <warning-number>"

      /tmp/.tmpogcIvy/sdists-v9/pypi/lightgbm/4.7.0/insGUydc4PW9vJoP/src/external_libs/fmt/include/fmt/format.h(2594):
      warning #2417-D: constexpr constructor calls non-constexpr function "fmt::v11::basic_memory_buffer<T, SIZE,
      Allocator>::basic_memory_buffer(const Allocator &) [with T=fmt::v11::detail::bigint::bigit, SIZE=32UL,
      Allocator=fmt::v11::detail::allocator<fmt::v11::detail::bigint::bigit>]"
          constexpr bigint() : exp_(0) {}
                                       ^

      /tmp/.tmpogcIvy/sdists-v9/pypi/lightgbm/4.7.0/insGUydc4PW9vJoP/src/external_libs/fmt/include/fmt/base.h(472):
      warning #128-D: loop is not reachable
          for (; n != 0; ++s1, ++s2, --n) {
          ^
                detected during:
                  instantiation of "auto fmt::v11::detail::compare(const Char *, const Char *, std::size_t)->int [with
      Char=char]" at line 591
                  instantiation of "auto fmt::v11::basic_string_view<Char>::compare(fmt::v11::basic_string_view<Char>)
      const->int [with Char=char]" at line 598
                  instantiation of class "fmt::v11::basic_string_view<Char> [with Char=char]" at line 2612
                  instantiation of "auto fmt::v11::basic_format_args<Context>::get_id(fmt::v11::basic_string_view<Char>)
      const->int [with Context=fmt::v11::context, Char=char]" at line 2655

      Remark: The warnings can be suppressed with "-diag-suppress <warning-number>"

      /tmp/.tmpogcIvy/sdists-v9/pypi/lightgbm/4.7.0/insGUydc4PW9vJoP/src/external_libs/fmt/include/fmt/format.h(2594):
      warning #2417-D: constexpr constructor calls non-constexpr function "fmt::v11::basic_memory_buffer<T, SIZE,
      Allocator>::basic_memory_buffer(const Allocator &) [with T=fmt::v11::detail::bigint::bigit, SIZE=32UL,
      Allocator=fmt::v11::detail::allocator<fmt::v11::detail::bigint::bigit>]"
          constexpr bigint() : exp_(0) {}
                                       ^

      /tmp/.tmpogcIvy/sdists-v9/pypi/lightgbm/4.7.0/insGUydc4PW9vJoP/src/external_libs/fmt/include/fmt/base.h(472):
      warning #128-D: loop is not reachable
          for (; n != 0; ++s1, ++s2, --n) {
          ^
                detected during:
                  instantiation of "auto fmt::v11::detail::compare(const Char *, const Char *, std::size_t)->int [with
      Char=char]" at line 591
                  instantiation of "auto fmt::v11::basic_string_view<Char>::compare(fmt::v11::basic_string_view<Char>)
      const->int [with Char=char]" at line 598
                  instantiation of class "fmt::v11::basic_string_view<Char> [with Char=char]" at line 2612
                  instantiation of "auto fmt::v11::basic_format_args<Context>::get_id(fmt::v11::basic_string_view<Char>)
      const->int [with Context=fmt::v11::context, Char=char]" at line 2655

      Remark: The warnings can be suppressed with "-diag-suppress <warning-number>"

      /tmp/.tmpogcIvy/sdists-v9/pypi/lightgbm/4.7.0/insGUydc4PW9vJoP/src/external_libs/fmt/include/fmt/format.h(2594):
      warning #2417-D: constexpr constructor calls non-constexpr function "fmt::v11::basic_memory_buffer<T, SIZE,
      Allocator>::basic_memory_buffer(const Allocator &) [with T=fmt::v11::detail::bigint::bigit, SIZE=32UL,
      Allocator=fmt::v11::detail::allocator<fmt::v11::detail::bigint::bigit>]"
          constexpr bigint() : exp_(0) {}
                                       ^

      /tmp/.tmpogcIvy/sdists-v9/pypi/lightgbm/4.7.0/insGUydc4PW9vJoP/src/external_libs/fmt/include/fmt/base.h(472):
      warning #128-D: loop is not reachable
          for (; n != 0; ++s1, ++s2, --n) {
          ^
                detected during:
                  instantiation of "auto fmt::v11::detail::compare(const Char *, const Char *, std::size_t)->int [with
      Char=char]" at line 591
                  instantiation of "auto fmt::v11::basic_string_view<Char>::compare(fmt::v11::basic_string_view<Char>)
      const->int [with Char=char]" at line 598
                  instantiation of class "fmt::v11::basic_string_view<Char> [with Char=char]" at line 2612
                  instantiation of "auto fmt::v11::basic_format_args<Context>::get_id(fmt::v11::basic_string_view<Char>)
      const->int [with Context=fmt::v11::context, Char=char]" at line 2655

      Remark: The warnings can be suppressed with "-diag-suppress <warning-number>"

      /tmp/.tmpogcIvy/sdists-v9/pypi/lightgbm/4.7.0/insGUydc4PW9vJoP/src/external_libs/fmt/include/fmt/format.h(2594):
      warning #2417-D: constexpr constructor calls non-constexpr function "fmt::v11::basic_memory_buffer<T, SIZE,
      Allocator>::basic_memory_buffer(const Allocator &) [with T=fmt::v11::detail::bigint::bigit, SIZE=32UL,
      Allocator=fmt::v11::detail::allocator<fmt::v11::detail::bigint::bigit>]"
          constexpr bigint() : exp_(0) {}
                                       ^

      /tmp/.tmpogcIvy/sdists-v9/pypi/lightgbm/4.7.0/insGUydc4PW9vJoP/src/external_libs/fmt/include/fmt/base.h(472):
      warning #128-D: loop is not reachable
          for (; n != 0; ++s1, ++s2, --n) {
          ^
                detected during:
                  instantiation of "auto fmt::v11::detail::compare(const Char *, const Char *, std::size_t)->int [with
      Char=char]" at line 591
                  instantiation of "auto fmt::v11::basic_string_view<Char>::compare(fmt::v11::basic_string_view<Char>)
      const->int [with Char=char]" at line 598
                  instantiation of class "fmt::v11::basic_string_view<Char> [with Char=char]" at line 2612
                  instantiation of "auto fmt::v11::basic_format_args<Context>::get_id(fmt::v11::basic_string_view<Char>)
      const->int [with Context=fmt::v11::context, Char=char]" at line 2655

      Remark: The warnings can be suppressed with "-diag-suppress <warning-number>"

      /tmp/.tmpogcIvy/sdists-v9/pypi/lightgbm/4.7.0/insGUydc4PW9vJoP/src/external_libs/fmt/include/fmt/format.h(2594):
      warning #2417-D: constexpr constructor calls non-constexpr function "fmt::v11::basic_memory_buffer<T, SIZE,
      Allocator>::basic_memory_buffer(const Allocator &) [with T=fmt::v11::detail::bigint::bigit, SIZE=32UL,
      Allocator=fmt::v11::detail::allocator<fmt::v11::detail::bigint::bigit>]"
          constexpr bigint() : exp_(0) {}
                                       ^

      [58/76] Building CUDA object CMakeFiles/lightgbm_objs.dir/src/treelearner/cuda/cuda_leaf_splits.cu.o
      nvcc warning : Support for offline compilation for architectures prior to '<compute/sm/lto>_75' will be removed
      in a future release (Use -Wno-deprecated-gpu-targets to suppress warning).
      /tmp/.tmpogcIvy/sdists-v9/pypi/lightgbm/4.7.0/insGUydc4PW9vJoP/src/external_libs/fmt/include/fmt/base.h(472):
      warning #128-D: loop is not reachable
          for (; n != 0; ++s1, ++s2, --n) {
          ^
                detected during:
                  instantiation of "auto fmt::v11::detail::compare(const Char *, const Char *, std::size_t)->int [with
      Char=char]" at line 591
                  instantiation of "auto fmt::v11::basic_string_view<Char>::compare(fmt::v11::basic_string_view<Char>)
      const->int [with Char=char]" at line 598
                  instantiation of class "fmt::v11::basic_string_view<Char> [with Char=char]" at line 2612
                  instantiation of "auto fmt::v11::basic_format_args<Context>::get_id(fmt::v11::basic_string_view<Char>)
      const->int [with Context=fmt::v11::context, Char=char]" at line 2655

      Remark: The warnings can be suppressed with "-diag-suppress <warning-number>"

      /tmp/.tmpogcIvy/sdists-v9/pypi/lightgbm/4.7.0/insGUydc4PW9vJoP/src/external_libs/fmt/include/fmt/format.h(2594):
      warning #2417-D: constexpr constructor calls non-constexpr function "fmt::v11::basic_memory_buffer<T, SIZE,
      Allocator>::basic_memory_buffer(const Allocator &) [with T=fmt::v11::detail::bigint::bigit, SIZE=32UL,
      Allocator=fmt::v11::detail::allocator<fmt::v11::detail::bigint::bigit>]"
          constexpr bigint() : exp_(0) {}
                                       ^

      /tmp/.tmpogcIvy/sdists-v9/pypi/lightgbm/4.7.0/insGUydc4PW9vJoP/src/external_libs/fmt/include/fmt/base.h(472):
      warning #128-D: loop is not reachable
          for (; n != 0; ++s1, ++s2, --n) {
          ^
                detected during:
                  instantiation of "auto fmt::v11::detail::compare(const Char *, const Char *, std::size_t)->int [with
      Char=char]" at line 591
                  instantiation of "auto fmt::v11::basic_string_view<Char>::compare(fmt::v11::basic_string_view<Char>)
      const->int [with Char=char]" at line 598
                  instantiation of class "fmt::v11::basic_string_view<Char> [with Char=char]" at line 2612
                  instantiation of "auto fmt::v11::basic_format_args<Context>::get_id(fmt::v11::basic_string_view<Char>)
      const->int [with Context=fmt::v11::context, Char=char]" at line 2655

      Remark: The warnings can be suppressed with "-diag-suppress <warning-number>"

      /tmp/.tmpogcIvy/sdists-v9/pypi/lightgbm/4.7.0/insGUydc4PW9vJoP/src/external_libs/fmt/include/fmt/format.h(2594):
      warning #2417-D: constexpr constructor calls non-constexpr function "fmt::v11::basic_memory_buffer<T, SIZE,
      Allocator>::basic_memory_buffer(const Allocator &) [with T=fmt::v11::detail::bigint::bigit, SIZE=32UL,
      Allocator=fmt::v11::detail::allocator<fmt::v11::detail::bigint::bigit>]"
          constexpr bigint() : exp_(0) {}
                                       ^

      /tmp/.tmpogcIvy/sdists-v9/pypi/lightgbm/4.7.0/insGUydc4PW9vJoP/src/external_libs/fmt/include/fmt/base.h(472):
      warning #128-D: loop is not reachable
          for (; n != 0; ++s1, ++s2, --n) {
          ^
                detected during:
                  instantiation of "auto fmt::v11::detail::compare(const Char *, const Char *, std::size_t)->int [with
      Char=char]" at line 591
                  instantiation of "auto fmt::v11::basic_string_view<Char>::compare(fmt::v11::basic_string_view<Char>)
      const->int [with Char=char]" at line 598
                  instantiation of class "fmt::v11::basic_string_view<Char> [with Char=char]" at line 2612
                  instantiation of "auto fmt::v11::basic_format_args<Context>::get_id(fmt::v11::basic_string_view<Char>)
      const->int [with Context=fmt::v11::context, Char=char]" at line 2655

      Remark: The warnings can be suppressed with "-diag-suppress <warning-number>"

      /tmp/.tmpogcIvy/sdists-v9/pypi/lightgbm/4.7.0/insGUydc4PW9vJoP/src/external_libs/fmt/include/fmt/format.h(2594):
      warning #2417-D: constexpr constructor calls non-constexpr function "fmt::v11::basic_memory_buffer<T, SIZE,
      Allocator>::basic_memory_buffer(const Allocator &) [with T=fmt::v11::detail::bigint::bigit, SIZE=32UL,
      Allocator=fmt::v11::detail::allocator<fmt::v11::detail::bigint::bigit>]"
          constexpr bigint() : exp_(0) {}
                                       ^

      /tmp/.tmpogcIvy/sdists-v9/pypi/lightgbm/4.7.0/insGUydc4PW9vJoP/src/external_libs/fmt/include/fmt/base.h(472):
      warning #128-D: loop is not reachable
          for (; n != 0; ++s1, ++s2, --n) {
          ^
                detected during:
                  instantiation of "auto fmt::v11::detail::compare(const Char *, const Char *, std::size_t)->int [with
      Char=char]" at line 591
                  instantiation of "auto fmt::v11::basic_string_view<Char>::compare(fmt::v11::basic_string_view<Char>)
      const->int [with Char=char]" at line 598
                  instantiation of class "fmt::v11::basic_string_view<Char> [with Char=char]" at line 2612
                  instantiation of "auto fmt::v11::basic_format_args<Context>::get_id(fmt::v11::basic_string_view<Char>)
      const->int [with Context=fmt::v11::context, Char=char]" at line 2655

      Remark: The warnings can be suppressed with "-diag-suppress <warning-number>"

      /tmp/.tmpogcIvy/sdists-v9/pypi/lightgbm/4.7.0/insGUydc4PW9vJoP/src/external_libs/fmt/include/fmt/format.h(2594):
      warning #2417-D: constexpr constructor calls non-constexpr function "fmt::v11::basic_memory_buffer<T, SIZE,
      Allocator>::basic_memory_buffer(const Allocator &) [with T=fmt::v11::detail::bigint::bigit, SIZE=32UL,
      Allocator=fmt::v11::detail::allocator<fmt::v11::detail::bigint::bigit>]"
          constexpr bigint() : exp_(0) {}
                                       ^

      /tmp/.tmpogcIvy/sdists-v9/pypi/lightgbm/4.7.0/insGUydc4PW9vJoP/src/external_libs/fmt/include/fmt/base.h(472):
      warning #128-D: loop is not reachable
          for (; n != 0; ++s1, ++s2, --n) {
          ^
                detected during:
                  instantiation of "auto fmt::v11::detail::compare(const Char *, const Char *, std::size_t)->int [with
      Char=char]" at line 591
                  instantiation of "auto fmt::v11::basic_string_view<Char>::compare(fmt::v11::basic_string_view<Char>)
      const->int [with Char=char]" at line 598
                  instantiation of class "fmt::v11::basic_string_view<Char> [with Char=char]" at line 2612
                  instantiation of "auto fmt::v11::basic_format_args<Context>::get_id(fmt::v11::basic_string_view<Char>)
      const->int [with Context=fmt::v11::context, Char=char]" at line 2655

      Remark: The warnings can be suppressed with "-diag-suppress <warning-number>"

      /tmp/.tmpogcIvy/sdists-v9/pypi/lightgbm/4.7.0/insGUydc4PW9vJoP/src/external_libs/fmt/include/fmt/format.h(2594):
      warning #2417-D: constexpr constructor calls non-constexpr function "fmt::v11::basic_memory_buffer<T, SIZE,
      Allocator>::basic_memory_buffer(const Allocator &) [with T=fmt::v11::detail::bigint::bigit, SIZE=32UL,
      Allocator=fmt::v11::detail::allocator<fmt::v11::detail::bigint::bigit>]"
          constexpr bigint() : exp_(0) {}
                                       ^

      /tmp/.tmpogcIvy/sdists-v9/pypi/lightgbm/4.7.0/insGUydc4PW9vJoP/src/external_libs/fmt/include/fmt/base.h(472):
      warning #128-D: loop is not reachable
          for (; n != 0; ++s1, ++s2, --n) {
          ^
                detected during:
                  instantiation of "auto fmt::v11::detail::compare(const Char *, const Char *, std::size_t)->int [with
      Char=char]" at line 591
                  instantiation of "auto fmt::v11::basic_string_view<Char>::compare(fmt::v11::basic_string_view<Char>)
      const->int [with Char=char]" at line 598
                  instantiation of class "fmt::v11::basic_string_view<Char> [with Char=char]" at line 2612
                  instantiation of "auto fmt::v11::basic_format_args<Context>::get_id(fmt::v11::basic_string_view<Char>)
      const->int [with Context=fmt::v11::context, Char=char]" at line 2655

      Remark: The warnings can be suppressed with "-diag-suppress <warning-number>"

      /tmp/.tmpogcIvy/sdists-v9/pypi/lightgbm/4.7.0/insGUydc4PW9vJoP/src/external_libs/fmt/include/fmt/format.h(2594):
      warning #2417-D: constexpr constructor calls non-constexpr function "fmt::v11::basic_memory_buffer<T, SIZE,
      Allocator>::basic_memory_buffer(const Allocator &) [with T=fmt::v11::detail::bigint::bigit, SIZE=32UL,
      Allocator=fmt::v11::detail::allocator<fmt::v11::detail::bigint::bigit>]"
          constexpr bigint() : exp_(0) {}
                                       ^

      /tmp/.tmpogcIvy/sdists-v9/pypi/lightgbm/4.7.0/insGUydc4PW9vJoP/src/external_libs/fmt/include/fmt/base.h(472):
      warning #128-D: loop is not reachable
          for (; n != 0; ++s1, ++s2, --n) {
          ^
                detected during:
                  instantiation of "auto fmt::v11::detail::compare(const Char *, const Char *, std::size_t)->int [with
      Char=char]" at line 591
                  instantiation of "auto fmt::v11::basic_string_view<Char>::compare(fmt::v11::basic_string_view<Char>)
      const->int [with Char=char]" at line 598
                  instantiation of class "fmt::v11::basic_string_view<Char> [with Char=char]" at line 2612
                  instantiation of "auto fmt::v11::basic_format_args<Context>::get_id(fmt::v11::basic_string_view<Char>)
      const->int [with Context=fmt::v11::context, Char=char]" at line 2655

      Remark: The warnings can be suppressed with "-diag-suppress <warning-number>"

      /tmp/.tmpogcIvy/sdists-v9/pypi/lightgbm/4.7.0/insGUydc4PW9vJoP/src/external_libs/fmt/include/fmt/format.h(2594):
      warning #2417-D: constexpr constructor calls non-constexpr function "fmt::v11::basic_memory_buffer<T, SIZE,
      Allocator>::basic_memory_buffer(const Allocator &) [with T=fmt::v11::detail::bigint::bigit, SIZE=32UL,
      Allocator=fmt::v11::detail::allocator<fmt::v11::detail::bigint::bigit>]"
          constexpr bigint() : exp_(0) {}
                                       ^

      /tmp/.tmpogcIvy/sdists-v9/pypi/lightgbm/4.7.0/insGUydc4PW9vJoP/src/external_libs/fmt/include/fmt/base.h(472):
      warning #128-D: loop is not reachable
          for (; n != 0; ++s1, ++s2, --n) {
          ^
                detected during:
                  instantiation of "auto fmt::v11::detail::compare(const Char *, const Char *, std::size_t)->int [with
      Char=char]" at line 591
                  instantiation of "auto fmt::v11::basic_string_view<Char>::compare(fmt::v11::basic_string_view<Char>)
      const->int [with Char=char]" at line 598
                  instantiation of class "fmt::v11::basic_string_view<Char> [with Char=char]" at line 2612
                  instantiation of "auto fmt::v11::basic_format_args<Context>::get_id(fmt::v11::basic_string_view<Char>)
      const->int [with Context=fmt::v11::context, Char=char]" at line 2655

      Remark: The warnings can be suppressed with "-diag-suppress <warning-number>"

      /tmp/.tmpogcIvy/sdists-v9/pypi/lightgbm/4.7.0/insGUydc4PW9vJoP/src/external_libs/fmt/include/fmt/format.h(2594):
      warning #2417-D: constexpr constructor calls non-constexpr function "fmt::v11::basic_memory_buffer<T, SIZE,
      Allocator>::basic_memory_buffer(const Allocator &) [with T=fmt::v11::detail::bigint::bigit, SIZE=32UL,
      Allocator=fmt::v11::detail::allocator<fmt::v11::detail::bigint::bigit>]"
          constexpr bigint() : exp_(0) {}
                                       ^

      /tmp/.tmpogcIvy/sdists-v9/pypi/lightgbm/4.7.0/insGUydc4PW9vJoP/src/external_libs/fmt/include/fmt/base.h(472):
      warning #128-D: loop is not reachable
          for (; n != 0; ++s1, ++s2, --n) {
          ^
                detected during:
                  instantiation of "auto fmt::v11::detail::compare(const Char *, const Char *, std::size_t)->int [with
      Char=char]" at line 591
                  instantiation of "auto fmt::v11::basic_string_view<Char>::compare(fmt::v11::basic_string_view<Char>)
      const->int [with Char=char]" at line 598
                  instantiation of class "fmt::v11::basic_string_view<Char> [with Char=char]" at line 2612
                  instantiation of "auto fmt::v11::basic_format_args<Context>::get_id(fmt::v11::basic_string_view<Char>)
      const->int [with Context=fmt::v11::context, Char=char]" at line 2655

      Remark: The warnings can be suppressed with "-diag-suppress <warning-number>"

      /tmp/.tmpogcIvy/sdists-v9/pypi/lightgbm/4.7.0/insGUydc4PW9vJoP/src/external_libs/fmt/include/fmt/format.h(2594):
      warning #2417-D: constexpr constructor calls non-constexpr function "fmt::v11::basic_memory_buffer<T, SIZE,
      Allocator>::basic_memory_buffer(const Allocator &) [with T=fmt::v11::detail::bigint::bigit, SIZE=32UL,
      Allocator=fmt::v11::detail::allocator<fmt::v11::detail::bigint::bigit>]"
          constexpr bigint() : exp_(0) {}
                                       ^

      /tmp/.tmpogcIvy/sdists-v9/pypi/lightgbm/4.7.0/insGUydc4PW9vJoP/src/external_libs/fmt/include/fmt/base.h(472):
      warning #128-D: loop is not reachable
          for (; n != 0; ++s1, ++s2, --n) {
          ^
                detected during:
                  instantiation of "auto fmt::v11::detail::compare(const Char *, const Char *, std::size_t)->int [with
      Char=char]" at line 591
                  instantiation of "auto fmt::v11::basic_string_view<Char>::compare(fmt::v11::basic_string_view<Char>)
      const->int [with Char=char]" at line 598
                  instantiation of class "fmt::v11::basic_string_view<Char> [with Char=char]" at line 2612
                  instantiation of "auto fmt::v11::basic_format_args<Context>::get_id(fmt::v11::basic_string_view<Char>)
      const->int [with Context=fmt::v11::context, Char=char]" at line 2655

      Remark: The warnings can be suppressed with "-diag-suppress <warning-number>"

      /tmp/.tmpogcIvy/sdists-v9/pypi/lightgbm/4.7.0/insGUydc4PW9vJoP/src/external_libs/fmt/include/fmt/format.h(2594):
      warning #2417-D: constexpr constructor calls non-constexpr function "fmt::v11::basic_memory_buffer<T, SIZE,
      Allocator>::basic_memory_buffer(const Allocator &) [with T=fmt::v11::detail::bigint::bigit, SIZE=32UL,
      Allocator=fmt::v11::detail::allocator<fmt::v11::detail::bigint::bigit>]"
          constexpr bigint() : exp_(0) {}
                                       ^

      [59/76] Building CUDA object CMakeFiles/lightgbm_objs.dir/src/io/cuda/cuda_tree.cu.o
      nvcc warning : Support for offline compilation for architectures prior to '<compute/sm/lto>_75' will be removed
      in a future release (Use -Wno-deprecated-gpu-targets to suppress warning).
      /tmp/.tmpogcIvy/sdists-v9/pypi/lightgbm/4.7.0/insGUydc4PW9vJoP/src/external_libs/fmt/include/fmt/base.h(472):
      warning #128-D: loop is not reachable
          for (; n != 0; ++s1, ++s2, --n) {
          ^
                detected during:
                  instantiation of "auto fmt::v11::detail::compare(const Char *, const Char *, std::size_t)->int [with
      Char=char]" at line 591
                  instantiation of "auto fmt::v11::basic_string_view<Char>::compare(fmt::v11::basic_string_view<Char>)
      const->int [with Char=char]" at line 598
                  instantiation of class "fmt::v11::basic_string_view<Char> [with Char=char]" at line 2612
                  instantiation of "auto fmt::v11::basic_format_args<Context>::get_id(fmt::v11::basic_string_view<Char>)
      const->int [with Context=fmt::v11::context, Char=char]" at line 2655

      Remark: The warnings can be suppressed with "-diag-suppress <warning-number>"

      /tmp/.tmpogcIvy/sdists-v9/pypi/lightgbm/4.7.0/insGUydc4PW9vJoP/src/external_libs/fmt/include/fmt/format.h(2594):
      warning #2417-D: constexpr constructor calls non-constexpr function "fmt::v11::basic_memory_buffer<T, SIZE,
      Allocator>::basic_memory_buffer(const Allocator &) [with T=fmt::v11::detail::bigint::bigit, SIZE=32UL,
      Allocator=fmt::v11::detail::allocator<fmt::v11::detail::bigint::bigit>]"
          constexpr bigint() : exp_(0) {}
                                       ^

      /tmp/.tmpogcIvy/sdists-v9/pypi/lightgbm/4.7.0/insGUydc4PW9vJoP/src/external_libs/fmt/include/fmt/base.h(472):
      warning #128-D: loop is not reachable
          for (; n != 0; ++s1, ++s2, --n) {
          ^
                detected during:
                  instantiation of "auto fmt::v11::detail::compare(const Char *, const Char *, std::size_t)->int [with
      Char=char]" at line 591
                  instantiation of "auto fmt::v11::basic_string_view<Char>::compare(fmt::v11::basic_string_view<Char>)
      const->int [with Char=char]" at line 598
                  instantiation of class "fmt::v11::basic_string_view<Char> [with Char=char]" at line 2612
                  instantiation of "auto fmt::v11::basic_format_args<Context>::get_id(fmt::v11::basic_string_view<Char>)
      const->int [with Context=fmt::v11::context, Char=char]" at line 2655

      Remark: The warnings can be suppressed with "-diag-suppress <warning-number>"

      /tmp/.tmpogcIvy/sdists-v9/pypi/lightgbm/4.7.0/insGUydc4PW9vJoP/src/external_libs/fmt/include/fmt/format.h(2594):
      warning #2417-D: constexpr constructor calls non-constexpr function "fmt::v11::basic_memory_buffer<T, SIZE,
      Allocator>::basic_memory_buffer(const Allocator &) [with T=fmt::v11::detail::bigint::bigit, SIZE=32UL,
      Allocator=fmt::v11::detail::allocator<fmt::v11::detail::bigint::bigit>]"
          constexpr bigint() : exp_(0) {}
                                       ^

      /tmp/.tmpogcIvy/sdists-v9/pypi/lightgbm/4.7.0/insGUydc4PW9vJoP/src/include/LightGBM/cuda/cuda_split_info.hpp(54):
      warning #20014-D: calling a __host__ function from a __host__ __device__ function is not allowed
                { gpuAssert((cudaFree(cat_threshold)),
      "/tmp/.tmpogcIvy/sdists-v9/pypi/lightgbm/4.7.0/insGUydc4PW9vJoP/src/include/LightGBM/cuda/cuda_split_info.hpp",
      54); };
                           ^

      /tmp/.tmpogcIvy/sdists-v9/pypi/lightgbm/4.7.0/insGUydc4PW9vJoP/src/include/LightGBM/cuda/cuda_split_info.hpp(57):
      warning #20014-D: calling a __host__ function from a __host__ __device__ function is not allowed
                { gpuAssert((cudaFree(cat_threshold_real)),
      "/tmp/.tmpogcIvy/sdists-v9/pypi/lightgbm/4.7.0/insGUydc4PW9vJoP/src/include/LightGBM/cuda/cuda_split_info.hpp",
      57); };
                           ^

      /tmp/.tmpogcIvy/sdists-v9/pypi/lightgbm/4.7.0/insGUydc4PW9vJoP/src/external_libs/fmt/include/fmt/base.h(472):
      warning #128-D: loop is not reachable
          for (; n != 0; ++s1, ++s2, --n) {
          ^
                detected during:
                  instantiation of "auto fmt::v11::detail::compare(const Char *, const Char *, std::size_t)->int [with
      Char=char]" at line 591
                  instantiation of "auto fmt::v11::basic_string_view<Char>::compare(fmt::v11::basic_string_view<Char>)
      const->int [with Char=char]" at line 598
                  instantiation of class "fmt::v11::basic_string_view<Char> [with Char=char]" at line 2612
                  instantiation of "auto fmt::v11::basic_format_args<Context>::get_id(fmt::v11::basic_string_view<Char>)
      const->int [with Context=fmt::v11::context, Char=char]" at line 2655

      Remark: The warnings can be suppressed with "-diag-suppress <warning-number>"

      /tmp/.tmpogcIvy/sdists-v9/pypi/lightgbm/4.7.0/insGUydc4PW9vJoP/src/external_libs/fmt/include/fmt/format.h(2594):
      warning #2417-D: constexpr constructor calls non-constexpr function "fmt::v11::basic_memory_buffer<T, SIZE,
      Allocator>::basic_memory_buffer(const Allocator &) [with T=fmt::v11::detail::bigint::bigit, SIZE=32UL,
      Allocator=fmt::v11::detail::allocator<fmt::v11::detail::bigint::bigit>]"
          constexpr bigint() : exp_(0) {}
                                       ^

      /tmp/.tmpogcIvy/sdists-v9/pypi/lightgbm/4.7.0/insGUydc4PW9vJoP/src/include/LightGBM/cuda/cuda_split_info.hpp(54):
      warning #20014-D: calling a __host__ function from a __host__ __device__ function is not allowed
                { gpuAssert((cudaFree(cat_threshold)),
      "/tmp/.tmpogcIvy/sdists-v9/pypi/lightgbm/4.7.0/insGUydc4PW9vJoP/src/include/LightGBM/cuda/cuda_split_info.hpp",
      54); };
                           ^

      /tmp/.tmpogcIvy/sdists-v9/pypi/lightgbm/4.7.0/insGUydc4PW9vJoP/src/include/LightGBM/cuda/cuda_split_info.hpp(57):
      warning #20014-D: calling a __host__ function from a __host__ __device__ function is not allowed
                { gpuAssert((cudaFree(cat_threshold_real)),
      "/tmp/.tmpogcIvy/sdists-v9/pypi/lightgbm/4.7.0/insGUydc4PW9vJoP/src/include/LightGBM/cuda/cuda_split_info.hpp",
      57); };
                           ^

      /tmp/.tmpogcIvy/sdists-v9/pypi/lightgbm/4.7.0/insGUydc4PW9vJoP/src/external_libs/fmt/include/fmt/base.h(472):
      warning #128-D: loop is not reachable
          for (; n != 0; ++s1, ++s2, --n) {
          ^
                detected during:
                  instantiation of "auto fmt::v11::detail::compare(const Char *, const Char *, std::size_t)->int [with
      Char=char]" at line 591
                  instantiation of "auto fmt::v11::basic_string_view<Char>::compare(fmt::v11::basic_string_view<Char>)
      const->int [with Char=char]" at line 598
                  instantiation of class "fmt::v11::basic_string_view<Char> [with Char=char]" at line 2612
                  instantiation of "auto fmt::v11::basic_format_args<Context>::get_id(fmt::v11::basic_string_view<Char>)
      const->int [with Context=fmt::v11::context, Char=char]" at line 2655

      Remark: The warnings can be suppressed with "-diag-suppress <warning-number>"

      /tmp/.tmpogcIvy/sdists-v9/pypi/lightgbm/4.7.0/insGUydc4PW9vJoP/src/external_libs/fmt/include/fmt/format.h(2594):
      warning #2417-D: constexpr constructor calls non-constexpr function "fmt::v11::basic_memory_buffer<T, SIZE,
      Allocator>::basic_memory_buffer(const Allocator &) [with T=fmt::v11::detail::bigint::bigit, SIZE=32UL,
      Allocator=fmt::v11::detail::allocator<fmt::v11::detail::bigint::bigit>]"
          constexpr bigint() : exp_(0) {}
                                       ^

      /tmp/.tmpogcIvy/sdists-v9/pypi/lightgbm/4.7.0/insGUydc4PW9vJoP/src/include/LightGBM/cuda/cuda_split_info.hpp(54):
      warning #20014-D: calling a __host__ function from a __host__ __device__ function is not allowed
                { gpuAssert((cudaFree(cat_threshold)),
      "/tmp/.tmpogcIvy/sdists-v9/pypi/lightgbm/4.7.0/insGUydc4PW9vJoP/src/include/LightGBM/cuda/cuda_split_info.hpp",
      54); };
                           ^

      /tmp/.tmpogcIvy/sdists-v9/pypi/lightgbm/4.7.0/insGUydc4PW9vJoP/src/include/LightGBM/cuda/cuda_split_info.hpp(57):
      warning #20014-D: calling a __host__ function from a __host__ __device__ function is not allowed
                { gpuAssert((cudaFree(cat_threshold_real)),
      "/tmp/.tmpogcIvy/sdists-v9/pypi/lightgbm/4.7.0/insGUydc4PW9vJoP/src/include/LightGBM/cuda/cuda_split_info.hpp",
      57); };
                           ^

      /tmp/.tmpogcIvy/sdists-v9/pypi/lightgbm/4.7.0/insGUydc4PW9vJoP/src/external_libs/fmt/include/fmt/base.h(472):
      warning #128-D: loop is not reachable
          for (; n != 0; ++s1, ++s2, --n) {
          ^
                detected during:
                  instantiation of "auto fmt::v11::detail::compare(const Char *, const Char *, std::size_t)->int [with
      Char=char]" at line 591
                  instantiation of "auto fmt::v11::basic_string_view<Char>::compare(fmt::v11::basic_string_view<Char>)
      const->int [with Char=char]" at line 598
                  instantiation of class "fmt::v11::basic_string_view<Char> [with Char=char]" at line 2612
                  instantiation of "auto fmt::v11::basic_format_args<Context>::get_id(fmt::v11::basic_string_view<Char>)
      const->int [with Context=fmt::v11::context, Char=char]" at line 2655

      Remark: The warnings can be suppressed with "-diag-suppress <warning-number>"

      /tmp/.tmpogcIvy/sdists-v9/pypi/lightgbm/4.7.0/insGUydc4PW9vJoP/src/external_libs/fmt/include/fmt/format.h(2594):
      warning #2417-D: constexpr constructor calls non-constexpr function "fmt::v11::basic_memory_buffer<T, SIZE,
      Allocator>::basic_memory_buffer(const Allocator &) [with T=fmt::v11::detail::bigint::bigit, SIZE=32UL,
      Allocator=fmt::v11::detail::allocator<fmt::v11::detail::bigint::bigit>]"
          constexpr bigint() : exp_(0) {}
                                       ^

      /tmp/.tmpogcIvy/sdists-v9/pypi/lightgbm/4.7.0/insGUydc4PW9vJoP/src/include/LightGBM/cuda/cuda_split_info.hpp(54):
      warning #20014-D: calling a __host__ function from a __host__ __device__ function is not allowed
                { gpuAssert((cudaFree(cat_threshold)),
      "/tmp/.tmpogcIvy/sdists-v9/pypi/lightgbm/4.7.0/insGUydc4PW9vJoP/src/include/LightGBM/cuda/cuda_split_info.hpp",
      54); };
                           ^

      /tmp/.tmpogcIvy/sdists-v9/pypi/lightgbm/4.7.0/insGUydc4PW9vJoP/src/include/LightGBM/cuda/cuda_split_info.hpp(57):
      warning #20014-D: calling a __host__ function from a __host__ __device__ function is not allowed
                { gpuAssert((cudaFree(cat_threshold_real)),
      "/tmp/.tmpogcIvy/sdists-v9/pypi/lightgbm/4.7.0/insGUydc4PW9vJoP/src/include/LightGBM/cuda/cuda_split_info.hpp",
      57); };
                           ^

      /tmp/.tmpogcIvy/sdists-v9/pypi/lightgbm/4.7.0/insGUydc4PW9vJoP/src/external_libs/fmt/include/fmt/base.h(472):
      warning #128-D: loop is not reachable
          for (; n != 0; ++s1, ++s2, --n) {
          ^
                detected during:
                  instantiation of "auto fmt::v11::detail::compare(const Char *, const Char *, std::size_t)->int [with
      Char=char]" at line 591
                  instantiation of "auto fmt::v11::basic_string_view<Char>::compare(fmt::v11::basic_string_view<Char>)
      const->int [with Char=char]" at line 598
                  instantiation of class "fmt::v11::basic_string_view<Char> [with Char=char]" at line 2612
                  instantiation of "auto fmt::v11::basic_format_args<Context>::get_id(fmt::v11::basic_string_view<Char>)
      const->int [with Context=fmt::v11::context, Char=char]" at line 2655

      Remark: The warnings can be suppressed with "-diag-suppress <warning-number>"

      /tmp/.tmpogcIvy/sdists-v9/pypi/lightgbm/4.7.0/insGUydc4PW9vJoP/src/external_libs/fmt/include/fmt/format.h(2594):
      warning #2417-D: constexpr constructor calls non-constexpr function "fmt::v11::basic_memory_buffer<T, SIZE,
      Allocator>::basic_memory_buffer(const Allocator &) [with T=fmt::v11::detail::bigint::bigit, SIZE=32UL,
      Allocator=fmt::v11::detail::allocator<fmt::v11::detail::bigint::bigit>]"
          constexpr bigint() : exp_(0) {}
                                       ^

      /tmp/.tmpogcIvy/sdists-v9/pypi/lightgbm/4.7.0/insGUydc4PW9vJoP/src/include/LightGBM/cuda/cuda_split_info.hpp(54):
      warning #20014-D: calling a __host__ function from a __host__ __device__ function is not allowed
                { gpuAssert((cudaFree(cat_threshold)),
      "/tmp/.tmpogcIvy/sdists-v9/pypi/lightgbm/4.7.0/insGUydc4PW9vJoP/src/include/LightGBM/cuda/cuda_split_info.hpp",
      54); };
                           ^

      /tmp/.tmpogcIvy/sdists-v9/pypi/lightgbm/4.7.0/insGUydc4PW9vJoP/src/include/LightGBM/cuda/cuda_split_info.hpp(57):
      warning #20014-D: calling a __host__ function from a __host__ __device__ function is not allowed
                { gpuAssert((cudaFree(cat_threshold_real)),
      "/tmp/.tmpogcIvy/sdists-v9/pypi/lightgbm/4.7.0/insGUydc4PW9vJoP/src/include/LightGBM/cuda/cuda_split_info.hpp",
      57); };
                           ^

      /tmp/.tmpogcIvy/sdists-v9/pypi/lightgbm/4.7.0/insGUydc4PW9vJoP/src/external_libs/fmt/include/fmt/base.h(472):
      warning #128-D: loop is not reachable
          for (; n != 0; ++s1, ++s2, --n) {
          ^
                detected during:
                  instantiation of "auto fmt::v11::detail::compare(const Char *, const Char *, std::size_t)->int [with
      Char=char]" at line 591
                  instantiation of "auto fmt::v11::basic_string_view<Char>::compare(fmt::v11::basic_string_view<Char>)
      const->int [with Char=char]" at line 598
                  instantiation of class "fmt::v11::basic_string_view<Char> [with Char=char]" at line 2612
                  instantiation of "auto fmt::v11::basic_format_args<Context>::get_id(fmt::v11::basic_string_view<Char>)
      const->int [with Context=fmt::v11::context, Char=char]" at line 2655

      Remark: The warnings can be suppressed with "-diag-suppress <warning-number>"

      /tmp/.tmpogcIvy/sdists-v9/pypi/lightgbm/4.7.0/insGUydc4PW9vJoP/src/external_libs/fmt/include/fmt/format.h(2594):
      warning #2417-D: constexpr constructor calls non-constexpr function "fmt::v11::basic_memory_buffer<T, SIZE,
      Allocator>::basic_memory_buffer(const Allocator &) [with T=fmt::v11::detail::bigint::bigit, SIZE=32UL,
      Allocator=fmt::v11::detail::allocator<fmt::v11::detail::bigint::bigit>]"
          constexpr bigint() : exp_(0) {}
                                       ^

      /tmp/.tmpogcIvy/sdists-v9/pypi/lightgbm/4.7.0/insGUydc4PW9vJoP/src/include/LightGBM/cuda/cuda_split_info.hpp(54):
      warning #20014-D: calling a __host__ function from a __host__ __device__ function is not allowed
                { gpuAssert((cudaFree(cat_threshold)),
      "/tmp/.tmpogcIvy/sdists-v9/pypi/lightgbm/4.7.0/insGUydc4PW9vJoP/src/include/LightGBM/cuda/cuda_split_info.hpp",
      54); };
                           ^

      /tmp/.tmpogcIvy/sdists-v9/pypi/lightgbm/4.7.0/insGUydc4PW9vJoP/src/include/LightGBM/cuda/cuda_split_info.hpp(57):
      warning #20014-D: calling a __host__ function from a __host__ __device__ function is not allowed
                { gpuAssert((cudaFree(cat_threshold_real)),
      "/tmp/.tmpogcIvy/sdists-v9/pypi/lightgbm/4.7.0/insGUydc4PW9vJoP/src/include/LightGBM/cuda/cuda_split_info.hpp",
      57); };
                           ^

      /tmp/.tmpogcIvy/sdists-v9/pypi/lightgbm/4.7.0/insGUydc4PW9vJoP/src/external_libs/fmt/include/fmt/base.h(472):
      warning #128-D: loop is not reachable
          for (; n != 0; ++s1, ++s2, --n) {
          ^
                detected during:
                  instantiation of "auto fmt::v11::detail::compare(const Char *, const Char *, std::size_t)->int [with
      Char=char]" at line 591
                  instantiation of "auto fmt::v11::basic_string_view<Char>::compare(fmt::v11::basic_string_view<Char>)
      const->int [with Char=char]" at line 598
                  instantiation of class "fmt::v11::basic_string_view<Char> [with Char=char]" at line 2612
                  instantiation of "auto fmt::v11::basic_format_args<Context>::get_id(fmt::v11::basic_string_view<Char>)
      const->int [with Context=fmt::v11::context, Char=char]" at line 2655

      Remark: The warnings can be suppressed with "-diag-suppress <warning-number>"

      /tmp/.tmpogcIvy/sdists-v9/pypi/lightgbm/4.7.0/insGUydc4PW9vJoP/src/external_libs/fmt/include/fmt/format.h(2594):
      warning #2417-D: constexpr constructor calls non-constexpr function "fmt::v11::basic_memory_buffer<T, SIZE,
      Allocator>::basic_memory_buffer(const Allocator &) [with T=fmt::v11::detail::bigint::bigit, SIZE=32UL,
      Allocator=fmt::v11::detail::allocator<fmt::v11::detail::bigint::bigit>]"
          constexpr bigint() : exp_(0) {}
                                       ^

      /tmp/.tmpogcIvy/sdists-v9/pypi/lightgbm/4.7.0/insGUydc4PW9vJoP/src/include/LightGBM/cuda/cuda_split_info.hpp(54):
      warning #20014-D: calling a __host__ function from a __host__ __device__ function is not allowed
                { gpuAssert((cudaFree(cat_threshold)),
      "/tmp/.tmpogcIvy/sdists-v9/pypi/lightgbm/4.7.0/insGUydc4PW9vJoP/src/include/LightGBM/cuda/cuda_split_info.hpp",
      54); };
                           ^

      /tmp/.tmpogcIvy/sdists-v9/pypi/lightgbm/4.7.0/insGUydc4PW9vJoP/src/include/LightGBM/cuda/cuda_split_info.hpp(57):
      warning #20014-D: calling a __host__ function from a __host__ __device__ function is not allowed
                { gpuAssert((cudaFree(cat_threshold_real)),
      "/tmp/.tmpogcIvy/sdists-v9/pypi/lightgbm/4.7.0/insGUydc4PW9vJoP/src/include/LightGBM/cuda/cuda_split_info.hpp",
      57); };
                           ^

      /tmp/.tmpogcIvy/sdists-v9/pypi/lightgbm/4.7.0/insGUydc4PW9vJoP/src/external_libs/fmt/include/fmt/base.h(472):
      warning #128-D: loop is not reachable
          for (; n != 0; ++s1, ++s2, --n) {
          ^
                detected during:
                  instantiation of "auto fmt::v11::detail::compare(const Char *, const Char *, std::size_t)->int [with
      Char=char]" at line 591
                  instantiation of "auto fmt::v11::basic_string_view<Char>::compare(fmt::v11::basic_string_view<Char>)
      const->int [with Char=char]" at line 598
                  instantiation of class "fmt::v11::basic_string_view<Char> [with Char=char]" at line 2612
                  instantiation of "auto fmt::v11::basic_format_args<Context>::get_id(fmt::v11::basic_string_view<Char>)
      const->int [with Context=fmt::v11::context, Char=char]" at line 2655

      Remark: The warnings can be suppressed with "-diag-suppress <warning-number>"

      /tmp/.tmpogcIvy/sdists-v9/pypi/lightgbm/4.7.0/insGUydc4PW9vJoP/src/external_libs/fmt/include/fmt/format.h(2594):
      warning #2417-D: constexpr constructor calls non-constexpr function "fmt::v11::basic_memory_buffer<T, SIZE,
      Allocator>::basic_memory_buffer(const Allocator &) [with T=fmt::v11::detail::bigint::bigit, SIZE=32UL,
      Allocator=fmt::v11::detail::allocator<fmt::v11::detail::bigint::bigit>]"
          constexpr bigint() : exp_(0) {}
                                       ^

      /tmp/.tmpogcIvy/sdists-v9/pypi/lightgbm/4.7.0/insGUydc4PW9vJoP/src/include/LightGBM/cuda/cuda_split_info.hpp(54):
      warning #20014-D: calling a __host__ function from a __host__ __device__ function is not allowed
                { gpuAssert((cudaFree(cat_threshold)),
      "/tmp/.tmpogcIvy/sdists-v9/pypi/lightgbm/4.7.0/insGUydc4PW9vJoP/src/include/LightGBM/cuda/cuda_split_info.hpp",
      54); };
                           ^

      /tmp/.tmpogcIvy/sdists-v9/pypi/lightgbm/4.7.0/insGUydc4PW9vJoP/src/include/LightGBM/cuda/cuda_split_info.hpp(57):
      warning #20014-D: calling a __host__ function from a __host__ __device__ function is not allowed
                { gpuAssert((cudaFree(cat_threshold_real)),
      "/tmp/.tmpogcIvy/sdists-v9/pypi/lightgbm/4.7.0/insGUydc4PW9vJoP/src/include/LightGBM/cuda/cuda_split_info.hpp",
      57); };
                           ^

      /tmp/.tmpogcIvy/sdists-v9/pypi/lightgbm/4.7.0/insGUydc4PW9vJoP/src/external_libs/fmt/include/fmt/base.h(472):
      warning #128-D: loop is not reachable
          for (; n != 0; ++s1, ++s2, --n) {
          ^
                detected during:
                  instantiation of "auto fmt::v11::detail::compare(const Char *, const Char *, std::size_t)->int [with
      Char=char]" at line 591
                  instantiation of "auto fmt::v11::basic_string_view<Char>::compare(fmt::v11::basic_string_view<Char>)
      const->int [with Char=char]" at line 598
                  instantiation of class "fmt::v11::basic_string_view<Char> [with Char=char]" at line 2612
                  instantiation of "auto fmt::v11::basic_format_args<Context>::get_id(fmt::v11::basic_string_view<Char>)
      const->int [with Context=fmt::v11::context, Char=char]" at line 2655

      Remark: The warnings can be suppressed with "-diag-suppress <warning-number>"

      /tmp/.tmpogcIvy/sdists-v9/pypi/lightgbm/4.7.0/insGUydc4PW9vJoP/src/external_libs/fmt/include/fmt/format.h(2594):
      warning #2417-D: constexpr constructor calls non-constexpr function "fmt::v11::basic_memory_buffer<T, SIZE,
      Allocator>::basic_memory_buffer(const Allocator &) [with T=fmt::v11::detail::bigint::bigit, SIZE=32UL,
      Allocator=fmt::v11::detail::allocator<fmt::v11::detail::bigint::bigit>]"
          constexpr bigint() : exp_(0) {}
                                       ^

      /tmp/.tmpogcIvy/sdists-v9/pypi/lightgbm/4.7.0/insGUydc4PW9vJoP/src/include/LightGBM/cuda/cuda_split_info.hpp(54):
      warning #20014-D: calling a __host__ function from a __host__ __device__ function is not allowed
                { gpuAssert((cudaFree(cat_threshold)),
      "/tmp/.tmpogcIvy/sdists-v9/pypi/lightgbm/4.7.0/insGUydc4PW9vJoP/src/include/LightGBM/cuda/cuda_split_info.hpp",
      54); };
                           ^

      /tmp/.tmpogcIvy/sdists-v9/pypi/lightgbm/4.7.0/insGUydc4PW9vJoP/src/include/LightGBM/cuda/cuda_split_info.hpp(57):
      warning #20014-D: calling a __host__ function from a __host__ __device__ function is not allowed
                { gpuAssert((cudaFree(cat_threshold_real)),
      "/tmp/.tmpogcIvy/sdists-v9/pypi/lightgbm/4.7.0/insGUydc4PW9vJoP/src/include/LightGBM/cuda/cuda_split_info.hpp",
      57); };
                           ^

      [60/76] Building CUDA object CMakeFiles/lightgbm_objs.dir/src/boosting/cuda/cuda_score_updater.cu.o
      nvcc warning : Support for offline compilation for architectures prior to '<compute/sm/lto>_75' will be removed
      in a future release (Use -Wno-deprecated-gpu-targets to suppress warning).
      /tmp/.tmpogcIvy/sdists-v9/pypi/lightgbm/4.7.0/insGUydc4PW9vJoP/src/external_libs/fmt/include/fmt/base.h(472):
      warning #128-D: loop is not reachable
          for (; n != 0; ++s1, ++s2, --n) {
          ^
                detected during:
                  instantiation of "auto fmt::v11::detail::compare(const Char *, const Char *, std::size_t)->int [with
      Char=char]" at line 591
                  instantiation of "auto fmt::v11::basic_string_view<Char>::compare(fmt::v11::basic_string_view<Char>)
      const->int [with Char=char]" at line 598
                  instantiation of class "fmt::v11::basic_string_view<Char> [with Char=char]" at line 2612
                  instantiation of "auto fmt::v11::basic_format_args<Context>::get_id(fmt::v11::basic_string_view<Char>)
      const->int [with Context=fmt::v11::context, Char=char]" at line 2655

      Remark: The warnings can be suppressed with "-diag-suppress <warning-number>"

      /tmp/.tmpogcIvy/sdists-v9/pypi/lightgbm/4.7.0/insGUydc4PW9vJoP/src/external_libs/fmt/include/fmt/format.h(2594):
      warning #2417-D: constexpr constructor calls non-constexpr function "fmt::v11::basic_memory_buffer<T, SIZE,
      Allocator>::basic_memory_buffer(const Allocator &) [with T=fmt::v11::detail::bigint::bigit, SIZE=32UL,
      Allocator=fmt::v11::detail::allocator<fmt::v11::detail::bigint::bigit>]"
          constexpr bigint() : exp_(0) {}
                                       ^

      /tmp/.tmpogcIvy/sdists-v9/pypi/lightgbm/4.7.0/insGUydc4PW9vJoP/src/external_libs/fmt/include/fmt/base.h(472):
      warning #128-D: loop is not reachable
          for (; n != 0; ++s1, ++s2, --n) {
          ^
                detected during:
                  instantiation of "auto fmt::v11::detail::compare(const Char *, const Char *, std::size_t)->int [with
      Char=char]" at line 591
                  instantiation of "auto fmt::v11::basic_string_view<Char>::compare(fmt::v11::basic_string_view<Char>)
      const->int [with Char=char]" at line 598
                  instantiation of class "fmt::v11::basic_string_view<Char> [with Char=char]" at line 2612
                  instantiation of "auto fmt::v11::basic_format_args<Context>::get_id(fmt::v11::basic_string_view<Char>)
      const->int [with Context=fmt::v11::context, Char=char]" at line 2655

      Remark: The warnings can be suppressed with "-diag-suppress <warning-number>"

      /tmp/.tmpogcIvy/sdists-v9/pypi/lightgbm/4.7.0/insGUydc4PW9vJoP/src/external_libs/fmt/include/fmt/format.h(2594):
      warning #2417-D: constexpr constructor calls non-constexpr function "fmt::v11::basic_memory_buffer<T, SIZE,
      Allocator>::basic_memory_buffer(const Allocator &) [with T=fmt::v11::detail::bigint::bigit, SIZE=32UL,
      Allocator=fmt::v11::detail::allocator<fmt::v11::detail::bigint::bigit>]"
          constexpr bigint() : exp_(0) {}
                                       ^

      /tmp/.tmpogcIvy/sdists-v9/pypi/lightgbm/4.7.0/insGUydc4PW9vJoP/src/external_libs/fmt/include/fmt/base.h(472):
      warning #128-D: loop is not reachable
          for (; n != 0; ++s1, ++s2, --n) {
          ^
                detected during:
                  instantiation of "auto fmt::v11::detail::compare(const Char *, const Char *, std::size_t)->int [with
      Char=char]" at line 591
                  instantiation of "auto fmt::v11::basic_string_view<Char>::compare(fmt::v11::basic_string_view<Char>)
      const->int [with Char=char]" at line 598
                  instantiation of class "fmt::v11::basic_string_view<Char> [with Char=char]" at line 2612
                  instantiation of "auto fmt::v11::basic_format_args<Context>::get_id(fmt::v11::basic_string_view<Char>)
      const->int [with Context=fmt::v11::context, Char=char]" at line 2655

      Remark: The warnings can be suppressed with "-diag-suppress <warning-number>"

      /tmp/.tmpogcIvy/sdists-v9/pypi/lightgbm/4.7.0/insGUydc4PW9vJoP/src/external_libs/fmt/include/fmt/format.h(2594):
      warning #2417-D: constexpr constructor calls non-constexpr function "fmt::v11::basic_memory_buffer<T, SIZE,
      Allocator>::basic_memory_buffer(const Allocator &) [with T=fmt::v11::detail::bigint::bigit, SIZE=32UL,
      Allocator=fmt::v11::detail::allocator<fmt::v11::detail::bigint::bigit>]"
          constexpr bigint() : exp_(0) {}
                                       ^

      /tmp/.tmpogcIvy/sdists-v9/pypi/lightgbm/4.7.0/insGUydc4PW9vJoP/src/external_libs/fmt/include/fmt/base.h(472):
      warning #128-D: loop is not reachable
          for (; n != 0; ++s1, ++s2, --n) {
          ^
                detected during:
                  instantiation of "auto fmt::v11::detail::compare(const Char *, const Char *, std::size_t)->int [with
      Char=char]" at line 591
                  instantiation of "auto fmt::v11::basic_string_view<Char>::compare(fmt::v11::basic_string_view<Char>)
      const->int [with Char=char]" at line 598
                  instantiation of class "fmt::v11::basic_string_view<Char> [with Char=char]" at line 2612
                  instantiation of "auto fmt::v11::basic_format_args<Context>::get_id(fmt::v11::basic_string_view<Char>)
      const->int [with Context=fmt::v11::context, Char=char]" at line 2655

      Remark: The warnings can be suppressed with "-diag-suppress <warning-number>"

      /tmp/.tmpogcIvy/sdists-v9/pypi/lightgbm/4.7.0/insGUydc4PW9vJoP/src/external_libs/fmt/include/fmt/format.h(2594):
      warning #2417-D: constexpr constructor calls non-constexpr function "fmt::v11::basic_memory_buffer<T, SIZE,
      Allocator>::basic_memory_buffer(const Allocator &) [with T=fmt::v11::detail::bigint::bigit, SIZE=32UL,
      Allocator=fmt::v11::detail::allocator<fmt::v11::detail::bigint::bigit>]"
          constexpr bigint() : exp_(0) {}
                                       ^

      /tmp/.tmpogcIvy/sdists-v9/pypi/lightgbm/4.7.0/insGUydc4PW9vJoP/src/external_libs/fmt/include/fmt/base.h(472):
      warning #128-D: loop is not reachable
          for (; n != 0; ++s1, ++s2, --n) {
          ^
                detected during:
                  instantiation of "auto fmt::v11::detail::compare(const Char *, const Char *, std::size_t)->int [with
      Char=char]" at line 591
                  instantiation of "auto fmt::v11::basic_string_view<Char>::compare(fmt::v11::basic_string_view<Char>)
      const->int [with Char=char]" at line 598
                  instantiation of class "fmt::v11::basic_string_view<Char> [with Char=char]" at line 2612
                  instantiation of "auto fmt::v11::basic_format_args<Context>::get_id(fmt::v11::basic_string_view<Char>)
      const->int [with Context=fmt::v11::context, Char=char]" at line 2655

      Remark: The warnings can be suppressed with "-diag-suppress <warning-number>"

      /tmp/.tmpogcIvy/sdists-v9/pypi/lightgbm/4.7.0/insGUydc4PW9vJoP/src/external_libs/fmt/include/fmt/format.h(2594):
      warning #2417-D: constexpr constructor calls non-constexpr function "fmt::v11::basic_memory_buffer<T, SIZE,
      Allocator>::basic_memory_buffer(const Allocator &) [with T=fmt::v11::detail::bigint::bigit, SIZE=32UL,
      Allocator=fmt::v11::detail::allocator<fmt::v11::detail::bigint::bigit>]"
          constexpr bigint() : exp_(0) {}
                                       ^

      /tmp/.tmpogcIvy/sdists-v9/pypi/lightgbm/4.7.0/insGUydc4PW9vJoP/src/external_libs/fmt/include/fmt/base.h(472):
      warning #128-D: loop is not reachable
          for (; n != 0; ++s1, ++s2, --n) {
          ^
                detected during:
                  instantiation of "auto fmt::v11::detail::compare(const Char *, const Char *, std::size_t)->int [with
      Char=char]" at line 591
                  instantiation of "auto fmt::v11::basic_string_view<Char>::compare(fmt::v11::basic_string_view<Char>)
      const->int [with Char=char]" at line 598
                  instantiation of class "fmt::v11::basic_string_view<Char> [with Char=char]" at line 2612
                  instantiation of "auto fmt::v11::basic_format_args<Context>::get_id(fmt::v11::basic_string_view<Char>)
      const->int [with Context=fmt::v11::context, Char=char]" at line 2655

      Remark: The warnings can be suppressed with "-diag-suppress <warning-number>"

      /tmp/.tmpogcIvy/sdists-v9/pypi/lightgbm/4.7.0/insGUydc4PW9vJoP/src/external_libs/fmt/include/fmt/format.h(2594):
      warning #2417-D: constexpr constructor calls non-constexpr function "fmt::v11::basic_memory_buffer<T, SIZE,
      Allocator>::basic_memory_buffer(const Allocator &) [with T=fmt::v11::detail::bigint::bigit, SIZE=32UL,
      Allocator=fmt::v11::detail::allocator<fmt::v11::detail::bigint::bigit>]"
          constexpr bigint() : exp_(0) {}
                                       ^

      /tmp/.tmpogcIvy/sdists-v9/pypi/lightgbm/4.7.0/insGUydc4PW9vJoP/src/external_libs/fmt/include/fmt/base.h(472):
      warning #128-D: loop is not reachable
          for (; n != 0; ++s1, ++s2, --n) {
          ^
                detected during:
                  instantiation of "auto fmt::v11::detail::compare(const Char *, const Char *, std::size_t)->int [with
      Char=char]" at line 591
                  instantiation of "auto fmt::v11::basic_string_view<Char>::compare(fmt::v11::basic_string_view<Char>)
      const->int [with Char=char]" at line 598
                  instantiation of class "fmt::v11::basic_string_view<Char> [with Char=char]" at line 2612
                  instantiation of "auto fmt::v11::basic_format_args<Context>::get_id(fmt::v11::basic_string_view<Char>)
      const->int [with Context=fmt::v11::context, Char=char]" at line 2655

      Remark: The warnings can be suppressed with "-diag-suppress <warning-number>"

      /tmp/.tmpogcIvy/sdists-v9/pypi/lightgbm/4.7.0/insGUydc4PW9vJoP/src/external_libs/fmt/include/fmt/format.h(2594):
      warning #2417-D: constexpr constructor calls non-constexpr function "fmt::v11::basic_memory_buffer<T, SIZE,
      Allocator>::basic_memory_buffer(const Allocator &) [with T=fmt::v11::detail::bigint::bigit, SIZE=32UL,
      Allocator=fmt::v11::detail::allocator<fmt::v11::detail::bigint::bigit>]"
          constexpr bigint() : exp_(0) {}
                                       ^

      /tmp/.tmpogcIvy/sdists-v9/pypi/lightgbm/4.7.0/insGUydc4PW9vJoP/src/external_libs/fmt/include/fmt/base.h(472):
      warning #128-D: loop is not reachable
          for (; n != 0; ++s1, ++s2, --n) {
          ^
                detected during:
                  instantiation of "auto fmt::v11::detail::compare(const Char *, const Char *, std::size_t)->int [with
      Char=char]" at line 591
                  instantiation of "auto fmt::v11::basic_string_view<Char>::compare(fmt::v11::basic_string_view<Char>)
      const->int [with Char=char]" at line 598
                  instantiation of class "fmt::v11::basic_string_view<Char> [with Char=char]" at line 2612
                  instantiation of "auto fmt::v11::basic_format_args<Context>::get_id(fmt::v11::basic_string_view<Char>)
      const->int [with Context=fmt::v11::context, Char=char]" at line 2655

      Remark: The warnings can be suppressed with "-diag-suppress <warning-number>"

      /tmp/.tmpogcIvy/sdists-v9/pypi/lightgbm/4.7.0/insGUydc4PW9vJoP/src/external_libs/fmt/include/fmt/format.h(2594):
      warning #2417-D: constexpr constructor calls non-constexpr function "fmt::v11::basic_memory_buffer<T, SIZE,
      Allocator>::basic_memory_buffer(const Allocator &) [with T=fmt::v11::detail::bigint::bigit, SIZE=32UL,
      Allocator=fmt::v11::detail::allocator<fmt::v11::detail::bigint::bigit>]"
          constexpr bigint() : exp_(0) {}
                                       ^

      /tmp/.tmpogcIvy/sdists-v9/pypi/lightgbm/4.7.0/insGUydc4PW9vJoP/src/external_libs/fmt/include/fmt/base.h(472):
      warning #128-D: loop is not reachable
          for (; n != 0; ++s1, ++s2, --n) {
          ^
                detected during:
                  instantiation of "auto fmt::v11::detail::compare(const Char *, const Char *, std::size_t)->int [with
      Char=char]" at line 591
                  instantiation of "auto fmt::v11::basic_string_view<Char>::compare(fmt::v11::basic_string_view<Char>)
      const->int [with Char=char]" at line 598
                  instantiation of class "fmt::v11::basic_string_view<Char> [with Char=char]" at line 2612
                  instantiation of "auto fmt::v11::basic_format_args<Context>::get_id(fmt::v11::basic_string_view<Char>)
      const->int [with Context=fmt::v11::context, Char=char]" at line 2655

      Remark: The warnings can be suppressed with "-diag-suppress <warning-number>"

      /tmp/.tmpogcIvy/sdists-v9/pypi/lightgbm/4.7.0/insGUydc4PW9vJoP/src/external_libs/fmt/include/fmt/format.h(2594):
      warning #2417-D: constexpr constructor calls non-constexpr function "fmt::v11::basic_memory_buffer<T, SIZE,
      Allocator>::basic_memory_buffer(const Allocator &) [with T=fmt::v11::detail::bigint::bigit, SIZE=32UL,
      Allocator=fmt::v11::detail::allocator<fmt::v11::detail::bigint::bigit>]"
          constexpr bigint() : exp_(0) {}
                                       ^

      /tmp/.tmpogcIvy/sdists-v9/pypi/lightgbm/4.7.0/insGUydc4PW9vJoP/src/external_libs/fmt/include/fmt/base.h(472):
      warning #128-D: loop is not reachable
          for (; n != 0; ++s1, ++s2, --n) {
          ^
                detected during:
                  instantiation of "auto fmt::v11::detail::compare(const Char *, const Char *, std::size_t)->int [with
      Char=char]" at line 591
                  instantiation of "auto fmt::v11::basic_string_view<Char>::compare(fmt::v11::basic_string_view<Char>)
      const->int [with Char=char]" at line 598
                  instantiation of class "fmt::v11::basic_string_view<Char> [with Char=char]" at line 2612
                  instantiation of "auto fmt::v11::basic_format_args<Context>::get_id(fmt::v11::basic_string_view<Char>)
      const->int [with Context=fmt::v11::context, Char=char]" at line 2655

      Remark: The warnings can be suppressed with "-diag-suppress <warning-number>"

      /tmp/.tmpogcIvy/sdists-v9/pypi/lightgbm/4.7.0/insGUydc4PW9vJoP/src/external_libs/fmt/include/fmt/format.h(2594):
      warning #2417-D: constexpr constructor calls non-constexpr function "fmt::v11::basic_memory_buffer<T, SIZE,
      Allocator>::basic_memory_buffer(const Allocator &) [with T=fmt::v11::detail::bigint::bigit, SIZE=32UL,
      Allocator=fmt::v11::detail::allocator<fmt::v11::detail::bigint::bigit>]"
          constexpr bigint() : exp_(0) {}
                                       ^

      [61/76] Building CUDA object CMakeFiles/lightgbm_objs.dir/src/cuda/cuda_algorithms.cu.o
      nvcc warning : Support for offline compilation for architectures prior to '<compute/sm/lto>_75' will be removed
      in a future release (Use -Wno-deprecated-gpu-targets to suppress warning).
      /tmp/.tmpogcIvy/sdists-v9/pypi/lightgbm/4.7.0/insGUydc4PW9vJoP/src/external_libs/fmt/include/fmt/base.h(472):
      warning #128-D: loop is not reachable
          for (; n != 0; ++s1, ++s2, --n) {
          ^
                detected during:
                  instantiation of "auto fmt::v11::detail::compare(const Char *, const Char *, std::size_t)->int [with
      Char=char]" at line 591
                  instantiation of "auto fmt::v11::basic_string_view<Char>::compare(fmt::v11::basic_string_view<Char>)
      const->int [with Char=char]" at line 598
                  instantiation of class "fmt::v11::basic_string_view<Char> [with Char=char]" at line 2612
                  instantiation of "auto fmt::v11::basic_format_args<Context>::get_id(fmt::v11::basic_string_view<Char>)
      const->int [with Context=fmt::v11::context, Char=char]" at line 2655

      Remark: The warnings can be suppressed with "-diag-suppress <warning-number>"

      /tmp/.tmpogcIvy/sdists-v9/pypi/lightgbm/4.7.0/insGUydc4PW9vJoP/src/external_libs/fmt/include/fmt/format.h(2594):
      warning #2417-D: constexpr constructor calls non-constexpr function "fmt::v11::basic_memory_buffer<T, SIZE,
      Allocator>::basic_memory_buffer(const Allocator &) [with T=fmt::v11::detail::bigint::bigit, SIZE=32UL,
      Allocator=fmt::v11::detail::allocator<fmt::v11::detail::bigint::bigit>]"
          constexpr bigint() : exp_(0) {}
                                       ^

      /tmp/.tmpogcIvy/sdists-v9/pypi/lightgbm/4.7.0/insGUydc4PW9vJoP/src/external_libs/fmt/include/fmt/base.h(472):
      warning #128-D: loop is not reachable
          for (; n != 0; ++s1, ++s2, --n) {
          ^
                detected during:
                  instantiation of "auto fmt::v11::detail::compare(const Char *, const Char *, std::size_t)->int [with
      Char=char]" at line 591
                  instantiation of "auto fmt::v11::basic_string_view<Char>::compare(fmt::v11::basic_string_view<Char>)
      const->int [with Char=char]" at line 598
                  instantiation of class "fmt::v11::basic_string_view<Char> [with Char=char]" at line 2612
                  instantiation of "auto fmt::v11::basic_format_args<Context>::get_id(fmt::v11::basic_string_view<Char>)
      const->int [with Context=fmt::v11::context, Char=char]" at line 2655

      Remark: The warnings can be suppressed with "-diag-suppress <warning-number>"

      /tmp/.tmpogcIvy/sdists-v9/pypi/lightgbm/4.7.0/insGUydc4PW9vJoP/src/external_libs/fmt/include/fmt/format.h(2594):
      warning #2417-D: constexpr constructor calls non-constexpr function "fmt::v11::basic_memory_buffer<T, SIZE,
      Allocator>::basic_memory_buffer(const Allocator &) [with T=fmt::v11::detail::bigint::bigit, SIZE=32UL,
      Allocator=fmt::v11::detail::allocator<fmt::v11::detail::bigint::bigit>]"
          constexpr bigint() : exp_(0) {}
                                       ^

      /tmp/.tmpogcIvy/sdists-v9/pypi/lightgbm/4.7.0/insGUydc4PW9vJoP/src/external_libs/fmt/include/fmt/base.h(472):
      warning #128-D: loop is not reachable
          for (; n != 0; ++s1, ++s2, --n) {
          ^
                detected during:
                  instantiation of "auto fmt::v11::detail::compare(const Char *, const Char *, std::size_t)->int [with
      Char=char]" at line 591
                  instantiation of "auto fmt::v11::basic_string_view<Char>::compare(fmt::v11::basic_string_view<Char>)
      const->int [with Char=char]" at line 598
                  instantiation of class "fmt::v11::basic_string_view<Char> [with Char=char]" at line 2612
                  instantiation of "auto fmt::v11::basic_format_args<Context>::get_id(fmt::v11::basic_string_view<Char>)
      const->int [with Context=fmt::v11::context, Char=char]" at line 2655

      Remark: The warnings can be suppressed with "-diag-suppress <warning-number>"

      /tmp/.tmpogcIvy/sdists-v9/pypi/lightgbm/4.7.0/insGUydc4PW9vJoP/src/external_libs/fmt/include/fmt/format.h(2594):
      warning #2417-D: constexpr constructor calls non-constexpr function "fmt::v11::basic_memory_buffer<T, SIZE,
      Allocator>::basic_memory_buffer(const Allocator &) [with T=fmt::v11::detail::bigint::bigit, SIZE=32UL,
      Allocator=fmt::v11::detail::allocator<fmt::v11::detail::bigint::bigit>]"
          constexpr bigint() : exp_(0) {}
                                       ^

      /tmp/.tmpogcIvy/sdists-v9/pypi/lightgbm/4.7.0/insGUydc4PW9vJoP/src/external_libs/fmt/include/fmt/base.h(472):
      warning #128-D: loop is not reachable
          for (; n != 0; ++s1, ++s2, --n) {
          ^
                detected during:
                  instantiation of "auto fmt::v11::detail::compare(const Char *, const Char *, std::size_t)->int [with
      Char=char]" at line 591
                  instantiation of "auto fmt::v11::basic_string_view<Char>::compare(fmt::v11::basic_string_view<Char>)
      const->int [with Char=char]" at line 598
                  instantiation of class "fmt::v11::basic_string_view<Char> [with Char=char]" at line 2612
                  instantiation of "auto fmt::v11::basic_format_args<Context>::get_id(fmt::v11::basic_string_view<Char>)
      const->int [with Context=fmt::v11::context, Char=char]" at line 2655

      Remark: The warnings can be suppressed with "-diag-suppress <warning-number>"

      /tmp/.tmpogcIvy/sdists-v9/pypi/lightgbm/4.7.0/insGUydc4PW9vJoP/src/external_libs/fmt/include/fmt/format.h(2594):
      warning #2417-D: constexpr constructor calls non-constexpr function "fmt::v11::basic_memory_buffer<T, SIZE,
      Allocator>::basic_memory_buffer(const Allocator &) [with T=fmt::v11::detail::bigint::bigit, SIZE=32UL,
      Allocator=fmt::v11::detail::allocator<fmt::v11::detail::bigint::bigit>]"
          constexpr bigint() : exp_(0) {}
                                       ^

      /tmp/.tmpogcIvy/sdists-v9/pypi/lightgbm/4.7.0/insGUydc4PW9vJoP/src/external_libs/fmt/include/fmt/base.h(472):
      warning #128-D: loop is not reachable
          for (; n != 0; ++s1, ++s2, --n) {
          ^
                detected during:
                  instantiation of "auto fmt::v11::detail::compare(const Char *, const Char *, std::size_t)->int [with
      Char=char]" at line 591
                  instantiation of "auto fmt::v11::basic_string_view<Char>::compare(fmt::v11::basic_string_view<Char>)
      const->int [with Char=char]" at line 598
                  instantiation of class "fmt::v11::basic_string_view<Char> [with Char=char]" at line 2612
                  instantiation of "auto fmt::v11::basic_format_args<Context>::get_id(fmt::v11::basic_string_view<Char>)
      const->int [with Context=fmt::v11::context, Char=char]" at line 2655

      Remark: The warnings can be suppressed with "-diag-suppress <warning-number>"

      /tmp/.tmpogcIvy/sdists-v9/pypi/lightgbm/4.7.0/insGUydc4PW9vJoP/src/external_libs/fmt/include/fmt/format.h(2594):
      warning #2417-D: constexpr constructor calls non-constexpr function "fmt::v11::basic_memory_buffer<T, SIZE,
      Allocator>::basic_memory_buffer(const Allocator &) [with T=fmt::v11::detail::bigint::bigit, SIZE=32UL,
      Allocator=fmt::v11::detail::allocator<fmt::v11::detail::bigint::bigit>]"
          constexpr bigint() : exp_(0) {}
                                       ^

      /tmp/.tmpogcIvy/sdists-v9/pypi/lightgbm/4.7.0/insGUydc4PW9vJoP/src/external_libs/fmt/include/fmt/base.h(472):
      warning #128-D: loop is not reachable
          for (; n != 0; ++s1, ++s2, --n) {
          ^
                detected during:
                  instantiation of "auto fmt::v11::detail::compare(const Char *, const Char *, std::size_t)->int [with
      Char=char]" at line 591
                  instantiation of "auto fmt::v11::basic_string_view<Char>::compare(fmt::v11::basic_string_view<Char>)
      const->int [with Char=char]" at line 598
                  instantiation of class "fmt::v11::basic_string_view<Char> [with Char=char]" at line 2612
                  instantiation of "auto fmt::v11::basic_format_args<Context>::get_id(fmt::v11::basic_string_view<Char>)
      const->int [with Context=fmt::v11::context, Char=char]" at line 2655

      Remark: The warnings can be suppressed with "-diag-suppress <warning-number>"

      /tmp/.tmpogcIvy/sdists-v9/pypi/lightgbm/4.7.0/insGUydc4PW9vJoP/src/external_libs/fmt/include/fmt/format.h(2594):
      warning #2417-D: constexpr constructor calls non-constexpr function "fmt::v11::basic_memory_buffer<T, SIZE,
      Allocator>::basic_memory_buffer(const Allocator &) [with T=fmt::v11::detail::bigint::bigit, SIZE=32UL,
      Allocator=fmt::v11::detail::allocator<fmt::v11::detail::bigint::bigit>]"
          constexpr bigint() : exp_(0) {}
                                       ^

      /tmp/.tmpogcIvy/sdists-v9/pypi/lightgbm/4.7.0/insGUydc4PW9vJoP/src/external_libs/fmt/include/fmt/base.h(472):
      warning #128-D: loop is not reachable
          for (; n != 0; ++s1, ++s2, --n) {
          ^
                detected during:
                  instantiation of "auto fmt::v11::detail::compare(const Char *, const Char *, std::size_t)->int [with
      Char=char]" at line 591
                  instantiation of "auto fmt::v11::basic_string_view<Char>::compare(fmt::v11::basic_string_view<Char>)
      const->int [with Char=char]" at line 598
                  instantiation of class "fmt::v11::basic_string_view<Char> [with Char=char]" at line 2612
                  instantiation of "auto fmt::v11::basic_format_args<Context>::get_id(fmt::v11::basic_string_view<Char>)
      const->int [with Context=fmt::v11::context, Char=char]" at line 2655

      Remark: The warnings can be suppressed with "-diag-suppress <warning-number>"

      /tmp/.tmpogcIvy/sdists-v9/pypi/lightgbm/4.7.0/insGUydc4PW9vJoP/src/external_libs/fmt/include/fmt/format.h(2594):
      warning #2417-D: constexpr constructor calls non-constexpr function "fmt::v11::basic_memory_buffer<T, SIZE,
      Allocator>::basic_memory_buffer(const Allocator &) [with T=fmt::v11::detail::bigint::bigit, SIZE=32UL,
      Allocator=fmt::v11::detail::allocator<fmt::v11::detail::bigint::bigit>]"
          constexpr bigint() : exp_(0) {}
                                       ^

      /tmp/.tmpogcIvy/sdists-v9/pypi/lightgbm/4.7.0/insGUydc4PW9vJoP/src/external_libs/fmt/include/fmt/base.h(472):
      warning #128-D: loop is not reachable
          for (; n != 0; ++s1, ++s2, --n) {
          ^
                detected during:
                  instantiation of "auto fmt::v11::detail::compare(const Char *, const Char *, std::size_t)->int [with
      Char=char]" at line 591
                  instantiation of "auto fmt::v11::basic_string_view<Char>::compare(fmt::v11::basic_string_view<Char>)
      const->int [with Char=char]" at line 598
                  instantiation of class "fmt::v11::basic_string_view<Char> [with Char=char]" at line 2612
                  instantiation of "auto fmt::v11::basic_format_args<Context>::get_id(fmt::v11::basic_string_view<Char>)
      const->int [with Context=fmt::v11::context, Char=char]" at line 2655

      Remark: The warnings can be suppressed with "-diag-suppress <warning-number>"

      /tmp/.tmpogcIvy/sdists-v9/pypi/lightgbm/4.7.0/insGUydc4PW9vJoP/src/external_libs/fmt/include/fmt/format.h(2594):
      warning #2417-D: constexpr constructor calls non-constexpr function "fmt::v11::basic_memory_buffer<T, SIZE,
      Allocator>::basic_memory_buffer(const Allocator &) [with T=fmt::v11::detail::bigint::bigit, SIZE=32UL,
      Allocator=fmt::v11::detail::allocator<fmt::v11::detail::bigint::bigit>]"
          constexpr bigint() : exp_(0) {}
                                       ^

      /tmp/.tmpogcIvy/sdists-v9/pypi/lightgbm/4.7.0/insGUydc4PW9vJoP/src/external_libs/fmt/include/fmt/base.h(472):
      warning #128-D: loop is not reachable
          for (; n != 0; ++s1, ++s2, --n) {
          ^
                detected during:
                  instantiation of "auto fmt::v11::detail::compare(const Char *, const Char *, std::size_t)->int [with
      Char=char]" at line 591
                  instantiation of "auto fmt::v11::basic_string_view<Char>::compare(fmt::v11::basic_string_view<Char>)
      const->int [with Char=char]" at line 598
                  instantiation of class "fmt::v11::basic_string_view<Char> [with Char=char]" at line 2612
                  instantiation of "auto fmt::v11::basic_format_args<Context>::get_id(fmt::v11::basic_string_view<Char>)
      const->int [with Context=fmt::v11::context, Char=char]" at line 2655

      Remark: The warnings can be suppressed with "-diag-suppress <warning-number>"

      /tmp/.tmpogcIvy/sdists-v9/pypi/lightgbm/4.7.0/insGUydc4PW9vJoP/src/external_libs/fmt/include/fmt/format.h(2594):
      warning #2417-D: constexpr constructor calls non-constexpr function "fmt::v11::basic_memory_buffer<T, SIZE,
      Allocator>::basic_memory_buffer(const Allocator &) [with T=fmt::v11::detail::bigint::bigit, SIZE=32UL,
      Allocator=fmt::v11::detail::allocator<fmt::v11::detail::bigint::bigit>]"
          constexpr bigint() : exp_(0) {}
                                       ^

      /tmp/.tmpogcIvy/sdists-v9/pypi/lightgbm/4.7.0/insGUydc4PW9vJoP/src/external_libs/fmt/include/fmt/base.h(472):
      warning #128-D: loop is not reachable
          for (; n != 0; ++s1, ++s2, --n) {
          ^
                detected during:
                  instantiation of "auto fmt::v11::detail::compare(const Char *, const Char *, std::size_t)->int [with
      Char=char]" at line 591
                  instantiation of "auto fmt::v11::basic_string_view<Char>::compare(fmt::v11::basic_string_view<Char>)
      const->int [with Char=char]" at line 598
                  instantiation of class "fmt::v11::basic_string_view<Char> [with Char=char]" at line 2612
                  instantiation of "auto fmt::v11::basic_format_args<Context>::get_id(fmt::v11::basic_string_view<Char>)
      const->int [with Context=fmt::v11::context, Char=char]" at line 2655

      Remark: The warnings can be suppressed with "-diag-suppress <warning-number>"

      /tmp/.tmpogcIvy/sdists-v9/pypi/lightgbm/4.7.0/insGUydc4PW9vJoP/src/external_libs/fmt/include/fmt/format.h(2594):
      warning #2417-D: constexpr constructor calls non-constexpr function "fmt::v11::basic_memory_buffer<T, SIZE,
      Allocator>::basic_memory_buffer(const Allocator &) [with T=fmt::v11::detail::bigint::bigit, SIZE=32UL,
      Allocator=fmt::v11::detail::allocator<fmt::v11::detail::bigint::bigit>]"
          constexpr bigint() : exp_(0) {}
                                       ^

      [62/76] Building CUDA object CMakeFiles/lightgbm_objs.dir/src/objective/cuda/cuda_binary_objective.cu.o
      nvcc warning : Support for offline compilation for architectures prior to '<compute/sm/lto>_75' will be removed
      in a future release (Use -Wno-deprecated-gpu-targets to suppress warning).
      /tmp/.tmpogcIvy/sdists-v9/pypi/lightgbm/4.7.0/insGUydc4PW9vJoP/src/external_libs/fmt/include/fmt/base.h(472):
      warning #128-D: loop is not reachable
          for (; n != 0; ++s1, ++s2, --n) {
          ^
                detected during:
                  instantiation of "auto fmt::v11::detail::compare(const Char *, const Char *, std::size_t)->int [with
      Char=char]" at line 591
                  instantiation of "auto fmt::v11::basic_string_view<Char>::compare(fmt::v11::basic_string_view<Char>)
      const->int [with Char=char]" at line 598
                  instantiation of class "fmt::v11::basic_string_view<Char> [with Char=char]" at line 2612
                  instantiation of "auto fmt::v11::basic_format_args<Context>::get_id(fmt::v11::basic_string_view<Char>)
      const->int [with Context=fmt::v11::context, Char=char]" at line 2655

      Remark: The warnings can be suppressed with "-diag-suppress <warning-number>"

      /tmp/.tmpogcIvy/sdists-v9/pypi/lightgbm/4.7.0/insGUydc4PW9vJoP/src/external_libs/fmt/include/fmt/format.h(2594):
      warning #2417-D: constexpr constructor calls non-constexpr function "fmt::v11::basic_memory_buffer<T, SIZE,
      Allocator>::basic_memory_buffer(const Allocator &) [with T=fmt::v11::detail::bigint::bigit, SIZE=32UL,
      Allocator=fmt::v11::detail::allocator<fmt::v11::detail::bigint::bigit>]"
          constexpr bigint() : exp_(0) {}
                                       ^

      /tmp/.tmpogcIvy/sdists-v9/pypi/lightgbm/4.7.0/insGUydc4PW9vJoP/src/external_libs/fmt/include/fmt/base.h(472):
      warning #128-D: loop is not reachable
          for (; n != 0; ++s1, ++s2, --n) {
          ^
                detected during:
                  instantiation of "auto fmt::v11::detail::compare(const Char *, const Char *, std::size_t)->int [with
      Char=char]" at line 591
                  instantiation of "auto fmt::v11::basic_string_view<Char>::compare(fmt::v11::basic_string_view<Char>)
      const->int [with Char=char]" at line 598
                  instantiation of class "fmt::v11::basic_string_view<Char> [with Char=char]" at line 2612
                  instantiation of "auto fmt::v11::basic_format_args<Context>::get_id(fmt::v11::basic_string_view<Char>)
      const->int [with Context=fmt::v11::context, Char=char]" at line 2655

      Remark: The warnings can be suppressed with "-diag-suppress <warning-number>"

      /tmp/.tmpogcIvy/sdists-v9/pypi/lightgbm/4.7.0/insGUydc4PW9vJoP/src/external_libs/fmt/include/fmt/format.h(2594):
      warning #2417-D: constexpr constructor calls non-constexpr function "fmt::v11::basic_memory_buffer<T, SIZE,
      Allocator>::basic_memory_buffer(const Allocator &) [with T=fmt::v11::detail::bigint::bigit, SIZE=32UL,
      Allocator=fmt::v11::detail::allocator<fmt::v11::detail::bigint::bigit>]"
          constexpr bigint() : exp_(0) {}
                                       ^

      /tmp/.tmpogcIvy/sdists-v9/pypi/lightgbm/4.7.0/insGUydc4PW9vJoP/src/external_libs/fmt/include/fmt/base.h(472):
      warning #128-D: loop is not reachable
          for (; n != 0; ++s1, ++s2, --n) {
          ^
                detected during:
                  instantiation of "auto fmt::v11::detail::compare(const Char *, const Char *, std::size_t)->int [with
      Char=char]" at line 591
                  instantiation of "auto fmt::v11::basic_string_view<Char>::compare(fmt::v11::basic_string_view<Char>)
      const->int [with Char=char]" at line 598
                  instantiation of class "fmt::v11::basic_string_view<Char> [with Char=char]" at line 2612
                  instantiation of "auto fmt::v11::basic_format_args<Context>::get_id(fmt::v11::basic_string_view<Char>)
      const->int [with Context=fmt::v11::context, Char=char]" at line 2655

      Remark: The warnings can be suppressed with "-diag-suppress <warning-number>"

      /tmp/.tmpogcIvy/sdists-v9/pypi/lightgbm/4.7.0/insGUydc4PW9vJoP/src/external_libs/fmt/include/fmt/format.h(2594):
      warning #2417-D: constexpr constructor calls non-constexpr function "fmt::v11::basic_memory_buffer<T, SIZE,
      Allocator>::basic_memory_buffer(const Allocator &) [with T=fmt::v11::detail::bigint::bigit, SIZE=32UL,
      Allocator=fmt::v11::detail::allocator<fmt::v11::detail::bigint::bigit>]"
          constexpr bigint() : exp_(0) {}
                                       ^

      /tmp/.tmpogcIvy/sdists-v9/pypi/lightgbm/4.7.0/insGUydc4PW9vJoP/src/external_libs/fmt/include/fmt/base.h(472):
      warning #128-D: loop is not reachable
          for (; n != 0; ++s1, ++s2, --n) {
          ^
                detected during:
                  instantiation of "auto fmt::v11::detail::compare(const Char *, const Char *, std::size_t)->int [with
      Char=char]" at line 591
                  instantiation of "auto fmt::v11::basic_string_view<Char>::compare(fmt::v11::basic_string_view<Char>)
      const->int [with Char=char]" at line 598
                  instantiation of class "fmt::v11::basic_string_view<Char> [with Char=char]" at line 2612
                  instantiation of "auto fmt::v11::basic_format_args<Context>::get_id(fmt::v11::basic_string_view<Char>)
      const->int [with Context=fmt::v11::context, Char=char]" at line 2655

      Remark: The warnings can be suppressed with "-diag-suppress <warning-number>"

      /tmp/.tmpogcIvy/sdists-v9/pypi/lightgbm/4.7.0/insGUydc4PW9vJoP/src/external_libs/fmt/include/fmt/format.h(2594):
      warning #2417-D: constexpr constructor calls non-constexpr function "fmt::v11::basic_memory_buffer<T, SIZE,
      Allocator>::basic_memory_buffer(const Allocator &) [with T=fmt::v11::detail::bigint::bigit, SIZE=32UL,
      Allocator=fmt::v11::detail::allocator<fmt::v11::detail::bigint::bigit>]"
          constexpr bigint() : exp_(0) {}
                                       ^

      /tmp/.tmpogcIvy/sdists-v9/pypi/lightgbm/4.7.0/insGUydc4PW9vJoP/src/external_libs/fmt/include/fmt/base.h(472):
      warning #128-D: loop is not reachable
          for (; n != 0; ++s1, ++s2, --n) {
          ^
                detected during:
                  instantiation of "auto fmt::v11::detail::compare(const Char *, const Char *, std::size_t)->int [with
      Char=char]" at line 591
                  instantiation of "auto fmt::v11::basic_string_view<Char>::compare(fmt::v11::basic_string_view<Char>)
      const->int [with Char=char]" at line 598
                  instantiation of class "fmt::v11::basic_string_view<Char> [with Char=char]" at line 2612
                  instantiation of "auto fmt::v11::basic_format_args<Context>::get_id(fmt::v11::basic_string_view<Char>)
      const->int [with Context=fmt::v11::context, Char=char]" at line 2655

      Remark: The warnings can be suppressed with "-diag-suppress <warning-number>"

      /tmp/.tmpogcIvy/sdists-v9/pypi/lightgbm/4.7.0/insGUydc4PW9vJoP/src/external_libs/fmt/include/fmt/format.h(2594):
      warning #2417-D: constexpr constructor calls non-constexpr function "fmt::v11::basic_memory_buffer<T, SIZE,
      Allocator>::basic_memory_buffer(const Allocator &) [with T=fmt::v11::detail::bigint::bigit, SIZE=32UL,
      Allocator=fmt::v11::detail::allocator<fmt::v11::detail::bigint::bigit>]"
          constexpr bigint() : exp_(0) {}
                                       ^

      /tmp/.tmpogcIvy/sdists-v9/pypi/lightgbm/4.7.0/insGUydc4PW9vJoP/src/external_libs/fmt/include/fmt/base.h(472):
      warning #128-D: loop is not reachable
          for (; n != 0; ++s1, ++s2, --n) {
          ^
                detected during:
                  instantiation of "auto fmt::v11::detail::compare(const Char *, const Char *, std::size_t)->int [with
      Char=char]" at line 591
                  instantiation of "auto fmt::v11::basic_string_view<Char>::compare(fmt::v11::basic_string_view<Char>)
      const->int [with Char=char]" at line 598
                  instantiation of class "fmt::v11::basic_string_view<Char> [with Char=char]" at line 2612
                  instantiation of "auto fmt::v11::basic_format_args<Context>::get_id(fmt::v11::basic_string_view<Char>)
      const->int [with Context=fmt::v11::context, Char=char]" at line 2655

      Remark: The warnings can be suppressed with "-diag-suppress <warning-number>"

      /tmp/.tmpogcIvy/sdists-v9/pypi/lightgbm/4.7.0/insGUydc4PW9vJoP/src/external_libs/fmt/include/fmt/format.h(2594):
      warning #2417-D: constexpr constructor calls non-constexpr function "fmt::v11::basic_memory_buffer<T, SIZE,
      Allocator>::basic_memory_buffer(const Allocator &) [with T=fmt::v11::detail::bigint::bigit, SIZE=32UL,
      Allocator=fmt::v11::detail::allocator<fmt::v11::detail::bigint::bigit>]"
          constexpr bigint() : exp_(0) {}
                                       ^

      /tmp/.tmpogcIvy/sdists-v9/pypi/lightgbm/4.7.0/insGUydc4PW9vJoP/src/external_libs/fmt/include/fmt/base.h(472):
      warning #128-D: loop is not reachable
          for (; n != 0; ++s1, ++s2, --n) {
          ^
                detected during:
                  instantiation of "auto fmt::v11::detail::compare(const Char *, const Char *, std::size_t)->int [with
      Char=char]" at line 591
                  instantiation of "auto fmt::v11::basic_string_view<Char>::compare(fmt::v11::basic_string_view<Char>)
      const->int [with Char=char]" at line 598
                  instantiation of class "fmt::v11::basic_string_view<Char> [with Char=char]" at line 2612
                  instantiation of "auto fmt::v11::basic_format_args<Context>::get_id(fmt::v11::basic_string_view<Char>)
      const->int [with Context=fmt::v11::context, Char=char]" at line 2655

      Remark: The warnings can be suppressed with "-diag-suppress <warning-number>"

      /tmp/.tmpogcIvy/sdists-v9/pypi/lightgbm/4.7.0/insGUydc4PW9vJoP/src/external_libs/fmt/include/fmt/format.h(2594):
      warning #2417-D: constexpr constructor calls non-constexpr function "fmt::v11::basic_memory_buffer<T, SIZE,
      Allocator>::basic_memory_buffer(const Allocator &) [with T=fmt::v11::detail::bigint::bigit, SIZE=32UL,
      Allocator=fmt::v11::detail::allocator<fmt::v11::detail::bigint::bigit>]"
          constexpr bigint() : exp_(0) {}
                                       ^

      /tmp/.tmpogcIvy/sdists-v9/pypi/lightgbm/4.7.0/insGUydc4PW9vJoP/src/external_libs/fmt/include/fmt/base.h(472):
      warning #128-D: loop is not reachable
          for (; n != 0; ++s1, ++s2, --n) {
          ^
                detected during:
                  instantiation of "auto fmt::v11::detail::compare(const Char *, const Char *, std::size_t)->int [with
      Char=char]" at line 591
                  instantiation of "auto fmt::v11::basic_string_view<Char>::compare(fmt::v11::basic_string_view<Char>)
      const->int [with Char=char]" at line 598
                  instantiation of class "fmt::v11::basic_string_view<Char> [with Char=char]" at line 2612
                  instantiation of "auto fmt::v11::basic_format_args<Context>::get_id(fmt::v11::basic_string_view<Char>)
      const->int [with Context=fmt::v11::context, Char=char]" at line 2655

      Remark: The warnings can be suppressed with "-diag-suppress <warning-number>"

      /tmp/.tmpogcIvy/sdists-v9/pypi/lightgbm/4.7.0/insGUydc4PW9vJoP/src/external_libs/fmt/include/fmt/format.h(2594):
      warning #2417-D: constexpr constructor calls non-constexpr function "fmt::v11::basic_memory_buffer<T, SIZE,
      Allocator>::basic_memory_buffer(const Allocator &) [with T=fmt::v11::detail::bigint::bigit, SIZE=32UL,
      Allocator=fmt::v11::detail::allocator<fmt::v11::detail::bigint::bigit>]"
          constexpr bigint() : exp_(0) {}
                                       ^

      /tmp/.tmpogcIvy/sdists-v9/pypi/lightgbm/4.7.0/insGUydc4PW9vJoP/src/external_libs/fmt/include/fmt/base.h(472):
      warning #128-D: loop is not reachable
          for (; n != 0; ++s1, ++s2, --n) {
          ^
                detected during:
                  instantiation of "auto fmt::v11::detail::compare(const Char *, const Char *, std::size_t)->int [with
      Char=char]" at line 591
                  instantiation of "auto fmt::v11::basic_string_view<Char>::compare(fmt::v11::basic_string_view<Char>)
      const->int [with Char=char]" at line 598
                  instantiation of class "fmt::v11::basic_string_view<Char> [with Char=char]" at line 2612
                  instantiation of "auto fmt::v11::basic_format_args<Context>::get_id(fmt::v11::basic_string_view<Char>)
      const->int [with Context=fmt::v11::context, Char=char]" at line 2655

      Remark: The warnings can be suppressed with "-diag-suppress <warning-number>"

      /tmp/.tmpogcIvy/sdists-v9/pypi/lightgbm/4.7.0/insGUydc4PW9vJoP/src/external_libs/fmt/include/fmt/format.h(2594):
      warning #2417-D: constexpr constructor calls non-constexpr function "fmt::v11::basic_memory_buffer<T, SIZE,
      Allocator>::basic_memory_buffer(const Allocator &) [with T=fmt::v11::detail::bigint::bigit, SIZE=32UL,
      Allocator=fmt::v11::detail::allocator<fmt::v11::detail::bigint::bigit>]"
          constexpr bigint() : exp_(0) {}
                                       ^

      /tmp/.tmpogcIvy/sdists-v9/pypi/lightgbm/4.7.0/insGUydc4PW9vJoP/src/external_libs/fmt/include/fmt/base.h(472):
      warning #128-D: loop is not reachable
          for (; n != 0; ++s1, ++s2, --n) {
          ^
                detected during:
                  instantiation of "auto fmt::v11::detail::compare(const Char *, const Char *, std::size_t)->int [with
      Char=char]" at line 591
                  instantiation of "auto fmt::v11::basic_string_view<Char>::compare(fmt::v11::basic_string_view<Char>)
      const->int [with Char=char]" at line 598
                  instantiation of class "fmt::v11::basic_string_view<Char> [with Char=char]" at line 2612
                  instantiation of "auto fmt::v11::basic_format_args<Context>::get_id(fmt::v11::basic_string_view<Char>)
      const->int [with Context=fmt::v11::context, Char=char]" at line 2655

      Remark: The warnings can be suppressed with "-diag-suppress <warning-number>"

      /tmp/.tmpogcIvy/sdists-v9/pypi/lightgbm/4.7.0/insGUydc4PW9vJoP/src/external_libs/fmt/include/fmt/format.h(2594):
      warning #2417-D: constexpr constructor calls non-constexpr function "fmt::v11::basic_memory_buffer<T, SIZE,
      Allocator>::basic_memory_buffer(const Allocator &) [with T=fmt::v11::detail::bigint::bigit, SIZE=32UL,
      Allocator=fmt::v11::detail::allocator<fmt::v11::detail::bigint::bigit>]"
          constexpr bigint() : exp_(0) {}
                                       ^

      [63/76] Building CUDA object CMakeFiles/lightgbm_objs.dir/src/objective/cuda/cuda_multiclass_objective.cu.o
      nvcc warning : Support for offline compilation for architectures prior to '<compute/sm/lto>_75' will be removed
      in a future release (Use -Wno-deprecated-gpu-targets to suppress warning).
      /tmp/.tmpogcIvy/sdists-v9/pypi/lightgbm/4.7.0/insGUydc4PW9vJoP/src/external_libs/fmt/include/fmt/base.h(472):
      warning #128-D: loop is not reachable
          for (; n != 0; ++s1, ++s2, --n) {
          ^
                detected during:
                  instantiation of "auto fmt::v11::detail::compare(const Char *, const Char *, std::size_t)->int [with
      Char=char]" at line 591
                  instantiation of "auto fmt::v11::basic_string_view<Char>::compare(fmt::v11::basic_string_view<Char>)
      const->int [with Char=char]" at line 598
                  instantiation of class "fmt::v11::basic_string_view<Char> [with Char=char]" at line 2612
                  instantiation of "auto fmt::v11::basic_format_args<Context>::get_id(fmt::v11::basic_string_view<Char>)
      const->int [with Context=fmt::v11::context, Char=char]" at line 2655

      Remark: The warnings can be suppressed with "-diag-suppress <warning-number>"

      /tmp/.tmpogcIvy/sdists-v9/pypi/lightgbm/4.7.0/insGUydc4PW9vJoP/src/external_libs/fmt/include/fmt/format.h(2594):
      warning #2417-D: constexpr constructor calls non-constexpr function "fmt::v11::basic_memory_buffer<T, SIZE,
      Allocator>::basic_memory_buffer(const Allocator &) [with T=fmt::v11::detail::bigint::bigit, SIZE=32UL,
      Allocator=fmt::v11::detail::allocator<fmt::v11::detail::bigint::bigit>]"
          constexpr bigint() : exp_(0) {}
                                       ^

      /tmp/.tmpogcIvy/sdists-v9/pypi/lightgbm/4.7.0/insGUydc4PW9vJoP/src/external_libs/fmt/include/fmt/base.h(472):
      warning #128-D: loop is not reachable
          for (; n != 0; ++s1, ++s2, --n) {
          ^
                detected during:
                  instantiation of "auto fmt::v11::detail::compare(const Char *, const Char *, std::size_t)->int [with
      Char=char]" at line 591
                  instantiation of "auto fmt::v11::basic_string_view<Char>::compare(fmt::v11::basic_string_view<Char>)
      const->int [with Char=char]" at line 598
                  instantiation of class "fmt::v11::basic_string_view<Char> [with Char=char]" at line 2612
                  instantiation of "auto fmt::v11::basic_format_args<Context>::get_id(fmt::v11::basic_string_view<Char>)
      const->int [with Context=fmt::v11::context, Char=char]" at line 2655

      Remark: The warnings can be suppressed with "-diag-suppress <warning-number>"

      /tmp/.tmpogcIvy/sdists-v9/pypi/lightgbm/4.7.0/insGUydc4PW9vJoP/src/external_libs/fmt/include/fmt/format.h(2594):
      warning #2417-D: constexpr constructor calls non-constexpr function "fmt::v11::basic_memory_buffer<T, SIZE,
      Allocator>::basic_memory_buffer(const Allocator &) [with T=fmt::v11::detail::bigint::bigit, SIZE=32UL,
      Allocator=fmt::v11::detail::allocator<fmt::v11::detail::bigint::bigit>]"
          constexpr bigint() : exp_(0) {}
                                       ^

      /tmp/.tmpogcIvy/sdists-v9/pypi/lightgbm/4.7.0/insGUydc4PW9vJoP/src/external_libs/fmt/include/fmt/base.h(472):
      warning #128-D: loop is not reachable
          for (; n != 0; ++s1, ++s2, --n) {
          ^
                detected during:
                  instantiation of "auto fmt::v11::detail::compare(const Char *, const Char *, std::size_t)->int [with
      Char=char]" at line 591
                  instantiation of "auto fmt::v11::basic_string_view<Char>::compare(fmt::v11::basic_string_view<Char>)
      const->int [with Char=char]" at line 598
                  instantiation of class "fmt::v11::basic_string_view<Char> [with Char=char]" at line 2612
                  instantiation of "auto fmt::v11::basic_format_args<Context>::get_id(fmt::v11::basic_string_view<Char>)
      const->int [with Context=fmt::v11::context, Char=char]" at line 2655

      Remark: The warnings can be suppressed with "-diag-suppress <warning-number>"

      /tmp/.tmpogcIvy/sdists-v9/pypi/lightgbm/4.7.0/insGUydc4PW9vJoP/src/external_libs/fmt/include/fmt/format.h(2594):
      warning #2417-D: constexpr constructor calls non-constexpr function "fmt::v11::basic_memory_buffer<T, SIZE,
      Allocator>::basic_memory_buffer(const Allocator &) [with T=fmt::v11::detail::bigint::bigit, SIZE=32UL,
      Allocator=fmt::v11::detail::allocator<fmt::v11::detail::bigint::bigit>]"
          constexpr bigint() : exp_(0) {}
                                       ^

      /tmp/.tmpogcIvy/sdists-v9/pypi/lightgbm/4.7.0/insGUydc4PW9vJoP/src/external_libs/fmt/include/fmt/base.h(472):
      warning #128-D: loop is not reachable
          for (; n != 0; ++s1, ++s2, --n) {
          ^
                detected during:
                  instantiation of "auto fmt::v11::detail::compare(const Char *, const Char *, std::size_t)->int [with
      Char=char]" at line 591
                  instantiation of "auto fmt::v11::basic_string_view<Char>::compare(fmt::v11::basic_string_view<Char>)
      const->int [with Char=char]" at line 598
                  instantiation of class "fmt::v11::basic_string_view<Char> [with Char=char]" at line 2612
                  instantiation of "auto fmt::v11::basic_format_args<Context>::get_id(fmt::v11::basic_string_view<Char>)
      const->int [with Context=fmt::v11::context, Char=char]" at line 2655

      Remark: The warnings can be suppressed with "-diag-suppress <warning-number>"

      /tmp/.tmpogcIvy/sdists-v9/pypi/lightgbm/4.7.0/insGUydc4PW9vJoP/src/external_libs/fmt/include/fmt/format.h(2594):
      warning #2417-D: constexpr constructor calls non-constexpr function "fmt::v11::basic_memory_buffer<T, SIZE,
      Allocator>::basic_memory_buffer(const Allocator &) [with T=fmt::v11::detail::bigint::bigit, SIZE=32UL,
      Allocator=fmt::v11::detail::allocator<fmt::v11::detail::bigint::bigit>]"
          constexpr bigint() : exp_(0) {}
                                       ^

      /tmp/.tmpogcIvy/sdists-v9/pypi/lightgbm/4.7.0/insGUydc4PW9vJoP/src/external_libs/fmt/include/fmt/base.h(472):
      warning #128-D: loop is not reachable
          for (; n != 0; ++s1, ++s2, --n) {
          ^
                detected during:
                  instantiation of "auto fmt::v11::detail::compare(const Char *, const Char *, std::size_t)->int [with
      Char=char]" at line 591
                  instantiation of "auto fmt::v11::basic_string_view<Char>::compare(fmt::v11::basic_string_view<Char>)
      const->int [with Char=char]" at line 598
                  instantiation of class "fmt::v11::basic_string_view<Char> [with Char=char]" at line 2612
                  instantiation of "auto fmt::v11::basic_format_args<Context>::get_id(fmt::v11::basic_string_view<Char>)
      const->int [with Context=fmt::v11::context, Char=char]" at line 2655

      Remark: The warnings can be suppressed with "-diag-suppress <warning-number>"

      /tmp/.tmpogcIvy/sdists-v9/pypi/lightgbm/4.7.0/insGUydc4PW9vJoP/src/external_libs/fmt/include/fmt/format.h(2594):
      warning #2417-D: constexpr constructor calls non-constexpr function "fmt::v11::basic_memory_buffer<T, SIZE,
      Allocator>::basic_memory_buffer(const Allocator &) [with T=fmt::v11::detail::bigint::bigit, SIZE=32UL,
      Allocator=fmt::v11::detail::allocator<fmt::v11::detail::bigint::bigit>]"
          constexpr bigint() : exp_(0) {}
                                       ^

      /tmp/.tmpogcIvy/sdists-v9/pypi/lightgbm/4.7.0/insGUydc4PW9vJoP/src/external_libs/fmt/include/fmt/base.h(472):
      warning #128-D: loop is not reachable
          for (; n != 0; ++s1, ++s2, --n) {
          ^
                detected during:
                  instantiation of "auto fmt::v11::detail::compare(const Char *, const Char *, std::size_t)->int [with
      Char=char]" at line 591
                  instantiation of "auto fmt::v11::basic_string_view<Char>::compare(fmt::v11::basic_string_view<Char>)
      const->int [with Char=char]" at line 598
                  instantiation of class "fmt::v11::basic_string_view<Char> [with Char=char]" at line 2612
                  instantiation of "auto fmt::v11::basic_format_args<Context>::get_id(fmt::v11::basic_string_view<Char>)
      const->int [with Context=fmt::v11::context, Char=char]" at line 2655

      Remark: The warnings can be suppressed with "-diag-suppress <warning-number>"

      /tmp/.tmpogcIvy/sdists-v9/pypi/lightgbm/4.7.0/insGUydc4PW9vJoP/src/external_libs/fmt/include/fmt/format.h(2594):
      warning #2417-D: constexpr constructor calls non-constexpr function "fmt::v11::basic_memory_buffer<T, SIZE,
      Allocator>::basic_memory_buffer(const Allocator &) [with T=fmt::v11::detail::bigint::bigit, SIZE=32UL,
      Allocator=fmt::v11::detail::allocator<fmt::v11::detail::bigint::bigit>]"
          constexpr bigint() : exp_(0) {}
                                       ^

      /tmp/.tmpogcIvy/sdists-v9/pypi/lightgbm/4.7.0/insGUydc4PW9vJoP/src/external_libs/fmt/include/fmt/base.h(472):
      warning #128-D: loop is not reachable
          for (; n != 0; ++s1, ++s2, --n) {
          ^
                detected during:
                  instantiation of "auto fmt::v11::detail::compare(const Char *, const Char *, std::size_t)->int [with
      Char=char]" at line 591
                  instantiation of "auto fmt::v11::basic_string_view<Char>::compare(fmt::v11::basic_string_view<Char>)
      const->int [with Char=char]" at line 598
                  instantiation of class "fmt::v11::basic_string_view<Char> [with Char=char]" at line 2612
                  instantiation of "auto fmt::v11::basic_format_args<Context>::get_id(fmt::v11::basic_string_view<Char>)
      const->int [with Context=fmt::v11::context, Char=char]" at line 2655

      Remark: The warnings can be suppressed with "-diag-suppress <warning-number>"

      /tmp/.tmpogcIvy/sdists-v9/pypi/lightgbm/4.7.0/insGUydc4PW9vJoP/src/external_libs/fmt/include/fmt/format.h(2594):
      warning #2417-D: constexpr constructor calls non-constexpr function "fmt::v11::basic_memory_buffer<T, SIZE,
      Allocator>::basic_memory_buffer(const Allocator &) [with T=fmt::v11::detail::bigint::bigit, SIZE=32UL,
      Allocator=fmt::v11::detail::allocator<fmt::v11::detail::bigint::bigit>]"
          constexpr bigint() : exp_(0) {}
                                       ^

      /tmp/.tmpogcIvy/sdists-v9/pypi/lightgbm/4.7.0/insGUydc4PW9vJoP/src/external_libs/fmt/include/fmt/base.h(472):
      warning #128-D: loop is not reachable
          for (; n != 0; ++s1, ++s2, --n) {
          ^
                detected during:
                  instantiation of "auto fmt::v11::detail::compare(const Char *, const Char *, std::size_t)->int [with
      Char=char]" at line 591
                  instantiation of "auto fmt::v11::basic_string_view<Char>::compare(fmt::v11::basic_string_view<Char>)
      const->int [with Char=char]" at line 598
                  instantiation of class "fmt::v11::basic_string_view<Char> [with Char=char]" at line 2612
                  instantiation of "auto fmt::v11::basic_format_args<Context>::get_id(fmt::v11::basic_string_view<Char>)
      const->int [with Context=fmt::v11::context, Char=char]" at line 2655

      Remark: The warnings can be suppressed with "-diag-suppress <warning-number>"

      /tmp/.tmpogcIvy/sdists-v9/pypi/lightgbm/4.7.0/insGUydc4PW9vJoP/src/external_libs/fmt/include/fmt/format.h(2594):
      warning #2417-D: constexpr constructor calls non-constexpr function "fmt::v11::basic_memory_buffer<T, SIZE,
      Allocator>::basic_memory_buffer(const Allocator &) [with T=fmt::v11::detail::bigint::bigit, SIZE=32UL,
      Allocator=fmt::v11::detail::allocator<fmt::v11::detail::bigint::bigit>]"
          constexpr bigint() : exp_(0) {}
                                       ^

      /tmp/.tmpogcIvy/sdists-v9/pypi/lightgbm/4.7.0/insGUydc4PW9vJoP/src/external_libs/fmt/include/fmt/base.h(472):
      warning #128-D: loop is not reachable
          for (; n != 0; ++s1, ++s2, --n) {
          ^
                detected during:
                  instantiation of "auto fmt::v11::detail::compare(const Char *, const Char *, std::size_t)->int [with
      Char=char]" at line 591
                  instantiation of "auto fmt::v11::basic_string_view<Char>::compare(fmt::v11::basic_string_view<Char>)
      const->int [with Char=char]" at line 598
                  instantiation of class "fmt::v11::basic_string_view<Char> [with Char=char]" at line 2612
                  instantiation of "auto fmt::v11::basic_format_args<Context>::get_id(fmt::v11::basic_string_view<Char>)
      const->int [with Context=fmt::v11::context, Char=char]" at line 2655

      Remark: The warnings can be suppressed with "-diag-suppress <warning-number>"

      /tmp/.tmpogcIvy/sdists-v9/pypi/lightgbm/4.7.0/insGUydc4PW9vJoP/src/external_libs/fmt/include/fmt/format.h(2594):
      warning #2417-D: constexpr constructor calls non-constexpr function "fmt::v11::basic_memory_buffer<T, SIZE,
      Allocator>::basic_memory_buffer(const Allocator &) [with T=fmt::v11::detail::bigint::bigit, SIZE=32UL,
      Allocator=fmt::v11::detail::allocator<fmt::v11::detail::bigint::bigit>]"
          constexpr bigint() : exp_(0) {}
                                       ^

      /tmp/.tmpogcIvy/sdists-v9/pypi/lightgbm/4.7.0/insGUydc4PW9vJoP/src/external_libs/fmt/include/fmt/base.h(472):
      warning #128-D: loop is not reachable
          for (; n != 0; ++s1, ++s2, --n) {
          ^
                detected during:
                  instantiation of "auto fmt::v11::detail::compare(const Char *, const Char *, std::size_t)->int [with
      Char=char]" at line 591
                  instantiation of "auto fmt::v11::basic_string_view<Char>::compare(fmt::v11::basic_string_view<Char>)
      const->int [with Char=char]" at line 598
                  instantiation of class "fmt::v11::basic_string_view<Char> [with Char=char]" at line 2612
                  instantiation of "auto fmt::v11::basic_format_args<Context>::get_id(fmt::v11::basic_string_view<Char>)
      const->int [with Context=fmt::v11::context, Char=char]" at line 2655

      Remark: The warnings can be suppressed with "-diag-suppress <warning-number>"

      /tmp/.tmpogcIvy/sdists-v9/pypi/lightgbm/4.7.0/insGUydc4PW9vJoP/src/external_libs/fmt/include/fmt/format.h(2594):
      warning #2417-D: constexpr constructor calls non-constexpr function "fmt::v11::basic_memory_buffer<T, SIZE,
      Allocator>::basic_memory_buffer(const Allocator &) [with T=fmt::v11::detail::bigint::bigit, SIZE=32UL,
      Allocator=fmt::v11::detail::allocator<fmt::v11::detail::bigint::bigit>]"
          constexpr bigint() : exp_(0) {}
                                       ^

      [64/76] Building CUDA object CMakeFiles/lightgbm_objs.dir/src/metric/cuda/cuda_pointwise_metric.cu.o
      nvcc warning : Support for offline compilation for architectures prior to '<compute/sm/lto>_75' will be removed
      in a future release (Use -Wno-deprecated-gpu-targets to suppress warning).
      /tmp/.tmpogcIvy/sdists-v9/pypi/lightgbm/4.7.0/insGUydc4PW9vJoP/src/external_libs/fmt/include/fmt/base.h(472):
      warning #128-D: loop is not reachable
          for (; n != 0; ++s1, ++s2, --n) {
          ^
                detected during:
                  instantiation of "auto fmt::v11::detail::compare(const Char *, const Char *, std::size_t)->int [with
      Char=char]" at line 591
                  instantiation of "auto fmt::v11::basic_string_view<Char>::compare(fmt::v11::basic_string_view<Char>)
      const->int [with Char=char]" at line 598
                  instantiation of class "fmt::v11::basic_string_view<Char> [with Char=char]" at line 2612
                  instantiation of "auto fmt::v11::basic_format_args<Context>::get_id(fmt::v11::basic_string_view<Char>)
      const->int [with Context=fmt::v11::context, Char=char]" at line 2655

      Remark: The warnings can be suppressed with "-diag-suppress <warning-number>"

      /tmp/.tmpogcIvy/sdists-v9/pypi/lightgbm/4.7.0/insGUydc4PW9vJoP/src/external_libs/fmt/include/fmt/format.h(2594):
      warning #2417-D: constexpr constructor calls non-constexpr function "fmt::v11::basic_memory_buffer<T, SIZE,
      Allocator>::basic_memory_buffer(const Allocator &) [with T=fmt::v11::detail::bigint::bigit, SIZE=32UL,
      Allocator=fmt::v11::detail::allocator<fmt::v11::detail::bigint::bigit>]"
          constexpr bigint() : exp_(0) {}
                                       ^

      /tmp/.tmpogcIvy/sdists-v9/pypi/lightgbm/4.7.0/insGUydc4PW9vJoP/src/external_libs/fmt/include/fmt/base.h(472):
      warning #128-D: loop is not reachable
          for (; n != 0; ++s1, ++s2, --n) {
          ^
                detected during:
                  instantiation of "auto fmt::v11::detail::compare(const Char *, const Char *, std::size_t)->int [with
      Char=char]" at line 591
                  instantiation of "auto fmt::v11::basic_string_view<Char>::compare(fmt::v11::basic_string_view<Char>)
      const->int [with Char=char]" at line 598
                  instantiation of class "fmt::v11::basic_string_view<Char> [with Char=char]" at line 2612
                  instantiation of "auto fmt::v11::basic_format_args<Context>::get_id(fmt::v11::basic_string_view<Char>)
      const->int [with Context=fmt::v11::context, Char=char]" at line 2655

      Remark: The warnings can be suppressed with "-diag-suppress <warning-number>"

      /tmp/.tmpogcIvy/sdists-v9/pypi/lightgbm/4.7.0/insGUydc4PW9vJoP/src/external_libs/fmt/include/fmt/format.h(2594):
      warning #2417-D: constexpr constructor calls non-constexpr function "fmt::v11::basic_memory_buffer<T, SIZE,
      Allocator>::basic_memory_buffer(const Allocator &) [with T=fmt::v11::detail::bigint::bigit, SIZE=32UL,
      Allocator=fmt::v11::detail::allocator<fmt::v11::detail::bigint::bigit>]"
          constexpr bigint() : exp_(0) {}
                                       ^

      /tmp/.tmpogcIvy/sdists-v9/pypi/lightgbm/4.7.0/insGUydc4PW9vJoP/src/external_libs/fmt/include/fmt/base.h(472):
      warning #128-D: loop is not reachable
          for (; n != 0; ++s1, ++s2, --n) {
          ^
                detected during:
                  instantiation of "auto fmt::v11::detail::compare(const Char *, const Char *, std::size_t)->int [with
      Char=char]" at line 591
                  instantiation of "auto fmt::v11::basic_string_view<Char>::compare(fmt::v11::basic_string_view<Char>)
      const->int [with Char=char]" at line 598
                  instantiation of class "fmt::v11::basic_string_view<Char> [with Char=char]" at line 2612
                  instantiation of "auto fmt::v11::basic_format_args<Context>::get_id(fmt::v11::basic_string_view<Char>)
      const->int [with Context=fmt::v11::context, Char=char]" at line 2655

      Remark: The warnings can be suppressed with "-diag-suppress <warning-number>"

      /tmp/.tmpogcIvy/sdists-v9/pypi/lightgbm/4.7.0/insGUydc4PW9vJoP/src/external_libs/fmt/include/fmt/format.h(2594):
      warning #2417-D: constexpr constructor calls non-constexpr function "fmt::v11::basic_memory_buffer<T, SIZE,
      Allocator>::basic_memory_buffer(const Allocator &) [with T=fmt::v11::detail::bigint::bigit, SIZE=32UL,
      Allocator=fmt::v11::detail::allocator<fmt::v11::detail::bigint::bigit>]"
          constexpr bigint() : exp_(0) {}
                                       ^

      /tmp/.tmpogcIvy/sdists-v9/pypi/lightgbm/4.7.0/insGUydc4PW9vJoP/src/external_libs/fmt/include/fmt/base.h(472):
      warning #128-D: loop is not reachable
          for (; n != 0; ++s1, ++s2, --n) {
          ^
                detected during:
                  instantiation of "auto fmt::v11::detail::compare(const Char *, const Char *, std::size_t)->int [with
      Char=char]" at line 591
                  instantiation of "auto fmt::v11::basic_string_view<Char>::compare(fmt::v11::basic_string_view<Char>)
      const->int [with Char=char]" at line 598
                  instantiation of class "fmt::v11::basic_string_view<Char> [with Char=char]" at line 2612
                  instantiation of "auto fmt::v11::basic_format_args<Context>::get_id(fmt::v11::basic_string_view<Char>)
      const->int [with Context=fmt::v11::context, Char=char]" at line 2655

      Remark: The warnings can be suppressed with "-diag-suppress <warning-number>"

      /tmp/.tmpogcIvy/sdists-v9/pypi/lightgbm/4.7.0/insGUydc4PW9vJoP/src/external_libs/fmt/include/fmt/format.h(2594):
      warning #2417-D: constexpr constructor calls non-constexpr function "fmt::v11::basic_memory_buffer<T, SIZE,
      Allocator>::basic_memory_buffer(const Allocator &) [with T=fmt::v11::detail::bigint::bigit, SIZE=32UL,
      Allocator=fmt::v11::detail::allocator<fmt::v11::detail::bigint::bigit>]"
          constexpr bigint() : exp_(0) {}
                                       ^

      /tmp/.tmpogcIvy/sdists-v9/pypi/lightgbm/4.7.0/insGUydc4PW9vJoP/src/external_libs/fmt/include/fmt/base.h(472):
      warning #128-D: loop is not reachable
          for (; n != 0; ++s1, ++s2, --n) {
          ^
                detected during:
                  instantiation of "auto fmt::v11::detail::compare(const Char *, const Char *, std::size_t)->int [with
      Char=char]" at line 591
                  instantiation of "auto fmt::v11::basic_string_view<Char>::compare(fmt::v11::basic_string_view<Char>)
      const->int [with Char=char]" at line 598
                  instantiation of class "fmt::v11::basic_string_view<Char> [with Char=char]" at line 2612
                  instantiation of "auto fmt::v11::basic_format_args<Context>::get_id(fmt::v11::basic_string_view<Char>)
      const->int [with Context=fmt::v11::context, Char=char]" at line 2655

      Remark: The warnings can be suppressed with "-diag-suppress <warning-number>"

      /tmp/.tmpogcIvy/sdists-v9/pypi/lightgbm/4.7.0/insGUydc4PW9vJoP/src/external_libs/fmt/include/fmt/format.h(2594):
      warning #2417-D: constexpr constructor calls non-constexpr function "fmt::v11::basic_memory_buffer<T, SIZE,
      Allocator>::basic_memory_buffer(const Allocator &) [with T=fmt::v11::detail::bigint::bigit, SIZE=32UL,
      Allocator=fmt::v11::detail::allocator<fmt::v11::detail::bigint::bigit>]"
          constexpr bigint() : exp_(0) {}
                                       ^

      /tmp/.tmpogcIvy/sdists-v9/pypi/lightgbm/4.7.0/insGUydc4PW9vJoP/src/external_libs/fmt/include/fmt/base.h(472):
      warning #128-D: loop is not reachable
          for (; n != 0; ++s1, ++s2, --n) {
          ^
                detected during:
                  instantiation of "auto fmt::v11::detail::compare(const Char *, const Char *, std::size_t)->int [with
      Char=char]" at line 591
                  instantiation of "auto fmt::v11::basic_string_view<Char>::compare(fmt::v11::basic_string_view<Char>)
      const->int [with Char=char]" at line 598
                  instantiation of class "fmt::v11::basic_string_view<Char> [with Char=char]" at line 2612
                  instantiation of "auto fmt::v11::basic_format_args<Context>::get_id(fmt::v11::basic_string_view<Char>)
      const->int [with Context=fmt::v11::context, Char=char]" at line 2655

      Remark: The warnings can be suppressed with "-diag-suppress <warning-number>"

      /tmp/.tmpogcIvy/sdists-v9/pypi/lightgbm/4.7.0/insGUydc4PW9vJoP/src/external_libs/fmt/include/fmt/format.h(2594):
      warning #2417-D: constexpr constructor calls non-constexpr function "fmt::v11::basic_memory_buffer<T, SIZE,
      Allocator>::basic_memory_buffer(const Allocator &) [with T=fmt::v11::detail::bigint::bigit, SIZE=32UL,
      Allocator=fmt::v11::detail::allocator<fmt::v11::detail::bigint::bigit>]"
          constexpr bigint() : exp_(0) {}
                                       ^

      /tmp/.tmpogcIvy/sdists-v9/pypi/lightgbm/4.7.0/insGUydc4PW9vJoP/src/external_libs/fmt/include/fmt/base.h(472):
      warning #128-D: loop is not reachable
          for (; n != 0; ++s1, ++s2, --n) {
          ^
                detected during:
                  instantiation of "auto fmt::v11::detail::compare(const Char *, const Char *, std::size_t)->int [with
      Char=char]" at line 591
                  instantiation of "auto fmt::v11::basic_string_view<Char>::compare(fmt::v11::basic_string_view<Char>)
      const->int [with Char=char]" at line 598
                  instantiation of class "fmt::v11::basic_string_view<Char> [with Char=char]" at line 2612
                  instantiation of "auto fmt::v11::basic_format_args<Context>::get_id(fmt::v11::basic_string_view<Char>)
      const->int [with Context=fmt::v11::context, Char=char]" at line 2655

      Remark: The warnings can be suppressed with "-diag-suppress <warning-number>"

      /tmp/.tmpogcIvy/sdists-v9/pypi/lightgbm/4.7.0/insGUydc4PW9vJoP/src/external_libs/fmt/include/fmt/format.h(2594):
      warning #2417-D: constexpr constructor calls non-constexpr function "fmt::v11::basic_memory_buffer<T, SIZE,
      Allocator>::basic_memory_buffer(const Allocator &) [with T=fmt::v11::detail::bigint::bigit, SIZE=32UL,
      Allocator=fmt::v11::detail::allocator<fmt::v11::detail::bigint::bigit>]"
          constexpr bigint() : exp_(0) {}
                                       ^

      /tmp/.tmpogcIvy/sdists-v9/pypi/lightgbm/4.7.0/insGUydc4PW9vJoP/src/external_libs/fmt/include/fmt/base.h(472):
      warning #128-D: loop is not reachable
          for (; n != 0; ++s1, ++s2, --n) {
          ^
                detected during:
                  instantiation of "auto fmt::v11::detail::compare(const Char *, const Char *, std::size_t)->int [with
      Char=char]" at line 591
                  instantiation of "auto fmt::v11::basic_string_view<Char>::compare(fmt::v11::basic_string_view<Char>)
      const->int [with Char=char]" at line 598
                  instantiation of class "fmt::v11::basic_string_view<Char> [with Char=char]" at line 2612
                  instantiation of "auto fmt::v11::basic_format_args<Context>::get_id(fmt::v11::basic_string_view<Char>)
      const->int [with Context=fmt::v11::context, Char=char]" at line 2655

      Remark: The warnings can be suppressed with "-diag-suppress <warning-number>"

      /tmp/.tmpogcIvy/sdists-v9/pypi/lightgbm/4.7.0/insGUydc4PW9vJoP/src/external_libs/fmt/include/fmt/format.h(2594):
      warning #2417-D: constexpr constructor calls non-constexpr function "fmt::v11::basic_memory_buffer<T, SIZE,
      Allocator>::basic_memory_buffer(const Allocator &) [with T=fmt::v11::detail::bigint::bigit, SIZE=32UL,
      Allocator=fmt::v11::detail::allocator<fmt::v11::detail::bigint::bigit>]"
          constexpr bigint() : exp_(0) {}
                                       ^

      /tmp/.tmpogcIvy/sdists-v9/pypi/lightgbm/4.7.0/insGUydc4PW9vJoP/src/external_libs/fmt/include/fmt/base.h(472):
      warning #128-D: loop is not reachable
          for (; n != 0; ++s1, ++s2, --n) {
          ^
                detected during:
                  instantiation of "auto fmt::v11::detail::compare(const Char *, const Char *, std::size_t)->int [with
      Char=char]" at line 591
                  instantiation of "auto fmt::v11::basic_string_view<Char>::compare(fmt::v11::basic_string_view<Char>)
      const->int [with Char=char]" at line 598
                  instantiation of class "fmt::v11::basic_string_view<Char> [with Char=char]" at line 2612
                  instantiation of "auto fmt::v11::basic_format_args<Context>::get_id(fmt::v11::basic_string_view<Char>)
      const->int [with Context=fmt::v11::context, Char=char]" at line 2655

      Remark: The warnings can be suppressed with "-diag-suppress <warning-number>"

      /tmp/.tmpogcIvy/sdists-v9/pypi/lightgbm/4.7.0/insGUydc4PW9vJoP/src/external_libs/fmt/include/fmt/format.h(2594):
      warning #2417-D: constexpr constructor calls non-constexpr function "fmt::v11::basic_memory_buffer<T, SIZE,
      Allocator>::basic_memory_buffer(const Allocator &) [with T=fmt::v11::detail::bigint::bigit, SIZE=32UL,
      Allocator=fmt::v11::detail::allocator<fmt::v11::detail::bigint::bigit>]"
          constexpr bigint() : exp_(0) {}
                                       ^

      /tmp/.tmpogcIvy/sdists-v9/pypi/lightgbm/4.7.0/insGUydc4PW9vJoP/src/external_libs/fmt/include/fmt/base.h(472):
      warning #128-D: loop is not reachable
          for (; n != 0; ++s1, ++s2, --n) {
          ^
                detected during:
                  instantiation of "auto fmt::v11::detail::compare(const Char *, const Char *, std::size_t)->int [with
      Char=char]" at line 591
                  instantiation of "auto fmt::v11::basic_string_view<Char>::compare(fmt::v11::basic_string_view<Char>)
      const->int [with Char=char]" at line 598
                  instantiation of class "fmt::v11::basic_string_view<Char> [with Char=char]" at line 2612
                  instantiation of "auto fmt::v11::basic_format_args<Context>::get_id(fmt::v11::basic_string_view<Char>)
      const->int [with Context=fmt::v11::context, Char=char]" at line 2655

      Remark: The warnings can be suppressed with "-diag-suppress <warning-number>"

      /tmp/.tmpogcIvy/sdists-v9/pypi/lightgbm/4.7.0/insGUydc4PW9vJoP/src/external_libs/fmt/include/fmt/format.h(2594):
      warning #2417-D: constexpr constructor calls non-constexpr function "fmt::v11::basic_memory_buffer<T, SIZE,
      Allocator>::basic_memory_buffer(const Allocator &) [with T=fmt::v11::detail::bigint::bigit, SIZE=32UL,
      Allocator=fmt::v11::detail::allocator<fmt::v11::detail::bigint::bigit>]"
          constexpr bigint() : exp_(0) {}
                                       ^

      [65/76] Building CUDA object CMakeFiles/lightgbm_objs.dir/src/objective/cuda/cuda_regression_objective.cu.o
      nvcc warning : Support for offline compilation for architectures prior to '<compute/sm/lto>_75' will be removed
      in a future release (Use -Wno-deprecated-gpu-targets to suppress warning).
      /tmp/.tmpogcIvy/sdists-v9/pypi/lightgbm/4.7.0/insGUydc4PW9vJoP/src/external_libs/fmt/include/fmt/base.h(472):
      warning #128-D: loop is not reachable
          for (; n != 0; ++s1, ++s2, --n) {
          ^
                detected during:
                  instantiation of "auto fmt::v11::detail::compare(const Char *, const Char *, std::size_t)->int [with
      Char=char]" at line 591
                  instantiation of "auto fmt::v11::basic_string_view<Char>::compare(fmt::v11::basic_string_view<Char>)
      const->int [with Char=char]" at line 598
                  instantiation of class "fmt::v11::basic_string_view<Char> [with Char=char]" at line 2612
                  instantiation of "auto fmt::v11::basic_format_args<Context>::get_id(fmt::v11::basic_string_view<Char>)
      const->int [with Context=fmt::v11::context, Char=char]" at line 2655

      Remark: The warnings can be suppressed with "-diag-suppress <warning-number>"

      /tmp/.tmpogcIvy/sdists-v9/pypi/lightgbm/4.7.0/insGUydc4PW9vJoP/src/external_libs/fmt/include/fmt/format.h(2594):
      warning #2417-D: constexpr constructor calls non-constexpr function "fmt::v11::basic_memory_buffer<T, SIZE,
      Allocator>::basic_memory_buffer(const Allocator &) [with T=fmt::v11::detail::bigint::bigit, SIZE=32UL,
      Allocator=fmt::v11::detail::allocator<fmt::v11::detail::bigint::bigit>]"
          constexpr bigint() : exp_(0) {}
                                       ^

      /tmp/.tmpogcIvy/sdists-v9/pypi/lightgbm/4.7.0/insGUydc4PW9vJoP/src/external_libs/fmt/include/fmt/base.h(472):
      warning #128-D: loop is not reachable
          for (; n != 0; ++s1, ++s2, --n) {
          ^
                detected during:
                  instantiation of "auto fmt::v11::detail::compare(const Char *, const Char *, std::size_t)->int [with
      Char=char]" at line 591
                  instantiation of "auto fmt::v11::basic_string_view<Char>::compare(fmt::v11::basic_string_view<Char>)
      const->int [with Char=char]" at line 598
                  instantiation of class "fmt::v11::basic_string_view<Char> [with Char=char]" at line 2612
                  instantiation of "auto fmt::v11::basic_format_args<Context>::get_id(fmt::v11::basic_string_view<Char>)
      const->int [with Context=fmt::v11::context, Char=char]" at line 2655

      Remark: The warnings can be suppressed with "-diag-suppress <warning-number>"

      /tmp/.tmpogcIvy/sdists-v9/pypi/lightgbm/4.7.0/insGUydc4PW9vJoP/src/external_libs/fmt/include/fmt/format.h(2594):
      warning #2417-D: constexpr constructor calls non-constexpr function "fmt::v11::basic_memory_buffer<T, SIZE,
      Allocator>::basic_memory_buffer(const Allocator &) [with T=fmt::v11::detail::bigint::bigit, SIZE=32UL,
      Allocator=fmt::v11::detail::allocator<fmt::v11::detail::bigint::bigit>]"
          constexpr bigint() : exp_(0) {}
                                       ^

      /tmp/.tmpogcIvy/sdists-v9/pypi/lightgbm/4.7.0/insGUydc4PW9vJoP/src/external_libs/fmt/include/fmt/base.h(472):
      warning #128-D: loop is not reachable
          for (; n != 0; ++s1, ++s2, --n) {
          ^
                detected during:
                  instantiation of "auto fmt::v11::detail::compare(const Char *, const Char *, std::size_t)->int [with
      Char=char]" at line 591
                  instantiation of "auto fmt::v11::basic_string_view<Char>::compare(fmt::v11::basic_string_view<Char>)
      const->int [with Char=char]" at line 598
                  instantiation of class "fmt::v11::basic_string_view<Char> [with Char=char]" at line 2612
                  instantiation of "auto fmt::v11::basic_format_args<Context>::get_id(fmt::v11::basic_string_view<Char>)
      const->int [with Context=fmt::v11::context, Char=char]" at line 2655

      Remark: The warnings can be suppressed with "-diag-suppress <warning-number>"

      /tmp/.tmpogcIvy/sdists-v9/pypi/lightgbm/4.7.0/insGUydc4PW9vJoP/src/external_libs/fmt/include/fmt/format.h(2594):
      warning #2417-D: constexpr constructor calls non-constexpr function "fmt::v11::basic_memory_buffer<T, SIZE,
      Allocator>::basic_memory_buffer(const Allocator &) [with T=fmt::v11::detail::bigint::bigit, SIZE=32UL,
      Allocator=fmt::v11::detail::allocator<fmt::v11::detail::bigint::bigit>]"
          constexpr bigint() : exp_(0) {}
                                       ^

      /tmp/.tmpogcIvy/sdists-v9/pypi/lightgbm/4.7.0/insGUydc4PW9vJoP/src/external_libs/fmt/include/fmt/base.h(472):
      warning #128-D: loop is not reachable
          for (; n != 0; ++s1, ++s2, --n) {
          ^
                detected during:
                  instantiation of "auto fmt::v11::detail::compare(const Char *, const Char *, std::size_t)->int [with
      Char=char]" at line 591
                  instantiation of "auto fmt::v11::basic_string_view<Char>::compare(fmt::v11::basic_string_view<Char>)
      const->int [with Char=char]" at line 598
                  instantiation of class "fmt::v11::basic_string_view<Char> [with Char=char]" at line 2612
                  instantiation of "auto fmt::v11::basic_format_args<Context>::get_id(fmt::v11::basic_string_view<Char>)
      const->int [with Context=fmt::v11::context, Char=char]" at line 2655

      Remark: The warnings can be suppressed with "-diag-suppress <warning-number>"

      /tmp/.tmpogcIvy/sdists-v9/pypi/lightgbm/4.7.0/insGUydc4PW9vJoP/src/external_libs/fmt/include/fmt/format.h(2594):
      warning #2417-D: constexpr constructor calls non-constexpr function "fmt::v11::basic_memory_buffer<T, SIZE,
      Allocator>::basic_memory_buffer(const Allocator &) [with T=fmt::v11::detail::bigint::bigit, SIZE=32UL,
      Allocator=fmt::v11::detail::allocator<fmt::v11::detail::bigint::bigit>]"
          constexpr bigint() : exp_(0) {}
                                       ^

      /tmp/.tmpogcIvy/sdists-v9/pypi/lightgbm/4.7.0/insGUydc4PW9vJoP/src/external_libs/fmt/include/fmt/base.h(472):
      warning #128-D: loop is not reachable
          for (; n != 0; ++s1, ++s2, --n) {
          ^
                detected during:
                  instantiation of "auto fmt::v11::detail::compare(const Char *, const Char *, std::size_t)->int [with
      Char=char]" at line 591
                  instantiation of "auto fmt::v11::basic_string_view<Char>::compare(fmt::v11::basic_string_view<Char>)
      const->int [with Char=char]" at line 598
                  instantiation of class "fmt::v11::basic_string_view<Char> [with Char=char]" at line 2612
                  instantiation of "auto fmt::v11::basic_format_args<Context>::get_id(fmt::v11::basic_string_view<Char>)
      const->int [with Context=fmt::v11::context, Char=char]" at line 2655

      Remark: The warnings can be suppressed with "-diag-suppress <warning-number>"

      /tmp/.tmpogcIvy/sdists-v9/pypi/lightgbm/4.7.0/insGUydc4PW9vJoP/src/external_libs/fmt/include/fmt/format.h(2594):
      warning #2417-D: constexpr constructor calls non-constexpr function "fmt::v11::basic_memory_buffer<T, SIZE,
      Allocator>::basic_memory_buffer(const Allocator &) [with T=fmt::v11::detail::bigint::bigit, SIZE=32UL,
      Allocator=fmt::v11::detail::allocator<fmt::v11::detail::bigint::bigit>]"
          constexpr bigint() : exp_(0) {}
                                       ^

      /tmp/.tmpogcIvy/sdists-v9/pypi/lightgbm/4.7.0/insGUydc4PW9vJoP/src/external_libs/fmt/include/fmt/base.h(472):
      warning #128-D: loop is not reachable
          for (; n != 0; ++s1, ++s2, --n) {
          ^
                detected during:
                  instantiation of "auto fmt::v11::detail::compare(const Char *, const Char *, std::size_t)->int [with
      Char=char]" at line 591
                  instantiation of "auto fmt::v11::basic_string_view<Char>::compare(fmt::v11::basic_string_view<Char>)
      const->int [with Char=char]" at line 598
                  instantiation of class "fmt::v11::basic_string_view<Char> [with Char=char]" at line 2612
                  instantiation of "auto fmt::v11::basic_format_args<Context>::get_id(fmt::v11::basic_string_view<Char>)
      const->int [with Context=fmt::v11::context, Char=char]" at line 2655

      Remark: The warnings can be suppressed with "-diag-suppress <warning-number>"

      /tmp/.tmpogcIvy/sdists-v9/pypi/lightgbm/4.7.0/insGUydc4PW9vJoP/src/external_libs/fmt/include/fmt/format.h(2594):
      warning #2417-D: constexpr constructor calls non-constexpr function "fmt::v11::basic_memory_buffer<T, SIZE,
      Allocator>::basic_memory_buffer(const Allocator &) [with T=fmt::v11::detail::bigint::bigit, SIZE=32UL,
      Allocator=fmt::v11::detail::allocator<fmt::v11::detail::bigint::bigit>]"
          constexpr bigint() : exp_(0) {}
                                       ^

      /tmp/.tmpogcIvy/sdists-v9/pypi/lightgbm/4.7.0/insGUydc4PW9vJoP/src/external_libs/fmt/include/fmt/base.h(472):
      warning #128-D: loop is not reachable
          for (; n != 0; ++s1, ++s2, --n) {
          ^
                detected during:
                  instantiation of "auto fmt::v11::detail::compare(const Char *, const Char *, std::size_t)->int [with
      Char=char]" at line 591
                  instantiation of "auto fmt::v11::basic_string_view<Char>::compare(fmt::v11::basic_string_view<Char>)
      const->int [with Char=char]" at line 598
                  instantiation of class "fmt::v11::basic_string_view<Char> [with Char=char]" at line 2612
                  instantiation of "auto fmt::v11::basic_format_args<Context>::get_id(fmt::v11::basic_string_view<Char>)
      const->int [with Context=fmt::v11::context, Char=char]" at line 2655

      Remark: The warnings can be suppressed with "-diag-suppress <warning-number>"

      /tmp/.tmpogcIvy/sdists-v9/pypi/lightgbm/4.7.0/insGUydc4PW9vJoP/src/external_libs/fmt/include/fmt/format.h(2594):
      warning #2417-D: constexpr constructor calls non-constexpr function "fmt::v11::basic_memory_buffer<T, SIZE,
      Allocator>::basic_memory_buffer(const Allocator &) [with T=fmt::v11::detail::bigint::bigit, SIZE=32UL,
      Allocator=fmt::v11::detail::allocator<fmt::v11::detail::bigint::bigit>]"
          constexpr bigint() : exp_(0) {}
                                       ^

      /tmp/.tmpogcIvy/sdists-v9/pypi/lightgbm/4.7.0/insGUydc4PW9vJoP/src/external_libs/fmt/include/fmt/base.h(472):
      warning #128-D: loop is not reachable
          for (; n != 0; ++s1, ++s2, --n) {
          ^
                detected during:
                  instantiation of "auto fmt::v11::detail::compare(const Char *, const Char *, std::size_t)->int [with
      Char=char]" at line 591
                  instantiation of "auto fmt::v11::basic_string_view<Char>::compare(fmt::v11::basic_string_view<Char>)
      const->int [with Char=char]" at line 598
                  instantiation of class "fmt::v11::basic_string_view<Char> [with Char=char]" at line 2612
                  instantiation of "auto fmt::v11::basic_format_args<Context>::get_id(fmt::v11::basic_string_view<Char>)
      const->int [with Context=fmt::v11::context, Char=char]" at line 2655

      Remark: The warnings can be suppressed with "-diag-suppress <warning-number>"

      /tmp/.tmpogcIvy/sdists-v9/pypi/lightgbm/4.7.0/insGUydc4PW9vJoP/src/external_libs/fmt/include/fmt/format.h(2594):
      warning #2417-D: constexpr constructor calls non-constexpr function "fmt::v11::basic_memory_buffer<T, SIZE,
      Allocator>::basic_memory_buffer(const Allocator &) [with T=fmt::v11::detail::bigint::bigit, SIZE=32UL,
      Allocator=fmt::v11::detail::allocator<fmt::v11::detail::bigint::bigit>]"
          constexpr bigint() : exp_(0) {}
                                       ^

      /tmp/.tmpogcIvy/sdists-v9/pypi/lightgbm/4.7.0/insGUydc4PW9vJoP/src/external_libs/fmt/include/fmt/base.h(472):
      warning #128-D: loop is not reachable
          for (; n != 0; ++s1, ++s2, --n) {
          ^
                detected during:
                  instantiation of "auto fmt::v11::detail::compare(const Char *, const Char *, std::size_t)->int [with
      Char=char]" at line 591
                  instantiation of "auto fmt::v11::basic_string_view<Char>::compare(fmt::v11::basic_string_view<Char>)
      const->int [with Char=char]" at line 598
                  instantiation of class "fmt::v11::basic_string_view<Char> [with Char=char]" at line 2612
                  instantiation of "auto fmt::v11::basic_format_args<Context>::get_id(fmt::v11::basic_string_view<Char>)
      const->int [with Context=fmt::v11::context, Char=char]" at line 2655

      Remark: The warnings can be suppressed with "-diag-suppress <warning-number>"

      /tmp/.tmpogcIvy/sdists-v9/pypi/lightgbm/4.7.0/insGUydc4PW9vJoP/src/external_libs/fmt/include/fmt/format.h(2594):
      warning #2417-D: constexpr constructor calls non-constexpr function "fmt::v11::basic_memory_buffer<T, SIZE,
      Allocator>::basic_memory_buffer(const Allocator &) [with T=fmt::v11::detail::bigint::bigit, SIZE=32UL,
      Allocator=fmt::v11::detail::allocator<fmt::v11::detail::bigint::bigit>]"
          constexpr bigint() : exp_(0) {}
                                       ^

      /tmp/.tmpogcIvy/sdists-v9/pypi/lightgbm/4.7.0/insGUydc4PW9vJoP/src/external_libs/fmt/include/fmt/base.h(472):
      warning #128-D: loop is not reachable
          for (; n != 0; ++s1, ++s2, --n) {
          ^
                detected during:
                  instantiation of "auto fmt::v11::detail::compare(const Char *, const Char *, std::size_t)->int [with
      Char=char]" at line 591
                  instantiation of "auto fmt::v11::basic_string_view<Char>::compare(fmt::v11::basic_string_view<Char>)
      const->int [with Char=char]" at line 598
                  instantiation of class "fmt::v11::basic_string_view<Char> [with Char=char]" at line 2612
                  instantiation of "auto fmt::v11::basic_format_args<Context>::get_id(fmt::v11::basic_string_view<Char>)
      const->int [with Context=fmt::v11::context, Char=char]" at line 2655

      Remark: The warnings can be suppressed with "-diag-suppress <warning-number>"

      /tmp/.tmpogcIvy/sdists-v9/pypi/lightgbm/4.7.0/insGUydc4PW9vJoP/src/external_libs/fmt/include/fmt/format.h(2594):
      warning #2417-D: constexpr constructor calls non-constexpr function "fmt::v11::basic_memory_buffer<T, SIZE,
      Allocator>::basic_memory_buffer(const Allocator &) [with T=fmt::v11::detail::bigint::bigit, SIZE=32UL,
      Allocator=fmt::v11::detail::allocator<fmt::v11::detail::bigint::bigit>]"
          constexpr bigint() : exp_(0) {}
                                       ^

      [66/76] Building CXX object CMakeFiles/lightgbm_objs.dir/src/treelearner/voting_parallel_tree_learner.cpp.o
      [67/76] Building CXX object CMakeFiles/lightgbm_objs.dir/src/treelearner/feature_histogram.cpp.o
      [68/76] Building CXX object CMakeFiles/lightgbm_objs.dir/src/treelearner/serial_tree_learner.cpp.o
      [69/76] Building CUDA object CMakeFiles/lightgbm_objs.dir/src/objective/cuda/cuda_rank_objective.cu.o
      nvcc warning : Support for offline compilation for architectures prior to '<compute/sm/lto>_75' will be removed
      in a future release (Use -Wno-deprecated-gpu-targets to suppress warning).
      /tmp/.tmpogcIvy/sdists-v9/pypi/lightgbm/4.7.0/insGUydc4PW9vJoP/src/external_libs/fmt/include/fmt/base.h(472):
      warning #128-D: loop is not reachable
          for (; n != 0; ++s1, ++s2, --n) {
          ^
                detected during:
                  instantiation of "auto fmt::v11::detail::compare(const Char *, const Char *, std::size_t)->int [with
      Char=char]" at line 591
                  instantiation of "auto fmt::v11::basic_string_view<Char>::compare(fmt::v11::basic_string_view<Char>)
      const->int [with Char=char]" at line 598
                  instantiation of class "fmt::v11::basic_string_view<Char> [with Char=char]" at line 2612
                  instantiation of "auto fmt::v11::basic_format_args<Context>::get_id(fmt::v11::basic_string_view<Char>)
      const->int [with Context=fmt::v11::context, Char=char]" at line 2655

      Remark: The warnings can be suppressed with "-diag-suppress <warning-number>"

      /tmp/.tmpogcIvy/sdists-v9/pypi/lightgbm/4.7.0/insGUydc4PW9vJoP/src/external_libs/fmt/include/fmt/format.h(2594):
      warning #2417-D: constexpr constructor calls non-constexpr function "fmt::v11::basic_memory_buffer<T, SIZE,
      Allocator>::basic_memory_buffer(const Allocator &) [with T=fmt::v11::detail::bigint::bigit, SIZE=32UL,
      Allocator=fmt::v11::detail::allocator<fmt::v11::detail::bigint::bigit>]"
          constexpr bigint() : exp_(0) {}
                                       ^

      /tmp/.tmpogcIvy/sdists-v9/pypi/lightgbm/4.7.0/insGUydc4PW9vJoP/src/external_libs/fmt/include/fmt/base.h(472):
      warning #128-D: loop is not reachable
          for (; n != 0; ++s1, ++s2, --n) {
          ^
                detected during:
                  instantiation of "auto fmt::v11::detail::compare(const Char *, const Char *, std::size_t)->int [with
      Char=char]" at line 591
                  instantiation of "auto fmt::v11::basic_string_view<Char>::compare(fmt::v11::basic_string_view<Char>)
      const->int [with Char=char]" at line 598
                  instantiation of class "fmt::v11::basic_string_view<Char> [with Char=char]" at line 2612
                  instantiation of "auto fmt::v11::basic_format_args<Context>::get_id(fmt::v11::basic_string_view<Char>)
      const->int [with Context=fmt::v11::context, Char=char]" at line 2655

      Remark: The warnings can be suppressed with "-diag-suppress <warning-number>"

      /tmp/.tmpogcIvy/sdists-v9/pypi/lightgbm/4.7.0/insGUydc4PW9vJoP/src/external_libs/fmt/include/fmt/format.h(2594):
      warning #2417-D: constexpr constructor calls non-constexpr function "fmt::v11::basic_memory_buffer<T, SIZE,
      Allocator>::basic_memory_buffer(const Allocator &) [with T=fmt::v11::detail::bigint::bigit, SIZE=32UL,
      Allocator=fmt::v11::detail::allocator<fmt::v11::detail::bigint::bigit>]"
          constexpr bigint() : exp_(0) {}
                                       ^

      /tmp/.tmpogcIvy/sdists-v9/pypi/lightgbm/4.7.0/insGUydc4PW9vJoP/src/external_libs/fmt/include/fmt/base.h(472):
      warning #128-D: loop is not reachable
          for (; n != 0; ++s1, ++s2, --n) {
          ^
                detected during:
                  instantiation of "auto fmt::v11::detail::compare(const Char *, const Char *, std::size_t)->int [with
      Char=char]" at line 591
                  instantiation of "auto fmt::v11::basic_string_view<Char>::compare(fmt::v11::basic_string_view<Char>)
      const->int [with Char=char]" at line 598
                  instantiation of class "fmt::v11::basic_string_view<Char> [with Char=char]" at line 2612
                  instantiation of "auto fmt::v11::basic_format_args<Context>::get_id(fmt::v11::basic_string_view<Char>)
      const->int [with Context=fmt::v11::context, Char=char]" at line 2655

      Remark: The warnings can be suppressed with "-diag-suppress <warning-number>"

      /tmp/.tmpogcIvy/sdists-v9/pypi/lightgbm/4.7.0/insGUydc4PW9vJoP/src/external_libs/fmt/include/fmt/format.h(2594):
      warning #2417-D: constexpr constructor calls non-constexpr function "fmt::v11::basic_memory_buffer<T, SIZE,
      Allocator>::basic_memory_buffer(const Allocator &) [with T=fmt::v11::detail::bigint::bigit, SIZE=32UL,
      Allocator=fmt::v11::detail::allocator<fmt::v11::detail::bigint::bigit>]"
          constexpr bigint() : exp_(0) {}
                                       ^

      /tmp/.tmpogcIvy/sdists-v9/pypi/lightgbm/4.7.0/insGUydc4PW9vJoP/src/external_libs/fmt/include/fmt/base.h(472):
      warning #128-D: loop is not reachable
          for (; n != 0; ++s1, ++s2, --n) {
          ^
                detected during:
                  instantiation of "auto fmt::v11::detail::compare(const Char *, const Char *, std::size_t)->int [with
      Char=char]" at line 591
                  instantiation of "auto fmt::v11::basic_string_view<Char>::compare(fmt::v11::basic_string_view<Char>)
      const->int [with Char=char]" at line 598
                  instantiation of class "fmt::v11::basic_string_view<Char> [with Char=char]" at line 2612
                  instantiation of "auto fmt::v11::basic_format_args<Context>::get_id(fmt::v11::basic_string_view<Char>)
      const->int [with Context=fmt::v11::context, Char=char]" at line 2655

      Remark: The warnings can be suppressed with "-diag-suppress <warning-number>"

      /tmp/.tmpogcIvy/sdists-v9/pypi/lightgbm/4.7.0/insGUydc4PW9vJoP/src/external_libs/fmt/include/fmt/format.h(2594):
      warning #2417-D: constexpr constructor calls non-constexpr function "fmt::v11::basic_memory_buffer<T, SIZE,
      Allocator>::basic_memory_buffer(const Allocator &) [with T=fmt::v11::detail::bigint::bigit, SIZE=32UL,
      Allocator=fmt::v11::detail::allocator<fmt::v11::detail::bigint::bigit>]"
          constexpr bigint() : exp_(0) {}
                                       ^

      /tmp/.tmpogcIvy/sdists-v9/pypi/lightgbm/4.7.0/insGUydc4PW9vJoP/src/external_libs/fmt/include/fmt/base.h(472):
      warning #128-D: loop is not reachable
          for (; n != 0; ++s1, ++s2, --n) {
          ^
                detected during:
                  instantiation of "auto fmt::v11::detail::compare(const Char *, const Char *, std::size_t)->int [with
      Char=char]" at line 591
                  instantiation of "auto fmt::v11::basic_string_view<Char>::compare(fmt::v11::basic_string_view<Char>)
      const->int [with Char=char]" at line 598
                  instantiation of class "fmt::v11::basic_string_view<Char> [with Char=char]" at line 2612
                  instantiation of "auto fmt::v11::basic_format_args<Context>::get_id(fmt::v11::basic_string_view<Char>)
      const->int [with Context=fmt::v11::context, Char=char]" at line 2655

      Remark: The warnings can be suppressed with "-diag-suppress <warning-number>"

      /tmp/.tmpogcIvy/sdists-v9/pypi/lightgbm/4.7.0/insGUydc4PW9vJoP/src/external_libs/fmt/include/fmt/format.h(2594):
      warning #2417-D: constexpr constructor calls non-constexpr function "fmt::v11::basic_memory_buffer<T, SIZE,
      Allocator>::basic_memory_buffer(const Allocator &) [with T=fmt::v11::detail::bigint::bigit, SIZE=32UL,
      Allocator=fmt::v11::detail::allocator<fmt::v11::detail::bigint::bigit>]"
          constexpr bigint() : exp_(0) {}
                                       ^

      /tmp/.tmpogcIvy/sdists-v9/pypi/lightgbm/4.7.0/insGUydc4PW9vJoP/src/external_libs/fmt/include/fmt/base.h(472):
      warning #128-D: loop is not reachable
          for (; n != 0; ++s1, ++s2, --n) {
          ^
                detected during:
                  instantiation of "auto fmt::v11::detail::compare(const Char *, const Char *, std::size_t)->int [with
      Char=char]" at line 591
                  instantiation of "auto fmt::v11::basic_string_view<Char>::compare(fmt::v11::basic_string_view<Char>)
      const->int [with Char=char]" at line 598
                  instantiation of class "fmt::v11::basic_string_view<Char> [with Char=char]" at line 2612
                  instantiation of "auto fmt::v11::basic_format_args<Context>::get_id(fmt::v11::basic_string_view<Char>)
      const->int [with Context=fmt::v11::context, Char=char]" at line 2655

      Remark: The warnings can be suppressed with "-diag-suppress <warning-number>"

      /tmp/.tmpogcIvy/sdists-v9/pypi/lightgbm/4.7.0/insGUydc4PW9vJoP/src/external_libs/fmt/include/fmt/format.h(2594):
      warning #2417-D: constexpr constructor calls non-constexpr function "fmt::v11::basic_memory_buffer<T, SIZE,
      Allocator>::basic_memory_buffer(const Allocator &) [with T=fmt::v11::detail::bigint::bigit, SIZE=32UL,
      Allocator=fmt::v11::detail::allocator<fmt::v11::detail::bigint::bigit>]"
          constexpr bigint() : exp_(0) {}
                                       ^

      /tmp/.tmpogcIvy/sdists-v9/pypi/lightgbm/4.7.0/insGUydc4PW9vJoP/src/external_libs/fmt/include/fmt/base.h(472):
      warning #128-D: loop is not reachable
          for (; n != 0; ++s1, ++s2, --n) {
          ^
                detected during:
                  instantiation of "auto fmt::v11::detail::compare(const Char *, const Char *, std::size_t)->int [with
      Char=char]" at line 591
                  instantiation of "auto fmt::v11::basic_string_view<Char>::compare(fmt::v11::basic_string_view<Char>)
      const->int [with Char=char]" at line 598
                  instantiation of class "fmt::v11::basic_string_view<Char> [with Char=char]" at line 2612
                  instantiation of "auto fmt::v11::basic_format_args<Context>::get_id(fmt::v11::basic_string_view<Char>)
      const->int [with Context=fmt::v11::context, Char=char]" at line 2655

      Remark: The warnings can be suppressed with "-diag-suppress <warning-number>"

      /tmp/.tmpogcIvy/sdists-v9/pypi/lightgbm/4.7.0/insGUydc4PW9vJoP/src/external_libs/fmt/include/fmt/format.h(2594):
      warning #2417-D: constexpr constructor calls non-constexpr function "fmt::v11::basic_memory_buffer<T, SIZE,
      Allocator>::basic_memory_buffer(const Allocator &) [with T=fmt::v11::detail::bigint::bigit, SIZE=32UL,
      Allocator=fmt::v11::detail::allocator<fmt::v11::detail::bigint::bigit>]"
          constexpr bigint() : exp_(0) {}
                                       ^

      /tmp/.tmpogcIvy/sdists-v9/pypi/lightgbm/4.7.0/insGUydc4PW9vJoP/src/external_libs/fmt/include/fmt/base.h(472):
      warning #128-D: loop is not reachable
          for (; n != 0; ++s1, ++s2, --n) {
          ^
                detected during:
                  instantiation of "auto fmt::v11::detail::compare(const Char *, const Char *, std::size_t)->int [with
      Char=char]" at line 591
                  instantiation of "auto fmt::v11::basic_string_view<Char>::compare(fmt::v11::basic_string_view<Char>)
      const->int [with Char=char]" at line 598
                  instantiation of class "fmt::v11::basic_string_view<Char> [with Char=char]" at line 2612
                  instantiation of "auto fmt::v11::basic_format_args<Context>::get_id(fmt::v11::basic_string_view<Char>)
      const->int [with Context=fmt::v11::context, Char=char]" at line 2655

      Remark: The warnings can be suppressed with "-diag-suppress <warning-number>"

      /tmp/.tmpogcIvy/sdists-v9/pypi/lightgbm/4.7.0/insGUydc4PW9vJoP/src/external_libs/fmt/include/fmt/format.h(2594):
      warning #2417-D: constexpr constructor calls non-constexpr function "fmt::v11::basic_memory_buffer<T, SIZE,
      Allocator>::basic_memory_buffer(const Allocator &) [with T=fmt::v11::detail::bigint::bigit, SIZE=32UL,
      Allocator=fmt::v11::detail::allocator<fmt::v11::detail::bigint::bigit>]"
          constexpr bigint() : exp_(0) {}
                                       ^

      /tmp/.tmpogcIvy/sdists-v9/pypi/lightgbm/4.7.0/insGUydc4PW9vJoP/src/external_libs/fmt/include/fmt/base.h(472):
      warning #128-D: loop is not reachable
          for (; n != 0; ++s1, ++s2, --n) {
          ^
                detected during:
                  instantiation of "auto fmt::v11::detail::compare(const Char *, const Char *, std::size_t)->int [with
      Char=char]" at line 591
                  instantiation of "auto fmt::v11::basic_string_view<Char>::compare(fmt::v11::basic_string_view<Char>)
      const->int [with Char=char]" at line 598
                  instantiation of class "fmt::v11::basic_string_view<Char> [with Char=char]" at line 2612
                  instantiation of "auto fmt::v11::basic_format_args<Context>::get_id(fmt::v11::basic_string_view<Char>)
      const->int [with Context=fmt::v11::context, Char=char]" at line 2655

      Remark: The warnings can be suppressed with "-diag-suppress <warning-number>"

      /tmp/.tmpogcIvy/sdists-v9/pypi/lightgbm/4.7.0/insGUydc4PW9vJoP/src/external_libs/fmt/include/fmt/format.h(2594):
      warning #2417-D: constexpr constructor calls non-constexpr function "fmt::v11::basic_memory_buffer<T, SIZE,
      Allocator>::basic_memory_buffer(const Allocator &) [with T=fmt::v11::detail::bigint::bigit, SIZE=32UL,
      Allocator=fmt::v11::detail::allocator<fmt::v11::detail::bigint::bigit>]"
          constexpr bigint() : exp_(0) {}
                                       ^

      /tmp/.tmpogcIvy/sdists-v9/pypi/lightgbm/4.7.0/insGUydc4PW9vJoP/src/external_libs/fmt/include/fmt/base.h(472):
      warning #128-D: loop is not reachable
          for (; n != 0; ++s1, ++s2, --n) {
          ^
                detected during:
                  instantiation of "auto fmt::v11::detail::compare(const Char *, const Char *, std::size_t)->int [with
      Char=char]" at line 591
                  instantiation of "auto fmt::v11::basic_string_view<Char>::compare(fmt::v11::basic_string_view<Char>)
      const->int [with Char=char]" at line 598
                  instantiation of class "fmt::v11::basic_string_view<Char> [with Char=char]" at line 2612
                  instantiation of "auto fmt::v11::basic_format_args<Context>::get_id(fmt::v11::basic_string_view<Char>)
      const->int [with Context=fmt::v11::context, Char=char]" at line 2655

      Remark: The warnings can be suppressed with "-diag-suppress <warning-number>"

      /tmp/.tmpogcIvy/sdists-v9/pypi/lightgbm/4.7.0/insGUydc4PW9vJoP/src/external_libs/fmt/include/fmt/format.h(2594):
      warning #2417-D: constexpr constructor calls non-constexpr function "fmt::v11::basic_memory_buffer<T, SIZE,
      Allocator>::basic_memory_buffer(const Allocator &) [with T=fmt::v11::detail::bigint::bigit, SIZE=32UL,
      Allocator=fmt::v11::detail::allocator<fmt::v11::detail::bigint::bigit>]"
          constexpr bigint() : exp_(0) {}
                                       ^

      [70/76] Building CUDA object CMakeFiles/lightgbm_objs.dir/src/treelearner/cuda/cuda_gradient_discretizer.cu.o
      nvcc warning : Support for offline compilation for architectures prior to '<compute/sm/lto>_75' will be removed
      in a future release (Use -Wno-deprecated-gpu-targets to suppress warning).
      /tmp/.tmpogcIvy/sdists-v9/pypi/lightgbm/4.7.0/insGUydc4PW9vJoP/src/external_libs/fmt/include/fmt/base.h(472):
      warning #128-D: loop is not reachable
          for (; n != 0; ++s1, ++s2, --n) {
          ^
                detected during:
                  instantiation of "auto fmt::v11::detail::compare(const Char *, const Char *, std::size_t)->int [with
      Char=char]" at line 591
                  instantiation of "auto fmt::v11::basic_string_view<Char>::compare(fmt::v11::basic_string_view<Char>)
      const->int [with Char=char]" at line 598
                  instantiation of class "fmt::v11::basic_string_view<Char> [with Char=char]" at line 2612
                  instantiation of "auto fmt::v11::basic_format_args<Context>::get_id(fmt::v11::basic_string_view<Char>)
      const->int [with Context=fmt::v11::context, Char=char]" at line 2655

      Remark: The warnings can be suppressed with "-diag-suppress <warning-number>"

      /tmp/.tmpogcIvy/sdists-v9/pypi/lightgbm/4.7.0/insGUydc4PW9vJoP/src/external_libs/fmt/include/fmt/format.h(2594):
      warning #2417-D: constexpr constructor calls non-constexpr function "fmt::v11::basic_memory_buffer<T, SIZE,
      Allocator>::basic_memory_buffer(const Allocator &) [with T=fmt::v11::detail::bigint::bigit, SIZE=32UL,
      Allocator=fmt::v11::detail::allocator<fmt::v11::detail::bigint::bigit>]"
          constexpr bigint() : exp_(0) {}
                                       ^

      /tmp/.tmpogcIvy/sdists-v9/pypi/lightgbm/4.7.0/insGUydc4PW9vJoP/src/external_libs/fmt/include/fmt/base.h(472):
      warning #128-D: loop is not reachable
          for (; n != 0; ++s1, ++s2, --n) {
          ^
                detected during:
                  instantiation of "auto fmt::v11::detail::compare(const Char *, const Char *, std::size_t)->int [with
      Char=char]" at line 591
                  instantiation of "auto fmt::v11::basic_string_view<Char>::compare(fmt::v11::basic_string_view<Char>)
      const->int [with Char=char]" at line 598
                  instantiation of class "fmt::v11::basic_string_view<Char> [with Char=char]" at line 2612
                  instantiation of "auto fmt::v11::basic_format_args<Context>::get_id(fmt::v11::basic_string_view<Char>)
      const->int [with Context=fmt::v11::context, Char=char]" at line 2655

      Remark: The warnings can be suppressed with "-diag-suppress <warning-number>"

      /tmp/.tmpogcIvy/sdists-v9/pypi/lightgbm/4.7.0/insGUydc4PW9vJoP/src/external_libs/fmt/include/fmt/format.h(2594):
      warning #2417-D: constexpr constructor calls non-constexpr function "fmt::v11::basic_memory_buffer<T, SIZE,
      Allocator>::basic_memory_buffer(const Allocator &) [with T=fmt::v11::detail::bigint::bigit, SIZE=32UL,
      Allocator=fmt::v11::detail::allocator<fmt::v11::detail::bigint::bigit>]"
          constexpr bigint() : exp_(0) {}
                                       ^

      /tmp/.tmpogcIvy/sdists-v9/pypi/lightgbm/4.7.0/insGUydc4PW9vJoP/src/external_libs/fmt/include/fmt/base.h(472):
      warning #128-D: loop is not reachable
          for (; n != 0; ++s1, ++s2, --n) {
          ^
                detected during:
                  instantiation of "auto fmt::v11::detail::compare(const Char *, const Char *, std::size_t)->int [with
      Char=char]" at line 591
                  instantiation of "auto fmt::v11::basic_string_view<Char>::compare(fmt::v11::basic_string_view<Char>)
      const->int [with Char=char]" at line 598
                  instantiation of class "fmt::v11::basic_string_view<Char> [with Char=char]" at line 2612
                  instantiation of "auto fmt::v11::basic_format_args<Context>::get_id(fmt::v11::basic_string_view<Char>)
      const->int [with Context=fmt::v11::context, Char=char]" at line 2655

      Remark: The warnings can be suppressed with "-diag-suppress <warning-number>"

      /tmp/.tmpogcIvy/sdists-v9/pypi/lightgbm/4.7.0/insGUydc4PW9vJoP/src/external_libs/fmt/include/fmt/format.h(2594):
      warning #2417-D: constexpr constructor calls non-constexpr function "fmt::v11::basic_memory_buffer<T, SIZE,
      Allocator>::basic_memory_buffer(const Allocator &) [with T=fmt::v11::detail::bigint::bigit, SIZE=32UL,
      Allocator=fmt::v11::detail::allocator<fmt::v11::detail::bigint::bigit>]"
          constexpr bigint() : exp_(0) {}
                                       ^

      /tmp/.tmpogcIvy/sdists-v9/pypi/lightgbm/4.7.0/insGUydc4PW9vJoP/src/external_libs/fmt/include/fmt/base.h(472):
      warning #128-D: loop is not reachable
          for (; n != 0; ++s1, ++s2, --n) {
          ^
                detected during:
                  instantiation of "auto fmt::v11::detail::compare(const Char *, const Char *, std::size_t)->int [with
      Char=char]" at line 591
                  instantiation of "auto fmt::v11::basic_string_view<Char>::compare(fmt::v11::basic_string_view<Char>)
      const->int [with Char=char]" at line 598
                  instantiation of class "fmt::v11::basic_string_view<Char> [with Char=char]" at line 2612
                  instantiation of "auto fmt::v11::basic_format_args<Context>::get_id(fmt::v11::basic_string_view<Char>)
      const->int [with Context=fmt::v11::context, Char=char]" at line 2655

      Remark: The warnings can be suppressed with "-diag-suppress <warning-number>"

      /tmp/.tmpogcIvy/sdists-v9/pypi/lightgbm/4.7.0/insGUydc4PW9vJoP/src/external_libs/fmt/include/fmt/format.h(2594):
      warning #2417-D: constexpr constructor calls non-constexpr function "fmt::v11::basic_memory_buffer<T, SIZE,
      Allocator>::basic_memory_buffer(const Allocator &) [with T=fmt::v11::detail::bigint::bigit, SIZE=32UL,
      Allocator=fmt::v11::detail::allocator<fmt::v11::detail::bigint::bigit>]"
          constexpr bigint() : exp_(0) {}
                                       ^

      /tmp/.tmpogcIvy/sdists-v9/pypi/lightgbm/4.7.0/insGUydc4PW9vJoP/src/external_libs/fmt/include/fmt/base.h(472):
      warning #128-D: loop is not reachable
          for (; n != 0; ++s1, ++s2, --n) {
          ^
                detected during:
                  instantiation of "auto fmt::v11::detail::compare(const Char *, const Char *, std::size_t)->int [with
      Char=char]" at line 591
                  instantiation of "auto fmt::v11::basic_string_view<Char>::compare(fmt::v11::basic_string_view<Char>)
      const->int [with Char=char]" at line 598
                  instantiation of class "fmt::v11::basic_string_view<Char> [with Char=char]" at line 2612
                  instantiation of "auto fmt::v11::basic_format_args<Context>::get_id(fmt::v11::basic_string_view<Char>)
      const->int [with Context=fmt::v11::context, Char=char]" at line 2655

      Remark: The warnings can be suppressed with "-diag-suppress <warning-number>"

      /tmp/.tmpogcIvy/sdists-v9/pypi/lightgbm/4.7.0/insGUydc4PW9vJoP/src/external_libs/fmt/include/fmt/format.h(2594):
      warning #2417-D: constexpr constructor calls non-constexpr function "fmt::v11::basic_memory_buffer<T, SIZE,
      Allocator>::basic_memory_buffer(const Allocator &) [with T=fmt::v11::detail::bigint::bigit, SIZE=32UL,
      Allocator=fmt::v11::detail::allocator<fmt::v11::detail::bigint::bigit>]"
          constexpr bigint() : exp_(0) {}
                                       ^

      /tmp/.tmpogcIvy/sdists-v9/pypi/lightgbm/4.7.0/insGUydc4PW9vJoP/src/external_libs/fmt/include/fmt/base.h(472):
      warning #128-D: loop is not reachable
          for (; n != 0; ++s1, ++s2, --n) {
          ^
                detected during:
                  instantiation of "auto fmt::v11::detail::compare(const Char *, const Char *, std::size_t)->int [with
      Char=char]" at line 591
                  instantiation of "auto fmt::v11::basic_string_view<Char>::compare(fmt::v11::basic_string_view<Char>)
      const->int [with Char=char]" at line 598
                  instantiation of class "fmt::v11::basic_string_view<Char> [with Char=char]" at line 2612
                  instantiation of "auto fmt::v11::basic_format_args<Context>::get_id(fmt::v11::basic_string_view<Char>)
      const->int [with Context=fmt::v11::context, Char=char]" at line 2655

      Remark: The warnings can be suppressed with "-diag-suppress <warning-number>"

      /tmp/.tmpogcIvy/sdists-v9/pypi/lightgbm/4.7.0/insGUydc4PW9vJoP/src/external_libs/fmt/include/fmt/format.h(2594):
      warning #2417-D: constexpr constructor calls non-constexpr function "fmt::v11::basic_memory_buffer<T, SIZE,
      Allocator>::basic_memory_buffer(const Allocator &) [with T=fmt::v11::detail::bigint::bigit, SIZE=32UL,
      Allocator=fmt::v11::detail::allocator<fmt::v11::detail::bigint::bigit>]"
          constexpr bigint() : exp_(0) {}
                                       ^

      /tmp/.tmpogcIvy/sdists-v9/pypi/lightgbm/4.7.0/insGUydc4PW9vJoP/src/external_libs/fmt/include/fmt/base.h(472):
      warning #128-D: loop is not reachable
          for (; n != 0; ++s1, ++s2, --n) {
          ^
                detected during:
                  instantiation of "auto fmt::v11::detail::compare(const Char *, const Char *, std::size_t)->int [with
      Char=char]" at line 591
                  instantiation of "auto fmt::v11::basic_string_view<Char>::compare(fmt::v11::basic_string_view<Char>)
      const->int [with Char=char]" at line 598
                  instantiation of class "fmt::v11::basic_string_view<Char> [with Char=char]" at line 2612
                  instantiation of "auto fmt::v11::basic_format_args<Context>::get_id(fmt::v11::basic_string_view<Char>)
      const->int [with Context=fmt::v11::context, Char=char]" at line 2655

      Remark: The warnings can be suppressed with "-diag-suppress <warning-number>"

      /tmp/.tmpogcIvy/sdists-v9/pypi/lightgbm/4.7.0/insGUydc4PW9vJoP/src/external_libs/fmt/include/fmt/format.h(2594):
      warning #2417-D: constexpr constructor calls non-constexpr function "fmt::v11::basic_memory_buffer<T, SIZE,
      Allocator>::basic_memory_buffer(const Allocator &) [with T=fmt::v11::detail::bigint::bigit, SIZE=32UL,
      Allocator=fmt::v11::detail::allocator<fmt::v11::detail::bigint::bigit>]"
          constexpr bigint() : exp_(0) {}
                                       ^

      /tmp/.tmpogcIvy/sdists-v9/pypi/lightgbm/4.7.0/insGUydc4PW9vJoP/src/external_libs/fmt/include/fmt/base.h(472):
      warning #128-D: loop is not reachable
          for (; n != 0; ++s1, ++s2, --n) {
          ^
                detected during:
                  instantiation of "auto fmt::v11::detail::compare(const Char *, const Char *, std::size_t)->int [with
      Char=char]" at line 591
                  instantiation of "auto fmt::v11::basic_string_view<Char>::compare(fmt::v11::basic_string_view<Char>)
      const->int [with Char=char]" at line 598
                  instantiation of class "fmt::v11::basic_string_view<Char> [with Char=char]" at line 2612
                  instantiation of "auto fmt::v11::basic_format_args<Context>::get_id(fmt::v11::basic_string_view<Char>)
      const->int [with Context=fmt::v11::context, Char=char]" at line 2655

      Remark: The warnings can be suppressed with "-diag-suppress <warning-number>"

      /tmp/.tmpogcIvy/sdists-v9/pypi/lightgbm/4.7.0/insGUydc4PW9vJoP/src/external_libs/fmt/include/fmt/format.h(2594):
      warning #2417-D: constexpr constructor calls non-constexpr function "fmt::v11::basic_memory_buffer<T, SIZE,
      Allocator>::basic_memory_buffer(const Allocator &) [with T=fmt::v11::detail::bigint::bigit, SIZE=32UL,
      Allocator=fmt::v11::detail::allocator<fmt::v11::detail::bigint::bigit>]"
          constexpr bigint() : exp_(0) {}
                                       ^

      /tmp/.tmpogcIvy/sdists-v9/pypi/lightgbm/4.7.0/insGUydc4PW9vJoP/src/external_libs/fmt/include/fmt/base.h(472):
      warning #128-D: loop is not reachable
          for (; n != 0; ++s1, ++s2, --n) {
          ^
                detected during:
                  instantiation of "auto fmt::v11::detail::compare(const Char *, const Char *, std::size_t)->int [with
      Char=char]" at line 591
                  instantiation of "auto fmt::v11::basic_string_view<Char>::compare(fmt::v11::basic_string_view<Char>)
      const->int [with Char=char]" at line 598
                  instantiation of class "fmt::v11::basic_string_view<Char> [with Char=char]" at line 2612
                  instantiation of "auto fmt::v11::basic_format_args<Context>::get_id(fmt::v11::basic_string_view<Char>)
      const->int [with Context=fmt::v11::context, Char=char]" at line 2655

      Remark: The warnings can be suppressed with "-diag-suppress <warning-number>"

      /tmp/.tmpogcIvy/sdists-v9/pypi/lightgbm/4.7.0/insGUydc4PW9vJoP/src/external_libs/fmt/include/fmt/format.h(2594):
      warning #2417-D: constexpr constructor calls non-constexpr function "fmt::v11::basic_memory_buffer<T, SIZE,
      Allocator>::basic_memory_buffer(const Allocator &) [with T=fmt::v11::detail::bigint::bigit, SIZE=32UL,
      Allocator=fmt::v11::detail::allocator<fmt::v11::detail::bigint::bigit>]"
          constexpr bigint() : exp_(0) {}
                                       ^

      /tmp/.tmpogcIvy/sdists-v9/pypi/lightgbm/4.7.0/insGUydc4PW9vJoP/src/external_libs/fmt/include/fmt/base.h(472):
      warning #128-D: loop is not reachable
          for (; n != 0; ++s1, ++s2, --n) {
          ^
                detected during:
                  instantiation of "auto fmt::v11::detail::compare(const Char *, const Char *, std::size_t)->int [with
      Char=char]" at line 591
                  instantiation of "auto fmt::v11::basic_string_view<Char>::compare(fmt::v11::basic_string_view<Char>)
      const->int [with Char=char]" at line 598
                  instantiation of class "fmt::v11::basic_string_view<Char> [with Char=char]" at line 2612
                  instantiation of "auto fmt::v11::basic_format_args<Context>::get_id(fmt::v11::basic_string_view<Char>)
      const->int [with Context=fmt::v11::context, Char=char]" at line 2655

      Remark: The warnings can be suppressed with "-diag-suppress <warning-number>"

      /tmp/.tmpogcIvy/sdists-v9/pypi/lightgbm/4.7.0/insGUydc4PW9vJoP/src/external_libs/fmt/include/fmt/format.h(2594):
      warning #2417-D: constexpr constructor calls non-constexpr function "fmt::v11::basic_memory_buffer<T, SIZE,
      Allocator>::basic_memory_buffer(const Allocator &) [with T=fmt::v11::detail::bigint::bigit, SIZE=32UL,
      Allocator=fmt::v11::detail::allocator<fmt::v11::detail::bigint::bigit>]"
          constexpr bigint() : exp_(0) {}
                                       ^

      [71/76] Building CUDA object CMakeFiles/lightgbm_objs.dir/src/treelearner/cuda/cuda_single_gpu_tree_learner.cu.o
      nvcc warning : Support for offline compilation for architectures prior to '<compute/sm/lto>_75' will be removed
      in a future release (Use -Wno-deprecated-gpu-targets to suppress warning).
      /tmp/.tmpogcIvy/sdists-v9/pypi/lightgbm/4.7.0/insGUydc4PW9vJoP/src/external_libs/fmt/include/fmt/base.h(472):
      warning #128-D: loop is not reachable
          for (; n != 0; ++s1, ++s2, --n) {
          ^
                detected during:
                  instantiation of "auto fmt::v11::detail::compare(const Char *, const Char *, std::size_t)->int [with
      Char=char]" at line 591
                  instantiation of "auto fmt::v11::basic_string_view<Char>::compare(fmt::v11::basic_string_view<Char>)
      const->int [with Char=char]" at line 598
                  instantiation of class "fmt::v11::basic_string_view<Char> [with Char=char]" at line 2612
                  instantiation of "auto fmt::v11::basic_format_args<Context>::get_id(fmt::v11::basic_string_view<Char>)
      const->int [with Context=fmt::v11::context, Char=char]" at line 2655

      Remark: The warnings can be suppressed with "-diag-suppress <warning-number>"

      /tmp/.tmpogcIvy/sdists-v9/pypi/lightgbm/4.7.0/insGUydc4PW9vJoP/src/external_libs/fmt/include/fmt/format.h(2594):
      warning #2417-D: constexpr constructor calls non-constexpr function "fmt::v11::basic_memory_buffer<T, SIZE,
      Allocator>::basic_memory_buffer(const Allocator &) [with T=fmt::v11::detail::bigint::bigit, SIZE=32UL,
      Allocator=fmt::v11::detail::allocator<fmt::v11::detail::bigint::bigit>]"
          constexpr bigint() : exp_(0) {}
                                       ^

      /tmp/.tmpogcIvy/sdists-v9/pypi/lightgbm/4.7.0/insGUydc4PW9vJoP/src/external_libs/fmt/include/fmt/base.h(472):
      warning #128-D: loop is not reachable
          for (; n != 0; ++s1, ++s2, --n) {
          ^
                detected during:
                  instantiation of "auto fmt::v11::detail::compare(const Char *, const Char *, std::size_t)->int [with
      Char=char]" at line 591
                  instantiation of "auto fmt::v11::basic_string_view<Char>::compare(fmt::v11::basic_string_view<Char>)
      const->int [with Char=char]" at line 598
                  instantiation of class "fmt::v11::basic_string_view<Char> [with Char=char]" at line 2612
                  instantiation of "auto fmt::v11::basic_format_args<Context>::get_id(fmt::v11::basic_string_view<Char>)
      const->int [with Context=fmt::v11::context, Char=char]" at line 2655

      Remark: The warnings can be suppressed with "-diag-suppress <warning-number>"

      /tmp/.tmpogcIvy/sdists-v9/pypi/lightgbm/4.7.0/insGUydc4PW9vJoP/src/external_libs/fmt/include/fmt/format.h(2594):
      warning #2417-D: constexpr constructor calls non-constexpr function "fmt::v11::basic_memory_buffer<T, SIZE,
      Allocator>::basic_memory_buffer(const Allocator &) [with T=fmt::v11::detail::bigint::bigit, SIZE=32UL,
      Allocator=fmt::v11::detail::allocator<fmt::v11::detail::bigint::bigit>]"
          constexpr bigint() : exp_(0) {}
                                       ^

      /tmp/.tmpogcIvy/sdists-v9/pypi/lightgbm/4.7.0/insGUydc4PW9vJoP/src/include/LightGBM/cuda/cuda_split_info.hpp(54):
      warning #20014-D: calling a __host__ function from a __host__ __device__ function is not allowed
                { gpuAssert((cudaFree(cat_threshold)),
      "/tmp/.tmpogcIvy/sdists-v9/pypi/lightgbm/4.7.0/insGUydc4PW9vJoP/src/include/LightGBM/cuda/cuda_split_info.hpp",
      54); };
                           ^

      /tmp/.tmpogcIvy/sdists-v9/pypi/lightgbm/4.7.0/insGUydc4PW9vJoP/src/include/LightGBM/cuda/cuda_split_info.hpp(57):
      warning #20014-D: calling a __host__ function from a __host__ __device__ function is not allowed
                { gpuAssert((cudaFree(cat_threshold_real)),
      "/tmp/.tmpogcIvy/sdists-v9/pypi/lightgbm/4.7.0/insGUydc4PW9vJoP/src/include/LightGBM/cuda/cuda_split_info.hpp",
      57); };
                           ^

      /tmp/.tmpogcIvy/sdists-v9/pypi/lightgbm/4.7.0/insGUydc4PW9vJoP/src/external_libs/fmt/include/fmt/base.h(472):
      warning #128-D: loop is not reachable
          for (; n != 0; ++s1, ++s2, --n) {
          ^
                detected during:
                  instantiation of "auto fmt::v11::detail::compare(const Char *, const Char *, std::size_t)->int [with
      Char=char]" at line 591
                  instantiation of "auto fmt::v11::basic_string_view<Char>::compare(fmt::v11::basic_string_view<Char>)
      const->int [with Char=char]" at line 598
                  instantiation of class "fmt::v11::basic_string_view<Char> [with Char=char]" at line 2612
                  instantiation of "auto fmt::v11::basic_format_args<Context>::get_id(fmt::v11::basic_string_view<Char>)
      const->int [with Context=fmt::v11::context, Char=char]" at line 2655

      Remark: The warnings can be suppressed with "-diag-suppress <warning-number>"

      /tmp/.tmpogcIvy/sdists-v9/pypi/lightgbm/4.7.0/insGUydc4PW9vJoP/src/external_libs/fmt/include/fmt/format.h(2594):
      warning #2417-D: constexpr constructor calls non-constexpr function "fmt::v11::basic_memory_buffer<T, SIZE,
      Allocator>::basic_memory_buffer(const Allocator &) [with T=fmt::v11::detail::bigint::bigit, SIZE=32UL,
      Allocator=fmt::v11::detail::allocator<fmt::v11::detail::bigint::bigit>]"
          constexpr bigint() : exp_(0) {}
                                       ^

      /tmp/.tmpogcIvy/sdists-v9/pypi/lightgbm/4.7.0/insGUydc4PW9vJoP/src/include/LightGBM/cuda/cuda_split_info.hpp(54):
      warning #20014-D: calling a __host__ function from a __host__ __device__ function is not allowed
                { gpuAssert((cudaFree(cat_threshold)),
      "/tmp/.tmpogcIvy/sdists-v9/pypi/lightgbm/4.7.0/insGUydc4PW9vJoP/src/include/LightGBM/cuda/cuda_split_info.hpp",
      54); };
                           ^

      /tmp/.tmpogcIvy/sdists-v9/pypi/lightgbm/4.7.0/insGUydc4PW9vJoP/src/include/LightGBM/cuda/cuda_split_info.hpp(57):
      warning #20014-D: calling a __host__ function from a __host__ __device__ function is not allowed
                { gpuAssert((cudaFree(cat_threshold_real)),
      "/tmp/.tmpogcIvy/sdists-v9/pypi/lightgbm/4.7.0/insGUydc4PW9vJoP/src/include/LightGBM/cuda/cuda_split_info.hpp",
      57); };
                           ^

      /tmp/.tmpogcIvy/sdists-v9/pypi/lightgbm/4.7.0/insGUydc4PW9vJoP/src/external_libs/fmt/include/fmt/base.h(472):
      warning #128-D: loop is not reachable
          for (; n != 0; ++s1, ++s2, --n) {
          ^
                detected during:
                  instantiation of "auto fmt::v11::detail::compare(const Char *, const Char *, std::size_t)->int [with
      Char=char]" at line 591
                  instantiation of "auto fmt::v11::basic_string_view<Char>::compare(fmt::v11::basic_string_view<Char>)
      const->int [with Char=char]" at line 598
                  instantiation of class "fmt::v11::basic_string_view<Char> [with Char=char]" at line 2612
                  instantiation of "auto fmt::v11::basic_format_args<Context>::get_id(fmt::v11::basic_string_view<Char>)
      const->int [with Context=fmt::v11::context, Char=char]" at line 2655

      Remark: The warnings can be suppressed with "-diag-suppress <warning-number>"

      /tmp/.tmpogcIvy/sdists-v9/pypi/lightgbm/4.7.0/insGUydc4PW9vJoP/src/external_libs/fmt/include/fmt/format.h(2594):
      warning #2417-D: constexpr constructor calls non-constexpr function "fmt::v11::basic_memory_buffer<T, SIZE,
      Allocator>::basic_memory_buffer(const Allocator &) [with T=fmt::v11::detail::bigint::bigit, SIZE=32UL,
      Allocator=fmt::v11::detail::allocator<fmt::v11::detail::bigint::bigit>]"
          constexpr bigint() : exp_(0) {}
                                       ^

      /tmp/.tmpogcIvy/sdists-v9/pypi/lightgbm/4.7.0/insGUydc4PW9vJoP/src/include/LightGBM/cuda/cuda_split_info.hpp(54):
      warning #20014-D: calling a __host__ function from a __host__ __device__ function is not allowed
                { gpuAssert((cudaFree(cat_threshold)),
      "/tmp/.tmpogcIvy/sdists-v9/pypi/lightgbm/4.7.0/insGUydc4PW9vJoP/src/include/LightGBM/cuda/cuda_split_info.hpp",
      54); };
                           ^

      /tmp/.tmpogcIvy/sdists-v9/pypi/lightgbm/4.7.0/insGUydc4PW9vJoP/src/include/LightGBM/cuda/cuda_split_info.hpp(57):
      warning #20014-D: calling a __host__ function from a __host__ __device__ function is not allowed
                { gpuAssert((cudaFree(cat_threshold_real)),
      "/tmp/.tmpogcIvy/sdists-v9/pypi/lightgbm/4.7.0/insGUydc4PW9vJoP/src/include/LightGBM/cuda/cuda_split_info.hpp",
      57); };
                           ^

      /tmp/.tmpogcIvy/sdists-v9/pypi/lightgbm/4.7.0/insGUydc4PW9vJoP/src/external_libs/fmt/include/fmt/base.h(472):
      warning #128-D: loop is not reachable
          for (; n != 0; ++s1, ++s2, --n) {
          ^
                detected during:
                  instantiation of "auto fmt::v11::detail::compare(const Char *, const Char *, std::size_t)->int [with
      Char=char]" at line 591
                  instantiation of "auto fmt::v11::basic_string_view<Char>::compare(fmt::v11::basic_string_view<Char>)
      const->int [with Char=char]" at line 598
                  instantiation of class "fmt::v11::basic_string_view<Char> [with Char=char]" at line 2612
                  instantiation of "auto fmt::v11::basic_format_args<Context>::get_id(fmt::v11::basic_string_view<Char>)
      const->int [with Context=fmt::v11::context, Char=char]" at line 2655

      Remark: The warnings can be suppressed with "-diag-suppress <warning-number>"

      /tmp/.tmpogcIvy/sdists-v9/pypi/lightgbm/4.7.0/insGUydc4PW9vJoP/src/external_libs/fmt/include/fmt/format.h(2594):
      warning #2417-D: constexpr constructor calls non-constexpr function "fmt::v11::basic_memory_buffer<T, SIZE,
      Allocator>::basic_memory_buffer(const Allocator &) [with T=fmt::v11::detail::bigint::bigit, SIZE=32UL,
      Allocator=fmt::v11::detail::allocator<fmt::v11::detail::bigint::bigit>]"
          constexpr bigint() : exp_(0) {}
                                       ^

      /tmp/.tmpogcIvy/sdists-v9/pypi/lightgbm/4.7.0/insGUydc4PW9vJoP/src/include/LightGBM/cuda/cuda_split_info.hpp(54):
      warning #20014-D: calling a __host__ function from a __host__ __device__ function is not allowed
                { gpuAssert((cudaFree(cat_threshold)),
      "/tmp/.tmpogcIvy/sdists-v9/pypi/lightgbm/4.7.0/insGUydc4PW9vJoP/src/include/LightGBM/cuda/cuda_split_info.hpp",
      54); };
                           ^

      /tmp/.tmpogcIvy/sdists-v9/pypi/lightgbm/4.7.0/insGUydc4PW9vJoP/src/include/LightGBM/cuda/cuda_split_info.hpp(57):
      warning #20014-D: calling a __host__ function from a __host__ __device__ function is not allowed
                { gpuAssert((cudaFree(cat_threshold_real)),
      "/tmp/.tmpogcIvy/sdists-v9/pypi/lightgbm/4.7.0/insGUydc4PW9vJoP/src/include/LightGBM/cuda/cuda_split_info.hpp",
      57); };
                           ^

      /tmp/.tmpogcIvy/sdists-v9/pypi/lightgbm/4.7.0/insGUydc4PW9vJoP/src/external_libs/fmt/include/fmt/base.h(472):
      warning #128-D: loop is not reachable
          for (; n != 0; ++s1, ++s2, --n) {
          ^
                detected during:
                  instantiation of "auto fmt::v11::detail::compare(const Char *, const Char *, std::size_t)->int [with
      Char=char]" at line 591
                  instantiation of "auto fmt::v11::basic_string_view<Char>::compare(fmt::v11::basic_string_view<Char>)
      const->int [with Char=char]" at line 598
                  instantiation of class "fmt::v11::basic_string_view<Char> [with Char=char]" at line 2612
                  instantiation of "auto fmt::v11::basic_format_args<Context>::get_id(fmt::v11::basic_string_view<Char>)
      const->int [with Context=fmt::v11::context, Char=char]" at line 2655

      Remark: The warnings can be suppressed with "-diag-suppress <warning-number>"

      /tmp/.tmpogcIvy/sdists-v9/pypi/lightgbm/4.7.0/insGUydc4PW9vJoP/src/external_libs/fmt/include/fmt/format.h(2594):
      warning #2417-D: constexpr constructor calls non-constexpr function "fmt::v11::basic_memory_buffer<T, SIZE,
      Allocator>::basic_memory_buffer(const Allocator &) [with T=fmt::v11::detail::bigint::bigit, SIZE=32UL,
      Allocator=fmt::v11::detail::allocator<fmt::v11::detail::bigint::bigit>]"
          constexpr bigint() : exp_(0) {}
                                       ^

      /tmp/.tmpogcIvy/sdists-v9/pypi/lightgbm/4.7.0/insGUydc4PW9vJoP/src/include/LightGBM/cuda/cuda_split_info.hpp(54):
      warning #20014-D: calling a __host__ function from a __host__ __device__ function is not allowed
                { gpuAssert((cudaFree(cat_threshold)),
      "/tmp/.tmpogcIvy/sdists-v9/pypi/lightgbm/4.7.0/insGUydc4PW9vJoP/src/include/LightGBM/cuda/cuda_split_info.hpp",
      54); };
                           ^

      /tmp/.tmpogcIvy/sdists-v9/pypi/lightgbm/4.7.0/insGUydc4PW9vJoP/src/include/LightGBM/cuda/cuda_split_info.hpp(57):
      warning #20014-D: calling a __host__ function from a __host__ __device__ function is not allowed
                { gpuAssert((cudaFree(cat_threshold_real)),
      "/tmp/.tmpogcIvy/sdists-v9/pypi/lightgbm/4.7.0/insGUydc4PW9vJoP/src/include/LightGBM/cuda/cuda_split_info.hpp",
      57); };
                           ^

      /tmp/.tmpogcIvy/sdists-v9/pypi/lightgbm/4.7.0/insGUydc4PW9vJoP/src/external_libs/fmt/include/fmt/base.h(472):
      warning #128-D: loop is not reachable
          for (; n != 0; ++s1, ++s2, --n) {
          ^
                detected during:
                  instantiation of "auto fmt::v11::detail::compare(const Char *, const Char *, std::size_t)->int [with
      Char=char]" at line 591
                  instantiation of "auto fmt::v11::basic_string_view<Char>::compare(fmt::v11::basic_string_view<Char>)
      const->int [with Char=char]" at line 598
                  instantiation of class "fmt::v11::basic_string_view<Char> [with Char=char]" at line 2612
                  instantiation of "auto fmt::v11::basic_format_args<Context>::get_id(fmt::v11::basic_string_view<Char>)
      const->int [with Context=fmt::v11::context, Char=char]" at line 2655

      Remark: The warnings can be suppressed with "-diag-suppress <warning-number>"

      /tmp/.tmpogcIvy/sdists-v9/pypi/lightgbm/4.7.0/insGUydc4PW9vJoP/src/external_libs/fmt/include/fmt/format.h(2594):
      warning #2417-D: constexpr constructor calls non-constexpr function "fmt::v11::basic_memory_buffer<T, SIZE,
      Allocator>::basic_memory_buffer(const Allocator &) [with T=fmt::v11::detail::bigint::bigit, SIZE=32UL,
      Allocator=fmt::v11::detail::allocator<fmt::v11::detail::bigint::bigit>]"
          constexpr bigint() : exp_(0) {}
                                       ^

      /tmp/.tmpogcIvy/sdists-v9/pypi/lightgbm/4.7.0/insGUydc4PW9vJoP/src/include/LightGBM/cuda/cuda_split_info.hpp(54):
      warning #20014-D: calling a __host__ function from a __host__ __device__ function is not allowed
                { gpuAssert((cudaFree(cat_threshold)),
      "/tmp/.tmpogcIvy/sdists-v9/pypi/lightgbm/4.7.0/insGUydc4PW9vJoP/src/include/LightGBM/cuda/cuda_split_info.hpp",
      54); };
                           ^

      /tmp/.tmpogcIvy/sdists-v9/pypi/lightgbm/4.7.0/insGUydc4PW9vJoP/src/include/LightGBM/cuda/cuda_split_info.hpp(57):
      warning #20014-D: calling a __host__ function from a __host__ __device__ function is not allowed
                { gpuAssert((cudaFree(cat_threshold_real)),
      "/tmp/.tmpogcIvy/sdists-v9/pypi/lightgbm/4.7.0/insGUydc4PW9vJoP/src/include/LightGBM/cuda/cuda_split_info.hpp",
      57); };
                           ^

      /tmp/.tmpogcIvy/sdists-v9/pypi/lightgbm/4.7.0/insGUydc4PW9vJoP/src/external_libs/fmt/include/fmt/base.h(472):
      warning #128-D: loop is not reachable
          for (; n != 0; ++s1, ++s2, --n) {
          ^
                detected during:
                  instantiation of "auto fmt::v11::detail::compare(const Char *, const Char *, std::size_t)->int [with
      Char=char]" at line 591
                  instantiation of "auto fmt::v11::basic_string_view<Char>::compare(fmt::v11::basic_string_view<Char>)
      const->int [with Char=char]" at line 598
                  instantiation of class "fmt::v11::basic_string_view<Char> [with Char=char]" at line 2612
                  instantiation of "auto fmt::v11::basic_format_args<Context>::get_id(fmt::v11::basic_string_view<Char>)
      const->int [with Context=fmt::v11::context, Char=char]" at line 2655

      Remark: The warnings can be suppressed with "-diag-suppress <warning-number>"

      /tmp/.tmpogcIvy/sdists-v9/pypi/lightgbm/4.7.0/insGUydc4PW9vJoP/src/external_libs/fmt/include/fmt/format.h(2594):
      warning #2417-D: constexpr constructor calls non-constexpr function "fmt::v11::basic_memory_buffer<T, SIZE,
      Allocator>::basic_memory_buffer(const Allocator &) [with T=fmt::v11::detail::bigint::bigit, SIZE=32UL,
      Allocator=fmt::v11::detail::allocator<fmt::v11::detail::bigint::bigit>]"
          constexpr bigint() : exp_(0) {}
                                       ^

      /tmp/.tmpogcIvy/sdists-v9/pypi/lightgbm/4.7.0/insGUydc4PW9vJoP/src/include/LightGBM/cuda/cuda_split_info.hpp(54):
      warning #20014-D: calling a __host__ function from a __host__ __device__ function is not allowed
                { gpuAssert((cudaFree(cat_threshold)),
      "/tmp/.tmpogcIvy/sdists-v9/pypi/lightgbm/4.7.0/insGUydc4PW9vJoP/src/include/LightGBM/cuda/cuda_split_info.hpp",
      54); };
                           ^

      /tmp/.tmpogcIvy/sdists-v9/pypi/lightgbm/4.7.0/insGUydc4PW9vJoP/src/include/LightGBM/cuda/cuda_split_info.hpp(57):
      warning #20014-D: calling a __host__ function from a __host__ __device__ function is not allowed
                { gpuAssert((cudaFree(cat_threshold_real)),
      "/tmp/.tmpogcIvy/sdists-v9/pypi/lightgbm/4.7.0/insGUydc4PW9vJoP/src/include/LightGBM/cuda/cuda_split_info.hpp",
      57); };
                           ^

      /tmp/.tmpogcIvy/sdists-v9/pypi/lightgbm/4.7.0/insGUydc4PW9vJoP/src/external_libs/fmt/include/fmt/base.h(472):
      warning #128-D: loop is not reachable
          for (; n != 0; ++s1, ++s2, --n) {
          ^
                detected during:
                  instantiation of "auto fmt::v11::detail::compare(const Char *, const Char *, std::size_t)->int [with
      Char=char]" at line 591
                  instantiation of "auto fmt::v11::basic_string_view<Char>::compare(fmt::v11::basic_string_view<Char>)
      const->int [with Char=char]" at line 598
                  instantiation of class "fmt::v11::basic_string_view<Char> [with Char=char]" at line 2612
                  instantiation of "auto fmt::v11::basic_format_args<Context>::get_id(fmt::v11::basic_string_view<Char>)
      const->int [with Context=fmt::v11::context, Char=char]" at line 2655

      Remark: The warnings can be suppressed with "-diag-suppress <warning-number>"

      /tmp/.tmpogcIvy/sdists-v9/pypi/lightgbm/4.7.0/insGUydc4PW9vJoP/src/external_libs/fmt/include/fmt/format.h(2594):
      warning #2417-D: constexpr constructor calls non-constexpr function "fmt::v11::basic_memory_buffer<T, SIZE,
      Allocator>::basic_memory_buffer(const Allocator &) [with T=fmt::v11::detail::bigint::bigit, SIZE=32UL,
      Allocator=fmt::v11::detail::allocator<fmt::v11::detail::bigint::bigit>]"
          constexpr bigint() : exp_(0) {}
                                       ^

      /tmp/.tmpogcIvy/sdists-v9/pypi/lightgbm/4.7.0/insGUydc4PW9vJoP/src/include/LightGBM/cuda/cuda_split_info.hpp(54):
      warning #20014-D: calling a __host__ function from a __host__ __device__ function is not allowed
                { gpuAssert((cudaFree(cat_threshold)),
      "/tmp/.tmpogcIvy/sdists-v9/pypi/lightgbm/4.7.0/insGUydc4PW9vJoP/src/include/LightGBM/cuda/cuda_split_info.hpp",
      54); };
                           ^

      /tmp/.tmpogcIvy/sdists-v9/pypi/lightgbm/4.7.0/insGUydc4PW9vJoP/src/include/LightGBM/cuda/cuda_split_info.hpp(57):
      warning #20014-D: calling a __host__ function from a __host__ __device__ function is not allowed
                { gpuAssert((cudaFree(cat_threshold_real)),
      "/tmp/.tmpogcIvy/sdists-v9/pypi/lightgbm/4.7.0/insGUydc4PW9vJoP/src/include/LightGBM/cuda/cuda_split_info.hpp",
      57); };
                           ^

      /tmp/.tmpogcIvy/sdists-v9/pypi/lightgbm/4.7.0/insGUydc4PW9vJoP/src/external_libs/fmt/include/fmt/base.h(472):
      warning #128-D: loop is not reachable
          for (; n != 0; ++s1, ++s2, --n) {
          ^
                detected during:
                  instantiation of "auto fmt::v11::detail::compare(const Char *, const Char *, std::size_t)->int [with
      Char=char]" at line 591
                  instantiation of "auto fmt::v11::basic_string_view<Char>::compare(fmt::v11::basic_string_view<Char>)
      const->int [with Char=char]" at line 598
                  instantiation of class "fmt::v11::basic_string_view<Char> [with Char=char]" at line 2612
                  instantiation of "auto fmt::v11::basic_format_args<Context>::get_id(fmt::v11::basic_string_view<Char>)
      const->int [with Context=fmt::v11::context, Char=char]" at line 2655

      Remark: The warnings can be suppressed with "-diag-suppress <warning-number>"

      /tmp/.tmpogcIvy/sdists-v9/pypi/lightgbm/4.7.0/insGUydc4PW9vJoP/src/external_libs/fmt/include/fmt/format.h(2594):
      warning #2417-D: constexpr constructor calls non-constexpr function "fmt::v11::basic_memory_buffer<T, SIZE,
      Allocator>::basic_memory_buffer(const Allocator &) [with T=fmt::v11::detail::bigint::bigit, SIZE=32UL,
      Allocator=fmt::v11::detail::allocator<fmt::v11::detail::bigint::bigit>]"
          constexpr bigint() : exp_(0) {}
                                       ^

      /tmp/.tmpogcIvy/sdists-v9/pypi/lightgbm/4.7.0/insGUydc4PW9vJoP/src/include/LightGBM/cuda/cuda_split_info.hpp(54):
      warning #20014-D: calling a __host__ function from a __host__ __device__ function is not allowed
                { gpuAssert((cudaFree(cat_threshold)),
      "/tmp/.tmpogcIvy/sdists-v9/pypi/lightgbm/4.7.0/insGUydc4PW9vJoP/src/include/LightGBM/cuda/cuda_split_info.hpp",
      54); };
                           ^

      /tmp/.tmpogcIvy/sdists-v9/pypi/lightgbm/4.7.0/insGUydc4PW9vJoP/src/include/LightGBM/cuda/cuda_split_info.hpp(57):
      warning #20014-D: calling a __host__ function from a __host__ __device__ function is not allowed
                { gpuAssert((cudaFree(cat_threshold_real)),
      "/tmp/.tmpogcIvy/sdists-v9/pypi/lightgbm/4.7.0/insGUydc4PW9vJoP/src/include/LightGBM/cuda/cuda_split_info.hpp",
      57); };
                           ^

      [72/76] Building CUDA object CMakeFiles/lightgbm_objs.dir/src/treelearner/cuda/cuda_histogram_constructor.cu.o
      nvcc warning : Support for offline compilation for architectures prior to '<compute/sm/lto>_75' will be removed
      in a future release (Use -Wno-deprecated-gpu-targets to suppress warning).
      /tmp/.tmpogcIvy/sdists-v9/pypi/lightgbm/4.7.0/insGUydc4PW9vJoP/src/external_libs/fmt/include/fmt/base.h(472):
      warning #128-D: loop is not reachable
          for (; n != 0; ++s1, ++s2, --n) {
          ^
                detected during:
                  instantiation of "auto fmt::v11::detail::compare(const Char *, const Char *, std::size_t)->int [with
      Char=char]" at line 591
                  instantiation of "auto fmt::v11::basic_string_view<Char>::compare(fmt::v11::basic_string_view<Char>)
      const->int [with Char=char]" at line 598
                  instantiation of class "fmt::v11::basic_string_view<Char> [with Char=char]" at line 2612
                  instantiation of "auto fmt::v11::basic_format_args<Context>::get_id(fmt::v11::basic_string_view<Char>)
      const->int [with Context=fmt::v11::context, Char=char]" at line 2655

      Remark: The warnings can be suppressed with "-diag-suppress <warning-number>"

      /tmp/.tmpogcIvy/sdists-v9/pypi/lightgbm/4.7.0/insGUydc4PW9vJoP/src/external_libs/fmt/include/fmt/format.h(2594):
      warning #2417-D: constexpr constructor calls non-constexpr function "fmt::v11::basic_memory_buffer<T, SIZE,
      Allocator>::basic_memory_buffer(const Allocator &) [with T=fmt::v11::detail::bigint::bigit, SIZE=32UL,
      Allocator=fmt::v11::detail::allocator<fmt::v11::detail::bigint::bigit>]"
          constexpr bigint() : exp_(0) {}
                                       ^

      /tmp/.tmpogcIvy/sdists-v9/pypi/lightgbm/4.7.0/insGUydc4PW9vJoP/src/external_libs/fmt/include/fmt/base.h(472):
      warning #128-D: loop is not reachable
          for (; n != 0; ++s1, ++s2, --n) {
          ^
                detected during:
                  instantiation of "auto fmt::v11::detail::compare(const Char *, const Char *, std::size_t)->int [with
      Char=char]" at line 591
                  instantiation of "auto fmt::v11::basic_string_view<Char>::compare(fmt::v11::basic_string_view<Char>)
      const->int [with Char=char]" at line 598
                  instantiation of class "fmt::v11::basic_string_view<Char> [with Char=char]" at line 2612
                  instantiation of "auto fmt::v11::basic_format_args<Context>::get_id(fmt::v11::basic_string_view<Char>)
      const->int [with Context=fmt::v11::context, Char=char]" at line 2655

      Remark: The warnings can be suppressed with "-diag-suppress <warning-number>"

      /tmp/.tmpogcIvy/sdists-v9/pypi/lightgbm/4.7.0/insGUydc4PW9vJoP/src/external_libs/fmt/include/fmt/format.h(2594):
      warning #2417-D: constexpr constructor calls non-constexpr function "fmt::v11::basic_memory_buffer<T, SIZE,
      Allocator>::basic_memory_buffer(const Allocator &) [with T=fmt::v11::detail::bigint::bigit, SIZE=32UL,
      Allocator=fmt::v11::detail::allocator<fmt::v11::detail::bigint::bigit>]"
          constexpr bigint() : exp_(0) {}
                                       ^

      /tmp/.tmpogcIvy/sdists-v9/pypi/lightgbm/4.7.0/insGUydc4PW9vJoP/src/external_libs/fmt/include/fmt/base.h(472):
      warning #128-D: loop is not reachable
          for (; n != 0; ++s1, ++s2, --n) {
          ^
                detected during:
                  instantiation of "auto fmt::v11::detail::compare(const Char *, const Char *, std::size_t)->int [with
      Char=char]" at line 591
                  instantiation of "auto fmt::v11::basic_string_view<Char>::compare(fmt::v11::basic_string_view<Char>)
      const->int [with Char=char]" at line 598
                  instantiation of class "fmt::v11::basic_string_view<Char> [with Char=char]" at line 2612
                  instantiation of "auto fmt::v11::basic_format_args<Context>::get_id(fmt::v11::basic_string_view<Char>)
      const->int [with Context=fmt::v11::context, Char=char]" at line 2655

      Remark: The warnings can be suppressed with "-diag-suppress <warning-number>"

      /tmp/.tmpogcIvy/sdists-v9/pypi/lightgbm/4.7.0/insGUydc4PW9vJoP/src/external_libs/fmt/include/fmt/format.h(2594):
      warning #2417-D: constexpr constructor calls non-constexpr function "fmt::v11::basic_memory_buffer<T, SIZE,
      Allocator>::basic_memory_buffer(const Allocator &) [with T=fmt::v11::detail::bigint::bigit, SIZE=32UL,
      Allocator=fmt::v11::detail::allocator<fmt::v11::detail::bigint::bigit>]"
          constexpr bigint() : exp_(0) {}
                                       ^

      /tmp/.tmpogcIvy/sdists-v9/pypi/lightgbm/4.7.0/insGUydc4PW9vJoP/src/external_libs/fmt/include/fmt/base.h(472):
      warning #128-D: loop is not reachable
          for (; n != 0; ++s1, ++s2, --n) {
          ^
                detected during:
                  instantiation of "auto fmt::v11::detail::compare(const Char *, const Char *, std::size_t)->int [with
      Char=char]" at line 591
                  instantiation of "auto fmt::v11::basic_string_view<Char>::compare(fmt::v11::basic_string_view<Char>)
      const->int [with Char=char]" at line 598
                  instantiation of class "fmt::v11::basic_string_view<Char> [with Char=char]" at line 2612
                  instantiation of "auto fmt::v11::basic_format_args<Context>::get_id(fmt::v11::basic_string_view<Char>)
      const->int [with Context=fmt::v11::context, Char=char]" at line 2655

      Remark: The warnings can be suppressed with "-diag-suppress <warning-number>"

      /tmp/.tmpogcIvy/sdists-v9/pypi/lightgbm/4.7.0/insGUydc4PW9vJoP/src/external_libs/fmt/include/fmt/format.h(2594):
      warning #2417-D: constexpr constructor calls non-constexpr function "fmt::v11::basic_memory_buffer<T, SIZE,
      Allocator>::basic_memory_buffer(const Allocator &) [with T=fmt::v11::detail::bigint::bigit, SIZE=32UL,
      Allocator=fmt::v11::detail::allocator<fmt::v11::detail::bigint::bigit>]"
          constexpr bigint() : exp_(0) {}
                                       ^

      /tmp/.tmpogcIvy/sdists-v9/pypi/lightgbm/4.7.0/insGUydc4PW9vJoP/src/external_libs/fmt/include/fmt/base.h(472):
      warning #128-D: loop is not reachable
          for (; n != 0; ++s1, ++s2, --n) {
          ^
                detected during:
                  instantiation of "auto fmt::v11::detail::compare(const Char *, const Char *, std::size_t)->int [with
      Char=char]" at line 591
                  instantiation of "auto fmt::v11::basic_string_view<Char>::compare(fmt::v11::basic_string_view<Char>)
      const->int [with Char=char]" at line 598
                  instantiation of class "fmt::v11::basic_string_view<Char> [with Char=char]" at line 2612
                  instantiation of "auto fmt::v11::basic_format_args<Context>::get_id(fmt::v11::basic_string_view<Char>)
      const->int [with Context=fmt::v11::context, Char=char]" at line 2655

      Remark: The warnings can be suppressed with "-diag-suppress <warning-number>"

      /tmp/.tmpogcIvy/sdists-v9/pypi/lightgbm/4.7.0/insGUydc4PW9vJoP/src/external_libs/fmt/include/fmt/format.h(2594):
      warning #2417-D: constexpr constructor calls non-constexpr function "fmt::v11::basic_memory_buffer<T, SIZE,
      Allocator>::basic_memory_buffer(const Allocator &) [with T=fmt::v11::detail::bigint::bigit, SIZE=32UL,
      Allocator=fmt::v11::detail::allocator<fmt::v11::detail::bigint::bigit>]"
          constexpr bigint() : exp_(0) {}
                                       ^

      /tmp/.tmpogcIvy/sdists-v9/pypi/lightgbm/4.7.0/insGUydc4PW9vJoP/src/external_libs/fmt/include/fmt/base.h(472):
      warning #128-D: loop is not reachable
          for (; n != 0; ++s1, ++s2, --n) {
          ^
                detected during:
                  instantiation of "auto fmt::v11::detail::compare(const Char *, const Char *, std::size_t)->int [with
      Char=char]" at line 591
                  instantiation of "auto fmt::v11::basic_string_view<Char>::compare(fmt::v11::basic_string_view<Char>)
      const->int [with Char=char]" at line 598
                  instantiation of class "fmt::v11::basic_string_view<Char> [with Char=char]" at line 2612
                  instantiation of "auto fmt::v11::basic_format_args<Context>::get_id(fmt::v11::basic_string_view<Char>)
      const->int [with Context=fmt::v11::context, Char=char]" at line 2655

      Remark: The warnings can be suppressed with "-diag-suppress <warning-number>"

      /tmp/.tmpogcIvy/sdists-v9/pypi/lightgbm/4.7.0/insGUydc4PW9vJoP/src/external_libs/fmt/include/fmt/format.h(2594):
      warning #2417-D: constexpr constructor calls non-constexpr function "fmt::v11::basic_memory_buffer<T, SIZE,
      Allocator>::basic_memory_buffer(const Allocator &) [with T=fmt::v11::detail::bigint::bigit, SIZE=32UL,
      Allocator=fmt::v11::detail::allocator<fmt::v11::detail::bigint::bigit>]"
          constexpr bigint() : exp_(0) {}
                                       ^

      /tmp/.tmpogcIvy/sdists-v9/pypi/lightgbm/4.7.0/insGUydc4PW9vJoP/src/external_libs/fmt/include/fmt/base.h(472):
      warning #128-D: loop is not reachable
          for (; n != 0; ++s1, ++s2, --n) {
          ^
                detected during:
                  instantiation of "auto fmt::v11::detail::compare(const Char *, const Char *, std::size_t)->int [with
      Char=char]" at line 591
                  instantiation of "auto fmt::v11::basic_string_view<Char>::compare(fmt::v11::basic_string_view<Char>)
      const->int [with Char=char]" at line 598
                  instantiation of class "fmt::v11::basic_string_view<Char> [with Char=char]" at line 2612
                  instantiation of "auto fmt::v11::basic_format_args<Context>::get_id(fmt::v11::basic_string_view<Char>)
      const->int [with Context=fmt::v11::context, Char=char]" at line 2655

      Remark: The warnings can be suppressed with "-diag-suppress <warning-number>"

      /tmp/.tmpogcIvy/sdists-v9/pypi/lightgbm/4.7.0/insGUydc4PW9vJoP/src/external_libs/fmt/include/fmt/format.h(2594):
      warning #2417-D: constexpr constructor calls non-constexpr function "fmt::v11::basic_memory_buffer<T, SIZE,
      Allocator>::basic_memory_buffer(const Allocator &) [with T=fmt::v11::detail::bigint::bigit, SIZE=32UL,
      Allocator=fmt::v11::detail::allocator<fmt::v11::detail::bigint::bigit>]"
          constexpr bigint() : exp_(0) {}
                                       ^

      /tmp/.tmpogcIvy/sdists-v9/pypi/lightgbm/4.7.0/insGUydc4PW9vJoP/src/external_libs/fmt/include/fmt/base.h(472):
      warning #128-D: loop is not reachable
          for (; n != 0; ++s1, ++s2, --n) {
          ^
                detected during:
                  instantiation of "auto fmt::v11::detail::compare(const Char *, const Char *, std::size_t)->int [with
      Char=char]" at line 591
                  instantiation of "auto fmt::v11::basic_string_view<Char>::compare(fmt::v11::basic_string_view<Char>)
      const->int [with Char=char]" at line 598
                  instantiation of class "fmt::v11::basic_string_view<Char> [with Char=char]" at line 2612
                  instantiation of "auto fmt::v11::basic_format_args<Context>::get_id(fmt::v11::basic_string_view<Char>)
      const->int [with Context=fmt::v11::context, Char=char]" at line 2655

      Remark: The warnings can be suppressed with "-diag-suppress <warning-number>"

      /tmp/.tmpogcIvy/sdists-v9/pypi/lightgbm/4.7.0/insGUydc4PW9vJoP/src/external_libs/fmt/include/fmt/format.h(2594):
      warning #2417-D: constexpr constructor calls non-constexpr function "fmt::v11::basic_memory_buffer<T, SIZE,
      Allocator>::basic_memory_buffer(const Allocator &) [with T=fmt::v11::detail::bigint::bigit, SIZE=32UL,
      Allocator=fmt::v11::detail::allocator<fmt::v11::detail::bigint::bigit>]"
          constexpr bigint() : exp_(0) {}
                                       ^

      /tmp/.tmpogcIvy/sdists-v9/pypi/lightgbm/4.7.0/insGUydc4PW9vJoP/src/external_libs/fmt/include/fmt/base.h(472):
      warning #128-D: loop is not reachable
          for (; n != 0; ++s1, ++s2, --n) {
          ^
                detected during:
                  instantiation of "auto fmt::v11::detail::compare(const Char *, const Char *, std::size_t)->int [with
      Char=char]" at line 591
                  instantiation of "auto fmt::v11::basic_string_view<Char>::compare(fmt::v11::basic_string_view<Char>)
      const->int [with Char=char]" at line 598
                  instantiation of class "fmt::v11::basic_string_view<Char> [with Char=char]" at line 2612
                  instantiation of "auto fmt::v11::basic_format_args<Context>::get_id(fmt::v11::basic_string_view<Char>)
      const->int [with Context=fmt::v11::context, Char=char]" at line 2655

      Remark: The warnings can be suppressed with "-diag-suppress <warning-number>"

      /tmp/.tmpogcIvy/sdists-v9/pypi/lightgbm/4.7.0/insGUydc4PW9vJoP/src/external_libs/fmt/include/fmt/format.h(2594):
      warning #2417-D: constexpr constructor calls non-constexpr function "fmt::v11::basic_memory_buffer<T, SIZE,
      Allocator>::basic_memory_buffer(const Allocator &) [with T=fmt::v11::detail::bigint::bigit, SIZE=32UL,
      Allocator=fmt::v11::detail::allocator<fmt::v11::detail::bigint::bigit>]"
          constexpr bigint() : exp_(0) {}
                                       ^

      /tmp/.tmpogcIvy/sdists-v9/pypi/lightgbm/4.7.0/insGUydc4PW9vJoP/src/external_libs/fmt/include/fmt/base.h(472):
      warning #128-D: loop is not reachable
          for (; n != 0; ++s1, ++s2, --n) {
          ^
                detected during:
                  instantiation of "auto fmt::v11::detail::compare(const Char *, const Char *, std::size_t)->int [with
      Char=char]" at line 591
                  instantiation of "auto fmt::v11::basic_string_view<Char>::compare(fmt::v11::basic_string_view<Char>)
      const->int [with Char=char]" at line 598
                  instantiation of class "fmt::v11::basic_string_view<Char> [with Char=char]" at line 2612
                  instantiation of "auto fmt::v11::basic_format_args<Context>::get_id(fmt::v11::basic_string_view<Char>)
      const->int [with Context=fmt::v11::context, Char=char]" at line 2655

      Remark: The warnings can be suppressed with "-diag-suppress <warning-number>"

      /tmp/.tmpogcIvy/sdists-v9/pypi/lightgbm/4.7.0/insGUydc4PW9vJoP/src/external_libs/fmt/include/fmt/format.h(2594):
      warning #2417-D: constexpr constructor calls non-constexpr function "fmt::v11::basic_memory_buffer<T, SIZE,
      Allocator>::basic_memory_buffer(const Allocator &) [with T=fmt::v11::detail::bigint::bigit, SIZE=32UL,
      Allocator=fmt::v11::detail::allocator<fmt::v11::detail::bigint::bigit>]"
          constexpr bigint() : exp_(0) {}
                                       ^

      [73/76] Building CUDA object CMakeFiles/lightgbm_objs.dir/src/treelearner/cuda/cuda_data_partition.cu.o
      nvcc warning : Support for offline compilation for architectures prior to '<compute/sm/lto>_75' will be removed
      in a future release (Use -Wno-deprecated-gpu-targets to suppress warning).
      /tmp/.tmpogcIvy/sdists-v9/pypi/lightgbm/4.7.0/insGUydc4PW9vJoP/src/external_libs/fmt/include/fmt/base.h(472):
      warning #128-D: loop is not reachable
          for (; n != 0; ++s1, ++s2, --n) {
          ^
                detected during:
                  instantiation of "auto fmt::v11::detail::compare(const Char *, const Char *, std::size_t)->int [with
      Char=char]" at line 591
                  instantiation of "auto fmt::v11::basic_string_view<Char>::compare(fmt::v11::basic_string_view<Char>)
      const->int [with Char=char]" at line 598
                  instantiation of class "fmt::v11::basic_string_view<Char> [with Char=char]" at line 2612
                  instantiation of "auto fmt::v11::basic_format_args<Context>::get_id(fmt::v11::basic_string_view<Char>)
      const->int [with Context=fmt::v11::context, Char=char]" at line 2655

      Remark: The warnings can be suppressed with "-diag-suppress <warning-number>"

      /tmp/.tmpogcIvy/sdists-v9/pypi/lightgbm/4.7.0/insGUydc4PW9vJoP/src/external_libs/fmt/include/fmt/format.h(2594):
      warning #2417-D: constexpr constructor calls non-constexpr function "fmt::v11::basic_memory_buffer<T, SIZE,
      Allocator>::basic_memory_buffer(const Allocator &) [with T=fmt::v11::detail::bigint::bigit, SIZE=32UL,
      Allocator=fmt::v11::detail::allocator<fmt::v11::detail::bigint::bigit>]"
          constexpr bigint() : exp_(0) {}
                                       ^

      /tmp/.tmpogcIvy/sdists-v9/pypi/lightgbm/4.7.0/insGUydc4PW9vJoP/src/external_libs/fmt/include/fmt/base.h(472):
      warning #128-D: loop is not reachable
          for (; n != 0; ++s1, ++s2, --n) {
          ^
                detected during:
                  instantiation of "auto fmt::v11::detail::compare(const Char *, const Char *, std::size_t)->int [with
      Char=char]" at line 591
                  instantiation of "auto fmt::v11::basic_string_view<Char>::compare(fmt::v11::basic_string_view<Char>)
      const->int [with Char=char]" at line 598
                  instantiation of class "fmt::v11::basic_string_view<Char> [with Char=char]" at line 2612
                  instantiation of "auto fmt::v11::basic_format_args<Context>::get_id(fmt::v11::basic_string_view<Char>)
      const->int [with Context=fmt::v11::context, Char=char]" at line 2655

      Remark: The warnings can be suppressed with "-diag-suppress <warning-number>"

      /tmp/.tmpogcIvy/sdists-v9/pypi/lightgbm/4.7.0/insGUydc4PW9vJoP/src/external_libs/fmt/include/fmt/format.h(2594):
      warning #2417-D: constexpr constructor calls non-constexpr function "fmt::v11::basic_memory_buffer<T, SIZE,
      Allocator>::basic_memory_buffer(const Allocator &) [with T=fmt::v11::detail::bigint::bigit, SIZE=32UL,
      Allocator=fmt::v11::detail::allocator<fmt::v11::detail::bigint::bigit>]"
          constexpr bigint() : exp_(0) {}
                                       ^

      /tmp/.tmpogcIvy/sdists-v9/pypi/lightgbm/4.7.0/insGUydc4PW9vJoP/src/include/LightGBM/cuda/cuda_split_info.hpp(54):
      warning #20014-D: calling a __host__ function from a __host__ __device__ function is not allowed
                { gpuAssert((cudaFree(cat_threshold)),
      "/tmp/.tmpogcIvy/sdists-v9/pypi/lightgbm/4.7.0/insGUydc4PW9vJoP/src/include/LightGBM/cuda/cuda_split_info.hpp",
      54); };
                           ^

      /tmp/.tmpogcIvy/sdists-v9/pypi/lightgbm/4.7.0/insGUydc4PW9vJoP/src/include/LightGBM/cuda/cuda_split_info.hpp(57):
      warning #20014-D: calling a __host__ function from a __host__ __device__ function is not allowed
                { gpuAssert((cudaFree(cat_threshold_real)),
      "/tmp/.tmpogcIvy/sdists-v9/pypi/lightgbm/4.7.0/insGUydc4PW9vJoP/src/include/LightGBM/cuda/cuda_split_info.hpp",
      57); };
                           ^

      /tmp/.tmpogcIvy/sdists-v9/pypi/lightgbm/4.7.0/insGUydc4PW9vJoP/src/external_libs/fmt/include/fmt/base.h(472):
      warning #128-D: loop is not reachable
          for (; n != 0; ++s1, ++s2, --n) {
          ^
                detected during:
                  instantiation of "auto fmt::v11::detail::compare(const Char *, const Char *, std::size_t)->int [with
      Char=char]" at line 591
                  instantiation of "auto fmt::v11::basic_string_view<Char>::compare(fmt::v11::basic_string_view<Char>)
      const->int [with Char=char]" at line 598
                  instantiation of class "fmt::v11::basic_string_view<Char> [with Char=char]" at line 2612
                  instantiation of "auto fmt::v11::basic_format_args<Context>::get_id(fmt::v11::basic_string_view<Char>)
      const->int [with Context=fmt::v11::context, Char=char]" at line 2655

      Remark: The warnings can be suppressed with "-diag-suppress <warning-number>"

      /tmp/.tmpogcIvy/sdists-v9/pypi/lightgbm/4.7.0/insGUydc4PW9vJoP/src/external_libs/fmt/include/fmt/format.h(2594):
      warning #2417-D: constexpr constructor calls non-constexpr function "fmt::v11::basic_memory_buffer<T, SIZE,
      Allocator>::basic_memory_buffer(const Allocator &) [with T=fmt::v11::detail::bigint::bigit, SIZE=32UL,
      Allocator=fmt::v11::detail::allocator<fmt::v11::detail::bigint::bigit>]"
          constexpr bigint() : exp_(0) {}
                                       ^

      /tmp/.tmpogcIvy/sdists-v9/pypi/lightgbm/4.7.0/insGUydc4PW9vJoP/src/include/LightGBM/cuda/cuda_split_info.hpp(54):
      warning #20014-D: calling a __host__ function from a __host__ __device__ function is not allowed
                { gpuAssert((cudaFree(cat_threshold)),
      "/tmp/.tmpogcIvy/sdists-v9/pypi/lightgbm/4.7.0/insGUydc4PW9vJoP/src/include/LightGBM/cuda/cuda_split_info.hpp",
      54); };
                           ^

      /tmp/.tmpogcIvy/sdists-v9/pypi/lightgbm/4.7.0/insGUydc4PW9vJoP/src/include/LightGBM/cuda/cuda_split_info.hpp(57):
      warning #20014-D: calling a __host__ function from a __host__ __device__ function is not allowed
                { gpuAssert((cudaFree(cat_threshold_real)),
      "/tmp/.tmpogcIvy/sdists-v9/pypi/lightgbm/4.7.0/insGUydc4PW9vJoP/src/include/LightGBM/cuda/cuda_split_info.hpp",
      57); };
                           ^

      /tmp/.tmpogcIvy/sdists-v9/pypi/lightgbm/4.7.0/insGUydc4PW9vJoP/src/external_libs/fmt/include/fmt/base.h(472):
      warning #128-D: loop is not reachable
          for (; n != 0; ++s1, ++s2, --n) {
          ^
                detected during:
                  instantiation of "auto fmt::v11::detail::compare(const Char *, const Char *, std::size_t)->int [with
      Char=char]" at line 591
                  instantiation of "auto fmt::v11::basic_string_view<Char>::compare(fmt::v11::basic_string_view<Char>)
      const->int [with Char=char]" at line 598
                  instantiation of class "fmt::v11::basic_string_view<Char> [with Char=char]" at line 2612
                  instantiation of "auto fmt::v11::basic_format_args<Context>::get_id(fmt::v11::basic_string_view<Char>)
      const->int [with Context=fmt::v11::context, Char=char]" at line 2655

      Remark: The warnings can be suppressed with "-diag-suppress <warning-number>"

      /tmp/.tmpogcIvy/sdists-v9/pypi/lightgbm/4.7.0/insGUydc4PW9vJoP/src/external_libs/fmt/include/fmt/format.h(2594):
      warning #2417-D: constexpr constructor calls non-constexpr function "fmt::v11::basic_memory_buffer<T, SIZE,
      Allocator>::basic_memory_buffer(const Allocator &) [with T=fmt::v11::detail::bigint::bigit, SIZE=32UL,
      Allocator=fmt::v11::detail::allocator<fmt::v11::detail::bigint::bigit>]"
          constexpr bigint() : exp_(0) {}
                                       ^

      /tmp/.tmpogcIvy/sdists-v9/pypi/lightgbm/4.7.0/insGUydc4PW9vJoP/src/include/LightGBM/cuda/cuda_split_info.hpp(54):
      warning #20014-D: calling a __host__ function from a __host__ __device__ function is not allowed
                { gpuAssert((cudaFree(cat_threshold)),
      "/tmp/.tmpogcIvy/sdists-v9/pypi/lightgbm/4.7.0/insGUydc4PW9vJoP/src/include/LightGBM/cuda/cuda_split_info.hpp",
      54); };
                           ^

      /tmp/.tmpogcIvy/sdists-v9/pypi/lightgbm/4.7.0/insGUydc4PW9vJoP/src/include/LightGBM/cuda/cuda_split_info.hpp(57):
      warning #20014-D: calling a __host__ function from a __host__ __device__ function is not allowed
                { gpuAssert((cudaFree(cat_threshold_real)),
      "/tmp/.tmpogcIvy/sdists-v9/pypi/lightgbm/4.7.0/insGUydc4PW9vJoP/src/include/LightGBM/cuda/cuda_split_info.hpp",
      57); };
                           ^

      /tmp/.tmpogcIvy/sdists-v9/pypi/lightgbm/4.7.0/insGUydc4PW9vJoP/src/external_libs/fmt/include/fmt/base.h(472):
      warning #128-D: loop is not reachable
          for (; n != 0; ++s1, ++s2, --n) {
          ^
                detected during:
                  instantiation of "auto fmt::v11::detail::compare(const Char *, const Char *, std::size_t)->int [with
      Char=char]" at line 591
                  instantiation of "auto fmt::v11::basic_string_view<Char>::compare(fmt::v11::basic_string_view<Char>)
      const->int [with Char=char]" at line 598
                  instantiation of class "fmt::v11::basic_string_view<Char> [with Char=char]" at line 2612
                  instantiation of "auto fmt::v11::basic_format_args<Context>::get_id(fmt::v11::basic_string_view<Char>)
      const->int [with Context=fmt::v11::context, Char=char]" at line 2655

      Remark: The warnings can be suppressed with "-diag-suppress <warning-number>"

      /tmp/.tmpogcIvy/sdists-v9/pypi/lightgbm/4.7.0/insGUydc4PW9vJoP/src/external_libs/fmt/include/fmt/format.h(2594):
      warning #2417-D: constexpr constructor calls non-constexpr function "fmt::v11::basic_memory_buffer<T, SIZE,
      Allocator>::basic_memory_buffer(const Allocator &) [with T=fmt::v11::detail::bigint::bigit, SIZE=32UL,
      Allocator=fmt::v11::detail::allocator<fmt::v11::detail::bigint::bigit>]"
          constexpr bigint() : exp_(0) {}
                                       ^

      /tmp/.tmpogcIvy/sdists-v9/pypi/lightgbm/4.7.0/insGUydc4PW9vJoP/src/include/LightGBM/cuda/cuda_split_info.hpp(54):
      warning #20014-D: calling a __host__ function from a __host__ __device__ function is not allowed
                { gpuAssert((cudaFree(cat_threshold)),
      "/tmp/.tmpogcIvy/sdists-v9/pypi/lightgbm/4.7.0/insGUydc4PW9vJoP/src/include/LightGBM/cuda/cuda_split_info.hpp",
      54); };
                           ^

      /tmp/.tmpogcIvy/sdists-v9/pypi/lightgbm/4.7.0/insGUydc4PW9vJoP/src/include/LightGBM/cuda/cuda_split_info.hpp(57):
      warning #20014-D: calling a __host__ function from a __host__ __device__ function is not allowed
                { gpuAssert((cudaFree(cat_threshold_real)),
      "/tmp/.tmpogcIvy/sdists-v9/pypi/lightgbm/4.7.0/insGUydc4PW9vJoP/src/include/LightGBM/cuda/cuda_split_info.hpp",
      57); };
                           ^

      /tmp/.tmpogcIvy/sdists-v9/pypi/lightgbm/4.7.0/insGUydc4PW9vJoP/src/external_libs/fmt/include/fmt/base.h(472):
      warning #128-D: loop is not reachable
          for (; n != 0; ++s1, ++s2, --n) {
          ^
                detected during:
                  instantiation of "auto fmt::v11::detail::compare(const Char *, const Char *, std::size_t)->int [with
      Char=char]" at line 591
                  instantiation of "auto fmt::v11::basic_string_view<Char>::compare(fmt::v11::basic_string_view<Char>)
      const->int [with Char=char]" at line 598
                  instantiation of class "fmt::v11::basic_string_view<Char> [with Char=char]" at line 2612
                  instantiation of "auto fmt::v11::basic_format_args<Context>::get_id(fmt::v11::basic_string_view<Char>)
      const->int [with Context=fmt::v11::context, Char=char]" at line 2655

      Remark: The warnings can be suppressed with "-diag-suppress <warning-number>"

      /tmp/.tmpogcIvy/sdists-v9/pypi/lightgbm/4.7.0/insGUydc4PW9vJoP/src/external_libs/fmt/include/fmt/format.h(2594):
      warning #2417-D: constexpr constructor calls non-constexpr function "fmt::v11::basic_memory_buffer<T, SIZE,
      Allocator>::basic_memory_buffer(const Allocator &) [with T=fmt::v11::detail::bigint::bigit, SIZE=32UL,
      Allocator=fmt::v11::detail::allocator<fmt::v11::detail::bigint::bigit>]"
          constexpr bigint() : exp_(0) {}
                                       ^

      /tmp/.tmpogcIvy/sdists-v9/pypi/lightgbm/4.7.0/insGUydc4PW9vJoP/src/include/LightGBM/cuda/cuda_split_info.hpp(54):
      warning #20014-D: calling a __host__ function from a __host__ __device__ function is not allowed
                { gpuAssert((cudaFree(cat_threshold)),
      "/tmp/.tmpogcIvy/sdists-v9/pypi/lightgbm/4.7.0/insGUydc4PW9vJoP/src/include/LightGBM/cuda/cuda_split_info.hpp",
      54); };
                           ^

      /tmp/.tmpogcIvy/sdists-v9/pypi/lightgbm/4.7.0/insGUydc4PW9vJoP/src/include/LightGBM/cuda/cuda_split_info.hpp(57):
      warning #20014-D: calling a __host__ function from a __host__ __device__ function is not allowed
                { gpuAssert((cudaFree(cat_threshold_real)),
      "/tmp/.tmpogcIvy/sdists-v9/pypi/lightgbm/4.7.0/insGUydc4PW9vJoP/src/include/LightGBM/cuda/cuda_split_info.hpp",
      57); };
                           ^

      /tmp/.tmpogcIvy/sdists-v9/pypi/lightgbm/4.7.0/insGUydc4PW9vJoP/src/external_libs/fmt/include/fmt/base.h(472):
      warning #128-D: loop is not reachable
          for (; n != 0; ++s1, ++s2, --n) {
          ^
                detected during:
                  instantiation of "auto fmt::v11::detail::compare(const Char *, const Char *, std::size_t)->int [with
      Char=char]" at line 591
                  instantiation of "auto fmt::v11::basic_string_view<Char>::compare(fmt::v11::basic_string_view<Char>)
      const->int [with Char=char]" at line 598
                  instantiation of class "fmt::v11::basic_string_view<Char> [with Char=char]" at line 2612
                  instantiation of "auto fmt::v11::basic_format_args<Context>::get_id(fmt::v11::basic_string_view<Char>)
      const->int [with Context=fmt::v11::context, Char=char]" at line 2655

      Remark: The warnings can be suppressed with "-diag-suppress <warning-number>"

      /tmp/.tmpogcIvy/sdists-v9/pypi/lightgbm/4.7.0/insGUydc4PW9vJoP/src/external_libs/fmt/include/fmt/format.h(2594):
      warning #2417-D: constexpr constructor calls non-constexpr function "fmt::v11::basic_memory_buffer<T, SIZE,
      Allocator>::basic_memory_buffer(const Allocator &) [with T=fmt::v11::detail::bigint::bigit, SIZE=32UL,
      Allocator=fmt::v11::detail::allocator<fmt::v11::detail::bigint::bigit>]"
          constexpr bigint() : exp_(0) {}
                                       ^

      /tmp/.tmpogcIvy/sdists-v9/pypi/lightgbm/4.7.0/insGUydc4PW9vJoP/src/include/LightGBM/cuda/cuda_split_info.hpp(54):
      warning #20014-D: calling a __host__ function from a __host__ __device__ function is not allowed
                { gpuAssert((cudaFree(cat_threshold)),
      "/tmp/.tmpogcIvy/sdists-v9/pypi/lightgbm/4.7.0/insGUydc4PW9vJoP/src/include/LightGBM/cuda/cuda_split_info.hpp",
      54); };
                           ^

      /tmp/.tmpogcIvy/sdists-v9/pypi/lightgbm/4.7.0/insGUydc4PW9vJoP/src/include/LightGBM/cuda/cuda_split_info.hpp(57):
      warning #20014-D: calling a __host__ function from a __host__ __device__ function is not allowed
                { gpuAssert((cudaFree(cat_threshold_real)),
      "/tmp/.tmpogcIvy/sdists-v9/pypi/lightgbm/4.7.0/insGUydc4PW9vJoP/src/include/LightGBM/cuda/cuda_split_info.hpp",
      57); };
                           ^

      /tmp/.tmpogcIvy/sdists-v9/pypi/lightgbm/4.7.0/insGUydc4PW9vJoP/src/external_libs/fmt/include/fmt/base.h(472):
      warning #128-D: loop is not reachable
          for (; n != 0; ++s1, ++s2, --n) {
          ^
                detected during:
                  instantiation of "auto fmt::v11::detail::compare(const Char *, const Char *, std::size_t)->int [with
      Char=char]" at line 591
                  instantiation of "auto fmt::v11::basic_string_view<Char>::compare(fmt::v11::basic_string_view<Char>)
      const->int [with Char=char]" at line 598
                  instantiation of class "fmt::v11::basic_string_view<Char> [with Char=char]" at line 2612
                  instantiation of "auto fmt::v11::basic_format_args<Context>::get_id(fmt::v11::basic_string_view<Char>)
      const->int [with Context=fmt::v11::context, Char=char]" at line 2655

      Remark: The warnings can be suppressed with "-diag-suppress <warning-number>"

      /tmp/.tmpogcIvy/sdists-v9/pypi/lightgbm/4.7.0/insGUydc4PW9vJoP/src/external_libs/fmt/include/fmt/format.h(2594):
      warning #2417-D: constexpr constructor calls non-constexpr function "fmt::v11::basic_memory_buffer<T, SIZE,
      Allocator>::basic_memory_buffer(const Allocator &) [with T=fmt::v11::detail::bigint::bigit, SIZE=32UL,
      Allocator=fmt::v11::detail::allocator<fmt::v11::detail::bigint::bigit>]"
          constexpr bigint() : exp_(0) {}
                                       ^

      /tmp/.tmpogcIvy/sdists-v9/pypi/lightgbm/4.7.0/insGUydc4PW9vJoP/src/include/LightGBM/cuda/cuda_split_info.hpp(54):
      warning #20014-D: calling a __host__ function from a __host__ __device__ function is not allowed
                { gpuAssert((cudaFree(cat_threshold)),
      "/tmp/.tmpogcIvy/sdists-v9/pypi/lightgbm/4.7.0/insGUydc4PW9vJoP/src/include/LightGBM/cuda/cuda_split_info.hpp",
      54); };
                           ^

      /tmp/.tmpogcIvy/sdists-v9/pypi/lightgbm/4.7.0/insGUydc4PW9vJoP/src/include/LightGBM/cuda/cuda_split_info.hpp(57):
      warning #20014-D: calling a __host__ function from a __host__ __device__ function is not allowed
                { gpuAssert((cudaFree(cat_threshold_real)),
      "/tmp/.tmpogcIvy/sdists-v9/pypi/lightgbm/4.7.0/insGUydc4PW9vJoP/src/include/LightGBM/cuda/cuda_split_info.hpp",
      57); };
                           ^

      /tmp/.tmpogcIvy/sdists-v9/pypi/lightgbm/4.7.0/insGUydc4PW9vJoP/src/external_libs/fmt/include/fmt/base.h(472):
      warning #128-D: loop is not reachable
          for (; n != 0; ++s1, ++s2, --n) {
          ^
                detected during:
                  instantiation of "auto fmt::v11::detail::compare(const Char *, const Char *, std::size_t)->int [with
      Char=char]" at line 591
                  instantiation of "auto fmt::v11::basic_string_view<Char>::compare(fmt::v11::basic_string_view<Char>)
      const->int [with Char=char]" at line 598
                  instantiation of class "fmt::v11::basic_string_view<Char> [with Char=char]" at line 2612
                  instantiation of "auto fmt::v11::basic_format_args<Context>::get_id(fmt::v11::basic_string_view<Char>)
      const->int [with Context=fmt::v11::context, Char=char]" at line 2655

      Remark: The warnings can be suppressed with "-diag-suppress <warning-number>"

      /tmp/.tmpogcIvy/sdists-v9/pypi/lightgbm/4.7.0/insGUydc4PW9vJoP/src/external_libs/fmt/include/fmt/format.h(2594):
      warning #2417-D: constexpr constructor calls non-constexpr function "fmt::v11::basic_memory_buffer<T, SIZE,
      Allocator>::basic_memory_buffer(const Allocator &) [with T=fmt::v11::detail::bigint::bigit, SIZE=32UL,
      Allocator=fmt::v11::detail::allocator<fmt::v11::detail::bigint::bigit>]"
          constexpr bigint() : exp_(0) {}
                                       ^

      /tmp/.tmpogcIvy/sdists-v9/pypi/lightgbm/4.7.0/insGUydc4PW9vJoP/src/include/LightGBM/cuda/cuda_split_info.hpp(54):
      warning #20014-D: calling a __host__ function from a __host__ __device__ function is not allowed
                { gpuAssert((cudaFree(cat_threshold)),
      "/tmp/.tmpogcIvy/sdists-v9/pypi/lightgbm/4.7.0/insGUydc4PW9vJoP/src/include/LightGBM/cuda/cuda_split_info.hpp",
      54); };
                           ^

      /tmp/.tmpogcIvy/sdists-v9/pypi/lightgbm/4.7.0/insGUydc4PW9vJoP/src/include/LightGBM/cuda/cuda_split_info.hpp(57):
      warning #20014-D: calling a __host__ function from a __host__ __device__ function is not allowed
                { gpuAssert((cudaFree(cat_threshold_real)),
      "/tmp/.tmpogcIvy/sdists-v9/pypi/lightgbm/4.7.0/insGUydc4PW9vJoP/src/include/LightGBM/cuda/cuda_split_info.hpp",
      57); };
                           ^

      /tmp/.tmpogcIvy/sdists-v9/pypi/lightgbm/4.7.0/insGUydc4PW9vJoP/src/external_libs/fmt/include/fmt/base.h(472):
      warning #128-D: loop is not reachable
          for (; n != 0; ++s1, ++s2, --n) {
          ^
                detected during:
                  instantiation of "auto fmt::v11::detail::compare(const Char *, const Char *, std::size_t)->int [with
      Char=char]" at line 591
                  instantiation of "auto fmt::v11::basic_string_view<Char>::compare(fmt::v11::basic_string_view<Char>)
      const->int [with Char=char]" at line 598
                  instantiation of class "fmt::v11::basic_string_view<Char> [with Char=char]" at line 2612
                  instantiation of "auto fmt::v11::basic_format_args<Context>::get_id(fmt::v11::basic_string_view<Char>)
      const->int [with Context=fmt::v11::context, Char=char]" at line 2655

      Remark: The warnings can be suppressed with "-diag-suppress <warning-number>"

      /tmp/.tmpogcIvy/sdists-v9/pypi/lightgbm/4.7.0/insGUydc4PW9vJoP/src/external_libs/fmt/include/fmt/format.h(2594):
      warning #2417-D: constexpr constructor calls non-constexpr function "fmt::v11::basic_memory_buffer<T, SIZE,
      Allocator>::basic_memory_buffer(const Allocator &) [with T=fmt::v11::detail::bigint::bigit, SIZE=32UL,
      Allocator=fmt::v11::detail::allocator<fmt::v11::detail::bigint::bigit>]"
          constexpr bigint() : exp_(0) {}
                                       ^

      /tmp/.tmpogcIvy/sdists-v9/pypi/lightgbm/4.7.0/insGUydc4PW9vJoP/src/include/LightGBM/cuda/cuda_split_info.hpp(54):
      warning #20014-D: calling a __host__ function from a __host__ __device__ function is not allowed
                { gpuAssert((cudaFree(cat_threshold)),
      "/tmp/.tmpogcIvy/sdists-v9/pypi/lightgbm/4.7.0/insGUydc4PW9vJoP/src/include/LightGBM/cuda/cuda_split_info.hpp",
      54); };
                           ^

      /tmp/.tmpogcIvy/sdists-v9/pypi/lightgbm/4.7.0/insGUydc4PW9vJoP/src/include/LightGBM/cuda/cuda_split_info.hpp(57):
      warning #20014-D: calling a __host__ function from a __host__ __device__ function is not allowed
                { gpuAssert((cudaFree(cat_threshold_real)),
      "/tmp/.tmpogcIvy/sdists-v9/pypi/lightgbm/4.7.0/insGUydc4PW9vJoP/src/include/LightGBM/cuda/cuda_split_info.hpp",
      57); };
                           ^

      [74/76] Building CUDA object CMakeFiles/lightgbm_objs.dir/src/treelearner/cuda/cuda_best_split_finder.cu.o
      nvcc warning : Support for offline compilation for architectures prior to '<compute/sm/lto>_75' will be removed
      in a future release (Use -Wno-deprecated-gpu-targets to suppress warning).
      /tmp/.tmpogcIvy/sdists-v9/pypi/lightgbm/4.7.0/insGUydc4PW9vJoP/src/external_libs/fmt/include/fmt/base.h(472):
      warning #128-D: loop is not reachable
          for (; n != 0; ++s1, ++s2, --n) {
          ^
                detected during:
                  instantiation of "auto fmt::v11::detail::compare(const Char *, const Char *, std::size_t)->int [with
      Char=char]" at line 591
                  instantiation of "auto fmt::v11::basic_string_view<Char>::compare(fmt::v11::basic_string_view<Char>)
      const->int [with Char=char]" at line 598
                  instantiation of class "fmt::v11::basic_string_view<Char> [with Char=char]" at line 2612
                  instantiation of "auto fmt::v11::basic_format_args<Context>::get_id(fmt::v11::basic_string_view<Char>)
      const->int [with Context=fmt::v11::context, Char=char]" at line 2655

      Remark: The warnings can be suppressed with "-diag-suppress <warning-number>"

      /tmp/.tmpogcIvy/sdists-v9/pypi/lightgbm/4.7.0/insGUydc4PW9vJoP/src/external_libs/fmt/include/fmt/format.h(2594):
      warning #2417-D: constexpr constructor calls non-constexpr function "fmt::v11::basic_memory_buffer<T, SIZE,
      Allocator>::basic_memory_buffer(const Allocator &) [with T=fmt::v11::detail::bigint::bigit, SIZE=32UL,
      Allocator=fmt::v11::detail::allocator<fmt::v11::detail::bigint::bigit>]"
          constexpr bigint() : exp_(0) {}
                                       ^

      /tmp/.tmpogcIvy/sdists-v9/pypi/lightgbm/4.7.0/insGUydc4PW9vJoP/src/external_libs/fmt/include/fmt/base.h(472):
      warning #128-D: loop is not reachable
          for (; n != 0; ++s1, ++s2, --n) {
          ^
                detected during:
                  instantiation of "auto fmt::v11::detail::compare(const Char *, const Char *, std::size_t)->int [with
      Char=char]" at line 591
                  instantiation of "auto fmt::v11::basic_string_view<Char>::compare(fmt::v11::basic_string_view<Char>)
      const->int [with Char=char]" at line 598
                  instantiation of class "fmt::v11::basic_string_view<Char> [with Char=char]" at line 2612
                  instantiation of "auto fmt::v11::basic_format_args<Context>::get_id(fmt::v11::basic_string_view<Char>)
      const->int [with Context=fmt::v11::context, Char=char]" at line 2655

      Remark: The warnings can be suppressed with "-diag-suppress <warning-number>"

      /tmp/.tmpogcIvy/sdists-v9/pypi/lightgbm/4.7.0/insGUydc4PW9vJoP/src/external_libs/fmt/include/fmt/format.h(2594):
      warning #2417-D: constexpr constructor calls non-constexpr function "fmt::v11::basic_memory_buffer<T, SIZE,
      Allocator>::basic_memory_buffer(const Allocator &) [with T=fmt::v11::detail::bigint::bigit, SIZE=32UL,
      Allocator=fmt::v11::detail::allocator<fmt::v11::detail::bigint::bigit>]"
          constexpr bigint() : exp_(0) {}
                                       ^

      /tmp/.tmpogcIvy/sdists-v9/pypi/lightgbm/4.7.0/insGUydc4PW9vJoP/src/include/LightGBM/cuda/cuda_split_info.hpp(54):
      warning #20014-D: calling a __host__ function from a __host__ __device__ function is not allowed
                { gpuAssert((cudaFree(cat_threshold)),
      "/tmp/.tmpogcIvy/sdists-v9/pypi/lightgbm/4.7.0/insGUydc4PW9vJoP/src/include/LightGBM/cuda/cuda_split_info.hpp",
      54); };
                           ^

      /tmp/.tmpogcIvy/sdists-v9/pypi/lightgbm/4.7.0/insGUydc4PW9vJoP/src/include/LightGBM/cuda/cuda_split_info.hpp(57):
      warning #20014-D: calling a __host__ function from a __host__ __device__ function is not allowed
                { gpuAssert((cudaFree(cat_threshold_real)),
      "/tmp/.tmpogcIvy/sdists-v9/pypi/lightgbm/4.7.0/insGUydc4PW9vJoP/src/include/LightGBM/cuda/cuda_split_info.hpp",
      57); };
                           ^

      /tmp/.tmpogcIvy/sdists-v9/pypi/lightgbm/4.7.0/insGUydc4PW9vJoP/src/external_libs/fmt/include/fmt/base.h(472):
      warning #128-D: loop is not reachable
          for (; n != 0; ++s1, ++s2, --n) {
          ^
                detected during:
                  instantiation of "auto fmt::v11::detail::compare(const Char *, const Char *, std::size_t)->int [with
      Char=char]" at line 591
                  instantiation of "auto fmt::v11::basic_string_view<Char>::compare(fmt::v11::basic_string_view<Char>)
      const->int [with Char=char]" at line 598
                  instantiation of class "fmt::v11::basic_string_view<Char> [with Char=char]" at line 2612
                  instantiation of "auto fmt::v11::basic_format_args<Context>::get_id(fmt::v11::basic_string_view<Char>)
      const->int [with Context=fmt::v11::context, Char=char]" at line 2655

      Remark: The warnings can be suppressed with "-diag-suppress <warning-number>"

      /tmp/.tmpogcIvy/sdists-v9/pypi/lightgbm/4.7.0/insGUydc4PW9vJoP/src/external_libs/fmt/include/fmt/format.h(2594):
      warning #2417-D: constexpr constructor calls non-constexpr function "fmt::v11::basic_memory_buffer<T, SIZE,
      Allocator>::basic_memory_buffer(const Allocator &) [with T=fmt::v11::detail::bigint::bigit, SIZE=32UL,
      Allocator=fmt::v11::detail::allocator<fmt::v11::detail::bigint::bigit>]"
          constexpr bigint() : exp_(0) {}
                                       ^

      /tmp/.tmpogcIvy/sdists-v9/pypi/lightgbm/4.7.0/insGUydc4PW9vJoP/src/include/LightGBM/cuda/cuda_split_info.hpp(54):
      warning #20014-D: calling a __host__ function from a __host__ __device__ function is not allowed
                { gpuAssert((cudaFree(cat_threshold)),
      "/tmp/.tmpogcIvy/sdists-v9/pypi/lightgbm/4.7.0/insGUydc4PW9vJoP/src/include/LightGBM/cuda/cuda_split_info.hpp",
      54); };
                           ^

      /tmp/.tmpogcIvy/sdists-v9/pypi/lightgbm/4.7.0/insGUydc4PW9vJoP/src/include/LightGBM/cuda/cuda_split_info.hpp(57):
      warning #20014-D: calling a __host__ function from a __host__ __device__ function is not allowed
                { gpuAssert((cudaFree(cat_threshold_real)),
      "/tmp/.tmpogcIvy/sdists-v9/pypi/lightgbm/4.7.0/insGUydc4PW9vJoP/src/include/LightGBM/cuda/cuda_split_info.hpp",
      57); };
                           ^

      /tmp/.tmpogcIvy/sdists-v9/pypi/lightgbm/4.7.0/insGUydc4PW9vJoP/src/external_libs/fmt/include/fmt/base.h(472):
      warning #128-D: loop is not reachable
          for (; n != 0; ++s1, ++s2, --n) {
          ^
                detected during:
                  instantiation of "auto fmt::v11::detail::compare(const Char *, const Char *, std::size_t)->int [with
      Char=char]" at line 591
                  instantiation of "auto fmt::v11::basic_string_view<Char>::compare(fmt::v11::basic_string_view<Char>)
      const->int [with Char=char]" at line 598
                  instantiation of class "fmt::v11::basic_string_view<Char> [with Char=char]" at line 2612
                  instantiation of "auto fmt::v11::basic_format_args<Context>::get_id(fmt::v11::basic_string_view<Char>)
      const->int [with Context=fmt::v11::context, Char=char]" at line 2655

      Remark: The warnings can be suppressed with "-diag-suppress <warning-number>"

      /tmp/.tmpogcIvy/sdists-v9/pypi/lightgbm/4.7.0/insGUydc4PW9vJoP/src/external_libs/fmt/include/fmt/format.h(2594):
      warning #2417-D: constexpr constructor calls non-constexpr function "fmt::v11::basic_memory_buffer<T, SIZE,
      Allocator>::basic_memory_buffer(const Allocator &) [with T=fmt::v11::detail::bigint::bigit, SIZE=32UL,
      Allocator=fmt::v11::detail::allocator<fmt::v11::detail::bigint::bigit>]"
          constexpr bigint() : exp_(0) {}
                                       ^

      /tmp/.tmpogcIvy/sdists-v9/pypi/lightgbm/4.7.0/insGUydc4PW9vJoP/src/include/LightGBM/cuda/cuda_split_info.hpp(54):
      warning #20014-D: calling a __host__ function from a __host__ __device__ function is not allowed
                { gpuAssert((cudaFree(cat_threshold)),
      "/tmp/.tmpogcIvy/sdists-v9/pypi/lightgbm/4.7.0/insGUydc4PW9vJoP/src/include/LightGBM/cuda/cuda_split_info.hpp",
      54); };
                           ^

      /tmp/.tmpogcIvy/sdists-v9/pypi/lightgbm/4.7.0/insGUydc4PW9vJoP/src/include/LightGBM/cuda/cuda_split_info.hpp(57):
      warning #20014-D: calling a __host__ function from a __host__ __device__ function is not allowed
                { gpuAssert((cudaFree(cat_threshold_real)),
      "/tmp/.tmpogcIvy/sdists-v9/pypi/lightgbm/4.7.0/insGUydc4PW9vJoP/src/include/LightGBM/cuda/cuda_split_info.hpp",
      57); };
                           ^

      /tmp/.tmpogcIvy/sdists-v9/pypi/lightgbm/4.7.0/insGUydc4PW9vJoP/src/external_libs/fmt/include/fmt/base.h(472):
      warning #128-D: loop is not reachable
          for (; n != 0; ++s1, ++s2, --n) {
          ^
                detected during:
                  instantiation of "auto fmt::v11::detail::compare(const Char *, const Char *, std::size_t)->int [with
      Char=char]" at line 591
                  instantiation of "auto fmt::v11::basic_string_view<Char>::compare(fmt::v11::basic_string_view<Char>)
      const->int [with Char=char]" at line 598
                  instantiation of class "fmt::v11::basic_string_view<Char> [with Char=char]" at line 2612
                  instantiation of "auto fmt::v11::basic_format_args<Context>::get_id(fmt::v11::basic_string_view<Char>)
      const->int [with Context=fmt::v11::context, Char=char]" at line 2655

      Remark: The warnings can be suppressed with "-diag-suppress <warning-number>"

      /tmp/.tmpogcIvy/sdists-v9/pypi/lightgbm/4.7.0/insGUydc4PW9vJoP/src/external_libs/fmt/include/fmt/format.h(2594):
      warning #2417-D: constexpr constructor calls non-constexpr function "fmt::v11::basic_memory_buffer<T, SIZE,
      Allocator>::basic_memory_buffer(const Allocator &) [with T=fmt::v11::detail::bigint::bigit, SIZE=32UL,
      Allocator=fmt::v11::detail::allocator<fmt::v11::detail::bigint::bigit>]"
          constexpr bigint() : exp_(0) {}
                                       ^

      /tmp/.tmpogcIvy/sdists-v9/pypi/lightgbm/4.7.0/insGUydc4PW9vJoP/src/include/LightGBM/cuda/cuda_split_info.hpp(54):
      warning #20014-D: calling a __host__ function from a __host__ __device__ function is not allowed
                { gpuAssert((cudaFree(cat_threshold)),
      "/tmp/.tmpogcIvy/sdists-v9/pypi/lightgbm/4.7.0/insGUydc4PW9vJoP/src/include/LightGBM/cuda/cuda_split_info.hpp",
      54); };
                           ^

      /tmp/.tmpogcIvy/sdists-v9/pypi/lightgbm/4.7.0/insGUydc4PW9vJoP/src/include/LightGBM/cuda/cuda_split_info.hpp(57):
      warning #20014-D: calling a __host__ function from a __host__ __device__ function is not allowed
                { gpuAssert((cudaFree(cat_threshold_real)),
      "/tmp/.tmpogcIvy/sdists-v9/pypi/lightgbm/4.7.0/insGUydc4PW9vJoP/src/include/LightGBM/cuda/cuda_split_info.hpp",
      57); };
                           ^

      /tmp/.tmpogcIvy/sdists-v9/pypi/lightgbm/4.7.0/insGUydc4PW9vJoP/src/external_libs/fmt/include/fmt/base.h(472):
      warning #128-D: loop is not reachable
          for (; n != 0; ++s1, ++s2, --n) {
          ^
                detected during:
                  instantiation of "auto fmt::v11::detail::compare(const Char *, const Char *, std::size_t)->int [with
      Char=char]" at line 591
                  instantiation of "auto fmt::v11::basic_string_view<Char>::compare(fmt::v11::basic_string_view<Char>)
      const->int [with Char=char]" at line 598
                  instantiation of class "fmt::v11::basic_string_view<Char> [with Char=char]" at line 2612
                  instantiation of "auto fmt::v11::basic_format_args<Context>::get_id(fmt::v11::basic_string_view<Char>)
      const->int [with Context=fmt::v11::context, Char=char]" at line 2655

      Remark: The warnings can be suppressed with "-diag-suppress <warning-number>"

      /tmp/.tmpogcIvy/sdists-v9/pypi/lightgbm/4.7.0/insGUydc4PW9vJoP/src/external_libs/fmt/include/fmt/format.h(2594):
      warning #2417-D: constexpr constructor calls non-constexpr function "fmt::v11::basic_memory_buffer<T, SIZE,
      Allocator>::basic_memory_buffer(const Allocator &) [with T=fmt::v11::detail::bigint::bigit, SIZE=32UL,
      Allocator=fmt::v11::detail::allocator<fmt::v11::detail::bigint::bigit>]"
          constexpr bigint() : exp_(0) {}
                                       ^

      /tmp/.tmpogcIvy/sdists-v9/pypi/lightgbm/4.7.0/insGUydc4PW9vJoP/src/include/LightGBM/cuda/cuda_split_info.hpp(54):
      warning #20014-D: calling a __host__ function from a __host__ __device__ function is not allowed
                { gpuAssert((cudaFree(cat_threshold)),
      "/tmp/.tmpogcIvy/sdists-v9/pypi/lightgbm/4.7.0/insGUydc4PW9vJoP/src/include/LightGBM/cuda/cuda_split_info.hpp",
      54); };
                           ^

      /tmp/.tmpogcIvy/sdists-v9/pypi/lightgbm/4.7.0/insGUydc4PW9vJoP/src/include/LightGBM/cuda/cuda_split_info.hpp(57):
      warning #20014-D: calling a __host__ function from a __host__ __device__ function is not allowed
                { gpuAssert((cudaFree(cat_threshold_real)),
      "/tmp/.tmpogcIvy/sdists-v9/pypi/lightgbm/4.7.0/insGUydc4PW9vJoP/src/include/LightGBM/cuda/cuda_split_info.hpp",
      57); };
                           ^

      /tmp/.tmpogcIvy/sdists-v9/pypi/lightgbm/4.7.0/insGUydc4PW9vJoP/src/external_libs/fmt/include/fmt/base.h(472):
      warning #128-D: loop is not reachable
          for (; n != 0; ++s1, ++s2, --n) {
          ^
                detected during:
                  instantiation of "auto fmt::v11::detail::compare(const Char *, const Char *, std::size_t)->int [with
      Char=char]" at line 591
                  instantiation of "auto fmt::v11::basic_string_view<Char>::compare(fmt::v11::basic_string_view<Char>)
      const->int [with Char=char]" at line 598
                  instantiation of class "fmt::v11::basic_string_view<Char> [with Char=char]" at line 2612
                  instantiation of "auto fmt::v11::basic_format_args<Context>::get_id(fmt::v11::basic_string_view<Char>)
      const->int [with Context=fmt::v11::context, Char=char]" at line 2655

      Remark: The warnings can be suppressed with "-diag-suppress <warning-number>"

      /tmp/.tmpogcIvy/sdists-v9/pypi/lightgbm/4.7.0/insGUydc4PW9vJoP/src/external_libs/fmt/include/fmt/format.h(2594):
      warning #2417-D: constexpr constructor calls non-constexpr function "fmt::v11::basic_memory_buffer<T, SIZE,
      Allocator>::basic_memory_buffer(const Allocator &) [with T=fmt::v11::detail::bigint::bigit, SIZE=32UL,
      Allocator=fmt::v11::detail::allocator<fmt::v11::detail::bigint::bigit>]"
          constexpr bigint() : exp_(0) {}
                                       ^

      /tmp/.tmpogcIvy/sdists-v9/pypi/lightgbm/4.7.0/insGUydc4PW9vJoP/src/include/LightGBM/cuda/cuda_split_info.hpp(54):
      warning #20014-D: calling a __host__ function from a __host__ __device__ function is not allowed
                { gpuAssert((cudaFree(cat_threshold)),
      "/tmp/.tmpogcIvy/sdists-v9/pypi/lightgbm/4.7.0/insGUydc4PW9vJoP/src/include/LightGBM/cuda/cuda_split_info.hpp",
      54); };
                           ^

      /tmp/.tmpogcIvy/sdists-v9/pypi/lightgbm/4.7.0/insGUydc4PW9vJoP/src/include/LightGBM/cuda/cuda_split_info.hpp(57):
      warning #20014-D: calling a __host__ function from a __host__ __device__ function is not allowed
                { gpuAssert((cudaFree(cat_threshold_real)),
      "/tmp/.tmpogcIvy/sdists-v9/pypi/lightgbm/4.7.0/insGUydc4PW9vJoP/src/include/LightGBM/cuda/cuda_split_info.hpp",
      57); };
                           ^

      /tmp/.tmpogcIvy/sdists-v9/pypi/lightgbm/4.7.0/insGUydc4PW9vJoP/src/external_libs/fmt/include/fmt/base.h(472):
      warning #128-D: loop is not reachable
          for (; n != 0; ++s1, ++s2, --n) {
          ^
                detected during:
                  instantiation of "auto fmt::v11::detail::compare(const Char *, const Char *, std::size_t)->int [with
      Char=char]" at line 591
                  instantiation of "auto fmt::v11::basic_string_view<Char>::compare(fmt::v11::basic_string_view<Char>)
      const->int [with Char=char]" at line 598
                  instantiation of class "fmt::v11::basic_string_view<Char> [with Char=char]" at line 2612
                  instantiation of "auto fmt::v11::basic_format_args<Context>::get_id(fmt::v11::basic_string_view<Char>)
      const->int [with Context=fmt::v11::context, Char=char]" at line 2655

      Remark: The warnings can be suppressed with "-diag-suppress <warning-number>"

      /tmp/.tmpogcIvy/sdists-v9/pypi/lightgbm/4.7.0/insGUydc4PW9vJoP/src/external_libs/fmt/include/fmt/format.h(2594):
      warning #2417-D: constexpr constructor calls non-constexpr function "fmt::v11::basic_memory_buffer<T, SIZE,
      Allocator>::basic_memory_buffer(const Allocator &) [with T=fmt::v11::detail::bigint::bigit, SIZE=32UL,
      Allocator=fmt::v11::detail::allocator<fmt::v11::detail::bigint::bigit>]"
          constexpr bigint() : exp_(0) {}
                                       ^

      /tmp/.tmpogcIvy/sdists-v9/pypi/lightgbm/4.7.0/insGUydc4PW9vJoP/src/include/LightGBM/cuda/cuda_split_info.hpp(54):
      warning #20014-D: calling a __host__ function from a __host__ __device__ function is not allowed
                { gpuAssert((cudaFree(cat_threshold)),
      "/tmp/.tmpogcIvy/sdists-v9/pypi/lightgbm/4.7.0/insGUydc4PW9vJoP/src/include/LightGBM/cuda/cuda_split_info.hpp",
      54); };
                           ^

      /tmp/.tmpogcIvy/sdists-v9/pypi/lightgbm/4.7.0/insGUydc4PW9vJoP/src/include/LightGBM/cuda/cuda_split_info.hpp(57):
      warning #20014-D: calling a __host__ function from a __host__ __device__ function is not allowed
                { gpuAssert((cudaFree(cat_threshold_real)),
      "/tmp/.tmpogcIvy/sdists-v9/pypi/lightgbm/4.7.0/insGUydc4PW9vJoP/src/include/LightGBM/cuda/cuda_split_info.hpp",
      57); };
                           ^

      /tmp/.tmpogcIvy/sdists-v9/pypi/lightgbm/4.7.0/insGUydc4PW9vJoP/src/external_libs/fmt/include/fmt/base.h(472):
      warning #128-D: loop is not reachable
          for (; n != 0; ++s1, ++s2, --n) {
          ^
                detected during:
                  instantiation of "auto fmt::v11::detail::compare(const Char *, const Char *, std::size_t)->int [with
      Char=char]" at line 591
                  instantiation of "auto fmt::v11::basic_string_view<Char>::compare(fmt::v11::basic_string_view<Char>)
      const->int [with Char=char]" at line 598
                  instantiation of class "fmt::v11::basic_string_view<Char> [with Char=char]" at line 2612
                  instantiation of "auto fmt::v11::basic_format_args<Context>::get_id(fmt::v11::basic_string_view<Char>)
      const->int [with Context=fmt::v11::context, Char=char]" at line 2655

      Remark: The warnings can be suppressed with "-diag-suppress <warning-number>"

      /tmp/.tmpogcIvy/sdists-v9/pypi/lightgbm/4.7.0/insGUydc4PW9vJoP/src/external_libs/fmt/include/fmt/format.h(2594):
      warning #2417-D: constexpr constructor calls non-constexpr function "fmt::v11::basic_memory_buffer<T, SIZE,
      Allocator>::basic_memory_buffer(const Allocator &) [with T=fmt::v11::detail::bigint::bigit, SIZE=32UL,
      Allocator=fmt::v11::detail::allocator<fmt::v11::detail::bigint::bigit>]"
          constexpr bigint() : exp_(0) {}
                                       ^

      /tmp/.tmpogcIvy/sdists-v9/pypi/lightgbm/4.7.0/insGUydc4PW9vJoP/src/include/LightGBM/cuda/cuda_split_info.hpp(54):
      warning #20014-D: calling a __host__ function from a __host__ __device__ function is not allowed
                { gpuAssert((cudaFree(cat_threshold)),
      "/tmp/.tmpogcIvy/sdists-v9/pypi/lightgbm/4.7.0/insGUydc4PW9vJoP/src/include/LightGBM/cuda/cuda_split_info.hpp",
      54); };
                           ^

      /tmp/.tmpogcIvy/sdists-v9/pypi/lightgbm/4.7.0/insGUydc4PW9vJoP/src/include/LightGBM/cuda/cuda_split_info.hpp(57):
      warning #20014-D: calling a __host__ function from a __host__ __device__ function is not allowed
                { gpuAssert((cudaFree(cat_threshold_real)),
      "/tmp/.tmpogcIvy/sdists-v9/pypi/lightgbm/4.7.0/insGUydc4PW9vJoP/src/include/LightGBM/cuda/cuda_split_info.hpp",
      57); };
                           ^

      /tmp/.tmpogcIvy/sdists-v9/pypi/lightgbm/4.7.0/insGUydc4PW9vJoP/src/external_libs/fmt/include/fmt/base.h(472):
      warning #128-D: loop is not reachable
          for (; n != 0; ++s1, ++s2, --n) {
          ^
                detected during:
                  instantiation of "auto fmt::v11::detail::compare(const Char *, const Char *, std::size_t)->int [with
      Char=char]" at line 591
                  instantiation of "auto fmt::v11::basic_string_view<Char>::compare(fmt::v11::basic_string_view<Char>)
      const->int [with Char=char]" at line 598
                  instantiation of class "fmt::v11::basic_string_view<Char> [with Char=char]" at line 2612
                  instantiation of "auto fmt::v11::basic_format_args<Context>::get_id(fmt::v11::basic_string_view<Char>)
      const->int [with Context=fmt::v11::context, Char=char]" at line 2655

      Remark: The warnings can be suppressed with "-diag-suppress <warning-number>"

      /tmp/.tmpogcIvy/sdists-v9/pypi/lightgbm/4.7.0/insGUydc4PW9vJoP/src/external_libs/fmt/include/fmt/format.h(2594):
      warning #2417-D: constexpr constructor calls non-constexpr function "fmt::v11::basic_memory_buffer<T, SIZE,
      Allocator>::basic_memory_buffer(const Allocator &) [with T=fmt::v11::detail::bigint::bigit, SIZE=32UL,
      Allocator=fmt::v11::detail::allocator<fmt::v11::detail::bigint::bigit>]"
          constexpr bigint() : exp_(0) {}
                                       ^

      /tmp/.tmpogcIvy/sdists-v9/pypi/lightgbm/4.7.0/insGUydc4PW9vJoP/src/include/LightGBM/cuda/cuda_split_info.hpp(54):
      warning #20014-D: calling a __host__ function from a __host__ __device__ function is not allowed
                { gpuAssert((cudaFree(cat_threshold)),
      "/tmp/.tmpogcIvy/sdists-v9/pypi/lightgbm/4.7.0/insGUydc4PW9vJoP/src/include/LightGBM/cuda/cuda_split_info.hpp",
      54); };
                           ^

      /tmp/.tmpogcIvy/sdists-v9/pypi/lightgbm/4.7.0/insGUydc4PW9vJoP/src/include/LightGBM/cuda/cuda_split_info.hpp(57):
      warning #20014-D: calling a __host__ function from a __host__ __device__ function is not allowed
                { gpuAssert((cudaFree(cat_threshold_real)),
      "/tmp/.tmpogcIvy/sdists-v9/pypi/lightgbm/4.7.0/insGUydc4PW9vJoP/src/include/LightGBM/cuda/cuda_split_info.hpp",
      57); };
                           ^

      [75/76] Linking CXX shared library CMakeFiles/_lightgbm.dir/cmake_device_link.o
      FAILED: CMakeFiles/_lightgbm.dir/cmake_device_link.o
      /usr/local/cuda/bin/nvcc -forward-unknown-to-host-compiler -ccbin=/usr/bin/x86_64-linux-gnu-g++
      -Xcompiler=-fopenmp -Xcompiler=-fPIC -Xcompiler=-Wall -O3 -lineinfo -O3 -DNDEBUG
      "--generate-code=arch=compute_60,code=[sm_60]" "--generate-code=arch=compute_61,code=[sm_61]"
      "--generate-code=arch=compute_70,code=[sm_70]" "--generate-code=arch=compute_80,code=[sm_80]"
      "--generate-code=arch=compute_86,code=[sm_86]" "--generate-code=arch=compute_89,code=[sm_89]"
      "--generate-code=arch=compute_90,code=[sm_90]" "--generate-code=arch=compute_100,code=[sm_100]"
      "--generate-code=arch=compute_120,code=[sm_120]" "--generate-code=arch=compute_120,code=[compute_120]"
      -Xcompiler=-fPIC -Wno-deprecated-gpu-targets -shared -dlink
      CMakeFiles/lightgbm_capi_objs.dir/src/c_api.cpp.o CMakeFiles/lightgbm_objs.dir/src/boosting/boosting.cpp.o
      CMakeFiles/lightgbm_objs.dir/src/boosting/gbdt_model_text.cpp.o
      CMakeFiles/lightgbm_objs.dir/src/boosting/gbdt_prediction.cpp.o
      CMakeFiles/lightgbm_objs.dir/src/boosting/gbdt.cpp.o
      CMakeFiles/lightgbm_objs.dir/src/boosting/prediction_early_stop.cpp.o
      CMakeFiles/lightgbm_objs.dir/src/boosting/sample_strategy.cpp.o
      CMakeFiles/lightgbm_objs.dir/src/io/bin.cpp.o CMakeFiles/lightgbm_objs.dir/src/io/config_auto.cpp.o
      CMakeFiles/lightgbm_objs.dir/src/io/config.cpp.o CMakeFiles/lightgbm_objs.dir/src/io/dataset_loader.cpp.o
      CMakeFiles/lightgbm_objs.dir/src/io/dataset.cpp.o CMakeFiles/lightgbm_objs.dir/src/io/file_io.cpp.o
      CMakeFiles/lightgbm_objs.dir/src/io/json11.cpp.o CMakeFiles/lightgbm_objs.dir/src/io/metadata.cpp.o
      CMakeFiles/lightgbm_objs.dir/src/io/parser.cpp.o CMakeFiles/lightgbm_objs.dir/src/io/train_share_states.cpp.o
      CMakeFiles/lightgbm_objs.dir/src/io/tree.cpp.o CMakeFiles/lightgbm_objs.dir/src/metric/dcg_calculator.cpp.o
      CMakeFiles/lightgbm_objs.dir/src/metric/metric.cpp.o CMakeFiles/lightgbm_objs.dir/src/network/linker_topo.cpp.o
      CMakeFiles/lightgbm_objs.dir/src/network/linkers_mpi.cpp.o
      CMakeFiles/lightgbm_objs.dir/src/network/linkers_socket.cpp.o
      CMakeFiles/lightgbm_objs.dir/src/network/network.cpp.o
      CMakeFiles/lightgbm_objs.dir/src/objective/objective_function.cpp.o
      CMakeFiles/lightgbm_objs.dir/src/treelearner/data_parallel_tree_learner.cpp.o
      CMakeFiles/lightgbm_objs.dir/src/treelearner/feature_histogram.cpp.o
      CMakeFiles/lightgbm_objs.dir/src/treelearner/feature_parallel_tree_learner.cpp.o
      CMakeFiles/lightgbm_objs.dir/src/treelearner/gpu_tree_learner.cpp.o
      CMakeFiles/lightgbm_objs.dir/src/treelearner/gradient_discretizer.cpp.o
      CMakeFiles/lightgbm_objs.dir/src/treelearner/linear_tree_learner.cpp.o
      CMakeFiles/lightgbm_objs.dir/src/treelearner/serial_tree_learner.cpp.o
      CMakeFiles/lightgbm_objs.dir/src/treelearner/tree_learner.cpp.o
      CMakeFiles/lightgbm_objs.dir/src/treelearner/voting_parallel_tree_learner.cpp.o
      CMakeFiles/lightgbm_objs.dir/src/utils/openmp_wrapper.cpp.o
      CMakeFiles/lightgbm_objs.dir/src/boosting/cuda/cuda_score_updater.cpp.o
      CMakeFiles/lightgbm_objs.dir/src/boosting/cuda/cuda_score_updater.cu.o
      CMakeFiles/lightgbm_objs.dir/src/boosting/cuda/nccl_gbdt.cpp.o
      CMakeFiles/lightgbm_objs.dir/src/metric/cuda/cuda_binary_metric.cpp.o
      CMakeFiles/lightgbm_objs.dir/src/metric/cuda/cuda_pointwise_metric.cpp.o
      CMakeFiles/lightgbm_objs.dir/src/metric/cuda/cuda_regression_metric.cpp.o
      CMakeFiles/lightgbm_objs.dir/src/metric/cuda/cuda_pointwise_metric.cu.o
      CMakeFiles/lightgbm_objs.dir/src/objective/cuda/cuda_binary_objective.cpp.o
      CMakeFiles/lightgbm_objs.dir/src/objective/cuda/cuda_multiclass_objective.cpp.o
      CMakeFiles/lightgbm_objs.dir/src/objective/cuda/cuda_rank_objective.cpp.o
      CMakeFiles/lightgbm_objs.dir/src/objective/cuda/cuda_regression_objective.cpp.o
      CMakeFiles/lightgbm_objs.dir/src/objective/cuda/cuda_binary_objective.cu.o
      CMakeFiles/lightgbm_objs.dir/src/objective/cuda/cuda_multiclass_objective.cu.o
      CMakeFiles/lightgbm_objs.dir/src/objective/cuda/cuda_rank_objective.cu.o
      CMakeFiles/lightgbm_objs.dir/src/objective/cuda/cuda_regression_objective.cu.o
      CMakeFiles/lightgbm_objs.dir/src/treelearner/cuda/cuda_best_split_finder.cpp.o
      CMakeFiles/lightgbm_objs.dir/src/treelearner/cuda/cuda_data_partition.cpp.o
      CMakeFiles/lightgbm_objs.dir/src/treelearner/cuda/cuda_histogram_constructor.cpp.o
      CMakeFiles/lightgbm_objs.dir/src/treelearner/cuda/cuda_leaf_splits.cpp.o
      CMakeFiles/lightgbm_objs.dir/src/treelearner/cuda/cuda_single_gpu_tree_learner.cpp.o
      CMakeFiles/lightgbm_objs.dir/src/treelearner/cuda/cuda_best_split_finder.cu.o
      CMakeFiles/lightgbm_objs.dir/src/treelearner/cuda/cuda_data_partition.cu.o
      CMakeFiles/lightgbm_objs.dir/src/treelearner/cuda/cuda_gradient_discretizer.cu.o
      CMakeFiles/lightgbm_objs.dir/src/treelearner/cuda/cuda_histogram_constructor.cu.o
      CMakeFiles/lightgbm_objs.dir/src/treelearner/cuda/cuda_leaf_splits.cu.o
      CMakeFiles/lightgbm_objs.dir/src/treelearner/cuda/cuda_single_gpu_tree_learner.cu.o
      CMakeFiles/lightgbm_objs.dir/src/io/cuda/cuda_column_data.cu.o
      CMakeFiles/lightgbm_objs.dir/src/io/cuda/cuda_tree.cu.o
      CMakeFiles/lightgbm_objs.dir/src/io/cuda/cuda_column_data.cpp.o
      CMakeFiles/lightgbm_objs.dir/src/io/cuda/cuda_metadata.cpp.o
      CMakeFiles/lightgbm_objs.dir/src/io/cuda/cuda_row_data.cpp.o
      CMakeFiles/lightgbm_objs.dir/src/io/cuda/cuda_tree.cpp.o CMakeFiles/lightgbm_objs.dir/src/cuda/cuda_utils.cpp.o
      CMakeFiles/lightgbm_objs.dir/src/cuda/cuda_algorithms.cu.o -o CMakeFiles/_lightgbm.dir/cmake_device_link.o
      -L/usr/local/cuda/targets/x86_64-linux/lib external_libs/nanoarrow/libnanoarrow_static.a
      /usr/lib/x86_64-linux-gnu/libnccl_static.a -lcudadevrt -lcudart_static -lrt -lpthread -ldl
      nvlink fatal   : Input file '/usr/lib/x86_64-linux-gnu/libnccl_static.a:common.cu.o' ABI version '8' is
      incompatible with target ABI version '7' (target: sm_80)
      ninja: build stopped: subcommand failed.

      [stderr]
      2026-09-10 16:19:27,936 - scikit_build_core - INFO - RUN: /usr/bin/cmake -E capabilities
      2026-09-10 16:19:27,947 - scikit_build_core - INFO - CMake version: 3.28.3
      2026-09-10 16:19:27,948 - scikit_build_core - INFO - Implementation: cpython linux on x86_64
      2026-09-10 16:19:27,950 - scikit_build_core - INFO - Build directory: /tmp/tmphwghy5xb/build
      2026-09-10 16:19:27,964 - scikit_build_core - INFO - RUN: /usr/bin/ninja --version
      2026-09-10 16:19:27,968 - scikit_build_core - INFO - Ninja version: 1.11.1
      2026-09-10 16:19:27,970 - scikit_build_core - INFO - RUN: /usr/bin/cmake -S.
      -B/tmp/tmphwghy5xb/build -DCMAKE_BUILD_TYPE:STRING=Release -C/tmp/tmphwghy5xb/build/CMakeInit.txt
      -DCMAKE_INSTALL_PREFIX=/tmp/tmphwghy5xb/wheel/platlib -DCMAKE_MAKE_PROGRAM=/usr/bin/ninja
      -D__BUILD_FOR_PYTHON=ON -DUSE_CUDA=ON
      2026-09-10 16:19:35,123 - scikit_build_core - INFO - RUN: /usr/bin/cmake --build /tmp/tmphwghy5xb/build --target
      _lightgbm

      *** CMake build failed


hint: Build failures usually indicate a problem with the package or the build environment
EXIT=1
DEBUG Found workspace root: `/home/ubuntu/P0_forecasting`
DEBUG Adding root workspace member: `/home/ubuntu/P0_forecasting`
DEBUG Skipping `pyproject.toml` in `/home/ubuntu/P0_forecasting` (no `[tool.uv]` section)
DEBUG Searching for user configuration in: `/home/ubuntu/.config/uv/uv.toml`
DEBUG uv 0.12.10 (x86_64-unknown-linux-gnu)
DEBUG Disabling the uv cache due to `--no-cache`
DEBUG Searching for default Python interpreter in virtual environments
DEBUG Found `cpython-3.12.3-linux-x86_64-gnu` at `/home/ubuntu/venv-ob/bin/python3` (active virtual environment)
Using Python 3.12.3 environment at: /home/ubuntu/venv-ob
DEBUG At least one requirement is not satisfied: lightgbm==4.7.0
DEBUG Using request connect timeout of 10s and read timeout of 30s
DEBUG Solving with installed Python version: 3.12.3
DEBUG Solving with target Python version: >=3.12.3
DEBUG Adding direct dependency: lightgbm>=4.7.0, <4.7.0+
DEBUG No cache entry for: https://pypi.org/simple/lightgbm/
DEBUG Sending fresh GET request for: https://pypi.org/simple/lightgbm/
DEBUG Searching for a compatible version of lightgbm (>=4.7.0, <4.7.0+)
DEBUG Selecting: lightgbm==4.7.0 [compatible] (lightgbm-4.7.0.tar.gz)
DEBUG No cache entry for: https://files.pythonhosted.org/packages/cd/05/7213965863cba1ed0150ad045bceed6276a1afaaaedbaeff4699ec4f0ccb/lightgbm-4.7.0-py3-none-macosx_10_15_x86_64.whl.metadata
DEBUG Sending fresh GET request for: https://files.pythonhosted.org/packages/cd/05/7213965863cba1ed0150ad045bceed6276a1afaaaedbaeff4699ec4f0ccb/lightgbm-4.7.0-py3-none-macosx_10_15_x86_64.whl.metadata
DEBUG Adding transitive dependency for lightgbm==4.7.0: narwhals>=1.15
DEBUG Adding transitive dependency for lightgbm==4.7.0: numpy>=1.21.3
DEBUG Adding transitive dependency for lightgbm==4.7.0: scipy*
DEBUG No cache entry for: https://pypi.org/simple/narwhals/
DEBUG Sending fresh GET request for: https://pypi.org/simple/narwhals/
DEBUG No cache entry for: https://pypi.org/simple/numpy/
DEBUG Sending fresh GET request for: https://pypi.org/simple/numpy/
DEBUG No cache entry for: https://pypi.org/simple/scipy/
DEBUG Sending fresh GET request for: https://pypi.org/simple/scipy/
DEBUG Searching for a compatible version of narwhals (>=1.15)
DEBUG Selecting: narwhals==2.26.0 [installed] (installed)
DEBUG Skipping file for numpy: "numpy-1.0.1.dev3460.win32-py2.4.exe" (not a wheel or source distribution archive (expected one of `.whl`, `.tar.gz`, `.zip`, `.tar.bz2`, `.tar.lz`, `.tar.lzma`, `.tar.xz`, `.tar.zst`, `.tar`, `.tbz`, `.tgz`, `.tlz`, or `.txz`))
DEBUG Skipping file for numpy: "numpy-1.3.0.win32-py2.5.exe" (not a wheel or source distribution archive (expected one of `.whl`, `.tar.gz`, `.zip`, `.tar.bz2`, `.tar.lz`, `.tar.lzma`, `.tar.xz`, `.tar.zst`, `.tar`, `.tbz`, `.tgz`, `.tlz`, or `.txz`))
DEBUG Skipping file for numpy: "numpy-1.5.0.win32-py2.6.exe" (not a wheel or source distribution archive (expected one of `.whl`, `.tar.gz`, `.zip`, `.tar.bz2`, `.tar.lz`, `.tar.lzma`, `.tar.xz`, `.tar.zst`, `.tar`, `.tbz`, `.tgz`, `.tlz`, or `.txz`))
DEBUG Skipping file for numpy: "numpy-1.5.1.win32-py2.5-nosse.exe" (not a wheel or source distribution archive (expected one of `.whl`, `.tar.gz`, `.zip`, `.tar.bz2`, `.tar.lz`, `.tar.lzma`, `.tar.xz`, `.tar.zst`, `.tar`, `.tbz`, `.tgz`, `.tlz`, or `.txz`))
DEBUG Skipping file for numpy: "numpy-1.5.1.win32-py2.6-nosse.exe" (not a wheel or source distribution archive (expected one of `.whl`, `.tar.gz`, `.zip`, `.tar.bz2`, `.tar.lz`, `.tar.lzma`, `.tar.xz`, `.tar.zst`, `.tar`, `.tbz`, `.tgz`, `.tlz`, or `.txz`))
DEBUG Skipping file for numpy: "numpy-1.5.1.win32-py2.7-nosse.exe" (not a wheel or source distribution archive (expected one of `.whl`, `.tar.gz`, `.zip`, `.tar.bz2`, `.tar.lz`, `.tar.lzma`, `.tar.xz`, `.tar.zst`, `.tar`, `.tbz`, `.tgz`, `.tlz`, or `.txz`))
DEBUG Skipping file for numpy: "numpy-1.5.1.win32-py3.1-nosse.exe" (not a wheel or source distribution archive (expected one of `.whl`, `.tar.gz`, `.zip`, `.tar.bz2`, `.tar.lz`, `.tar.lzma`, `.tar.xz`, `.tar.zst`, `.tar`, `.tbz`, `.tgz`, `.tlz`, or `.txz`))
DEBUG Skipping file for numpy: "numpy-1.6.0.win32-py2.5.exe" (not a wheel or source distribution archive (expected one of `.whl`, `.tar.gz`, `.zip`, `.tar.bz2`, `.tar.lz`, `.tar.lzma`, `.tar.xz`, `.tar.zst`, `.tar`, `.tbz`, `.tgz`, `.tlz`, or `.txz`))
DEBUG Skipping file for numpy: "numpy-1.6.0.win32-py2.6.exe" (not a wheel or source distribution archive (expected one of `.whl`, `.tar.gz`, `.zip`, `.tar.bz2`, `.tar.lz`, `.tar.lzma`, `.tar.xz`, `.tar.zst`, `.tar`, `.tbz`, `.tgz`, `.tlz`, or `.txz`))
DEBUG Skipping file for numpy: "numpy-1.6.0.win32-py2.7.exe" (not a wheel or source distribution archive (expected one of `.whl`, `.tar.gz`, `.zip`, `.tar.bz2`, `.tar.lz`, `.tar.lzma`, `.tar.xz`, `.tar.zst`, `.tar`, `.tbz`, `.tgz`, `.tlz`, or `.txz`))
DEBUG Skipping file for numpy: "numpy-1.6.0.win32-py3.1.exe" (not a wheel or source distribution archive (expected one of `.whl`, `.tar.gz`, `.zip`, `.tar.bz2`, `.tar.lz`, `.tar.lzma`, `.tar.xz`, `.tar.zst`, `.tar`, `.tbz`, `.tgz`, `.tlz`, or `.txz`))
DEBUG Skipping file for numpy: "numpy-1.6.0.win32-py3.2.exe" (not a wheel or source distribution archive (expected one of `.whl`, `.tar.gz`, `.zip`, `.tar.bz2`, `.tar.lz`, `.tar.lzma`, `.tar.xz`, `.tar.zst`, `.tar`, `.tbz`, `.tgz`, `.tlz`, or `.txz`))
DEBUG Skipping file for numpy: "numpy-1.6.1.win32-py2.5.exe" (not a wheel or source distribution archive (expected one of `.whl`, `.tar.gz`, `.zip`, `.tar.bz2`, `.tar.lz`, `.tar.lzma`, `.tar.xz`, `.tar.zst`, `.tar`, `.tbz`, `.tgz`, `.tlz`, or `.txz`))
DEBUG Skipping file for numpy: "numpy-1.6.1.win32-py2.6.exe" (not a wheel or source distribution archive (expected one of `.whl`, `.tar.gz`, `.zip`, `.tar.bz2`, `.tar.lz`, `.tar.lzma`, `.tar.xz`, `.tar.zst`, `.tar`, `.tbz`, `.tgz`, `.tlz`, or `.txz`))
DEBUG Skipping file for numpy: "numpy-1.6.1.win32-py2.7.exe" (not a wheel or source distribution archive (expected one of `.whl`, `.tar.gz`, `.zip`, `.tar.bz2`, `.tar.lz`, `.tar.lzma`, `.tar.xz`, `.tar.zst`, `.tar`, `.tbz`, `.tgz`, `.tlz`, or `.txz`))
DEBUG Skipping file for numpy: "numpy-1.6.1.win32-py3.1.exe" (not a wheel or source distribution archive (expected one of `.whl`, `.tar.gz`, `.zip`, `.tar.bz2`, `.tar.lz`, `.tar.lzma`, `.tar.xz`, `.tar.zst`, `.tar`, `.tbz`, `.tgz`, `.tlz`, or `.txz`))
DEBUG Skipping file for numpy: "numpy-1.6.1.win32-py3.2.exe" (not a wheel or source distribution archive (expected one of `.whl`, `.tar.gz`, `.zip`, `.tar.bz2`, `.tar.lz`, `.tar.lzma`, `.tar.xz`, `.tar.zst`, `.tar`, `.tbz`, `.tgz`, `.tlz`, or `.txz`))
DEBUG Skipping file for numpy: "numpy-1.6.2.win32-py2.5.exe" (not a wheel or source distribution archive (expected one of `.whl`, `.tar.gz`, `.zip`, `.tar.bz2`, `.tar.lz`, `.tar.lzma`, `.tar.xz`, `.tar.zst`, `.tar`, `.tbz`, `.tgz`, `.tlz`, or `.txz`))
DEBUG Skipping file for numpy: "numpy-1.6.2.win32-py2.6.exe" (not a wheel or source distribution archive (expected one of `.whl`, `.tar.gz`, `.zip`, `.tar.bz2`, `.tar.lz`, `.tar.lzma`, `.tar.xz`, `.tar.zst`, `.tar`, `.tbz`, `.tgz`, `.tlz`, or `.txz`))
DEBUG Skipping file for numpy: "numpy-1.6.2.win32-py2.7.exe" (not a wheel or source distribution archive (expected one of `.whl`, `.tar.gz`, `.zip`, `.tar.bz2`, `.tar.lz`, `.tar.lzma`, `.tar.xz`, `.tar.zst`, `.tar`, `.tbz`, `.tgz`, `.tlz`, or `.txz`))
DEBUG Skipping file for numpy: "numpy-1.6.2.win32-py3.1.exe" (not a wheel or source distribution archive (expected one of `.whl`, `.tar.gz`, `.zip`, `.tar.bz2`, `.tar.lz`, `.tar.lzma`, `.tar.xz`, `.tar.zst`, `.tar`, `.tbz`, `.tgz`, `.tlz`, or `.txz`))
DEBUG Skipping file for numpy: "numpy-1.6.2.win32-py3.2.exe" (not a wheel or source distribution archive (expected one of `.whl`, `.tar.gz`, `.zip`, `.tar.bz2`, `.tar.lz`, `.tar.lzma`, `.tar.xz`, `.tar.zst`, `.tar`, `.tbz`, `.tgz`, `.tlz`, or `.txz`))
DEBUG Skipping file for numpy: "numpy-1.7.0.win32-py2.5.exe" (not a wheel or source distribution archive (expected one of `.whl`, `.tar.gz`, `.zip`, `.tar.bz2`, `.tar.lz`, `.tar.lzma`, `.tar.xz`, `.tar.zst`, `.tar`, `.tbz`, `.tgz`, `.tlz`, or `.txz`))
DEBUG Skipping file for numpy: "numpy-1.7.0.win32-py2.6.exe" (not a wheel or source distribution archive (expected one of `.whl`, `.tar.gz`, `.zip`, `.tar.bz2`, `.tar.lz`, `.tar.lzma`, `.tar.xz`, `.tar.zst`, `.tar`, `.tbz`, `.tgz`, `.tlz`, or `.txz`))
DEBUG Skipping file for numpy: "numpy-1.7.0.win32-py2.7.exe" (not a wheel or source distribution archive (expected one of `.whl`, `.tar.gz`, `.zip`, `.tar.bz2`, `.tar.lz`, `.tar.lzma`, `.tar.xz`, `.tar.zst`, `.tar`, `.tbz`, `.tgz`, `.tlz`, or `.txz`))
DEBUG Skipping file for numpy: "numpy-1.7.0.win32-py3.1.exe" (not a wheel or source distribution archive (expected one of `.whl`, `.tar.gz`, `.zip`, `.tar.bz2`, `.tar.lz`, `.tar.lzma`, `.tar.xz`, `.tar.zst`, `.tar`, `.tbz`, `.tgz`, `.tlz`, or `.txz`))
DEBUG Skipping file for numpy: "numpy-1.7.0.win32-py3.2.exe" (not a wheel or source distribution archive (expected one of `.whl`, `.tar.gz`, `.zip`, `.tar.bz2`, `.tar.lz`, `.tar.lzma`, `.tar.xz`, `.tar.zst`, `.tar`, `.tbz`, `.tgz`, `.tlz`, or `.txz`))
DEBUG Skipping file for numpy: "numpy-1.7.0.win32-py3.3.exe" (not a wheel or source distribution archive (expected one of `.whl`, `.tar.gz`, `.zip`, `.tar.bz2`, `.tar.lz`, `.tar.lzma`, `.tar.xz`, `.tar.zst`, `.tar`, `.tbz`, `.tgz`, `.tlz`, or `.txz`))
DEBUG Skipping file for numpy: "numpy-1.7.1.win32-py2.5.exe" (not a wheel or source distribution archive (expected one of `.whl`, `.tar.gz`, `.zip`, `.tar.bz2`, `.tar.lz`, `.tar.lzma`, `.tar.xz`, `.tar.zst`, `.tar`, `.tbz`, `.tgz`, `.tlz`, or `.txz`))
DEBUG Skipping file for numpy: "numpy-1.7.1.win32-py2.6.exe" (not a wheel or source distribution archive (expected one of `.whl`, `.tar.gz`, `.zip`, `.tar.bz2`, `.tar.lz`, `.tar.lzma`, `.tar.xz`, `.tar.zst`, `.tar`, `.tbz`, `.tgz`, `.tlz`, or `.txz`))
DEBUG Skipping file for numpy: "numpy-1.7.1.win32-py2.7.exe" (not a wheel or source distribution archive (expected one of `.whl`, `.tar.gz`, `.zip`, `.tar.bz2`, `.tar.lz`, `.tar.lzma`, `.tar.xz`, `.tar.zst`, `.tar`, `.tbz`, `.tgz`, `.tlz`, or `.txz`))
DEBUG Skipping file for numpy: "numpy-1.7.1.win32-py3.1.exe" (not a wheel or source distribution archive (expected one of `.whl`, `.tar.gz`, `.zip`, `.tar.bz2`, `.tar.lz`, `.tar.lzma`, `.tar.xz`, `.tar.zst`, `.tar`, `.tbz`, `.tgz`, `.tlz`, or `.txz`))
DEBUG Skipping file for numpy: "numpy-1.7.1.win32-py3.2.exe" (not a wheel or source distribution archive (expected one of `.whl`, `.tar.gz`, `.zip`, `.tar.bz2`, `.tar.lz`, `.tar.lzma`, `.tar.xz`, `.tar.zst`, `.tar`, `.tbz`, `.tgz`, `.tlz`, or `.txz`))
DEBUG Skipping file for numpy: "numpy-1.7.1.win32-py3.3.exe" (not a wheel or source distribution archive (expected one of `.whl`, `.tar.gz`, `.zip`, `.tar.bz2`, `.tar.lz`, `.tar.lzma`, `.tar.xz`, `.tar.zst`, `.tar`, `.tbz`, `.tgz`, `.tlz`, or `.txz`))
DEBUG Searching for a compatible version of numpy (>=1.21.3)
DEBUG Selecting: numpy==2.5.3 [installed] (installed)
DEBUG Searching for a compatible version of scipy (*)
DEBUG Selecting: scipy==1.18.1 [installed] (installed)
DEBUG Adding transitive dependency for scipy==1.18.1: numpy>=2.0.0, <2.8
DEBUG Tried 4 versions: lightgbm 1, narwhals 1, numpy 1, scipy 1
DEBUG marker environment resolution took 0.525s
Resolved 4 packages in 527ms
DEBUG Requirement already installed: scipy==1.18.1
DEBUG Requirement already installed: narwhals==2.26.0
DEBUG Requirement already installed: numpy==2.5.3
DEBUG Identified uncached distribution: lightgbm==4.7.0
DEBUG Unnecessary package: anyio==4.15.1
DEBUG Unnecessary package: autots==1.0.4
DEBUG Unnecessary package: catboost==1.2.10
DEBUG Unnecessary package: certifi==2026.7.22
DEBUG Unnecessary package: click==8.5.0
DEBUG Unnecessary package: cloudpickle==3.1.2
DEBUG Unnecessary package: contourpy==1.3.3
DEBUG Unnecessary package: cuda-bindings==12.9.7
DEBUG Unnecessary package: cuda-pathfinder==1.6.0
DEBUG Unnecessary package: cuda-toolkit==12.8.1
DEBUG Unnecessary package: cupy-cuda12x==14.2.0
DEBUG Unnecessary package: cycler==0.12.1
DEBUG Unnecessary package: duckdb==1.5.5
DEBUG Unnecessary package: filelock==3.32.3
DEBUG Unnecessary package: fonttools==4.65.0
DEBUG Unnecessary package: formulaic==1.2.2
DEBUG Unnecessary package: fsspec==2026.7.0
DEBUG Unnecessary package: graphviz==0.21
DEBUG Unnecessary package: h11==0.16.0
DEBUG Unnecessary package: hf-xet==1.6.0
DEBUG Unnecessary package: httpcore==1.0.9
DEBUG Unnecessary package: httpx==0.28.1
DEBUG Unnecessary package: huggingface-hub==1.31.0
DEBUG Unnecessary package: idna==3.19
DEBUG Unnecessary package: interface-meta==2.0.1
DEBUG Unnecessary package: jinja2==3.1.6
DEBUG Unnecessary package: joblib==1.6.0
DEBUG Unnecessary package: kiwisolver==1.5.1
DEBUG Unnecessary package: markupsafe==3.0.3
DEBUG Unnecessary package: matplotlib==3.11.1
DEBUG Unnecessary package: mpmath==1.3.0
DEBUG Unnecessary package: networkx==3.6.1
DEBUG Unnecessary package: nvidia-cublas-cu12==12.8.4.1
DEBUG Unnecessary package: nvidia-cuda-cupti-cu12==12.8.90
DEBUG Unnecessary package: nvidia-cuda-nvrtc-cu12==12.8.93
DEBUG Unnecessary package: nvidia-cuda-runtime-cu12==12.8.90
DEBUG Unnecessary package: nvidia-cudnn-cu12==9.19.0.56
DEBUG Unnecessary package: nvidia-cufft-cu12==11.3.3.83
DEBUG Unnecessary package: nvidia-cufile-cu12==1.13.1.3
DEBUG Unnecessary package: nvidia-curand-cu12==10.3.9.90
DEBUG Unnecessary package: nvidia-cusolver-cu12==11.7.3.90
DEBUG Unnecessary package: nvidia-cusparse-cu12==12.5.8.93
DEBUG Unnecessary package: nvidia-cusparselt-cu12==0.7.1
DEBUG Unnecessary package: nvidia-nccl-cu12==2.28.9
DEBUG Unnecessary package: nvidia-nccl-cu13==2.31.2
DEBUG Unnecessary package: nvidia-nvjitlink-cu12==12.8.93
DEBUG Unnecessary package: nvidia-nvshmem-cu12==3.4.5
DEBUG Unnecessary package: nvidia-nvtx-cu12==12.8.90
DEBUG Unnecessary package: packaging==26.3
DEBUG Unnecessary package: pandas==3.0.5
DEBUG Unnecessary package: patsy==1.0.3
DEBUG Unnecessary package: pillow==12.3.0
DEBUG Unnecessary package: plotly==7.0.0
DEBUG Unnecessary package: pyarrow==25.0.1
DEBUG Unnecessary package: pyparsing==3.3.2
DEBUG Unnecessary package: python-dateutil==2.9.0.post0
DEBUG Unnecessary package: pyyaml==6.0.3
DEBUG Unnecessary package: safetensors==0.8.0
DEBUG Unnecessary package: scikit-learn==1.9.0
DEBUG Unnecessary package: setuptools==78.1.0
DEBUG Unnecessary package: six==1.17.0
DEBUG Unnecessary package: sortedcontainers==2.4.0
DEBUG Unnecessary package: statsmodels==0.15.0
DEBUG Unnecessary package: sympy==1.14.0
DEBUG Unnecessary package: threadpoolctl==3.6.0
DEBUG Unnecessary package: timesfm==2.0.2
DEBUG Unnecessary package: torch==2.11.0+cu128
DEBUG Unnecessary package: tqdm==4.70.0
DEBUG Unnecessary package: triton==3.6.0
DEBUG Unnecessary package: typing-extensions==4.16.0
DEBUG Unnecessary package: wrapt==2.4.0
DEBUG Unnecessary package: xgboost==3.4.1
DEBUG No cache entry for: https://files.pythonhosted.org/packages/63/8e/4db5e29290d7e619c307fdb8dab0a0514090af2ce3ec483050e024ec6126/lightgbm-4.7.0.tar.gz
DEBUG Sending fresh GET request for: https://files.pythonhosted.org/packages/63/8e/4db5e29290d7e619c307fdb8dab0a0514090af2ce3ec483050e024ec6126/lightgbm-4.7.0.tar.gz
DEBUG Downloading source distribution: lightgbm==4.7.0
   Building lightgbm==4.7.0
DEBUG Building: lightgbm==4.7.0
DEBUG Assessing Python executable as base candidate: /usr/bin/python3.12
DEBUG Creating build environment for: lightgbm==4.7.0
DEBUG Project is contained in cache directory: `/tmp/.tmpd3EroI/sdists-v9/pypi/lightgbm/4.7.0/7lt84pBZReOOdD6o/src`
DEBUG No workspace root found, using project root
DEBUG Using base executable for virtual environment: /usr/bin/python3.12
DEBUG Resolving build requirements
DEBUG Solving with installed Python version: 3.12.3
DEBUG Solving with target Python version: >=3.12.3
DEBUG Adding direct dependency: scikit-build-core>=0.11.0
DEBUG No cache entry for: https://pypi.org/simple/scikit-build-core/
DEBUG Sending fresh GET request for: https://pypi.org/simple/scikit-build-core/
DEBUG Searching for a compatible version of scikit-build-core (>=0.11.0)
DEBUG Selecting: scikit-build-core==1.0.3 [compatible] (scikit_build_core-1.0.3-py3-none-any.whl)
DEBUG No cache entry for: https://files.pythonhosted.org/packages/b7/b0/7ad8fa9aebb0835b2e20afebf1483cbe175d1612fe01e85042ce9ced8755/scikit_build_core-1.0.3-py3-none-any.whl.metadata
DEBUG Sending fresh GET request for: https://files.pythonhosted.org/packages/b7/b0/7ad8fa9aebb0835b2e20afebf1483cbe175d1612fe01e85042ce9ced8755/scikit_build_core-1.0.3-py3-none-any.whl.metadata
DEBUG Adding transitive dependency for scikit-build-core==1.0.3: packaging>=23.2
DEBUG Adding transitive dependency for scikit-build-core==1.0.3: pathspec>=0.12.0
DEBUG No cache entry for: https://pypi.org/simple/packaging/
DEBUG Sending fresh GET request for: https://pypi.org/simple/packaging/
DEBUG No cache entry for: https://pypi.org/simple/pathspec/
DEBUG Sending fresh GET request for: https://pypi.org/simple/pathspec/
DEBUG No cache entry for: https://files.pythonhosted.org/packages/f1/d9/7fb5aa316bc299258e68c73ba3bddbc499654a07f151cba08f6153988714/pathspec-1.1.1-py3-none-any.whl.metadata
DEBUG Sending fresh GET request for: https://files.pythonhosted.org/packages/f1/d9/7fb5aa316bc299258e68c73ba3bddbc499654a07f151cba08f6153988714/pathspec-1.1.1-py3-none-any.whl.metadata
DEBUG Searching for a compatible version of packaging (>=23.2)
DEBUG Selecting: packaging==26.3 [compatible] (packaging-26.3-py3-none-any.whl)
DEBUG No cache entry for: https://files.pythonhosted.org/packages/63/34/ba1c580383c9eada3711951fef0795c80b829a078d72188184bcab9dd527/packaging-26.3-py3-none-any.whl.metadata
DEBUG Sending fresh GET request for: https://files.pythonhosted.org/packages/63/34/ba1c580383c9eada3711951fef0795c80b829a078d72188184bcab9dd527/packaging-26.3-py3-none-any.whl.metadata
DEBUG Searching for a compatible version of pathspec (>=0.12.0)
DEBUG Selecting: pathspec==1.1.1 [compatible] (pathspec-1.1.1-py3-none-any.whl)
DEBUG Tried 3 versions: packaging 1, pathspec 1, scikit-build-core 1
DEBUG marker environment resolution took 0.204s
DEBUG Installing in pathspec==1.1.1, scikit-build-core==1.0.3, packaging==26.3 in /tmp/.tmpd3EroI/builds-v0/.tmpRYnP74
DEBUG Identified uncached distribution: pathspec==1.1.1
DEBUG Identified uncached distribution: scikit-build-core==1.0.3
DEBUG Identified uncached distribution: packaging==26.3
DEBUG Downloading and building requirements for build: pathspec==1.1.1, scikit-build-core==1.0.3, packaging==26.3
DEBUG No cache entry for: https://files.pythonhosted.org/packages/b7/b0/7ad8fa9aebb0835b2e20afebf1483cbe175d1612fe01e85042ce9ced8755/scikit_build_core-1.0.3-py3-none-any.whl
DEBUG Sending fresh GET request for: https://files.pythonhosted.org/packages/b7/b0/7ad8fa9aebb0835b2e20afebf1483cbe175d1612fe01e85042ce9ced8755/scikit_build_core-1.0.3-py3-none-any.whl
DEBUG No cache entry for: https://files.pythonhosted.org/packages/63/34/ba1c580383c9eada3711951fef0795c80b829a078d72188184bcab9dd527/packaging-26.3-py3-none-any.whl
DEBUG Sending fresh GET request for: https://files.pythonhosted.org/packages/63/34/ba1c580383c9eada3711951fef0795c80b829a078d72188184bcab9dd527/packaging-26.3-py3-none-any.whl
DEBUG No cache entry for: https://files.pythonhosted.org/packages/f1/d9/7fb5aa316bc299258e68c73ba3bddbc499654a07f151cba08f6153988714/pathspec-1.1.1-py3-none-any.whl
DEBUG Sending fresh GET request for: https://files.pythonhosted.org/packages/f1/d9/7fb5aa316bc299258e68c73ba3bddbc499654a07f151cba08f6153988714/pathspec-1.1.1-py3-none-any.whl
DEBUG Installing build requirements: packaging==26.3, pathspec==1.1.1, scikit-build-core==1.0.3
DEBUG Creating PEP 517 build environment
DEBUG Calling `scikit_build_core.build.get_requires_for_build_wheel()`
DEBUG Calling `scikit_build_core.build.build_wheel(__import__("os").fsdecode(b"/tmp/.tmpd3EroI/builds-v0/.tmpf13eqz"), {"cmake.define.BUILD_WITH_SHARED_NCCL":"ON","cmake.define.USE_CUDA":"ON"}, None)`
DEBUG 2026-09-10 16:31:49,770 - scikit_build_core - INFO - RUN: /usr/bin/cmake -E capabilities
DEBUG 2026-09-10 16:31:49,782 - scikit_build_core - INFO - CMake version: 3.28.3
DEBUG *** scikit-build-core 1.0.3 using CMake 3.28.3 (wheel)
DEBUG 2026-09-10 16:31:49,783 - scikit_build_core - INFO - Implementation: cpython linux on x86_64
DEBUG 2026-09-10 16:31:49,785 - scikit_build_core - INFO - Build directory: /tmp/tmphh99ez99/build
DEBUG *** Configuring CMake...
DEBUG 2026-09-10 16:31:49,800 - scikit_build_core - INFO - RUN: /usr/bin/ninja --version
DEBUG 2026-09-10 16:31:49,804 - scikit_build_core - INFO - Ninja version: 1.11.1
DEBUG 2026-09-10 16:31:49,805 - scikit_build_core - INFO - RUN: /usr/bin/cmake -S. -B/tmp/tmphh99ez99/build -DCMAKE_BUILD_TYPE:STRING=Release -C/tmp/tmphh99ez99/build/CMakeInit.txt -DCMAKE_INSTALL_PREFIX=/tmp/tmphh99ez99/wheel/platlib -DCMAKE_MAKE_PROGRAM=/usr/bin/ninja -D__BUILD_FOR_PYTHON=ON -DBUILD_WITH_SHARED_NCCL=ON -DUSE_CUDA=ON
DEBUG loading initial cache file /tmp/tmphh99ez99/build/CMakeInit.txt
DEBUG -- The C compiler identification is GNU 13.3.0
DEBUG -- The CXX compiler identification is GNU 13.3.0
DEBUG -- Detecting C compiler ABI info
DEBUG -- Detecting C compiler ABI info - done
DEBUG -- Check for working C compiler: /usr/bin/x86_64-linux-gnu-gcc - skipped
DEBUG -- Detecting C compile features
DEBUG -- Detecting C compile features - done
DEBUG -- Detecting CXX compiler ABI info
DEBUG -- Detecting CXX compiler ABI info - done
DEBUG -- Check for working CXX compiler: /usr/bin/x86_64-linux-gnu-g++ - skipped
DEBUG -- Detecting CXX compile features
DEBUG -- Detecting CXX compile features - done
DEBUG -- Building using CMake version: 3.28.3
DEBUG -- Found CUDAToolkit: /usr/local/cuda/targets/x86_64-linux/include (found suitable version "12.8.93", minimum required is "11.8") 
DEBUG -- Performing Test CMAKE_HAVE_LIBC_PTHREAD
DEBUG -- Performing Test CMAKE_HAVE_LIBC_PTHREAD - Success
DEBUG -- Found Threads: TRUE  
DEBUG -- CMAKE_CUDA_ARCHITECTURES: 60-real;61-real;70-real;80-real;86-real;89-real;90-real;100-real;120-real;120-virtual
DEBUG -- The CUDA compiler identification is NVIDIA 12.8.93
DEBUG -- Detecting CUDA compiler ABI info
DEBUG -- Detecting CUDA compiler ABI info - done
DEBUG -- Check for working CUDA compiler: /usr/local/cuda/bin/nvcc - skipped
DEBUG -- Detecting CUDA compile features
DEBUG -- Detecting CUDA compile features - done
DEBUG -- Found OpenMP_C: -fopenmp (found version "4.5") 
DEBUG -- Found OpenMP_CXX: -fopenmp (found version "4.5") 
DEBUG -- Found OpenMP: TRUE (found version "4.5")  
DEBUG -- Using nccl library: /usr/lib/x86_64-linux-gnu/libnccl.so
DEBUG -- Found NCCL: /usr/include  
DEBUG -- CMAKE_CUDA_FLAGS:  -Xcompiler=-fopenmp -Xcompiler=-fPIC -Xcompiler=-Wall -O3 -lineinfo
DEBUG -- Performing Test MM_PREFETCH
DEBUG -- Performing Test MM_PREFETCH - Success
DEBUG -- Using _mm_prefetch
DEBUG -- Performing Test MM_MALLOC
DEBUG -- Performing Test MM_MALLOC - Success
DEBUG -- Using _mm_malloc
DEBUG -- Configuring done (6.7s)
DEBUG -- Generating done (0.0s)
DEBUG -- Build files have been written to: /tmp/tmphh99ez99/build
DEBUG *** Building project with Ninja...
DEBUG 2026-09-10 16:31:56,576 - scikit_build_core - INFO - RUN: /usr/bin/cmake --build /tmp/tmphh99ez99/build --target _lightgbm
DEBUG [1/76] Building CXX object CMakeFiles/lightgbm_objs.dir/src/network/linkers_mpi.cpp.o
DEBUG [2/76] Building CXX object CMakeFiles/lightgbm_objs.dir/src/treelearner/gpu_tree_learner.cpp.o
DEBUG [3/76] Building C object external_libs/nanoarrow/CMakeFiles/nanoarrow_static.dir/src/nanoarrow/common/array_stream.c.o
DEBUG [4/76] Building C object external_libs/nanoarrow/CMakeFiles/nanoarrow_static.dir/src/nanoarrow/common/utils.c.o
DEBUG [5/76] Building C object external_libs/nanoarrow/CMakeFiles/nanoarrow_static.dir/src/nanoarrow/common/schema.c.o
DEBUG [6/76] Building CXX object CMakeFiles/lightgbm_objs.dir/src/utils/openmp_wrapper.cpp.o
DEBUG [7/76] Building C object external_libs/nanoarrow/CMakeFiles/nanoarrow_static.dir/src/nanoarrow/common/array.c.o
DEBUG [8/76] Linking C static library external_libs/nanoarrow/libnanoarrow_static.a
DEBUG [9/76] Building CXX object CMakeFiles/lightgbm_objs.dir/src/boosting/prediction_early_stop.cpp.o
DEBUG [10/76] Building CXX object CMakeFiles/lightgbm_objs.dir/src/io/file_io.cpp.o
DEBUG [11/76] Building CXX object CMakeFiles/lightgbm_objs.dir/src/io/cuda/cuda_metadata.cpp.o
DEBUG [12/76] Building CXX object CMakeFiles/lightgbm_objs.dir/src/cuda/cuda_utils.cpp.o
DEBUG [13/76] Building CXX object CMakeFiles/lightgbm_objs.dir/src/network/linker_topo.cpp.o
DEBUG [14/76] Building CXX object CMakeFiles/lightgbm_objs.dir/src/treelearner/cuda/cuda_leaf_splits.cpp.o
DEBUG [15/76] Building CXX object CMakeFiles/lightgbm_objs.dir/src/io/train_share_states.cpp.o
DEBUG [16/76] Building CXX object CMakeFiles/lightgbm_objs.dir/src/network/network.cpp.o
DEBUG [17/76] Building CXX object CMakeFiles/lightgbm_objs.dir/src/treelearner/cuda/cuda_data_partition.cpp.o
DEBUG [18/76] Building CXX object CMakeFiles/lightgbm_objs.dir/src/boosting/gbdt_prediction.cpp.o
DEBUG [19/76] Building CXX object CMakeFiles/lightgbm_objs.dir/src/treelearner/cuda/cuda_histogram_constructor.cpp.o
DEBUG [20/76] Building CXX object CMakeFiles/lightgbm_objs.dir/src/boosting/cuda/cuda_score_updater.cpp.o
DEBUG [21/76] Building CXX object CMakeFiles/lightgbm_objs.dir/src/io/cuda/cuda_column_data.cpp.o
DEBUG [22/76] Building CXX object CMakeFiles/lightgbm_objs.dir/src/metric/dcg_calculator.cpp.o
DEBUG [23/76] Building CXX object CMakeFiles/lightgbm_objs.dir/src/objective/cuda/cuda_binary_objective.cpp.o
DEBUG [24/76] Building CXX object CMakeFiles/lightgbm_objs.dir/src/io/json11.cpp.o
DEBUG [25/76] Building CXX object CMakeFiles/lightgbm_objs.dir/src/network/linkers_socket.cpp.o
DEBUG [26/76] Building CXX object CMakeFiles/lightgbm_objs.dir/src/metric/cuda/cuda_pointwise_metric.cpp.o
DEBUG [27/76] Building CXX object CMakeFiles/lightgbm_objs.dir/src/treelearner/cuda/cuda_best_split_finder.cpp.o
DEBUG [28/76] Building CXX object CMakeFiles/lightgbm_objs.dir/src/metric/cuda/cuda_binary_metric.cpp.o
DEBUG [29/76] Building CXX object CMakeFiles/lightgbm_objs.dir/src/boosting/sample_strategy.cpp.o
DEBUG [30/76] Building CXX object CMakeFiles/lightgbm_objs.dir/src/io/cuda/cuda_tree.cpp.o
DEBUG [31/76] Building CXX object CMakeFiles/lightgbm_objs.dir/src/objective/cuda/cuda_multiclass_objective.cpp.o
DEBUG [32/76] Building CXX object CMakeFiles/lightgbm_objs.dir/src/objective/cuda/cuda_rank_objective.cpp.o
DEBUG [33/76] Building CXX object CMakeFiles/lightgbm_objs.dir/src/io/config.cpp.o
DEBUG [34/76] Building CXX object CMakeFiles/lightgbm_objs.dir/src/io/parser.cpp.o
DEBUG [35/76] Building CXX object CMakeFiles/lightgbm_objs.dir/src/treelearner/gradient_discretizer.cpp.o
DEBUG [36/76] Building CXX object CMakeFiles/lightgbm_objs.dir/src/metric/cuda/cuda_regression_metric.cpp.o
DEBUG [37/76] Building CXX object CMakeFiles/lightgbm_objs.dir/src/objective/cuda/cuda_regression_objective.cpp.o
DEBUG [38/76] Building CXX object CMakeFiles/lightgbm_objs.dir/src/io/config_auto.cpp.o
DEBUG [39/76] Building CXX object CMakeFiles/lightgbm_objs.dir/src/io/cuda/cuda_row_data.cpp.o
DEBUG [40/76] Building CXX object CMakeFiles/lightgbm_objs.dir/src/boosting/gbdt_model_text.cpp.o
DEBUG [41/76] Building CXX object CMakeFiles/lightgbm_objs.dir/src/treelearner/feature_parallel_tree_learner.cpp.o
DEBUG [42/76] Building CXX object CMakeFiles/lightgbm_objs.dir/src/treelearner/tree_learner.cpp.o
DEBUG [43/76] Building CXX object CMakeFiles/lightgbm_objs.dir/src/io/dataset_loader.cpp.o
DEBUG [44/76] Building CXX object CMakeFiles/lightgbm_objs.dir/src/boosting/gbdt.cpp.o
DEBUG [45/76] Building CXX object CMakeFiles/lightgbm_objs.dir/src/treelearner/cuda/cuda_single_gpu_tree_learner.cpp.o
DEBUG [46/76] Building CXX object CMakeFiles/lightgbm_objs.dir/src/objective/objective_function.cpp.o
DEBUG [47/76] Building CXX object CMakeFiles/lightgbm_objs.dir/src/boosting/cuda/nccl_gbdt.cpp.o
DEBUG [48/76] Building CXX object CMakeFiles/lightgbm_objs.dir/src/treelearner/data_parallel_tree_learner.cpp.o
DEBUG [49/76] Building CXX object CMakeFiles/lightgbm_objs.dir/src/boosting/boosting.cpp.o
DEBUG [50/76] Building CXX object CMakeFiles/lightgbm_objs.dir/src/io/metadata.cpp.o
DEBUG [51/76] Building CXX object CMakeFiles/lightgbm_objs.dir/src/io/dataset.cpp.o
DEBUG [52/76] Building CXX object CMakeFiles/lightgbm_objs.dir/src/metric/metric.cpp.o
DEBUG [53/76] Building CXX object CMakeFiles/lightgbm_objs.dir/src/io/tree.cpp.o
DEBUG [54/76] Building CXX object CMakeFiles/lightgbm_capi_objs.dir/src/c_api.cpp.o
DEBUG [55/76] Building CXX object CMakeFiles/lightgbm_objs.dir/src/treelearner/linear_tree_learner.cpp.o
DEBUG [56/76] Building CXX object CMakeFiles/lightgbm_objs.dir/src/io/bin.cpp.o
DEBUG [57/76] Building CUDA object CMakeFiles/lightgbm_objs.dir/src/io/cuda/cuda_column_data.cu.o
DEBUG nvcc warning : Support for offline compilation for architectures prior to '<compute/sm/lto>_75' will be removed in a future release (Use -Wno-deprecated-gpu-targets to suppress warning).
DEBUG /tmp/.tmpd3EroI/sdists-v9/pypi/lightgbm/4.7.0/7lt84pBZReOOdD6o/src/external_libs/fmt/include/fmt/base.h(472): warning #128-D: loop is not reachable
DEBUG     for (; n != 0; ++s1, ++s2, --n) {
DEBUG     ^
DEBUG           detected during:
DEBUG             instantiation of "auto fmt::v11::detail::compare(const Char *, const Char *, std::size_t)->int [with Char=char]" at line 591
DEBUG             instantiation of "auto fmt::v11::basic_string_view<Char>::compare(fmt::v11::basic_string_view<Char>) const->int [with Char=char]" at line 598
DEBUG             instantiation of class "fmt::v11::basic_string_view<Char> [with Char=char]" at line 2612
DEBUG             instantiation of "auto fmt::v11::basic_format_args<Context>::get_id(fmt::v11::basic_string_view<Char>) const->int [with Context=fmt::v11::context, Char=char]" at line 2655
DEBUG 
DEBUG Remark: The warnings can be suppressed with "-diag-suppress <warning-number>"
DEBUG 
DEBUG /tmp/.tmpd3EroI/sdists-v9/pypi/lightgbm/4.7.0/7lt84pBZReOOdD6o/src/external_libs/fmt/include/fmt/format.h(2594): warning #2417-D: constexpr constructor calls non-constexpr function "fmt::v11::basic_memory_buffer<T, SIZE, Allocator>::basic_memory_buffer(const Allocator &) [with T=fmt::v11::detail::bigint::bigit, SIZE=32UL, Allocator=fmt::v11::detail::allocator<fmt::v11::detail::bigint::bigit>]"
DEBUG     constexpr bigint() : exp_(0) {}
DEBUG                                  ^
DEBUG 
DEBUG /tmp/.tmpd3EroI/sdists-v9/pypi/lightgbm/4.7.0/7lt84pBZReOOdD6o/src/external_libs/fmt/include/fmt/base.h(472): warning #128-D: loop is not reachable
DEBUG     for (; n != 0; ++s1, ++s2, --n) {
DEBUG     ^
DEBUG           detected during:
DEBUG             instantiation of "auto fmt::v11::detail::compare(const Char *, const Char *, std::size_t)->int [with Char=char]" at line 591
DEBUG             instantiation of "auto fmt::v11::basic_string_view<Char>::compare(fmt::v11::basic_string_view<Char>) const->int [with Char=char]" at line 598
DEBUG             instantiation of class "fmt::v11::basic_string_view<Char> [with Char=char]" at line 2612
DEBUG             instantiation of "auto fmt::v11::basic_format_args<Context>::get_id(fmt::v11::basic_string_view<Char>) const->int [with Context=fmt::v11::context, Char=char]" at line 2655
DEBUG 
DEBUG Remark: The warnings can be suppressed with "-diag-suppress <warning-number>"
DEBUG 
DEBUG /tmp/.tmpd3EroI/sdists-v9/pypi/lightgbm/4.7.0/7lt84pBZReOOdD6o/src/external_libs/fmt/include/fmt/format.h(2594): warning #2417-D: constexpr constructor calls non-constexpr function "fmt::v11::basic_memory_buffer<T, SIZE, Allocator>::basic_memory_buffer(const Allocator &) [with T=fmt::v11::detail::bigint::bigit, SIZE=32UL, Allocator=fmt::v11::detail::allocator<fmt::v11::detail::bigint::bigit>]"
DEBUG     constexpr bigint() : exp_(0) {}
DEBUG                                  ^
DEBUG 
DEBUG /tmp/.tmpd3EroI/sdists-v9/pypi/lightgbm/4.7.0/7lt84pBZReOOdD6o/src/external_libs/fmt/include/fmt/base.h(472): warning #128-D: loop is not reachable
DEBUG     for (; n != 0; ++s1, ++s2, --n) {
DEBUG     ^
DEBUG           detected during:
DEBUG             instantiation of "auto fmt::v11::detail::compare(const Char *, const Char *, std::size_t)->int [with Char=char]" at line 591
DEBUG             instantiation of "auto fmt::v11::basic_string_view<Char>::compare(fmt::v11::basic_string_view<Char>) const->int [with Char=char]" at line 598
DEBUG             instantiation of class "fmt::v11::basic_string_view<Char> [with Char=char]" at line 2612
DEBUG             instantiation of "auto fmt::v11::basic_format_args<Context>::get_id(fmt::v11::basic_string_view<Char>) const->int [with Context=fmt::v11::context, Char=char]" at line 2655
DEBUG 
DEBUG Remark: The warnings can be suppressed with "-diag-suppress <warning-number>"
DEBUG 
DEBUG /tmp/.tmpd3EroI/sdists-v9/pypi/lightgbm/4.7.0/7lt84pBZReOOdD6o/src/external_libs/fmt/include/fmt/format.h(2594): warning #2417-D: constexpr constructor calls non-constexpr function "fmt::v11::basic_memory_buffer<T, SIZE, Allocator>::basic_memory_buffer(const Allocator &) [with T=fmt::v11::detail::bigint::bigit, SIZE=32UL, Allocator=fmt::v11::detail::allocator<fmt::v11::detail::bigint::bigit>]"
DEBUG     constexpr bigint() : exp_(0) {}
DEBUG                                  ^
DEBUG 
DEBUG /tmp/.tmpd3EroI/sdists-v9/pypi/lightgbm/4.7.0/7lt84pBZReOOdD6o/src/external_libs/fmt/include/fmt/base.h(472): warning #128-D: loop is not reachable
DEBUG     for (; n != 0; ++s1, ++s2, --n) {
DEBUG     ^
DEBUG           detected during:
DEBUG             instantiation of "auto fmt::v11::detail::compare(const Char *, const Char *, std::size_t)->int [with Char=char]" at line 591
DEBUG             instantiation of "auto fmt::v11::basic_string_view<Char>::compare(fmt::v11::basic_string_view<Char>) const->int [with Char=char]" at line 598
DEBUG             instantiation of class "fmt::v11::basic_string_view<Char> [with Char=char]" at line 2612
DEBUG             instantiation of "auto fmt::v11::basic_format_args<Context>::get_id(fmt::v11::basic_string_view<Char>) const->int [with Context=fmt::v11::context, Char=char]" at line 2655
DEBUG 
DEBUG Remark: The warnings can be suppressed with "-diag-suppress <warning-number>"
DEBUG 
DEBUG /tmp/.tmpd3EroI/sdists-v9/pypi/lightgbm/4.7.0/7lt84pBZReOOdD6o/src/external_libs/fmt/include/fmt/format.h(2594): warning #2417-D: constexpr constructor calls non-constexpr function "fmt::v11::basic_memory_buffer<T, SIZE, Allocator>::basic_memory_buffer(const Allocator &) [with T=fmt::v11::detail::bigint::bigit, SIZE=32UL, Allocator=fmt::v11::detail::allocator<fmt::v11::detail::bigint::bigit>]"
DEBUG     constexpr bigint() : exp_(0) {}
DEBUG                                  ^
DEBUG 
DEBUG /tmp/.tmpd3EroI/sdists-v9/pypi/lightgbm/4.7.0/7lt84pBZReOOdD6o/src/external_libs/fmt/include/fmt/base.h(472): warning #128-D: loop is not reachable
DEBUG     for (; n != 0; ++s1, ++s2, --n) {
DEBUG     ^
DEBUG           detected during:
DEBUG             instantiation of "auto fmt::v11::detail::compare(const Char *, const Char *, std::size_t)->int [with Char=char]" at line 591
DEBUG             instantiation of "auto fmt::v11::basic_string_view<Char>::compare(fmt::v11::basic_string_view<Char>) const->int [with Char=char]" at line 598
DEBUG             instantiation of class "fmt::v11::basic_string_view<Char> [with Char=char]" at line 2612
DEBUG             instantiation of "auto fmt::v11::basic_format_args<Context>::get_id(fmt::v11::basic_string_view<Char>) const->int [with Context=fmt::v11::context, Char=char]" at line 2655
DEBUG 
DEBUG Remark: The warnings can be suppressed with "-diag-suppress <warning-number>"
DEBUG 
DEBUG /tmp/.tmpd3EroI/sdists-v9/pypi/lightgbm/4.7.0/7lt84pBZReOOdD6o/src/external_libs/fmt/include/fmt/format.h(2594): warning #2417-D: constexpr constructor calls non-constexpr function "fmt::v11::basic_memory_buffer<T, SIZE, Allocator>::basic_memory_buffer(const Allocator &) [with T=fmt::v11::detail::bigint::bigit, SIZE=32UL, Allocator=fmt::v11::detail::allocator<fmt::v11::detail::bigint::bigit>]"
DEBUG     constexpr bigint() : exp_(0) {}
DEBUG                                  ^
DEBUG 
DEBUG /tmp/.tmpd3EroI/sdists-v9/pypi/lightgbm/4.7.0/7lt84pBZReOOdD6o/src/external_libs/fmt/include/fmt/base.h(472): warning #128-D: loop is not reachable
DEBUG     for (; n != 0; ++s1, ++s2, --n) {
DEBUG     ^
DEBUG           detected during:
DEBUG             instantiation of "auto fmt::v11::detail::compare(const Char *, const Char *, std::size_t)->int [with Char=char]" at line 591
DEBUG             instantiation of "auto fmt::v11::basic_string_view<Char>::compare(fmt::v11::basic_string_view<Char>) const->int [with Char=char]" at line 598
DEBUG             instantiation of class "fmt::v11::basic_string_view<Char> [with Char=char]" at line 2612
DEBUG             instantiation of "auto fmt::v11::basic_format_args<Context>::get_id(fmt::v11::basic_string_view<Char>) const->int [with Context=fmt::v11::context, Char=char]" at line 2655
DEBUG 
DEBUG Remark: The warnings can be suppressed with "-diag-suppress <warning-number>"
DEBUG 
DEBUG /tmp/.tmpd3EroI/sdists-v9/pypi/lightgbm/4.7.0/7lt84pBZReOOdD6o/src/external_libs/fmt/include/fmt/format.h(2594): warning #2417-D: constexpr constructor calls non-constexpr function "fmt::v11::basic_memory_buffer<T, SIZE, Allocator>::basic_memory_buffer(const Allocator &) [with T=fmt::v11::detail::bigint::bigit, SIZE=32UL, Allocator=fmt::v11::detail::allocator<fmt::v11::detail::bigint::bigit>]"
DEBUG     constexpr bigint() : exp_(0) {}
DEBUG                                  ^
DEBUG 
DEBUG /tmp/.tmpd3EroI/sdists-v9/pypi/lightgbm/4.7.0/7lt84pBZReOOdD6o/src/external_libs/fmt/include/fmt/base.h(472): warning #128-D: loop is not reachable
DEBUG     for (; n != 0; ++s1, ++s2, --n) {
DEBUG     ^
DEBUG           detected during:
DEBUG             instantiation of "auto fmt::v11::detail::compare(const Char *, const Char *, std::size_t)->int [with Char=char]" at line 591
DEBUG             instantiation of "auto fmt::v11::basic_string_view<Char>::compare(fmt::v11::basic_string_view<Char>) const->int [with Char=char]" at line 598
DEBUG             instantiation of class "fmt::v11::basic_string_view<Char> [with Char=char]" at line 2612
DEBUG             instantiation of "auto fmt::v11::basic_format_args<Context>::get_id(fmt::v11::basic_string_view<Char>) const->int [with Context=fmt::v11::context, Char=char]" at line 2655
DEBUG 
DEBUG Remark: The warnings can be suppressed with "-diag-suppress <warning-number>"
DEBUG 
DEBUG /tmp/.tmpd3EroI/sdists-v9/pypi/lightgbm/4.7.0/7lt84pBZReOOdD6o/src/external_libs/fmt/include/fmt/format.h(2594): warning #2417-D: constexpr constructor calls non-constexpr function "fmt::v11::basic_memory_buffer<T, SIZE, Allocator>::basic_memory_buffer(const Allocator &) [with T=fmt::v11::detail::bigint::bigit, SIZE=32UL, Allocator=fmt::v11::detail::allocator<fmt::v11::detail::bigint::bigit>]"
DEBUG     constexpr bigint() : exp_(0) {}
DEBUG                                  ^
DEBUG 
DEBUG /tmp/.tmpd3EroI/sdists-v9/pypi/lightgbm/4.7.0/7lt84pBZReOOdD6o/src/external_libs/fmt/include/fmt/base.h(472): warning #128-D: loop is not reachable
DEBUG     for (; n != 0; ++s1, ++s2, --n) {
DEBUG     ^
DEBUG           detected during:
DEBUG             instantiation of "auto fmt::v11::detail::compare(const Char *, const Char *, std::size_t)->int [with Char=char]" at line 591
DEBUG             instantiation of "auto fmt::v11::basic_string_view<Char>::compare(fmt::v11::basic_string_view<Char>) const->int [with Char=char]" at line 598
DEBUG             instantiation of class "fmt::v11::basic_string_view<Char> [with Char=char]" at line 2612
DEBUG             instantiation of "auto fmt::v11::basic_format_args<Context>::get_id(fmt::v11::basic_string_view<Char>) const->int [with Context=fmt::v11::context, Char=char]" at line 2655
DEBUG 
DEBUG Remark: The warnings can be suppressed with "-diag-suppress <warning-number>"
DEBUG 
DEBUG /tmp/.tmpd3EroI/sdists-v9/pypi/lightgbm/4.7.0/7lt84pBZReOOdD6o/src/external_libs/fmt/include/fmt/format.h(2594): warning #2417-D: constexpr constructor calls non-constexpr function "fmt::v11::basic_memory_buffer<T, SIZE, Allocator>::basic_memory_buffer(const Allocator &) [with T=fmt::v11::detail::bigint::bigit, SIZE=32UL, Allocator=fmt::v11::detail::allocator<fmt::v11::detail::bigint::bigit>]"
DEBUG     constexpr bigint() : exp_(0) {}
DEBUG                                  ^
DEBUG 
DEBUG /tmp/.tmpd3EroI/sdists-v9/pypi/lightgbm/4.7.0/7lt84pBZReOOdD6o/src/external_libs/fmt/include/fmt/base.h(472): warning #128-D: loop is not reachable
DEBUG     for (; n != 0; ++s1, ++s2, --n) {
DEBUG     ^
DEBUG           detected during:
DEBUG             instantiation of "auto fmt::v11::detail::compare(const Char *, const Char *, std::size_t)->int [with Char=char]" at line 591
DEBUG             instantiation of "auto fmt::v11::basic_string_view<Char>::compare(fmt::v11::basic_string_view<Char>) const->int [with Char=char]" at line 598
DEBUG             instantiation of class "fmt::v11::basic_string_view<Char> [with Char=char]" at line 2612
DEBUG             instantiation of "auto fmt::v11::basic_format_args<Context>::get_id(fmt::v11::basic_string_view<Char>) const->int [with Context=fmt::v11::context, Char=char]" at line 2655
DEBUG 
DEBUG Remark: The warnings can be suppressed with "-diag-suppress <warning-number>"
DEBUG 
DEBUG /tmp/.tmpd3EroI/sdists-v9/pypi/lightgbm/4.7.0/7lt84pBZReOOdD6o/src/external_libs/fmt/include/fmt/format.h(2594): warning #2417-D: constexpr constructor calls non-constexpr function "fmt::v11::basic_memory_buffer<T, SIZE, Allocator>::basic_memory_buffer(const Allocator &) [with T=fmt::v11::detail::bigint::bigit, SIZE=32UL, Allocator=fmt::v11::detail::allocator<fmt::v11::detail::bigint::bigit>]"
DEBUG     constexpr bigint() : exp_(0) {}
DEBUG                                  ^
DEBUG 
DEBUG /tmp/.tmpd3EroI/sdists-v9/pypi/lightgbm/4.7.0/7lt84pBZReOOdD6o/src/external_libs/fmt/include/fmt/base.h(472): warning #128-D: loop is not reachable
DEBUG     for (; n != 0; ++s1, ++s2, --n) {
DEBUG     ^
DEBUG           detected during:
DEBUG             instantiation of "auto fmt::v11::detail::compare(const Char *, const Char *, std::size_t)->int [with Char=char]" at line 591
DEBUG             instantiation of "auto fmt::v11::basic_string_view<Char>::compare(fmt::v11::basic_string_view<Char>) const->int [with Char=char]" at line 598
DEBUG             instantiation of class "fmt::v11::basic_string_view<Char> [with Char=char]" at line 2612
DEBUG             instantiation of "auto fmt::v11::basic_format_args<Context>::get_id(fmt::v11::basic_string_view<Char>) const->int [with Context=fmt::v11::context, Char=char]" at line 2655
DEBUG 
DEBUG Remark: The warnings can be suppressed with "-diag-suppress <warning-number>"
DEBUG 
DEBUG /tmp/.tmpd3EroI/sdists-v9/pypi/lightgbm/4.7.0/7lt84pBZReOOdD6o/src/external_libs/fmt/include/fmt/format.h(2594): warning #2417-D: constexpr constructor calls non-constexpr function "fmt::v11::basic_memory_buffer<T, SIZE, Allocator>::basic_memory_buffer(const Allocator &) [with T=fmt::v11::detail::bigint::bigit, SIZE=32UL, Allocator=fmt::v11::detail::allocator<fmt::v11::detail::bigint::bigit>]"
DEBUG     constexpr bigint() : exp_(0) {}
DEBUG                                  ^
DEBUG 
DEBUG [58/76] Building CUDA object CMakeFiles/lightgbm_objs.dir/src/treelearner/cuda/cuda_leaf_splits.cu.o
DEBUG nvcc warning : Support for offline compilation for architectures prior to '<compute/sm/lto>_75' will be removed in a future release (Use -Wno-deprecated-gpu-targets to suppress warning).
DEBUG /tmp/.tmpd3EroI/sdists-v9/pypi/lightgbm/4.7.0/7lt84pBZReOOdD6o/src/external_libs/fmt/include/fmt/base.h(472): warning #128-D: loop is not reachable
DEBUG     for (; n != 0; ++s1, ++s2, --n) {
DEBUG     ^
DEBUG           detected during:
DEBUG             instantiation of "auto fmt::v11::detail::compare(const Char *, const Char *, std::size_t)->int [with Char=char]" at line 591
DEBUG             instantiation of "auto fmt::v11::basic_string_view<Char>::compare(fmt::v11::basic_string_view<Char>) const->int [with Char=char]" at line 598
DEBUG             instantiation of class "fmt::v11::basic_string_view<Char> [with Char=char]" at line 2612
DEBUG             instantiation of "auto fmt::v11::basic_format_args<Context>::get_id(fmt::v11::basic_string_view<Char>) const->int [with Context=fmt::v11::context, Char=char]" at line 2655
DEBUG 
DEBUG Remark: The warnings can be suppressed with "-diag-suppress <warning-number>"
DEBUG 
DEBUG /tmp/.tmpd3EroI/sdists-v9/pypi/lightgbm/4.7.0/7lt84pBZReOOdD6o/src/external_libs/fmt/include/fmt/format.h(2594): warning #2417-D: constexpr constructor calls non-constexpr function "fmt::v11::basic_memory_buffer<T, SIZE, Allocator>::basic_memory_buffer(const Allocator &) [with T=fmt::v11::detail::bigint::bigit, SIZE=32UL, Allocator=fmt::v11::detail::allocator<fmt::v11::detail::bigint::bigit>]"
DEBUG     constexpr bigint() : exp_(0) {}
DEBUG                                  ^
DEBUG 
DEBUG /tmp/.tmpd3EroI/sdists-v9/pypi/lightgbm/4.7.0/7lt84pBZReOOdD6o/src/external_libs/fmt/include/fmt/base.h(472): warning #128-D: loop is not reachable
DEBUG     for (; n != 0; ++s1, ++s2, --n) {
DEBUG     ^
DEBUG           detected during:
DEBUG             instantiation of "auto fmt::v11::detail::compare(const Char *, const Char *, std::size_t)->int [with Char=char]" at line 591
DEBUG             instantiation of "auto fmt::v11::basic_string_view<Char>::compare(fmt::v11::basic_string_view<Char>) const->int [with Char=char]" at line 598
DEBUG             instantiation of class "fmt::v11::basic_string_view<Char> [with Char=char]" at line 2612
DEBUG             instantiation of "auto fmt::v11::basic_format_args<Context>::get_id(fmt::v11::basic_string_view<Char>) const->int [with Context=fmt::v11::context, Char=char]" at line 2655
DEBUG 
DEBUG Remark: The warnings can be suppressed with "-diag-suppress <warning-number>"
DEBUG 
DEBUG /tmp/.tmpd3EroI/sdists-v9/pypi/lightgbm/4.7.0/7lt84pBZReOOdD6o/src/external_libs/fmt/include/fmt/format.h(2594): warning #2417-D: constexpr constructor calls non-constexpr function "fmt::v11::basic_memory_buffer<T, SIZE, Allocator>::basic_memory_buffer(const Allocator &) [with T=fmt::v11::detail::bigint::bigit, SIZE=32UL, Allocator=fmt::v11::detail::allocator<fmt::v11::detail::bigint::bigit>]"
DEBUG     constexpr bigint() : exp_(0) {}
DEBUG                                  ^
DEBUG 
DEBUG /tmp/.tmpd3EroI/sdists-v9/pypi/lightgbm/4.7.0/7lt84pBZReOOdD6o/src/external_libs/fmt/include/fmt/base.h(472): warning #128-D: loop is not reachable
DEBUG     for (; n != 0; ++s1, ++s2, --n) {
DEBUG     ^
DEBUG           detected during:
DEBUG             instantiation of "auto fmt::v11::detail::compare(const Char *, const Char *, std::size_t)->int [with Char=char]" at line 591
DEBUG             instantiation of "auto fmt::v11::basic_string_view<Char>::compare(fmt::v11::basic_string_view<Char>) const->int [with Char=char]" at line 598
DEBUG             instantiation of class "fmt::v11::basic_string_view<Char> [with Char=char]" at line 2612
DEBUG             instantiation of "auto fmt::v11::basic_format_args<Context>::get_id(fmt::v11::basic_string_view<Char>) const->int [with Context=fmt::v11::context, Char=char]" at line 2655
DEBUG 
DEBUG Remark: The warnings can be suppressed with "-diag-suppress <warning-number>"
DEBUG 
DEBUG /tmp/.tmpd3EroI/sdists-v9/pypi/lightgbm/4.7.0/7lt84pBZReOOdD6o/src/external_libs/fmt/include/fmt/format.h(2594): warning #2417-D: constexpr constructor calls non-constexpr function "fmt::v11::basic_memory_buffer<T, SIZE, Allocator>::basic_memory_buffer(const Allocator &) [with T=fmt::v11::detail::bigint::bigit, SIZE=32UL, Allocator=fmt::v11::detail::allocator<fmt::v11::detail::bigint::bigit>]"
DEBUG     constexpr bigint() : exp_(0) {}
DEBUG                                  ^
DEBUG 
DEBUG /tmp/.tmpd3EroI/sdists-v9/pypi/lightgbm/4.7.0/7lt84pBZReOOdD6o/src/external_libs/fmt/include/fmt/base.h(472): warning #128-D: loop is not reachable
DEBUG     for (; n != 0; ++s1, ++s2, --n) {
DEBUG     ^
DEBUG           detected during:
DEBUG             instantiation of "auto fmt::v11::detail::compare(const Char *, const Char *, std::size_t)->int [with Char=char]" at line 591
DEBUG             instantiation of "auto fmt::v11::basic_string_view<Char>::compare(fmt::v11::basic_string_view<Char>) const->int [with Char=char]" at line 598
DEBUG             instantiation of class "fmt::v11::basic_string_view<Char> [with Char=char]" at line 2612
DEBUG             instantiation of "auto fmt::v11::basic_format_args<Context>::get_id(fmt::v11::basic_string_view<Char>) const->int [with Context=fmt::v11::context, Char=char]" at line 2655
DEBUG 
DEBUG Remark: The warnings can be suppressed with "-diag-suppress <warning-number>"
DEBUG 
DEBUG /tmp/.tmpd3EroI/sdists-v9/pypi/lightgbm/4.7.0/7lt84pBZReOOdD6o/src/external_libs/fmt/include/fmt/format.h(2594): warning #2417-D: constexpr constructor calls non-constexpr function "fmt::v11::basic_memory_buffer<T, SIZE, Allocator>::basic_memory_buffer(const Allocator &) [with T=fmt::v11::detail::bigint::bigit, SIZE=32UL, Allocator=fmt::v11::detail::allocator<fmt::v11::detail::bigint::bigit>]"
DEBUG     constexpr bigint() : exp_(0) {}
DEBUG                                  ^
DEBUG 
DEBUG /tmp/.tmpd3EroI/sdists-v9/pypi/lightgbm/4.7.0/7lt84pBZReOOdD6o/src/external_libs/fmt/include/fmt/base.h(472): warning #128-D: loop is not reachable
DEBUG     for (; n != 0; ++s1, ++s2, --n) {
DEBUG     ^
DEBUG           detected during:
DEBUG             instantiation of "auto fmt::v11::detail::compare(const Char *, const Char *, std::size_t)->int [with Char=char]" at line 591
DEBUG             instantiation of "auto fmt::v11::basic_string_view<Char>::compare(fmt::v11::basic_string_view<Char>) const->int [with Char=char]" at line 598
DEBUG             instantiation of class "fmt::v11::basic_string_view<Char> [with Char=char]" at line 2612
DEBUG             instantiation of "auto fmt::v11::basic_format_args<Context>::get_id(fmt::v11::basic_string_view<Char>) const->int [with Context=fmt::v11::context, Char=char]" at line 2655
DEBUG 
DEBUG Remark: The warnings can be suppressed with "-diag-suppress <warning-number>"
DEBUG 
DEBUG /tmp/.tmpd3EroI/sdists-v9/pypi/lightgbm/4.7.0/7lt84pBZReOOdD6o/src/external_libs/fmt/include/fmt/format.h(2594): warning #2417-D: constexpr constructor calls non-constexpr function "fmt::v11::basic_memory_buffer<T, SIZE, Allocator>::basic_memory_buffer(const Allocator &) [with T=fmt::v11::detail::bigint::bigit, SIZE=32UL, Allocator=fmt::v11::detail::allocator<fmt::v11::detail::bigint::bigit>]"
DEBUG     constexpr bigint() : exp_(0) {}
DEBUG                                  ^
DEBUG 
DEBUG /tmp/.tmpd3EroI/sdists-v9/pypi/lightgbm/4.7.0/7lt84pBZReOOdD6o/src/external_libs/fmt/include/fmt/base.h(472): warning #128-D: loop is not reachable
DEBUG     for (; n != 0; ++s1, ++s2, --n) {
DEBUG     ^
DEBUG           detected during:
DEBUG             instantiation of "auto fmt::v11::detail::compare(const Char *, const Char *, std::size_t)->int [with Char=char]" at line 591
DEBUG             instantiation of "auto fmt::v11::basic_string_view<Char>::compare(fmt::v11::basic_string_view<Char>) const->int [with Char=char]" at line 598
DEBUG             instantiation of class "fmt::v11::basic_string_view<Char> [with Char=char]" at line 2612
DEBUG             instantiation of "auto fmt::v11::basic_format_args<Context>::get_id(fmt::v11::basic_string_view<Char>) const->int [with Context=fmt::v11::context, Char=char]" at line 2655
DEBUG 
DEBUG Remark: The warnings can be suppressed with "-diag-suppress <warning-number>"
DEBUG 
DEBUG /tmp/.tmpd3EroI/sdists-v9/pypi/lightgbm/4.7.0/7lt84pBZReOOdD6o/src/external_libs/fmt/include/fmt/format.h(2594): warning #2417-D: constexpr constructor calls non-constexpr function "fmt::v11::basic_memory_buffer<T, SIZE, Allocator>::basic_memory_buffer(const Allocator &) [with T=fmt::v11::detail::bigint::bigit, SIZE=32UL, Allocator=fmt::v11::detail::allocator<fmt::v11::detail::bigint::bigit>]"
DEBUG     constexpr bigint() : exp_(0) {}
DEBUG                                  ^
DEBUG 
DEBUG /tmp/.tmpd3EroI/sdists-v9/pypi/lightgbm/4.7.0/7lt84pBZReOOdD6o/src/external_libs/fmt/include/fmt/base.h(472): warning #128-D: loop is not reachable
DEBUG     for (; n != 0; ++s1, ++s2, --n) {
DEBUG     ^
DEBUG           detected during:
DEBUG             instantiation of "auto fmt::v11::detail::compare(const Char *, const Char *, std::size_t)->int [with Char=char]" at line 591
DEBUG             instantiation of "auto fmt::v11::basic_string_view<Char>::compare(fmt::v11::basic_string_view<Char>) const->int [with Char=char]" at line 598
DEBUG             instantiation of class "fmt::v11::basic_string_view<Char> [with Char=char]" at line 2612
DEBUG             instantiation of "auto fmt::v11::basic_format_args<Context>::get_id(fmt::v11::basic_string_view<Char>) const->int [with Context=fmt::v11::context, Char=char]" at line 2655
DEBUG 
DEBUG Remark: The warnings can be suppressed with "-diag-suppress <warning-number>"
DEBUG 
DEBUG /tmp/.tmpd3EroI/sdists-v9/pypi/lightgbm/4.7.0/7lt84pBZReOOdD6o/src/external_libs/fmt/include/fmt/format.h(2594): warning #2417-D: constexpr constructor calls non-constexpr function "fmt::v11::basic_memory_buffer<T, SIZE, Allocator>::basic_memory_buffer(const Allocator &) [with T=fmt::v11::detail::bigint::bigit, SIZE=32UL, Allocator=fmt::v11::detail::allocator<fmt::v11::detail::bigint::bigit>]"
DEBUG     constexpr bigint() : exp_(0) {}
DEBUG                                  ^
DEBUG 
DEBUG /tmp/.tmpd3EroI/sdists-v9/pypi/lightgbm/4.7.0/7lt84pBZReOOdD6o/src/external_libs/fmt/include/fmt/base.h(472): warning #128-D: loop is not reachable
DEBUG     for (; n != 0; ++s1, ++s2, --n) {
DEBUG     ^
DEBUG           detected during:
DEBUG             instantiation of "auto fmt::v11::detail::compare(const Char *, const Char *, std::size_t)->int [with Char=char]" at line 591
DEBUG             instantiation of "auto fmt::v11::basic_string_view<Char>::compare(fmt::v11::basic_string_view<Char>) const->int [with Char=char]" at line 598
DEBUG             instantiation of class "fmt::v11::basic_string_view<Char> [with Char=char]" at line 2612
DEBUG             instantiation of "auto fmt::v11::basic_format_args<Context>::get_id(fmt::v11::basic_string_view<Char>) const->int [with Context=fmt::v11::context, Char=char]" at line 2655
DEBUG 
DEBUG Remark: The warnings can be suppressed with "-diag-suppress <warning-number>"
DEBUG 
DEBUG /tmp/.tmpd3EroI/sdists-v9/pypi/lightgbm/4.7.0/7lt84pBZReOOdD6o/src/external_libs/fmt/include/fmt/format.h(2594): warning #2417-D: constexpr constructor calls non-constexpr function "fmt::v11::basic_memory_buffer<T, SIZE, Allocator>::basic_memory_buffer(const Allocator &) [with T=fmt::v11::detail::bigint::bigit, SIZE=32UL, Allocator=fmt::v11::detail::allocator<fmt::v11::detail::bigint::bigit>]"
DEBUG     constexpr bigint() : exp_(0) {}
DEBUG                                  ^
DEBUG 
DEBUG /tmp/.tmpd3EroI/sdists-v9/pypi/lightgbm/4.7.0/7lt84pBZReOOdD6o/src/external_libs/fmt/include/fmt/base.h(472): warning #128-D: loop is not reachable
DEBUG     for (; n != 0; ++s1, ++s2, --n) {
DEBUG     ^
DEBUG           detected during:
DEBUG             instantiation of "auto fmt::v11::detail::compare(const Char *, const Char *, std::size_t)->int [with Char=char]" at line 591
DEBUG             instantiation of "auto fmt::v11::basic_string_view<Char>::compare(fmt::v11::basic_string_view<Char>) const->int [with Char=char]" at line 598
DEBUG             instantiation of class "fmt::v11::basic_string_view<Char> [with Char=char]" at line 2612
DEBUG             instantiation of "auto fmt::v11::basic_format_args<Context>::get_id(fmt::v11::basic_string_view<Char>) const->int [with Context=fmt::v11::context, Char=char]" at line 2655
DEBUG 
DEBUG Remark: The warnings can be suppressed with "-diag-suppress <warning-number>"
DEBUG 
DEBUG /tmp/.tmpd3EroI/sdists-v9/pypi/lightgbm/4.7.0/7lt84pBZReOOdD6o/src/external_libs/fmt/include/fmt/format.h(2594): warning #2417-D: constexpr constructor calls non-constexpr function "fmt::v11::basic_memory_buffer<T, SIZE, Allocator>::basic_memory_buffer(const Allocator &) [with T=fmt::v11::detail::bigint::bigit, SIZE=32UL, Allocator=fmt::v11::detail::allocator<fmt::v11::detail::bigint::bigit>]"
DEBUG     constexpr bigint() : exp_(0) {}
DEBUG                                  ^
DEBUG 
DEBUG /tmp/.tmpd3EroI/sdists-v9/pypi/lightgbm/4.7.0/7lt84pBZReOOdD6o/src/external_libs/fmt/include/fmt/base.h(472): warning #128-D: loop is not reachable
DEBUG     for (; n != 0; ++s1, ++s2, --n) {
DEBUG     ^
DEBUG           detected during:
DEBUG             instantiation of "auto fmt::v11::detail::compare(const Char *, const Char *, std::size_t)->int [with Char=char]" at line 591
DEBUG             instantiation of "auto fmt::v11::basic_string_view<Char>::compare(fmt::v11::basic_string_view<Char>) const->int [with Char=char]" at line 598
DEBUG             instantiation of class "fmt::v11::basic_string_view<Char> [with Char=char]" at line 2612
DEBUG             instantiation of "auto fmt::v11::basic_format_args<Context>::get_id(fmt::v11::basic_string_view<Char>) const->int [with Context=fmt::v11::context, Char=char]" at line 2655
DEBUG 
DEBUG Remark: The warnings can be suppressed with "-diag-suppress <warning-number>"
DEBUG 
DEBUG /tmp/.tmpd3EroI/sdists-v9/pypi/lightgbm/4.7.0/7lt84pBZReOOdD6o/src/external_libs/fmt/include/fmt/format.h(2594): warning #2417-D: constexpr constructor calls non-constexpr function "fmt::v11::basic_memory_buffer<T, SIZE, Allocator>::basic_memory_buffer(const Allocator &) [with T=fmt::v11::detail::bigint::bigit, SIZE=32UL, Allocator=fmt::v11::detail::allocator<fmt::v11::detail::bigint::bigit>]"
DEBUG     constexpr bigint() : exp_(0) {}
DEBUG                                  ^
DEBUG 
DEBUG [59/76] Building CUDA object CMakeFiles/lightgbm_objs.dir/src/io/cuda/cuda_tree.cu.o
DEBUG nvcc warning : Support for offline compilation for architectures prior to '<compute/sm/lto>_75' will be removed in a future release (Use -Wno-deprecated-gpu-targets to suppress warning).
DEBUG /tmp/.tmpd3EroI/sdists-v9/pypi/lightgbm/4.7.0/7lt84pBZReOOdD6o/src/external_libs/fmt/include/fmt/base.h(472): warning #128-D: loop is not reachable
DEBUG     for (; n != 0; ++s1, ++s2, --n) {
DEBUG     ^
DEBUG           detected during:
DEBUG             instantiation of "auto fmt::v11::detail::compare(const Char *, const Char *, std::size_t)->int [with Char=char]" at line 591
DEBUG             instantiation of "auto fmt::v11::basic_string_view<Char>::compare(fmt::v11::basic_string_view<Char>) const->int [with Char=char]" at line 598
DEBUG             instantiation of class "fmt::v11::basic_string_view<Char> [with Char=char]" at line 2612
DEBUG             instantiation of "auto fmt::v11::basic_format_args<Context>::get_id(fmt::v11::basic_string_view<Char>) const->int [with Context=fmt::v11::context, Char=char]" at line 2655
DEBUG 
DEBUG Remark: The warnings can be suppressed with "-diag-suppress <warning-number>"
DEBUG 
DEBUG /tmp/.tmpd3EroI/sdists-v9/pypi/lightgbm/4.7.0/7lt84pBZReOOdD6o/src/external_libs/fmt/include/fmt/format.h(2594): warning #2417-D: constexpr constructor calls non-constexpr function "fmt::v11::basic_memory_buffer<T, SIZE, Allocator>::basic_memory_buffer(const Allocator &) [with T=fmt::v11::detail::bigint::bigit, SIZE=32UL, Allocator=fmt::v11::detail::allocator<fmt::v11::detail::bigint::bigit>]"
DEBUG     constexpr bigint() : exp_(0) {}
DEBUG                                  ^
DEBUG 
DEBUG /tmp/.tmpd3EroI/sdists-v9/pypi/lightgbm/4.7.0/7lt84pBZReOOdD6o/src/external_libs/fmt/include/fmt/base.h(472): warning #128-D: loop is not reachable
DEBUG     for (; n != 0; ++s1, ++s2, --n) {
DEBUG     ^
DEBUG           detected during:
DEBUG             instantiation of "auto fmt::v11::detail::compare(const Char *, const Char *, std::size_t)->int [with Char=char]" at line 591
DEBUG             instantiation of "auto fmt::v11::basic_string_view<Char>::compare(fmt::v11::basic_string_view<Char>) const->int [with Char=char]" at line 598
DEBUG             instantiation of class "fmt::v11::basic_string_view<Char> [with Char=char]" at line 2612
DEBUG             instantiation of "auto fmt::v11::basic_format_args<Context>::get_id(fmt::v11::basic_string_view<Char>) const->int [with Context=fmt::v11::context, Char=char]" at line 2655
DEBUG 
DEBUG Remark: The warnings can be suppressed with "-diag-suppress <warning-number>"
DEBUG 
DEBUG /tmp/.tmpd3EroI/sdists-v9/pypi/lightgbm/4.7.0/7lt84pBZReOOdD6o/src/external_libs/fmt/include/fmt/format.h(2594): warning #2417-D: constexpr constructor calls non-constexpr function "fmt::v11::basic_memory_buffer<T, SIZE, Allocator>::basic_memory_buffer(const Allocator &) [with T=fmt::v11::detail::bigint::bigit, SIZE=32UL, Allocator=fmt::v11::detail::allocator<fmt::v11::detail::bigint::bigit>]"
DEBUG     constexpr bigint() : exp_(0) {}
DEBUG                                  ^
DEBUG 
DEBUG /tmp/.tmpd3EroI/sdists-v9/pypi/lightgbm/4.7.0/7lt84pBZReOOdD6o/src/include/LightGBM/cuda/cuda_split_info.hpp(54): warning #20014-D: calling a __host__ function from a __host__ __device__ function is not allowed
DEBUG           { gpuAssert((cudaFree(cat_threshold)), "/tmp/.tmpd3EroI/sdists-v9/pypi/lightgbm/4.7.0/7lt84pBZReOOdD6o/src/include/LightGBM/cuda/cuda_split_info.hpp", 54); };
DEBUG                      ^
DEBUG 
DEBUG /tmp/.tmpd3EroI/sdists-v9/pypi/lightgbm/4.7.0/7lt84pBZReOOdD6o/src/include/LightGBM/cuda/cuda_split_info.hpp(57): warning #20014-D: calling a __host__ function from a __host__ __device__ function is not allowed
DEBUG           { gpuAssert((cudaFree(cat_threshold_real)), "/tmp/.tmpd3EroI/sdists-v9/pypi/lightgbm/4.7.0/7lt84pBZReOOdD6o/src/include/LightGBM/cuda/cuda_split_info.hpp", 57); };
DEBUG                      ^
DEBUG 
DEBUG /tmp/.tmpd3EroI/sdists-v9/pypi/lightgbm/4.7.0/7lt84pBZReOOdD6o/src/external_libs/fmt/include/fmt/base.h(472): warning #128-D: loop is not reachable
DEBUG     for (; n != 0; ++s1, ++s2, --n) {
DEBUG     ^
DEBUG           detected during:
DEBUG             instantiation of "auto fmt::v11::detail::compare(const Char *, const Char *, std::size_t)->int [with Char=char]" at line 591
DEBUG             instantiation of "auto fmt::v11::basic_string_view<Char>::compare(fmt::v11::basic_string_view<Char>) const->int [with Char=char]" at line 598
DEBUG             instantiation of class "fmt::v11::basic_string_view<Char> [with Char=char]" at line 2612
DEBUG             instantiation of "auto fmt::v11::basic_format_args<Context>::get_id(fmt::v11::basic_string_view<Char>) const->int [with Context=fmt::v11::context, Char=char]" at line 2655
DEBUG 
DEBUG Remark: The warnings can be suppressed with "-diag-suppress <warning-number>"
DEBUG 
DEBUG /tmp/.tmpd3EroI/sdists-v9/pypi/lightgbm/4.7.0/7lt84pBZReOOdD6o/src/external_libs/fmt/include/fmt/format.h(2594): warning #2417-D: constexpr constructor calls non-constexpr function "fmt::v11::basic_memory_buffer<T, SIZE, Allocator>::basic_memory_buffer(const Allocator &) [with T=fmt::v11::detail::bigint::bigit, SIZE=32UL, Allocator=fmt::v11::detail::allocator<fmt::v11::detail::bigint::bigit>]"
DEBUG     constexpr bigint() : exp_(0) {}
DEBUG                                  ^
DEBUG 
DEBUG /tmp/.tmpd3EroI/sdists-v9/pypi/lightgbm/4.7.0/7lt84pBZReOOdD6o/src/include/LightGBM/cuda/cuda_split_info.hpp(54): warning #20014-D: calling a __host__ function from a __host__ __device__ function is not allowed
DEBUG           { gpuAssert((cudaFree(cat_threshold)), "/tmp/.tmpd3EroI/sdists-v9/pypi/lightgbm/4.7.0/7lt84pBZReOOdD6o/src/include/LightGBM/cuda/cuda_split_info.hpp", 54); };
DEBUG                      ^
DEBUG 
DEBUG /tmp/.tmpd3EroI/sdists-v9/pypi/lightgbm/4.7.0/7lt84pBZReOOdD6o/src/include/LightGBM/cuda/cuda_split_info.hpp(57): warning #20014-D: calling a __host__ function from a __host__ __device__ function is not allowed
DEBUG           { gpuAssert((cudaFree(cat_threshold_real)), "/tmp/.tmpd3EroI/sdists-v9/pypi/lightgbm/4.7.0/7lt84pBZReOOdD6o/src/include/LightGBM/cuda/cuda_split_info.hpp", 57); };
DEBUG                      ^
DEBUG 
DEBUG /tmp/.tmpd3EroI/sdists-v9/pypi/lightgbm/4.7.0/7lt84pBZReOOdD6o/src/external_libs/fmt/include/fmt/base.h(472): warning #128-D: loop is not reachable
DEBUG     for (; n != 0; ++s1, ++s2, --n) {
DEBUG     ^
DEBUG           detected during:
DEBUG             instantiation of "auto fmt::v11::detail::compare(const Char *, const Char *, std::size_t)->int [with Char=char]" at line 591
DEBUG             instantiation of "auto fmt::v11::basic_string_view<Char>::compare(fmt::v11::basic_string_view<Char>) const->int [with Char=char]" at line 598
DEBUG             instantiation of class "fmt::v11::basic_string_view<Char> [with Char=char]" at line 2612
DEBUG             instantiation of "auto fmt::v11::basic_format_args<Context>::get_id(fmt::v11::basic_string_view<Char>) const->int [with Context=fmt::v11::context, Char=char]" at line 2655
DEBUG 
DEBUG Remark: The warnings can be suppressed with "-diag-suppress <warning-number>"
DEBUG 
DEBUG /tmp/.tmpd3EroI/sdists-v9/pypi/lightgbm/4.7.0/7lt84pBZReOOdD6o/src/external_libs/fmt/include/fmt/format.h(2594): warning #2417-D: constexpr constructor calls non-constexpr function "fmt::v11::basic_memory_buffer<T, SIZE, Allocator>::basic_memory_buffer(const Allocator &) [with T=fmt::v11::detail::bigint::bigit, SIZE=32UL, Allocator=fmt::v11::detail::allocator<fmt::v11::detail::bigint::bigit>]"
DEBUG     constexpr bigint() : exp_(0) {}
DEBUG                                  ^
DEBUG 
DEBUG /tmp/.tmpd3EroI/sdists-v9/pypi/lightgbm/4.7.0/7lt84pBZReOOdD6o/src/include/LightGBM/cuda/cuda_split_info.hpp(54): warning #20014-D: calling a __host__ function from a __host__ __device__ function is not allowed
DEBUG           { gpuAssert((cudaFree(cat_threshold)), "/tmp/.tmpd3EroI/sdists-v9/pypi/lightgbm/4.7.0/7lt84pBZReOOdD6o/src/include/LightGBM/cuda/cuda_split_info.hpp", 54); };
DEBUG                      ^
DEBUG 
DEBUG /tmp/.tmpd3EroI/sdists-v9/pypi/lightgbm/4.7.0/7lt84pBZReOOdD6o/src/include/LightGBM/cuda/cuda_split_info.hpp(57): warning #20014-D: calling a __host__ function from a __host__ __device__ function is not allowed
DEBUG           { gpuAssert((cudaFree(cat_threshold_real)), "/tmp/.tmpd3EroI/sdists-v9/pypi/lightgbm/4.7.0/7lt84pBZReOOdD6o/src/include/LightGBM/cuda/cuda_split_info.hpp", 57); };
DEBUG                      ^
DEBUG 
DEBUG /tmp/.tmpd3EroI/sdists-v9/pypi/lightgbm/4.7.0/7lt84pBZReOOdD6o/src/external_libs/fmt/include/fmt/base.h(472): warning #128-D: loop is not reachable
DEBUG     for (; n != 0; ++s1, ++s2, --n) {
DEBUG     ^
DEBUG           detected during:
DEBUG             instantiation of "auto fmt::v11::detail::compare(const Char *, const Char *, std::size_t)->int [with Char=char]" at line 591
DEBUG             instantiation of "auto fmt::v11::basic_string_view<Char>::compare(fmt::v11::basic_string_view<Char>) const->int [with Char=char]" at line 598
DEBUG             instantiation of class "fmt::v11::basic_string_view<Char> [with Char=char]" at line 2612
DEBUG             instantiation of "auto fmt::v11::basic_format_args<Context>::get_id(fmt::v11::basic_string_view<Char>) const->int [with Context=fmt::v11::context, Char=char]" at line 2655
DEBUG 
DEBUG Remark: The warnings can be suppressed with "-diag-suppress <warning-number>"
DEBUG 
DEBUG /tmp/.tmpd3EroI/sdists-v9/pypi/lightgbm/4.7.0/7lt84pBZReOOdD6o/src/external_libs/fmt/include/fmt/format.h(2594): warning #2417-D: constexpr constructor calls non-constexpr function "fmt::v11::basic_memory_buffer<T, SIZE, Allocator>::basic_memory_buffer(const Allocator &) [with T=fmt::v11::detail::bigint::bigit, SIZE=32UL, Allocator=fmt::v11::detail::allocator<fmt::v11::detail::bigint::bigit>]"
DEBUG     constexpr bigint() : exp_(0) {}
DEBUG                                  ^
DEBUG 
DEBUG /tmp/.tmpd3EroI/sdists-v9/pypi/lightgbm/4.7.0/7lt84pBZReOOdD6o/src/include/LightGBM/cuda/cuda_split_info.hpp(54): warning #20014-D: calling a __host__ function from a __host__ __device__ function is not allowed
DEBUG           { gpuAssert((cudaFree(cat_threshold)), "/tmp/.tmpd3EroI/sdists-v9/pypi/lightgbm/4.7.0/7lt84pBZReOOdD6o/src/include/LightGBM/cuda/cuda_split_info.hpp", 54); };
DEBUG                      ^
DEBUG 
DEBUG /tmp/.tmpd3EroI/sdists-v9/pypi/lightgbm/4.7.0/7lt84pBZReOOdD6o/src/include/LightGBM/cuda/cuda_split_info.hpp(57): warning #20014-D: calling a __host__ function from a __host__ __device__ function is not allowed
DEBUG           { gpuAssert((cudaFree(cat_threshold_real)), "/tmp/.tmpd3EroI/sdists-v9/pypi/lightgbm/4.7.0/7lt84pBZReOOdD6o/src/include/LightGBM/cuda/cuda_split_info.hpp", 57); };
DEBUG                      ^
DEBUG 
DEBUG /tmp/.tmpd3EroI/sdists-v9/pypi/lightgbm/4.7.0/7lt84pBZReOOdD6o/src/external_libs/fmt/include/fmt/base.h(472): warning #128-D: loop is not reachable
DEBUG     for (; n != 0; ++s1, ++s2, --n) {
DEBUG     ^
DEBUG           detected during:
DEBUG             instantiation of "auto fmt::v11::detail::compare(const Char *, const Char *, std::size_t)->int [with Char=char]" at line 591
DEBUG             instantiation of "auto fmt::v11::basic_string_view<Char>::compare(fmt::v11::basic_string_view<Char>) const->int [with Char=char]" at line 598
DEBUG             instantiation of class "fmt::v11::basic_string_view<Char> [with Char=char]" at line 2612
DEBUG             instantiation of "auto fmt::v11::basic_format_args<Context>::get_id(fmt::v11::basic_string_view<Char>) const->int [with Context=fmt::v11::context, Char=char]" at line 2655
DEBUG 
DEBUG Remark: The warnings can be suppressed with "-diag-suppress <warning-number>"
DEBUG 
DEBUG /tmp/.tmpd3EroI/sdists-v9/pypi/lightgbm/4.7.0/7lt84pBZReOOdD6o/src/external_libs/fmt/include/fmt/format.h(2594): warning #2417-D: constexpr constructor calls non-constexpr function "fmt::v11::basic_memory_buffer<T, SIZE, Allocator>::basic_memory_buffer(const Allocator &) [with T=fmt::v11::detail::bigint::bigit, SIZE=32UL, Allocator=fmt::v11::detail::allocator<fmt::v11::detail::bigint::bigit>]"
DEBUG     constexpr bigint() : exp_(0) {}
DEBUG                                  ^
DEBUG 
DEBUG /tmp/.tmpd3EroI/sdists-v9/pypi/lightgbm/4.7.0/7lt84pBZReOOdD6o/src/include/LightGBM/cuda/cuda_split_info.hpp(54): warning #20014-D: calling a __host__ function from a __host__ __device__ function is not allowed
DEBUG           { gpuAssert((cudaFree(cat_threshold)), "/tmp/.tmpd3EroI/sdists-v9/pypi/lightgbm/4.7.0/7lt84pBZReOOdD6o/src/include/LightGBM/cuda/cuda_split_info.hpp", 54); };
DEBUG                      ^
DEBUG 
DEBUG /tmp/.tmpd3EroI/sdists-v9/pypi/lightgbm/4.7.0/7lt84pBZReOOdD6o/src/include/LightGBM/cuda/cuda_split_info.hpp(57): warning #20014-D: calling a __host__ function from a __host__ __device__ function is not allowed
DEBUG           { gpuAssert((cudaFree(cat_threshold_real)), "/tmp/.tmpd3EroI/sdists-v9/pypi/lightgbm/4.7.0/7lt84pBZReOOdD6o/src/include/LightGBM/cuda/cuda_split_info.hpp", 57); };
DEBUG                      ^
DEBUG 
DEBUG /tmp/.tmpd3EroI/sdists-v9/pypi/lightgbm/4.7.0/7lt84pBZReOOdD6o/src/external_libs/fmt/include/fmt/base.h(472): warning #128-D: loop is not reachable
DEBUG     for (; n != 0; ++s1, ++s2, --n) {
DEBUG     ^
DEBUG           detected during:
DEBUG             instantiation of "auto fmt::v11::detail::compare(const Char *, const Char *, std::size_t)->int [with Char=char]" at line 591
DEBUG             instantiation of "auto fmt::v11::basic_string_view<Char>::compare(fmt::v11::basic_string_view<Char>) const->int [with Char=char]" at line 598
DEBUG             instantiation of class "fmt::v11::basic_string_view<Char> [with Char=char]" at line 2612
DEBUG             instantiation of "auto fmt::v11::basic_format_args<Context>::get_id(fmt::v11::basic_string_view<Char>) const->int [with Context=fmt::v11::context, Char=char]" at line 2655
DEBUG 
DEBUG Remark: The warnings can be suppressed with "-diag-suppress <warning-number>"
DEBUG 
DEBUG /tmp/.tmpd3EroI/sdists-v9/pypi/lightgbm/4.7.0/7lt84pBZReOOdD6o/src/external_libs/fmt/include/fmt/format.h(2594): warning #2417-D: constexpr constructor calls non-constexpr function "fmt::v11::basic_memory_buffer<T, SIZE, Allocator>::basic_memory_buffer(const Allocator &) [with T=fmt::v11::detail::bigint::bigit, SIZE=32UL, Allocator=fmt::v11::detail::allocator<fmt::v11::detail::bigint::bigit>]"
DEBUG     constexpr bigint() : exp_(0) {}
DEBUG                                  ^
DEBUG 
DEBUG /tmp/.tmpd3EroI/sdists-v9/pypi/lightgbm/4.7.0/7lt84pBZReOOdD6o/src/include/LightGBM/cuda/cuda_split_info.hpp(54): warning #20014-D: calling a __host__ function from a __host__ __device__ function is not allowed
DEBUG           { gpuAssert((cudaFree(cat_threshold)), "/tmp/.tmpd3EroI/sdists-v9/pypi/lightgbm/4.7.0/7lt84pBZReOOdD6o/src/include/LightGBM/cuda/cuda_split_info.hpp", 54); };
DEBUG                      ^
DEBUG 
DEBUG /tmp/.tmpd3EroI/sdists-v9/pypi/lightgbm/4.7.0/7lt84pBZReOOdD6o/src/include/LightGBM/cuda/cuda_split_info.hpp(57): warning #20014-D: calling a __host__ function from a __host__ __device__ function is not allowed
DEBUG           { gpuAssert((cudaFree(cat_threshold_real)), "/tmp/.tmpd3EroI/sdists-v9/pypi/lightgbm/4.7.0/7lt84pBZReOOdD6o/src/include/LightGBM/cuda/cuda_split_info.hpp", 57); };
DEBUG                      ^
DEBUG 
DEBUG /tmp/.tmpd3EroI/sdists-v9/pypi/lightgbm/4.7.0/7lt84pBZReOOdD6o/src/external_libs/fmt/include/fmt/base.h(472): warning #128-D: loop is not reachable
DEBUG     for (; n != 0; ++s1, ++s2, --n) {
DEBUG     ^
DEBUG           detected during:
DEBUG             instantiation of "auto fmt::v11::detail::compare(const Char *, const Char *, std::size_t)->int [with Char=char]" at line 591
DEBUG             instantiation of "auto fmt::v11::basic_string_view<Char>::compare(fmt::v11::basic_string_view<Char>) const->int [with Char=char]" at line 598
DEBUG             instantiation of class "fmt::v11::basic_string_view<Char> [with Char=char]" at line 2612
DEBUG             instantiation of "auto fmt::v11::basic_format_args<Context>::get_id(fmt::v11::basic_string_view<Char>) const->int [with Context=fmt::v11::context, Char=char]" at line 2655
DEBUG 
DEBUG Remark: The warnings can be suppressed with "-diag-suppress <warning-number>"
DEBUG 
DEBUG /tmp/.tmpd3EroI/sdists-v9/pypi/lightgbm/4.7.0/7lt84pBZReOOdD6o/src/external_libs/fmt/include/fmt/format.h(2594): warning #2417-D: constexpr constructor calls non-constexpr function "fmt::v11::basic_memory_buffer<T, SIZE, Allocator>::basic_memory_buffer(const Allocator &) [with T=fmt::v11::detail::bigint::bigit, SIZE=32UL, Allocator=fmt::v11::detail::allocator<fmt::v11::detail::bigint::bigit>]"
DEBUG     constexpr bigint() : exp_(0) {}
DEBUG                                  ^
DEBUG 
DEBUG /tmp/.tmpd3EroI/sdists-v9/pypi/lightgbm/4.7.0/7lt84pBZReOOdD6o/src/include/LightGBM/cuda/cuda_split_info.hpp(54): warning #20014-D: calling a __host__ function from a __host__ __device__ function is not allowed
DEBUG           { gpuAssert((cudaFree(cat_threshold)), "/tmp/.tmpd3EroI/sdists-v9/pypi/lightgbm/4.7.0/7lt84pBZReOOdD6o/src/include/LightGBM/cuda/cuda_split_info.hpp", 54); };
DEBUG                      ^
DEBUG 
DEBUG /tmp/.tmpd3EroI/sdists-v9/pypi/lightgbm/4.7.0/7lt84pBZReOOdD6o/src/include/LightGBM/cuda/cuda_split_info.hpp(57): warning #20014-D: calling a __host__ function from a __host__ __device__ function is not allowed
DEBUG           { gpuAssert((cudaFree(cat_threshold_real)), "/tmp/.tmpd3EroI/sdists-v9/pypi/lightgbm/4.7.0/7lt84pBZReOOdD6o/src/include/LightGBM/cuda/cuda_split_info.hpp", 57); };
DEBUG                      ^
DEBUG 
DEBUG /tmp/.tmpd3EroI/sdists-v9/pypi/lightgbm/4.7.0/7lt84pBZReOOdD6o/src/external_libs/fmt/include/fmt/base.h(472): warning #128-D: loop is not reachable
DEBUG     for (; n != 0; ++s1, ++s2, --n) {
DEBUG     ^
DEBUG           detected during:
DEBUG             instantiation of "auto fmt::v11::detail::compare(const Char *, const Char *, std::size_t)->int [with Char=char]" at line 591
DEBUG             instantiation of "auto fmt::v11::basic_string_view<Char>::compare(fmt::v11::basic_string_view<Char>) const->int [with Char=char]" at line 598
DEBUG             instantiation of class "fmt::v11::basic_string_view<Char> [with Char=char]" at line 2612
DEBUG             instantiation of "auto fmt::v11::basic_format_args<Context>::get_id(fmt::v11::basic_string_view<Char>) const->int [with Context=fmt::v11::context, Char=char]" at line 2655
DEBUG 
DEBUG Remark: The warnings can be suppressed with "-diag-suppress <warning-number>"
DEBUG 
DEBUG /tmp/.tmpd3EroI/sdists-v9/pypi/lightgbm/4.7.0/7lt84pBZReOOdD6o/src/external_libs/fmt/include/fmt/format.h(2594): warning #2417-D: constexpr constructor calls non-constexpr function "fmt::v11::basic_memory_buffer<T, SIZE, Allocator>::basic_memory_buffer(const Allocator &) [with T=fmt::v11::detail::bigint::bigit, SIZE=32UL, Allocator=fmt::v11::detail::allocator<fmt::v11::detail::bigint::bigit>]"
DEBUG     constexpr bigint() : exp_(0) {}
DEBUG                                  ^
DEBUG 
DEBUG /tmp/.tmpd3EroI/sdists-v9/pypi/lightgbm/4.7.0/7lt84pBZReOOdD6o/src/include/LightGBM/cuda/cuda_split_info.hpp(54): warning #20014-D: calling a __host__ function from a __host__ __device__ function is not allowed
DEBUG           { gpuAssert((cudaFree(cat_threshold)), "/tmp/.tmpd3EroI/sdists-v9/pypi/lightgbm/4.7.0/7lt84pBZReOOdD6o/src/include/LightGBM/cuda/cuda_split_info.hpp", 54); };
DEBUG                      ^
DEBUG 
DEBUG /tmp/.tmpd3EroI/sdists-v9/pypi/lightgbm/4.7.0/7lt84pBZReOOdD6o/src/include/LightGBM/cuda/cuda_split_info.hpp(57): warning #20014-D: calling a __host__ function from a __host__ __device__ function is not allowed
DEBUG           { gpuAssert((cudaFree(cat_threshold_real)), "/tmp/.tmpd3EroI/sdists-v9/pypi/lightgbm/4.7.0/7lt84pBZReOOdD6o/src/include/LightGBM/cuda/cuda_split_info.hpp", 57); };
DEBUG                      ^
DEBUG 
DEBUG /tmp/.tmpd3EroI/sdists-v9/pypi/lightgbm/4.7.0/7lt84pBZReOOdD6o/src/external_libs/fmt/include/fmt/base.h(472): warning #128-D: loop is not reachable
DEBUG     for (; n != 0; ++s1, ++s2, --n) {
DEBUG     ^
DEBUG           detected during:
DEBUG             instantiation of "auto fmt::v11::detail::compare(const Char *, const Char *, std::size_t)->int [with Char=char]" at line 591
DEBUG             instantiation of "auto fmt::v11::basic_string_view<Char>::compare(fmt::v11::basic_string_view<Char>) const->int [with Char=char]" at line 598
DEBUG             instantiation of class "fmt::v11::basic_string_view<Char> [with Char=char]" at line 2612
DEBUG             instantiation of "auto fmt::v11::basic_format_args<Context>::get_id(fmt::v11::basic_string_view<Char>) const->int [with Context=fmt::v11::context, Char=char]" at line 2655
DEBUG 
DEBUG Remark: The warnings can be suppressed with "-diag-suppress <warning-number>"
DEBUG 
DEBUG /tmp/.tmpd3EroI/sdists-v9/pypi/lightgbm/4.7.0/7lt84pBZReOOdD6o/src/external_libs/fmt/include/fmt/format.h(2594): warning #2417-D: constexpr constructor calls non-constexpr function "fmt::v11::basic_memory_buffer<T, SIZE, Allocator>::basic_memory_buffer(const Allocator &) [with T=fmt::v11::detail::bigint::bigit, SIZE=32UL, Allocator=fmt::v11::detail::allocator<fmt::v11::detail::bigint::bigit>]"
DEBUG     constexpr bigint() : exp_(0) {}
DEBUG                                  ^
DEBUG 
DEBUG /tmp/.tmpd3EroI/sdists-v9/pypi/lightgbm/4.7.0/7lt84pBZReOOdD6o/src/include/LightGBM/cuda/cuda_split_info.hpp(54): warning #20014-D: calling a __host__ function from a __host__ __device__ function is not allowed
DEBUG           { gpuAssert((cudaFree(cat_threshold)), "/tmp/.tmpd3EroI/sdists-v9/pypi/lightgbm/4.7.0/7lt84pBZReOOdD6o/src/include/LightGBM/cuda/cuda_split_info.hpp", 54); };
DEBUG                      ^
DEBUG 
DEBUG /tmp/.tmpd3EroI/sdists-v9/pypi/lightgbm/4.7.0/7lt84pBZReOOdD6o/src/include/LightGBM/cuda/cuda_split_info.hpp(57): warning #20014-D: calling a __host__ function from a __host__ __device__ function is not allowed
DEBUG           { gpuAssert((cudaFree(cat_threshold_real)), "/tmp/.tmpd3EroI/sdists-v9/pypi/lightgbm/4.7.0/7lt84pBZReOOdD6o/src/include/LightGBM/cuda/cuda_split_info.hpp", 57); };
DEBUG                      ^
DEBUG 
DEBUG [60/76] Building CUDA object CMakeFiles/lightgbm_objs.dir/src/boosting/cuda/cuda_score_updater.cu.o
DEBUG nvcc warning : Support for offline compilation for architectures prior to '<compute/sm/lto>_75' will be removed in a future release (Use -Wno-deprecated-gpu-targets to suppress warning).
DEBUG /tmp/.tmpd3EroI/sdists-v9/pypi/lightgbm/4.7.0/7lt84pBZReOOdD6o/src/external_libs/fmt/include/fmt/base.h(472): warning #128-D: loop is not reachable
DEBUG     for (; n != 0; ++s1, ++s2, --n) {
DEBUG     ^
DEBUG           detected during:
DEBUG             instantiation of "auto fmt::v11::detail::compare(const Char *, const Char *, std::size_t)->int [with Char=char]" at line 591
DEBUG             instantiation of "auto fmt::v11::basic_string_view<Char>::compare(fmt::v11::basic_string_view<Char>) const->int [with Char=char]" at line 598
DEBUG             instantiation of class "fmt::v11::basic_string_view<Char> [with Char=char]" at line 2612
DEBUG             instantiation of "auto fmt::v11::basic_format_args<Context>::get_id(fmt::v11::basic_string_view<Char>) const->int [with Context=fmt::v11::context, Char=char]" at line 2655
DEBUG 
DEBUG Remark: The warnings can be suppressed with "-diag-suppress <warning-number>"
DEBUG 
DEBUG /tmp/.tmpd3EroI/sdists-v9/pypi/lightgbm/4.7.0/7lt84pBZReOOdD6o/src/external_libs/fmt/include/fmt/format.h(2594): warning #2417-D: constexpr constructor calls non-constexpr function "fmt::v11::basic_memory_buffer<T, SIZE, Allocator>::basic_memory_buffer(const Allocator &) [with T=fmt::v11::detail::bigint::bigit, SIZE=32UL, Allocator=fmt::v11::detail::allocator<fmt::v11::detail::bigint::bigit>]"
DEBUG     constexpr bigint() : exp_(0) {}
DEBUG                                  ^
DEBUG 
DEBUG /tmp/.tmpd3EroI/sdists-v9/pypi/lightgbm/4.7.0/7lt84pBZReOOdD6o/src/external_libs/fmt/include/fmt/base.h(472): warning #128-D: loop is not reachable
DEBUG     for (; n != 0; ++s1, ++s2, --n) {
DEBUG     ^
DEBUG           detected during:
DEBUG             instantiation of "auto fmt::v11::detail::compare(const Char *, const Char *, std::size_t)->int [with Char=char]" at line 591
DEBUG             instantiation of "auto fmt::v11::basic_string_view<Char>::compare(fmt::v11::basic_string_view<Char>) const->int [with Char=char]" at line 598
DEBUG             instantiation of class "fmt::v11::basic_string_view<Char> [with Char=char]" at line 2612
DEBUG             instantiation of "auto fmt::v11::basic_format_args<Context>::get_id(fmt::v11::basic_string_view<Char>) const->int [with Context=fmt::v11::context, Char=char]" at line 2655
DEBUG 
DEBUG Remark: The warnings can be suppressed with "-diag-suppress <warning-number>"
DEBUG 
DEBUG /tmp/.tmpd3EroI/sdists-v9/pypi/lightgbm/4.7.0/7lt84pBZReOOdD6o/src/external_libs/fmt/include/fmt/format.h(2594): warning #2417-D: constexpr constructor calls non-constexpr function "fmt::v11::basic_memory_buffer<T, SIZE, Allocator>::basic_memory_buffer(const Allocator &) [with T=fmt::v11::detail::bigint::bigit, SIZE=32UL, Allocator=fmt::v11::detail::allocator<fmt::v11::detail::bigint::bigit>]"
DEBUG     constexpr bigint() : exp_(0) {}
DEBUG                                  ^
DEBUG 
DEBUG /tmp/.tmpd3EroI/sdists-v9/pypi/lightgbm/4.7.0/7lt84pBZReOOdD6o/src/external_libs/fmt/include/fmt/base.h(472): warning #128-D: loop is not reachable
DEBUG     for (; n != 0; ++s1, ++s2, --n) {
DEBUG     ^
DEBUG           detected during:
DEBUG             instantiation of "auto fmt::v11::detail::compare(const Char *, const Char *, std::size_t)->int [with Char=char]" at line 591
DEBUG             instantiation of "auto fmt::v11::basic_string_view<Char>::compare(fmt::v11::basic_string_view<Char>) const->int [with Char=char]" at line 598
DEBUG             instantiation of class "fmt::v11::basic_string_view<Char> [with Char=char]" at line 2612
DEBUG             instantiation of "auto fmt::v11::basic_format_args<Context>::get_id(fmt::v11::basic_string_view<Char>) const->int [with Context=fmt::v11::context, Char=char]" at line 2655
DEBUG 
DEBUG Remark: The warnings can be suppressed with "-diag-suppress <warning-number>"
DEBUG 
DEBUG /tmp/.tmpd3EroI/sdists-v9/pypi/lightgbm/4.7.0/7lt84pBZReOOdD6o/src/external_libs/fmt/include/fmt/format.h(2594): warning #2417-D: constexpr constructor calls non-constexpr function "fmt::v11::basic_memory_buffer<T, SIZE, Allocator>::basic_memory_buffer(const Allocator &) [with T=fmt::v11::detail::bigint::bigit, SIZE=32UL, Allocator=fmt::v11::detail::allocator<fmt::v11::detail::bigint::bigit>]"
DEBUG     constexpr bigint() : exp_(0) {}
DEBUG                                  ^
DEBUG 
DEBUG /tmp/.tmpd3EroI/sdists-v9/pypi/lightgbm/4.7.0/7lt84pBZReOOdD6o/src/external_libs/fmt/include/fmt/base.h(472): warning #128-D: loop is not reachable
DEBUG     for (; n != 0; ++s1, ++s2, --n) {
DEBUG     ^
DEBUG           detected during:
DEBUG             instantiation of "auto fmt::v11::detail::compare(const Char *, const Char *, std::size_t)->int [with Char=char]" at line 591
DEBUG             instantiation of "auto fmt::v11::basic_string_view<Char>::compare(fmt::v11::basic_string_view<Char>) const->int [with Char=char]" at line 598
DEBUG             instantiation of class "fmt::v11::basic_string_view<Char> [with Char=char]" at line 2612
DEBUG             instantiation of "auto fmt::v11::basic_format_args<Context>::get_id(fmt::v11::basic_string_view<Char>) const->int [with Context=fmt::v11::context, Char=char]" at line 2655
DEBUG 
DEBUG Remark: The warnings can be suppressed with "-diag-suppress <warning-number>"
DEBUG 
DEBUG /tmp/.tmpd3EroI/sdists-v9/pypi/lightgbm/4.7.0/7lt84pBZReOOdD6o/src/external_libs/fmt/include/fmt/format.h(2594): warning #2417-D: constexpr constructor calls non-constexpr function "fmt::v11::basic_memory_buffer<T, SIZE, Allocator>::basic_memory_buffer(const Allocator &) [with T=fmt::v11::detail::bigint::bigit, SIZE=32UL, Allocator=fmt::v11::detail::allocator<fmt::v11::detail::bigint::bigit>]"
DEBUG     constexpr bigint() : exp_(0) {}
DEBUG                                  ^
DEBUG 
DEBUG /tmp/.tmpd3EroI/sdists-v9/pypi/lightgbm/4.7.0/7lt84pBZReOOdD6o/src/external_libs/fmt/include/fmt/base.h(472): warning #128-D: loop is not reachable
DEBUG     for (; n != 0; ++s1, ++s2, --n) {
DEBUG     ^
DEBUG           detected during:
DEBUG             instantiation of "auto fmt::v11::detail::compare(const Char *, const Char *, std::size_t)->int [with Char=char]" at line 591
DEBUG             instantiation of "auto fmt::v11::basic_string_view<Char>::compare(fmt::v11::basic_string_view<Char>) const->int [with Char=char]" at line 598
DEBUG             instantiation of class "fmt::v11::basic_string_view<Char> [with Char=char]" at line 2612
DEBUG             instantiation of "auto fmt::v11::basic_format_args<Context>::get_id(fmt::v11::basic_string_view<Char>) const->int [with Context=fmt::v11::context, Char=char]" at line 2655
DEBUG 
DEBUG Remark: The warnings can be suppressed with "-diag-suppress <warning-number>"
DEBUG 
DEBUG /tmp/.tmpd3EroI/sdists-v9/pypi/lightgbm/4.7.0/7lt84pBZReOOdD6o/src/external_libs/fmt/include/fmt/format.h(2594): warning #2417-D: constexpr constructor calls non-constexpr function "fmt::v11::basic_memory_buffer<T, SIZE, Allocator>::basic_memory_buffer(const Allocator &) [with T=fmt::v11::detail::bigint::bigit, SIZE=32UL, Allocator=fmt::v11::detail::allocator<fmt::v11::detail::bigint::bigit>]"
DEBUG     constexpr bigint() : exp_(0) {}
DEBUG                                  ^
DEBUG 
DEBUG /tmp/.tmpd3EroI/sdists-v9/pypi/lightgbm/4.7.0/7lt84pBZReOOdD6o/src/external_libs/fmt/include/fmt/base.h(472): warning #128-D: loop is not reachable
DEBUG     for (; n != 0; ++s1, ++s2, --n) {
DEBUG     ^
DEBUG           detected during:
DEBUG             instantiation of "auto fmt::v11::detail::compare(const Char *, const Char *, std::size_t)->int [with Char=char]" at line 591
DEBUG             instantiation of "auto fmt::v11::basic_string_view<Char>::compare(fmt::v11::basic_string_view<Char>) const->int [with Char=char]" at line 598
DEBUG             instantiation of class "fmt::v11::basic_string_view<Char> [with Char=char]" at line 2612
DEBUG             instantiation of "auto fmt::v11::basic_format_args<Context>::get_id(fmt::v11::basic_string_view<Char>) const->int [with Context=fmt::v11::context, Char=char]" at line 2655
DEBUG 
DEBUG Remark: The warnings can be suppressed with "-diag-suppress <warning-number>"
DEBUG 
DEBUG /tmp/.tmpd3EroI/sdists-v9/pypi/lightgbm/4.7.0/7lt84pBZReOOdD6o/src/external_libs/fmt/include/fmt/format.h(2594): warning #2417-D: constexpr constructor calls non-constexpr function "fmt::v11::basic_memory_buffer<T, SIZE, Allocator>::basic_memory_buffer(const Allocator &) [with T=fmt::v11::detail::bigint::bigit, SIZE=32UL, Allocator=fmt::v11::detail::allocator<fmt::v11::detail::bigint::bigit>]"
DEBUG     constexpr bigint() : exp_(0) {}
DEBUG                                  ^
DEBUG 
DEBUG /tmp/.tmpd3EroI/sdists-v9/pypi/lightgbm/4.7.0/7lt84pBZReOOdD6o/src/external_libs/fmt/include/fmt/base.h(472): warning #128-D: loop is not reachable
DEBUG     for (; n != 0; ++s1, ++s2, --n) {
DEBUG     ^
DEBUG           detected during:
DEBUG             instantiation of "auto fmt::v11::detail::compare(const Char *, const Char *, std::size_t)->int [with Char=char]" at line 591
DEBUG             instantiation of "auto fmt::v11::basic_string_view<Char>::compare(fmt::v11::basic_string_view<Char>) const->int [with Char=char]" at line 598
DEBUG             instantiation of class "fmt::v11::basic_string_view<Char> [with Char=char]" at line 2612
DEBUG             instantiation of "auto fmt::v11::basic_format_args<Context>::get_id(fmt::v11::basic_string_view<Char>) const->int [with Context=fmt::v11::context, Char=char]" at line 2655
DEBUG 
DEBUG Remark: The warnings can be suppressed with "-diag-suppress <warning-number>"
DEBUG 
DEBUG /tmp/.tmpd3EroI/sdists-v9/pypi/lightgbm/4.7.0/7lt84pBZReOOdD6o/src/external_libs/fmt/include/fmt/format.h(2594): warning #2417-D: constexpr constructor calls non-constexpr function "fmt::v11::basic_memory_buffer<T, SIZE, Allocator>::basic_memory_buffer(const Allocator &) [with T=fmt::v11::detail::bigint::bigit, SIZE=32UL, Allocator=fmt::v11::detail::allocator<fmt::v11::detail::bigint::bigit>]"
DEBUG     constexpr bigint() : exp_(0) {}
DEBUG                                  ^
DEBUG 
DEBUG /tmp/.tmpd3EroI/sdists-v9/pypi/lightgbm/4.7.0/7lt84pBZReOOdD6o/src/external_libs/fmt/include/fmt/base.h(472): warning #128-D: loop is not reachable
DEBUG     for (; n != 0; ++s1, ++s2, --n) {
DEBUG     ^
DEBUG           detected during:
DEBUG             instantiation of "auto fmt::v11::detail::compare(const Char *, const Char *, std::size_t)->int [with Char=char]" at line 591
DEBUG             instantiation of "auto fmt::v11::basic_string_view<Char>::compare(fmt::v11::basic_string_view<Char>) const->int [with Char=char]" at line 598
DEBUG             instantiation of class "fmt::v11::basic_string_view<Char> [with Char=char]" at line 2612
DEBUG             instantiation of "auto fmt::v11::basic_format_args<Context>::get_id(fmt::v11::basic_string_view<Char>) const->int [with Context=fmt::v11::context, Char=char]" at line 2655
DEBUG 
DEBUG Remark: The warnings can be suppressed with "-diag-suppress <warning-number>"
DEBUG 
DEBUG /tmp/.tmpd3EroI/sdists-v9/pypi/lightgbm/4.7.0/7lt84pBZReOOdD6o/src/external_libs/fmt/include/fmt/format.h(2594): warning #2417-D: constexpr constructor calls non-constexpr function "fmt::v11::basic_memory_buffer<T, SIZE, Allocator>::basic_memory_buffer(const Allocator &) [with T=fmt::v11::detail::bigint::bigit, SIZE=32UL, Allocator=fmt::v11::detail::allocator<fmt::v11::detail::bigint::bigit>]"
DEBUG     constexpr bigint() : exp_(0) {}
DEBUG                                  ^
DEBUG 
DEBUG /tmp/.tmpd3EroI/sdists-v9/pypi/lightgbm/4.7.0/7lt84pBZReOOdD6o/src/external_libs/fmt/include/fmt/base.h(472): warning #128-D: loop is not reachable
DEBUG     for (; n != 0; ++s1, ++s2, --n) {
DEBUG     ^
DEBUG           detected during:
DEBUG             instantiation of "auto fmt::v11::detail::compare(const Char *, const Char *, std::size_t)->int [with Char=char]" at line 591
DEBUG             instantiation of "auto fmt::v11::basic_string_view<Char>::compare(fmt::v11::basic_string_view<Char>) const->int [with Char=char]" at line 598
DEBUG             instantiation of class "fmt::v11::basic_string_view<Char> [with Char=char]" at line 2612
DEBUG             instantiation of "auto fmt::v11::basic_format_args<Context>::get_id(fmt::v11::basic_string_view<Char>) const->int [with Context=fmt::v11::context, Char=char]" at line 2655
DEBUG 
DEBUG Remark: The warnings can be suppressed with "-diag-suppress <warning-number>"
DEBUG 
DEBUG /tmp/.tmpd3EroI/sdists-v9/pypi/lightgbm/4.7.0/7lt84pBZReOOdD6o/src/external_libs/fmt/include/fmt/format.h(2594): warning #2417-D: constexpr constructor calls non-constexpr function "fmt::v11::basic_memory_buffer<T, SIZE, Allocator>::basic_memory_buffer(const Allocator &) [with T=fmt::v11::detail::bigint::bigit, SIZE=32UL, Allocator=fmt::v11::detail::allocator<fmt::v11::detail::bigint::bigit>]"
DEBUG     constexpr bigint() : exp_(0) {}
DEBUG                                  ^
DEBUG 
DEBUG /tmp/.tmpd3EroI/sdists-v9/pypi/lightgbm/4.7.0/7lt84pBZReOOdD6o/src/external_libs/fmt/include/fmt/base.h(472): warning #128-D: loop is not reachable
DEBUG     for (; n != 0; ++s1, ++s2, --n) {
DEBUG     ^
DEBUG           detected during:
DEBUG             instantiation of "auto fmt::v11::detail::compare(const Char *, const Char *, std::size_t)->int [with Char=char]" at line 591
DEBUG             instantiation of "auto fmt::v11::basic_string_view<Char>::compare(fmt::v11::basic_string_view<Char>) const->int [with Char=char]" at line 598
DEBUG             instantiation of class "fmt::v11::basic_string_view<Char> [with Char=char]" at line 2612
DEBUG             instantiation of "auto fmt::v11::basic_format_args<Context>::get_id(fmt::v11::basic_string_view<Char>) const->int [with Context=fmt::v11::context, Char=char]" at line 2655
DEBUG 
DEBUG Remark: The warnings can be suppressed with "-diag-suppress <warning-number>"
DEBUG 
DEBUG /tmp/.tmpd3EroI/sdists-v9/pypi/lightgbm/4.7.0/7lt84pBZReOOdD6o/src/external_libs/fmt/include/fmt/format.h(2594): warning #2417-D: constexpr constructor calls non-constexpr function "fmt::v11::basic_memory_buffer<T, SIZE, Allocator>::basic_memory_buffer(const Allocator &) [with T=fmt::v11::detail::bigint::bigit, SIZE=32UL, Allocator=fmt::v11::detail::allocator<fmt::v11::detail::bigint::bigit>]"
DEBUG     constexpr bigint() : exp_(0) {}
DEBUG                                  ^
DEBUG 
DEBUG [61/76] Building CUDA object CMakeFiles/lightgbm_objs.dir/src/cuda/cuda_algorithms.cu.o
DEBUG nvcc warning : Support for offline compilation for architectures prior to '<compute/sm/lto>_75' will be removed in a future release (Use -Wno-deprecated-gpu-targets to suppress warning).
DEBUG /tmp/.tmpd3EroI/sdists-v9/pypi/lightgbm/4.7.0/7lt84pBZReOOdD6o/src/external_libs/fmt/include/fmt/base.h(472): warning #128-D: loop is not reachable
DEBUG     for (; n != 0; ++s1, ++s2, --n) {
DEBUG     ^
DEBUG           detected during:
DEBUG             instantiation of "auto fmt::v11::detail::compare(const Char *, const Char *, std::size_t)->int [with Char=char]" at line 591
DEBUG             instantiation of "auto fmt::v11::basic_string_view<Char>::compare(fmt::v11::basic_string_view<Char>) const->int [with Char=char]" at line 598
DEBUG             instantiation of class "fmt::v11::basic_string_view<Char> [with Char=char]" at line 2612
DEBUG             instantiation of "auto fmt::v11::basic_format_args<Context>::get_id(fmt::v11::basic_string_view<Char>) const->int [with Context=fmt::v11::context, Char=char]" at line 2655
DEBUG 
DEBUG Remark: The warnings can be suppressed with "-diag-suppress <warning-number>"
DEBUG 
DEBUG /tmp/.tmpd3EroI/sdists-v9/pypi/lightgbm/4.7.0/7lt84pBZReOOdD6o/src/external_libs/fmt/include/fmt/format.h(2594): warning #2417-D: constexpr constructor calls non-constexpr function "fmt::v11::basic_memory_buffer<T, SIZE, Allocator>::basic_memory_buffer(const Allocator &) [with T=fmt::v11::detail::bigint::bigit, SIZE=32UL, Allocator=fmt::v11::detail::allocator<fmt::v11::detail::bigint::bigit>]"
DEBUG     constexpr bigint() : exp_(0) {}
DEBUG                                  ^
DEBUG 
DEBUG /tmp/.tmpd3EroI/sdists-v9/pypi/lightgbm/4.7.0/7lt84pBZReOOdD6o/src/external_libs/fmt/include/fmt/base.h(472): warning #128-D: loop is not reachable
DEBUG     for (; n != 0; ++s1, ++s2, --n) {
DEBUG     ^
DEBUG           detected during:
DEBUG             instantiation of "auto fmt::v11::detail::compare(const Char *, const Char *, std::size_t)->int [with Char=char]" at line 591
DEBUG             instantiation of "auto fmt::v11::basic_string_view<Char>::compare(fmt::v11::basic_string_view<Char>) const->int [with Char=char]" at line 598
DEBUG             instantiation of class "fmt::v11::basic_string_view<Char> [with Char=char]" at line 2612
DEBUG             instantiation of "auto fmt::v11::basic_format_args<Context>::get_id(fmt::v11::basic_string_view<Char>) const->int [with Context=fmt::v11::context, Char=char]" at line 2655
DEBUG 
DEBUG Remark: The warnings can be suppressed with "-diag-suppress <warning-number>"
DEBUG 
DEBUG /tmp/.tmpd3EroI/sdists-v9/pypi/lightgbm/4.7.0/7lt84pBZReOOdD6o/src/external_libs/fmt/include/fmt/format.h(2594): warning #2417-D: constexpr constructor calls non-constexpr function "fmt::v11::basic_memory_buffer<T, SIZE, Allocator>::basic_memory_buffer(const Allocator &) [with T=fmt::v11::detail::bigint::bigit, SIZE=32UL, Allocator=fmt::v11::detail::allocator<fmt::v11::detail::bigint::bigit>]"
DEBUG     constexpr bigint() : exp_(0) {}
DEBUG                                  ^
DEBUG 
DEBUG /tmp/.tmpd3EroI/sdists-v9/pypi/lightgbm/4.7.0/7lt84pBZReOOdD6o/src/external_libs/fmt/include/fmt/base.h(472): warning #128-D: loop is not reachable
DEBUG     for (; n != 0; ++s1, ++s2, --n) {
DEBUG     ^
DEBUG           detected during:
DEBUG             instantiation of "auto fmt::v11::detail::compare(const Char *, const Char *, std::size_t)->int [with Char=char]" at line 591
DEBUG             instantiation of "auto fmt::v11::basic_string_view<Char>::compare(fmt::v11::basic_string_view<Char>) const->int [with Char=char]" at line 598
DEBUG             instantiation of class "fmt::v11::basic_string_view<Char> [with Char=char]" at line 2612
DEBUG             instantiation of "auto fmt::v11::basic_format_args<Context>::get_id(fmt::v11::basic_string_view<Char>) const->int [with Context=fmt::v11::context, Char=char]" at line 2655
DEBUG 
DEBUG Remark: The warnings can be suppressed with "-diag-suppress <warning-number>"
DEBUG 
DEBUG /tmp/.tmpd3EroI/sdists-v9/pypi/lightgbm/4.7.0/7lt84pBZReOOdD6o/src/external_libs/fmt/include/fmt/format.h(2594): warning #2417-D: constexpr constructor calls non-constexpr function "fmt::v11::basic_memory_buffer<T, SIZE, Allocator>::basic_memory_buffer(const Allocator &) [with T=fmt::v11::detail::bigint::bigit, SIZE=32UL, Allocator=fmt::v11::detail::allocator<fmt::v11::detail::bigint::bigit>]"
DEBUG     constexpr bigint() : exp_(0) {}
DEBUG                                  ^
DEBUG 
DEBUG /tmp/.tmpd3EroI/sdists-v9/pypi/lightgbm/4.7.0/7lt84pBZReOOdD6o/src/external_libs/fmt/include/fmt/base.h(472): warning #128-D: loop is not reachable
DEBUG     for (; n != 0; ++s1, ++s2, --n) {
DEBUG     ^
DEBUG           detected during:
DEBUG             instantiation of "auto fmt::v11::detail::compare(const Char *, const Char *, std::size_t)->int [with Char=char]" at line 591
DEBUG             instantiation of "auto fmt::v11::basic_string_view<Char>::compare(fmt::v11::basic_string_view<Char>) const->int [with Char=char]" at line 598
DEBUG             instantiation of class "fmt::v11::basic_string_view<Char> [with Char=char]" at line 2612
DEBUG             instantiation of "auto fmt::v11::basic_format_args<Context>::get_id(fmt::v11::basic_string_view<Char>) const->int [with Context=fmt::v11::context, Char=char]" at line 2655
DEBUG 
DEBUG Remark: The warnings can be suppressed with "-diag-suppress <warning-number>"
DEBUG 
DEBUG /tmp/.tmpd3EroI/sdists-v9/pypi/lightgbm/4.7.0/7lt84pBZReOOdD6o/src/external_libs/fmt/include/fmt/format.h(2594): warning #2417-D: constexpr constructor calls non-constexpr function "fmt::v11::basic_memory_buffer<T, SIZE, Allocator>::basic_memory_buffer(const Allocator &) [with T=fmt::v11::detail::bigint::bigit, SIZE=32UL, Allocator=fmt::v11::detail::allocator<fmt::v11::detail::bigint::bigit>]"
DEBUG     constexpr bigint() : exp_(0) {}
DEBUG                                  ^
DEBUG 
DEBUG /tmp/.tmpd3EroI/sdists-v9/pypi/lightgbm/4.7.0/7lt84pBZReOOdD6o/src/external_libs/fmt/include/fmt/base.h(472): warning #128-D: loop is not reachable
DEBUG     for (; n != 0; ++s1, ++s2, --n) {
DEBUG     ^
DEBUG           detected during:
DEBUG             instantiation of "auto fmt::v11::detail::compare(const Char *, const Char *, std::size_t)->int [with Char=char]" at line 591
DEBUG             instantiation of "auto fmt::v11::basic_string_view<Char>::compare(fmt::v11::basic_string_view<Char>) const->int [with Char=char]" at line 598
DEBUG             instantiation of class "fmt::v11::basic_string_view<Char> [with Char=char]" at line 2612
DEBUG             instantiation of "auto fmt::v11::basic_format_args<Context>::get_id(fmt::v11::basic_string_view<Char>) const->int [with Context=fmt::v11::context, Char=char]" at line 2655
DEBUG 
DEBUG Remark: The warnings can be suppressed with "-diag-suppress <warning-number>"
DEBUG 
DEBUG /tmp/.tmpd3EroI/sdists-v9/pypi/lightgbm/4.7.0/7lt84pBZReOOdD6o/src/external_libs/fmt/include/fmt/format.h(2594): warning #2417-D: constexpr constructor calls non-constexpr function "fmt::v11::basic_memory_buffer<T, SIZE, Allocator>::basic_memory_buffer(const Allocator &) [with T=fmt::v11::detail::bigint::bigit, SIZE=32UL, Allocator=fmt::v11::detail::allocator<fmt::v11::detail::bigint::bigit>]"
DEBUG     constexpr bigint() : exp_(0) {}
DEBUG                                  ^
DEBUG 
DEBUG /tmp/.tmpd3EroI/sdists-v9/pypi/lightgbm/4.7.0/7lt84pBZReOOdD6o/src/external_libs/fmt/include/fmt/base.h(472): warning #128-D: loop is not reachable
DEBUG     for (; n != 0; ++s1, ++s2, --n) {
DEBUG     ^
DEBUG           detected during:
DEBUG             instantiation of "auto fmt::v11::detail::compare(const Char *, const Char *, std::size_t)->int [with Char=char]" at line 591
DEBUG             instantiation of "auto fmt::v11::basic_string_view<Char>::compare(fmt::v11::basic_string_view<Char>) const->int [with Char=char]" at line 598
DEBUG             instantiation of class "fmt::v11::basic_string_view<Char> [with Char=char]" at line 2612
DEBUG             instantiation of "auto fmt::v11::basic_format_args<Context>::get_id(fmt::v11::basic_string_view<Char>) const->int [with Context=fmt::v11::context, Char=char]" at line 2655
DEBUG 
DEBUG Remark: The warnings can be suppressed with "-diag-suppress <warning-number>"
DEBUG 
DEBUG /tmp/.tmpd3EroI/sdists-v9/pypi/lightgbm/4.7.0/7lt84pBZReOOdD6o/src/external_libs/fmt/include/fmt/format.h(2594): warning #2417-D: constexpr constructor calls non-constexpr function "fmt::v11::basic_memory_buffer<T, SIZE, Allocator>::basic_memory_buffer(const Allocator &) [with T=fmt::v11::detail::bigint::bigit, SIZE=32UL, Allocator=fmt::v11::detail::allocator<fmt::v11::detail::bigint::bigit>]"
DEBUG     constexpr bigint() : exp_(0) {}
DEBUG                                  ^
DEBUG 
DEBUG /tmp/.tmpd3EroI/sdists-v9/pypi/lightgbm/4.7.0/7lt84pBZReOOdD6o/src/external_libs/fmt/include/fmt/base.h(472): warning #128-D: loop is not reachable
DEBUG     for (; n != 0; ++s1, ++s2, --n) {
DEBUG     ^
DEBUG           detected during:
DEBUG             instantiation of "auto fmt::v11::detail::compare(const Char *, const Char *, std::size_t)->int [with Char=char]" at line 591
DEBUG             instantiation of "auto fmt::v11::basic_string_view<Char>::compare(fmt::v11::basic_string_view<Char>) const->int [with Char=char]" at line 598
DEBUG             instantiation of class "fmt::v11::basic_string_view<Char> [with Char=char]" at line 2612
DEBUG             instantiation of "auto fmt::v11::basic_format_args<Context>::get_id(fmt::v11::basic_string_view<Char>) const->int [with Context=fmt::v11::context, Char=char]" at line 2655
DEBUG 
DEBUG Remark: The warnings can be suppressed with "-diag-suppress <warning-number>"
DEBUG 
DEBUG /tmp/.tmpd3EroI/sdists-v9/pypi/lightgbm/4.7.0/7lt84pBZReOOdD6o/src/external_libs/fmt/include/fmt/format.h(2594): warning #2417-D: constexpr constructor calls non-constexpr function "fmt::v11::basic_memory_buffer<T, SIZE, Allocator>::basic_memory_buffer(const Allocator &) [with T=fmt::v11::detail::bigint::bigit, SIZE=32UL, Allocator=fmt::v11::detail::allocator<fmt::v11::detail::bigint::bigit>]"
DEBUG     constexpr bigint() : exp_(0) {}
DEBUG                                  ^
DEBUG 
DEBUG /tmp/.tmpd3EroI/sdists-v9/pypi/lightgbm/4.7.0/7lt84pBZReOOdD6o/src/external_libs/fmt/include/fmt/base.h(472): warning #128-D: loop is not reachable
DEBUG     for (; n != 0; ++s1, ++s2, --n) {
DEBUG     ^
DEBUG           detected during:
DEBUG             instantiation of "auto fmt::v11::detail::compare(const Char *, const Char *, std::size_t)->int [with Char=char]" at line 591
DEBUG             instantiation of "auto fmt::v11::basic_string_view<Char>::compare(fmt::v11::basic_string_view<Char>) const->int [with Char=char]" at line 598
DEBUG             instantiation of class "fmt::v11::basic_string_view<Char> [with Char=char]" at line 2612
DEBUG             instantiation of "auto fmt::v11::basic_format_args<Context>::get_id(fmt::v11::basic_string_view<Char>) const->int [with Context=fmt::v11::context, Char=char]" at line 2655
DEBUG 
DEBUG Remark: The warnings can be suppressed with "-diag-suppress <warning-number>"
DEBUG 
DEBUG /tmp/.tmpd3EroI/sdists-v9/pypi/lightgbm/4.7.0/7lt84pBZReOOdD6o/src/external_libs/fmt/include/fmt/format.h(2594): warning #2417-D: constexpr constructor calls non-constexpr function "fmt::v11::basic_memory_buffer<T, SIZE, Allocator>::basic_memory_buffer(const Allocator &) [with T=fmt::v11::detail::bigint::bigit, SIZE=32UL, Allocator=fmt::v11::detail::allocator<fmt::v11::detail::bigint::bigit>]"
DEBUG     constexpr bigint() : exp_(0) {}
DEBUG                                  ^
DEBUG 
DEBUG /tmp/.tmpd3EroI/sdists-v9/pypi/lightgbm/4.7.0/7lt84pBZReOOdD6o/src/external_libs/fmt/include/fmt/base.h(472): warning #128-D: loop is not reachable
DEBUG     for (; n != 0; ++s1, ++s2, --n) {
DEBUG     ^
DEBUG           detected during:
DEBUG             instantiation of "auto fmt::v11::detail::compare(const Char *, const Char *, std::size_t)->int [with Char=char]" at line 591
DEBUG             instantiation of "auto fmt::v11::basic_string_view<Char>::compare(fmt::v11::basic_string_view<Char>) const->int [with Char=char]" at line 598
DEBUG             instantiation of class "fmt::v11::basic_string_view<Char> [with Char=char]" at line 2612
DEBUG             instantiation of "auto fmt::v11::basic_format_args<Context>::get_id(fmt::v11::basic_string_view<Char>) const->int [with Context=fmt::v11::context, Char=char]" at line 2655
DEBUG 
DEBUG Remark: The warnings can be suppressed with "-diag-suppress <warning-number>"
DEBUG 
DEBUG /tmp/.tmpd3EroI/sdists-v9/pypi/lightgbm/4.7.0/7lt84pBZReOOdD6o/src/external_libs/fmt/include/fmt/format.h(2594): warning #2417-D: constexpr constructor calls non-constexpr function "fmt::v11::basic_memory_buffer<T, SIZE, Allocator>::basic_memory_buffer(const Allocator &) [with T=fmt::v11::detail::bigint::bigit, SIZE=32UL, Allocator=fmt::v11::detail::allocator<fmt::v11::detail::bigint::bigit>]"
DEBUG     constexpr bigint() : exp_(0) {}
DEBUG                                  ^
DEBUG 
DEBUG /tmp/.tmpd3EroI/sdists-v9/pypi/lightgbm/4.7.0/7lt84pBZReOOdD6o/src/external_libs/fmt/include/fmt/base.h(472): warning #128-D: loop is not reachable
DEBUG     for (; n != 0; ++s1, ++s2, --n) {
DEBUG     ^
DEBUG           detected during:
DEBUG             instantiation of "auto fmt::v11::detail::compare(const Char *, const Char *, std::size_t)->int [with Char=char]" at line 591
DEBUG             instantiation of "auto fmt::v11::basic_string_view<Char>::compare(fmt::v11::basic_string_view<Char>) const->int [with Char=char]" at line 598
DEBUG             instantiation of class "fmt::v11::basic_string_view<Char> [with Char=char]" at line 2612
DEBUG             instantiation of "auto fmt::v11::basic_format_args<Context>::get_id(fmt::v11::basic_string_view<Char>) const->int [with Context=fmt::v11::context, Char=char]" at line 2655
DEBUG 
DEBUG Remark: The warnings can be suppressed with "-diag-suppress <warning-number>"
DEBUG 
DEBUG /tmp/.tmpd3EroI/sdists-v9/pypi/lightgbm/4.7.0/7lt84pBZReOOdD6o/src/external_libs/fmt/include/fmt/format.h(2594): warning #2417-D: constexpr constructor calls non-constexpr function "fmt::v11::basic_memory_buffer<T, SIZE, Allocator>::basic_memory_buffer(const Allocator &) [with T=fmt::v11::detail::bigint::bigit, SIZE=32UL, Allocator=fmt::v11::detail::allocator<fmt::v11::detail::bigint::bigit>]"
DEBUG     constexpr bigint() : exp_(0) {}
DEBUG                                  ^
DEBUG 
DEBUG [62/76] Building CUDA object CMakeFiles/lightgbm_objs.dir/src/objective/cuda/cuda_binary_objective.cu.o
DEBUG nvcc warning : Support for offline compilation for architectures prior to '<compute/sm/lto>_75' will be removed in a future release (Use -Wno-deprecated-gpu-targets to suppress warning).
DEBUG /tmp/.tmpd3EroI/sdists-v9/pypi/lightgbm/4.7.0/7lt84pBZReOOdD6o/src/external_libs/fmt/include/fmt/base.h(472): warning #128-D: loop is not reachable
DEBUG     for (; n != 0; ++s1, ++s2, --n) {
DEBUG     ^
DEBUG           detected during:
DEBUG             instantiation of "auto fmt::v11::detail::compare(const Char *, const Char *, std::size_t)->int [with Char=char]" at line 591
DEBUG             instantiation of "auto fmt::v11::basic_string_view<Char>::compare(fmt::v11::basic_string_view<Char>) const->int [with Char=char]" at line 598
DEBUG             instantiation of class "fmt::v11::basic_string_view<Char> [with Char=char]" at line 2612
DEBUG             instantiation of "auto fmt::v11::basic_format_args<Context>::get_id(fmt::v11::basic_string_view<Char>) const->int [with Context=fmt::v11::context, Char=char]" at line 2655
DEBUG 
DEBUG Remark: The warnings can be suppressed with "-diag-suppress <warning-number>"
DEBUG 
DEBUG /tmp/.tmpd3EroI/sdists-v9/pypi/lightgbm/4.7.0/7lt84pBZReOOdD6o/src/external_libs/fmt/include/fmt/format.h(2594): warning #2417-D: constexpr constructor calls non-constexpr function "fmt::v11::basic_memory_buffer<T, SIZE, Allocator>::basic_memory_buffer(const Allocator &) [with T=fmt::v11::detail::bigint::bigit, SIZE=32UL, Allocator=fmt::v11::detail::allocator<fmt::v11::detail::bigint::bigit>]"
DEBUG     constexpr bigint() : exp_(0) {}
DEBUG                                  ^
DEBUG 
DEBUG /tmp/.tmpd3EroI/sdists-v9/pypi/lightgbm/4.7.0/7lt84pBZReOOdD6o/src/external_libs/fmt/include/fmt/base.h(472): warning #128-D: loop is not reachable
DEBUG     for (; n != 0; ++s1, ++s2, --n) {
DEBUG     ^
DEBUG           detected during:
DEBUG             instantiation of "auto fmt::v11::detail::compare(const Char *, const Char *, std::size_t)->int [with Char=char]" at line 591
DEBUG             instantiation of "auto fmt::v11::basic_string_view<Char>::compare(fmt::v11::basic_string_view<Char>) const->int [with Char=char]" at line 598
DEBUG             instantiation of class "fmt::v11::basic_string_view<Char> [with Char=char]" at line 2612
DEBUG             instantiation of "auto fmt::v11::basic_format_args<Context>::get_id(fmt::v11::basic_string_view<Char>) const->int [with Context=fmt::v11::context, Char=char]" at line 2655
DEBUG 
DEBUG Remark: The warnings can be suppressed with "-diag-suppress <warning-number>"
DEBUG 
DEBUG /tmp/.tmpd3EroI/sdists-v9/pypi/lightgbm/4.7.0/7lt84pBZReOOdD6o/src/external_libs/fmt/include/fmt/format.h(2594): warning #2417-D: constexpr constructor calls non-constexpr function "fmt::v11::basic_memory_buffer<T, SIZE, Allocator>::basic_memory_buffer(const Allocator &) [with T=fmt::v11::detail::bigint::bigit, SIZE=32UL, Allocator=fmt::v11::detail::allocator<fmt::v11::detail::bigint::bigit>]"
DEBUG     constexpr bigint() : exp_(0) {}
DEBUG                                  ^
DEBUG 
DEBUG /tmp/.tmpd3EroI/sdists-v9/pypi/lightgbm/4.7.0/7lt84pBZReOOdD6o/src/external_libs/fmt/include/fmt/base.h(472): warning #128-D: loop is not reachable
DEBUG     for (; n != 0; ++s1, ++s2, --n) {
DEBUG     ^
DEBUG           detected during:
DEBUG             instantiation of "auto fmt::v11::detail::compare(const Char *, const Char *, std::size_t)->int [with Char=char]" at line 591
DEBUG             instantiation of "auto fmt::v11::basic_string_view<Char>::compare(fmt::v11::basic_string_view<Char>) const->int [with Char=char]" at line 598
DEBUG             instantiation of class "fmt::v11::basic_string_view<Char> [with Char=char]" at line 2612
DEBUG             instantiation of "auto fmt::v11::basic_format_args<Context>::get_id(fmt::v11::basic_string_view<Char>) const->int [with Context=fmt::v11::context, Char=char]" at line 2655
DEBUG 
DEBUG Remark: The warnings can be suppressed with "-diag-suppress <warning-number>"
DEBUG 
DEBUG /tmp/.tmpd3EroI/sdists-v9/pypi/lightgbm/4.7.0/7lt84pBZReOOdD6o/src/external_libs/fmt/include/fmt/format.h(2594): warning #2417-D: constexpr constructor calls non-constexpr function "fmt::v11::basic_memory_buffer<T, SIZE, Allocator>::basic_memory_buffer(const Allocator &) [with T=fmt::v11::detail::bigint::bigit, SIZE=32UL, Allocator=fmt::v11::detail::allocator<fmt::v11::detail::bigint::bigit>]"
DEBUG     constexpr bigint() : exp_(0) {}
DEBUG                                  ^
DEBUG 
DEBUG /tmp/.tmpd3EroI/sdists-v9/pypi/lightgbm/4.7.0/7lt84pBZReOOdD6o/src/external_libs/fmt/include/fmt/base.h(472): warning #128-D: loop is not reachable
DEBUG     for (; n != 0; ++s1, ++s2, --n) {
DEBUG     ^
DEBUG           detected during:
DEBUG             instantiation of "auto fmt::v11::detail::compare(const Char *, const Char *, std::size_t)->int [with Char=char]" at line 591
DEBUG             instantiation of "auto fmt::v11::basic_string_view<Char>::compare(fmt::v11::basic_string_view<Char>) const->int [with Char=char]" at line 598
DEBUG             instantiation of class "fmt::v11::basic_string_view<Char> [with Char=char]" at line 2612
DEBUG             instantiation of "auto fmt::v11::basic_format_args<Context>::get_id(fmt::v11::basic_string_view<Char>) const->int [with Context=fmt::v11::context, Char=char]" at line 2655
DEBUG 
DEBUG Remark: The warnings can be suppressed with "-diag-suppress <warning-number>"
DEBUG 
DEBUG /tmp/.tmpd3EroI/sdists-v9/pypi/lightgbm/4.7.0/7lt84pBZReOOdD6o/src/external_libs/fmt/include/fmt/format.h(2594): warning #2417-D: constexpr constructor calls non-constexpr function "fmt::v11::basic_memory_buffer<T, SIZE, Allocator>::basic_memory_buffer(const Allocator &) [with T=fmt::v11::detail::bigint::bigit, SIZE=32UL, Allocator=fmt::v11::detail::allocator<fmt::v11::detail::bigint::bigit>]"
DEBUG     constexpr bigint() : exp_(0) {}
DEBUG                                  ^
DEBUG 
DEBUG /tmp/.tmpd3EroI/sdists-v9/pypi/lightgbm/4.7.0/7lt84pBZReOOdD6o/src/external_libs/fmt/include/fmt/base.h(472): warning #128-D: loop is not reachable
DEBUG     for (; n != 0; ++s1, ++s2, --n) {
DEBUG     ^
DEBUG           detected during:
DEBUG             instantiation of "auto fmt::v11::detail::compare(const Char *, const Char *, std::size_t)->int [with Char=char]" at line 591
DEBUG             instantiation of "auto fmt::v11::basic_string_view<Char>::compare(fmt::v11::basic_string_view<Char>) const->int [with Char=char]" at line 598
DEBUG             instantiation of class "fmt::v11::basic_string_view<Char> [with Char=char]" at line 2612
DEBUG             instantiation of "auto fmt::v11::basic_format_args<Context>::get_id(fmt::v11::basic_string_view<Char>) const->int [with Context=fmt::v11::context, Char=char]" at line 2655
DEBUG 
DEBUG Remark: The warnings can be suppressed with "-diag-suppress <warning-number>"
DEBUG 
DEBUG /tmp/.tmpd3EroI/sdists-v9/pypi/lightgbm/4.7.0/7lt84pBZReOOdD6o/src/external_libs/fmt/include/fmt/format.h(2594): warning #2417-D: constexpr constructor calls non-constexpr function "fmt::v11::basic_memory_buffer<T, SIZE, Allocator>::basic_memory_buffer(const Allocator &) [with T=fmt::v11::detail::bigint::bigit, SIZE=32UL, Allocator=fmt::v11::detail::allocator<fmt::v11::detail::bigint::bigit>]"
DEBUG     constexpr bigint() : exp_(0) {}
DEBUG                                  ^
DEBUG 
DEBUG /tmp/.tmpd3EroI/sdists-v9/pypi/lightgbm/4.7.0/7lt84pBZReOOdD6o/src/external_libs/fmt/include/fmt/base.h(472): warning #128-D: loop is not reachable
DEBUG     for (; n != 0; ++s1, ++s2, --n) {
DEBUG     ^
DEBUG           detected during:
DEBUG             instantiation of "auto fmt::v11::detail::compare(const Char *, const Char *, std::size_t)->int [with Char=char]" at line 591
DEBUG             instantiation of "auto fmt::v11::basic_string_view<Char>::compare(fmt::v11::basic_string_view<Char>) const->int [with Char=char]" at line 598
DEBUG             instantiation of class "fmt::v11::basic_string_view<Char> [with Char=char]" at line 2612
DEBUG             instantiation of "auto fmt::v11::basic_format_args<Context>::get_id(fmt::v11::basic_string_view<Char>) const->int [with Context=fmt::v11::context, Char=char]" at line 2655
DEBUG 
DEBUG Remark: The warnings can be suppressed with "-diag-suppress <warning-number>"
DEBUG 
DEBUG /tmp/.tmpd3EroI/sdists-v9/pypi/lightgbm/4.7.0/7lt84pBZReOOdD6o/src/external_libs/fmt/include/fmt/format.h(2594): warning #2417-D: constexpr constructor calls non-constexpr function "fmt::v11::basic_memory_buffer<T, SIZE, Allocator>::basic_memory_buffer(const Allocator &) [with T=fmt::v11::detail::bigint::bigit, SIZE=32UL, Allocator=fmt::v11::detail::allocator<fmt::v11::detail::bigint::bigit>]"
DEBUG     constexpr bigint() : exp_(0) {}
DEBUG                                  ^
DEBUG 
DEBUG /tmp/.tmpd3EroI/sdists-v9/pypi/lightgbm/4.7.0/7lt84pBZReOOdD6o/src/external_libs/fmt/include/fmt/base.h(472): warning #128-D: loop is not reachable
DEBUG     for (; n != 0; ++s1, ++s2, --n) {
DEBUG     ^
DEBUG           detected during:
DEBUG             instantiation of "auto fmt::v11::detail::compare(const Char *, const Char *, std::size_t)->int [with Char=char]" at line 591
DEBUG             instantiation of "auto fmt::v11::basic_string_view<Char>::compare(fmt::v11::basic_string_view<Char>) const->int [with Char=char]" at line 598
DEBUG             instantiation of class "fmt::v11::basic_string_view<Char> [with Char=char]" at line 2612
DEBUG             instantiation of "auto fmt::v11::basic_format_args<Context>::get_id(fmt::v11::basic_string_view<Char>) const->int [with Context=fmt::v11::context, Char=char]" at line 2655
DEBUG 
DEBUG Remark: The warnings can be suppressed with "-diag-suppress <warning-number>"
DEBUG 
DEBUG /tmp/.tmpd3EroI/sdists-v9/pypi/lightgbm/4.7.0/7lt84pBZReOOdD6o/src/external_libs/fmt/include/fmt/format.h(2594): warning #2417-D: constexpr constructor calls non-constexpr function "fmt::v11::basic_memory_buffer<T, SIZE, Allocator>::basic_memory_buffer(const Allocator &) [with T=fmt::v11::detail::bigint::bigit, SIZE=32UL, Allocator=fmt::v11::detail::allocator<fmt::v11::detail::bigint::bigit>]"
DEBUG     constexpr bigint() : exp_(0) {}
DEBUG                                  ^
DEBUG 
DEBUG /tmp/.tmpd3EroI/sdists-v9/pypi/lightgbm/4.7.0/7lt84pBZReOOdD6o/src/external_libs/fmt/include/fmt/base.h(472): warning #128-D: loop is not reachable
DEBUG     for (; n != 0; ++s1, ++s2, --n) {
DEBUG     ^
DEBUG           detected during:
DEBUG             instantiation of "auto fmt::v11::detail::compare(const Char *, const Char *, std::size_t)->int [with Char=char]" at line 591
DEBUG             instantiation of "auto fmt::v11::basic_string_view<Char>::compare(fmt::v11::basic_string_view<Char>) const->int [with Char=char]" at line 598
DEBUG             instantiation of class "fmt::v11::basic_string_view<Char> [with Char=char]" at line 2612
DEBUG             instantiation of "auto fmt::v11::basic_format_args<Context>::get_id(fmt::v11::basic_string_view<Char>) const->int [with Context=fmt::v11::context, Char=char]" at line 2655
DEBUG 
DEBUG Remark: The warnings can be suppressed with "-diag-suppress <warning-number>"
DEBUG 
DEBUG /tmp/.tmpd3EroI/sdists-v9/pypi/lightgbm/4.7.0/7lt84pBZReOOdD6o/src/external_libs/fmt/include/fmt/format.h(2594): warning #2417-D: constexpr constructor calls non-constexpr function "fmt::v11::basic_memory_buffer<T, SIZE, Allocator>::basic_memory_buffer(const Allocator &) [with T=fmt::v11::detail::bigint::bigit, SIZE=32UL, Allocator=fmt::v11::detail::allocator<fmt::v11::detail::bigint::bigit>]"
DEBUG     constexpr bigint() : exp_(0) {}
DEBUG                                  ^
DEBUG 
DEBUG /tmp/.tmpd3EroI/sdists-v9/pypi/lightgbm/4.7.0/7lt84pBZReOOdD6o/src/external_libs/fmt/include/fmt/base.h(472): warning #128-D: loop is not reachable
DEBUG     for (; n != 0; ++s1, ++s2, --n) {
DEBUG     ^
DEBUG           detected during:
DEBUG             instantiation of "auto fmt::v11::detail::compare(const Char *, const Char *, std::size_t)->int [with Char=char]" at line 591
DEBUG             instantiation of "auto fmt::v11::basic_string_view<Char>::compare(fmt::v11::basic_string_view<Char>) const->int [with Char=char]" at line 598
DEBUG             instantiation of class "fmt::v11::basic_string_view<Char> [with Char=char]" at line 2612
DEBUG             instantiation of "auto fmt::v11::basic_format_args<Context>::get_id(fmt::v11::basic_string_view<Char>) const->int [with Context=fmt::v11::context, Char=char]" at line 2655
DEBUG 
DEBUG Remark: The warnings can be suppressed with "-diag-suppress <warning-number>"
DEBUG 
DEBUG /tmp/.tmpd3EroI/sdists-v9/pypi/lightgbm/4.7.0/7lt84pBZReOOdD6o/src/external_libs/fmt/include/fmt/format.h(2594): warning #2417-D: constexpr constructor calls non-constexpr function "fmt::v11::basic_memory_buffer<T, SIZE, Allocator>::basic_memory_buffer(const Allocator &) [with T=fmt::v11::detail::bigint::bigit, SIZE=32UL, Allocator=fmt::v11::detail::allocator<fmt::v11::detail::bigint::bigit>]"
DEBUG     constexpr bigint() : exp_(0) {}
DEBUG                                  ^
DEBUG 
DEBUG /tmp/.tmpd3EroI/sdists-v9/pypi/lightgbm/4.7.0/7lt84pBZReOOdD6o/src/external_libs/fmt/include/fmt/base.h(472): warning #128-D: loop is not reachable
DEBUG     for (; n != 0; ++s1, ++s2, --n) {
DEBUG     ^
DEBUG           detected during:
DEBUG             instantiation of "auto fmt::v11::detail::compare(const Char *, const Char *, std::size_t)->int [with Char=char]" at line 591
DEBUG             instantiation of "auto fmt::v11::basic_string_view<Char>::compare(fmt::v11::basic_string_view<Char>) const->int [with Char=char]" at line 598
DEBUG             instantiation of class "fmt::v11::basic_string_view<Char> [with Char=char]" at line 2612
DEBUG             instantiation of "auto fmt::v11::basic_format_args<Context>::get_id(fmt::v11::basic_string_view<Char>) const->int [with Context=fmt::v11::context, Char=char]" at line 2655
DEBUG 
DEBUG Remark: The warnings can be suppressed with "-diag-suppress <warning-number>"
DEBUG 
DEBUG /tmp/.tmpd3EroI/sdists-v9/pypi/lightgbm/4.7.0/7lt84pBZReOOdD6o/src/external_libs/fmt/include/fmt/format.h(2594): warning #2417-D: constexpr constructor calls non-constexpr function "fmt::v11::basic_memory_buffer<T, SIZE, Allocator>::basic_memory_buffer(const Allocator &) [with T=fmt::v11::detail::bigint::bigit, SIZE=32UL, Allocator=fmt::v11::detail::allocator<fmt::v11::detail::bigint::bigit>]"
DEBUG     constexpr bigint() : exp_(0) {}
DEBUG                                  ^
DEBUG 
DEBUG [63/76] Building CUDA object CMakeFiles/lightgbm_objs.dir/src/objective/cuda/cuda_multiclass_objective.cu.o
DEBUG nvcc warning : Support for offline compilation for architectures prior to '<compute/sm/lto>_75' will be removed in a future release (Use -Wno-deprecated-gpu-targets to suppress warning).
DEBUG /tmp/.tmpd3EroI/sdists-v9/pypi/lightgbm/4.7.0/7lt84pBZReOOdD6o/src/external_libs/fmt/include/fmt/base.h(472): warning #128-D: loop is not reachable
DEBUG     for (; n != 0; ++s1, ++s2, --n) {
DEBUG     ^
DEBUG           detected during:
DEBUG             instantiation of "auto fmt::v11::detail::compare(const Char *, const Char *, std::size_t)->int [with Char=char]" at line 591
DEBUG             instantiation of "auto fmt::v11::basic_string_view<Char>::compare(fmt::v11::basic_string_view<Char>) const->int [with Char=char]" at line 598
DEBUG             instantiation of class "fmt::v11::basic_string_view<Char> [with Char=char]" at line 2612
DEBUG             instantiation of "auto fmt::v11::basic_format_args<Context>::get_id(fmt::v11::basic_string_view<Char>) const->int [with Context=fmt::v11::context, Char=char]" at line 2655
DEBUG 
DEBUG Remark: The warnings can be suppressed with "-diag-suppress <warning-number>"
DEBUG 
DEBUG /tmp/.tmpd3EroI/sdists-v9/pypi/lightgbm/4.7.0/7lt84pBZReOOdD6o/src/external_libs/fmt/include/fmt/format.h(2594): warning #2417-D: constexpr constructor calls non-constexpr function "fmt::v11::basic_memory_buffer<T, SIZE, Allocator>::basic_memory_buffer(const Allocator &) [with T=fmt::v11::detail::bigint::bigit, SIZE=32UL, Allocator=fmt::v11::detail::allocator<fmt::v11::detail::bigint::bigit>]"
DEBUG     constexpr bigint() : exp_(0) {}
DEBUG                                  ^
DEBUG 
DEBUG /tmp/.tmpd3EroI/sdists-v9/pypi/lightgbm/4.7.0/7lt84pBZReOOdD6o/src/external_libs/fmt/include/fmt/base.h(472): warning #128-D: loop is not reachable
DEBUG     for (; n != 0; ++s1, ++s2, --n) {
DEBUG     ^
DEBUG           detected during:
DEBUG             instantiation of "auto fmt::v11::detail::compare(const Char *, const Char *, std::size_t)->int [with Char=char]" at line 591
DEBUG             instantiation of "auto fmt::v11::basic_string_view<Char>::compare(fmt::v11::basic_string_view<Char>) const->int [with Char=char]" at line 598
DEBUG             instantiation of class "fmt::v11::basic_string_view<Char> [with Char=char]" at line 2612
DEBUG             instantiation of "auto fmt::v11::basic_format_args<Context>::get_id(fmt::v11::basic_string_view<Char>) const->int [with Context=fmt::v11::context, Char=char]" at line 2655
DEBUG 
DEBUG Remark: The warnings can be suppressed with "-diag-suppress <warning-number>"
DEBUG 
DEBUG /tmp/.tmpd3EroI/sdists-v9/pypi/lightgbm/4.7.0/7lt84pBZReOOdD6o/src/external_libs/fmt/include/fmt/format.h(2594): warning #2417-D: constexpr constructor calls non-constexpr function "fmt::v11::basic_memory_buffer<T, SIZE, Allocator>::basic_memory_buffer(const Allocator &) [with T=fmt::v11::detail::bigint::bigit, SIZE=32UL, Allocator=fmt::v11::detail::allocator<fmt::v11::detail::bigint::bigit>]"
DEBUG     constexpr bigint() : exp_(0) {}
DEBUG                                  ^
DEBUG 
DEBUG /tmp/.tmpd3EroI/sdists-v9/pypi/lightgbm/4.7.0/7lt84pBZReOOdD6o/src/external_libs/fmt/include/fmt/base.h(472): warning #128-D: loop is not reachable
DEBUG     for (; n != 0; ++s1, ++s2, --n) {
DEBUG     ^
DEBUG           detected during:
DEBUG             instantiation of "auto fmt::v11::detail::compare(const Char *, const Char *, std::size_t)->int [with Char=char]" at line 591
DEBUG             instantiation of "auto fmt::v11::basic_string_view<Char>::compare(fmt::v11::basic_string_view<Char>) const->int [with Char=char]" at line 598
DEBUG             instantiation of class "fmt::v11::basic_string_view<Char> [with Char=char]" at line 2612
DEBUG             instantiation of "auto fmt::v11::basic_format_args<Context>::get_id(fmt::v11::basic_string_view<Char>) const->int [with Context=fmt::v11::context, Char=char]" at line 2655
DEBUG 
DEBUG Remark: The warnings can be suppressed with "-diag-suppress <warning-number>"
DEBUG 
DEBUG /tmp/.tmpd3EroI/sdists-v9/pypi/lightgbm/4.7.0/7lt84pBZReOOdD6o/src/external_libs/fmt/include/fmt/format.h(2594): warning #2417-D: constexpr constructor calls non-constexpr function "fmt::v11::basic_memory_buffer<T, SIZE, Allocator>::basic_memory_buffer(const Allocator &) [with T=fmt::v11::detail::bigint::bigit, SIZE=32UL, Allocator=fmt::v11::detail::allocator<fmt::v11::detail::bigint::bigit>]"
DEBUG     constexpr bigint() : exp_(0) {}
DEBUG                                  ^
DEBUG 
DEBUG /tmp/.tmpd3EroI/sdists-v9/pypi/lightgbm/4.7.0/7lt84pBZReOOdD6o/src/external_libs/fmt/include/fmt/base.h(472): warning #128-D: loop is not reachable
DEBUG     for (; n != 0; ++s1, ++s2, --n) {
DEBUG     ^
DEBUG           detected during:
DEBUG             instantiation of "auto fmt::v11::detail::compare(const Char *, const Char *, std::size_t)->int [with Char=char]" at line 591
DEBUG             instantiation of "auto fmt::v11::basic_string_view<Char>::compare(fmt::v11::basic_string_view<Char>) const->int [with Char=char]" at line 598
DEBUG             instantiation of class "fmt::v11::basic_string_view<Char> [with Char=char]" at line 2612
DEBUG             instantiation of "auto fmt::v11::basic_format_args<Context>::get_id(fmt::v11::basic_string_view<Char>) const->int [with Context=fmt::v11::context, Char=char]" at line 2655
DEBUG 
DEBUG Remark: The warnings can be suppressed with "-diag-suppress <warning-number>"
DEBUG 
DEBUG /tmp/.tmpd3EroI/sdists-v9/pypi/lightgbm/4.7.0/7lt84pBZReOOdD6o/src/external_libs/fmt/include/fmt/format.h(2594): warning #2417-D: constexpr constructor calls non-constexpr function "fmt::v11::basic_memory_buffer<T, SIZE, Allocator>::basic_memory_buffer(const Allocator &) [with T=fmt::v11::detail::bigint::bigit, SIZE=32UL, Allocator=fmt::v11::detail::allocator<fmt::v11::detail::bigint::bigit>]"
DEBUG     constexpr bigint() : exp_(0) {}
DEBUG                                  ^
DEBUG 
DEBUG /tmp/.tmpd3EroI/sdists-v9/pypi/lightgbm/4.7.0/7lt84pBZReOOdD6o/src/external_libs/fmt/include/fmt/base.h(472): warning #128-D: loop is not reachable
DEBUG     for (; n != 0; ++s1, ++s2, --n) {
DEBUG     ^
DEBUG           detected during:
DEBUG             instantiation of "auto fmt::v11::detail::compare(const Char *, const Char *, std::size_t)->int [with Char=char]" at line 591
DEBUG             instantiation of "auto fmt::v11::basic_string_view<Char>::compare(fmt::v11::basic_string_view<Char>) const->int [with Char=char]" at line 598
DEBUG             instantiation of class "fmt::v11::basic_string_view<Char> [with Char=char]" at line 2612
DEBUG             instantiation of "auto fmt::v11::basic_format_args<Context>::get_id(fmt::v11::basic_string_view<Char>) const->int [with Context=fmt::v11::context, Char=char]" at line 2655
DEBUG 
DEBUG Remark: The warnings can be suppressed with "-diag-suppress <warning-number>"
DEBUG 
DEBUG /tmp/.tmpd3EroI/sdists-v9/pypi/lightgbm/4.7.0/7lt84pBZReOOdD6o/src/external_libs/fmt/include/fmt/format.h(2594): warning #2417-D: constexpr constructor calls non-constexpr function "fmt::v11::basic_memory_buffer<T, SIZE, Allocator>::basic_memory_buffer(const Allocator &) [with T=fmt::v11::detail::bigint::bigit, SIZE=32UL, Allocator=fmt::v11::detail::allocator<fmt::v11::detail::bigint::bigit>]"
DEBUG     constexpr bigint() : exp_(0) {}
DEBUG                                  ^
DEBUG 
DEBUG /tmp/.tmpd3EroI/sdists-v9/pypi/lightgbm/4.7.0/7lt84pBZReOOdD6o/src/external_libs/fmt/include/fmt/base.h(472): warning #128-D: loop is not reachable
DEBUG     for (; n != 0; ++s1, ++s2, --n) {
DEBUG     ^
DEBUG           detected during:
DEBUG             instantiation of "auto fmt::v11::detail::compare(const Char *, const Char *, std::size_t)->int [with Char=char]" at line 591
DEBUG             instantiation of "auto fmt::v11::basic_string_view<Char>::compare(fmt::v11::basic_string_view<Char>) const->int [with Char=char]" at line 598
DEBUG             instantiation of class "fmt::v11::basic_string_view<Char> [with Char=char]" at line 2612
DEBUG             instantiation of "auto fmt::v11::basic_format_args<Context>::get_id(fmt::v11::basic_string_view<Char>) const->int [with Context=fmt::v11::context, Char=char]" at line 2655
DEBUG 
DEBUG Remark: The warnings can be suppressed with "-diag-suppress <warning-number>"
DEBUG 
DEBUG /tmp/.tmpd3EroI/sdists-v9/pypi/lightgbm/4.7.0/7lt84pBZReOOdD6o/src/external_libs/fmt/include/fmt/format.h(2594): warning #2417-D: constexpr constructor calls non-constexpr function "fmt::v11::basic_memory_buffer<T, SIZE, Allocator>::basic_memory_buffer(const Allocator &) [with T=fmt::v11::detail::bigint::bigit, SIZE=32UL, Allocator=fmt::v11::detail::allocator<fmt::v11::detail::bigint::bigit>]"
DEBUG     constexpr bigint() : exp_(0) {}
DEBUG                                  ^
DEBUG 
DEBUG /tmp/.tmpd3EroI/sdists-v9/pypi/lightgbm/4.7.0/7lt84pBZReOOdD6o/src/external_libs/fmt/include/fmt/base.h(472): warning #128-D: loop is not reachable
DEBUG     for (; n != 0; ++s1, ++s2, --n) {
DEBUG     ^
DEBUG           detected during:
DEBUG             instantiation of "auto fmt::v11::detail::compare(const Char *, const Char *, std::size_t)->int [with Char=char]" at line 591
DEBUG             instantiation of "auto fmt::v11::basic_string_view<Char>::compare(fmt::v11::basic_string_view<Char>) const->int [with Char=char]" at line 598
DEBUG             instantiation of class "fmt::v11::basic_string_view<Char> [with Char=char]" at line 2612
DEBUG             instantiation of "auto fmt::v11::basic_format_args<Context>::get_id(fmt::v11::basic_string_view<Char>) const->int [with Context=fmt::v11::context, Char=char]" at line 2655
DEBUG 
DEBUG Remark: The warnings can be suppressed with "-diag-suppress <warning-number>"
DEBUG 
DEBUG /tmp/.tmpd3EroI/sdists-v9/pypi/lightgbm/4.7.0/7lt84pBZReOOdD6o/src/external_libs/fmt/include/fmt/format.h(2594): warning #2417-D: constexpr constructor calls non-constexpr function "fmt::v11::basic_memory_buffer<T, SIZE, Allocator>::basic_memory_buffer(const Allocator &) [with T=fmt::v11::detail::bigint::bigit, SIZE=32UL, Allocator=fmt::v11::detail::allocator<fmt::v11::detail::bigint::bigit>]"
DEBUG     constexpr bigint() : exp_(0) {}
DEBUG                                  ^
DEBUG 
DEBUG /tmp/.tmpd3EroI/sdists-v9/pypi/lightgbm/4.7.0/7lt84pBZReOOdD6o/src/external_libs/fmt/include/fmt/base.h(472): warning #128-D: loop is not reachable
DEBUG     for (; n != 0; ++s1, ++s2, --n) {
DEBUG     ^
DEBUG           detected during:
DEBUG             instantiation of "auto fmt::v11::detail::compare(const Char *, const Char *, std::size_t)->int [with Char=char]" at line 591
DEBUG             instantiation of "auto fmt::v11::basic_string_view<Char>::compare(fmt::v11::basic_string_view<Char>) const->int [with Char=char]" at line 598
DEBUG             instantiation of class "fmt::v11::basic_string_view<Char> [with Char=char]" at line 2612
DEBUG             instantiation of "auto fmt::v11::basic_format_args<Context>::get_id(fmt::v11::basic_string_view<Char>) const->int [with Context=fmt::v11::context, Char=char]" at line 2655
DEBUG 
DEBUG Remark: The warnings can be suppressed with "-diag-suppress <warning-number>"
DEBUG 
DEBUG /tmp/.tmpd3EroI/sdists-v9/pypi/lightgbm/4.7.0/7lt84pBZReOOdD6o/src/external_libs/fmt/include/fmt/format.h(2594): warning #2417-D: constexpr constructor calls non-constexpr function "fmt::v11::basic_memory_buffer<T, SIZE, Allocator>::basic_memory_buffer(const Allocator &) [with T=fmt::v11::detail::bigint::bigit, SIZE=32UL, Allocator=fmt::v11::detail::allocator<fmt::v11::detail::bigint::bigit>]"
DEBUG     constexpr bigint() : exp_(0) {}
DEBUG                                  ^
DEBUG 
DEBUG /tmp/.tmpd3EroI/sdists-v9/pypi/lightgbm/4.7.0/7lt84pBZReOOdD6o/src/external_libs/fmt/include/fmt/base.h(472): warning #128-D: loop is not reachable
DEBUG     for (; n != 0; ++s1, ++s2, --n) {
DEBUG     ^
DEBUG           detected during:
DEBUG             instantiation of "auto fmt::v11::detail::compare(const Char *, const Char *, std::size_t)->int [with Char=char]" at line 591
DEBUG             instantiation of "auto fmt::v11::basic_string_view<Char>::compare(fmt::v11::basic_string_view<Char>) const->int [with Char=char]" at line 598
DEBUG             instantiation of class "fmt::v11::basic_string_view<Char> [with Char=char]" at line 2612
DEBUG             instantiation of "auto fmt::v11::basic_format_args<Context>::get_id(fmt::v11::basic_string_view<Char>) const->int [with Context=fmt::v11::context, Char=char]" at line 2655
DEBUG 
DEBUG Remark: The warnings can be suppressed with "-diag-suppress <warning-number>"
DEBUG 
DEBUG /tmp/.tmpd3EroI/sdists-v9/pypi/lightgbm/4.7.0/7lt84pBZReOOdD6o/src/external_libs/fmt/include/fmt/format.h(2594): warning #2417-D: constexpr constructor calls non-constexpr function "fmt::v11::basic_memory_buffer<T, SIZE, Allocator>::basic_memory_buffer(const Allocator &) [with T=fmt::v11::detail::bigint::bigit, SIZE=32UL, Allocator=fmt::v11::detail::allocator<fmt::v11::detail::bigint::bigit>]"
DEBUG     constexpr bigint() : exp_(0) {}
DEBUG                                  ^
DEBUG 
DEBUG /tmp/.tmpd3EroI/sdists-v9/pypi/lightgbm/4.7.0/7lt84pBZReOOdD6o/src/external_libs/fmt/include/fmt/base.h(472): warning #128-D: loop is not reachable
DEBUG     for (; n != 0; ++s1, ++s2, --n) {
DEBUG     ^
DEBUG           detected during:
DEBUG             instantiation of "auto fmt::v11::detail::compare(const Char *, const Char *, std::size_t)->int [with Char=char]" at line 591
DEBUG             instantiation of "auto fmt::v11::basic_string_view<Char>::compare(fmt::v11::basic_string_view<Char>) const->int [with Char=char]" at line 598
DEBUG             instantiation of class "fmt::v11::basic_string_view<Char> [with Char=char]" at line 2612
DEBUG             instantiation of "auto fmt::v11::basic_format_args<Context>::get_id(fmt::v11::basic_string_view<Char>) const->int [with Context=fmt::v11::context, Char=char]" at line 2655
DEBUG 
DEBUG Remark: The warnings can be suppressed with "-diag-suppress <warning-number>"
DEBUG 
DEBUG /tmp/.tmpd3EroI/sdists-v9/pypi/lightgbm/4.7.0/7lt84pBZReOOdD6o/src/external_libs/fmt/include/fmt/format.h(2594): warning #2417-D: constexpr constructor calls non-constexpr function "fmt::v11::basic_memory_buffer<T, SIZE, Allocator>::basic_memory_buffer(const Allocator &) [with T=fmt::v11::detail::bigint::bigit, SIZE=32UL, Allocator=fmt::v11::detail::allocator<fmt::v11::detail::bigint::bigit>]"
DEBUG     constexpr bigint() : exp_(0) {}
DEBUG                                  ^
DEBUG 
DEBUG [64/76] Building CUDA object CMakeFiles/lightgbm_objs.dir/src/metric/cuda/cuda_pointwise_metric.cu.o
DEBUG nvcc warning : Support for offline compilation for architectures prior to '<compute/sm/lto>_75' will be removed in a future release (Use -Wno-deprecated-gpu-targets to suppress warning).
DEBUG /tmp/.tmpd3EroI/sdists-v9/pypi/lightgbm/4.7.0/7lt84pBZReOOdD6o/src/external_libs/fmt/include/fmt/base.h(472): warning #128-D: loop is not reachable
DEBUG     for (; n != 0; ++s1, ++s2, --n) {
DEBUG     ^
DEBUG           detected during:
DEBUG             instantiation of "auto fmt::v11::detail::compare(const Char *, const Char *, std::size_t)->int [with Char=char]" at line 591
DEBUG             instantiation of "auto fmt::v11::basic_string_view<Char>::compare(fmt::v11::basic_string_view<Char>) const->int [with Char=char]" at line 598
DEBUG             instantiation of class "fmt::v11::basic_string_view<Char> [with Char=char]" at line 2612
DEBUG             instantiation of "auto fmt::v11::basic_format_args<Context>::get_id(fmt::v11::basic_string_view<Char>) const->int [with Context=fmt::v11::context, Char=char]" at line 2655
DEBUG 
DEBUG Remark: The warnings can be suppressed with "-diag-suppress <warning-number>"
DEBUG 
DEBUG /tmp/.tmpd3EroI/sdists-v9/pypi/lightgbm/4.7.0/7lt84pBZReOOdD6o/src/external_libs/fmt/include/fmt/format.h(2594): warning #2417-D: constexpr constructor calls non-constexpr function "fmt::v11::basic_memory_buffer<T, SIZE, Allocator>::basic_memory_buffer(const Allocator &) [with T=fmt::v11::detail::bigint::bigit, SIZE=32UL, Allocator=fmt::v11::detail::allocator<fmt::v11::detail::bigint::bigit>]"
DEBUG     constexpr bigint() : exp_(0) {}
DEBUG                                  ^
DEBUG 
DEBUG /tmp/.tmpd3EroI/sdists-v9/pypi/lightgbm/4.7.0/7lt84pBZReOOdD6o/src/external_libs/fmt/include/fmt/base.h(472): warning #128-D: loop is not reachable
DEBUG     for (; n != 0; ++s1, ++s2, --n) {
DEBUG     ^
DEBUG           detected during:
DEBUG             instantiation of "auto fmt::v11::detail::compare(const Char *, const Char *, std::size_t)->int [with Char=char]" at line 591
DEBUG             instantiation of "auto fmt::v11::basic_string_view<Char>::compare(fmt::v11::basic_string_view<Char>) const->int [with Char=char]" at line 598
DEBUG             instantiation of class "fmt::v11::basic_string_view<Char> [with Char=char]" at line 2612
DEBUG             instantiation of "auto fmt::v11::basic_format_args<Context>::get_id(fmt::v11::basic_string_view<Char>) const->int [with Context=fmt::v11::context, Char=char]" at line 2655
DEBUG 
DEBUG Remark: The warnings can be suppressed with "-diag-suppress <warning-number>"
DEBUG 
DEBUG /tmp/.tmpd3EroI/sdists-v9/pypi/lightgbm/4.7.0/7lt84pBZReOOdD6o/src/external_libs/fmt/include/fmt/format.h(2594): warning #2417-D: constexpr constructor calls non-constexpr function "fmt::v11::basic_memory_buffer<T, SIZE, Allocator>::basic_memory_buffer(const Allocator &) [with T=fmt::v11::detail::bigint::bigit, SIZE=32UL, Allocator=fmt::v11::detail::allocator<fmt::v11::detail::bigint::bigit>]"
DEBUG     constexpr bigint() : exp_(0) {}
DEBUG                                  ^
DEBUG 
DEBUG /tmp/.tmpd3EroI/sdists-v9/pypi/lightgbm/4.7.0/7lt84pBZReOOdD6o/src/external_libs/fmt/include/fmt/base.h(472): warning #128-D: loop is not reachable
DEBUG     for (; n != 0; ++s1, ++s2, --n) {
DEBUG     ^
DEBUG           detected during:
DEBUG             instantiation of "auto fmt::v11::detail::compare(const Char *, const Char *, std::size_t)->int [with Char=char]" at line 591
DEBUG             instantiation of "auto fmt::v11::basic_string_view<Char>::compare(fmt::v11::basic_string_view<Char>) const->int [with Char=char]" at line 598
DEBUG             instantiation of class "fmt::v11::basic_string_view<Char> [with Char=char]" at line 2612
DEBUG             instantiation of "auto fmt::v11::basic_format_args<Context>::get_id(fmt::v11::basic_string_view<Char>) const->int [with Context=fmt::v11::context, Char=char]" at line 2655
DEBUG 
DEBUG Remark: The warnings can be suppressed with "-diag-suppress <warning-number>"
DEBUG 
DEBUG /tmp/.tmpd3EroI/sdists-v9/pypi/lightgbm/4.7.0/7lt84pBZReOOdD6o/src/external_libs/fmt/include/fmt/format.h(2594): warning #2417-D: constexpr constructor calls non-constexpr function "fmt::v11::basic_memory_buffer<T, SIZE, Allocator>::basic_memory_buffer(const Allocator &) [with T=fmt::v11::detail::bigint::bigit, SIZE=32UL, Allocator=fmt::v11::detail::allocator<fmt::v11::detail::bigint::bigit>]"
DEBUG     constexpr bigint() : exp_(0) {}
DEBUG                                  ^
DEBUG 
DEBUG /tmp/.tmpd3EroI/sdists-v9/pypi/lightgbm/4.7.0/7lt84pBZReOOdD6o/src/external_libs/fmt/include/fmt/base.h(472): warning #128-D: loop is not reachable
DEBUG     for (; n != 0; ++s1, ++s2, --n) {
DEBUG     ^
DEBUG           detected during:
DEBUG             instantiation of "auto fmt::v11::detail::compare(const Char *, const Char *, std::size_t)->int [with Char=char]" at line 591
DEBUG             instantiation of "auto fmt::v11::basic_string_view<Char>::compare(fmt::v11::basic_string_view<Char>) const->int [with Char=char]" at line 598
DEBUG             instantiation of class "fmt::v11::basic_string_view<Char> [with Char=char]" at line 2612
DEBUG             instantiation of "auto fmt::v11::basic_format_args<Context>::get_id(fmt::v11::basic_string_view<Char>) const->int [with Context=fmt::v11::context, Char=char]" at line 2655
DEBUG 
DEBUG Remark: The warnings can be suppressed with "-diag-suppress <warning-number>"
DEBUG 
DEBUG /tmp/.tmpd3EroI/sdists-v9/pypi/lightgbm/4.7.0/7lt84pBZReOOdD6o/src/external_libs/fmt/include/fmt/format.h(2594): warning #2417-D: constexpr constructor calls non-constexpr function "fmt::v11::basic_memory_buffer<T, SIZE, Allocator>::basic_memory_buffer(const Allocator &) [with T=fmt::v11::detail::bigint::bigit, SIZE=32UL, Allocator=fmt::v11::detail::allocator<fmt::v11::detail::bigint::bigit>]"
DEBUG     constexpr bigint() : exp_(0) {}
DEBUG                                  ^
DEBUG 
DEBUG /tmp/.tmpd3EroI/sdists-v9/pypi/lightgbm/4.7.0/7lt84pBZReOOdD6o/src/external_libs/fmt/include/fmt/base.h(472): warning #128-D: loop is not reachable
DEBUG     for (; n != 0; ++s1, ++s2, --n) {
DEBUG     ^
DEBUG           detected during:
DEBUG             instantiation of "auto fmt::v11::detail::compare(const Char *, const Char *, std::size_t)->int [with Char=char]" at line 591
DEBUG             instantiation of "auto fmt::v11::basic_string_view<Char>::compare(fmt::v11::basic_string_view<Char>) const->int [with Char=char]" at line 598
DEBUG             instantiation of class "fmt::v11::basic_string_view<Char> [with Char=char]" at line 2612
DEBUG             instantiation of "auto fmt::v11::basic_format_args<Context>::get_id(fmt::v11::basic_string_view<Char>) const->int [with Context=fmt::v11::context, Char=char]" at line 2655
DEBUG 
DEBUG Remark: The warnings can be suppressed with "-diag-suppress <warning-number>"
DEBUG 
DEBUG /tmp/.tmpd3EroI/sdists-v9/pypi/lightgbm/4.7.0/7lt84pBZReOOdD6o/src/external_libs/fmt/include/fmt/format.h(2594): warning #2417-D: constexpr constructor calls non-constexpr function "fmt::v11::basic_memory_buffer<T, SIZE, Allocator>::basic_memory_buffer(const Allocator &) [with T=fmt::v11::detail::bigint::bigit, SIZE=32UL, Allocator=fmt::v11::detail::allocator<fmt::v11::detail::bigint::bigit>]"
DEBUG     constexpr bigint() : exp_(0) {}
DEBUG                                  ^
DEBUG 
DEBUG /tmp/.tmpd3EroI/sdists-v9/pypi/lightgbm/4.7.0/7lt84pBZReOOdD6o/src/external_libs/fmt/include/fmt/base.h(472): warning #128-D: loop is not reachable
DEBUG     for (; n != 0; ++s1, ++s2, --n) {
DEBUG     ^
DEBUG           detected during:
DEBUG             instantiation of "auto fmt::v11::detail::compare(const Char *, const Char *, std::size_t)->int [with Char=char]" at line 591
DEBUG             instantiation of "auto fmt::v11::basic_string_view<Char>::compare(fmt::v11::basic_string_view<Char>) const->int [with Char=char]" at line 598
DEBUG             instantiation of class "fmt::v11::basic_string_view<Char> [with Char=char]" at line 2612
DEBUG             instantiation of "auto fmt::v11::basic_format_args<Context>::get_id(fmt::v11::basic_string_view<Char>) const->int [with Context=fmt::v11::context, Char=char]" at line 2655
DEBUG 
DEBUG Remark: The warnings can be suppressed with "-diag-suppress <warning-number>"
DEBUG 
DEBUG /tmp/.tmpd3EroI/sdists-v9/pypi/lightgbm/4.7.0/7lt84pBZReOOdD6o/src/external_libs/fmt/include/fmt/format.h(2594): warning #2417-D: constexpr constructor calls non-constexpr function "fmt::v11::basic_memory_buffer<T, SIZE, Allocator>::basic_memory_buffer(const Allocator &) [with T=fmt::v11::detail::bigint::bigit, SIZE=32UL, Allocator=fmt::v11::detail::allocator<fmt::v11::detail::bigint::bigit>]"
DEBUG     constexpr bigint() : exp_(0) {}
DEBUG                                  ^
DEBUG 
DEBUG /tmp/.tmpd3EroI/sdists-v9/pypi/lightgbm/4.7.0/7lt84pBZReOOdD6o/src/external_libs/fmt/include/fmt/base.h(472): warning #128-D: loop is not reachable
DEBUG     for (; n != 0; ++s1, ++s2, --n) {
DEBUG     ^
DEBUG           detected during:
DEBUG             instantiation of "auto fmt::v11::detail::compare(const Char *, const Char *, std::size_t)->int [with Char=char]" at line 591
DEBUG             instantiation of "auto fmt::v11::basic_string_view<Char>::compare(fmt::v11::basic_string_view<Char>) const->int [with Char=char]" at line 598
DEBUG             instantiation of class "fmt::v11::basic_string_view<Char> [with Char=char]" at line 2612
DEBUG             instantiation of "auto fmt::v11::basic_format_args<Context>::get_id(fmt::v11::basic_string_view<Char>) const->int [with Context=fmt::v11::context, Char=char]" at line 2655
DEBUG 
DEBUG Remark: The warnings can be suppressed with "-diag-suppress <warning-number>"
DEBUG 
DEBUG /tmp/.tmpd3EroI/sdists-v9/pypi/lightgbm/4.7.0/7lt84pBZReOOdD6o/src/external_libs/fmt/include/fmt/format.h(2594): warning #2417-D: constexpr constructor calls non-constexpr function "fmt::v11::basic_memory_buffer<T, SIZE, Allocator>::basic_memory_buffer(const Allocator &) [with T=fmt::v11::detail::bigint::bigit, SIZE=32UL, Allocator=fmt::v11::detail::allocator<fmt::v11::detail::bigint::bigit>]"
DEBUG     constexpr bigint() : exp_(0) {}
DEBUG                                  ^
DEBUG 
DEBUG /tmp/.tmpd3EroI/sdists-v9/pypi/lightgbm/4.7.0/7lt84pBZReOOdD6o/src/external_libs/fmt/include/fmt/base.h(472): warning #128-D: loop is not reachable
DEBUG     for (; n != 0; ++s1, ++s2, --n) {
DEBUG     ^
DEBUG           detected during:
DEBUG             instantiation of "auto fmt::v11::detail::compare(const Char *, const Char *, std::size_t)->int [with Char=char]" at line 591
DEBUG             instantiation of "auto fmt::v11::basic_string_view<Char>::compare(fmt::v11::basic_string_view<Char>) const->int [with Char=char]" at line 598
DEBUG             instantiation of class "fmt::v11::basic_string_view<Char> [with Char=char]" at line 2612
DEBUG             instantiation of "auto fmt::v11::basic_format_args<Context>::get_id(fmt::v11::basic_string_view<Char>) const->int [with Context=fmt::v11::context, Char=char]" at line 2655
DEBUG 
DEBUG Remark: The warnings can be suppressed with "-diag-suppress <warning-number>"
DEBUG 
DEBUG /tmp/.tmpd3EroI/sdists-v9/pypi/lightgbm/4.7.0/7lt84pBZReOOdD6o/src/external_libs/fmt/include/fmt/format.h(2594): warning #2417-D: constexpr constructor calls non-constexpr function "fmt::v11::basic_memory_buffer<T, SIZE, Allocator>::basic_memory_buffer(const Allocator &) [with T=fmt::v11::detail::bigint::bigit, SIZE=32UL, Allocator=fmt::v11::detail::allocator<fmt::v11::detail::bigint::bigit>]"
DEBUG     constexpr bigint() : exp_(0) {}
DEBUG                                  ^
DEBUG 
DEBUG /tmp/.tmpd3EroI/sdists-v9/pypi/lightgbm/4.7.0/7lt84pBZReOOdD6o/src/external_libs/fmt/include/fmt/base.h(472): warning #128-D: loop is not reachable
DEBUG     for (; n != 0; ++s1, ++s2, --n) {
DEBUG     ^
DEBUG           detected during:
DEBUG             instantiation of "auto fmt::v11::detail::compare(const Char *, const Char *, std::size_t)->int [with Char=char]" at line 591
DEBUG             instantiation of "auto fmt::v11::basic_string_view<Char>::compare(fmt::v11::basic_string_view<Char>) const->int [with Char=char]" at line 598
DEBUG             instantiation of class "fmt::v11::basic_string_view<Char> [with Char=char]" at line 2612
DEBUG             instantiation of "auto fmt::v11::basic_format_args<Context>::get_id(fmt::v11::basic_string_view<Char>) const->int [with Context=fmt::v11::context, Char=char]" at line 2655
DEBUG 
DEBUG Remark: The warnings can be suppressed with "-diag-suppress <warning-number>"
DEBUG 
DEBUG /tmp/.tmpd3EroI/sdists-v9/pypi/lightgbm/4.7.0/7lt84pBZReOOdD6o/src/external_libs/fmt/include/fmt/format.h(2594): warning #2417-D: constexpr constructor calls non-constexpr function "fmt::v11::basic_memory_buffer<T, SIZE, Allocator>::basic_memory_buffer(const Allocator &) [with T=fmt::v11::detail::bigint::bigit, SIZE=32UL, Allocator=fmt::v11::detail::allocator<fmt::v11::detail::bigint::bigit>]"
DEBUG     constexpr bigint() : exp_(0) {}
DEBUG                                  ^
DEBUG 
DEBUG /tmp/.tmpd3EroI/sdists-v9/pypi/lightgbm/4.7.0/7lt84pBZReOOdD6o/src/external_libs/fmt/include/fmt/base.h(472): warning #128-D: loop is not reachable
DEBUG     for (; n != 0; ++s1, ++s2, --n) {
DEBUG     ^
DEBUG           detected during:
DEBUG             instantiation of "auto fmt::v11::detail::compare(const Char *, const Char *, std::size_t)->int [with Char=char]" at line 591
DEBUG             instantiation of "auto fmt::v11::basic_string_view<Char>::compare(fmt::v11::basic_string_view<Char>) const->int [with Char=char]" at line 598
DEBUG             instantiation of class "fmt::v11::basic_string_view<Char> [with Char=char]" at line 2612
DEBUG             instantiation of "auto fmt::v11::basic_format_args<Context>::get_id(fmt::v11::basic_string_view<Char>) const->int [with Context=fmt::v11::context, Char=char]" at line 2655
DEBUG 
DEBUG Remark: The warnings can be suppressed with "-diag-suppress <warning-number>"
DEBUG 
DEBUG /tmp/.tmpd3EroI/sdists-v9/pypi/lightgbm/4.7.0/7lt84pBZReOOdD6o/src/external_libs/fmt/include/fmt/format.h(2594): warning #2417-D: constexpr constructor calls non-constexpr function "fmt::v11::basic_memory_buffer<T, SIZE, Allocator>::basic_memory_buffer(const Allocator &) [with T=fmt::v11::detail::bigint::bigit, SIZE=32UL, Allocator=fmt::v11::detail::allocator<fmt::v11::detail::bigint::bigit>]"
DEBUG     constexpr bigint() : exp_(0) {}
DEBUG                                  ^
DEBUG 
DEBUG [65/76] Building CUDA object CMakeFiles/lightgbm_objs.dir/src/objective/cuda/cuda_regression_objective.cu.o
DEBUG nvcc warning : Support for offline compilation for architectures prior to '<compute/sm/lto>_75' will be removed in a future release (Use -Wno-deprecated-gpu-targets to suppress warning).
DEBUG /tmp/.tmpd3EroI/sdists-v9/pypi/lightgbm/4.7.0/7lt84pBZReOOdD6o/src/external_libs/fmt/include/fmt/base.h(472): warning #128-D: loop is not reachable
DEBUG     for (; n != 0; ++s1, ++s2, --n) {
DEBUG     ^
DEBUG           detected during:
DEBUG             instantiation of "auto fmt::v11::detail::compare(const Char *, const Char *, std::size_t)->int [with Char=char]" at line 591
DEBUG             instantiation of "auto fmt::v11::basic_string_view<Char>::compare(fmt::v11::basic_string_view<Char>) const->int [with Char=char]" at line 598
DEBUG             instantiation of class "fmt::v11::basic_string_view<Char> [with Char=char]" at line 2612
DEBUG             instantiation of "auto fmt::v11::basic_format_args<Context>::get_id(fmt::v11::basic_string_view<Char>) const->int [with Context=fmt::v11::context, Char=char]" at line 2655
DEBUG 
DEBUG Remark: The warnings can be suppressed with "-diag-suppress <warning-number>"
DEBUG 
DEBUG /tmp/.tmpd3EroI/sdists-v9/pypi/lightgbm/4.7.0/7lt84pBZReOOdD6o/src/external_libs/fmt/include/fmt/format.h(2594): warning #2417-D: constexpr constructor calls non-constexpr function "fmt::v11::basic_memory_buffer<T, SIZE, Allocator>::basic_memory_buffer(const Allocator &) [with T=fmt::v11::detail::bigint::bigit, SIZE=32UL, Allocator=fmt::v11::detail::allocator<fmt::v11::detail::bigint::bigit>]"
DEBUG     constexpr bigint() : exp_(0) {}
DEBUG                                  ^
DEBUG 
DEBUG /tmp/.tmpd3EroI/sdists-v9/pypi/lightgbm/4.7.0/7lt84pBZReOOdD6o/src/external_libs/fmt/include/fmt/base.h(472): warning #128-D: loop is not reachable
DEBUG     for (; n != 0; ++s1, ++s2, --n) {
DEBUG     ^
DEBUG           detected during:
DEBUG             instantiation of "auto fmt::v11::detail::compare(const Char *, const Char *, std::size_t)->int [with Char=char]" at line 591
DEBUG             instantiation of "auto fmt::v11::basic_string_view<Char>::compare(fmt::v11::basic_string_view<Char>) const->int [with Char=char]" at line 598
DEBUG             instantiation of class "fmt::v11::basic_string_view<Char> [with Char=char]" at line 2612
DEBUG             instantiation of "auto fmt::v11::basic_format_args<Context>::get_id(fmt::v11::basic_string_view<Char>) const->int [with Context=fmt::v11::context, Char=char]" at line 2655
DEBUG 
DEBUG Remark: The warnings can be suppressed with "-diag-suppress <warning-number>"
DEBUG 
DEBUG /tmp/.tmpd3EroI/sdists-v9/pypi/lightgbm/4.7.0/7lt84pBZReOOdD6o/src/external_libs/fmt/include/fmt/format.h(2594): warning #2417-D: constexpr constructor calls non-constexpr function "fmt::v11::basic_memory_buffer<T, SIZE, Allocator>::basic_memory_buffer(const Allocator &) [with T=fmt::v11::detail::bigint::bigit, SIZE=32UL, Allocator=fmt::v11::detail::allocator<fmt::v11::detail::bigint::bigit>]"
DEBUG     constexpr bigint() : exp_(0) {}
DEBUG                                  ^
DEBUG 
DEBUG /tmp/.tmpd3EroI/sdists-v9/pypi/lightgbm/4.7.0/7lt84pBZReOOdD6o/src/external_libs/fmt/include/fmt/base.h(472): warning #128-D: loop is not reachable
DEBUG     for (; n != 0; ++s1, ++s2, --n) {
DEBUG     ^
DEBUG           detected during:
DEBUG             instantiation of "auto fmt::v11::detail::compare(const Char *, const Char *, std::size_t)->int [with Char=char]" at line 591
DEBUG             instantiation of "auto fmt::v11::basic_string_view<Char>::compare(fmt::v11::basic_string_view<Char>) const->int [with Char=char]" at line 598
DEBUG             instantiation of class "fmt::v11::basic_string_view<Char> [with Char=char]" at line 2612
DEBUG             instantiation of "auto fmt::v11::basic_format_args<Context>::get_id(fmt::v11::basic_string_view<Char>) const->int [with Context=fmt::v11::context, Char=char]" at line 2655
DEBUG 
DEBUG Remark: The warnings can be suppressed with "-diag-suppress <warning-number>"
DEBUG 
DEBUG /tmp/.tmpd3EroI/sdists-v9/pypi/lightgbm/4.7.0/7lt84pBZReOOdD6o/src/external_libs/fmt/include/fmt/format.h(2594): warning #2417-D: constexpr constructor calls non-constexpr function "fmt::v11::basic_memory_buffer<T, SIZE, Allocator>::basic_memory_buffer(const Allocator &) [with T=fmt::v11::detail::bigint::bigit, SIZE=32UL, Allocator=fmt::v11::detail::allocator<fmt::v11::detail::bigint::bigit>]"
DEBUG     constexpr bigint() : exp_(0) {}
DEBUG                                  ^
DEBUG 
DEBUG /tmp/.tmpd3EroI/sdists-v9/pypi/lightgbm/4.7.0/7lt84pBZReOOdD6o/src/external_libs/fmt/include/fmt/base.h(472): warning #128-D: loop is not reachable
DEBUG     for (; n != 0; ++s1, ++s2, --n) {
DEBUG     ^
DEBUG           detected during:
DEBUG             instantiation of "auto fmt::v11::detail::compare(const Char *, const Char *, std::size_t)->int [with Char=char]" at line 591
DEBUG             instantiation of "auto fmt::v11::basic_string_view<Char>::compare(fmt::v11::basic_string_view<Char>) const->int [with Char=char]" at line 598
DEBUG             instantiation of class "fmt::v11::basic_string_view<Char> [with Char=char]" at line 2612
DEBUG             instantiation of "auto fmt::v11::basic_format_args<Context>::get_id(fmt::v11::basic_string_view<Char>) const->int [with Context=fmt::v11::context, Char=char]" at line 2655
DEBUG 
DEBUG Remark: The warnings can be suppressed with "-diag-suppress <warning-number>"
DEBUG 
DEBUG /tmp/.tmpd3EroI/sdists-v9/pypi/lightgbm/4.7.0/7lt84pBZReOOdD6o/src/external_libs/fmt/include/fmt/format.h(2594): warning #2417-D: constexpr constructor calls non-constexpr function "fmt::v11::basic_memory_buffer<T, SIZE, Allocator>::basic_memory_buffer(const Allocator &) [with T=fmt::v11::detail::bigint::bigit, SIZE=32UL, Allocator=fmt::v11::detail::allocator<fmt::v11::detail::bigint::bigit>]"
DEBUG     constexpr bigint() : exp_(0) {}
DEBUG                                  ^
DEBUG 
DEBUG /tmp/.tmpd3EroI/sdists-v9/pypi/lightgbm/4.7.0/7lt84pBZReOOdD6o/src/external_libs/fmt/include/fmt/base.h(472): warning #128-D: loop is not reachable
DEBUG     for (; n != 0; ++s1, ++s2, --n) {
DEBUG     ^
DEBUG           detected during:
DEBUG             instantiation of "auto fmt::v11::detail::compare(const Char *, const Char *, std::size_t)->int [with Char=char]" at line 591
DEBUG             instantiation of "auto fmt::v11::basic_string_view<Char>::compare(fmt::v11::basic_string_view<Char>) const->int [with Char=char]" at line 598
DEBUG             instantiation of class "fmt::v11::basic_string_view<Char> [with Char=char]" at line 2612
DEBUG             instantiation of "auto fmt::v11::basic_format_args<Context>::get_id(fmt::v11::basic_string_view<Char>) const->int [with Context=fmt::v11::context, Char=char]" at line 2655
DEBUG 
DEBUG Remark: The warnings can be suppressed with "-diag-suppress <warning-number>"
DEBUG 
DEBUG /tmp/.tmpd3EroI/sdists-v9/pypi/lightgbm/4.7.0/7lt84pBZReOOdD6o/src/external_libs/fmt/include/fmt/format.h(2594): warning #2417-D: constexpr constructor calls non-constexpr function "fmt::v11::basic_memory_buffer<T, SIZE, Allocator>::basic_memory_buffer(const Allocator &) [with T=fmt::v11::detail::bigint::bigit, SIZE=32UL, Allocator=fmt::v11::detail::allocator<fmt::v11::detail::bigint::bigit>]"
DEBUG     constexpr bigint() : exp_(0) {}
DEBUG                                  ^
DEBUG 
DEBUG /tmp/.tmpd3EroI/sdists-v9/pypi/lightgbm/4.7.0/7lt84pBZReOOdD6o/src/external_libs/fmt/include/fmt/base.h(472): warning #128-D: loop is not reachable
DEBUG     for (; n != 0; ++s1, ++s2, --n) {
DEBUG     ^
DEBUG           detected during:
DEBUG             instantiation of "auto fmt::v11::detail::compare(const Char *, const Char *, std::size_t)->int [with Char=char]" at line 591
DEBUG             instantiation of "auto fmt::v11::basic_string_view<Char>::compare(fmt::v11::basic_string_view<Char>) const->int [with Char=char]" at line 598
DEBUG             instantiation of class "fmt::v11::basic_string_view<Char> [with Char=char]" at line 2612
DEBUG             instantiation of "auto fmt::v11::basic_format_args<Context>::get_id(fmt::v11::basic_string_view<Char>) const->int [with Context=fmt::v11::context, Char=char]" at line 2655
DEBUG 
DEBUG Remark: The warnings can be suppressed with "-diag-suppress <warning-number>"
DEBUG 
DEBUG /tmp/.tmpd3EroI/sdists-v9/pypi/lightgbm/4.7.0/7lt84pBZReOOdD6o/src/external_libs/fmt/include/fmt/format.h(2594): warning #2417-D: constexpr constructor calls non-constexpr function "fmt::v11::basic_memory_buffer<T, SIZE, Allocator>::basic_memory_buffer(const Allocator &) [with T=fmt::v11::detail::bigint::bigit, SIZE=32UL, Allocator=fmt::v11::detail::allocator<fmt::v11::detail::bigint::bigit>]"
DEBUG     constexpr bigint() : exp_(0) {}
DEBUG                                  ^
DEBUG 
DEBUG /tmp/.tmpd3EroI/sdists-v9/pypi/lightgbm/4.7.0/7lt84pBZReOOdD6o/src/external_libs/fmt/include/fmt/base.h(472): warning #128-D: loop is not reachable
DEBUG     for (; n != 0; ++s1, ++s2, --n) {
DEBUG     ^
DEBUG           detected during:
DEBUG             instantiation of "auto fmt::v11::detail::compare(const Char *, const Char *, std::size_t)->int [with Char=char]" at line 591
DEBUG             instantiation of "auto fmt::v11::basic_string_view<Char>::compare(fmt::v11::basic_string_view<Char>) const->int [with Char=char]" at line 598
DEBUG             instantiation of class "fmt::v11::basic_string_view<Char> [with Char=char]" at line 2612
DEBUG             instantiation of "auto fmt::v11::basic_format_args<Context>::get_id(fmt::v11::basic_string_view<Char>) const->int [with Context=fmt::v11::context, Char=char]" at line 2655
DEBUG 
DEBUG Remark: The warnings can be suppressed with "-diag-suppress <warning-number>"
DEBUG 
DEBUG /tmp/.tmpd3EroI/sdists-v9/pypi/lightgbm/4.7.0/7lt84pBZReOOdD6o/src/external_libs/fmt/include/fmt/format.h(2594): warning #2417-D: constexpr constructor calls non-constexpr function "fmt::v11::basic_memory_buffer<T, SIZE, Allocator>::basic_memory_buffer(const Allocator &) [with T=fmt::v11::detail::bigint::bigit, SIZE=32UL, Allocator=fmt::v11::detail::allocator<fmt::v11::detail::bigint::bigit>]"
DEBUG     constexpr bigint() : exp_(0) {}
DEBUG                                  ^
DEBUG 
DEBUG /tmp/.tmpd3EroI/sdists-v9/pypi/lightgbm/4.7.0/7lt84pBZReOOdD6o/src/external_libs/fmt/include/fmt/base.h(472): warning #128-D: loop is not reachable
DEBUG     for (; n != 0; ++s1, ++s2, --n) {
DEBUG     ^
DEBUG           detected during:
DEBUG             instantiation of "auto fmt::v11::detail::compare(const Char *, const Char *, std::size_t)->int [with Char=char]" at line 591
DEBUG             instantiation of "auto fmt::v11::basic_string_view<Char>::compare(fmt::v11::basic_string_view<Char>) const->int [with Char=char]" at line 598
DEBUG             instantiation of class "fmt::v11::basic_string_view<Char> [with Char=char]" at line 2612
DEBUG             instantiation of "auto fmt::v11::basic_format_args<Context>::get_id(fmt::v11::basic_string_view<Char>) const->int [with Context=fmt::v11::context, Char=char]" at line 2655
DEBUG 
DEBUG Remark: The warnings can be suppressed with "-diag-suppress <warning-number>"
DEBUG 
DEBUG /tmp/.tmpd3EroI/sdists-v9/pypi/lightgbm/4.7.0/7lt84pBZReOOdD6o/src/external_libs/fmt/include/fmt/format.h(2594): warning #2417-D: constexpr constructor calls non-constexpr function "fmt::v11::basic_memory_buffer<T, SIZE, Allocator>::basic_memory_buffer(const Allocator &) [with T=fmt::v11::detail::bigint::bigit, SIZE=32UL, Allocator=fmt::v11::detail::allocator<fmt::v11::detail::bigint::bigit>]"
DEBUG     constexpr bigint() : exp_(0) {}
DEBUG                                  ^
DEBUG 
DEBUG /tmp/.tmpd3EroI/sdists-v9/pypi/lightgbm/4.7.0/7lt84pBZReOOdD6o/src/external_libs/fmt/include/fmt/base.h(472): warning #128-D: loop is not reachable
DEBUG     for (; n != 0; ++s1, ++s2, --n) {
DEBUG     ^
DEBUG           detected during:
DEBUG             instantiation of "auto fmt::v11::detail::compare(const Char *, const Char *, std::size_t)->int [with Char=char]" at line 591
DEBUG             instantiation of "auto fmt::v11::basic_string_view<Char>::compare(fmt::v11::basic_string_view<Char>) const->int [with Char=char]" at line 598
DEBUG             instantiation of class "fmt::v11::basic_string_view<Char> [with Char=char]" at line 2612
DEBUG             instantiation of "auto fmt::v11::basic_format_args<Context>::get_id(fmt::v11::basic_string_view<Char>) const->int [with Context=fmt::v11::context, Char=char]" at line 2655
DEBUG 
DEBUG Remark: The warnings can be suppressed with "-diag-suppress <warning-number>"
DEBUG 
DEBUG /tmp/.tmpd3EroI/sdists-v9/pypi/lightgbm/4.7.0/7lt84pBZReOOdD6o/src/external_libs/fmt/include/fmt/format.h(2594): warning #2417-D: constexpr constructor calls non-constexpr function "fmt::v11::basic_memory_buffer<T, SIZE, Allocator>::basic_memory_buffer(const Allocator &) [with T=fmt::v11::detail::bigint::bigit, SIZE=32UL, Allocator=fmt::v11::detail::allocator<fmt::v11::detail::bigint::bigit>]"
DEBUG     constexpr bigint() : exp_(0) {}
DEBUG                                  ^
DEBUG 
DEBUG /tmp/.tmpd3EroI/sdists-v9/pypi/lightgbm/4.7.0/7lt84pBZReOOdD6o/src/external_libs/fmt/include/fmt/base.h(472): warning #128-D: loop is not reachable
DEBUG     for (; n != 0; ++s1, ++s2, --n) {
DEBUG     ^
DEBUG           detected during:
DEBUG             instantiation of "auto fmt::v11::detail::compare(const Char *, const Char *, std::size_t)->int [with Char=char]" at line 591
DEBUG             instantiation of "auto fmt::v11::basic_string_view<Char>::compare(fmt::v11::basic_string_view<Char>) const->int [with Char=char]" at line 598
DEBUG             instantiation of class "fmt::v11::basic_string_view<Char> [with Char=char]" at line 2612
DEBUG             instantiation of "auto fmt::v11::basic_format_args<Context>::get_id(fmt::v11::basic_string_view<Char>) const->int [with Context=fmt::v11::context, Char=char]" at line 2655
DEBUG 
DEBUG Remark: The warnings can be suppressed with "-diag-suppress <warning-number>"
DEBUG 
DEBUG /tmp/.tmpd3EroI/sdists-v9/pypi/lightgbm/4.7.0/7lt84pBZReOOdD6o/src/external_libs/fmt/include/fmt/format.h(2594): warning #2417-D: constexpr constructor calls non-constexpr function "fmt::v11::basic_memory_buffer<T, SIZE, Allocator>::basic_memory_buffer(const Allocator &) [with T=fmt::v11::detail::bigint::bigit, SIZE=32UL, Allocator=fmt::v11::detail::allocator<fmt::v11::detail::bigint::bigit>]"
DEBUG     constexpr bigint() : exp_(0) {}
DEBUG                                  ^
DEBUG 
DEBUG [66/76] Building CXX object CMakeFiles/lightgbm_objs.dir/src/treelearner/feature_histogram.cpp.o
DEBUG [67/76] Building CXX object CMakeFiles/lightgbm_objs.dir/src/treelearner/voting_parallel_tree_learner.cpp.o
DEBUG [68/76] Building CXX object CMakeFiles/lightgbm_objs.dir/src/treelearner/serial_tree_learner.cpp.o
DEBUG [69/76] Building CUDA object CMakeFiles/lightgbm_objs.dir/src/objective/cuda/cuda_rank_objective.cu.o
DEBUG nvcc warning : Support for offline compilation for architectures prior to '<compute/sm/lto>_75' will be removed in a future release (Use -Wno-deprecated-gpu-targets to suppress warning).
DEBUG /tmp/.tmpd3EroI/sdists-v9/pypi/lightgbm/4.7.0/7lt84pBZReOOdD6o/src/external_libs/fmt/include/fmt/base.h(472): warning #128-D: loop is not reachable
DEBUG     for (; n != 0; ++s1, ++s2, --n) {
DEBUG     ^
DEBUG           detected during:
DEBUG             instantiation of "auto fmt::v11::detail::compare(const Char *, const Char *, std::size_t)->int [with Char=char]" at line 591
DEBUG             instantiation of "auto fmt::v11::basic_string_view<Char>::compare(fmt::v11::basic_string_view<Char>) const->int [with Char=char]" at line 598
DEBUG             instantiation of class "fmt::v11::basic_string_view<Char> [with Char=char]" at line 2612
DEBUG             instantiation of "auto fmt::v11::basic_format_args<Context>::get_id(fmt::v11::basic_string_view<Char>) const->int [with Context=fmt::v11::context, Char=char]" at line 2655
DEBUG 
DEBUG Remark: The warnings can be suppressed with "-diag-suppress <warning-number>"
DEBUG 
DEBUG /tmp/.tmpd3EroI/sdists-v9/pypi/lightgbm/4.7.0/7lt84pBZReOOdD6o/src/external_libs/fmt/include/fmt/format.h(2594): warning #2417-D: constexpr constructor calls non-constexpr function "fmt::v11::basic_memory_buffer<T, SIZE, Allocator>::basic_memory_buffer(const Allocator &) [with T=fmt::v11::detail::bigint::bigit, SIZE=32UL, Allocator=fmt::v11::detail::allocator<fmt::v11::detail::bigint::bigit>]"
DEBUG     constexpr bigint() : exp_(0) {}
DEBUG                                  ^
DEBUG 
DEBUG /tmp/.tmpd3EroI/sdists-v9/pypi/lightgbm/4.7.0/7lt84pBZReOOdD6o/src/external_libs/fmt/include/fmt/base.h(472): warning #128-D: loop is not reachable
DEBUG     for (; n != 0; ++s1, ++s2, --n) {
DEBUG     ^
DEBUG           detected during:
DEBUG             instantiation of "auto fmt::v11::detail::compare(const Char *, const Char *, std::size_t)->int [with Char=char]" at line 591
DEBUG             instantiation of "auto fmt::v11::basic_string_view<Char>::compare(fmt::v11::basic_string_view<Char>) const->int [with Char=char]" at line 598
DEBUG             instantiation of class "fmt::v11::basic_string_view<Char> [with Char=char]" at line 2612
DEBUG             instantiation of "auto fmt::v11::basic_format_args<Context>::get_id(fmt::v11::basic_string_view<Char>) const->int [with Context=fmt::v11::context, Char=char]" at line 2655
DEBUG 
DEBUG Remark: The warnings can be suppressed with "-diag-suppress <warning-number>"
DEBUG 
DEBUG /tmp/.tmpd3EroI/sdists-v9/pypi/lightgbm/4.7.0/7lt84pBZReOOdD6o/src/external_libs/fmt/include/fmt/format.h(2594): warning #2417-D: constexpr constructor calls non-constexpr function "fmt::v11::basic_memory_buffer<T, SIZE, Allocator>::basic_memory_buffer(const Allocator &) [with T=fmt::v11::detail::bigint::bigit, SIZE=32UL, Allocator=fmt::v11::detail::allocator<fmt::v11::detail::bigint::bigit>]"
DEBUG     constexpr bigint() : exp_(0) {}
DEBUG                                  ^
DEBUG 
DEBUG /tmp/.tmpd3EroI/sdists-v9/pypi/lightgbm/4.7.0/7lt84pBZReOOdD6o/src/external_libs/fmt/include/fmt/base.h(472): warning #128-D: loop is not reachable
DEBUG     for (; n != 0; ++s1, ++s2, --n) {
DEBUG     ^
DEBUG           detected during:
DEBUG             instantiation of "auto fmt::v11::detail::compare(const Char *, const Char *, std::size_t)->int [with Char=char]" at line 591
DEBUG             instantiation of "auto fmt::v11::basic_string_view<Char>::compare(fmt::v11::basic_string_view<Char>) const->int [with Char=char]" at line 598
DEBUG             instantiation of class "fmt::v11::basic_string_view<Char> [with Char=char]" at line 2612
DEBUG             instantiation of "auto fmt::v11::basic_format_args<Context>::get_id(fmt::v11::basic_string_view<Char>) const->int [with Context=fmt::v11::context, Char=char]" at line 2655
DEBUG 
DEBUG Remark: The warnings can be suppressed with "-diag-suppress <warning-number>"
DEBUG 
DEBUG /tmp/.tmpd3EroI/sdists-v9/pypi/lightgbm/4.7.0/7lt84pBZReOOdD6o/src/external_libs/fmt/include/fmt/format.h(2594): warning #2417-D: constexpr constructor calls non-constexpr function "fmt::v11::basic_memory_buffer<T, SIZE, Allocator>::basic_memory_buffer(const Allocator &) [with T=fmt::v11::detail::bigint::bigit, SIZE=32UL, Allocator=fmt::v11::detail::allocator<fmt::v11::detail::bigint::bigit>]"
DEBUG     constexpr bigint() : exp_(0) {}
DEBUG                                  ^
DEBUG 
DEBUG /tmp/.tmpd3EroI/sdists-v9/pypi/lightgbm/4.7.0/7lt84pBZReOOdD6o/src/external_libs/fmt/include/fmt/base.h(472): warning #128-D: loop is not reachable
DEBUG     for (; n != 0; ++s1, ++s2, --n) {
DEBUG     ^
DEBUG           detected during:
DEBUG             instantiation of "auto fmt::v11::detail::compare(const Char *, const Char *, std::size_t)->int [with Char=char]" at line 591
DEBUG             instantiation of "auto fmt::v11::basic_string_view<Char>::compare(fmt::v11::basic_string_view<Char>) const->int [with Char=char]" at line 598
DEBUG             instantiation of class "fmt::v11::basic_string_view<Char> [with Char=char]" at line 2612
DEBUG             instantiation of "auto fmt::v11::basic_format_args<Context>::get_id(fmt::v11::basic_string_view<Char>) const->int [with Context=fmt::v11::context, Char=char]" at line 2655
DEBUG 
DEBUG Remark: The warnings can be suppressed with "-diag-suppress <warning-number>"
DEBUG 
DEBUG /tmp/.tmpd3EroI/sdists-v9/pypi/lightgbm/4.7.0/7lt84pBZReOOdD6o/src/external_libs/fmt/include/fmt/format.h(2594): warning #2417-D: constexpr constructor calls non-constexpr function "fmt::v11::basic_memory_buffer<T, SIZE, Allocator>::basic_memory_buffer(const Allocator &) [with T=fmt::v11::detail::bigint::bigit, SIZE=32UL, Allocator=fmt::v11::detail::allocator<fmt::v11::detail::bigint::bigit>]"
DEBUG     constexpr bigint() : exp_(0) {}
DEBUG                                  ^
DEBUG 
DEBUG /tmp/.tmpd3EroI/sdists-v9/pypi/lightgbm/4.7.0/7lt84pBZReOOdD6o/src/external_libs/fmt/include/fmt/base.h(472): warning #128-D: loop is not reachable
DEBUG     for (; n != 0; ++s1, ++s2, --n) {
DEBUG     ^
DEBUG           detected during:
DEBUG             instantiation of "auto fmt::v11::detail::compare(const Char *, const Char *, std::size_t)->int [with Char=char]" at line 591
DEBUG             instantiation of "auto fmt::v11::basic_string_view<Char>::compare(fmt::v11::basic_string_view<Char>) const->int [with Char=char]" at line 598
DEBUG             instantiation of class "fmt::v11::basic_string_view<Char> [with Char=char]" at line 2612
DEBUG             instantiation of "auto fmt::v11::basic_format_args<Context>::get_id(fmt::v11::basic_string_view<Char>) const->int [with Context=fmt::v11::context, Char=char]" at line 2655
DEBUG 
DEBUG Remark: The warnings can be suppressed with "-diag-suppress <warning-number>"
DEBUG 
DEBUG /tmp/.tmpd3EroI/sdists-v9/pypi/lightgbm/4.7.0/7lt84pBZReOOdD6o/src/external_libs/fmt/include/fmt/format.h(2594): warning #2417-D: constexpr constructor calls non-constexpr function "fmt::v11::basic_memory_buffer<T, SIZE, Allocator>::basic_memory_buffer(const Allocator &) [with T=fmt::v11::detail::bigint::bigit, SIZE=32UL, Allocator=fmt::v11::detail::allocator<fmt::v11::detail::bigint::bigit>]"
DEBUG     constexpr bigint() : exp_(0) {}
DEBUG                                  ^
DEBUG 
DEBUG /tmp/.tmpd3EroI/sdists-v9/pypi/lightgbm/4.7.0/7lt84pBZReOOdD6o/src/external_libs/fmt/include/fmt/base.h(472): warning #128-D: loop is not reachable
DEBUG     for (; n != 0; ++s1, ++s2, --n) {
DEBUG     ^
DEBUG           detected during:
DEBUG             instantiation of "auto fmt::v11::detail::compare(const Char *, const Char *, std::size_t)->int [with Char=char]" at line 591
DEBUG             instantiation of "auto fmt::v11::basic_string_view<Char>::compare(fmt::v11::basic_string_view<Char>) const->int [with Char=char]" at line 598
DEBUG             instantiation of class "fmt::v11::basic_string_view<Char> [with Char=char]" at line 2612
DEBUG             instantiation of "auto fmt::v11::basic_format_args<Context>::get_id(fmt::v11::basic_string_view<Char>) const->int [with Context=fmt::v11::context, Char=char]" at line 2655
DEBUG 
DEBUG Remark: The warnings can be suppressed with "-diag-suppress <warning-number>"
DEBUG 
DEBUG /tmp/.tmpd3EroI/sdists-v9/pypi/lightgbm/4.7.0/7lt84pBZReOOdD6o/src/external_libs/fmt/include/fmt/format.h(2594): warning #2417-D: constexpr constructor calls non-constexpr function "fmt::v11::basic_memory_buffer<T, SIZE, Allocator>::basic_memory_buffer(const Allocator &) [with T=fmt::v11::detail::bigint::bigit, SIZE=32UL, Allocator=fmt::v11::detail::allocator<fmt::v11::detail::bigint::bigit>]"
DEBUG     constexpr bigint() : exp_(0) {}
DEBUG                                  ^
DEBUG 
DEBUG /tmp/.tmpd3EroI/sdists-v9/pypi/lightgbm/4.7.0/7lt84pBZReOOdD6o/src/external_libs/fmt/include/fmt/base.h(472): warning #128-D: loop is not reachable
DEBUG     for (; n != 0; ++s1, ++s2, --n) {
DEBUG     ^
DEBUG           detected during:
DEBUG             instantiation of "auto fmt::v11::detail::compare(const Char *, const Char *, std::size_t)->int [with Char=char]" at line 591
DEBUG             instantiation of "auto fmt::v11::basic_string_view<Char>::compare(fmt::v11::basic_string_view<Char>) const->int [with Char=char]" at line 598
DEBUG             instantiation of class "fmt::v11::basic_string_view<Char> [with Char=char]" at line 2612
DEBUG             instantiation of "auto fmt::v11::basic_format_args<Context>::get_id(fmt::v11::basic_string_view<Char>) const->int [with Context=fmt::v11::context, Char=char]" at line 2655
DEBUG 
DEBUG Remark: The warnings can be suppressed with "-diag-suppress <warning-number>"
DEBUG 
DEBUG /tmp/.tmpd3EroI/sdists-v9/pypi/lightgbm/4.7.0/7lt84pBZReOOdD6o/src/external_libs/fmt/include/fmt/format.h(2594): warning #2417-D: constexpr constructor calls non-constexpr function "fmt::v11::basic_memory_buffer<T, SIZE, Allocator>::basic_memory_buffer(const Allocator &) [with T=fmt::v11::detail::bigint::bigit, SIZE=32UL, Allocator=fmt::v11::detail::allocator<fmt::v11::detail::bigint::bigit>]"
DEBUG     constexpr bigint() : exp_(0) {}
DEBUG                                  ^
DEBUG 
DEBUG /tmp/.tmpd3EroI/sdists-v9/pypi/lightgbm/4.7.0/7lt84pBZReOOdD6o/src/external_libs/fmt/include/fmt/base.h(472): warning #128-D: loop is not reachable
DEBUG     for (; n != 0; ++s1, ++s2, --n) {
DEBUG     ^
DEBUG           detected during:
DEBUG             instantiation of "auto fmt::v11::detail::compare(const Char *, const Char *, std::size_t)->int [with Char=char]" at line 591
DEBUG             instantiation of "auto fmt::v11::basic_string_view<Char>::compare(fmt::v11::basic_string_view<Char>) const->int [with Char=char]" at line 598
DEBUG             instantiation of class "fmt::v11::basic_string_view<Char> [with Char=char]" at line 2612
DEBUG             instantiation of "auto fmt::v11::basic_format_args<Context>::get_id(fmt::v11::basic_string_view<Char>) const->int [with Context=fmt::v11::context, Char=char]" at line 2655
DEBUG 
DEBUG Remark: The warnings can be suppressed with "-diag-suppress <warning-number>"
DEBUG 
DEBUG /tmp/.tmpd3EroI/sdists-v9/pypi/lightgbm/4.7.0/7lt84pBZReOOdD6o/src/external_libs/fmt/include/fmt/format.h(2594): warning #2417-D: constexpr constructor calls non-constexpr function "fmt::v11::basic_memory_buffer<T, SIZE, Allocator>::basic_memory_buffer(const Allocator &) [with T=fmt::v11::detail::bigint::bigit, SIZE=32UL, Allocator=fmt::v11::detail::allocator<fmt::v11::detail::bigint::bigit>]"
DEBUG     constexpr bigint() : exp_(0) {}
DEBUG                                  ^
DEBUG 
DEBUG /tmp/.tmpd3EroI/sdists-v9/pypi/lightgbm/4.7.0/7lt84pBZReOOdD6o/src/external_libs/fmt/include/fmt/base.h(472): warning #128-D: loop is not reachable
DEBUG     for (; n != 0; ++s1, ++s2, --n) {
DEBUG     ^
DEBUG           detected during:
DEBUG             instantiation of "auto fmt::v11::detail::compare(const Char *, const Char *, std::size_t)->int [with Char=char]" at line 591
DEBUG             instantiation of "auto fmt::v11::basic_string_view<Char>::compare(fmt::v11::basic_string_view<Char>) const->int [with Char=char]" at line 598
DEBUG             instantiation of class "fmt::v11::basic_string_view<Char> [with Char=char]" at line 2612
DEBUG             instantiation of "auto fmt::v11::basic_format_args<Context>::get_id(fmt::v11::basic_string_view<Char>) const->int [with Context=fmt::v11::context, Char=char]" at line 2655
DEBUG 
DEBUG Remark: The warnings can be suppressed with "-diag-suppress <warning-number>"
DEBUG 
DEBUG /tmp/.tmpd3EroI/sdists-v9/pypi/lightgbm/4.7.0/7lt84pBZReOOdD6o/src/external_libs/fmt/include/fmt/format.h(2594): warning #2417-D: constexpr constructor calls non-constexpr function "fmt::v11::basic_memory_buffer<T, SIZE, Allocator>::basic_memory_buffer(const Allocator &) [with T=fmt::v11::detail::bigint::bigit, SIZE=32UL, Allocator=fmt::v11::detail::allocator<fmt::v11::detail::bigint::bigit>]"
DEBUG     constexpr bigint() : exp_(0) {}
DEBUG                                  ^
DEBUG 
DEBUG /tmp/.tmpd3EroI/sdists-v9/pypi/lightgbm/4.7.0/7lt84pBZReOOdD6o/src/external_libs/fmt/include/fmt/base.h(472): warning #128-D: loop is not reachable
DEBUG     for (; n != 0; ++s1, ++s2, --n) {
DEBUG     ^
DEBUG           detected during:
DEBUG             instantiation of "auto fmt::v11::detail::compare(const Char *, const Char *, std::size_t)->int [with Char=char]" at line 591
DEBUG             instantiation of "auto fmt::v11::basic_string_view<Char>::compare(fmt::v11::basic_string_view<Char>) const->int [with Char=char]" at line 598
DEBUG             instantiation of class "fmt::v11::basic_string_view<Char> [with Char=char]" at line 2612
DEBUG             instantiation of "auto fmt::v11::basic_format_args<Context>::get_id(fmt::v11::basic_string_view<Char>) const->int [with Context=fmt::v11::context, Char=char]" at line 2655
DEBUG 
DEBUG Remark: The warnings can be suppressed with "-diag-suppress <warning-number>"
DEBUG 
DEBUG /tmp/.tmpd3EroI/sdists-v9/pypi/lightgbm/4.7.0/7lt84pBZReOOdD6o/src/external_libs/fmt/include/fmt/format.h(2594): warning #2417-D: constexpr constructor calls non-constexpr function "fmt::v11::basic_memory_buffer<T, SIZE, Allocator>::basic_memory_buffer(const Allocator &) [with T=fmt::v11::detail::bigint::bigit, SIZE=32UL, Allocator=fmt::v11::detail::allocator<fmt::v11::detail::bigint::bigit>]"
DEBUG     constexpr bigint() : exp_(0) {}
DEBUG                                  ^
DEBUG 
DEBUG [70/76] Building CUDA object CMakeFiles/lightgbm_objs.dir/src/treelearner/cuda/cuda_gradient_discretizer.cu.o
DEBUG nvcc warning : Support for offline compilation for architectures prior to '<compute/sm/lto>_75' will be removed in a future release (Use -Wno-deprecated-gpu-targets to suppress warning).
DEBUG /tmp/.tmpd3EroI/sdists-v9/pypi/lightgbm/4.7.0/7lt84pBZReOOdD6o/src/external_libs/fmt/include/fmt/base.h(472): warning #128-D: loop is not reachable
DEBUG     for (; n != 0; ++s1, ++s2, --n) {
DEBUG     ^
DEBUG           detected during:
DEBUG             instantiation of "auto fmt::v11::detail::compare(const Char *, const Char *, std::size_t)->int [with Char=char]" at line 591
DEBUG             instantiation of "auto fmt::v11::basic_string_view<Char>::compare(fmt::v11::basic_string_view<Char>) const->int [with Char=char]" at line 598
DEBUG             instantiation of class "fmt::v11::basic_string_view<Char> [with Char=char]" at line 2612
DEBUG             instantiation of "auto fmt::v11::basic_format_args<Context>::get_id(fmt::v11::basic_string_view<Char>) const->int [with Context=fmt::v11::context, Char=char]" at line 2655
DEBUG 
DEBUG Remark: The warnings can be suppressed with "-diag-suppress <warning-number>"
DEBUG 
DEBUG /tmp/.tmpd3EroI/sdists-v9/pypi/lightgbm/4.7.0/7lt84pBZReOOdD6o/src/external_libs/fmt/include/fmt/format.h(2594): warning #2417-D: constexpr constructor calls non-constexpr function "fmt::v11::basic_memory_buffer<T, SIZE, Allocator>::basic_memory_buffer(const Allocator &) [with T=fmt::v11::detail::bigint::bigit, SIZE=32UL, Allocator=fmt::v11::detail::allocator<fmt::v11::detail::bigint::bigit>]"
DEBUG     constexpr bigint() : exp_(0) {}
DEBUG                                  ^
DEBUG 
DEBUG /tmp/.tmpd3EroI/sdists-v9/pypi/lightgbm/4.7.0/7lt84pBZReOOdD6o/src/external_libs/fmt/include/fmt/base.h(472): warning #128-D: loop is not reachable
DEBUG     for (; n != 0; ++s1, ++s2, --n) {
DEBUG     ^
DEBUG           detected during:
DEBUG             instantiation of "auto fmt::v11::detail::compare(const Char *, const Char *, std::size_t)->int [with Char=char]" at line 591
DEBUG             instantiation of "auto fmt::v11::basic_string_view<Char>::compare(fmt::v11::basic_string_view<Char>) const->int [with Char=char]" at line 598
DEBUG             instantiation of class "fmt::v11::basic_string_view<Char> [with Char=char]" at line 2612
DEBUG             instantiation of "auto fmt::v11::basic_format_args<Context>::get_id(fmt::v11::basic_string_view<Char>) const->int [with Context=fmt::v11::context, Char=char]" at line 2655
DEBUG 
DEBUG Remark: The warnings can be suppressed with "-diag-suppress <warning-number>"
DEBUG 
DEBUG /tmp/.tmpd3EroI/sdists-v9/pypi/lightgbm/4.7.0/7lt84pBZReOOdD6o/src/external_libs/fmt/include/fmt/format.h(2594): warning #2417-D: constexpr constructor calls non-constexpr function "fmt::v11::basic_memory_buffer<T, SIZE, Allocator>::basic_memory_buffer(const Allocator &) [with T=fmt::v11::detail::bigint::bigit, SIZE=32UL, Allocator=fmt::v11::detail::allocator<fmt::v11::detail::bigint::bigit>]"
DEBUG     constexpr bigint() : exp_(0) {}
DEBUG                                  ^
DEBUG 
DEBUG /tmp/.tmpd3EroI/sdists-v9/pypi/lightgbm/4.7.0/7lt84pBZReOOdD6o/src/external_libs/fmt/include/fmt/base.h(472): warning #128-D: loop is not reachable
DEBUG     for (; n != 0; ++s1, ++s2, --n) {
DEBUG     ^
DEBUG           detected during:
DEBUG             instantiation of "auto fmt::v11::detail::compare(const Char *, const Char *, std::size_t)->int [with Char=char]" at line 591
DEBUG             instantiation of "auto fmt::v11::basic_string_view<Char>::compare(fmt::v11::basic_string_view<Char>) const->int [with Char=char]" at line 598
DEBUG             instantiation of class "fmt::v11::basic_string_view<Char> [with Char=char]" at line 2612
DEBUG             instantiation of "auto fmt::v11::basic_format_args<Context>::get_id(fmt::v11::basic_string_view<Char>) const->int [with Context=fmt::v11::context, Char=char]" at line 2655
DEBUG 
DEBUG Remark: The warnings can be suppressed with "-diag-suppress <warning-number>"
DEBUG 
DEBUG /tmp/.tmpd3EroI/sdists-v9/pypi/lightgbm/4.7.0/7lt84pBZReOOdD6o/src/external_libs/fmt/include/fmt/format.h(2594): warning #2417-D: constexpr constructor calls non-constexpr function "fmt::v11::basic_memory_buffer<T, SIZE, Allocator>::basic_memory_buffer(const Allocator &) [with T=fmt::v11::detail::bigint::bigit, SIZE=32UL, Allocator=fmt::v11::detail::allocator<fmt::v11::detail::bigint::bigit>]"
DEBUG     constexpr bigint() : exp_(0) {}
DEBUG                                  ^
DEBUG 
DEBUG /tmp/.tmpd3EroI/sdists-v9/pypi/lightgbm/4.7.0/7lt84pBZReOOdD6o/src/external_libs/fmt/include/fmt/base.h(472): warning #128-D: loop is not reachable
DEBUG     for (; n != 0; ++s1, ++s2, --n) {
DEBUG     ^
DEBUG           detected during:
DEBUG             instantiation of "auto fmt::v11::detail::compare(const Char *, const Char *, std::size_t)->int [with Char=char]" at line 591
DEBUG             instantiation of "auto fmt::v11::basic_string_view<Char>::compare(fmt::v11::basic_string_view<Char>) const->int [with Char=char]" at line 598
DEBUG             instantiation of class "fmt::v11::basic_string_view<Char> [with Char=char]" at line 2612
DEBUG             instantiation of "auto fmt::v11::basic_format_args<Context>::get_id(fmt::v11::basic_string_view<Char>) const->int [with Context=fmt::v11::context, Char=char]" at line 2655
DEBUG 
DEBUG Remark: The warnings can be suppressed with "-diag-suppress <warning-number>"
DEBUG 
DEBUG /tmp/.tmpd3EroI/sdists-v9/pypi/lightgbm/4.7.0/7lt84pBZReOOdD6o/src/external_libs/fmt/include/fmt/format.h(2594): warning #2417-D: constexpr constructor calls non-constexpr function "fmt::v11::basic_memory_buffer<T, SIZE, Allocator>::basic_memory_buffer(const Allocator &) [with T=fmt::v11::detail::bigint::bigit, SIZE=32UL, Allocator=fmt::v11::detail::allocator<fmt::v11::detail::bigint::bigit>]"
DEBUG     constexpr bigint() : exp_(0) {}
DEBUG                                  ^
DEBUG 
DEBUG /tmp/.tmpd3EroI/sdists-v9/pypi/lightgbm/4.7.0/7lt84pBZReOOdD6o/src/external_libs/fmt/include/fmt/base.h(472): warning #128-D: loop is not reachable
DEBUG     for (; n != 0; ++s1, ++s2, --n) {
DEBUG     ^
DEBUG           detected during:
DEBUG             instantiation of "auto fmt::v11::detail::compare(const Char *, const Char *, std::size_t)->int [with Char=char]" at line 591
DEBUG             instantiation of "auto fmt::v11::basic_string_view<Char>::compare(fmt::v11::basic_string_view<Char>) const->int [with Char=char]" at line 598
DEBUG             instantiation of class "fmt::v11::basic_string_view<Char> [with Char=char]" at line 2612
DEBUG             instantiation of "auto fmt::v11::basic_format_args<Context>::get_id(fmt::v11::basic_string_view<Char>) const->int [with Context=fmt::v11::context, Char=char]" at line 2655
DEBUG 
DEBUG Remark: The warnings can be suppressed with "-diag-suppress <warning-number>"
DEBUG 
DEBUG /tmp/.tmpd3EroI/sdists-v9/pypi/lightgbm/4.7.0/7lt84pBZReOOdD6o/src/external_libs/fmt/include/fmt/format.h(2594): warning #2417-D: constexpr constructor calls non-constexpr function "fmt::v11::basic_memory_buffer<T, SIZE, Allocator>::basic_memory_buffer(const Allocator &) [with T=fmt::v11::detail::bigint::bigit, SIZE=32UL, Allocator=fmt::v11::detail::allocator<fmt::v11::detail::bigint::bigit>]"
DEBUG     constexpr bigint() : exp_(0) {}
DEBUG                                  ^
DEBUG 
DEBUG /tmp/.tmpd3EroI/sdists-v9/pypi/lightgbm/4.7.0/7lt84pBZReOOdD6o/src/external_libs/fmt/include/fmt/base.h(472): warning #128-D: loop is not reachable
DEBUG     for (; n != 0; ++s1, ++s2, --n) {
DEBUG     ^
DEBUG           detected during:
DEBUG             instantiation of "auto fmt::v11::detail::compare(const Char *, const Char *, std::size_t)->int [with Char=char]" at line 591
DEBUG             instantiation of "auto fmt::v11::basic_string_view<Char>::compare(fmt::v11::basic_string_view<Char>) const->int [with Char=char]" at line 598
DEBUG             instantiation of class "fmt::v11::basic_string_view<Char> [with Char=char]" at line 2612
DEBUG             instantiation of "auto fmt::v11::basic_format_args<Context>::get_id(fmt::v11::basic_string_view<Char>) const->int [with Context=fmt::v11::context, Char=char]" at line 2655
DEBUG 
DEBUG Remark: The warnings can be suppressed with "-diag-suppress <warning-number>"
DEBUG 
DEBUG /tmp/.tmpd3EroI/sdists-v9/pypi/lightgbm/4.7.0/7lt84pBZReOOdD6o/src/external_libs/fmt/include/fmt/format.h(2594): warning #2417-D: constexpr constructor calls non-constexpr function "fmt::v11::basic_memory_buffer<T, SIZE, Allocator>::basic_memory_buffer(const Allocator &) [with T=fmt::v11::detail::bigint::bigit, SIZE=32UL, Allocator=fmt::v11::detail::allocator<fmt::v11::detail::bigint::bigit>]"
DEBUG     constexpr bigint() : exp_(0) {}
DEBUG                                  ^
DEBUG 
DEBUG /tmp/.tmpd3EroI/sdists-v9/pypi/lightgbm/4.7.0/7lt84pBZReOOdD6o/src/external_libs/fmt/include/fmt/base.h(472): warning #128-D: loop is not reachable
DEBUG     for (; n != 0; ++s1, ++s2, --n) {
DEBUG     ^
DEBUG           detected during:
DEBUG             instantiation of "auto fmt::v11::detail::compare(const Char *, const Char *, std::size_t)->int [with Char=char]" at line 591
DEBUG             instantiation of "auto fmt::v11::basic_string_view<Char>::compare(fmt::v11::basic_string_view<Char>) const->int [with Char=char]" at line 598
DEBUG             instantiation of class "fmt::v11::basic_string_view<Char> [with Char=char]" at line 2612
DEBUG             instantiation of "auto fmt::v11::basic_format_args<Context>::get_id(fmt::v11::basic_string_view<Char>) const->int [with Context=fmt::v11::context, Char=char]" at line 2655
DEBUG 
DEBUG Remark: The warnings can be suppressed with "-diag-suppress <warning-number>"
DEBUG 
DEBUG /tmp/.tmpd3EroI/sdists-v9/pypi/lightgbm/4.7.0/7lt84pBZReOOdD6o/src/external_libs/fmt/include/fmt/format.h(2594): warning #2417-D: constexpr constructor calls non-constexpr function "fmt::v11::basic_memory_buffer<T, SIZE, Allocator>::basic_memory_buffer(const Allocator &) [with T=fmt::v11::detail::bigint::bigit, SIZE=32UL, Allocator=fmt::v11::detail::allocator<fmt::v11::detail::bigint::bigit>]"
DEBUG     constexpr bigint() : exp_(0) {}
DEBUG                                  ^
DEBUG 
DEBUG /tmp/.tmpd3EroI/sdists-v9/pypi/lightgbm/4.7.0/7lt84pBZReOOdD6o/src/external_libs/fmt/include/fmt/base.h(472): warning #128-D: loop is not reachable
DEBUG     for (; n != 0; ++s1, ++s2, --n) {
DEBUG     ^
DEBUG           detected during:
DEBUG             instantiation of "auto fmt::v11::detail::compare(const Char *, const Char *, std::size_t)->int [with Char=char]" at line 591
DEBUG             instantiation of "auto fmt::v11::basic_string_view<Char>::compare(fmt::v11::basic_string_view<Char>) const->int [with Char=char]" at line 598
DEBUG             instantiation of class "fmt::v11::basic_string_view<Char> [with Char=char]" at line 2612
DEBUG             instantiation of "auto fmt::v11::basic_format_args<Context>::get_id(fmt::v11::basic_string_view<Char>) const->int [with Context=fmt::v11::context, Char=char]" at line 2655
DEBUG 
DEBUG Remark: The warnings can be suppressed with "-diag-suppress <warning-number>"
DEBUG 
DEBUG /tmp/.tmpd3EroI/sdists-v9/pypi/lightgbm/4.7.0/7lt84pBZReOOdD6o/src/external_libs/fmt/include/fmt/format.h(2594): warning #2417-D: constexpr constructor calls non-constexpr function "fmt::v11::basic_memory_buffer<T, SIZE, Allocator>::basic_memory_buffer(const Allocator &) [with T=fmt::v11::detail::bigint::bigit, SIZE=32UL, Allocator=fmt::v11::detail::allocator<fmt::v11::detail::bigint::bigit>]"
DEBUG     constexpr bigint() : exp_(0) {}
DEBUG                                  ^
DEBUG 
DEBUG /tmp/.tmpd3EroI/sdists-v9/pypi/lightgbm/4.7.0/7lt84pBZReOOdD6o/src/external_libs/fmt/include/fmt/base.h(472): warning #128-D: loop is not reachable
DEBUG     for (; n != 0; ++s1, ++s2, --n) {
DEBUG     ^
DEBUG           detected during:
DEBUG             instantiation of "auto fmt::v11::detail::compare(const Char *, const Char *, std::size_t)->int [with Char=char]" at line 591
DEBUG             instantiation of "auto fmt::v11::basic_string_view<Char>::compare(fmt::v11::basic_string_view<Char>) const->int [with Char=char]" at line 598
DEBUG             instantiation of class "fmt::v11::basic_string_view<Char> [with Char=char]" at line 2612
DEBUG             instantiation of "auto fmt::v11::basic_format_args<Context>::get_id(fmt::v11::basic_string_view<Char>) const->int [with Context=fmt::v11::context, Char=char]" at line 2655
DEBUG 
DEBUG Remark: The warnings can be suppressed with "-diag-suppress <warning-number>"
DEBUG 
DEBUG /tmp/.tmpd3EroI/sdists-v9/pypi/lightgbm/4.7.0/7lt84pBZReOOdD6o/src/external_libs/fmt/include/fmt/format.h(2594): warning #2417-D: constexpr constructor calls non-constexpr function "fmt::v11::basic_memory_buffer<T, SIZE, Allocator>::basic_memory_buffer(const Allocator &) [with T=fmt::v11::detail::bigint::bigit, SIZE=32UL, Allocator=fmt::v11::detail::allocator<fmt::v11::detail::bigint::bigit>]"
DEBUG     constexpr bigint() : exp_(0) {}
DEBUG                                  ^
DEBUG 
DEBUG /tmp/.tmpd3EroI/sdists-v9/pypi/lightgbm/4.7.0/7lt84pBZReOOdD6o/src/external_libs/fmt/include/fmt/base.h(472): warning #128-D: loop is not reachable
DEBUG     for (; n != 0; ++s1, ++s2, --n) {
DEBUG     ^
DEBUG           detected during:
DEBUG             instantiation of "auto fmt::v11::detail::compare(const Char *, const Char *, std::size_t)->int [with Char=char]" at line 591
DEBUG             instantiation of "auto fmt::v11::basic_string_view<Char>::compare(fmt::v11::basic_string_view<Char>) const->int [with Char=char]" at line 598
DEBUG             instantiation of class "fmt::v11::basic_string_view<Char> [with Char=char]" at line 2612
DEBUG             instantiation of "auto fmt::v11::basic_format_args<Context>::get_id(fmt::v11::basic_string_view<Char>) const->int [with Context=fmt::v11::context, Char=char]" at line 2655
DEBUG 
DEBUG Remark: The warnings can be suppressed with "-diag-suppress <warning-number>"
DEBUG 
DEBUG /tmp/.tmpd3EroI/sdists-v9/pypi/lightgbm/4.7.0/7lt84pBZReOOdD6o/src/external_libs/fmt/include/fmt/format.h(2594): warning #2417-D: constexpr constructor calls non-constexpr function "fmt::v11::basic_memory_buffer<T, SIZE, Allocator>::basic_memory_buffer(const Allocator &) [with T=fmt::v11::detail::bigint::bigit, SIZE=32UL, Allocator=fmt::v11::detail::allocator<fmt::v11::detail::bigint::bigit>]"
DEBUG     constexpr bigint() : exp_(0) {}
DEBUG                                  ^
DEBUG 
DEBUG [71/76] Building CUDA object CMakeFiles/lightgbm_objs.dir/src/treelearner/cuda/cuda_single_gpu_tree_learner.cu.o
DEBUG nvcc warning : Support for offline compilation for architectures prior to '<compute/sm/lto>_75' will be removed in a future release (Use -Wno-deprecated-gpu-targets to suppress warning).
DEBUG /tmp/.tmpd3EroI/sdists-v9/pypi/lightgbm/4.7.0/7lt84pBZReOOdD6o/src/external_libs/fmt/include/fmt/base.h(472): warning #128-D: loop is not reachable
DEBUG     for (; n != 0; ++s1, ++s2, --n) {
DEBUG     ^
DEBUG           detected during:
DEBUG             instantiation of "auto fmt::v11::detail::compare(const Char *, const Char *, std::size_t)->int [with Char=char]" at line 591
DEBUG             instantiation of "auto fmt::v11::basic_string_view<Char>::compare(fmt::v11::basic_string_view<Char>) const->int [with Char=char]" at line 598
DEBUG             instantiation of class "fmt::v11::basic_string_view<Char> [with Char=char]" at line 2612
DEBUG             instantiation of "auto fmt::v11::basic_format_args<Context>::get_id(fmt::v11::basic_string_view<Char>) const->int [with Context=fmt::v11::context, Char=char]" at line 2655
DEBUG 
DEBUG Remark: The warnings can be suppressed with "-diag-suppress <warning-number>"
DEBUG 
DEBUG /tmp/.tmpd3EroI/sdists-v9/pypi/lightgbm/4.7.0/7lt84pBZReOOdD6o/src/external_libs/fmt/include/fmt/format.h(2594): warning #2417-D: constexpr constructor calls non-constexpr function "fmt::v11::basic_memory_buffer<T, SIZE, Allocator>::basic_memory_buffer(const Allocator &) [with T=fmt::v11::detail::bigint::bigit, SIZE=32UL, Allocator=fmt::v11::detail::allocator<fmt::v11::detail::bigint::bigit>]"
DEBUG     constexpr bigint() : exp_(0) {}
DEBUG                                  ^
DEBUG 
DEBUG /tmp/.tmpd3EroI/sdists-v9/pypi/lightgbm/4.7.0/7lt84pBZReOOdD6o/src/external_libs/fmt/include/fmt/base.h(472): warning #128-D: loop is not reachable
DEBUG     for (; n != 0; ++s1, ++s2, --n) {
DEBUG     ^
DEBUG           detected during:
DEBUG             instantiation of "auto fmt::v11::detail::compare(const Char *, const Char *, std::size_t)->int [with Char=char]" at line 591
DEBUG             instantiation of "auto fmt::v11::basic_string_view<Char>::compare(fmt::v11::basic_string_view<Char>) const->int [with Char=char]" at line 598
DEBUG             instantiation of class "fmt::v11::basic_string_view<Char> [with Char=char]" at line 2612
DEBUG             instantiation of "auto fmt::v11::basic_format_args<Context>::get_id(fmt::v11::basic_string_view<Char>) const->int [with Context=fmt::v11::context, Char=char]" at line 2655
DEBUG 
DEBUG Remark: The warnings can be suppressed with "-diag-suppress <warning-number>"
DEBUG 
DEBUG /tmp/.tmpd3EroI/sdists-v9/pypi/lightgbm/4.7.0/7lt84pBZReOOdD6o/src/external_libs/fmt/include/fmt/format.h(2594): warning #2417-D: constexpr constructor calls non-constexpr function "fmt::v11::basic_memory_buffer<T, SIZE, Allocator>::basic_memory_buffer(const Allocator &) [with T=fmt::v11::detail::bigint::bigit, SIZE=32UL, Allocator=fmt::v11::detail::allocator<fmt::v11::detail::bigint::bigit>]"
DEBUG     constexpr bigint() : exp_(0) {}
DEBUG                                  ^
DEBUG 
DEBUG /tmp/.tmpd3EroI/sdists-v9/pypi/lightgbm/4.7.0/7lt84pBZReOOdD6o/src/include/LightGBM/cuda/cuda_split_info.hpp(54): warning #20014-D: calling a __host__ function from a __host__ __device__ function is not allowed
DEBUG           { gpuAssert((cudaFree(cat_threshold)), "/tmp/.tmpd3EroI/sdists-v9/pypi/lightgbm/4.7.0/7lt84pBZReOOdD6o/src/include/LightGBM/cuda/cuda_split_info.hpp", 54); };
DEBUG                      ^
DEBUG 
DEBUG /tmp/.tmpd3EroI/sdists-v9/pypi/lightgbm/4.7.0/7lt84pBZReOOdD6o/src/include/LightGBM/cuda/cuda_split_info.hpp(57): warning #20014-D: calling a __host__ function from a __host__ __device__ function is not allowed
DEBUG           { gpuAssert((cudaFree(cat_threshold_real)), "/tmp/.tmpd3EroI/sdists-v9/pypi/lightgbm/4.7.0/7lt84pBZReOOdD6o/src/include/LightGBM/cuda/cuda_split_info.hpp", 57); };
DEBUG                      ^
DEBUG 
DEBUG /tmp/.tmpd3EroI/sdists-v9/pypi/lightgbm/4.7.0/7lt84pBZReOOdD6o/src/external_libs/fmt/include/fmt/base.h(472): warning #128-D: loop is not reachable
DEBUG     for (; n != 0; ++s1, ++s2, --n) {
DEBUG     ^
DEBUG           detected during:
DEBUG             instantiation of "auto fmt::v11::detail::compare(const Char *, const Char *, std::size_t)->int [with Char=char]" at line 591
DEBUG             instantiation of "auto fmt::v11::basic_string_view<Char>::compare(fmt::v11::basic_string_view<Char>) const->int [with Char=char]" at line 598
DEBUG             instantiation of class "fmt::v11::basic_string_view<Char> [with Char=char]" at line 2612
DEBUG             instantiation of "auto fmt::v11::basic_format_args<Context>::get_id(fmt::v11::basic_string_view<Char>) const->int [with Context=fmt::v11::context, Char=char]" at line 2655
DEBUG 
DEBUG Remark: The warnings can be suppressed with "-diag-suppress <warning-number>"
DEBUG 
DEBUG /tmp/.tmpd3EroI/sdists-v9/pypi/lightgbm/4.7.0/7lt84pBZReOOdD6o/src/external_libs/fmt/include/fmt/format.h(2594): warning #2417-D: constexpr constructor calls non-constexpr function "fmt::v11::basic_memory_buffer<T, SIZE, Allocator>::basic_memory_buffer(const Allocator &) [with T=fmt::v11::detail::bigint::bigit, SIZE=32UL, Allocator=fmt::v11::detail::allocator<fmt::v11::detail::bigint::bigit>]"
DEBUG     constexpr bigint() : exp_(0) {}
DEBUG                                  ^
DEBUG 
DEBUG /tmp/.tmpd3EroI/sdists-v9/pypi/lightgbm/4.7.0/7lt84pBZReOOdD6o/src/include/LightGBM/cuda/cuda_split_info.hpp(54): warning #20014-D: calling a __host__ function from a __host__ __device__ function is not allowed
DEBUG           { gpuAssert((cudaFree(cat_threshold)), "/tmp/.tmpd3EroI/sdists-v9/pypi/lightgbm/4.7.0/7lt84pBZReOOdD6o/src/include/LightGBM/cuda/cuda_split_info.hpp", 54); };
DEBUG                      ^
DEBUG 
DEBUG /tmp/.tmpd3EroI/sdists-v9/pypi/lightgbm/4.7.0/7lt84pBZReOOdD6o/src/include/LightGBM/cuda/cuda_split_info.hpp(57): warning #20014-D: calling a __host__ function from a __host__ __device__ function is not allowed
DEBUG           { gpuAssert((cudaFree(cat_threshold_real)), "/tmp/.tmpd3EroI/sdists-v9/pypi/lightgbm/4.7.0/7lt84pBZReOOdD6o/src/include/LightGBM/cuda/cuda_split_info.hpp", 57); };
DEBUG                      ^
DEBUG 
DEBUG /tmp/.tmpd3EroI/sdists-v9/pypi/lightgbm/4.7.0/7lt84pBZReOOdD6o/src/external_libs/fmt/include/fmt/base.h(472): warning #128-D: loop is not reachable
DEBUG     for (; n != 0; ++s1, ++s2, --n) {
DEBUG     ^
DEBUG           detected during:
DEBUG             instantiation of "auto fmt::v11::detail::compare(const Char *, const Char *, std::size_t)->int [with Char=char]" at line 591
DEBUG             instantiation of "auto fmt::v11::basic_string_view<Char>::compare(fmt::v11::basic_string_view<Char>) const->int [with Char=char]" at line 598
DEBUG             instantiation of class "fmt::v11::basic_string_view<Char> [with Char=char]" at line 2612
DEBUG             instantiation of "auto fmt::v11::basic_format_args<Context>::get_id(fmt::v11::basic_string_view<Char>) const->int [with Context=fmt::v11::context, Char=char]" at line 2655
DEBUG 
DEBUG Remark: The warnings can be suppressed with "-diag-suppress <warning-number>"
DEBUG 
DEBUG /tmp/.tmpd3EroI/sdists-v9/pypi/lightgbm/4.7.0/7lt84pBZReOOdD6o/src/external_libs/fmt/include/fmt/format.h(2594): warning #2417-D: constexpr constructor calls non-constexpr function "fmt::v11::basic_memory_buffer<T, SIZE, Allocator>::basic_memory_buffer(const Allocator &) [with T=fmt::v11::detail::bigint::bigit, SIZE=32UL, Allocator=fmt::v11::detail::allocator<fmt::v11::detail::bigint::bigit>]"
DEBUG     constexpr bigint() : exp_(0) {}
DEBUG                                  ^
DEBUG 
DEBUG /tmp/.tmpd3EroI/sdists-v9/pypi/lightgbm/4.7.0/7lt84pBZReOOdD6o/src/include/LightGBM/cuda/cuda_split_info.hpp(54): warning #20014-D: calling a __host__ function from a __host__ __device__ function is not allowed
DEBUG           { gpuAssert((cudaFree(cat_threshold)), "/tmp/.tmpd3EroI/sdists-v9/pypi/lightgbm/4.7.0/7lt84pBZReOOdD6o/src/include/LightGBM/cuda/cuda_split_info.hpp", 54); };
DEBUG                      ^
DEBUG 
DEBUG /tmp/.tmpd3EroI/sdists-v9/pypi/lightgbm/4.7.0/7lt84pBZReOOdD6o/src/include/LightGBM/cuda/cuda_split_info.hpp(57): warning #20014-D: calling a __host__ function from a __host__ __device__ function is not allowed
DEBUG           { gpuAssert((cudaFree(cat_threshold_real)), "/tmp/.tmpd3EroI/sdists-v9/pypi/lightgbm/4.7.0/7lt84pBZReOOdD6o/src/include/LightGBM/cuda/cuda_split_info.hpp", 57); };
DEBUG                      ^
DEBUG 
DEBUG /tmp/.tmpd3EroI/sdists-v9/pypi/lightgbm/4.7.0/7lt84pBZReOOdD6o/src/external_libs/fmt/include/fmt/base.h(472): warning #128-D: loop is not reachable
DEBUG     for (; n != 0; ++s1, ++s2, --n) {
DEBUG     ^
DEBUG           detected during:
DEBUG             instantiation of "auto fmt::v11::detail::compare(const Char *, const Char *, std::size_t)->int [with Char=char]" at line 591
DEBUG             instantiation of "auto fmt::v11::basic_string_view<Char>::compare(fmt::v11::basic_string_view<Char>) const->int [with Char=char]" at line 598
DEBUG             instantiation of class "fmt::v11::basic_string_view<Char> [with Char=char]" at line 2612
DEBUG             instantiation of "auto fmt::v11::basic_format_args<Context>::get_id(fmt::v11::basic_string_view<Char>) const->int [with Context=fmt::v11::context, Char=char]" at line 2655
DEBUG 
DEBUG Remark: The warnings can be suppressed with "-diag-suppress <warning-number>"
DEBUG 
DEBUG /tmp/.tmpd3EroI/sdists-v9/pypi/lightgbm/4.7.0/7lt84pBZReOOdD6o/src/external_libs/fmt/include/fmt/format.h(2594): warning #2417-D: constexpr constructor calls non-constexpr function "fmt::v11::basic_memory_buffer<T, SIZE, Allocator>::basic_memory_buffer(const Allocator &) [with T=fmt::v11::detail::bigint::bigit, SIZE=32UL, Allocator=fmt::v11::detail::allocator<fmt::v11::detail::bigint::bigit>]"
DEBUG     constexpr bigint() : exp_(0) {}
DEBUG                                  ^
DEBUG 
DEBUG /tmp/.tmpd3EroI/sdists-v9/pypi/lightgbm/4.7.0/7lt84pBZReOOdD6o/src/include/LightGBM/cuda/cuda_split_info.hpp(54): warning #20014-D: calling a __host__ function from a __host__ __device__ function is not allowed
DEBUG           { gpuAssert((cudaFree(cat_threshold)), "/tmp/.tmpd3EroI/sdists-v9/pypi/lightgbm/4.7.0/7lt84pBZReOOdD6o/src/include/LightGBM/cuda/cuda_split_info.hpp", 54); };
DEBUG                      ^
DEBUG 
DEBUG /tmp/.tmpd3EroI/sdists-v9/pypi/lightgbm/4.7.0/7lt84pBZReOOdD6o/src/include/LightGBM/cuda/cuda_split_info.hpp(57): warning #20014-D: calling a __host__ function from a __host__ __device__ function is not allowed
DEBUG           { gpuAssert((cudaFree(cat_threshold_real)), "/tmp/.tmpd3EroI/sdists-v9/pypi/lightgbm/4.7.0/7lt84pBZReOOdD6o/src/include/LightGBM/cuda/cuda_split_info.hpp", 57); };
DEBUG                      ^
DEBUG 
DEBUG /tmp/.tmpd3EroI/sdists-v9/pypi/lightgbm/4.7.0/7lt84pBZReOOdD6o/src/external_libs/fmt/include/fmt/base.h(472): warning #128-D: loop is not reachable
DEBUG     for (; n != 0; ++s1, ++s2, --n) {
DEBUG     ^
DEBUG           detected during:
DEBUG             instantiation of "auto fmt::v11::detail::compare(const Char *, const Char *, std::size_t)->int [with Char=char]" at line 591
DEBUG             instantiation of "auto fmt::v11::basic_string_view<Char>::compare(fmt::v11::basic_string_view<Char>) const->int [with Char=char]" at line 598
DEBUG             instantiation of class "fmt::v11::basic_string_view<Char> [with Char=char]" at line 2612
DEBUG             instantiation of "auto fmt::v11::basic_format_args<Context>::get_id(fmt::v11::basic_string_view<Char>) const->int [with Context=fmt::v11::context, Char=char]" at line 2655
DEBUG 
DEBUG Remark: The warnings can be suppressed with "-diag-suppress <warning-number>"
DEBUG 
DEBUG /tmp/.tmpd3EroI/sdists-v9/pypi/lightgbm/4.7.0/7lt84pBZReOOdD6o/src/external_libs/fmt/include/fmt/format.h(2594): warning #2417-D: constexpr constructor calls non-constexpr function "fmt::v11::basic_memory_buffer<T, SIZE, Allocator>::basic_memory_buffer(const Allocator &) [with T=fmt::v11::detail::bigint::bigit, SIZE=32UL, Allocator=fmt::v11::detail::allocator<fmt::v11::detail::bigint::bigit>]"
DEBUG     constexpr bigint() : exp_(0) {}
DEBUG                                  ^
DEBUG 
DEBUG /tmp/.tmpd3EroI/sdists-v9/pypi/lightgbm/4.7.0/7lt84pBZReOOdD6o/src/include/LightGBM/cuda/cuda_split_info.hpp(54): warning #20014-D: calling a __host__ function from a __host__ __device__ function is not allowed
DEBUG           { gpuAssert((cudaFree(cat_threshold)), "/tmp/.tmpd3EroI/sdists-v9/pypi/lightgbm/4.7.0/7lt84pBZReOOdD6o/src/include/LightGBM/cuda/cuda_split_info.hpp", 54); };
DEBUG                      ^
DEBUG 
DEBUG /tmp/.tmpd3EroI/sdists-v9/pypi/lightgbm/4.7.0/7lt84pBZReOOdD6o/src/include/LightGBM/cuda/cuda_split_info.hpp(57): warning #20014-D: calling a __host__ function from a __host__ __device__ function is not allowed
DEBUG           { gpuAssert((cudaFree(cat_threshold_real)), "/tmp/.tmpd3EroI/sdists-v9/pypi/lightgbm/4.7.0/7lt84pBZReOOdD6o/src/include/LightGBM/cuda/cuda_split_info.hpp", 57); };
DEBUG                      ^
DEBUG 
DEBUG /tmp/.tmpd3EroI/sdists-v9/pypi/lightgbm/4.7.0/7lt84pBZReOOdD6o/src/external_libs/fmt/include/fmt/base.h(472): warning #128-D: loop is not reachable
DEBUG     for (; n != 0; ++s1, ++s2, --n) {
DEBUG     ^
DEBUG           detected during:
DEBUG             instantiation of "auto fmt::v11::detail::compare(const Char *, const Char *, std::size_t)->int [with Char=char]" at line 591
DEBUG             instantiation of "auto fmt::v11::basic_string_view<Char>::compare(fmt::v11::basic_string_view<Char>) const->int [with Char=char]" at line 598
DEBUG             instantiation of class "fmt::v11::basic_string_view<Char> [with Char=char]" at line 2612
DEBUG             instantiation of "auto fmt::v11::basic_format_args<Context>::get_id(fmt::v11::basic_string_view<Char>) const->int [with Context=fmt::v11::context, Char=char]" at line 2655
DEBUG 
DEBUG Remark: The warnings can be suppressed with "-diag-suppress <warning-number>"
DEBUG 
DEBUG /tmp/.tmpd3EroI/sdists-v9/pypi/lightgbm/4.7.0/7lt84pBZReOOdD6o/src/external_libs/fmt/include/fmt/format.h(2594): warning #2417-D: constexpr constructor calls non-constexpr function "fmt::v11::basic_memory_buffer<T, SIZE, Allocator>::basic_memory_buffer(const Allocator &) [with T=fmt::v11::detail::bigint::bigit, SIZE=32UL, Allocator=fmt::v11::detail::allocator<fmt::v11::detail::bigint::bigit>]"
DEBUG     constexpr bigint() : exp_(0) {}
DEBUG                                  ^
DEBUG 
DEBUG /tmp/.tmpd3EroI/sdists-v9/pypi/lightgbm/4.7.0/7lt84pBZReOOdD6o/src/include/LightGBM/cuda/cuda_split_info.hpp(54): warning #20014-D: calling a __host__ function from a __host__ __device__ function is not allowed
DEBUG           { gpuAssert((cudaFree(cat_threshold)), "/tmp/.tmpd3EroI/sdists-v9/pypi/lightgbm/4.7.0/7lt84pBZReOOdD6o/src/include/LightGBM/cuda/cuda_split_info.hpp", 54); };
DEBUG                      ^
DEBUG 
DEBUG /tmp/.tmpd3EroI/sdists-v9/pypi/lightgbm/4.7.0/7lt84pBZReOOdD6o/src/include/LightGBM/cuda/cuda_split_info.hpp(57): warning #20014-D: calling a __host__ function from a __host__ __device__ function is not allowed
DEBUG           { gpuAssert((cudaFree(cat_threshold_real)), "/tmp/.tmpd3EroI/sdists-v9/pypi/lightgbm/4.7.0/7lt84pBZReOOdD6o/src/include/LightGBM/cuda/cuda_split_info.hpp", 57); };
DEBUG                      ^
DEBUG 
DEBUG /tmp/.tmpd3EroI/sdists-v9/pypi/lightgbm/4.7.0/7lt84pBZReOOdD6o/src/external_libs/fmt/include/fmt/base.h(472): warning #128-D: loop is not reachable
DEBUG     for (; n != 0; ++s1, ++s2, --n) {
DEBUG     ^
DEBUG           detected during:
DEBUG             instantiation of "auto fmt::v11::detail::compare(const Char *, const Char *, std::size_t)->int [with Char=char]" at line 591
DEBUG             instantiation of "auto fmt::v11::basic_string_view<Char>::compare(fmt::v11::basic_string_view<Char>) const->int [with Char=char]" at line 598
DEBUG             instantiation of class "fmt::v11::basic_string_view<Char> [with Char=char]" at line 2612
DEBUG             instantiation of "auto fmt::v11::basic_format_args<Context>::get_id(fmt::v11::basic_string_view<Char>) const->int [with Context=fmt::v11::context, Char=char]" at line 2655
DEBUG 
DEBUG Remark: The warnings can be suppressed with "-diag-suppress <warning-number>"
DEBUG 
DEBUG /tmp/.tmpd3EroI/sdists-v9/pypi/lightgbm/4.7.0/7lt84pBZReOOdD6o/src/external_libs/fmt/include/fmt/format.h(2594): warning #2417-D: constexpr constructor calls non-constexpr function "fmt::v11::basic_memory_buffer<T, SIZE, Allocator>::basic_memory_buffer(const Allocator &) [with T=fmt::v11::detail::bigint::bigit, SIZE=32UL, Allocator=fmt::v11::detail::allocator<fmt::v11::detail::bigint::bigit>]"
DEBUG     constexpr bigint() : exp_(0) {}
DEBUG                                  ^
DEBUG 
DEBUG /tmp/.tmpd3EroI/sdists-v9/pypi/lightgbm/4.7.0/7lt84pBZReOOdD6o/src/include/LightGBM/cuda/cuda_split_info.hpp(54): warning #20014-D: calling a __host__ function from a __host__ __device__ function is not allowed
DEBUG           { gpuAssert((cudaFree(cat_threshold)), "/tmp/.tmpd3EroI/sdists-v9/pypi/lightgbm/4.7.0/7lt84pBZReOOdD6o/src/include/LightGBM/cuda/cuda_split_info.hpp", 54); };
DEBUG                      ^
DEBUG 
DEBUG /tmp/.tmpd3EroI/sdists-v9/pypi/lightgbm/4.7.0/7lt84pBZReOOdD6o/src/include/LightGBM/cuda/cuda_split_info.hpp(57): warning #20014-D: calling a __host__ function from a __host__ __device__ function is not allowed
DEBUG           { gpuAssert((cudaFree(cat_threshold_real)), "/tmp/.tmpd3EroI/sdists-v9/pypi/lightgbm/4.7.0/7lt84pBZReOOdD6o/src/include/LightGBM/cuda/cuda_split_info.hpp", 57); };
DEBUG                      ^
DEBUG 
DEBUG /tmp/.tmpd3EroI/sdists-v9/pypi/lightgbm/4.7.0/7lt84pBZReOOdD6o/src/external_libs/fmt/include/fmt/base.h(472): warning #128-D: loop is not reachable
DEBUG     for (; n != 0; ++s1, ++s2, --n) {
DEBUG     ^
DEBUG           detected during:
DEBUG             instantiation of "auto fmt::v11::detail::compare(const Char *, const Char *, std::size_t)->int [with Char=char]" at line 591
DEBUG             instantiation of "auto fmt::v11::basic_string_view<Char>::compare(fmt::v11::basic_string_view<Char>) const->int [with Char=char]" at line 598
DEBUG             instantiation of class "fmt::v11::basic_string_view<Char> [with Char=char]" at line 2612
DEBUG             instantiation of "auto fmt::v11::basic_format_args<Context>::get_id(fmt::v11::basic_string_view<Char>) const->int [with Context=fmt::v11::context, Char=char]" at line 2655
DEBUG 
DEBUG Remark: The warnings can be suppressed with "-diag-suppress <warning-number>"
DEBUG 
DEBUG /tmp/.tmpd3EroI/sdists-v9/pypi/lightgbm/4.7.0/7lt84pBZReOOdD6o/src/external_libs/fmt/include/fmt/format.h(2594): warning #2417-D: constexpr constructor calls non-constexpr function "fmt::v11::basic_memory_buffer<T, SIZE, Allocator>::basic_memory_buffer(const Allocator &) [with T=fmt::v11::detail::bigint::bigit, SIZE=32UL, Allocator=fmt::v11::detail::allocator<fmt::v11::detail::bigint::bigit>]"
DEBUG     constexpr bigint() : exp_(0) {}
DEBUG                                  ^
DEBUG 
DEBUG /tmp/.tmpd3EroI/sdists-v9/pypi/lightgbm/4.7.0/7lt84pBZReOOdD6o/src/include/LightGBM/cuda/cuda_split_info.hpp(54): warning #20014-D: calling a __host__ function from a __host__ __device__ function is not allowed
DEBUG           { gpuAssert((cudaFree(cat_threshold)), "/tmp/.tmpd3EroI/sdists-v9/pypi/lightgbm/4.7.0/7lt84pBZReOOdD6o/src/include/LightGBM/cuda/cuda_split_info.hpp", 54); };
DEBUG                      ^
DEBUG 
DEBUG /tmp/.tmpd3EroI/sdists-v9/pypi/lightgbm/4.7.0/7lt84pBZReOOdD6o/src/include/LightGBM/cuda/cuda_split_info.hpp(57): warning #20014-D: calling a __host__ function from a __host__ __device__ function is not allowed
DEBUG           { gpuAssert((cudaFree(cat_threshold_real)), "/tmp/.tmpd3EroI/sdists-v9/pypi/lightgbm/4.7.0/7lt84pBZReOOdD6o/src/include/LightGBM/cuda/cuda_split_info.hpp", 57); };
DEBUG                      ^
DEBUG 
DEBUG /tmp/.tmpd3EroI/sdists-v9/pypi/lightgbm/4.7.0/7lt84pBZReOOdD6o/src/external_libs/fmt/include/fmt/base.h(472): warning #128-D: loop is not reachable
DEBUG     for (; n != 0; ++s1, ++s2, --n) {
DEBUG     ^
DEBUG           detected during:
DEBUG             instantiation of "auto fmt::v11::detail::compare(const Char *, const Char *, std::size_t)->int [with Char=char]" at line 591
DEBUG             instantiation of "auto fmt::v11::basic_string_view<Char>::compare(fmt::v11::basic_string_view<Char>) const->int [with Char=char]" at line 598
DEBUG             instantiation of class "fmt::v11::basic_string_view<Char> [with Char=char]" at line 2612
DEBUG             instantiation of "auto fmt::v11::basic_format_args<Context>::get_id(fmt::v11::basic_string_view<Char>) const->int [with Context=fmt::v11::context, Char=char]" at line 2655
DEBUG 
DEBUG Remark: The warnings can be suppressed with "-diag-suppress <warning-number>"
DEBUG 
DEBUG /tmp/.tmpd3EroI/sdists-v9/pypi/lightgbm/4.7.0/7lt84pBZReOOdD6o/src/external_libs/fmt/include/fmt/format.h(2594): warning #2417-D: constexpr constructor calls non-constexpr function "fmt::v11::basic_memory_buffer<T, SIZE, Allocator>::basic_memory_buffer(const Allocator &) [with T=fmt::v11::detail::bigint::bigit, SIZE=32UL, Allocator=fmt::v11::detail::allocator<fmt::v11::detail::bigint::bigit>]"
DEBUG     constexpr bigint() : exp_(0) {}
DEBUG                                  ^
DEBUG 
DEBUG /tmp/.tmpd3EroI/sdists-v9/pypi/lightgbm/4.7.0/7lt84pBZReOOdD6o/src/include/LightGBM/cuda/cuda_split_info.hpp(54): warning #20014-D: calling a __host__ function from a __host__ __device__ function is not allowed
DEBUG           { gpuAssert((cudaFree(cat_threshold)), "/tmp/.tmpd3EroI/sdists-v9/pypi/lightgbm/4.7.0/7lt84pBZReOOdD6o/src/include/LightGBM/cuda/cuda_split_info.hpp", 54); };
DEBUG                      ^
DEBUG 
DEBUG /tmp/.tmpd3EroI/sdists-v9/pypi/lightgbm/4.7.0/7lt84pBZReOOdD6o/src/include/LightGBM/cuda/cuda_split_info.hpp(57): warning #20014-D: calling a __host__ function from a __host__ __device__ function is not allowed
DEBUG           { gpuAssert((cudaFree(cat_threshold_real)), "/tmp/.tmpd3EroI/sdists-v9/pypi/lightgbm/4.7.0/7lt84pBZReOOdD6o/src/include/LightGBM/cuda/cuda_split_info.hpp", 57); };
DEBUG                      ^
DEBUG 
DEBUG [72/76] Building CUDA object CMakeFiles/lightgbm_objs.dir/src/treelearner/cuda/cuda_histogram_constructor.cu.o
DEBUG nvcc warning : Support for offline compilation for architectures prior to '<compute/sm/lto>_75' will be removed in a future release (Use -Wno-deprecated-gpu-targets to suppress warning).
DEBUG /tmp/.tmpd3EroI/sdists-v9/pypi/lightgbm/4.7.0/7lt84pBZReOOdD6o/src/external_libs/fmt/include/fmt/base.h(472): warning #128-D: loop is not reachable
DEBUG     for (; n != 0; ++s1, ++s2, --n) {
DEBUG     ^
DEBUG           detected during:
DEBUG             instantiation of "auto fmt::v11::detail::compare(const Char *, const Char *, std::size_t)->int [with Char=char]" at line 591
DEBUG             instantiation of "auto fmt::v11::basic_string_view<Char>::compare(fmt::v11::basic_string_view<Char>) const->int [with Char=char]" at line 598
DEBUG             instantiation of class "fmt::v11::basic_string_view<Char> [with Char=char]" at line 2612
DEBUG             instantiation of "auto fmt::v11::basic_format_args<Context>::get_id(fmt::v11::basic_string_view<Char>) const->int [with Context=fmt::v11::context, Char=char]" at line 2655
DEBUG 
DEBUG Remark: The warnings can be suppressed with "-diag-suppress <warning-number>"
DEBUG 
DEBUG /tmp/.tmpd3EroI/sdists-v9/pypi/lightgbm/4.7.0/7lt84pBZReOOdD6o/src/external_libs/fmt/include/fmt/format.h(2594): warning #2417-D: constexpr constructor calls non-constexpr function "fmt::v11::basic_memory_buffer<T, SIZE, Allocator>::basic_memory_buffer(const Allocator &) [with T=fmt::v11::detail::bigint::bigit, SIZE=32UL, Allocator=fmt::v11::detail::allocator<fmt::v11::detail::bigint::bigit>]"
DEBUG     constexpr bigint() : exp_(0) {}
DEBUG                                  ^
DEBUG 
DEBUG /tmp/.tmpd3EroI/sdists-v9/pypi/lightgbm/4.7.0/7lt84pBZReOOdD6o/src/external_libs/fmt/include/fmt/base.h(472): warning #128-D: loop is not reachable
DEBUG     for (; n != 0; ++s1, ++s2, --n) {
DEBUG     ^
DEBUG           detected during:
DEBUG             instantiation of "auto fmt::v11::detail::compare(const Char *, const Char *, std::size_t)->int [with Char=char]" at line 591
DEBUG             instantiation of "auto fmt::v11::basic_string_view<Char>::compare(fmt::v11::basic_string_view<Char>) const->int [with Char=char]" at line 598
DEBUG             instantiation of class "fmt::v11::basic_string_view<Char> [with Char=char]" at line 2612
DEBUG             instantiation of "auto fmt::v11::basic_format_args<Context>::get_id(fmt::v11::basic_string_view<Char>) const->int [with Context=fmt::v11::context, Char=char]" at line 2655
DEBUG 
DEBUG Remark: The warnings can be suppressed with "-diag-suppress <warning-number>"
DEBUG 
DEBUG /tmp/.tmpd3EroI/sdists-v9/pypi/lightgbm/4.7.0/7lt84pBZReOOdD6o/src/external_libs/fmt/include/fmt/format.h(2594): warning #2417-D: constexpr constructor calls non-constexpr function "fmt::v11::basic_memory_buffer<T, SIZE, Allocator>::basic_memory_buffer(const Allocator &) [with T=fmt::v11::detail::bigint::bigit, SIZE=32UL, Allocator=fmt::v11::detail::allocator<fmt::v11::detail::bigint::bigit>]"
DEBUG     constexpr bigint() : exp_(0) {}
DEBUG                                  ^
DEBUG 
DEBUG /tmp/.tmpd3EroI/sdists-v9/pypi/lightgbm/4.7.0/7lt84pBZReOOdD6o/src/external_libs/fmt/include/fmt/base.h(472): warning #128-D: loop is not reachable
DEBUG     for (; n != 0; ++s1, ++s2, --n) {
DEBUG     ^
DEBUG           detected during:
DEBUG             instantiation of "auto fmt::v11::detail::compare(const Char *, const Char *, std::size_t)->int [with Char=char]" at line 591
DEBUG             instantiation of "auto fmt::v11::basic_string_view<Char>::compare(fmt::v11::basic_string_view<Char>) const->int [with Char=char]" at line 598
DEBUG             instantiation of class "fmt::v11::basic_string_view<Char> [with Char=char]" at line 2612
DEBUG             instantiation of "auto fmt::v11::basic_format_args<Context>::get_id(fmt::v11::basic_string_view<Char>) const->int [with Context=fmt::v11::context, Char=char]" at line 2655
DEBUG 
DEBUG Remark: The warnings can be suppressed with "-diag-suppress <warning-number>"
DEBUG 
DEBUG /tmp/.tmpd3EroI/sdists-v9/pypi/lightgbm/4.7.0/7lt84pBZReOOdD6o/src/external_libs/fmt/include/fmt/format.h(2594): warning #2417-D: constexpr constructor calls non-constexpr function "fmt::v11::basic_memory_buffer<T, SIZE, Allocator>::basic_memory_buffer(const Allocator &) [with T=fmt::v11::detail::bigint::bigit, SIZE=32UL, Allocator=fmt::v11::detail::allocator<fmt::v11::detail::bigint::bigit>]"
DEBUG     constexpr bigint() : exp_(0) {}
DEBUG                                  ^
DEBUG 
DEBUG /tmp/.tmpd3EroI/sdists-v9/pypi/lightgbm/4.7.0/7lt84pBZReOOdD6o/src/external_libs/fmt/include/fmt/base.h(472): warning #128-D: loop is not reachable
DEBUG     for (; n != 0; ++s1, ++s2, --n) {
DEBUG     ^
DEBUG           detected during:
DEBUG             instantiation of "auto fmt::v11::detail::compare(const Char *, const Char *, std::size_t)->int [with Char=char]" at line 591
DEBUG             instantiation of "auto fmt::v11::basic_string_view<Char>::compare(fmt::v11::basic_string_view<Char>) const->int [with Char=char]" at line 598
DEBUG             instantiation of class "fmt::v11::basic_string_view<Char> [with Char=char]" at line 2612
DEBUG             instantiation of "auto fmt::v11::basic_format_args<Context>::get_id(fmt::v11::basic_string_view<Char>) const->int [with Context=fmt::v11::context, Char=char]" at line 2655
DEBUG 
DEBUG Remark: The warnings can be suppressed with "-diag-suppress <warning-number>"
DEBUG 
DEBUG /tmp/.tmpd3EroI/sdists-v9/pypi/lightgbm/4.7.0/7lt84pBZReOOdD6o/src/external_libs/fmt/include/fmt/format.h(2594): warning #2417-D: constexpr constructor calls non-constexpr function "fmt::v11::basic_memory_buffer<T, SIZE, Allocator>::basic_memory_buffer(const Allocator &) [with T=fmt::v11::detail::bigint::bigit, SIZE=32UL, Allocator=fmt::v11::detail::allocator<fmt::v11::detail::bigint::bigit>]"
DEBUG     constexpr bigint() : exp_(0) {}
DEBUG                                  ^
DEBUG 
DEBUG /tmp/.tmpd3EroI/sdists-v9/pypi/lightgbm/4.7.0/7lt84pBZReOOdD6o/src/external_libs/fmt/include/fmt/base.h(472): warning #128-D: loop is not reachable
DEBUG     for (; n != 0; ++s1, ++s2, --n) {
DEBUG     ^
DEBUG           detected during:
DEBUG             instantiation of "auto fmt::v11::detail::compare(const Char *, const Char *, std::size_t)->int [with Char=char]" at line 591
DEBUG             instantiation of "auto fmt::v11::basic_string_view<Char>::compare(fmt::v11::basic_string_view<Char>) const->int [with Char=char]" at line 598
DEBUG             instantiation of class "fmt::v11::basic_string_view<Char> [with Char=char]" at line 2612
DEBUG             instantiation of "auto fmt::v11::basic_format_args<Context>::get_id(fmt::v11::basic_string_view<Char>) const->int [with Context=fmt::v11::context, Char=char]" at line 2655
DEBUG 
DEBUG Remark: The warnings can be suppressed with "-diag-suppress <warning-number>"
DEBUG 
DEBUG /tmp/.tmpd3EroI/sdists-v9/pypi/lightgbm/4.7.0/7lt84pBZReOOdD6o/src/external_libs/fmt/include/fmt/format.h(2594): warning #2417-D: constexpr constructor calls non-constexpr function "fmt::v11::basic_memory_buffer<T, SIZE, Allocator>::basic_memory_buffer(const Allocator &) [with T=fmt::v11::detail::bigint::bigit, SIZE=32UL, Allocator=fmt::v11::detail::allocator<fmt::v11::detail::bigint::bigit>]"
DEBUG     constexpr bigint() : exp_(0) {}
DEBUG                                  ^
DEBUG 
DEBUG /tmp/.tmpd3EroI/sdists-v9/pypi/lightgbm/4.7.0/7lt84pBZReOOdD6o/src/external_libs/fmt/include/fmt/base.h(472): warning #128-D: loop is not reachable
DEBUG     for (; n != 0; ++s1, ++s2, --n) {
DEBUG     ^
DEBUG           detected during:
DEBUG             instantiation of "auto fmt::v11::detail::compare(const Char *, const Char *, std::size_t)->int [with Char=char]" at line 591
DEBUG             instantiation of "auto fmt::v11::basic_string_view<Char>::compare(fmt::v11::basic_string_view<Char>) const->int [with Char=char]" at line 598
DEBUG             instantiation of class "fmt::v11::basic_string_view<Char> [with Char=char]" at line 2612
DEBUG             instantiation of "auto fmt::v11::basic_format_args<Context>::get_id(fmt::v11::basic_string_view<Char>) const->int [with Context=fmt::v11::context, Char=char]" at line 2655
DEBUG 
DEBUG Remark: The warnings can be suppressed with "-diag-suppress <warning-number>"
DEBUG 
DEBUG /tmp/.tmpd3EroI/sdists-v9/pypi/lightgbm/4.7.0/7lt84pBZReOOdD6o/src/external_libs/fmt/include/fmt/format.h(2594): warning #2417-D: constexpr constructor calls non-constexpr function "fmt::v11::basic_memory_buffer<T, SIZE, Allocator>::basic_memory_buffer(const Allocator &) [with T=fmt::v11::detail::bigint::bigit, SIZE=32UL, Allocator=fmt::v11::detail::allocator<fmt::v11::detail::bigint::bigit>]"
DEBUG     constexpr bigint() : exp_(0) {}
DEBUG                                  ^
DEBUG 
DEBUG /tmp/.tmpd3EroI/sdists-v9/pypi/lightgbm/4.7.0/7lt84pBZReOOdD6o/src/external_libs/fmt/include/fmt/base.h(472): warning #128-D: loop is not reachable
DEBUG     for (; n != 0; ++s1, ++s2, --n) {
DEBUG     ^
DEBUG           detected during:
DEBUG             instantiation of "auto fmt::v11::detail::compare(const Char *, const Char *, std::size_t)->int [with Char=char]" at line 591
DEBUG             instantiation of "auto fmt::v11::basic_string_view<Char>::compare(fmt::v11::basic_string_view<Char>) const->int [with Char=char]" at line 598
DEBUG             instantiation of class "fmt::v11::basic_string_view<Char> [with Char=char]" at line 2612
DEBUG             instantiation of "auto fmt::v11::basic_format_args<Context>::get_id(fmt::v11::basic_string_view<Char>) const->int [with Context=fmt::v11::context, Char=char]" at line 2655
DEBUG 
DEBUG Remark: The warnings can be suppressed with "-diag-suppress <warning-number>"
DEBUG 
DEBUG /tmp/.tmpd3EroI/sdists-v9/pypi/lightgbm/4.7.0/7lt84pBZReOOdD6o/src/external_libs/fmt/include/fmt/format.h(2594): warning #2417-D: constexpr constructor calls non-constexpr function "fmt::v11::basic_memory_buffer<T, SIZE, Allocator>::basic_memory_buffer(const Allocator &) [with T=fmt::v11::detail::bigint::bigit, SIZE=32UL, Allocator=fmt::v11::detail::allocator<fmt::v11::detail::bigint::bigit>]"
DEBUG     constexpr bigint() : exp_(0) {}
DEBUG                                  ^
DEBUG 
DEBUG /tmp/.tmpd3EroI/sdists-v9/pypi/lightgbm/4.7.0/7lt84pBZReOOdD6o/src/external_libs/fmt/include/fmt/base.h(472): warning #128-D: loop is not reachable
DEBUG     for (; n != 0; ++s1, ++s2, --n) {
DEBUG     ^
DEBUG           detected during:
DEBUG             instantiation of "auto fmt::v11::detail::compare(const Char *, const Char *, std::size_t)->int [with Char=char]" at line 591
DEBUG             instantiation of "auto fmt::v11::basic_string_view<Char>::compare(fmt::v11::basic_string_view<Char>) const->int [with Char=char]" at line 598
DEBUG             instantiation of class "fmt::v11::basic_string_view<Char> [with Char=char]" at line 2612
DEBUG             instantiation of "auto fmt::v11::basic_format_args<Context>::get_id(fmt::v11::basic_string_view<Char>) const->int [with Context=fmt::v11::context, Char=char]" at line 2655
DEBUG 
DEBUG Remark: The warnings can be suppressed with "-diag-suppress <warning-number>"
DEBUG 
DEBUG /tmp/.tmpd3EroI/sdists-v9/pypi/lightgbm/4.7.0/7lt84pBZReOOdD6o/src/external_libs/fmt/include/fmt/format.h(2594): warning #2417-D: constexpr constructor calls non-constexpr function "fmt::v11::basic_memory_buffer<T, SIZE, Allocator>::basic_memory_buffer(const Allocator &) [with T=fmt::v11::detail::bigint::bigit, SIZE=32UL, Allocator=fmt::v11::detail::allocator<fmt::v11::detail::bigint::bigit>]"
DEBUG     constexpr bigint() : exp_(0) {}
DEBUG                                  ^
DEBUG 
DEBUG /tmp/.tmpd3EroI/sdists-v9/pypi/lightgbm/4.7.0/7lt84pBZReOOdD6o/src/external_libs/fmt/include/fmt/base.h(472): warning #128-D: loop is not reachable
DEBUG     for (; n != 0; ++s1, ++s2, --n) {
DEBUG     ^
DEBUG           detected during:
DEBUG             instantiation of "auto fmt::v11::detail::compare(const Char *, const Char *, std::size_t)->int [with Char=char]" at line 591
DEBUG             instantiation of "auto fmt::v11::basic_string_view<Char>::compare(fmt::v11::basic_string_view<Char>) const->int [with Char=char]" at line 598
DEBUG             instantiation of class "fmt::v11::basic_string_view<Char> [with Char=char]" at line 2612
DEBUG             instantiation of "auto fmt::v11::basic_format_args<Context>::get_id(fmt::v11::basic_string_view<Char>) const->int [with Context=fmt::v11::context, Char=char]" at line 2655
DEBUG 
DEBUG Remark: The warnings can be suppressed with "-diag-suppress <warning-number>"
DEBUG 
DEBUG /tmp/.tmpd3EroI/sdists-v9/pypi/lightgbm/4.7.0/7lt84pBZReOOdD6o/src/external_libs/fmt/include/fmt/format.h(2594): warning #2417-D: constexpr constructor calls non-constexpr function "fmt::v11::basic_memory_buffer<T, SIZE, Allocator>::basic_memory_buffer(const Allocator &) [with T=fmt::v11::detail::bigint::bigit, SIZE=32UL, Allocator=fmt::v11::detail::allocator<fmt::v11::detail::bigint::bigit>]"
DEBUG     constexpr bigint() : exp_(0) {}
DEBUG                                  ^
DEBUG 
DEBUG /tmp/.tmpd3EroI/sdists-v9/pypi/lightgbm/4.7.0/7lt84pBZReOOdD6o/src/external_libs/fmt/include/fmt/base.h(472): warning #128-D: loop is not reachable
DEBUG     for (; n != 0; ++s1, ++s2, --n) {
DEBUG     ^
DEBUG           detected during:
DEBUG             instantiation of "auto fmt::v11::detail::compare(const Char *, const Char *, std::size_t)->int [with Char=char]" at line 591
DEBUG             instantiation of "auto fmt::v11::basic_string_view<Char>::compare(fmt::v11::basic_string_view<Char>) const->int [with Char=char]" at line 598
DEBUG             instantiation of class "fmt::v11::basic_string_view<Char> [with Char=char]" at line 2612
DEBUG             instantiation of "auto fmt::v11::basic_format_args<Context>::get_id(fmt::v11::basic_string_view<Char>) const->int [with Context=fmt::v11::context, Char=char]" at line 2655
DEBUG 
DEBUG Remark: The warnings can be suppressed with "-diag-suppress <warning-number>"
DEBUG 
DEBUG /tmp/.tmpd3EroI/sdists-v9/pypi/lightgbm/4.7.0/7lt84pBZReOOdD6o/src/external_libs/fmt/include/fmt/format.h(2594): warning #2417-D: constexpr constructor calls non-constexpr function "fmt::v11::basic_memory_buffer<T, SIZE, Allocator>::basic_memory_buffer(const Allocator &) [with T=fmt::v11::detail::bigint::bigit, SIZE=32UL, Allocator=fmt::v11::detail::allocator<fmt::v11::detail::bigint::bigit>]"
DEBUG     constexpr bigint() : exp_(0) {}
DEBUG                                  ^
DEBUG 
DEBUG [73/76] Building CUDA object CMakeFiles/lightgbm_objs.dir/src/treelearner/cuda/cuda_data_partition.cu.o
DEBUG nvcc warning : Support for offline compilation for architectures prior to '<compute/sm/lto>_75' will be removed in a future release (Use -Wno-deprecated-gpu-targets to suppress warning).
DEBUG /tmp/.tmpd3EroI/sdists-v9/pypi/lightgbm/4.7.0/7lt84pBZReOOdD6o/src/external_libs/fmt/include/fmt/base.h(472): warning #128-D: loop is not reachable
DEBUG     for (; n != 0; ++s1, ++s2, --n) {
DEBUG     ^
DEBUG           detected during:
DEBUG             instantiation of "auto fmt::v11::detail::compare(const Char *, const Char *, std::size_t)->int [with Char=char]" at line 591
DEBUG             instantiation of "auto fmt::v11::basic_string_view<Char>::compare(fmt::v11::basic_string_view<Char>) const->int [with Char=char]" at line 598
DEBUG             instantiation of class "fmt::v11::basic_string_view<Char> [with Char=char]" at line 2612
DEBUG             instantiation of "auto fmt::v11::basic_format_args<Context>::get_id(fmt::v11::basic_string_view<Char>) const->int [with Context=fmt::v11::context, Char=char]" at line 2655
DEBUG 
DEBUG Remark: The warnings can be suppressed with "-diag-suppress <warning-number>"
DEBUG 
DEBUG /tmp/.tmpd3EroI/sdists-v9/pypi/lightgbm/4.7.0/7lt84pBZReOOdD6o/src/external_libs/fmt/include/fmt/format.h(2594): warning #2417-D: constexpr constructor calls non-constexpr function "fmt::v11::basic_memory_buffer<T, SIZE, Allocator>::basic_memory_buffer(const Allocator &) [with T=fmt::v11::detail::bigint::bigit, SIZE=32UL, Allocator=fmt::v11::detail::allocator<fmt::v11::detail::bigint::bigit>]"
DEBUG     constexpr bigint() : exp_(0) {}
DEBUG                                  ^
DEBUG 
DEBUG /tmp/.tmpd3EroI/sdists-v9/pypi/lightgbm/4.7.0/7lt84pBZReOOdD6o/src/external_libs/fmt/include/fmt/base.h(472): warning #128-D: loop is not reachable
DEBUG     for (; n != 0; ++s1, ++s2, --n) {
DEBUG     ^
DEBUG           detected during:
DEBUG             instantiation of "auto fmt::v11::detail::compare(const Char *, const Char *, std::size_t)->int [with Char=char]" at line 591
DEBUG             instantiation of "auto fmt::v11::basic_string_view<Char>::compare(fmt::v11::basic_string_view<Char>) const->int [with Char=char]" at line 598
DEBUG             instantiation of class "fmt::v11::basic_string_view<Char> [with Char=char]" at line 2612
DEBUG             instantiation of "auto fmt::v11::basic_format_args<Context>::get_id(fmt::v11::basic_string_view<Char>) const->int [with Context=fmt::v11::context, Char=char]" at line 2655
DEBUG 
DEBUG Remark: The warnings can be suppressed with "-diag-suppress <warning-number>"
DEBUG 
DEBUG /tmp/.tmpd3EroI/sdists-v9/pypi/lightgbm/4.7.0/7lt84pBZReOOdD6o/src/external_libs/fmt/include/fmt/format.h(2594): warning #2417-D: constexpr constructor calls non-constexpr function "fmt::v11::basic_memory_buffer<T, SIZE, Allocator>::basic_memory_buffer(const Allocator &) [with T=fmt::v11::detail::bigint::bigit, SIZE=32UL, Allocator=fmt::v11::detail::allocator<fmt::v11::detail::bigint::bigit>]"
DEBUG     constexpr bigint() : exp_(0) {}
DEBUG                                  ^
DEBUG 
DEBUG /tmp/.tmpd3EroI/sdists-v9/pypi/lightgbm/4.7.0/7lt84pBZReOOdD6o/src/include/LightGBM/cuda/cuda_split_info.hpp(54): warning #20014-D: calling a __host__ function from a __host__ __device__ function is not allowed
DEBUG           { gpuAssert((cudaFree(cat_threshold)), "/tmp/.tmpd3EroI/sdists-v9/pypi/lightgbm/4.7.0/7lt84pBZReOOdD6o/src/include/LightGBM/cuda/cuda_split_info.hpp", 54); };
DEBUG                      ^
DEBUG 
DEBUG /tmp/.tmpd3EroI/sdists-v9/pypi/lightgbm/4.7.0/7lt84pBZReOOdD6o/src/include/LightGBM/cuda/cuda_split_info.hpp(57): warning #20014-D: calling a __host__ function from a __host__ __device__ function is not allowed
DEBUG           { gpuAssert((cudaFree(cat_threshold_real)), "/tmp/.tmpd3EroI/sdists-v9/pypi/lightgbm/4.7.0/7lt84pBZReOOdD6o/src/include/LightGBM/cuda/cuda_split_info.hpp", 57); };
DEBUG                      ^
DEBUG 
DEBUG /tmp/.tmpd3EroI/sdists-v9/pypi/lightgbm/4.7.0/7lt84pBZReOOdD6o/src/external_libs/fmt/include/fmt/base.h(472): warning #128-D: loop is not reachable
DEBUG     for (; n != 0; ++s1, ++s2, --n) {
DEBUG     ^
DEBUG           detected during:
DEBUG             instantiation of "auto fmt::v11::detail::compare(const Char *, const Char *, std::size_t)->int [with Char=char]" at line 591
DEBUG             instantiation of "auto fmt::v11::basic_string_view<Char>::compare(fmt::v11::basic_string_view<Char>) const->int [with Char=char]" at line 598
DEBUG             instantiation of class "fmt::v11::basic_string_view<Char> [with Char=char]" at line 2612
DEBUG             instantiation of "auto fmt::v11::basic_format_args<Context>::get_id(fmt::v11::basic_string_view<Char>) const->int [with Context=fmt::v11::context, Char=char]" at line 2655
DEBUG 
DEBUG Remark: The warnings can be suppressed with "-diag-suppress <warning-number>"
DEBUG 
DEBUG /tmp/.tmpd3EroI/sdists-v9/pypi/lightgbm/4.7.0/7lt84pBZReOOdD6o/src/external_libs/fmt/include/fmt/format.h(2594): warning #2417-D: constexpr constructor calls non-constexpr function "fmt::v11::basic_memory_buffer<T, SIZE, Allocator>::basic_memory_buffer(const Allocator &) [with T=fmt::v11::detail::bigint::bigit, SIZE=32UL, Allocator=fmt::v11::detail::allocator<fmt::v11::detail::bigint::bigit>]"
DEBUG     constexpr bigint() : exp_(0) {}
DEBUG                                  ^
DEBUG 
DEBUG /tmp/.tmpd3EroI/sdists-v9/pypi/lightgbm/4.7.0/7lt84pBZReOOdD6o/src/include/LightGBM/cuda/cuda_split_info.hpp(54): warning #20014-D: calling a __host__ function from a __host__ __device__ function is not allowed
DEBUG           { gpuAssert((cudaFree(cat_threshold)), "/tmp/.tmpd3EroI/sdists-v9/pypi/lightgbm/4.7.0/7lt84pBZReOOdD6o/src/include/LightGBM/cuda/cuda_split_info.hpp", 54); };
DEBUG                      ^
DEBUG 
DEBUG /tmp/.tmpd3EroI/sdists-v9/pypi/lightgbm/4.7.0/7lt84pBZReOOdD6o/src/include/LightGBM/cuda/cuda_split_info.hpp(57): warning #20014-D: calling a __host__ function from a __host__ __device__ function is not allowed
DEBUG           { gpuAssert((cudaFree(cat_threshold_real)), "/tmp/.tmpd3EroI/sdists-v9/pypi/lightgbm/4.7.0/7lt84pBZReOOdD6o/src/include/LightGBM/cuda/cuda_split_info.hpp", 57); };
DEBUG                      ^
DEBUG 
DEBUG /tmp/.tmpd3EroI/sdists-v9/pypi/lightgbm/4.7.0/7lt84pBZReOOdD6o/src/external_libs/fmt/include/fmt/base.h(472): warning #128-D: loop is not reachable
DEBUG     for (; n != 0; ++s1, ++s2, --n) {
DEBUG     ^
DEBUG           detected during:
DEBUG             instantiation of "auto fmt::v11::detail::compare(const Char *, const Char *, std::size_t)->int [with Char=char]" at line 591
DEBUG             instantiation of "auto fmt::v11::basic_string_view<Char>::compare(fmt::v11::basic_string_view<Char>) const->int [with Char=char]" at line 598
DEBUG             instantiation of class "fmt::v11::basic_string_view<Char> [with Char=char]" at line 2612
DEBUG             instantiation of "auto fmt::v11::basic_format_args<Context>::get_id(fmt::v11::basic_string_view<Char>) const->int [with Context=fmt::v11::context, Char=char]" at line 2655
DEBUG 
DEBUG Remark: The warnings can be suppressed with "-diag-suppress <warning-number>"
DEBUG 
DEBUG /tmp/.tmpd3EroI/sdists-v9/pypi/lightgbm/4.7.0/7lt84pBZReOOdD6o/src/external_libs/fmt/include/fmt/format.h(2594): warning #2417-D: constexpr constructor calls non-constexpr function "fmt::v11::basic_memory_buffer<T, SIZE, Allocator>::basic_memory_buffer(const Allocator &) [with T=fmt::v11::detail::bigint::bigit, SIZE=32UL, Allocator=fmt::v11::detail::allocator<fmt::v11::detail::bigint::bigit>]"
DEBUG     constexpr bigint() : exp_(0) {}
DEBUG                                  ^
DEBUG 
DEBUG /tmp/.tmpd3EroI/sdists-v9/pypi/lightgbm/4.7.0/7lt84pBZReOOdD6o/src/include/LightGBM/cuda/cuda_split_info.hpp(54): warning #20014-D: calling a __host__ function from a __host__ __device__ function is not allowed
DEBUG           { gpuAssert((cudaFree(cat_threshold)), "/tmp/.tmpd3EroI/sdists-v9/pypi/lightgbm/4.7.0/7lt84pBZReOOdD6o/src/include/LightGBM/cuda/cuda_split_info.hpp", 54); };
DEBUG                      ^
DEBUG 
DEBUG /tmp/.tmpd3EroI/sdists-v9/pypi/lightgbm/4.7.0/7lt84pBZReOOdD6o/src/include/LightGBM/cuda/cuda_split_info.hpp(57): warning #20014-D: calling a __host__ function from a __host__ __device__ function is not allowed
DEBUG           { gpuAssert((cudaFree(cat_threshold_real)), "/tmp/.tmpd3EroI/sdists-v9/pypi/lightgbm/4.7.0/7lt84pBZReOOdD6o/src/include/LightGBM/cuda/cuda_split_info.hpp", 57); };
DEBUG                      ^
DEBUG 
DEBUG /tmp/.tmpd3EroI/sdists-v9/pypi/lightgbm/4.7.0/7lt84pBZReOOdD6o/src/external_libs/fmt/include/fmt/base.h(472): warning #128-D: loop is not reachable
DEBUG     for (; n != 0; ++s1, ++s2, --n) {
DEBUG     ^
DEBUG           detected during:
DEBUG             instantiation of "auto fmt::v11::detail::compare(const Char *, const Char *, std::size_t)->int [with Char=char]" at line 591
DEBUG             instantiation of "auto fmt::v11::basic_string_view<Char>::compare(fmt::v11::basic_string_view<Char>) const->int [with Char=char]" at line 598
DEBUG             instantiation of class "fmt::v11::basic_string_view<Char> [with Char=char]" at line 2612
DEBUG             instantiation of "auto fmt::v11::basic_format_args<Context>::get_id(fmt::v11::basic_string_view<Char>) const->int [with Context=fmt::v11::context, Char=char]" at line 2655
DEBUG 
DEBUG Remark: The warnings can be suppressed with "-diag-suppress <warning-number>"
DEBUG 
DEBUG /tmp/.tmpd3EroI/sdists-v9/pypi/lightgbm/4.7.0/7lt84pBZReOOdD6o/src/external_libs/fmt/include/fmt/format.h(2594): warning #2417-D: constexpr constructor calls non-constexpr function "fmt::v11::basic_memory_buffer<T, SIZE, Allocator>::basic_memory_buffer(const Allocator &) [with T=fmt::v11::detail::bigint::bigit, SIZE=32UL, Allocator=fmt::v11::detail::allocator<fmt::v11::detail::bigint::bigit>]"
DEBUG     constexpr bigint() : exp_(0) {}
DEBUG                                  ^
DEBUG 
DEBUG /tmp/.tmpd3EroI/sdists-v9/pypi/lightgbm/4.7.0/7lt84pBZReOOdD6o/src/include/LightGBM/cuda/cuda_split_info.hpp(54): warning #20014-D: calling a __host__ function from a __host__ __device__ function is not allowed
DEBUG           { gpuAssert((cudaFree(cat_threshold)), "/tmp/.tmpd3EroI/sdists-v9/pypi/lightgbm/4.7.0/7lt84pBZReOOdD6o/src/include/LightGBM/cuda/cuda_split_info.hpp", 54); };
DEBUG                      ^
DEBUG 
DEBUG /tmp/.tmpd3EroI/sdists-v9/pypi/lightgbm/4.7.0/7lt84pBZReOOdD6o/src/include/LightGBM/cuda/cuda_split_info.hpp(57): warning #20014-D: calling a __host__ function from a __host__ __device__ function is not allowed
DEBUG           { gpuAssert((cudaFree(cat_threshold_real)), "/tmp/.tmpd3EroI/sdists-v9/pypi/lightgbm/4.7.0/7lt84pBZReOOdD6o/src/include/LightGBM/cuda/cuda_split_info.hpp", 57); };
DEBUG                      ^
DEBUG 
DEBUG /tmp/.tmpd3EroI/sdists-v9/pypi/lightgbm/4.7.0/7lt84pBZReOOdD6o/src/external_libs/fmt/include/fmt/base.h(472): warning #128-D: loop is not reachable
DEBUG     for (; n != 0; ++s1, ++s2, --n) {
DEBUG     ^
DEBUG           detected during:
DEBUG             instantiation of "auto fmt::v11::detail::compare(const Char *, const Char *, std::size_t)->int [with Char=char]" at line 591
DEBUG             instantiation of "auto fmt::v11::basic_string_view<Char>::compare(fmt::v11::basic_string_view<Char>) const->int [with Char=char]" at line 598
DEBUG             instantiation of class "fmt::v11::basic_string_view<Char> [with Char=char]" at line 2612
DEBUG             instantiation of "auto fmt::v11::basic_format_args<Context>::get_id(fmt::v11::basic_string_view<Char>) const->int [with Context=fmt::v11::context, Char=char]" at line 2655
DEBUG 
DEBUG Remark: The warnings can be suppressed with "-diag-suppress <warning-number>"
DEBUG 
DEBUG /tmp/.tmpd3EroI/sdists-v9/pypi/lightgbm/4.7.0/7lt84pBZReOOdD6o/src/external_libs/fmt/include/fmt/format.h(2594): warning #2417-D: constexpr constructor calls non-constexpr function "fmt::v11::basic_memory_buffer<T, SIZE, Allocator>::basic_memory_buffer(const Allocator &) [with T=fmt::v11::detail::bigint::bigit, SIZE=32UL, Allocator=fmt::v11::detail::allocator<fmt::v11::detail::bigint::bigit>]"
DEBUG     constexpr bigint() : exp_(0) {}
DEBUG                                  ^
DEBUG 
DEBUG /tmp/.tmpd3EroI/sdists-v9/pypi/lightgbm/4.7.0/7lt84pBZReOOdD6o/src/include/LightGBM/cuda/cuda_split_info.hpp(54): warning #20014-D: calling a __host__ function from a __host__ __device__ function is not allowed
DEBUG           { gpuAssert((cudaFree(cat_threshold)), "/tmp/.tmpd3EroI/sdists-v9/pypi/lightgbm/4.7.0/7lt84pBZReOOdD6o/src/include/LightGBM/cuda/cuda_split_info.hpp", 54); };
DEBUG                      ^
DEBUG 
DEBUG /tmp/.tmpd3EroI/sdists-v9/pypi/lightgbm/4.7.0/7lt84pBZReOOdD6o/src/include/LightGBM/cuda/cuda_split_info.hpp(57): warning #20014-D: calling a __host__ function from a __host__ __device__ function is not allowed
DEBUG           { gpuAssert((cudaFree(cat_threshold_real)), "/tmp/.tmpd3EroI/sdists-v9/pypi/lightgbm/4.7.0/7lt84pBZReOOdD6o/src/include/LightGBM/cuda/cuda_split_info.hpp", 57); };
DEBUG                      ^
DEBUG 
DEBUG /tmp/.tmpd3EroI/sdists-v9/pypi/lightgbm/4.7.0/7lt84pBZReOOdD6o/src/external_libs/fmt/include/fmt/base.h(472): warning #128-D: loop is not reachable
DEBUG     for (; n != 0; ++s1, ++s2, --n) {
DEBUG     ^
DEBUG           detected during:
DEBUG             instantiation of "auto fmt::v11::detail::compare(const Char *, const Char *, std::size_t)->int [with Char=char]" at line 591
DEBUG             instantiation of "auto fmt::v11::basic_string_view<Char>::compare(fmt::v11::basic_string_view<Char>) const->int [with Char=char]" at line 598
DEBUG             instantiation of class "fmt::v11::basic_string_view<Char> [with Char=char]" at line 2612
DEBUG             instantiation of "auto fmt::v11::basic_format_args<Context>::get_id(fmt::v11::basic_string_view<Char>) const->int [with Context=fmt::v11::context, Char=char]" at line 2655
DEBUG 
DEBUG Remark: The warnings can be suppressed with "-diag-suppress <warning-number>"
DEBUG 
DEBUG /tmp/.tmpd3EroI/sdists-v9/pypi/lightgbm/4.7.0/7lt84pBZReOOdD6o/src/external_libs/fmt/include/fmt/format.h(2594): warning #2417-D: constexpr constructor calls non-constexpr function "fmt::v11::basic_memory_buffer<T, SIZE, Allocator>::basic_memory_buffer(const Allocator &) [with T=fmt::v11::detail::bigint::bigit, SIZE=32UL, Allocator=fmt::v11::detail::allocator<fmt::v11::detail::bigint::bigit>]"
DEBUG     constexpr bigint() : exp_(0) {}
DEBUG                                  ^
DEBUG 
DEBUG /tmp/.tmpd3EroI/sdists-v9/pypi/lightgbm/4.7.0/7lt84pBZReOOdD6o/src/include/LightGBM/cuda/cuda_split_info.hpp(54): warning #20014-D: calling a __host__ function from a __host__ __device__ function is not allowed
DEBUG           { gpuAssert((cudaFree(cat_threshold)), "/tmp/.tmpd3EroI/sdists-v9/pypi/lightgbm/4.7.0/7lt84pBZReOOdD6o/src/include/LightGBM/cuda/cuda_split_info.hpp", 54); };
DEBUG                      ^
DEBUG 
DEBUG /tmp/.tmpd3EroI/sdists-v9/pypi/lightgbm/4.7.0/7lt84pBZReOOdD6o/src/include/LightGBM/cuda/cuda_split_info.hpp(57): warning #20014-D: calling a __host__ function from a __host__ __device__ function is not allowed
DEBUG           { gpuAssert((cudaFree(cat_threshold_real)), "/tmp/.tmpd3EroI/sdists-v9/pypi/lightgbm/4.7.0/7lt84pBZReOOdD6o/src/include/LightGBM/cuda/cuda_split_info.hpp", 57); };
DEBUG                      ^
DEBUG 
DEBUG /tmp/.tmpd3EroI/sdists-v9/pypi/lightgbm/4.7.0/7lt84pBZReOOdD6o/src/external_libs/fmt/include/fmt/base.h(472): warning #128-D: loop is not reachable
DEBUG     for (; n != 0; ++s1, ++s2, --n) {
DEBUG     ^
DEBUG           detected during:
DEBUG             instantiation of "auto fmt::v11::detail::compare(const Char *, const Char *, std::size_t)->int [with Char=char]" at line 591
DEBUG             instantiation of "auto fmt::v11::basic_string_view<Char>::compare(fmt::v11::basic_string_view<Char>) const->int [with Char=char]" at line 598
DEBUG             instantiation of class "fmt::v11::basic_string_view<Char> [with Char=char]" at line 2612
DEBUG             instantiation of "auto fmt::v11::basic_format_args<Context>::get_id(fmt::v11::basic_string_view<Char>) const->int [with Context=fmt::v11::context, Char=char]" at line 2655
DEBUG 
DEBUG Remark: The warnings can be suppressed with "-diag-suppress <warning-number>"
DEBUG 
DEBUG /tmp/.tmpd3EroI/sdists-v9/pypi/lightgbm/4.7.0/7lt84pBZReOOdD6o/src/external_libs/fmt/include/fmt/format.h(2594): warning #2417-D: constexpr constructor calls non-constexpr function "fmt::v11::basic_memory_buffer<T, SIZE, Allocator>::basic_memory_buffer(const Allocator &) [with T=fmt::v11::detail::bigint::bigit, SIZE=32UL, Allocator=fmt::v11::detail::allocator<fmt::v11::detail::bigint::bigit>]"
DEBUG     constexpr bigint() : exp_(0) {}
DEBUG                                  ^
DEBUG 
DEBUG /tmp/.tmpd3EroI/sdists-v9/pypi/lightgbm/4.7.0/7lt84pBZReOOdD6o/src/include/LightGBM/cuda/cuda_split_info.hpp(54): warning #20014-D: calling a __host__ function from a __host__ __device__ function is not allowed
DEBUG           { gpuAssert((cudaFree(cat_threshold)), "/tmp/.tmpd3EroI/sdists-v9/pypi/lightgbm/4.7.0/7lt84pBZReOOdD6o/src/include/LightGBM/cuda/cuda_split_info.hpp", 54); };
DEBUG                      ^
DEBUG 
DEBUG /tmp/.tmpd3EroI/sdists-v9/pypi/lightgbm/4.7.0/7lt84pBZReOOdD6o/src/include/LightGBM/cuda/cuda_split_info.hpp(57): warning #20014-D: calling a __host__ function from a __host__ __device__ function is not allowed
DEBUG           { gpuAssert((cudaFree(cat_threshold_real)), "/tmp/.tmpd3EroI/sdists-v9/pypi/lightgbm/4.7.0/7lt84pBZReOOdD6o/src/include/LightGBM/cuda/cuda_split_info.hpp", 57); };
DEBUG                      ^
DEBUG 
DEBUG /tmp/.tmpd3EroI/sdists-v9/pypi/lightgbm/4.7.0/7lt84pBZReOOdD6o/src/external_libs/fmt/include/fmt/base.h(472): warning #128-D: loop is not reachable
DEBUG     for (; n != 0; ++s1, ++s2, --n) {
DEBUG     ^
DEBUG           detected during:
DEBUG             instantiation of "auto fmt::v11::detail::compare(const Char *, const Char *, std::size_t)->int [with Char=char]" at line 591
DEBUG             instantiation of "auto fmt::v11::basic_string_view<Char>::compare(fmt::v11::basic_string_view<Char>) const->int [with Char=char]" at line 598
DEBUG             instantiation of class "fmt::v11::basic_string_view<Char> [with Char=char]" at line 2612
DEBUG             instantiation of "auto fmt::v11::basic_format_args<Context>::get_id(fmt::v11::basic_string_view<Char>) const->int [with Context=fmt::v11::context, Char=char]" at line 2655
DEBUG 
DEBUG Remark: The warnings can be suppressed with "-diag-suppress <warning-number>"
DEBUG 
DEBUG /tmp/.tmpd3EroI/sdists-v9/pypi/lightgbm/4.7.0/7lt84pBZReOOdD6o/src/external_libs/fmt/include/fmt/format.h(2594): warning #2417-D: constexpr constructor calls non-constexpr function "fmt::v11::basic_memory_buffer<T, SIZE, Allocator>::basic_memory_buffer(const Allocator &) [with T=fmt::v11::detail::bigint::bigit, SIZE=32UL, Allocator=fmt::v11::detail::allocator<fmt::v11::detail::bigint::bigit>]"
DEBUG     constexpr bigint() : exp_(0) {}
DEBUG                                  ^
DEBUG 
DEBUG /tmp/.tmpd3EroI/sdists-v9/pypi/lightgbm/4.7.0/7lt84pBZReOOdD6o/src/include/LightGBM/cuda/cuda_split_info.hpp(54): warning #20014-D: calling a __host__ function from a __host__ __device__ function is not allowed
DEBUG           { gpuAssert((cudaFree(cat_threshold)), "/tmp/.tmpd3EroI/sdists-v9/pypi/lightgbm/4.7.0/7lt84pBZReOOdD6o/src/include/LightGBM/cuda/cuda_split_info.hpp", 54); };
DEBUG                      ^
DEBUG 
DEBUG /tmp/.tmpd3EroI/sdists-v9/pypi/lightgbm/4.7.0/7lt84pBZReOOdD6o/src/include/LightGBM/cuda/cuda_split_info.hpp(57): warning #20014-D: calling a __host__ function from a __host__ __device__ function is not allowed
DEBUG           { gpuAssert((cudaFree(cat_threshold_real)), "/tmp/.tmpd3EroI/sdists-v9/pypi/lightgbm/4.7.0/7lt84pBZReOOdD6o/src/include/LightGBM/cuda/cuda_split_info.hpp", 57); };
DEBUG                      ^
DEBUG 
DEBUG /tmp/.tmpd3EroI/sdists-v9/pypi/lightgbm/4.7.0/7lt84pBZReOOdD6o/src/external_libs/fmt/include/fmt/base.h(472): warning #128-D: loop is not reachable
DEBUG     for (; n != 0; ++s1, ++s2, --n) {
DEBUG     ^
DEBUG           detected during:
DEBUG             instantiation of "auto fmt::v11::detail::compare(const Char *, const Char *, std::size_t)->int [with Char=char]" at line 591
DEBUG             instantiation of "auto fmt::v11::basic_string_view<Char>::compare(fmt::v11::basic_string_view<Char>) const->int [with Char=char]" at line 598
DEBUG             instantiation of class "fmt::v11::basic_string_view<Char> [with Char=char]" at line 2612
DEBUG             instantiation of "auto fmt::v11::basic_format_args<Context>::get_id(fmt::v11::basic_string_view<Char>) const->int [with Context=fmt::v11::context, Char=char]" at line 2655
DEBUG 
DEBUG Remark: The warnings can be suppressed with "-diag-suppress <warning-number>"
DEBUG 
DEBUG /tmp/.tmpd3EroI/sdists-v9/pypi/lightgbm/4.7.0/7lt84pBZReOOdD6o/src/external_libs/fmt/include/fmt/format.h(2594): warning #2417-D: constexpr constructor calls non-constexpr function "fmt::v11::basic_memory_buffer<T, SIZE, Allocator>::basic_memory_buffer(const Allocator &) [with T=fmt::v11::detail::bigint::bigit, SIZE=32UL, Allocator=fmt::v11::detail::allocator<fmt::v11::detail::bigint::bigit>]"
DEBUG     constexpr bigint() : exp_(0) {}
DEBUG                                  ^
DEBUG 
DEBUG /tmp/.tmpd3EroI/sdists-v9/pypi/lightgbm/4.7.0/7lt84pBZReOOdD6o/src/include/LightGBM/cuda/cuda_split_info.hpp(54): warning #20014-D: calling a __host__ function from a __host__ __device__ function is not allowed
DEBUG           { gpuAssert((cudaFree(cat_threshold)), "/tmp/.tmpd3EroI/sdists-v9/pypi/lightgbm/4.7.0/7lt84pBZReOOdD6o/src/include/LightGBM/cuda/cuda_split_info.hpp", 54); };
DEBUG                      ^
DEBUG 
DEBUG /tmp/.tmpd3EroI/sdists-v9/pypi/lightgbm/4.7.0/7lt84pBZReOOdD6o/src/include/LightGBM/cuda/cuda_split_info.hpp(57): warning #20014-D: calling a __host__ function from a __host__ __device__ function is not allowed
DEBUG           { gpuAssert((cudaFree(cat_threshold_real)), "/tmp/.tmpd3EroI/sdists-v9/pypi/lightgbm/4.7.0/7lt84pBZReOOdD6o/src/include/LightGBM/cuda/cuda_split_info.hpp", 57); };
DEBUG                      ^
DEBUG 
DEBUG [74/76] Building CUDA object CMakeFiles/lightgbm_objs.dir/src/treelearner/cuda/cuda_best_split_finder.cu.o
DEBUG nvcc warning : Support for offline compilation for architectures prior to '<compute/sm/lto>_75' will be removed in a future release (Use -Wno-deprecated-gpu-targets to suppress warning).
DEBUG /tmp/.tmpd3EroI/sdists-v9/pypi/lightgbm/4.7.0/7lt84pBZReOOdD6o/src/external_libs/fmt/include/fmt/base.h(472): warning #128-D: loop is not reachable
DEBUG     for (; n != 0; ++s1, ++s2, --n) {
DEBUG     ^
DEBUG           detected during:
DEBUG             instantiation of "auto fmt::v11::detail::compare(const Char *, const Char *, std::size_t)->int [with Char=char]" at line 591
DEBUG             instantiation of "auto fmt::v11::basic_string_view<Char>::compare(fmt::v11::basic_string_view<Char>) const->int [with Char=char]" at line 598
DEBUG             instantiation of class "fmt::v11::basic_string_view<Char> [with Char=char]" at line 2612
DEBUG             instantiation of "auto fmt::v11::basic_format_args<Context>::get_id(fmt::v11::basic_string_view<Char>) const->int [with Context=fmt::v11::context, Char=char]" at line 2655
DEBUG 
DEBUG Remark: The warnings can be suppressed with "-diag-suppress <warning-number>"
DEBUG 
DEBUG /tmp/.tmpd3EroI/sdists-v9/pypi/lightgbm/4.7.0/7lt84pBZReOOdD6o/src/external_libs/fmt/include/fmt/format.h(2594): warning #2417-D: constexpr constructor calls non-constexpr function "fmt::v11::basic_memory_buffer<T, SIZE, Allocator>::basic_memory_buffer(const Allocator &) [with T=fmt::v11::detail::bigint::bigit, SIZE=32UL, Allocator=fmt::v11::detail::allocator<fmt::v11::detail::bigint::bigit>]"
DEBUG     constexpr bigint() : exp_(0) {}
DEBUG                                  ^
DEBUG 
DEBUG /tmp/.tmpd3EroI/sdists-v9/pypi/lightgbm/4.7.0/7lt84pBZReOOdD6o/src/external_libs/fmt/include/fmt/base.h(472): warning #128-D: loop is not reachable
DEBUG     for (; n != 0; ++s1, ++s2, --n) {
DEBUG     ^
DEBUG           detected during:
DEBUG             instantiation of "auto fmt::v11::detail::compare(const Char *, const Char *, std::size_t)->int [with Char=char]" at line 591
DEBUG             instantiation of "auto fmt::v11::basic_string_view<Char>::compare(fmt::v11::basic_string_view<Char>) const->int [with Char=char]" at line 598
DEBUG             instantiation of class "fmt::v11::basic_string_view<Char> [with Char=char]" at line 2612
DEBUG             instantiation of "auto fmt::v11::basic_format_args<Context>::get_id(fmt::v11::basic_string_view<Char>) const->int [with Context=fmt::v11::context, Char=char]" at line 2655
DEBUG 
DEBUG Remark: The warnings can be suppressed with "-diag-suppress <warning-number>"
DEBUG 
DEBUG /tmp/.tmpd3EroI/sdists-v9/pypi/lightgbm/4.7.0/7lt84pBZReOOdD6o/src/external_libs/fmt/include/fmt/format.h(2594): warning #2417-D: constexpr constructor calls non-constexpr function "fmt::v11::basic_memory_buffer<T, SIZE, Allocator>::basic_memory_buffer(const Allocator &) [with T=fmt::v11::detail::bigint::bigit, SIZE=32UL, Allocator=fmt::v11::detail::allocator<fmt::v11::detail::bigint::bigit>]"
DEBUG     constexpr bigint() : exp_(0) {}
DEBUG                                  ^
DEBUG 
DEBUG /tmp/.tmpd3EroI/sdists-v9/pypi/lightgbm/4.7.0/7lt84pBZReOOdD6o/src/include/LightGBM/cuda/cuda_split_info.hpp(54): warning #20014-D: calling a __host__ function from a __host__ __device__ function is not allowed
DEBUG           { gpuAssert((cudaFree(cat_threshold)), "/tmp/.tmpd3EroI/sdists-v9/pypi/lightgbm/4.7.0/7lt84pBZReOOdD6o/src/include/LightGBM/cuda/cuda_split_info.hpp", 54); };
DEBUG                      ^
DEBUG 
DEBUG /tmp/.tmpd3EroI/sdists-v9/pypi/lightgbm/4.7.0/7lt84pBZReOOdD6o/src/include/LightGBM/cuda/cuda_split_info.hpp(57): warning #20014-D: calling a __host__ function from a __host__ __device__ function is not allowed
DEBUG           { gpuAssert((cudaFree(cat_threshold_real)), "/tmp/.tmpd3EroI/sdists-v9/pypi/lightgbm/4.7.0/7lt84pBZReOOdD6o/src/include/LightGBM/cuda/cuda_split_info.hpp", 57); };
DEBUG                      ^
DEBUG 
DEBUG /tmp/.tmpd3EroI/sdists-v9/pypi/lightgbm/4.7.0/7lt84pBZReOOdD6o/src/external_libs/fmt/include/fmt/base.h(472): warning #128-D: loop is not reachable
DEBUG     for (; n != 0; ++s1, ++s2, --n) {
DEBUG     ^
DEBUG           detected during:
DEBUG             instantiation of "auto fmt::v11::detail::compare(const Char *, const Char *, std::size_t)->int [with Char=char]" at line 591
DEBUG             instantiation of "auto fmt::v11::basic_string_view<Char>::compare(fmt::v11::basic_string_view<Char>) const->int [with Char=char]" at line 598
DEBUG             instantiation of class "fmt::v11::basic_string_view<Char> [with Char=char]" at line 2612
DEBUG             instantiation of "auto fmt::v11::basic_format_args<Context>::get_id(fmt::v11::basic_string_view<Char>) const->int [with Context=fmt::v11::context, Char=char]" at line 2655
DEBUG 
DEBUG Remark: The warnings can be suppressed with "-diag-suppress <warning-number>"
DEBUG 
DEBUG /tmp/.tmpd3EroI/sdists-v9/pypi/lightgbm/4.7.0/7lt84pBZReOOdD6o/src/external_libs/fmt/include/fmt/format.h(2594): warning #2417-D: constexpr constructor calls non-constexpr function "fmt::v11::basic_memory_buffer<T, SIZE, Allocator>::basic_memory_buffer(const Allocator &) [with T=fmt::v11::detail::bigint::bigit, SIZE=32UL, Allocator=fmt::v11::detail::allocator<fmt::v11::detail::bigint::bigit>]"
DEBUG     constexpr bigint() : exp_(0) {}
DEBUG                                  ^
DEBUG 
DEBUG /tmp/.tmpd3EroI/sdists-v9/pypi/lightgbm/4.7.0/7lt84pBZReOOdD6o/src/include/LightGBM/cuda/cuda_split_info.hpp(54): warning #20014-D: calling a __host__ function from a __host__ __device__ function is not allowed
DEBUG           { gpuAssert((cudaFree(cat_threshold)), "/tmp/.tmpd3EroI/sdists-v9/pypi/lightgbm/4.7.0/7lt84pBZReOOdD6o/src/include/LightGBM/cuda/cuda_split_info.hpp", 54); };
DEBUG                      ^
DEBUG 
DEBUG /tmp/.tmpd3EroI/sdists-v9/pypi/lightgbm/4.7.0/7lt84pBZReOOdD6o/src/include/LightGBM/cuda/cuda_split_info.hpp(57): warning #20014-D: calling a __host__ function from a __host__ __device__ function is not allowed
DEBUG           { gpuAssert((cudaFree(cat_threshold_real)), "/tmp/.tmpd3EroI/sdists-v9/pypi/lightgbm/4.7.0/7lt84pBZReOOdD6o/src/include/LightGBM/cuda/cuda_split_info.hpp", 57); };
DEBUG                      ^
DEBUG 
DEBUG /tmp/.tmpd3EroI/sdists-v9/pypi/lightgbm/4.7.0/7lt84pBZReOOdD6o/src/external_libs/fmt/include/fmt/base.h(472): warning #128-D: loop is not reachable
DEBUG     for (; n != 0; ++s1, ++s2, --n) {
DEBUG     ^
DEBUG           detected during:
DEBUG             instantiation of "auto fmt::v11::detail::compare(const Char *, const Char *, std::size_t)->int [with Char=char]" at line 591
DEBUG             instantiation of "auto fmt::v11::basic_string_view<Char>::compare(fmt::v11::basic_string_view<Char>) const->int [with Char=char]" at line 598
DEBUG             instantiation of class "fmt::v11::basic_string_view<Char> [with Char=char]" at line 2612
DEBUG             instantiation of "auto fmt::v11::basic_format_args<Context>::get_id(fmt::v11::basic_string_view<Char>) const->int [with Context=fmt::v11::context, Char=char]" at line 2655
DEBUG 
DEBUG Remark: The warnings can be suppressed with "-diag-suppress <warning-number>"
DEBUG 
DEBUG /tmp/.tmpd3EroI/sdists-v9/pypi/lightgbm/4.7.0/7lt84pBZReOOdD6o/src/external_libs/fmt/include/fmt/format.h(2594): warning #2417-D: constexpr constructor calls non-constexpr function "fmt::v11::basic_memory_buffer<T, SIZE, Allocator>::basic_memory_buffer(const Allocator &) [with T=fmt::v11::detail::bigint::bigit, SIZE=32UL, Allocator=fmt::v11::detail::allocator<fmt::v11::detail::bigint::bigit>]"
DEBUG     constexpr bigint() : exp_(0) {}
DEBUG                                  ^
DEBUG 
DEBUG /tmp/.tmpd3EroI/sdists-v9/pypi/lightgbm/4.7.0/7lt84pBZReOOdD6o/src/include/LightGBM/cuda/cuda_split_info.hpp(54): warning #20014-D: calling a __host__ function from a __host__ __device__ function is not allowed
DEBUG           { gpuAssert((cudaFree(cat_threshold)), "/tmp/.tmpd3EroI/sdists-v9/pypi/lightgbm/4.7.0/7lt84pBZReOOdD6o/src/include/LightGBM/cuda/cuda_split_info.hpp", 54); };
DEBUG                      ^
DEBUG 
DEBUG /tmp/.tmpd3EroI/sdists-v9/pypi/lightgbm/4.7.0/7lt84pBZReOOdD6o/src/include/LightGBM/cuda/cuda_split_info.hpp(57): warning #20014-D: calling a __host__ function from a __host__ __device__ function is not allowed
DEBUG           { gpuAssert((cudaFree(cat_threshold_real)), "/tmp/.tmpd3EroI/sdists-v9/pypi/lightgbm/4.7.0/7lt84pBZReOOdD6o/src/include/LightGBM/cuda/cuda_split_info.hpp", 57); };
DEBUG                      ^
DEBUG 
DEBUG /tmp/.tmpd3EroI/sdists-v9/pypi/lightgbm/4.7.0/7lt84pBZReOOdD6o/src/external_libs/fmt/include/fmt/base.h(472): warning #128-D: loop is not reachable
DEBUG     for (; n != 0; ++s1, ++s2, --n) {
DEBUG     ^
DEBUG           detected during:
DEBUG             instantiation of "auto fmt::v11::detail::compare(const Char *, const Char *, std::size_t)->int [with Char=char]" at line 591
DEBUG             instantiation of "auto fmt::v11::basic_string_view<Char>::compare(fmt::v11::basic_string_view<Char>) const->int [with Char=char]" at line 598
DEBUG             instantiation of class "fmt::v11::basic_string_view<Char> [with Char=char]" at line 2612
DEBUG             instantiation of "auto fmt::v11::basic_format_args<Context>::get_id(fmt::v11::basic_string_view<Char>) const->int [with Context=fmt::v11::context, Char=char]" at line 2655
DEBUG 
DEBUG Remark: The warnings can be suppressed with "-diag-suppress <warning-number>"
DEBUG 
DEBUG /tmp/.tmpd3EroI/sdists-v9/pypi/lightgbm/4.7.0/7lt84pBZReOOdD6o/src/external_libs/fmt/include/fmt/format.h(2594): warning #2417-D: constexpr constructor calls non-constexpr function "fmt::v11::basic_memory_buffer<T, SIZE, Allocator>::basic_memory_buffer(const Allocator &) [with T=fmt::v11::detail::bigint::bigit, SIZE=32UL, Allocator=fmt::v11::detail::allocator<fmt::v11::detail::bigint::bigit>]"
DEBUG     constexpr bigint() : exp_(0) {}
DEBUG                                  ^
DEBUG 
DEBUG /tmp/.tmpd3EroI/sdists-v9/pypi/lightgbm/4.7.0/7lt84pBZReOOdD6o/src/include/LightGBM/cuda/cuda_split_info.hpp(54): warning #20014-D: calling a __host__ function from a __host__ __device__ function is not allowed
DEBUG           { gpuAssert((cudaFree(cat_threshold)), "/tmp/.tmpd3EroI/sdists-v9/pypi/lightgbm/4.7.0/7lt84pBZReOOdD6o/src/include/LightGBM/cuda/cuda_split_info.hpp", 54); };
DEBUG                      ^
DEBUG 
DEBUG /tmp/.tmpd3EroI/sdists-v9/pypi/lightgbm/4.7.0/7lt84pBZReOOdD6o/src/include/LightGBM/cuda/cuda_split_info.hpp(57): warning #20014-D: calling a __host__ function from a __host__ __device__ function is not allowed
DEBUG           { gpuAssert((cudaFree(cat_threshold_real)), "/tmp/.tmpd3EroI/sdists-v9/pypi/lightgbm/4.7.0/7lt84pBZReOOdD6o/src/include/LightGBM/cuda/cuda_split_info.hpp", 57); };
DEBUG                      ^
DEBUG 
DEBUG /tmp/.tmpd3EroI/sdists-v9/pypi/lightgbm/4.7.0/7lt84pBZReOOdD6o/src/external_libs/fmt/include/fmt/base.h(472): warning #128-D: loop is not reachable
DEBUG     for (; n != 0; ++s1, ++s2, --n) {
DEBUG     ^
DEBUG           detected during:
DEBUG             instantiation of "auto fmt::v11::detail::compare(const Char *, const Char *, std::size_t)->int [with Char=char]" at line 591
DEBUG             instantiation of "auto fmt::v11::basic_string_view<Char>::compare(fmt::v11::basic_string_view<Char>) const->int [with Char=char]" at line 598
DEBUG             instantiation of class "fmt::v11::basic_string_view<Char> [with Char=char]" at line 2612
DEBUG             instantiation of "auto fmt::v11::basic_format_args<Context>::get_id(fmt::v11::basic_string_view<Char>) const->int [with Context=fmt::v11::context, Char=char]" at line 2655
DEBUG 
DEBUG Remark: The warnings can be suppressed with "-diag-suppress <warning-number>"
DEBUG 
DEBUG /tmp/.tmpd3EroI/sdists-v9/pypi/lightgbm/4.7.0/7lt84pBZReOOdD6o/src/external_libs/fmt/include/fmt/format.h(2594): warning #2417-D: constexpr constructor calls non-constexpr function "fmt::v11::basic_memory_buffer<T, SIZE, Allocator>::basic_memory_buffer(const Allocator &) [with T=fmt::v11::detail::bigint::bigit, SIZE=32UL, Allocator=fmt::v11::detail::allocator<fmt::v11::detail::bigint::bigit>]"
DEBUG     constexpr bigint() : exp_(0) {}
DEBUG                                  ^
DEBUG 
DEBUG /tmp/.tmpd3EroI/sdists-v9/pypi/lightgbm/4.7.0/7lt84pBZReOOdD6o/src/include/LightGBM/cuda/cuda_split_info.hpp(54): warning #20014-D: calling a __host__ function from a __host__ __device__ function is not allowed
DEBUG           { gpuAssert((cudaFree(cat_threshold)), "/tmp/.tmpd3EroI/sdists-v9/pypi/lightgbm/4.7.0/7lt84pBZReOOdD6o/src/include/LightGBM/cuda/cuda_split_info.hpp", 54); };
DEBUG                      ^
DEBUG 
DEBUG /tmp/.tmpd3EroI/sdists-v9/pypi/lightgbm/4.7.0/7lt84pBZReOOdD6o/src/include/LightGBM/cuda/cuda_split_info.hpp(57): warning #20014-D: calling a __host__ function from a __host__ __device__ function is not allowed
DEBUG           { gpuAssert((cudaFree(cat_threshold_real)), "/tmp/.tmpd3EroI/sdists-v9/pypi/lightgbm/4.7.0/7lt84pBZReOOdD6o/src/include/LightGBM/cuda/cuda_split_info.hpp", 57); };
DEBUG                      ^
DEBUG 
DEBUG /tmp/.tmpd3EroI/sdists-v9/pypi/lightgbm/4.7.0/7lt84pBZReOOdD6o/src/external_libs/fmt/include/fmt/base.h(472): warning #128-D: loop is not reachable
DEBUG     for (; n != 0; ++s1, ++s2, --n) {
DEBUG     ^
DEBUG           detected during:
DEBUG             instantiation of "auto fmt::v11::detail::compare(const Char *, const Char *, std::size_t)->int [with Char=char]" at line 591
DEBUG             instantiation of "auto fmt::v11::basic_string_view<Char>::compare(fmt::v11::basic_string_view<Char>) const->int [with Char=char]" at line 598
DEBUG             instantiation of class "fmt::v11::basic_string_view<Char> [with Char=char]" at line 2612
DEBUG             instantiation of "auto fmt::v11::basic_format_args<Context>::get_id(fmt::v11::basic_string_view<Char>) const->int [with Context=fmt::v11::context, Char=char]" at line 2655
DEBUG 
DEBUG Remark: The warnings can be suppressed with "-diag-suppress <warning-number>"
DEBUG 
DEBUG /tmp/.tmpd3EroI/sdists-v9/pypi/lightgbm/4.7.0/7lt84pBZReOOdD6o/src/external_libs/fmt/include/fmt/format.h(2594): warning #2417-D: constexpr constructor calls non-constexpr function "fmt::v11::basic_memory_buffer<T, SIZE, Allocator>::basic_memory_buffer(const Allocator &) [with T=fmt::v11::detail::bigint::bigit, SIZE=32UL, Allocator=fmt::v11::detail::allocator<fmt::v11::detail::bigint::bigit>]"
DEBUG     constexpr bigint() : exp_(0) {}
DEBUG                                  ^
DEBUG 
DEBUG /tmp/.tmpd3EroI/sdists-v9/pypi/lightgbm/4.7.0/7lt84pBZReOOdD6o/src/include/LightGBM/cuda/cuda_split_info.hpp(54): warning #20014-D: calling a __host__ function from a __host__ __device__ function is not allowed
DEBUG           { gpuAssert((cudaFree(cat_threshold)), "/tmp/.tmpd3EroI/sdists-v9/pypi/lightgbm/4.7.0/7lt84pBZReOOdD6o/src/include/LightGBM/cuda/cuda_split_info.hpp", 54); };
DEBUG                      ^
DEBUG 
DEBUG /tmp/.tmpd3EroI/sdists-v9/pypi/lightgbm/4.7.0/7lt84pBZReOOdD6o/src/include/LightGBM/cuda/cuda_split_info.hpp(57): warning #20014-D: calling a __host__ function from a __host__ __device__ function is not allowed
DEBUG           { gpuAssert((cudaFree(cat_threshold_real)), "/tmp/.tmpd3EroI/sdists-v9/pypi/lightgbm/4.7.0/7lt84pBZReOOdD6o/src/include/LightGBM/cuda/cuda_split_info.hpp", 57); };
DEBUG                      ^
DEBUG 
DEBUG /tmp/.tmpd3EroI/sdists-v9/pypi/lightgbm/4.7.0/7lt84pBZReOOdD6o/src/external_libs/fmt/include/fmt/base.h(472): warning #128-D: loop is not reachable
DEBUG     for (; n != 0; ++s1, ++s2, --n) {
DEBUG     ^
DEBUG           detected during:
DEBUG             instantiation of "auto fmt::v11::detail::compare(const Char *, const Char *, std::size_t)->int [with Char=char]" at line 591
DEBUG             instantiation of "auto fmt::v11::basic_string_view<Char>::compare(fmt::v11::basic_string_view<Char>) const->int [with Char=char]" at line 598
DEBUG             instantiation of class "fmt::v11::basic_string_view<Char> [with Char=char]" at line 2612
DEBUG             instantiation of "auto fmt::v11::basic_format_args<Context>::get_id(fmt::v11::basic_string_view<Char>) const->int [with Context=fmt::v11::context, Char=char]" at line 2655
DEBUG 
DEBUG Remark: The warnings can be suppressed with "-diag-suppress <warning-number>"
DEBUG 
DEBUG /tmp/.tmpd3EroI/sdists-v9/pypi/lightgbm/4.7.0/7lt84pBZReOOdD6o/src/external_libs/fmt/include/fmt/format.h(2594): warning #2417-D: constexpr constructor calls non-constexpr function "fmt::v11::basic_memory_buffer<T, SIZE, Allocator>::basic_memory_buffer(const Allocator &) [with T=fmt::v11::detail::bigint::bigit, SIZE=32UL, Allocator=fmt::v11::detail::allocator<fmt::v11::detail::bigint::bigit>]"
DEBUG     constexpr bigint() : exp_(0) {}
DEBUG                                  ^
DEBUG 
DEBUG /tmp/.tmpd3EroI/sdists-v9/pypi/lightgbm/4.7.0/7lt84pBZReOOdD6o/src/include/LightGBM/cuda/cuda_split_info.hpp(54): warning #20014-D: calling a __host__ function from a __host__ __device__ function is not allowed
DEBUG           { gpuAssert((cudaFree(cat_threshold)), "/tmp/.tmpd3EroI/sdists-v9/pypi/lightgbm/4.7.0/7lt84pBZReOOdD6o/src/include/LightGBM/cuda/cuda_split_info.hpp", 54); };
DEBUG                      ^
DEBUG 
DEBUG /tmp/.tmpd3EroI/sdists-v9/pypi/lightgbm/4.7.0/7lt84pBZReOOdD6o/src/include/LightGBM/cuda/cuda_split_info.hpp(57): warning #20014-D: calling a __host__ function from a __host__ __device__ function is not allowed
DEBUG           { gpuAssert((cudaFree(cat_threshold_real)), "/tmp/.tmpd3EroI/sdists-v9/pypi/lightgbm/4.7.0/7lt84pBZReOOdD6o/src/include/LightGBM/cuda/cuda_split_info.hpp", 57); };
DEBUG                      ^
DEBUG 
DEBUG /tmp/.tmpd3EroI/sdists-v9/pypi/lightgbm/4.7.0/7lt84pBZReOOdD6o/src/external_libs/fmt/include/fmt/base.h(472): warning #128-D: loop is not reachable
DEBUG     for (; n != 0; ++s1, ++s2, --n) {
DEBUG     ^
DEBUG           detected during:
DEBUG             instantiation of "auto fmt::v11::detail::compare(const Char *, const Char *, std::size_t)->int [with Char=char]" at line 591
DEBUG             instantiation of "auto fmt::v11::basic_string_view<Char>::compare(fmt::v11::basic_string_view<Char>) const->int [with Char=char]" at line 598
DEBUG             instantiation of class "fmt::v11::basic_string_view<Char> [with Char=char]" at line 2612
DEBUG             instantiation of "auto fmt::v11::basic_format_args<Context>::get_id(fmt::v11::basic_string_view<Char>) const->int [with Context=fmt::v11::context, Char=char]" at line 2655
DEBUG 
DEBUG Remark: The warnings can be suppressed with "-diag-suppress <warning-number>"
DEBUG 
DEBUG /tmp/.tmpd3EroI/sdists-v9/pypi/lightgbm/4.7.0/7lt84pBZReOOdD6o/src/external_libs/fmt/include/fmt/format.h(2594): warning #2417-D: constexpr constructor calls non-constexpr function "fmt::v11::basic_memory_buffer<T, SIZE, Allocator>::basic_memory_buffer(const Allocator &) [with T=fmt::v11::detail::bigint::bigit, SIZE=32UL, Allocator=fmt::v11::detail::allocator<fmt::v11::detail::bigint::bigit>]"
DEBUG     constexpr bigint() : exp_(0) {}
DEBUG                                  ^
DEBUG 
DEBUG /tmp/.tmpd3EroI/sdists-v9/pypi/lightgbm/4.7.0/7lt84pBZReOOdD6o/src/include/LightGBM/cuda/cuda_split_info.hpp(54): warning #20014-D: calling a __host__ function from a __host__ __device__ function is not allowed
DEBUG           { gpuAssert((cudaFree(cat_threshold)), "/tmp/.tmpd3EroI/sdists-v9/pypi/lightgbm/4.7.0/7lt84pBZReOOdD6o/src/include/LightGBM/cuda/cuda_split_info.hpp", 54); };
DEBUG                      ^
DEBUG 
DEBUG /tmp/.tmpd3EroI/sdists-v9/pypi/lightgbm/4.7.0/7lt84pBZReOOdD6o/src/include/LightGBM/cuda/cuda_split_info.hpp(57): warning #20014-D: calling a __host__ function from a __host__ __device__ function is not allowed
DEBUG           { gpuAssert((cudaFree(cat_threshold_real)), "/tmp/.tmpd3EroI/sdists-v9/pypi/lightgbm/4.7.0/7lt84pBZReOOdD6o/src/include/LightGBM/cuda/cuda_split_info.hpp", 57); };
DEBUG                      ^
DEBUG 
DEBUG /tmp/.tmpd3EroI/sdists-v9/pypi/lightgbm/4.7.0/7lt84pBZReOOdD6o/src/external_libs/fmt/include/fmt/base.h(472): warning #128-D: loop is not reachable
DEBUG     for (; n != 0; ++s1, ++s2, --n) {
DEBUG     ^
DEBUG           detected during:
DEBUG             instantiation of "auto fmt::v11::detail::compare(const Char *, const Char *, std::size_t)->int [with Char=char]" at line 591
DEBUG             instantiation of "auto fmt::v11::basic_string_view<Char>::compare(fmt::v11::basic_string_view<Char>) const->int [with Char=char]" at line 598
DEBUG             instantiation of class "fmt::v11::basic_string_view<Char> [with Char=char]" at line 2612
DEBUG             instantiation of "auto fmt::v11::basic_format_args<Context>::get_id(fmt::v11::basic_string_view<Char>) const->int [with Context=fmt::v11::context, Char=char]" at line 2655
DEBUG 
DEBUG Remark: The warnings can be suppressed with "-diag-suppress <warning-number>"
DEBUG 
DEBUG /tmp/.tmpd3EroI/sdists-v9/pypi/lightgbm/4.7.0/7lt84pBZReOOdD6o/src/external_libs/fmt/include/fmt/format.h(2594): warning #2417-D: constexpr constructor calls non-constexpr function "fmt::v11::basic_memory_buffer<T, SIZE, Allocator>::basic_memory_buffer(const Allocator &) [with T=fmt::v11::detail::bigint::bigit, SIZE=32UL, Allocator=fmt::v11::detail::allocator<fmt::v11::detail::bigint::bigit>]"
DEBUG     constexpr bigint() : exp_(0) {}
DEBUG                                  ^
DEBUG 
DEBUG /tmp/.tmpd3EroI/sdists-v9/pypi/lightgbm/4.7.0/7lt84pBZReOOdD6o/src/include/LightGBM/cuda/cuda_split_info.hpp(54): warning #20014-D: calling a __host__ function from a __host__ __device__ function is not allowed
DEBUG           { gpuAssert((cudaFree(cat_threshold)), "/tmp/.tmpd3EroI/sdists-v9/pypi/lightgbm/4.7.0/7lt84pBZReOOdD6o/src/include/LightGBM/cuda/cuda_split_info.hpp", 54); };
DEBUG                      ^
DEBUG 
DEBUG /tmp/.tmpd3EroI/sdists-v9/pypi/lightgbm/4.7.0/7lt84pBZReOOdD6o/src/include/LightGBM/cuda/cuda_split_info.hpp(57): warning #20014-D: calling a __host__ function from a __host__ __device__ function is not allowed
DEBUG           { gpuAssert((cudaFree(cat_threshold_real)), "/tmp/.tmpd3EroI/sdists-v9/pypi/lightgbm/4.7.0/7lt84pBZReOOdD6o/src/include/LightGBM/cuda/cuda_split_info.hpp", 57); };
DEBUG                      ^
DEBUG 
DEBUG [75/76] Linking CXX shared library CMakeFiles/_lightgbm.dir/cmake_device_link.o
DEBUG [76/76] Linking CXX shared library /tmp/.tmpd3EroI/sdists-v9/pypi/lightgbm/4.7.0/7lt84pBZReOOdD6o/src/lib_lightgbm.so
DEBUG *** Installing project into wheel...
DEBUG 2026-09-10 16:37:04,155 - scikit_build_core - INFO - RUN: /usr/bin/cmake --install /tmp/tmphh99ez99/build --prefix /tmp/tmphh99ez99/wheel/platlib --strip
DEBUG -- Install configuration: "Release"
DEBUG -- Installing: /tmp/tmphh99ez99/wheel/platlib/lightgbm/lib/lib_lightgbm.so
DEBUG *** Making wheel...
DEBUG *** Created lightgbm-4.7.0-py3-none-linux_x86_64.whl
DEBUG Built `lightgbm==4.7.0` into `lightgbm-4.7.0-py3-none-linux_x86_64.whl`
      Built lightgbm==4.7.0
Prepared 1 package in 5m 21s
Installed 1 package in 52ms
 + lightgbm==4.7.0
Using Python 3.12.3 environment at: /home/ubuntu/venv-ob
ENV_INSTALL_DONE
EXIT=0
