start_position,origin_id,n_predictions,single_origin_sample,duration_ms
0,124850,1,1,5.812309042084962
1,124851,1,0,2.891918004024774
2,124852,1,0,2.805739000905305
3,124853,1,0,2.7676679892465472
4,124854,1,0,2.733433968387544
5,124855,1,0,2.746548969298601
6,124856,1,0,2.734347013756633
7,124857,1,0,2.762389020062983
8,124858,1,0,2.7194690192118287
9,124859,1,0,2.725098980590701
10,124860,1,0,2.72774399491027
11,124861,1,0,2.7194389840587974
12,124862,1,0,2.711813955102116
13,124863,1,0,2.739214978646487
14,124864,1,0,2.7321020024828613
15,124865,1,0,2.7589519741013646
16,124866,1,0,2.7538019930943847
17,124867,1,1,2.9667970375157893
18,124868,1,0,2.74123897543177
19,124869,1,0,2.744705998338759
20,124870,1,0,2.7247489779256284
21,124871,1,0,2.714829985052347
22,124872,1,0,2.7192480047233403
23,124873,1,0,2.7248290134593844
24,124874,1,0,2.721071010455489
25,124875,1,0,2.7147700311616063
26,124876,1,0,2.711794979404658
27,124877,1,0,2.714499016292393
28,124878,1,0,2.7168840169906616
29,124879,1,0,2.7403279673308134
30,124880,1,0,2.702928031794727
31,124881,1,0,2.7165429783053696
32,124882,1,0,2.7117040008306503
33,124883,1,0,2.708036976400763
34,124884,1,1,2.716893970500678
35,124885,1,0,2.7134980191476643
36,124886,1,0,2.7101520099677145
37,124887,1,0,2.690013963729143
38,124888,1,0,2.7231359854340553
39,124889,1,0,2.719468029681593
40,124890,1,0,2.714078000281006
41,124891,1,0,2.6929600280709565
42,124892,1,0,2.727833983954042
43,124893,1,0,2.840183035004884
44,124894,1,0,2.714259026106447
45,124895,1,0,2.7027380419895053
46,124896,1,0,2.7125460328534245
47,124897,1,0,2.711744047701359
48,124898,1,0,2.711453998927027
49,124899,1,0,2.6980090187862515
50,124900,1,0,2.7072259690612555
51,124901,1,1,2.7159220189787447
52,124902,1,0,2.7183170313946903
53,124903,1,0,2.692718990147114
54,124904,1,0,2.720840973779559
55,124905,1,0,2.710301021579653
56,124906,1,0,2.7179859462194145
57,124907,1,0,2.6928490260615945
58,124908,1,0,2.706454019062221
59,124909,1,0,2.7159919845871627
60,124910,1,0,2.709509979467839
61,124911,1,0,2.7083380264230072
62,124912,1,0,2.715329988859594
63,124913,1,0,2.764452015981078
64,124914,1,0,2.6973680360242724
65,124915,1,0,2.70253699272871
66,124916,1,0,2.7096300036646426
67,124917,1,0,2.7110929950140417
68,124918,1,1,2.699230972211808
69,124919,1,0,3.2150470069609582
70,124920,1,0,2.705923980101943
71,124921,1,0,2.7106129564344883
72,124922,1,0,2.705411985516548
73,124923,1,0,2.702847996260971
74,124924,1,0,2.69699702039361
75,124925,1,0,2.7113539981655777
76,124926,1,0,2.703328966163099
77,124927,1,0,2.707014966290444
78,124928,1,0,2.6895939954556525
79,124929,1,0,2.7129369555041194
80,124930,1,0,2.8065500082448125
81,124931,1,0,2.696916984859854
82,124932,1,0,2.687780011910945
83,124933,1,0,2.7047309558838606
84,124934,1,0,2.695885021239519
85,124935,1,1,2.6896229828707874
86,124936,1,0,2.6947829755954444
87,124937,1,0,2.7471499633975327
88,124938,1,0,2.704811980947852
89,124939,1,0,2.6952229673042893
90,124940,1,0,2.7053619851358235
91,124941,1,0,2.708658983465284
92,124942,1,0,2.7057130355387926
93,124943,1,0,2.6876399642787874
94,124944,1,0,2.7012149803340435
95,124945,1,0,2.703297999687493
96,124946,1,0,2.8287110035307705
97,124947,1,0,2.690105000510812
98,124948,1,0,2.6986810262314975
99,124949,1,0,2.7902699657715857
100,124950,1,0,2.7009040350094438
101,124951,1,0,2.698178985156119
102,124952,1,1,2.702226978726685
103,124953,1,0,2.7054829988628626
104,124954,1,0,2.7038489934056997
105,124955,1,0,2.6909459847956896
106,124956,1,0,2.696696959901601
107,124957,1,0,2.699091040994972
108,124958,1,0,2.694071037694812
109,124959,1,0,2.6896329945884645
110,124960,1,0,2.728455001488328
111,124961,1,0,2.7005239971913397
112,124962,1,0,2.7052320074290037
113,124963,1,0,2.6953640044666827
114,124964,1,0,2.711813955102116
115,124965,1,0,2.7111140079796314
116,124966,1,0,2.6850749854929745
117,124967,1,0,2.6951030013151467
118,124968,1,0,2.701806020922959
119,124969,1,1,2.7034999802708626
120,124970,1,0,2.688892011065036
121,124971,1,0,2.7082680026069283
122,124972,1,0,2.8278689715079963
123,124973,1,0,2.692397974897176
124,124974,1,0,2.6827710098586977
125,124975,1,0,2.696736017242074
126,124976,1,0,2.6980789843946695
127,124977,1,0,2.694192051421851
128,124978,1,0,2.6818590122275054
129,124979,1,0,2.7412689523771405
130,124980,1,0,2.708018000703305
131,124981,1,0,2.694102004170418
132,124982,1,0,2.7286260155960917
133,124983,1,0,2.8229200397618115
134,124984,1,0,2.705143007915467
135,124985,1,0,2.703259000554681
136,124986,1,1,2.720621007028967
137,124987,1,0,2.7004129951819777
138,124988,1,0,2.7126860222779214
139,124989,1,0,2.695263014174998
140,124990,1,0,2.6870789588429034
141,124991,1,0,2.699661999940872
142,124992,1,0,2.703980018850416
143,124993,1,0,2.697638003155589
144,124994,1,0,2.6915970374830067
145,124995,1,0,2.7011139900423586
146,124996,1,0,2.7041599969379604
147,124997,1,0,2.694122027605772
148,124998,1,0,2.7061240398325026
149,124999,1,0,2.836835978087038
150,125000,1,0,2.717124007176608
151,125001,1,0,2.6893930044025183
152,125002,1,0,2.6975880027748644
153,125003,1,1,2.705422986764461
154,125004,1,0,2.6973169879056513
155,125005,1,0,2.679494966287166
156,125006,1,0,2.7004030416719615
157,125007,1,0,2.6912159519270062
158,125008,1,0,2.685686049517244
159,125009,1,0,2.69308005226776
160,125010,1,0,2.7173939743079245
161,125011,1,0,2.698941039852798
162,125012,1,0,2.7022259891964495
163,125013,1,0,2.7042599976994097
164,125014,1,0,2.7150699752382934
165,125015,1,0,2.7023369912058115
166,125016,1,0,2.6946819853037596
167,125017,1,0,2.6940120151266456
168,125018,1,0,2.6993509964086115
169,125019,1,0,2.6880810037255287
170,125020,1,1,2.681048004887998
171,125021,1,0,2.700273005757481
172,125022,1,0,2.7024069568142295
173,125023,1,0,2.685665967874229
174,125024,1,0,2.6966669829562306
175,125025,1,0,2.8176310006529093
176,125026,1,0,2.6991110062226653
177,125027,1,0,2.6902039535343647
178,125028,1,0,2.693690999876708
179,125029,1,0,2.6947330334223807
180,125030,1,0,2.774289983790368
181,125031,1,0,2.686938038095832
182,125032,1,0,2.696837007533759
183,125033,1,0,2.6946120196953416
184,125034,1,0,2.692729001864791
185,125035,1,0,2.6907449937425554
186,125036,1,0,2.692929992917925
187,125037,1,1,2.7008039760403335
188,125038,1,0,2.690565015655011
189,125039,1,0,2.69279902568087
190,125040,1,0,2.6926290011033416
191,125041,1,0,2.6950929895974696
192,125042,1,0,2.680997014977038
193,125043,1,0,2.7021460118703544
194,125044,1,0,2.7044510352425277
195,125045,1,0,2.7032290236093104
196,125046,1,0,2.681609010323882
197,125047,1,0,2.695153991226107
198,125048,1,0,2.710322034545243
199,125049,1,0,2.689082990400493
200,125050,1,0,2.6911059976555407
201,125051,1,0,2.7109429938718677
202,125052,1,0,2.8227699804119766
203,125053,1,0,2.705653023440391
204,125054,1,1,2.699250995647162
205,125055,1,0,2.6991210179403424
206,125056,1,0,2.698689990211278
207,125057,1,0,2.6959149981848896
208,125058,1,0,2.6840129867196083
209,125059,1,0,2.6967970188707113
210,125060,1,0,2.6996820233762264
211,125061,1,0,2.6873089955188334
212,125062,1,0,2.6870479923672974
213,125063,1,0,2.6905949926003814
214,125064,1,0,2.693620976060629
215,125065,1,0,2.6899540098384023
216,125066,1,0,2.6997620007023215
217,125067,1,0,2.6935110217891634
218,125068,1,0,2.6800360064953566
219,125069,1,0,2.675256982911378
220,125070,1,0,2.702586993109435
221,125071,1,1,2.6869979919865727
222,125072,1,0,2.6848140405490994
223,125073,1,0,2.6927590370178223
224,125074,1,0,2.695164002943784
225,125075,1,0,2.688491018489003
226,125076,1,0,2.6763890055008233
227,125077,1,0,2.7628590469248593
228,125078,1,0,2.8251050389371812
229,125079,1,0,2.69820902030915
230,125080,1,0,2.6808069669641554
231,125081,1,0,2.6982389972545207
232,125082,1,0,2.6936809881590307
233,125083,1,0,2.680136007256806
234,125084,1,0,2.6788029936142266
235,125085,1,0,2.702167024835944
236,125086,1,0,2.6995319640263915
237,125087,1,0,2.6774309808388352
238,125088,1,1,2.6922080432996154
239,125089,1,0,2.7202899800613523
240,125090,1,0,2.7042499859817326
241,125091,1,0,2.6883110404014587
242,125092,1,0,2.7013049693778157
243,125093,1,0,2.6956950314342976
244,125094,1,0,2.704801969230175
245,125095,1,0,2.6815879973582923
246,125096,1,0,2.702868019696325
247,125097,1,0,2.6990509941242635
248,125098,1,0,2.692268986720592
249,125099,1,0,2.686858002562076
250,125100,1,0,2.7073369710706174
251,125101,1,0,2.696906973142177
252,125102,1,0,2.69617501180619
253,125103,1,0,2.7097309939563274
254,125104,1,0,2.6982499985024333
255,125105,1,1,2.8241630061529577
256,125106,1,0,2.6871589943766594
257,125107,1,0,2.6926890132017434
258,125108,1,0,2.6969670434482396
259,125109,1,0,2.7023270376957953
260,125110,1,0,2.6774710277095437
261,125111,1,0,2.701506018638611
262,125112,1,0,2.706415019929409
263,125113,1,0,2.7812530170194805
264,125114,1,0,2.6866880361922085
265,125115,1,0,2.6903150137513876
266,125116,1,0,2.6992910425178707
267,125117,1,0,2.694402006454766
268,125118,1,0,2.7023169677704573
269,125119,1,0,2.6959849637933075
270,125120,1,0,2.712245041038841
271,125121,1,0,2.68543598940596
272,125122,1,1,2.6926390128210187
273,125123,1,0,2.705011982470751
274,125124,1,0,2.751166990492493
275,125125,1,0,2.6834119926206768
276,125126,1,0,2.7052329969592392
277,125127,1,0,2.696436014957726
278,125128,1,0,2.6854759780690074
279,125129,1,0,2.684993960428983
280,125130,1,0,2.6874489849433303
281,125131,1,0,2.81887297751382
282,125132,1,0,2.701675985008478
283,125133,1,0,2.6867890264838934
284,125134,1,0,2.683651982806623
285,125135,1,0,2.702917961869389
286,125136,1,0,2.677672018762678
287,125137,1,0,2.6868479908443987
288,125138,1,0,2.690655004698783
289,125139,1,1,2.683811995666474
290,125140,1,0,2.672631002496928
291,125141,1,0,2.68623698502779
292,125142,1,0,2.692819049116224
293,125143,1,0,2.6829310227185488
294,125144,1,0,2.69483303418383
295,125145,1,0,2.687699976377189
296,125146,1,0,2.689122047740966
297,125147,1,0,2.7064550085924566
298,125148,1,0,2.705171995330602
299,125149,1,0,2.6984899886883795
300,125150,1,0,2.687429019715637
301,125151,1,0,2.677561016753316
302,125152,1,0,2.6894130278378725
303,125153,1,0,2.6919880183413625
304,125154,1,0,2.6863979874178767
305,125155,1,0,2.6953640044666827
306,125156,1,1,2.6922390097752213
307,125157,1,0,2.6732130208984017
308,125158,1,0,2.814715029671788
309,125159,1,0,2.6973880012519658
310,125160,1,0,2.7016549720428884
311,125161,1,0,2.6932699838653207
312,125162,1,0,2.678913006093353
313,125163,1,0,2.6996019878424704
314,125164,1,0,2.6943120174109936
315,125165,1,0,2.681487996596843
316,125166,1,0,2.6850149733945727
317,125167,1,0,2.6854550233110785
318,125168,1,0,2.689372980967164
319,125169,1,0,2.679864992387593
320,125170,1,0,2.6968169840984046
321,125171,1,0,2.7785279671661556
322,125172,1,0,2.6837229961529374
323,125173,1,0,2.6749559910967946
324,125174,1,1,2.6943720295093954
325,125175,1,0,2.6811269926838577
326,125176,1,0,2.6848139823414385
327,125177,1,0,2.6902349782176316
328,125178,1,0,2.6859670178964734
329,125179,1,0,2.705743012484163
330,125180,1,0,2.6733229751698673
331,125181,1,0,2.6859669596888125
332,125182,1,0,2.7304990217089653
333,125183,1,0,2.689382992684841
334,125184,1,0,2.821016008965671
335,125185,1,0,2.7026680181734264
336,125186,1,0,2.692929992917925
337,125187,1,0,2.6820299681276083
338,125188,1,0,2.6797750033438206
339,125189,1,0,2.6893519680015743
340,125190,1,0,2.6909949956461787
341,125191,1,1,2.6866080006584525
342,125192,1,0,2.693930990062654
343,125193,1,0,2.689923974685371
344,125194,1,0,2.6989210164174438
345,125195,1,0,2.6684339973144233
346,125196,1,0,2.6925589772872627
347,125197,1,0,2.6912770117633045
348,125198,1,0,2.688442007638514
349,125199,1,0,2.687048981897533
350,125200,1,0,2.693310030736029
351,125201,1,0,2.6913760229945183
352,125202,1,0,2.6789939729496837
353,125203,1,0,2.695645031053573
354,125204,1,0,2.6903050020337105
355,125205,1,0,2.6837229961529374
356,125206,1,0,2.692920039407909
357,125207,1,0,2.7239970513619483
358,125208,1,1,2.6925780111923814
359,125209,1,0,2.6772409910336137
360,125210,1,0,2.6907349820248783
361,125211,1,0,2.8082429780624807
362,125212,1,0,2.6891629677265882
363,125213,1,0,2.6701269671320915
364,125214,1,0,2.6906650164164603
365,125215,1,0,2.6844340027309954
366,125216,1,0,2.678913006093353
367,125217,1,0,2.680145960766822
368,125218,1,0,2.7230560081079602
369,125219,1,0,2.690555003937334
370,125220,1,0,2.680525998584926
371,125221,1,0,2.687569009140134
372,125222,1,0,2.6898340438492596
373,125223,1,0,2.6824300293810666
374,125224,1,0,2.7138979639858007
375,125225,1,1,2.696346025913954
376,125226,1,0,2.68543598940596
377,125227,1,0,2.676257980056107
378,125228,1,0,2.6917169452644885
379,125229,1,0,2.68922297982499
380,125230,1,0,2.6988809695467353
381,125231,1,0,2.6724310009740293
382,125232,1,0,2.6884409599006176
383,125233,1,0,2.6948429876938462
384,125234,1,0,2.675976953469217
385,125235,1,0,2.691957983188331
386,125236,1,0,2.691906993277371
387,125237,1,0,2.8135530301369727
388,125238,1,0,2.6840330101549625
389,125239,1,0,2.686989028006792
390,125240,1,0,2.685195009689778
391,125241,1,0,2.679013996385038
392,125242,1,1,2.6695559499785304
393,125243,1,0,2.695153991226107
394,125244,1,0,2.6935309870168567
395,125245,1,0,2.6801759959198534
396,125246,1,0,2.6893930044025183
397,125247,1,0,2.6904139667749405
398,125248,1,0,2.680787001736462
399,125249,1,0,2.6655480032786727
400,125250,1,0,2.687759988475591
401,125251,1,0,2.68283998593688
402,125252,1,0,2.6739839813672006
403,125253,1,0,2.6795940357260406
404,125254,1,0,2.6856960030272603
405,125255,1,0,2.6722809998318553
406,125256,1,0,2.6705579948611557
407,125257,1,0,2.694121969398111
408,125258,1,0,2.6901940000243485
409,125259,1,1,2.681777987163514
410,125260,1,0,2.6922780089080334
411,125261,1,0,2.687749976757914
412,125262,1,0,2.7110130176879466
413,125263,1,0,2.676017989870161
414,125264,1,0,2.816419000737369
415,125265,1,0,2.7627089875750244
416,125266,1,0,2.6747959782369435
417,125267,1,0,2.665177977178246
418,125268,1,0,2.6819389895536005
419,125269,1,0,2.703419013414532
420,125270,1,0,2.6857060147449374
421,125271,1,0,2.677501004654914
422,125272,1,0,2.6890619774349034
423,125273,1,0,2.690966008231044
424,125274,1,0,2.671519003342837
425,125275,1,0,2.68922297982499
426,125276,1,1,2.6910959859378636
427,125277,1,0,2.690916007850319
428,125278,1,0,2.686536987312138
429,125279,1,0,2.694230992347002
430,125280,1,0,2.6867479900829494
431,125281,1,0,2.6779319741763175
432,125282,1,0,2.6883709942921996
433,125283,1,0,2.6897340430878103
434,125284,1,0,2.6852450100705028
435,125285,1,0,2.681188052520156
436,125286,1,0,2.695253991987556
437,125287,1,0,2.686578023713082
438,125288,1,0,2.6755279977805912
439,125289,1,0,2.692167996428907
440,125290,1,0,2.80893495073542
441,125291,1,0,2.6925879647023976
442,125292,1,0,2.684703969862312
443,125293,1,1,2.6964860153384507
444,125294,1,0,2.696987008675933
445,125295,1,0,2.679585013538599
446,125296,1,0,2.676338015589863
447,125297,1,0,2.688160981051624
448,125298,1,0,2.686206018552184
449,125299,1,0,2.6773400022648275
450,125300,1,0,2.710061031393707
451,125301,1,0,2.6929390151053667
452,125302,1,0,2.6762589695863426
453,125303,1,0,2.666510990820825
454,125304,1,0,2.6924380217678845
455,125305,1,0,2.694943977985531
456,125306,1,0,2.6744759525172412
457,125307,1,0,2.7003129944205284
458,125308,1,0,2.7009050245396793
459,125309,1,0,2.6893920148722827
460,125310,1,1,2.6796750025823712
461,125311,1,0,2.6925590354949236
462,125312,1,0,2.7003330178558826
463,125313,1,0,2.7080370346084237
464,125314,1,0,2.6880709920078516
465,125315,1,0,2.695174014661461
466,125316,1,0,2.711403009016067
467,125317,1,0,2.81057704705745
468,125318,1,0,2.6828409754671156
469,125319,1,0,2.6941910036839545
470,125320,1,0,2.697418036404997
471,125321,1,0,2.67853302648291
472,125322,1,0,2.691355999559164
473,125323,1,0,2.69401102559641
474,125324,1,0,2.6823499938473105
475,125325,1,0,2.6814480079337955
476,125326,1,0,2.6901349774561822
477,125327,1,1,2.6930999592877924
478,125328,1,0,2.6804860099218786
479,125329,1,0,2.6933099725283682
480,125330,1,0,2.6898739743046463
481,125331,1,0,2.6898140204139054
482,125332,1,0,2.6771100237965584
483,125333,1,0,2.6933099725283682
484,125334,1,0,2.6959649985656142
485,125335,1,0,2.82466399949044
486,125336,1,0,2.6949740131385624
487,125337,1,0,2.6892019668594003
488,125338,1,0,2.7050210046581924
489,125339,1,0,2.686296997126192
490,125340,1,0,2.6846540276892483
491,125341,1,0,2.694502007216215
492,125342,1,0,2.6919280062429607
493,125343,1,0,2.821307978592813
494,125344,1,1,2.702136989682913
495,125345,1,0,2.723807003349066
496,125346,1,0,2.694631984923035
497,125347,1,0,2.6861560181714594
498,125348,1,0,2.7140179881826043
499,125349,1,0,2.7280249632894993
500,125350,1,0,2.701645018532872
501,125351,1,0,2.689532993827015
502,125352,1,0,2.6944620185531676
503,125353,1,0,2.6965260040014982
504,125354,1,0,2.6993220089934766
505,125355,1,0,2.685285988263786
506,125356,1,0,2.694041992072016
507,125357,1,0,2.688802022021264
508,125358,1,0,2.6848139823414385
509,125359,1,0,2.7434529620222747
510,125360,1,0,2.6983299758285284
511,125361,1,1,2.683871949557215
512,125362,1,0,2.6882810052484274
513,125363,1,0,2.695724950172007
514,125364,1,0,2.6898239739239216
515,125365,1,0,2.6739549939520657
516,125366,1,0,2.679495024494827
517,125367,1,0,2.693370042834431
518,125368,1,0,2.685685991309583
519,125369,1,0,2.6814379962161183
520,125370,1,0,2.8040859615430236
521,125371,1,0,2.684634004253894
522,125372,1,0,2.6889120345003903
523,125373,1,0,2.6748559903353453
524,125374,1,0,2.6866469997912645
525,125375,1,0,2.685585990548134
526,125376,1,0,2.690644992981106
527,125377,1,0,2.683011000044644
528,125378,1,1,2.691055997274816
529,125379,1,0,2.6925589772872627
530,125380,1,0,2.6913670008070767
531,125381,1,0,2.690373978111893
532,125382,1,0,2.6897640200331807
533,125383,1,0,2.677720971405506
534,125384,1,0,2.6666810153983533
535,125385,1,0,2.687840024009347
536,125386,1,0,2.687348984181881
537,125387,1,0,2.681787998881191
538,125388,1,0,2.6938709779642522
539,125389,1,0,2.6881409576162696
540,125390,1,0,2.676878997590393
541,125391,1,0,2.6881000376306474
542,125392,1,0,2.7019260451197624
543,125393,1,0,2.6923679979518056
544,125394,1,0,2.6845239917747676
545,125395,1,1,2.7028879849240184
546,125396,1,0,2.808423014357686
547,125397,1,0,2.7038700063712895
548,125398,1,0,2.6833919691853225
549,125399,1,0,2.683622995391488
550,125400,1,0,2.685996994841844
551,125401,1,0,2.6766390074044466
552,125402,1,0,2.664857020135969
553,125403,1,0,2.6915770140476525
554,125404,1,0,2.6954039931297302
555,125405,1,0,2.682469959836453
556,125406,1,0,2.7240070048719645
557,125407,1,0,2.6967969606630504
558,125408,1,0,2.690035034902394
559,125409,1,0,2.6682729949243367
560,125410,1,0,2.6882009697146714
561,125411,1,0,2.684233011677861
562,125412,1,1,2.674745977856219
563,125413,1,0,2.682380029000342
564,125414,1,0,2.6813679724000394
565,125415,1,0,2.6850149733945727
566,125416,1,0,2.6643960154615343
567,125417,1,0,2.6908150175586343
568,125418,1,0,2.68566602608189
569,125419,1,0,2.6821900391951203
570,125420,1,0,2.6851349975913763
571,125421,1,0,2.6983299758285284
572,125422,1,0,2.6909459847956896
573,125423,1,0,2.80009803827852
574,125424,1,0,2.6879399665631354
575,125425,1,0,2.68881197553128
576,125426,1,0,2.6870990404859185
577,125427,1,0,2.6656389818526804
578,125428,1,0,2.6829109992831945
579,125429,1,1,2.7424710569903255
580,125430,1,0,2.679564990103245
581,125431,1,0,2.678523014765233
582,125432,1,0,2.684815030079335
583,125433,1,0,2.6892430032603443
584,125434,1,0,2.6697670109570026
585,125435,1,0,2.68028600839898
586,125436,1,0,2.6857859920710325
587,125437,1,0,2.672592003364116
588,125438,1,0,2.6740849716588855
589,125439,1,0,2.6841929648071527
590,125440,1,0,2.6792940334416926
591,125441,1,0,2.6723709888756275
592,125442,1,0,2.67923396313563
593,125443,1,0,2.687219006475061
594,125444,1,0,2.6813580188900232
595,125445,1,0,2.68582598073408
596,125446,1,1,2.685105020646006
597,125447,1,0,2.686797990463674
598,125448,1,0,2.6693150284700096
599,125449,1,0,2.8013710398226976
600,125450,1,0,2.6946119614876807
601,125451,1,0,2.688460983335972
602,125452,1,0,2.664146013557911
603,125453,1,0,2.686017018277198
604,125454,1,0,2.6940020034089684
605,125455,1,0,2.6757080340757966
606,125456,1,0,2.6838420308195055
607,125457,1,0,2.6865979889407754
608,125458,1,0,2.673232986126095
609,125459,1,0,2.6776610175147653
610,125460,1,0,2.6810779818333685
611,125461,1,0,2.6830610004253685
612,125462,1,0,2.6946230209432542
613,125463,1,1,2.685985993593931
614,125464,1,0,2.6828909758478403
615,125465,1,0,2.6794849545694888
616,125466,1,0,2.674004004802555
617,125467,1,0,2.6853149756789207
618,125468,1,0,2.6975979562848806
619,125469,1,0,2.680065983440727
620,125470,1,0,2.6912559987977147
621,125471,1,0,2.6836019824258983
622,125472,1,0,2.681777987163514
623,125473,1,0,2.6806470123119652
624,125474,1,0,2.695103990845382
625,125475,1,0,2.692919981200248
626,125476,1,0,2.803683979436755
627,125477,1,0,2.6766989612951875
628,125478,1,0,2.700903976801783
629,125479,1,0,2.694181981496513
630,125480,1,1,2.6846739929169416
631,125481,1,0,2.695052942726761
632,125482,1,0,2.6857759803533554
633,125483,1,0,2.681558020412922
634,125484,1,0,2.676449017599225
635,125485,1,0,2.687850035727024
636,125486,1,0,2.694202004931867
637,125487,1,0,2.679735014680773
638,125488,1,0,2.6916469796560705
639,125489,1,0,2.697338000871241
640,125490,1,0,2.699081029277295
641,125491,1,0,2.6843539671972394
642,125492,1,0,2.6907449937425554
643,125493,1,0,2.6885310071520507
644,125494,1,0,2.674425020813942
645,125495,1,0,2.679735014680773
646,125496,1,0,2.6990509941242635
647,125497,1,0,2.6912670000456274
648,125498,1,1,2.6748659438453615
649,125499,1,0,2.694202004931867
650,125500,1,0,2.70915002329275
651,125501,1,0,2.680787001736462
652,125502,1,0,2.801480994094163
653,125503,1,0,2.6935700443573296
654,125504,1,0,2.6976080262102187
655,125505,1,0,2.6776909944601357
656,125506,1,0,2.682399994228035
657,125507,1,0,2.6929790037684143
658,125508,1,0,2.706304017920047
659,125509,1,0,2.6703079929575324
660,125510,1,0,2.692418987862766
661,125511,1,0,2.6968769961968064
662,125512,1,0,2.6788730174303055
663,125513,1,0,2.6784430374391377
664,125514,1,0,2.717074006795883
665,125515,1,1,2.696916984859854
666,125516,1,0,2.676038013305515
667,125517,1,0,2.6875000330619514
668,125518,1,0,2.694131981115788
669,125519,1,0,2.6869589928537607
670,125520,1,0,2.70822795573622
671,125521,1,0,2.688059990759939
672,125522,1,0,2.689432993065566
673,125523,1,0,2.7458369731903076
674,125524,1,0,2.684894949197769
675,125525,1,0,2.7022059657610953
676,125526,1,0,2.694532973691821
677,125527,1,0,2.681478043086827
678,125528,1,0,2.696626994293183
679,125529,1,0,2.8177399653941393
680,125530,1,0,2.691246976610273
681,125531,1,0,2.6776609593071043
682,125532,1,1,2.6887719868682325
683,125533,1,0,2.695024013519287
684,125534,1,0,2.6763779460452497
685,125535,1,0,2.688902022782713
686,125536,1,0,2.7067349874414504
687,125537,1,0,2.711333043407649
688,125538,1,0,2.6928589795716107
689,125539,1,0,2.7049920172430575
690,125540,1,0,2.71926901768893
691,125541,1,0,2.7140380116179585
692,125542,1,0,2.697938005439937
693,125543,1,0,2.7416700031608343
694,125544,1,0,2.7110629598610103
695,125545,1,0,2.7114839758723974
696,125546,1,0,2.690616005565971
697,125547,1,0,2.923657011706382
698,125548,1,0,2.717363997362554
699,125549,1,1,2.7388539747335017
700,125550,1,0,2.707536972593516
701,125551,1,0,2.6938719674944878
702,125552,1,0,2.766666002571583
703,125553,1,0,2.7185569633729756
704,125554,1,0,2.717704977840185
705,125555,1,0,2.828461001627147
706,125556,1,0,2.7072160155512393
707,125557,1,0,2.733375004027039
708,125558,1,0,2.7279239729978144
709,125559,1,0,2.698739990592003
710,125560,1,0,2.6967160520143807
711,125561,1,0,2.703087986446917
712,125562,1,0,2.7574889827519655
713,125563,1,0,2.7417700039222836
714,125564,1,0,2.7572480030357838
715,125565,1,0,2.77005200041458
716,125566,1,1,2.7094699908047915
717,125567,1,0,2.753891982138157
718,125568,1,0,2.7823550044558942
719,125569,1,0,2.7032889775000513
720,125570,1,0,2.7793889748863876
721,125571,1,0,2.717694966122508
722,125572,1,0,2.7043900336138904
723,125573,1,0,2.7476209797896445
724,125574,1,0,2.706073981244117
725,125575,1,0,2.713627996854484
726,125576,1,0,2.694252005312592
727,125577,1,0,2.6989200268872082
728,125578,1,0,2.7052920195274055
729,125579,1,0,2.703859005123377
730,125580,1,0,2.6934699853882194
731,125581,1,0,2.709109045099467
732,125582,1,0,2.839351014699787
733,125583,1,1,2.70253699272871
734,125584,1,0,2.697847958188504
735,125585,1,0,2.737082017119974
736,125586,1,0,2.719498996157199
737,125587,1,0,2.705242019146681
738,125588,1,0,2.698530035559088
739,125589,1,0,2.7069849893450737
740,125590,1,0,2.701656019780785
741,125591,1,0,2.7000129921361804
742,125592,1,0,2.695473958738148
743,125593,1,0,2.8248640010133386
744,125594,1,0,2.709739957936108
745,125595,1,0,2.713638008572161
746,125596,1,0,2.6993119972757995
747,125597,1,0,2.7096800040453672
748,125598,1,0,2.706433995626867
749,125599,1,0,2.696135954465717
750,125600,1,1,2.6996820233762264
751,125601,1,0,2.714259026106447
752,125602,1,0,2.708547981455922
753,125603,1,0,2.714189002290368
754,125604,1,0,2.6961159892380238
755,125605,1,0,2.7052430086769164
756,125606,1,0,2.7550450176931918
757,125607,1,0,2.7026470052078366
758,125608,1,0,2.825925999786705
759,125609,1,0,2.7302380185574293
760,125610,1,0,2.703328966163099
761,125611,1,0,2.7036190149374306
762,125612,1,0,2.6868179556913674
763,125613,1,0,2.710631990339607
764,125614,1,0,2.7107829810120165
765,125615,1,0,2.683021011762321
766,125616,1,0,2.694631984923035
767,125617,1,1,2.7069849893450737
768,125618,1,0,2.7028379845432937
769,125619,1,0,2.688971988391131
770,125620,1,0,2.702007011976093
771,125621,1,0,2.698819967918098
772,125622,1,0,2.701245015487075
773,125623,1,0,2.694471972063184
774,125624,1,0,2.7060440042987466
775,125625,1,0,2.707617008127272
776,125626,1,0,2.7007540338672698
777,125627,1,0,2.6952640037052333
778,125628,1,0,2.7086480404250324
779,125629,1,0,2.7129860245622694
780,125630,1,0,2.69776803907007
781,125631,1,0,2.7029680204577744
782,125632,1,0,2.710913016926497
783,125633,1,0,2.7067859773524106
784,125634,1,1,2.698889991734177
785,125635,1,0,2.822309033945203
786,125636,1,0,2.705923980101943
787,125637,1,0,2.7159330202266574
788,125638,1,0,2.6975079672411084
789,125639,1,0,2.709430002141744
790,125640,1,0,2.767227008007467
791,125641,1,0,2.706073981244117
792,125642,1,0,2.6885709958150983
793,125643,1,0,2.6975079672411084
794,125644,1,0,2.707836974877864
795,125645,1,0,2.7062739827670157
796,125646,1,0,2.7012749924324453
797,125647,1,0,2.6945829740725458
798,125648,1,0,2.7108119684271514
799,125649,1,0,2.7164630009792745
800,125650,1,0,2.6920479722321033
801,125651,1,1,2.703429025132209
802,125652,1,0,2.7119540027342737
803,125653,1,0,2.7105220360681415
804,125654,1,0,2.692257985472679
805,125655,1,0,2.708398038521409
806,125656,1,0,2.7097509591840208
807,125657,1,0,2.696726005524397
808,125658,1,0,2.699592034332454
809,125659,1,0,2.709930995479226
810,125660,1,0,2.7178050368092954
811,125661,1,0,2.8211469762027264
812,125662,1,0,2.68705899361521
813,125663,1,0,2.7098910068161786
814,125664,1,0,2.708687970880419
815,125665,1,0,2.69488402409479
816,125666,1,0,2.6891930028796196
817,125667,1,0,2.701203979086131
818,125668,1,1,2.7200799668207765
819,125669,1,0,2.6907550054602325
820,125670,1,0,2.705303020775318
821,125671,1,0,2.7030889759771526
822,125672,1,0,2.7053719968535006
823,125673,1,0,2.689191955141723
824,125674,1,0,2.7073759702034295
825,125675,1,0,2.7009439654648304
826,125676,1,0,2.701875986531377
827,125677,1,0,2.6854859897866845
828,125678,1,0,2.7059130370616913
829,125679,1,0,2.709660038817674
830,125680,1,0,2.7054829988628626
831,125681,1,0,2.7040200075134635
832,125682,1,0,2.713848021812737
833,125683,1,0,2.7159819728694856
834,125684,1,0,2.6961760013364255
835,125685,1,1,2.7036090032197535
836,125686,1,0,2.7561159804463387
837,125687,1,0,2.7109719812870026
838,125688,1,0,2.8269269969314337
839,125689,1,0,2.6886819978244603
840,125690,1,0,2.7063440065830946
841,125691,1,0,2.706364030018449
842,125692,1,0,2.700934011954814
843,125693,1,0,2.7051420183852315
844,125694,1,0,2.7113629621453583
845,125695,1,0,2.7426620363257825
846,125696,1,0,2.7358889929018915
847,125697,1,0,2.697558025829494
848,125698,1,0,2.706203958950937
849,125699,1,0,2.7022360009141266
850,125700,1,0,2.6914369664154947
851,125701,1,0,2.6960049872286618
852,125702,1,1,2.7112539974041283
853,125703,1,0,2.704621001612395
854,125704,1,0,2.6864270330406725
855,125705,1,0,2.7182860067114234
856,125706,1,0,2.6979779941029847
857,125707,1,0,2.690494991838932
858,125708,1,0,2.6951339677907526
859,125709,1,0,2.709108986891806
860,125710,1,0,2.741991018410772
861,125711,1,0,2.7246380341239274
862,125712,1,0,2.724799036514014
863,125713,1,0,2.7100910083390772
864,125714,1,0,2.8250140021555126
865,125715,1,0,2.7028879849240184
866,125716,1,0,2.7159019955433905
867,125717,1,0,2.7401469997130334
868,125718,1,0,2.7059639687649906
869,125719,1,1,2.6955640059895813
870,125720,1,0,2.7552350074984133
871,125721,1,0,2.7488829800859094
872,125722,1,0,2.703058999031782
873,125723,1,0,2.7104619657620788
874,125724,1,0,2.6970470207743347
875,125725,1,0,2.706213970668614
876,125726,1,0,2.7125460328534245
877,125727,1,0,2.7028280310332775
878,125728,1,0,2.6939509552903473
879,125729,1,0,2.7048009796999395
880,125730,1,0,2.7060339925810695
881,125731,1,0,2.695103990845382
882,125732,1,0,2.702275989577174
883,125733,1,0,2.7028979966416955
884,125734,1,0,2.7007440221495926
885,125735,1,0,2.696135954465717
886,125736,1,1,2.7132470277138054
887,125737,1,0,2.7084379689767957
888,125738,1,0,2.702317025978118
889,125739,1,0,2.691606990993023
890,125740,1,0,2.7099610306322575
891,125741,1,0,2.827218035236001
892,125742,1,0,2.702747005969286
893,125743,1,0,2.7562070172280073
894,125744,1,0,2.7289959834888577
895,125745,1,0,2.752830972895026
896,125746,1,0,2.7126959757879376
897,125747,1,0,2.6970469625666738
898,125748,1,0,2.703007950913161
899,125749,1,0,2.717404975555837
900,125750,1,0,2.707906998693943
901,125751,1,0,2.692868991289288
902,125752,1,0,2.7059330022893846
903,125753,1,1,2.7023970033042133
904,125754,1,0,2.7095100376755
905,125755,1,0,2.6845739921554923
906,125756,1,0,2.7042210567742586
907,125757,1,0,2.705332008190453
908,125758,1,0,2.6873790193349123
909,125759,1,0,2.694682974833995
910,125760,1,0,2.70969100529328
911,125761,1,0,2.7119949809275568
912,125762,1,0,2.6937209768220782
913,125763,1,0,2.710983040742576
914,125764,1,0,2.7029889752157032
915,125765,1,0,2.6980689726769924
916,125766,1,0,2.6850549620576203
917,125767,1,0,2.8197939973324537
918,125768,1,0,2.708318002987653
919,125769,1,0,2.700223005376756
920,125770,1,1,2.6931100292131305
921,125771,1,0,2.7113130199722946
922,125772,1,0,2.709430002141744
923,125773,1,0,2.6990000042133033
924,125774,1,0,2.6816289755515754
925,125775,1,0,2.707517007365823
926,125776,1,0,2.7117549907416105
927,125777,1,0,2.700955024920404
928,125778,1,0,2.7085290057584643
929,125779,1,0,2.715029986575246
930,125780,1,0,2.8352229855954647
931,125781,1,0,2.710753004066646
932,125782,1,0,2.6882910169661045
933,125783,1,0,2.716502989642322
934,125784,1,0,2.702286990825087
935,125785,1,0,2.699181030038744
936,125786,1,0,2.695954986847937
937,125787,1,1,2.706694998778403
938,125788,1,0,2.7041099965572357
939,125789,1,0,2.6895030168816447
940,125790,1,0,2.6988799800164998
941,125791,1,0,2.696104987990111
942,125792,1,0,2.7077069971710443
943,125793,1,0,2.6943920529447496
944,125794,1,0,2.813683997374028
945,125795,1,0,2.6961559779010713
946,125796,1,0,2.700212993659079
947,125797,1,0,2.682299993466586
948,125798,1,0,2.711604000069201
949,125799,1,0,2.7044910239055753
950,125800,1,0,2.743723976891488
951,125801,1,0,2.6821589563041925
952,125802,1,0,2.701746008824557
953,125803,1,0,2.751237014308572
954,125804,1,0,2.798966015689075
955,125805,1,1,2.7341049863025546
956,125806,1,0,2.7079469873569906
957,125807,1,0,2.7128359652124345
958,125808,1,0,2.7212920249439776
959,125809,1,0,2.698359952773899
960,125810,1,0,2.69537401618436
961,125811,1,0,2.699781965930015
962,125812,1,0,2.712254994548857
963,125813,1,0,2.6891419547609985
964,125814,1,0,2.7040099957957864
965,125815,1,0,2.7037299587391317
966,125816,1,0,2.6962049887515604
967,125817,1,0,2.7038799598813057
968,125818,1,0,2.7065249742008746
969,125819,1,0,2.7064139721915126
970,125820,1,0,2.821667992975563
971,125821,1,0,2.6926890132017434
972,125822,1,1,2.704060054384172
973,125823,1,0,2.708196989260614
974,125824,1,0,2.6963260024785995
975,125825,1,0,2.682880964130163
976,125826,1,0,2.758099988568574
977,125827,1,0,2.7095399564132094
978,125828,1,0,2.6969570317305624
979,125829,1,0,2.705153019633144
980,125830,1,0,2.7126960339955986
981,125831,1,0,2.712495974265039
982,125832,1,0,2.698028984013945
983,125833,1,0,2.7009850018657744
984,125834,1,0,2.700673008803278
985,125835,1,0,2.721102035138756
986,125836,1,0,2.6946020079776645
987,125837,1,0,2.6970370090566576
988,125838,1,0,2.7097210404463112
989,125839,1,1,2.7046710019931197
990,125840,1,0,2.684213046450168
991,125841,1,0,2.7073660166934133
992,125842,1,0,2.6995219523087144
993,125843,1,0,2.702366968151182
994,125844,1,0,2.695112954825163
995,125845,1,0,2.7017350075766444
996,125846,1,0,2.712495974265039
997,125847,1,0,2.809165045619011
998,125848,1,0,2.6800460182130337
999,125849,1,0,2.7001029811799526
1000,125850,1,0,2.7080269646830857
1001,125851,1,0,2.6952839689329267
1002,125852,1,0,2.7013749931938946
1003,125853,1,0,2.717314986512065
1004,125854,1,0,2.7070859796367586
1005,125855,1,0,2.6907760184258223
1006,125856,1,1,2.7168640517629683
1007,125857,1,0,2.7057130355387926
1008,125858,1,0,2.6998320245184004
1009,125859,1,0,2.6806769892573357
1010,125860,1,0,2.7015659725293517
1011,125861,1,0,2.708889020141214
1012,125862,1,0,2.69378098892048
1013,125863,1,0,2.695474016945809
1014,125864,1,0,2.717293973546475
1015,125865,1,0,2.7064140303991735
1016,125866,1,0,2.704540966078639
1017,125867,1,0,2.71440896904096
1018,125868,1,0,2.708648971747607
1019,125869,1,0,2.700554032344371
1020,125870,1,0,2.6930890162475407
1021,125871,1,0,2.703078032936901
1022,125872,1,0,2.711053006350994
1023,125873,1,1,2.967187960166484
1024,125874,1,0,2.7036889805458486
1025,125875,1,0,2.686718013137579
1026,125876,1,0,2.7118840371258557
1027,125877,1,0,2.7074660174548626
1028,125878,1,0,2.688320993911475
1029,125879,1,0,2.6913959882222116
1030,125880,1,0,2.699081029277295
1031,125881,1,0,2.7007340104319155
1032,125882,1,0,2.6901140226982534
1033,125883,1,0,2.7035490493290126
1034,125884,1,0,2.69797898363322
1035,125885,1,0,2.689111977815628
1036,125886,1,0,2.683533006347716
1037,125887,1,0,2.6971670449711382
1038,125888,1,0,2.7100220322608948
1039,125889,1,0,2.6917869690805674
1040,125890,1,1,2.6903749676421285
1041,125891,1,0,2.703578968066722
1042,125892,1,0,2.7229549596086144
1043,125893,1,0,2.685105020646006
1044,125894,1,0,2.69911001669243
1045,125895,1,0,2.710972970817238
1046,125896,1,0,2.743542951066047
1047,125897,1,0,2.68648803466931
1048,125898,1,0,2.7095109689980745
1049,125899,1,0,2.7134179836139083
1050,125900,1,0,2.8306340100243688
1051,125901,1,0,2.6897729840129614
1052,125902,1,0,2.7011240017600358
1053,125903,1,0,2.6938910013996065
1054,125904,1,0,2.696426003240049
1055,125905,1,0,2.676118048839271
1056,125906,1,0,2.6951730251312256
1057,125907,1,1,2.6977990055456758
1058,125908,1,0,2.716433024033904
1059,125909,1,0,2.7396059595048428
1060,125910,1,0,2.7235960005782545
1061,125911,1,0,2.697198011446744
1062,125912,1,0,2.693690999876708
1063,125913,1,0,2.6923679979518056
1064,125914,1,0,2.7072359807789326
1065,125915,1,0,2.703798993024975
1066,125916,1,0,2.695875009521842
1067,125917,1,0,2.697417978197336
1068,125918,1,0,2.7029680204577744
1069,125919,1,0,2.6899140211753547
1070,125920,1,0,2.736820955760777
1071,125921,1,0,2.704279962927103
1072,125922,1,0,2.701725985389203
1073,125923,1,0,2.6924789999611676
1074,125924,1,1,2.7048609917983413
1075,125925,1,0,2.7075569960288703
1076,125926,1,0,2.830493962392211
1077,125927,1,0,2.6976889930665493
1078,125928,1,0,2.6891829911619425
1079,125929,1,0,2.710631990339607
1080,125930,1,0,2.7052719960920513
1081,125931,1,0,2.691116009373218
1082,125932,1,0,2.6971269981004298
1083,125933,1,0,2.6969669852405787
1084,125934,1,0,2.693229995202273
1085,125935,1,0,2.6897229836322367
1086,125936,1,0,2.707084990106523
1087,125937,1,0,2.697216987144202
1088,125938,1,0,2.6975980144925416
1089,125939,1,0,2.7024970040656626
1090,125940,1,0,2.7031389763578773
1091,125941,1,1,2.6997719542123377
1092,125942,1,0,2.6924689882434905
1093,125943,1,0,2.692668989766389
1094,125944,1,0,2.70276702940464
1095,125945,1,0,2.701725985389203
1096,125946,1,0,2.691756992135197
1097,125947,1,0,2.7127760113216937
1098,125948,1,0,2.7017759857699275
1099,125949,1,0,2.6993509964086115
1100,125950,1,0,2.681048004887998
1101,125951,1,0,2.702757017686963
1102,125952,1,0,2.703659003600478
1103,125953,1,0,2.829001983627677
1104,125954,1,0,2.7012949576601386
1105,125955,1,0,2.7021760470233858
1106,125956,1,0,2.700052980799228
1107,125957,1,0,2.7061839937232435
1108,125958,1,1,2.6878800126723945
1109,125959,1,0,2.704892016481608
1110,125960,1,0,2.7011249912902713
1111,125961,1,0,2.6998729445040226
1112,125962,1,0,2.6891030138358474
1113,125963,1,0,2.702157013118267
1114,125964,1,0,2.700132958125323
1115,125965,1,0,2.6946529978886247
1116,125966,1,0,2.7131069800816476
1117,125967,1,0,2.752400003373623
1118,125968,1,0,2.711053006350994
1119,125969,1,0,2.687540021724999
1120,125970,1,0,2.7001830167137086
1121,125971,1,0,2.686937979888171
1122,125972,1,0,2.684194012545049
1123,125973,1,0,2.6897729840129614
1124,125974,1,0,2.702516969293356
1125,125975,1,1,2.706614963244647
1126,125976,1,0,2.687119005713612
1127,125977,1,0,2.690244000405073
1128,125978,1,0,2.7031080098822713
1129,125979,1,0,2.827879972755909
1130,125980,1,0,2.7021770365536213
1131,125981,1,0,2.6920679956674576
1132,125982,1,0,2.703328966163099
1133,125983,1,0,2.698178985156119
1134,125984,1,0,2.692589012440294
1135,125985,1,0,2.695103990845382
1136,125986,1,0,2.69496301189065
1137,125987,1,0,2.693630987778306
1138,125988,1,0,2.6859960053116083
1139,125989,1,0,2.7013650396838784
1140,125990,1,0,2.7386840083636343
1141,125991,1,0,2.6980789843946695
1142,125992,1,1,2.7011249912902713
1143,125993,1,0,2.695575007237494
1144,125994,1,0,2.698689990211278
1145,125995,1,0,2.6914769550785422
1146,125996,1,0,2.6989109464921057
1147,125997,1,0,2.702858007978648
1148,125998,1,0,2.703889971598983
1149,125999,1,0,2.686086983885616
1150,126000,1,0,2.7033090009354055
1151,126001,1,0,2.7051320066675544
1152,126002,1,0,2.685985993593931
1153,126003,1,0,2.7035389794036746
1154,126004,1,0,2.6998029788956046
1155,126005,1,0,2.7061239816248417
1156,126006,1,0,2.837176958564669
1157,126007,1,0,2.6848840061575174
1158,126008,1,0,2.699250995647162
1159,126009,1,1,2.7007129974663258
1160,126010,1,0,2.6917480281554163
1161,126011,1,0,2.7591719990596175
1162,126012,1,0,2.7117140125483274
1163,126013,1,0,2.696426003240049
1164,126014,1,0,2.6927489670924842
1165,126015,1,0,2.6859770296141505
1166,126016,1,0,2.6877400232478976
1167,126017,1,0,2.69197701709345
1168,126018,1,0,2.686457009986043
1169,126019,1,0,2.7015749947167933
1170,126020,1,0,2.7065250324085355
1171,126021,1,0,2.694934024475515
1172,126022,1,0,2.6997519889846444
1173,126023,1,0,2.700914046727121
1174,126024,1,0,2.704120008274913
1175,126025,1,0,2.6924690464511514
1176,126026,1,1,2.699973003473133
1177,126027,1,0,2.6948029990307987
1178,126028,1,0,2.7073160163126886
1179,126029,1,0,2.686246996745467
1180,126030,1,0,2.706133993342519
1181,126031,1,0,2.7004730072803795
1182,126032,1,0,2.8242230182513595
1183,126033,1,0,2.6966960285790265
1184,126034,1,0,2.6945629506371915
1185,126035,1,0,2.7008840115740895
1186,126036,1,0,2.704841026570648
1187,126037,1,0,2.689373039174825
1188,126038,1,0,2.7004629955627024
1189,126039,1,0,2.7195579605177045
1190,126040,1,0,2.713988011237234
1191,126041,1,0,2.6806769892573357
1192,126042,1,0,2.7058839914388955
1193,126043,1,1,2.7110630180686712
1194,126044,1,0,2.705182007048279
1195,126045,1,0,2.7021970017813146
1196,126046,1,0,2.7081770240329206
1197,126047,1,0,2.703970007132739
1198,126048,1,0,2.720119955483824
1199,126049,1,0,2.6972380001097918
1200,126050,1,0,2.7071760268881917
1201,126051,1,0,2.704961982090026
1202,126052,1,0,2.6902540121227503
1203,126053,1,0,2.7147699729539454
1204,126054,1,0,2.709350024815649
1205,126055,1,0,2.706976025365293
1206,126056,1,0,2.689724031370133
1207,126057,1,0,2.722223987802863
1208,126058,1,0,2.7123260078951716
1209,126059,1,0,2.8376069967634976
1210,126060,1,1,2.7366800350137055
1211,126061,1,0,2.7009339537471533
1212,126062,1,0,2.6945120189338923
1213,126063,1,0,2.6980090187862515
1214,126064,1,0,2.688951964955777
1215,126065,1,0,2.6995519874617457
1216,126066,1,0,2.6993720093742013
1217,126067,1,0,2.7067759656347334
1218,126068,1,0,2.6964860153384507
1219,126069,1,0,2.7110929950140417
1220,126070,1,0,2.7095300029031932
1221,126071,1,0,2.699722012039274
1222,126072,1,0,2.696687006391585
1223,126073,1,0,2.7054219972342253
1224,126074,1,0,2.699941978789866
1225,126075,1,0,2.6861969963647425
1226,126076,1,0,2.7364710113033652
1227,126077,1,1,2.730328997131437
1228,126078,1,0,2.7362099499441683
1229,126079,1,0,2.6939510134980083
1230,126080,1,0,2.7069749776273966
1231,126081,1,0,2.7023369912058115
1232,126082,1,0,2.697628049645573
1233,126083,1,0,2.686708001419902
1234,126084,1,0,3.6885440349578857
1235,126085,1,0,2.99543997971341
1236,126086,1,0,2.705182007048279
1237,126087,1,0,2.6973269996233284
1238,126088,1,0,2.7049510390497744
1239,126089,1,0,2.703578968066722
1240,126090,1,0,2.7099819853901863
1241,126091,1,0,2.69339099759236
1242,126092,1,0,2.731991990003735
1243,126093,1,0,2.8048070380464196
1244,126094,1,1,2.7434329967945814
1245,126095,1,0,2.6912169996649027
1246,126096,1,0,2.698299998883158
1247,126097,1,0,2.7045710012316704
1248,126098,1,0,2.705592953134328
1249,126099,1,0,2.692649024538696
1250,126100,1,0,2.696656039915979
1251,126101,1,0,2.7293969760648906
1252,126102,1,0,2.720190037507564
1253,126103,1,0,2.6954439817927778
1254,126104,1,0,2.753872948233038
1255,126105,1,0,2.7333240141160786
1256,126106,1,0,2.71383801009506
1257,126107,1,0,2.7009949553757906
1258,126108,1,0,2.7097510173916817
1259,126109,1,0,2.7037300169467926
1260,126110,1,0,2.6996220112778246
1261,126111,1,1,2.6840330101549625
1262,126112,1,0,2.8101869975216687
1263,126113,1,0,2.6962659903801978
1264,126114,1,0,2.687208994757384
1265,126115,1,0,2.680746023543179
1266,126116,1,0,2.700684010051191
1267,126117,1,0,2.7234560111537576
1268,126118,1,0,2.6962360134348273
1269,126119,1,0,2.678412012755871
1270,126120,1,0,2.690855006221682
1271,126121,1,0,2.694282040465623
1272,126122,1,0,2.68659699941054
1273,126123,1,0,2.701245015487075
1274,126124,1,0,2.70091398851946
1275,126125,1,0,2.6928699808195233
1276,126126,1,0,2.676578995306045
1277,126127,1,0,2.6941419928334653
1278,126128,1,0,2.7099010185338557
1279,126129,1,1,2.686868014279753
1280,126130,1,0,2.6951339677907526
1281,126131,1,0,2.7140379534102976
1282,126132,1,0,2.7065849862992764
1283,126133,1,0,2.6990509941242635
1284,126134,1,0,2.7050719945691526
1285,126135,1,0,2.7134980191476643
1286,126136,1,0,2.7064550085924566
1287,126137,1,0,2.7045710012316704
1288,126138,1,0,2.8686049627140164
1289,126139,1,0,2.7195190195925534
1290,126140,1,0,2.7163330232724547
1291,126141,1,0,2.6929000159725547
1292,126142,1,0,2.7017660322599113
1293,126143,1,0,2.703409001696855
1294,126144,1,0,2.7041600551456213
1295,126145,1,0,2.6939510134980083
1296,126146,1,1,2.7020960114896297
1297,126147,1,0,2.7013449580408633
1298,126148,1,0,2.7097699930891395
1299,126149,1,0,2.6861560181714594
1300,126150,1,0,2.6969669852405787
1301,126151,1,0,2.6933900080621243
1302,126152,1,0,2.6910760207101703
1303,126153,1,0,2.691677014809102
1304,126154,1,0,2.707896986976266
1305,126155,1,0,2.6956850197166204
1306,126156,1,0,2.695304050575942
1307,126157,1,0,2.705854014493525
1308,126158,1,0,2.6975080254487693
1309,126159,1,0,2.691087021958083
1310,126160,1,0,2.675546973478049
1311,126161,1,0,2.719890035223216
1312,126162,1,0,2.7368409791961312
1313,126163,1,1,2.7180560282431543
1314,126164,1,0,2.7168430387973785
1315,126165,1,0,2.826576994266361
1316,126166,1,0,2.718025993090123
1317,126167,1,0,2.7157020522281528
1318,126168,1,0,2.690093999262899
1319,126169,1,0,2.7000019908882678
1320,126170,1,0,2.6951030013151467
1321,126171,1,0,2.6892430032603443
1322,126172,1,0,2.6802460197359324
1323,126173,1,0,2.70928000099957
1324,126174,1,0,2.6968069723807275
1325,126175,1,0,2.6996820233762264
1326,126176,1,0,2.698700991459191
1327,126177,1,0,2.865860005840659
1328,126178,1,0,2.76549399131909
1329,126179,1,0,2.7342860121279955
1330,126180,1,1,2.777696994598955
1331,126181,1,0,2.7673980221152306
1332,126182,1,0,2.7422410203143954
1333,126183,1,0,2.742570999544114
1334,126184,1,0,2.7798909577541053
1335,126185,1,0,2.686386986169964
1336,126186,1,0,2.7018660330213606
1337,126187,1,0,2.7049509808421135
1338,126188,1,0,2.772006031591445
1339,126189,1,0,2.6829210110008717
1340,126190,1,0,2.7107629575766623
1341,126191,1,0,2.8740050038322806
1342,126192,1,0,2.7039500419050455
1343,126193,1,0,2.7341149980202317
1344,126194,1,0,2.772748004645109
1345,126195,1,0,2.7042500441893935
1346,126196,1,0,2.7450660127215087
1347,126197,1,1,2.7721759979613125
1348,126198,1,0,2.772948006168008
1349,126199,1,0,2.7518189745023847
1350,126200,1,0,2.737522008828819
1351,126201,1,0,2.7059439453296363
1352,126202,1,0,2.7393950149416924
1353,126203,1,0,2.7725969557650387
1354,126204,1,0,2.7671270072460175
1355,126205,1,0,2.755364985205233
1356,126206,1,0,2.7774660266004503
1357,126207,1,0,2.6894829934462905
1358,126208,1,0,2.7111730305477977
1359,126209,1,0,2.781222981866449
1360,126210,1,0,2.707475970964879
1361,126211,1,0,2.6875989860855043
1362,126212,1,0,2.723786048591137
1363,126213,1,0,2.74591805646196
1364,126214,1,1,2.7785879792645574
1365,126215,1,0,2.7344870031811297
1366,126216,1,0,2.731071028392762
1367,126217,1,0,2.7576389838941395
1368,126218,1,0,2.8366759652271867
1369,126219,1,0,2.784679993055761
1370,126220,1,0,2.739856019616127
1371,126221,1,0,2.705031947698444
1372,126222,1,0,2.7067349874414504
1373,126223,1,0,2.7636309969238937
1374,126224,1,0,2.7544329641386867
1375,126225,1,0,2.71224498283118
1376,126226,1,0,2.7318010106682777
1377,126227,1,0,2.7769049629569054
1378,126228,1,0,2.7486520120874047
1379,126229,1,0,2.6932000182569027
1380,126230,1,0,2.749815001152456
1381,126231,1,1,2.743543009273708
1382,126232,1,0,2.781343995593488
1383,126233,1,0,2.732652996201068
1384,126234,1,0,2.7325229602865875
1385,126235,1,0,2.7064040186814964
1386,126236,1,0,2.7746499981731176
1387,126237,1,0,2.7418399695307016
1388,126238,1,0,2.6994019863195717
1389,126239,1,0,2.700844022911042
1390,126240,1,0,2.710982982534915
1391,126241,1,0,2.68876098562032
1392,126242,1,0,2.7068849885836244
1393,126243,1,0,2.7064140303991735
1394,126244,1,0,2.8311460046097636
1395,126245,1,0,2.702708006836474
1396,126246,1,0,2.7464989689178765
1397,126247,1,0,2.6994820218533278
1398,126248,1,1,2.7068150229752064
1399,126249,1,0,2.694230992347002
1400,126250,1,0,2.692007983569056
1401,126251,1,0,2.698248950764537
1402,126252,1,0,2.6977990055456758
1403,126253,1,0,2.68600694835186
1404,126254,1,0,2.697867981623858
1405,126255,1,0,2.7008840115740895
1406,126256,1,0,2.6968360180035233
1407,126257,1,0,2.694241004064679
1408,126258,1,0,2.7109929942525923
1409,126259,1,0,2.703237987589091
1410,126260,1,0,2.695453993510455
1411,126261,1,0,2.7079979772679508
1412,126262,1,0,2.70547199761495
1413,126263,1,0,2.7432829956524074
1414,126264,1,0,2.6954140048474073
1415,126265,1,1,2.697578980587423
1416,126266,1,0,2.7070960495620966
1417,126267,1,0,2.7056330000050366
1418,126268,1,0,2.7050719945691526
1419,126269,1,0,2.9961210093460977
1420,126270,1,0,2.6924280100502074
1421,126271,1,0,2.8281399863772094
1422,126272,1,0,2.702526981011033
1423,126273,1,0,2.691788016818464
1424,126274,1,0,2.6968070305883884
1425,126275,1,0,2.7112640091218054
1426,126276,1,0,2.704811980947852
1427,126277,1,0,2.6990200276486576
1428,126278,1,0,2.7045609895139933
1429,126279,1,0,2.7071760268881917
1430,126280,1,0,2.699461008887738
1431,126281,1,0,2.688460983335972
1432,126282,1,1,2.7080769650638103
1433,126283,1,0,2.704750979319215
1434,126284,1,0,2.6933610206469893
1435,126285,1,0,2.6886810082942247
1436,126286,1,0,2.701975987292826
1437,126287,1,0,2.7000830159522593
1438,126288,1,0,2.689232991542667
1439,126289,1,0,2.7059129788540304
1440,126290,1,0,2.7168140513822436
1441,126291,1,0,2.702035999391228
1442,126292,1,0,2.684783947188407
1443,126293,1,0,2.741420001257211
1444,126294,1,0,2.706064027734101
1445,126295,1,0,2.710322034545243
1446,126296,1,0,2.6908459840342402
1447,126297,1,0,2.8388400096446276
1448,126298,1,0,2.74188001640141
1449,126299,1,1,2.7081480366177857
1450,126300,1,0,2.698299998883158
1451,126301,1,0,2.7017659740522504
1452,126302,1,0,2.712104993406683
1453,126303,1,0,2.7092300006188452
1454,126304,1,0,2.6925780111923814
1455,126305,1,0,2.716082031838596
1456,126306,1,0,2.7122150058858097
1457,126307,1,0,2.727413026150316
1458,126308,1,0,2.7100510196760297
1459,126309,1,0,2.7186169754713774
1460,126310,1,0,2.7072459924966097
1461,126311,1,0,2.747651014942676
1462,126312,1,0,2.690083987545222
1463,126313,1,0,2.7226840029470623
1464,126314,1,0,2.7085180045105517
1465,126315,1,0,2.742953016422689
1466,126316,1,1,2.7172340196557343
1467,126317,1,0,2.702778030652553
1468,126318,1,0,2.7134480187669396
1469,126319,1,0,2.686858002562076
1470,126320,1,0,2.7034080121666193
1471,126321,1,0,2.7179360040463507
1472,126322,1,0,2.7165330247953534
1473,126323,1,0,2.6915670023299754
1474,126324,1,0,2.8714200016111135
1475,126325,1,0,2.742842014413327
1476,126326,1,0,2.7790190069936216
1477,126327,1,0,2.7130059897899628
1478,126328,1,0,2.698600001167506
1479,126329,1,0,2.735748013947159
1480,126330,1,0,2.708088024519384
1481,126331,1,0,2.7056930121034384
1482,126332,1,0,2.6903950492851436
1483,126333,1,1,2.707266015931964
1484,126334,1,0,2.701917022932321
1485,126335,1,0,2.7065050089731812
1486,126336,1,0,2.694613009225577
1487,126337,1,0,2.6991909835487604
1488,126338,1,0,2.717095019761473
1489,126339,1,0,2.7997770230285823
1490,126340,1,0,2.7734889881685376
1491,126341,1,0,2.7036399696953595
1492,126342,1,0,2.7014249935746193
1493,126343,1,0,2.703520003706217
1494,126344,1,0,2.683792030438781
1495,126345,1,0,2.700123004615307
1496,126346,1,0,2.7047210023738444
1497,126347,1,0,2.687699976377189
1498,126348,1,0,2.705662976950407
1499,126349,1,0,2.6998519897460938
1500,126350,1,1,2.8248040471225977
1501,126351,1,0,2.6931099710054696
1502,126352,1,0,2.6900539523921907
1503,126353,1,0,2.709740016143769
1504,126354,1,0,2.7031180215999484
1505,126355,1,0,2.695474016945809
1506,126356,1,0,2.6943020056933165
1507,126357,1,0,2.7048109914176166
1508,126358,1,0,2.7009040350094438
1509,126359,1,0,2.6906260172836483
1510,126360,1,0,2.699501987081021
1511,126361,1,0,2.6954839704558253
1512,126362,1,0,2.744855999480933
1513,126363,1,0,2.6883110404014587
1514,126364,1,0,2.706234052311629
1515,126365,1,0,2.7037800173275173
1516,126366,1,0,2.70389998331666
1517,126367,1,1,2.6888420106843114
1518,126368,1,0,2.709509979467839
1519,126369,1,0,2.702457015402615
1520,126370,1,0,2.7013050275854766
1521,126371,1,0,2.6933110202662647
1522,126372,1,0,2.7162720216438174
1523,126373,1,0,2.705492952372879
1524,126374,1,0,2.6903750258497894
1525,126375,1,0,2.7091700467281044
1526,126376,1,0,2.7125559863634408
1527,126377,1,0,2.8647370054386556
1528,126378,1,0,2.6965459692291915
1529,126379,1,0,2.7039400301873684
1530,126380,1,0,2.6963159907609224
1531,126381,1,0,2.7048419578932226
1532,126382,1,0,2.688391017727554
1533,126383,1,0,2.7049119817093015
1534,126384,1,1,2.7019159751944244
1535,126385,1,0,2.6995220105163753
1536,126386,1,0,2.732221968472004
1537,126387,1,0,2.7047719922848046
1538,126388,1,0,2.7065250324085355
1539,126389,1,0,2.6989009929820895
1540,126390,1,0,2.688041015062481
1541,126391,1,0,2.7068560011684895
1542,126392,1,0,2.7453459915705025
1543,126393,1,0,2.746960031799972
1544,126394,1,0,2.686396997887641
1545,126395,1,0,2.700564044062048
1546,126396,1,0,2.7059830026701093
1547,126397,1,0,2.7746809646487236
1548,126398,1,0,2.6985100121237338
1549,126399,1,0,2.708087966311723
1550,126400,1,0,2.708768006414175
1551,126401,1,1,2.708247979171574
1552,126402,1,0,2.701335004530847
1553,126403,1,0,2.8369459905661643
1554,126404,1,0,2.6995519874617457
1555,126405,1,0,2.7109330403618515
1556,126406,1,0,2.6846639811992645
1557,126407,1,0,2.711754001211375
1558,126408,1,0,2.7007029857486486
1559,126409,1,0,2.7222640346735716
1560,126410,1,0,2.7334539918228984
1561,126411,1,0,2.703759993892163
1562,126412,1,0,2.722353965509683
1563,126413,1,0,2.6923089753836393
1564,126414,1,0,2.6970370090566576
1565,126415,1,0,2.6964159915223718
1566,126416,1,0,2.6990410406142473
1567,126417,1,0,2.686327963601798
1568,126418,1,1,2.694982977118343
1569,126419,1,0,2.7426209999248385
1570,126420,1,0,2.697617979720235
1571,126421,1,0,2.6828409754671156
1572,126422,1,0,2.70294799702242
1573,126423,1,0,2.710130997002125
1574,126424,1,0,2.704300975892693
1575,126425,1,0,2.6957449736073613
1576,126426,1,0,2.7046309551224113
1577,126427,1,0,2.704941958654672
1578,126428,1,0,2.695453993510455
1579,126429,1,0,2.687299042008817
1580,126430,1,0,2.8251640032976866
1581,126431,1,0,2.7057730476371944
1582,126432,1,0,2.694010967388749
1583,126433,1,0,2.74340296164155
1584,126434,1,0,2.7167940279468894
1585,126435,1,0,2.7019770350307226
1586,126436,1,1,2.69581499742344
1587,126437,1,0,2.6936610229313374
1588,126438,1,0,2.6991809718310833
1589,126439,1,0,2.7432619826868176
1590,126440,1,0,2.7496250113472342
1591,126441,1,0,2.73755204398185
1592,126442,1,0,2.714418980758637
1593,126443,1,0,2.8027830412611365
1594,126444,1,0,2.704471000470221
1595,126445,1,0,2.6889220462180674
1596,126446,1,0,2.6954439817927778
1597,126447,1,0,2.7376520447432995
1598,126448,1,0,2.7329340227879584
1599,126449,1,0,2.6914870250038803
1600,126450,1,0,2.707155013922602
1601,126451,1,0,2.7054420206695795
1602,126452,1,0,2.687619999051094
1603,126453,1,1,2.6951839681714773
1604,126454,1,0,2.6979079702869058
1605,126455,1,0,2.696916984859854
1606,126456,1,0,2.811008016578853
1607,126457,1,0,2.6871479931287467
1608,126458,1,0,2.704280021134764
1609,126459,1,0,2.702397992834449
1610,126460,1,0,2.685596002265811
1611,126461,1,0,2.697888994589448
1612,126462,1,0,2.7091990341432393
1613,126463,1,0,2.6890129665844142
1614,126464,1,0,2.6869290159083903
1615,126465,1,0,2.70711601478979
1616,126466,1,0,2.6947129517793655
1617,126467,1,0,2.683682949282229
1618,126468,1,0,2.6946620200760663
1619,126469,1,0,2.70606396952644
1620,126470,1,1,2.6975079672411084
1621,126471,1,0,2.6876500342041254
1622,126472,1,0,2.7036090032197535
1623,126473,1,0,2.7084689936600626
1624,126474,1,0,2.7013649814762175
1625,126475,1,0,2.6879299548454583
1626,126476,1,0,2.707596984691918
1627,126477,1,0,2.7077270206063986
1628,126478,1,0,2.6894829934462905
1629,126479,1,0,2.7008949546143413
1630,126480,1,0,2.706454019062221
1631,126481,1,0,2.709000022150576
1632,126482,1,0,2.690766006708145
1633,126483,1,0,2.8176509658806026
1634,126484,1,0,2.7038799598813057
1635,126485,1,0,2.706614963244647
1636,126486,1,0,2.697627991437912
1637,126487,1,1,2.7103020111098886
1638,126488,1,0,2.699530974496156
1639,126489,1,0,2.6973269996233284
1640,126490,1,0,2.678892982657999
1641,126491,1,0,2.704359998460859
1642,126492,1,0,2.703228034079075
1643,126493,1,0,2.686167019419372
1644,126494,1,0,2.6883709942921996
1645,126495,1,0,2.6975179789587855
1646,126496,1,0,2.698329044505954
1647,126497,1,0,2.6878599892370403
1648,126498,1,0,2.780231006909162
1649,126499,1,0,2.710300963371992
1650,126500,1,0,2.7091390220448375
1651,126501,1,0,2.6929599698632956
1652,126502,1,0,2.6976080262102187
1653,126503,1,0,2.7858209796249866
1654,126504,1,1,2.7065050089731812
1655,126505,1,0,2.6948529994115233
1656,126506,1,0,2.7106020133942366
1657,126507,1,0,2.7053130324929953
1658,126508,1,0,2.7191279805265367
1659,126509,1,0,2.8131119906902313
1660,126510,1,0,2.693129994440824
1661,126511,1,0,2.7052219957113266
1662,126512,1,0,2.741528965998441
1663,126513,1,0,2.7059129788540304
1664,126514,1,0,2.69862002460286
1665,126515,1,0,2.710861968807876
1666,126516,1,0,2.6987710152752697
1667,126517,1,0,2.693540998734534
1668,126518,1,0,2.706464030779898
1669,126519,1,0,2.7063440065830946
1670,126520,1,0,2.7017059619538486
1671,126521,1,1,2.686017018277198
1672,126522,1,0,2.701404970139265
1673,126523,1,0,2.701314981095493
1674,126524,1,0,2.7069959905929863
1675,126525,1,0,2.6771300472319126
1676,126526,1,0,2.7952289674431086
1677,126527,1,0,2.717245020903647
1678,126528,1,0,2.708718995563686
1679,126529,1,0,2.6924590347334743
1680,126530,1,0,2.7037300169467926
1681,126531,1,0,2.704120008274913
1682,126532,1,0,2.697959018405527
1683,126533,1,0,2.6995320222340524
1684,126534,1,0,2.711282984819263
1685,126535,1,0,2.713618043344468
1686,126536,1,0,2.8187530115246773
1687,126537,1,0,2.6841440121643245
1688,126538,1,1,2.7044909656979144
1689,126539,1,0,2.711743989493698
1690,126540,1,0,2.695654984563589
1691,126541,1,0,2.743322984315455
1692,126542,1,0,2.738845010753721
1693,126543,1,0,2.71265598712489
1694,126544,1,0,2.6910959859378636
1695,126545,1,0,2.701074001379311
1696,126546,1,0,2.7084079920314252
1697,126547,1,0,2.7023269794881344
1698,126548,1,0,2.694220980629325
1699,126549,1,0,2.7736889896914363
1700,126550,1,0,2.74012703448534
1701,126551,1,0,2.699422009754926
1702,126552,1,0,2.6913570472970605
1703,126553,1,0,2.6906959828920662
1704,126554,1,0,2.707074978388846
1705,126555,1,1,2.6978979585692286
1706,126556,1,0,2.6943920529447496
1707,126557,1,0,2.709319000132382
1708,126558,1,0,2.705854014493525
1709,126559,1,0,2.701404970139265
1710,126560,1,0,2.6940219686366618
1711,126561,1,0,2.718366973567754
1712,126562,1,0,2.8382180025801063
1713,126563,1,0,2.7102120220661163
1714,126564,1,0,2.6831119903363287
1715,126565,1,0,2.698739990592003
1716,126566,1,0,2.6933299959637225
1717,126567,1,0,2.688592008780688
1718,126568,1,0,2.6912359753623605
1719,126569,1,0,2.690444001927972
1720,126570,1,0,2.6887020212598145
1721,126571,1,0,2.670759044121951
1722,126572,1,1,2.696735959034413
1723,126573,1,0,2.7010749909095466
1724,126574,1,0,2.6892030145972967
1725,126575,1,0,2.6904449914582074
1726,126576,1,0,2.697617979720235
1727,126577,1,0,2.6991110062226653
1728,126578,1,0,2.6952230255119503
1729,126579,1,0,2.6892320020124316
1730,126580,1,0,2.7133680414408445
1731,126581,1,0,2.704791957512498
1732,126582,1,0,2.7783679543063045
1733,126583,1,0,2.7004239964298904
1734,126584,1,0,2.710161032155156
1735,126585,1,0,2.710711967665702
1736,126586,1,0,2.6956849615089595
1737,126587,1,0,2.7120040031149983
1738,126588,1,0,2.7021869900636375
1739,126589,1,1,2.8300140402279794
1740,126590,1,0,2.7008840115740895
1741,126591,1,0,2.703348989598453
1742,126592,1,0,2.717043971642852
1743,126593,1,0,2.7060439460910857
1744,126594,1,0,2.7086689951829612
1745,126595,1,0,2.711604000069201
1746,126596,1,0,2.7490640059113503
1747,126597,1,0,2.7573590050451458
1748,126598,1,0,2.688049979042262
1749,126599,1,0,2.7487329789437354
1750,126600,1,0,2.7048909687437117
1751,126601,1,0,2.700443030335009
1752,126602,1,0,2.692818990908563
1753,126603,1,0,2.711384033318609
1754,126604,1,0,2.6998319663107395
1755,126605,1,0,2.704400976654142
1756,126606,1,1,2.682800986804068
1757,126607,1,0,2.70506099332124
1758,126608,1,0,2.7145189815200865
1759,126609,1,0,2.6934199850074947
1760,126610,1,0,2.6851159636862576
1761,126611,1,0,2.6979389949701726
1762,126612,1,0,2.696345967706293
1763,126613,1,0,2.6912959874607623
1764,126614,1,0,2.701774996239692
1765,126615,1,0,2.828680968377739
1766,126616,1,0,2.7021460118703544
1767,126617,1,0,2.701063989661634
1768,126618,1,0,2.6927200378850102
1769,126619,1,0,2.7446550084277987
1770,126620,1,0,2.7408479945734143
1771,126621,1,0,2.6889319997280836
1772,126622,1,0,2.7031589997932315
1773,126623,1,1,2.7151110116392374
1774,126624,1,0,2.7056129765696824
1775,126625,1,0,2.672681992407888
1776,126626,1,0,2.6940510142594576
1777,126627,1,0,2.777846995741129
1778,126628,1,0,2.698049007449299
1779,126629,1,0,2.686877967789769
1780,126630,1,0,2.7027869946323335
1781,126631,1,0,2.701746008824557
1782,126632,1,0,2.6880509685724974
1783,126633,1,0,2.692738955374807
1784,126634,1,0,2.701175049878657
1785,126635,1,0,2.7142089675180614
1786,126636,1,0,2.700694021768868
1787,126637,1,0,2.7037790277972817
1788,126638,1,0,2.7042110450565815
1789,126639,1,0,2.705161983612925
1790,126640,1,1,2.6858170167542994
1791,126641,1,0,2.7059330022893846
1792,126642,1,0,2.8285810258239508
1793,126643,1,0,2.9019470093771815
1794,126644,1,0,2.7084079920314252
1795,126645,1,0,2.6864170213229954
1796,126646,1,0,2.696916984859854
1797,126647,1,0,2.6981900446116924
1798,126648,1,0,2.6913470355793834
1799,126649,1,0,2.6860369835048914
1800,126650,1,0,2.7021869900636375
1801,126651,1,0,2.6988500030711293
1802,126652,1,0,2.6819100021384656
1803,126653,1,0,2.7059539570473135
1804,126654,1,0,2.714199014008045
1805,126655,1,0,2.706854953430593
1806,126656,1,0,2.6777320308610797
1807,126657,1,1,2.7027170290239155
1808,126658,1,0,2.7059430140070617
1809,126659,1,0,2.7104319888167083
1810,126660,1,0,2.695103990845382
1811,126661,1,0,2.6993320207111537
1812,126662,1,0,2.7056330000050366
1813,126663,1,0,2.6955740177072585
1814,126664,1,0,2.6971269981004298
1815,126665,1,0,2.699411998037249
1816,126666,1,0,2.7297880151309073
1817,126667,1,0,2.698369964491576
1818,126668,1,0,2.8308749897405505
1819,126669,1,0,2.707126026507467
1820,126670,1,0,2.6937209768220782
1821,126671,1,0,2.677591983228922
1822,126672,1,0,2.6918179937638342
1823,126673,1,0,2.702046011108905
1824,126674,1,1,2.70565296523273
1825,126675,1,0,2.683011000044644
1826,126676,1,0,2.7059129788540304
1827,126677,1,0,2.7105120243504643
1828,126678,1,0,2.7191180270165205
1829,126679,1,0,2.7553150430321693
1830,126680,1,0,2.7089700452052057
1831,126681,1,0,2.709369990043342
1832,126682,1,0,2.6966470177285373
1833,126683,1,0,2.6824200176633894
1834,126684,1,0,2.7097699930891395
1835,126685,1,0,2.7065849862992764
1836,126686,1,0,2.6938109658658504
1837,126687,1,0,2.70173599710688
1838,126688,1,0,2.7098210412077606
1839,126689,1,0,2.7025879826396704
1840,126690,1,0,2.6995519874617457
1841,126691,1,1,2.714829985052347
1842,126692,1,0,2.713878988288343
1843,126693,1,0,2.7358889929018915
1844,126694,1,0,2.6888319989666343
1845,126695,1,0,2.824814000632614
1846,126696,1,0,2.704220009036362
1847,126697,1,0,2.7060240390710533
1848,126698,1,0,2.6964860153384507
1849,126699,1,0,2.708788961172104
1850,126700,1,0,2.7084480389021337
1851,126701,1,0,2.7099710423499346
1852,126702,1,0,2.6874199975281954
1853,126703,1,0,2.7032190118916333
1854,126704,1,0,2.6995520456694067
1855,126705,1,0,2.693630987778306
1856,126706,1,0,2.700273005757481
1857,126707,1,0,2.7004129951819777
1858,126708,1,1,2.7064940077252686
1859,126709,1,0,2.6886420091614127
1860,126710,1,0,2.7084480389021337
1861,126711,1,0,2.6955640059895813
1862,126712,1,0,2.7030789642594755
1863,126713,1,0,2.7547639911063015
1864,126714,1,0,2.7010340127162635
1865,126715,1,0,2.6977480156347156
1866,126716,1,0,2.700323995668441
1867,126717,1,0,2.6928590377792716
1868,126718,1,0,2.700694021768868
1869,126719,1,0,2.7411990449763834
1870,126720,1,0,2.7057830011472106
1871,126721,1,0,2.8071110136806965
1872,126722,1,0,2.6957050431519747
1873,126723,1,0,2.705453021917492
1874,126724,1,0,2.705042017623782
1875,126725,1,1,2.69256898900494
1876,126726,1,0,2.6944720302708447
1877,126727,1,0,2.704981015995145
1878,126728,1,0,2.6855149772018194
1879,126729,1,0,2.6996919768862426
1880,126730,1,0,2.6999019901268184
1881,126731,1,0,2.702256024349481
1882,126732,1,0,2.7020559646189213
1883,126733,1,0,2.696516050491482
1884,126734,1,0,2.698059019166976
1885,126735,1,0,2.6981999981217086
1886,126736,1,0,2.689554006792605
1887,126737,1,0,2.701774996239692
1888,126738,1,0,2.7084180037491024
1889,126739,1,0,2.7035190141759813
1890,126740,1,0,2.6917679933831096
1891,126741,1,0,2.6929400046356022
1892,126742,1,1,2.700773999094963
1893,126743,1,0,2.7010439662262797
1894,126744,1,0,2.69537401618436
1895,126745,1,0,2.7026570169255137
1896,126746,1,0,2.701095014344901
1897,126747,1,0,2.699982956983149
1898,126748,1,0,2.8282300336286426
1899,126749,1,0,2.7046509785577655
1900,126750,1,0,2.703830017708242
1901,126751,1,0,2.695833973120898
1902,126752,1,0,2.6982990093529224
1903,126753,1,0,2.701596007682383
1904,126754,1,0,2.697327989153564
1905,126755,1,0,2.6853159652091563
1906,126756,1,0,2.703318023122847
1907,126757,1,0,2.7070659562014043
1908,126758,1,0,2.694491995498538
1909,126759,1,0,2.6866179541684687
1910,126760,1,1,2.7035889797843993
1911,126761,1,0,2.699781965930015
1912,126762,1,0,2.68407299881801
1913,126763,1,0,2.698669966775924
1914,126764,1,0,2.703820005990565
1915,126765,1,0,2.70493101561442
1916,126766,1,0,2.685596002265811
1917,126767,1,0,2.7004030416719615
1918,126768,1,0,2.7015659725293517
1919,126769,1,0,2.698450000025332
1920,126770,1,0,2.6868879795074463
1921,126771,1,0,2.702928031794727
1922,126772,1,0,2.7120349695906043
1923,126773,1,0,2.702116034924984
1924,126774,1,0,2.8278990066610277
1925,126775,1,0,2.7048419578932226
1926,126776,1,0,2.6964860153384507
1927,126777,1,1,2.6944029959850013
1928,126778,1,0,2.689693996217102
1929,126779,1,0,2.6918869698420167
1930,126780,1,0,2.7013050275854766
1931,126781,1,0,2.6894930051639676
1932,126782,1,0,2.6950640021823347
1933,126783,1,0,2.6978080277331173
1934,126784,1,0,2.7063440065830946
1935,126785,1,0,2.6829710113815963
1936,126786,1,0,2.6968169840984046
1937,126787,1,0,2.703819947782904
1938,126788,1,0,2.6969570317305624
1939,126789,1,0,2.7017659740522504
1940,126790,1,0,2.7031879872083664
1941,126791,1,0,2.702236990444362
1942,126792,1,0,2.7452560025267303
1943,126793,1,0,2.697627991437912
1944,126794,1,1,2.7035390376113355
1945,126795,1,0,2.7128559886477888
1946,126796,1,0,2.6994210202246904
1947,126797,1,0,2.7082579908892512
1948,126798,1,0,2.704200043808669
1949,126799,1,0,2.704892016481608
1950,126800,1,0,2.697878982871771
1951,126801,1,0,2.829563047271222
1952,126802,1,0,2.71167402388528
1953,126803,1,0,2.7133169933222234
1954,126804,1,0,2.7028879849240184
1955,126805,1,0,2.7366899885237217
1956,126806,1,0,2.799686975777149
1957,126807,1,0,2.7084979810751975
1958,126808,1,0,2.7009040350094438
1959,126809,1,0,2.6982100098393857
1960,126810,1,0,2.708658983465284
1961,126811,1,1,2.7013649814762175
1962,126812,1,0,2.6987100136466324
1963,126813,1,0,2.7005639858543873
1964,126814,1,0,2.7018559630960226
1965,126815,1,0,2.697327989153564
1966,126816,1,0,2.6875000330619514
1967,126817,1,0,2.7027270407415926
1968,126818,1,0,2.6961450348608196
1969,126819,1,0,2.6873190072365105
1970,126820,1,0,2.697548014111817
1971,126821,1,0,2.70173599710688
1972,126822,1,0,2.7037099935114384
1973,126823,1,0,2.688610984478146
1974,126824,1,0,2.700123004615307
1975,126825,1,0,2.7039189590141177
1976,126826,1,0,2.69578502047807
1977,126827,1,0,2.8162880335003138
1978,126828,1,1,2.706485043745488
1979,126829,1,0,2.7118449797853827
1980,126830,1,0,2.7679689810611308
1981,126831,1,0,2.6865570107474923
1982,126832,1,0,2.6989110046997666
1983,126833,1,0,2.6942419935949147
1984,126834,1,0,2.7012950158677995
1985,126835,1,0,2.6830710121430457
1986,126836,1,0,2.7018559630960226
1987,126837,1,0,2.6954439817927778
1988,126838,1,0,2.6927890139631927
1989,126839,1,0,2.690244000405073
1990,126840,1,0,2.7067550108768046
1991,126841,1,0,2.7046410250477493
1992,126842,1,0,2.6953640044666827
1993,126843,1,0,2.6980690308846533
1994,126844,1,0,2.6951240142807364
1995,126845,1,1,2.6966860168613493
1996,126846,1,0,2.7097309939563274
1997,126847,1,0,2.7516590198501945
1998,126848,1,0,2.7059430140070617
1999,126849,1,0,2.701515972148627
2000,126850,1,0,2.702077035792172
2001,126851,1,0,2.716433024033904
2002,126852,1,0,2.7138279983773828
2003,126853,1,0,2.773369022179395
2004,126854,1,0,2.8087040409445763
2005,126855,1,0,2.6999719557352364
2006,126856,1,0,2.702697995118797
2007,126857,1,0,2.6981389964930713
2008,126858,1,0,2.68268003128469
2009,126859,1,0,2.709800028242171
2010,126860,1,0,2.698669966775924
2011,126861,1,0,2.696025010664016
2012,126862,1,1,2.6871089939959347
2013,126863,1,0,2.697767980862409
2014,126864,1,0,2.706383995246142
2015,126865,1,0,2.6902740355581045
2016,126866,1,0,2.6990710175596178
2017,126867,1,0,2.7111729723401368
2018,126868,1,0,2.7102419990114868
2019,126869,1,0,2.6819189661182463
2020,126870,1,0,2.696126000955701
2021,126871,1,0,2.698689990211278
2022,126872,1,0,2.6915870257653296
2023,126873,1,0,2.691788016818464
2024,126874,1,0,2.7002429706044495
2025,126875,1,0,2.7012850041501224
2026,126876,1,0,2.690826018806547
2027,126877,1,0,2.780031005386263
2028,126878,1,0,2.7177250012755394
2029,126879,1,1,2.720269956625998
2030,126880,1,0,2.8444500057958066
2031,126881,1,0,2.6791139971464872
2032,126882,1,0,2.7144699706695974
2033,126883,1,0,2.7042609872296453
2034,126884,1,0,2.6913259644061327
2035,126885,1,0,2.6907959836535156
2036,126886,1,0,2.6985799777321517
2037,126887,1,0,2.6938910013996065
2038,126888,1,0,2.688871987629682
2039,126889,1,0,2.707005012780428
2040,126890,1,0,2.699492033571005
2041,126891,1,0,2.6921480312012136
2042,126892,1,0,2.6821899809874594
2043,126893,1,0,2.6954549830406904
2044,126894,1,0,2.730628999415785
2045,126895,1,0,2.7535210247151554
2046,126896,1,1,2.6723109767772257
2047,126897,1,0,2.6967570302076638
2048,126898,1,0,2.701544959563762
2049,126899,1,0,2.687348984181881
2050,126900,1,0,2.72949697682634
2051,126901,1,0,2.698829979635775
2052,126902,1,0,2.7010549674741924
2053,126903,1,0,2.6896329945884645
2054,126904,1,0,2.711373963393271
2055,126905,1,0,2.69797898363322
2056,126906,1,0,2.7016259846277535
2057,126907,1,0,2.824183029588312
2058,126908,1,0,2.6924280100502074
2059,126909,1,0,2.7065250324085355
2060,126910,1,0,2.7016159729100764
2061,126911,1,0,2.685835992451757
2062,126912,1,0,2.700753975659609
2063,126913,1,1,2.706033003050834
2064,126914,1,0,2.6857670163735747
2065,126915,1,0,2.7046309551224113
2066,126916,1,0,2.6925589772872627
2067,126917,1,0,2.6933099725283682
2068,126918,1,0,2.6874090544879436
2069,126919,1,0,2.706293947994709
2070,126920,1,0,2.7088390197604895
2071,126921,1,0,2.699592034332454
2072,126922,1,0,2.686097053810954
2073,126923,1,0,2.8170589939691126
2074,126924,1,0,2.7091199881397188
2075,126925,1,0,2.6992909843102098
2076,126926,1,0,2.6787130045704544
2077,126927,1,0,2.698781026992947
2078,126928,1,0,2.699431963264942
2079,126929,1,0,2.692007983569056
2080,126930,1,1,2.6788529939949512
2081,126931,1,0,2.7041799621656537
2082,126932,1,0,2.7061239816248417
2083,126933,1,0,2.8252749470993876
2084,126934,1,0,2.686658001039177
2085,126935,1,0,2.6974579668603837
2086,126936,1,0,2.6944319834001362
2087,126937,1,0,2.6850849972106516
2088,126938,1,0,2.690655004698783
2089,126939,1,0,2.689933986403048
2090,126940,1,0,2.693920978344977
2091,126941,1,0,2.674645045772195
2092,126942,1,0,2.701675985008478
2093,126943,1,0,2.692428999580443
2094,126944,1,0,2.692077017854899
2095,126945,1,0,2.6928799925372005
2096,126946,1,0,2.70997203188017
2097,126947,1,1,2.925591019447893
2098,126948,1,0,2.7080869767814875
2099,126949,1,0,2.6959850220009685
2100,126950,1,0,2.6991409831680357
2101,126951,1,0,2.694041992072016
2102,126952,1,0,2.7133679832331836
2103,126953,1,0,2.6789630064740777
2104,126954,1,0,2.6988909812644124
2105,126955,1,0,2.699240983929485
2106,126956,1,0,2.688191016204655
2107,126957,1,0,2.6953340275213122
2108,126958,1,0,2.696154988370836
2109,126959,1,0,2.7013460057787597
2110,126960,1,0,2.821106987539679
2111,126961,1,0,2.6963360141962767
2112,126962,1,0,2.7124449843540788
2113,126963,1,0,2.704550977796316
2114,126964,1,1,2.7032190118916333
2115,126965,1,0,2.6907649589702487
2116,126966,1,0,2.7012150385417044
2117,126967,1,0,2.706784987822175
2118,126968,1,0,2.68840097123757
2119,126969,1,0,2.7093399548903108
2120,126970,1,0,2.6959849637933075
2121,126971,1,0,2.6996119995601475
2122,126972,1,0,2.6883709942921996
2123,126973,1,0,2.7083379682153463
2124,126974,1,0,2.7083380264230072
2125,126975,1,0,2.6929889572784305
2126,126976,1,0,2.706383995246142
2127,126977,1,0,2.7027269825339317
2128,126978,1,0,2.705321996472776
2129,126979,1,0,2.6975980144925416
2130,126980,1,0,2.6997519889846444
2131,126981,1,1,2.7078670100308955
2132,126982,1,0,2.7168530505150557
2133,126983,1,0,2.6999430265277624
2134,126984,1,0,2.7166730142198503
2135,126985,1,0,2.7040799614042044
2136,126986,1,0,2.827918971888721
2137,126987,1,0,2.690705005079508
2138,126988,1,0,2.6975880027748644
2139,126989,1,0,2.6934900088235736
2140,126990,1,0,2.700202981941402
2141,126991,1,0,2.675135969184339
2142,126992,1,0,2.7023759903386235
2143,126993,1,0,2.7012749924324453
2144,126994,1,0,2.7477709809318185
2145,126995,1,0,2.676328003872186
2146,126996,1,0,2.6907059946097434
2147,126997,1,0,2.695304050575942
2148,126998,1,1,2.6943020056933165
2149,126999,1,0,2.6953850174322724
2150,127000,1,0,2.710421977099031
2151,127001,1,0,2.7017960092052817
2152,127002,1,0,2.685316023416817
2153,127003,1,0,2.702227036934346
2154,127004,1,0,2.7073959936387837
2155,127005,1,0,2.6903849793598056
2156,127006,1,0,2.683983009774238
2157,127007,1,0,2.700934011954814
2158,127008,1,0,2.7149200323037803
2159,127009,1,0,2.6980690308846533
2160,127010,1,0,2.6967059820890427
2161,127011,1,0,2.70763598382473
2162,127012,1,0,2.7012749924324453
2163,127013,1,0,2.8334889793768525
2164,127014,1,0,2.7026779716834426
2165,127015,1,1,2.7059740386903286
2166,127016,1,0,2.7013649814762175
2167,127017,1,0,2.6940209791064262
2168,127018,1,0,2.7420910191722214
2169,127019,1,0,2.777777030132711
2170,127020,1,0,2.7160419849678874
2171,127021,1,0,2.701245015487075
2172,127022,1,0,2.6977380039170384
2173,127023,1,0,2.703820005990565
2174,127024,1,0,2.702236990444362
2175,127025,1,0,2.6976679801009595
2176,127026,1,0,2.699460950680077
2177,127027,1,0,2.706644998397678
2178,127028,1,0,2.71442998200655
2179,127029,1,0,2.681257959920913
2180,127030,1,0,2.6997519889846444
2181,127031,1,0,2.7021169662475586
2182,127032,1,1,2.6902040117420256
2183,127033,1,0,2.6870190049521625
2184,127034,1,0,2.6937410002574325
2185,127035,1,0,2.703078032936901
2186,127036,1,0,2.6937510119751096
2187,127037,1,0,2.703850041143596
2188,127038,1,0,2.7105020126327872
2189,127039,1,0,2.821939007844776
2190,127040,1,0,2.692860027309507
2191,127041,1,0,2.692739013582468
2192,127042,1,0,2.6885619736276567
2193,127043,1,0,2.6912869652733207
2194,127044,1,0,2.6867379783652723
2195,127045,1,0,2.696467039640993
2196,127046,1,0,2.703559002839029
2197,127047,1,0,2.6885420083999634
2198,127048,1,0,2.6858460041694343
2199,127049,1,1,2.6973370113410056
2200,127050,1,0,2.6920479722321033
2201,127051,1,0,2.687369007617235
2202,127052,1,0,2.7007130556739867
2203,127053,1,0,2.6968970196321607
2204,127054,1,0,2.6980589609593153
2205,127055,1,0,2.676539996173233
2206,127056,1,0,2.692107984330505
2207,127057,1,0,2.7031489880755544
2208,127058,1,0,2.6974069769494236
2209,127059,1,0,2.694302995223552
2210,127060,1,0,2.716151997447014
2211,127061,1,0,2.7133470284752548
2212,127062,1,0,2.6916470378637314
2213,127063,1,0,2.710230997763574
2214,127064,1,0,2.809356024954468
2215,127065,1,0,2.7155609568580985
2216,127066,1,1,2.8242619591765106
2217,127067,1,0,2.677842043340206
2218,127068,1,0,2.7015560190193355
2219,127069,1,0,2.697087009437382
2220,127070,1,0,2.691285975743085
2221,127071,1,0,2.6880899677053094
2222,127072,1,0,2.699581964407116
2223,127073,1,0,2.7014549705199897
2224,127074,1,0,2.682049002032727
2225,127075,1,0,2.69215798471123
2226,127076,1,0,2.702878031414002
2227,127077,1,0,2.686658001039177
2228,127078,1,0,2.6929790037684143
2229,127079,1,0,2.703419013414532
2230,127080,1,0,2.6965659926645458
2231,127081,1,0,2.6894629700109363
2232,127082,1,0,2.6975279906764627
2233,127083,1,0,2.7035389794036746
2234,127084,1,1,2.7022870490327477
2235,127085,1,0,2.680296020116657
2236,127086,1,0,2.69903102889657
2237,127087,1,0,2.811579965054989
2238,127088,1,0,2.706383995246142
2239,127089,1,0,2.675397030543536
2240,127090,1,0,2.7027479954995215
2241,127091,1,0,2.699461008887738
2242,127092,1,0,2.8251149924471974
2243,127093,1,0,2.701134013477713
2244,127094,1,0,2.702157013118267
2245,127095,1,0,2.6879700017161667
2246,127096,1,0,2.689052023924887
2247,127097,1,0,2.6777710299938917
2248,127098,1,0,2.7087280177511275
2249,127099,1,0,2.70400004228577
2250,127100,1,0,2.685535990167409
2251,127101,1,1,2.693450020160526
2252,127102,1,0,2.7045910246670246
2253,127103,1,0,2.6948029990307987
2254,127104,1,0,2.683351980522275
2255,127105,1,0,2.6988809695467353
2256,127106,1,0,2.690334978979081
2257,127107,1,0,2.691195986699313
2258,127108,1,0,2.6927089784294367
2259,127109,1,0,2.7243480435572565
2260,127110,1,0,2.726492006331682
2261,127111,1,0,2.698689990211278
2262,127112,1,0,2.6951340259984136
2263,127113,1,0,2.7040099957957864
2264,127114,1,0,2.703648991882801
2265,127115,1,0,2.695735020097345
2266,127116,1,0,2.725229016505182
2267,127117,1,0,2.702297002542764
2268,127118,1,1,2.6985700242221355
2269,127119,1,0,2.815746993292123
2270,127120,1,0,2.6959749520756304
2271,127121,1,0,2.700223005376756
2272,127122,1,0,2.694683033041656
2273,127123,1,0,2.685446001123637
2274,127124,1,0,2.703700040001422
2275,127125,1,0,2.70307797472924
2276,127126,1,0,2.683100989088416
2277,127127,1,0,2.6821799692697823
2278,127128,1,0,2.6975880027748644
2279,127129,1,0,2.6919179945252836
2280,127130,1,0,2.6894930051639676
2281,127131,1,0,2.688512031454593
2282,127132,1,0,2.6886110426858068
2283,127133,1,0,2.6872989838011563
2284,127134,1,0,2.7252589934505522
2285,127135,1,1,2.69699702039361
2286,127136,1,0,2.70873901899904
2287,127137,1,0,2.6849840069189668
2288,127138,1,0,2.6965559809468687
2289,127139,1,0,2.7144390041939914
2290,127140,1,0,2.7028979966416955
2291,127141,1,0,2.688711043447256
2292,127142,1,0,2.698118973057717
2293,127143,1,0,2.7109330403618515
2294,127144,1,0,2.694592985790223
2295,127145,1,0,2.815576968714595
2296,127146,1,0,2.6903750258497894
2297,127147,1,0,2.6931199827231467
2298,127148,1,0,2.6890229783020914
2299,127149,1,0,2.6778719620779157
2300,127150,1,0,2.687689964659512
2301,127151,1,0,2.6943220291286707
2302,127152,1,1,2.6869389694184065
2303,127153,1,0,2.694982977118343
2304,127154,1,0,2.6991110062226653
2305,127155,1,0,2.700684010051191
2306,127156,1,0,2.681558020412922
2307,127157,1,0,2.688993001356721
2308,127158,1,0,2.6987099554389715
2309,127159,1,0,2.6915069902315736
2310,127160,1,0,2.6776610175147653
2311,127161,1,0,2.695042989216745
2312,127162,1,0,2.695153991226107
2313,127163,1,0,2.689443004783243
2314,127164,1,0,2.6975880027748644
2315,127165,1,0,2.694421971682459
2316,127166,1,0,2.7016750536859035
2317,127167,1,0,2.6844340027309954
2318,127168,1,0,2.707317005842924
2319,127169,1,1,2.7016460080631077
2320,127170,1,0,2.714488946367055
2321,127171,1,0,2.721733006183058
2322,127172,1,0,2.830243029166013
2323,127173,1,0,2.702858007978648
2324,127174,1,0,2.7039090055041015
2325,127175,1,0,2.683933009393513
2326,127176,1,0,2.7066150214523077
2327,127177,1,0,2.702647994738072
2328,127178,1,0,2.681889047380537
2329,127179,1,0,2.697418036404997
2330,127180,1,0,2.694702008739114
2331,127181,1,0,2.706144005060196
2332,127182,1,0,2.6902449899353087
2333,127183,1,0,2.6994409854523838
2334,127184,1,0,2.7083579916507006
2335,127185,1,0,2.6984590222127736
2336,127186,1,1,2.6913370238617063
2337,127187,1,0,2.7026080060750246
2338,127188,1,0,2.706223982386291
2339,127189,1,0,2.687961037736386
2340,127190,1,0,2.6805369998328388
2341,127191,1,0,2.710872038733214
2342,127192,1,0,2.7059229905717075
2343,127193,1,0,2.6873089955188334
2344,127194,1,0,2.692178008146584
2345,127195,1,0,2.709500025957823
2346,127196,1,0,2.7051219949498773
2347,127197,1,0,2.687129017431289
2348,127198,1,0,2.8294529765844345
2349,127199,1,0,2.7040099957957864
2350,127200,1,0,2.701335004530847
2351,127201,1,0,2.688059990759939
2352,127202,1,0,2.682390040718019
2353,127203,1,1,2.702367026358843
2354,127204,1,0,2.7147390064783394
2355,127205,1,0,2.6967970188707113
2356,127206,1,0,2.7402870473451912
2357,127207,1,0,2.753130975179374
2358,127208,1,0,2.7187070227228105
2359,127209,1,0,2.696296025533229
2360,127210,1,0,2.7012050268240273
2361,127211,1,0,2.709991007577628
2362,127212,1,0,2.70647497382015
2363,127213,1,0,2.6944419951178133
2364,127214,1,0,2.6991809718310833
2365,127215,1,0,2.6979889953508973
2366,127216,1,0,2.692809037398547
2367,127217,1,0,2.686466963496059
2368,127218,1,0,2.7067660121247172
2369,127219,1,0,2.70588300190866
2370,127220,1,1,2.6951630134135485
2371,127221,1,0,2.710823027882725
2372,127222,1,0,2.7042209985665977
2373,127223,1,0,2.7046609902754426
2374,127224,1,0,2.6859960053116083
2375,127225,1,0,2.82423198223114
2376,127226,1,0,2.713927999138832
2377,127227,1,0,2.71559099201113
2378,127228,1,0,2.700062992516905
2379,127229,1,0,2.70588300190866
2380,127230,1,0,2.7105819899588823
2381,127231,1,0,2.7043900336138904
2382,127232,1,0,2.6861870428547263
2383,127233,1,0,2.7123650070279837
2384,127234,1,0,2.701074001379311
2385,127235,1,0,2.689854009076953
2386,127236,1,0,2.6988110039383173
2387,127237,1,1,2.7038800180889666
2388,127238,1,0,2.7113129617646337
2389,127239,1,0,2.745967998635024
2390,127240,1,0,2.700463985092938
2391,127241,1,0,2.7066849870607257
2392,127242,1,0,2.726210979744792
2393,127243,1,0,2.693300019018352
2394,127244,1,0,2.7080480358563364
2395,127245,1,0,2.7050820062868297
2396,127246,1,0,2.7024070150218904
2397,127247,1,0,2.686749037820846
2398,127248,1,0,2.709519991185516
2399,127249,1,0,2.708318002987653
2400,127250,1,0,2.69838998792693
2401,127251,1,0,2.9974529752507806
2402,127252,1,0,2.694252005312592
2403,127253,1,0,2.6892120367847383
2404,127254,1,1,2.703087986446917
2405,127255,1,0,2.6795039884746075
2406,127256,1,0,2.6883810060098767
2407,127257,1,0,2.7001129928976297
2408,127258,1,0,2.6991210179403424
2409,127259,1,0,2.686868014279753
2410,127260,1,0,2.6988600147888064
2411,127261,1,0,2.686937979888171
2412,127262,1,0,2.6781820342876017
2413,127263,1,0,2.7106129564344883
2414,127264,1,0,2.754944027401507
2415,127265,1,0,2.703749982174486
2416,127266,1,0,2.693140006158501
2417,127267,1,0,2.68005597172305
2418,127268,1,0,2.711804991122335
2419,127269,1,0,2.714189002290368
2420,127270,1,0,2.6916670030914247
2421,127271,1,1,2.693209971766919
2422,127272,1,0,2.7110229711979628
2423,127273,1,0,2.7040410204790533
2424,127274,1,0,2.7694610180333257
2425,127275,1,0,2.7416200027801096
2426,127276,1,0,2.7101620216853917
2427,127277,1,0,2.7052119839936495
2428,127278,1,0,2.8166089905425906
2429,127279,1,0,2.6836920296773314
2430,127280,1,0,2.7112740208394825
2431,127281,1,0,2.702086989302188
2432,127282,1,0,2.6911760214716196
2433,127283,1,0,2.6955250068567693
2434,127284,1,0,2.7106129564344883
2435,127285,1,0,2.7075770194642246
2436,127286,1,0,2.6877900236286223
2437,127287,1,0,2.7084079920314252
2438,127288,1,1,2.713227004278451
2439,127289,1,0,2.6978790410794318
2440,127290,1,0,2.687839965801686
2441,127291,1,0,2.6985699660144746
2442,127292,1,0,2.708018000703305
2443,127293,1,0,2.7022860012948513
2444,127294,1,0,2.6977380039170384
2445,127295,1,0,2.6976880035363138
2446,127296,1,0,2.7163030463270843
2447,127297,1,0,2.7757129864767194
2448,127298,1,0,2.7256610337644815
2449,127299,1,0,2.695484959986061
2450,127300,1,0,2.6971969637088478
2451,127301,1,0,2.682889986317605
2452,127302,1,0,2.6999819674529135
2453,127303,1,0,2.698059019166976
2454,127304,1,0,2.815876970998943
2455,127305,1,1,2.688110980670899
2456,127306,1,0,2.681117970496416
2457,127307,1,0,2.7099510189145803
2458,127308,1,0,2.7007440221495926
2459,127309,1,0,2.679725002963096
2460,127310,1,0,2.6950230239890516
2461,127311,1,0,2.729678002651781
2462,127312,1,0,2.6872290181927383
2463,127313,1,0,2.6846639811992645
2464,127314,1,0,2.6939220260828733
2465,127315,1,0,2.6988600147888064
2466,127316,1,0,2.6897339848801494
2467,127317,1,0,2.6979889953508973
2468,127318,1,0,2.709199965465814
2469,127319,1,0,2.6990000042133033
2470,127320,1,0,2.678201999515295
2471,127321,1,0,2.7682390064001083
2472,127322,1,1,2.7033989899791777
2473,127323,1,0,2.6997019886039197
2474,127324,1,0,2.687077969312668
2475,127325,1,0,2.715301001444459
2476,127326,1,0,2.71167402388528
2477,127327,1,0,2.692868991289288
2478,127328,1,0,2.705102029722184
2479,127329,1,0,2.7022470021620393
2480,127330,1,0,2.7052819496020675
2481,127331,1,0,2.8201150125823915
2482,127332,1,0,2.677000011317432
2483,127333,1,0,2.6896739727817476
2484,127334,1,0,2.698269032407552
2485,127335,1,0,2.681978978216648
2486,127336,1,0,2.697398012969643
2487,127337,1,0,2.6932500186376274
2488,127338,1,0,2.70727596944198
2489,127339,1,1,2.6836430188268423
2490,127340,1,0,2.710973029024899
2491,127341,1,0,2.714680042117834
2492,127342,1,0,2.6945220306515694
2493,127343,1,0,2.6876500342041254
2494,127344,1,0,2.8455620049498975
2495,127345,1,0,2.7027380419895053
2496,127346,1,0,2.693610033020377
2497,127347,1,0,2.687048981897533
2498,127348,1,0,2.702728030271828
2499,127349,1,0,2.703428966924548
2500,127350,1,0,2.688170992769301
2501,127351,1,0,2.6891519664786756
2502,127352,1,0,2.6999019901268184
2503,127353,1,0,2.6973869535140693
2504,127354,1,0,2.6930400053970516
2505,127355,1,0,2.7067959890700877
2506,127356,1,1,2.7040199493058026
2507,127357,1,0,2.8161180089227855
2508,127358,1,0,2.6904750266112387
2509,127359,1,0,2.702286990825087
2510,127360,1,0,2.701435994822532
2511,127361,1,0,2.6988599565811455
2512,127362,1,0,2.687349042389542
2513,127363,1,0,2.7052630321122706
2514,127364,1,0,2.6994809741154313
2515,127365,1,0,2.687149040866643
2516,127366,1,0,2.6934699853882194
2517,127367,1,0,2.694813010748476
2518,127368,1,0,2.7553149848245084
2519,127369,1,0,2.6968460297212005
2520,127370,1,0,2.689854009076953
2521,127371,1,0,2.699661999940872
2522,127372,1,0,2.7007239987142384
2523,127373,1,1,2.6853950112126768
2524,127374,1,0,2.693791000638157
2525,127375,1,0,2.693930990062654
2526,127376,1,0,2.6898239739239216
2527,127377,1,0,2.682170015759766
2528,127378,1,0,2.7096800040453672
2529,127379,1,0,2.6954240165650845
2530,127380,1,0,2.694131981115788
2531,127381,1,0,2.6961449766531587
2532,127382,1,0,2.698910015169531
2533,127383,1,0,2.695954986847937
2534,127384,1,0,2.8262559790164232
2535,127385,1,0,2.691376954317093
2536,127386,1,0,2.6971379993483424
2537,127387,1,0,2.6887519634328783
2538,127388,1,0,2.6711990358307958
2539,127389,1,0,2.695735020097345
2540,127390,1,0,2.6890220469795167
2541,127391,1,1,2.723667013924569
2542,127392,1,0,2.686568011995405
2543,127393,1,0,2.69063503947109
2544,127394,1,0,2.6930589810945094
2545,127395,1,0,2.6930199819616973
2546,127396,1,0,2.7005239971913397
2547,127397,1,0,2.6884510298259556
2548,127398,1,0,2.693330985493958
2549,127399,1,0,2.6767399976961315
2550,127400,1,0,2.7057830011472106
2551,127401,1,0,2.7046410250477493
2552,127402,1,0,2.692729001864791
2553,127403,1,0,2.701314981095493
2554,127404,1,0,2.702286990825087
2555,127405,1,0,2.703820005990565
2556,127406,1,0,2.6967169833369553
2557,127407,1,0,2.707126026507467
2558,127408,1,1,2.71183397853747
2559,127409,1,0,2.701665973290801
2560,127410,1,0,2.8082130011171103
2561,127411,1,0,2.6848840061575174
2562,127412,1,0,2.702778030652553
2563,127413,1,0,2.70091398851946
2564,127414,1,0,2.6880400255322456
2565,127415,1,0,2.7692110161297023
2566,127416,1,0,2.7096799458377063
2567,127417,1,0,2.700133016332984
2568,127418,1,0,2.6792139979079366
2569,127419,1,0,2.7100919978693128
2570,127420,1,0,2.69875000230968
2571,127421,1,0,2.691317000426352
2572,127422,1,0,2.6955640059895813
2573,127423,1,0,2.7019960107281804
2574,127424,1,0,2.7081070002168417
2575,127425,1,1,2.694352006074041
2576,127426,1,0,2.6881800149567425
2577,127427,1,0,2.7007239987142384
2578,127428,1,0,2.7027269825339317
2579,127429,1,0,2.689713961444795
2580,127430,1,0,2.6948529994115233
2581,127431,1,0,2.6949929888360202
2582,127432,1,0,2.698258962482214
2583,127433,1,0,2.6759179891087115
2584,127434,1,0,2.728625026065856
2585,127435,1,0,2.6926790014840662
2586,127436,1,0,2.70565296523273
2587,127437,1,0,2.8257149970158935
2588,127438,1,0,2.7006539748981595
2589,127439,1,0,2.698861004319042
2590,127440,1,0,2.6958039961755276
2591,127441,1,0,2.6826910325326025
2592,127442,1,1,2.6935310452245176
2593,127443,1,0,2.7011449565179646
2594,127444,1,0,2.694112015888095
2595,127445,1,0,2.6847640401683748
2596,127446,1,0,2.688129956368357
2597,127447,1,0,2.7056830003857613
2598,127448,1,0,2.6770399999804795
2599,127449,1,0,2.70317803369835
2600,127450,1,0,2.7012749924324453
2601,127451,1,0,2.693300019018352
2602,127452,1,0,2.6927589788101614
2603,127453,1,0,2.70294799702242
2604,127454,1,0,2.7031379868276417
2605,127455,1,0,2.6996019878424704
2606,127456,1,0,2.697028045076877
2607,127457,1,0,2.6980689726769924
2608,127458,1,0,2.6892530149780214
2609,127459,1,1,2.6781419874168932
2610,127460,1,0,2.711002016440034
2611,127461,1,0,2.8004180057905614
2612,127462,1,0,2.708628016989678
2613,127463,1,0,2.796310989651829
2614,127464,1,0,2.693871036171913
2615,127465,1,0,2.6938809896819293
2616,127466,1,0,2.72156298160553
2617,127467,1,0,2.6964860153384507
2618,127468,1,0,2.7087280177511275
2619,127469,1,0,2.69056495744735
2620,127470,1,0,2.6974480133503675
2621,127471,1,0,2.683983009774238
2622,127472,1,0,2.7092599775642157
2623,127473,1,0,2.6951340259984136
2624,127474,1,0,2.6913960464298725
2625,127475,1,0,2.692949026823044
2626,127476,1,1,2.6934199850074947
2627,127477,1,0,2.698380034416914
2628,127478,1,0,2.6747049996629357
2629,127479,1,0,2.7046010363847017
2630,127480,1,0,2.6912770117633045
2631,127481,1,0,2.6832009898498654
2632,127482,1,0,2.6826299726963043
2633,127483,1,0,2.6934100314974785
2634,127484,1,0,2.699801989365369
2635,127485,1,0,2.6796850143000484
2636,127486,1,0,2.7033190126530826
2637,127487,1,0,2.698589989449829
2638,127488,1,0,2.697909018024802
2639,127489,1,0,2.679303986951709
2640,127490,1,0,2.8185020200908184
2641,127491,1,0,2.693920978344977
2642,127492,1,0,2.6965659926645458
2643,127493,1,1,2.6841229991987348
2644,127494,1,0,2.696596027817577
2645,127495,1,0,2.6929390151053667
2646,127496,1,0,2.6895629707723856
2647,127497,1,0,2.6922179968096316
2648,127498,1,0,2.694892988074571
2649,127499,1,0,2.6996720116585493
2650,127500,1,0,2.684404025785625
2651,127501,1,0,2.712515997700393
2652,127502,1,0,2.6937510119751096
2653,127503,1,0,2.6829710113815963
2654,127504,1,0,2.6911660097539425
2655,127505,1,0,2.702035999391228
2656,127506,1,0,2.6964860153384507
2657,127507,1,0,2.67951498972252
2658,127508,1,0,2.691377012524754
2659,127509,1,0,2.699471020605415
2660,127510,1,1,2.6917470386251807
2661,127511,1,0,2.68448400311172
2662,127512,1,0,2.7164529892615974
2663,127513,1,0,2.695304050575942
2664,127514,1,0,2.685756015125662
2665,127515,1,0,2.69133597612381
2666,127516,1,0,2.8240319807082415
2667,127517,1,0,2.694393042474985
2668,127518,1,0,2.6898339856415987
2669,127519,1,0,2.691717993002385
2670,127520,1,0,2.698900003451854
2671,127521,1,0,2.6892219902947545
2672,127522,1,0,2.692889014724642
2673,127523,1,0,2.6963549898937345
2674,127524,1,0,2.7015149826183915
2675,127525,1,0,2.699912991374731
2676,127526,1,0,2.689321991056204
2677,127527,1,1,2.7000930276699364
2678,127528,1,0,2.697216987144202
2679,127529,1,0,2.6957549853250384
2680,127530,1,0,2.6922679971903563
2681,127531,1,0,2.6938010123558342
2682,127532,1,0,2.750075946096331
2683,127533,1,0,2.6978389942087233
2684,127534,1,0,2.6883199461735785
2685,127535,1,0,2.7057630359195173
2686,127536,1,0,2.7183160418644547
2687,127537,1,0,2.716834016609937
2688,127538,1,0,2.752750995568931
2689,127539,1,0,2.7018969994969666
2690,127540,1,0,2.7033989899791777
2691,127541,1,0,2.6863670209422708
2692,127542,1,0,2.7088290080428123
2693,127543,1,0,2.8181520174257457
2694,127544,1,1,2.6976779918186367
2695,127545,1,0,2.6827009860426188
2696,127546,1,0,2.6965559809468687
2697,127547,1,0,2.6891619781963527
2698,127548,1,0,2.6899040094576776
2699,127549,1,0,2.678842982277274
2700,127550,1,0,2.693941001780331
2701,127551,1,0,2.6849450077861547
2702,127552,1,0,2.6948529994115233
2703,127553,1,0,2.69833899801597
2704,127554,1,0,2.691546978894621
2705,127555,1,0,2.742079959716648
2706,127556,1,0,2.6738750166259706
2707,127557,1,0,2.6970370090566576
2708,127558,1,0,2.697137009818107
2709,127559,1,0,2.6859170175157487
2710,127560,1,0,2.6927890139631927
2711,127561,1,1,2.6902449899353087
2712,127562,1,0,2.7007939643226564
2713,127563,1,0,2.691166999284178
2714,127564,1,0,2.731280983425677
2715,127565,1,0,2.6960360119119287
2716,127566,1,0,2.6987710152752697
2717,127567,1,0,2.682650985661894
2718,127568,1,0,2.703980018850416
2719,127569,1,0,2.8336599934846163
2720,127570,1,0,2.7021970017813146
2721,127571,1,0,2.6829009875655174
2722,127572,1,0,2.7029579505324364
2723,127573,1,0,2.6936510112136602
2724,127574,1,0,2.6997720124199986
2725,127575,1,0,2.6754969730973244
2726,127576,1,0,2.6972380001097918
2727,127577,1,0,2.706224040593952
2728,127578,1,1,2.6935700443573296
2729,127579,1,0,2.7457670075818896
2730,127580,1,0,2.693690999876708
2731,127581,1,0,2.702997997403145
2732,127582,1,0,2.688101027160883
2733,127583,1,0,2.6892030145972967
2734,127584,1,0,2.703489037230611
2735,127585,1,0,2.6998919784091413
2736,127586,1,0,2.6734339771792293
2737,127587,1,0,2.7023970033042133
2738,127588,1,0,2.6999330148100853
2739,127589,1,0,2.697717980481684
2740,127590,1,0,2.690484980121255
2741,127591,1,0,2.6978279929608107
2742,127592,1,0,2.7155819698236883
2743,127593,1,0,2.7081379666924477
2744,127594,1,0,2.698579046409577
2745,127595,1,1,2.6941110263578594
2746,127596,1,0,2.8271880000829697
2747,127597,1,0,2.694822964258492
2748,127598,1,0,2.6877300115302205
2749,127599,1,0,2.7107629575766623
2750,127600,1,0,2.6996919768862426
2751,127601,1,0,2.6773610152304173
2752,127602,1,0,2.7749919681809843
2753,127603,1,0,2.697609015740454
2754,127604,1,0,2.692328009288758
2755,127605,1,0,2.684884995687753
2756,127606,1,0,2.7011949568986893
2757,127607,1,0,2.706844999920577
2758,127608,1,0,2.6996820233762264
2759,127609,1,0,2.6856960030272603
2760,127610,1,0,2.684563980437815
2761,127611,1,0,2.7025980525650084
2762,127612,1,1,2.6788630057126284
2763,127613,1,0,2.693018992431462
2764,127614,1,0,2.702667028643191
2765,127615,1,0,2.701746008824557
2766,127616,1,0,2.6848840061575174
2767,127617,1,0,2.6995710213668644
2768,127618,1,0,2.705192018765956
2769,127619,1,0,2.690986031666398
2770,127620,1,0,2.6944419951178133
2771,127621,1,0,2.711383975110948
2772,127622,1,0,2.823782037012279
2773,127623,1,0,2.684483944904059
2774,127624,1,0,2.687680011149496
2775,127625,1,0,2.7378430240787566
2776,127626,1,0,2.688881999347359
2777,127627,1,0,2.6785730151459575
2778,127628,1,0,2.6928900042548776
2779,127629,1,1,2.6973580243065953
2780,127630,1,0,2.690334978979081
2781,127631,1,0,2.672250964678824
2782,127632,1,0,2.696665993425995
2783,127633,1,0,2.7078569983132184
2784,127634,1,0,2.6924689882434905
2785,127635,1,0,2.692948968615383
2786,127636,1,0,2.6933400076813996
2787,127637,1,0,2.7041700086556375
2788,127638,1,0,2.6903050020337105
2789,127639,1,0,2.693310030736029
2790,127640,1,0,2.6998730027116835
2791,127641,1,0,2.6789240073412657
2792,127642,1,0,2.679084020201117
2793,127643,1,0,2.7042599976994097
2794,127644,1,0,2.705242019146681
2795,127645,1,0,2.6860770303756
2796,127646,1,1,2.693590009585023
2797,127647,1,0,2.71090300520882
2798,127648,1,0,2.7004440198652446
2799,127649,1,0,2.847775991540402
2800,127650,1,0,2.6906949933618307
2801,127651,1,0,2.706836035940796
2802,127652,1,0,2.7022059657610953
2803,127653,1,0,2.691947971470654
2804,127654,1,0,2.693279995582998
2805,127655,1,0,2.6974279899150133
2806,127656,1,0,2.7047720504924655
2807,127657,1,0,2.681027981452644
2808,127658,1,0,2.701525983866304
2809,127659,1,0,2.711614011786878
2810,127660,1,0,2.6936400099657476
2811,127661,1,0,2.6807060348801315
2812,127662,1,0,2.691285975743085
2813,127663,1,1,2.7035489911213517
2814,127664,1,0,2.691827015951276
2815,127665,1,0,2.6987509918399155
2816,127666,1,0,2.6936510112136602
2817,127667,1,0,2.693219983484596
2818,127668,1,0,2.685685991309583
2819,127669,1,0,2.6931900065392256
2820,127670,1,0,2.7008450124412775
2821,127671,1,0,2.684745006263256
2822,127672,1,0,2.694934024475515
2823,127673,1,0,2.7086290065199137
2824,127674,1,0,2.703209000173956
2825,127675,1,0,2.8157170163467526
2826,127676,1,0,2.6792139979079366
2827,127677,1,0,2.6977980160154402
2828,127678,1,0,2.699722012039274
2829,127679,1,0,2.6950229657813907
2830,127680,1,1,2.699331031180918
2831,127681,1,0,2.7033690130338073
2832,127682,1,0,2.6940820389427245
2833,127683,1,0,2.686808002181351
2834,127684,1,0,2.7082579908892512
2835,127685,1,0,2.683372003957629
2836,127686,1,0,2.6816389872692525
2837,127687,1,0,2.6902449899353087
2838,127688,1,0,2.709018997848034
2839,127689,1,0,2.6995919761247933
2840,127690,1,0,2.6940020034089684
2841,127691,1,0,2.6926989667117596
2842,127692,1,0,2.702167024835944
2843,127693,1,0,2.697959018405527
2844,127694,1,0,2.681248006410897
2845,127695,1,0,2.6927089784294367
2846,127696,1,0,2.9240280273370445
2847,127697,1,1,2.700853976421058
2848,127698,1,0,2.695192990358919
2849,127699,1,0,2.7117739664390683
2850,127700,1,0,2.7054829988628626
2851,127701,1,0,2.6979889953508973
2852,127702,1,0,2.8171600424684584
2853,127703,1,0,2.701896009966731
2854,127704,1,0,2.7048419578932226
2855,127705,1,0,2.7063940069638193
2856,127706,1,0,2.6908250292763114
2857,127707,1,0,2.7137580327689648
2858,127708,1,0,2.7110629598610103
2859,127709,1,0,2.697498013731092
2860,127710,1,0,2.6859159697778523
2861,127711,1,0,2.7054030215367675
2862,127712,1,0,2.7061839937232435
2863,127713,1,0,2.7007239987142384
2864,127714,1,0,2.691896981559694
2865,127715,1,1,2.7041099965572357
2866,127716,1,0,2.7039599954150617
2867,127717,1,0,2.705143007915467
2868,127718,1,0,2.701084013096988
2869,127719,1,0,2.758330025244504
2870,127720,1,0,2.6988910394720733
2871,127721,1,0,2.69378098892048
2872,127722,1,0,2.6986399898305535
2873,127723,1,0,2.7023970033042133
2874,127724,1,0,2.6965360157191753
2875,127725,1,0,2.6883510290645063
2876,127726,1,0,2.696726005524397
2877,127727,1,0,2.7052119839936495
2878,127728,1,0,2.8307540342211723
2879,127729,1,0,2.6895430055446923
2880,127730,1,0,2.697739051654935
2881,127731,1,0,2.6989399921149015
2882,127732,1,1,2.705503022298217
2883,127733,1,0,2.6852459996007383
2884,127734,1,0,2.6994810323230922
2885,127735,1,0,2.6946519501507282
2886,127736,1,0,2.6904550031758845
2887,127737,1,0,2.6930299936793745
2888,127738,1,0,2.6949929888360202
2889,127739,1,0,2.698610012885183
2890,127740,1,0,2.674715011380613
2891,127741,1,0,2.685816027224064
2892,127742,1,0,2.6919570518657565
2893,127743,1,0,2.687749976757914
2894,127744,1,0,2.695743984077126
2895,127745,1,0,2.694091002922505
2896,127746,1,0,2.7048320043832064
2897,127747,1,0,2.693892049137503
2898,127748,1,0,2.6996019878424704
2899,127749,1,1,2.702718018554151
2900,127750,1,0,2.69980204757303
2901,127751,1,0,2.6896930066868663
2902,127752,1,0,2.7001029811799526
2903,127753,1,0,2.694832975976169
2904,127754,1,0,2.68571701599285
2905,127755,1,0,2.8273279895074666
2906,127756,1,0,2.7078569983132184
2907,127757,1,0,2.696496027056128
2908,127758,1,0,2.6979289832524955
2909,127759,1,0,2.6915560010820627
2910,127760,1,0,2.6980479597114027
2911,127761,1,0,2.6963360141962767
2912,127762,1,0,2.689373039174825
2913,127763,1,0,2.700582961551845
2914,127764,1,0,2.7043400332331657
2915,127765,1,0,2.6931700413115323
2916,127766,1,1,2.6998220128007233
2917,127767,1,0,2.698188996873796
2918,127768,1,0,2.6901940000243485
2919,127769,1,0,2.686527033802122
2920,127770,1,0,2.692457986995578
2921,127771,1,0,2.693640999495983
2922,127772,1,0,2.6991210179403424
2923,127773,1,0,2.701815974432975
2924,127774,1,0,2.699693024624139
2925,127775,1,0,2.687669009901583
2926,127776,1,0,2.692077017854899
2927,127777,1,0,2.68244999460876
2928,127778,1,0,2.6932399487122893
2929,127779,1,0,2.7011240017600358
2930,127780,1,0,2.6876089978031814
2931,127781,1,0,2.815376967191696
2932,127782,1,0,2.6955039938911796
2933,127783,1,1,2.6955740177072585
2934,127784,1,0,2.6909959851764143
2935,127785,1,0,2.6917580398730934
2936,127786,1,0,2.7008139877580106
2937,127787,1,0,2.6912569883279502
2938,127788,1,0,2.675947966054082
2939,127789,1,0,2.777686051558703
2940,127790,1,0,2.694202004931867
2941,127791,1,0,2.6906750281341374
2942,127792,1,0,2.6836019824258983
2943,127793,1,0,2.6949840248562396
2944,127794,1,0,2.708958985749632
2945,127795,1,0,2.6803669752553105
2946,127796,1,0,2.6845939573831856
2947,127797,1,0,2.6937510119751096
2948,127798,1,0,2.6959649985656142
2949,127799,1,0,2.680406963918358
2950,127800,1,1,2.7072870288975537
2951,127801,1,0,2.6893129688687623
2952,127802,1,0,2.689262037165463
2953,127803,1,0,2.677000011317432
2954,127804,1,0,2.6957549853250384
2955,127805,1,0,2.7058940031565726
2956,127806,1,0,2.695253991987556
2957,127807,1,0,2.7028880431316793
2958,127808,1,0,2.8205860289745033
2959,127809,1,0,2.7054420206695795
2960,127810,1,0,2.6888709980994463
2961,127811,1,0,2.6910960441455245
2962,127812,1,0,2.6933010085485876
2963,127813,1,0,2.692178008146584
2964,127814,1,0,2.679714991245419
2965,127815,1,0,2.6993320207111537
2966,127816,1,0,2.7015350060537457
2967,127817,1,1,2.698240044992417
2968,127818,1,0,2.687198983039707
2969,127819,1,0,2.6979289832524955
2970,127820,1,0,2.702628029510379
2971,127821,1,0,2.702236990444362
2972,127822,1,0,2.6879910146817565
2973,127823,1,0,2.703087986446917
2974,127824,1,0,2.7040900313295424
2975,127825,1,0,2.674326009582728
2976,127826,1,0,2.697557967621833
2977,127827,1,0,2.695013943593949
2978,127828,1,0,2.687208994757384
2979,127829,1,0,2.6997620007023215
2980,127830,1,0,2.7025180170312524
2981,127831,1,0,2.7062739827670157
2982,127832,1,0,2.6936400099657476
2983,127833,1,0,2.7030580095015466
2984,127834,1,1,2.8205550042912364
2985,127835,1,0,2.7126260101795197
2986,127836,1,0,2.804916992317885
2987,127837,1,0,2.686066029127687
2988,127838,1,0,2.6967559824697673
2989,127839,1,0,2.702467027120292
2990,127840,1,0,2.6944720302708447
2991,127841,1,0,2.690624969545752
2992,127842,1,0,2.705251972656697
2993,127843,1,0,2.700965036638081
2994,127844,1,0,2.698028984013945
2995,127845,1,0,2.7076369733549654
2996,127846,1,0,2.6981899864040315
2997,127847,1,0,2.707967010792345
2998,127848,1,0,2.687990025151521
2999,127849,1,0,2.70928000099957
3000,127850,1,0,2.704450977034867
3001,127851,1,1,2.6862770318984985
3002,127852,1,0,2.6914170011878014
3003,127853,1,0,2.706433995626867
3004,127854,1,0,2.7004630537703633
3005,127855,1,0,2.693140006158501
3006,127856,1,0,2.704691025428474
3007,127857,1,0,2.705453021917492
3008,127858,1,0,2.6977889938279986
3009,127859,1,0,2.6949940365739167
3010,127860,1,0,2.7500460273586214
3011,127861,1,0,2.8323180158622563
3012,127862,1,0,2.7101520099677145
3013,127863,1,0,2.6902740355581045
3014,127864,1,0,2.700864046346396
3015,127865,1,0,2.696787007153034
3016,127866,1,0,2.706484985537827
3017,127867,1,0,2.6892030145972967
3018,127868,1,1,2.6911869645118713
3019,127869,1,0,2.6890020235441625
3020,127870,1,0,2.6878900243900716
3021,127871,1,0,2.6876400224864483
3022,127872,1,0,2.701975987292826
3023,127873,1,0,2.7047210023738444
3024,127874,1,0,2.6857060147449374
3025,127875,1,0,2.6948830345645547
3026,127876,1,0,2.7138679870404303
3027,127877,1,0,2.6966070290654898
3028,127878,1,0,2.6796350139193237
3029,127879,1,0,2.6962259435094893
3030,127880,1,0,2.6898739743046463
3031,127881,1,0,2.686497988179326
3032,127882,1,0,2.6943820412270725
3033,127883,1,0,2.6930500171147287
3034,127884,1,0,2.7081180014647543
3035,127885,1,1,2.6977789821103215
3036,127886,1,0,2.703559002839029
3037,127887,1,0,2.8213870245963335
3038,127888,1,0,2.7053329977206886
3039,127889,1,0,2.6916569913737476
3040,127890,1,0,2.6940410025417805
3041,127891,1,0,2.697456977330148
3042,127892,1,0,2.6968769961968064
3043,127893,1,0,2.678031974937767
3044,127894,1,0,2.7000720147043467
3045,127895,1,0,2.691355999559164
3046,127896,1,0,2.6883609825745225
3047,127897,1,0,2.6899840449914336
3048,127898,1,0,2.7185669750906527
3049,127899,1,0,2.7036090032197535
3050,127900,1,0,2.6874690083786845
3051,127901,1,0,2.6945729623548687
3052,127902,1,1,2.7306589763611555
3053,127903,1,0,2.699100994504988
3054,127904,1,0,2.7115740231238306
3055,127905,1,0,2.6967860176227987
3056,127906,1,0,2.70513299619779
3057,127907,1,0,2.68687802599743
3058,127908,1,0,2.6853549643419683
3059,127909,1,0,2.7030479977838695
3060,127910,1,0,2.6983299758285284
3061,127911,1,0,2.6948529994115233
3062,127912,1,0,2.698520023841411
3063,127913,1,0,2.699561999179423
3064,127914,1,0,2.8315859963186085
3065,127915,1,0,2.6917780051007867
3066,127916,1,0,2.6973580243065953
3067,127917,1,0,2.695112954825163
3068,127918,1,0,2.6985000004060566
3069,127919,1,1,2.695113013032824
3070,127920,1,0,2.7013850049115717
3071,127921,1,0,2.69266904797405
3072,127922,1,0,2.698731026612222
3073,127923,1,0,2.690585039090365
3074,127924,1,0,2.7036890387535095
3075,127925,1,0,2.696987008675933
3076,127926,1,0,2.688871987629682
3077,127927,1,0,2.697087009437382
3078,127928,1,0,2.70009197993204
3079,127929,1,0,2.696356037631631
3080,127930,1,0,2.6863670209422708
3081,127931,1,0,2.7077870327048004
3082,127932,1,0,2.686546999029815
3083,127933,1,0,2.6860570069402456
3084,127934,1,0,2.6702069444581866
3085,127935,1,0,2.694752998650074
3086,127936,1,1,2.7010439662262797
3087,127937,1,0,2.686708001419902
3088,127938,1,0,2.703269012272358
3089,127939,1,0,2.6991410413756967
3090,127940,1,0,2.8187119751237333
3091,127941,1,0,2.690494991838932
3092,127942,1,0,2.6841239887289703
3093,127943,1,0,2.696665993425995
3094,127944,1,0,2.7043999871239066
3095,127945,1,0,2.6772699784487486
3096,127946,1,0,2.690705005079508
3097,127947,1,0,2.6962560368701816
3098,127948,1,0,2.6866080006584525
3099,127949,1,0,2.6850849972106516
3100,127950,1,0,2.6956850197166204
3101,127951,1,0,2.6879009674303234
3102,127952,1,0,2.6814090088009834
3103,127953,1,1,2.727533981669694
3104,127954,1,0,2.6977090165019035
3105,127955,1,0,2.7017760439775884
3106,127956,1,0,2.673462964594364
3107,127957,1,0,2.6980790426023304
3108,127958,1,0,2.695823961403221
3109,127959,1,0,2.690916007850319
3110,127960,1,0,2.699450997170061
3111,127961,1,0,2.69890995696187
3112,127962,1,0,2.710321976337582
3113,127963,1,0,2.6930899475701153
3114,127964,1,0,2.696656039915979
3115,127965,1,0,2.6885009719990194
3116,127966,1,0,2.6963260024785995
3117,127967,1,0,2.800568996462971
3118,127968,1,0,2.69432197092101
3119,127969,1,0,2.6990309706889093
3120,127970,1,1,2.693701011594385
3121,127971,1,0,2.6810080162249506
3122,127972,1,0,2.7122260071337223
3123,127973,1,0,2.7045009774155915
3124,127974,1,0,2.6935499627143145
3125,127975,1,0,2.6896739727817476
3126,127976,1,0,2.69635597942397
3127,127977,1,0,2.7866929885931313
3128,127978,1,0,2.6899539516307414
3129,127979,1,0,2.7037300169467926
3130,127980,1,0,2.7013259823434055
3131,127981,1,0,2.6898040086962283
3132,127982,1,0,2.68044596305117
3133,127983,1,0,2.701074001379311
3134,127984,1,0,2.7073159581050277
3135,127985,1,0,2.6891519664786756
3136,127986,1,0,2.688251028303057
3137,127987,1,1,2.703297999687493
3138,127988,1,0,2.7078569983132184
3139,127989,1,0,2.6970969629473984
3140,127990,1,0,2.6998319663107395
3141,127991,1,0,2.6978389942087233
3142,127992,1,0,2.7068349882028997
3143,127993,1,0,2.8043760103173554
3144,127994,1,0,2.6817580219358206
3145,127995,1,0,2.6958350208587945
3146,127996,1,0,2.693450020160526
3147,127997,1,0,2.697669027838856
3148,127998,1,0,2.692668989766389
3149,127999,1,0,2.7031180215999484
3150,128000,1,0,2.7569179655984044
3151,128001,1,0,2.685525978449732
3152,128002,1,0,2.6965860160999
3153,128003,1,0,2.6954549830406904
3154,128004,1,1,2.689372980967164
3155,128005,1,0,2.6938310475088656
3156,128006,1,0,2.6909249718301
3157,128007,1,0,2.700694021768868
3158,128008,1,0,2.699422009754926
3159,128009,1,0,2.699881966691464
3160,128010,1,0,2.6880010263994336
3161,128011,1,0,2.692668989766389
3162,128012,1,0,2.673323033377528
3163,128013,1,0,2.701174991670996
3164,128014,1,0,2.7009249897673726
3165,128015,1,0,2.6892530149780214
3166,128016,1,0,2.6911059976555407
3167,128017,1,0,2.697348012588918
3168,128018,1,0,2.692899026442319
3169,128019,1,0,2.6820600032806396
3170,128020,1,0,2.8120100032538176
3171,128021,1,0,2.704241022001952
3172,128022,1,1,2.700143028050661
3173,128023,1,0,2.6808579568751156
3174,128024,1,0,2.733203989919275
3175,128025,1,0,2.703648991882801
3176,128026,1,0,2.6996320229955018
3177,128027,1,0,2.6790229603648186
3178,128028,1,0,2.7003330178558826
3179,128029,1,0,2.705512975808233
3180,128030,1,0,2.688671986106783
3181,128031,1,0,2.6931899483315647
3182,128032,1,0,2.7048219926655293
3183,128033,1,0,2.692328009288758
3184,128034,1,0,2.6750770048238337
3185,128035,1,0,2.701174991670996
3186,128036,1,0,2.7013150393031538
3187,128037,1,0,2.690024964977056
3188,128038,1,0,2.677320037037134
3189,128039,1,1,2.6973169879056513
3190,128040,1,0,2.690976019948721
3191,128041,1,0,2.6726320502348244
3192,128042,1,0,2.6905449922196567
3193,128043,1,0,2.7071359800174832
3194,128044,1,0,2.7032680227421224
3195,128045,1,0,2.676228992640972
3196,128046,1,0,2.820005000103265
3197,128047,1,0,2.78758502099663
3198,128048,1,0,2.6941110263578594
3199,128049,1,0,2.681137004401535
3200,128050,1,0,2.6846250402741134
3201,128051,1,0,2.692729001864791
3202,128052,1,0,2.681888989172876
3203,128053,1,0,2.6939110248349607
3204,128054,1,0,2.6987199671566486
3205,128055,1,0,2.6987899909727275
3206,128056,1,1,2.6808770489878953
3207,128057,1,0,2.694993047043681
3208,128058,1,0,2.6984899886883795
3209,128059,1,0,2.692739013582468
3210,128060,1,0,2.684413979295641
3211,128061,1,0,2.7027580072171986
3212,128062,1,0,2.702757017686963
3213,128063,1,0,2.6873889728449285
3214,128064,1,0,2.695564995519817
3215,128065,1,0,2.7046410250477493
3216,128066,1,0,2.7050519711337984
3217,128067,1,0,2.6940510142594576
3218,128068,1,0,2.7008039760403335
3219,128069,1,0,2.7053829981014132
3220,128070,1,0,2.7520289877429605
3221,128071,1,0,2.7042299625463784
3222,128072,1,0,2.717095019761473
3223,128073,1,1,2.8324679587967694
3224,128074,1,0,2.697498013731092
3225,128075,1,0,2.6884619728662074
3226,128076,1,0,2.6834020391106606
3227,128077,1,0,2.695714996661991
3228,128078,1,0,2.690083987545222
3229,128079,1,0,2.681257959920913
3230,128080,1,0,2.6912260218523443
3231,128081,1,0,2.6921280077658594
3232,128082,1,0,2.691206056624651
3233,128083,1,0,2.693471033126116
3234,128084,1,0,2.6972570340149105
3235,128085,1,0,2.6922280085273087
3236,128086,1,0,2.683722006622702
3237,128087,1,0,2.695885021239519
3238,128088,1,0,2.696345967706293
3239,128089,1,0,2.684554026927799
3240,128090,1,1,2.6692060055211186
3241,128091,1,0,2.734816982410848
3242,128092,1,0,2.6983190327882767
3243,128093,1,0,2.6809570263139904
3244,128094,1,0,2.768589009065181
3245,128095,1,0,2.6946120196953416
3246,128096,1,0,2.6991910417564213
3247,128097,1,0,2.6937209768220782
3248,128098,1,0,2.6913260226137936
3249,128099,1,0,2.82412301748991
3250,128100,1,0,2.6893229805864394
3251,128101,1,0,2.6821400388143957
3252,128102,1,0,2.6875699986703694
3253,128103,1,0,2.697788004297763
3254,128104,1,0,2.6903849793598056
3255,128105,1,0,2.6822889922186732
3256,128106,1,0,2.6997720124199986
3257,128107,1,1,2.688452019356191
3258,128108,1,0,2.67987500410527
3259,128109,1,0,2.6836530305445194
3260,128110,1,0,2.6948830345645547
3261,128111,1,0,2.687338972464204
3262,128112,1,0,2.6887819985859096
3263,128113,1,0,2.6985700242221355
3264,128114,1,0,2.690384048037231
3265,128115,1,0,2.685505023691803
3266,128116,1,0,2.683011000044644
3267,128117,1,0,2.7007939643226564
3268,128118,1,0,2.7079179999418557
3269,128119,1,0,2.700763987377286
3270,128120,1,0,2.6965260040014982
3271,128121,1,0,2.6954440400004387
3272,128122,1,0,2.6989610050804913
3273,128123,1,0,2.6850250433199108
3274,128124,1,1,2.723837038502097
3275,128125,1,0,2.788346027955413
3276,128126,1,0,2.8275289805606008
3277,128127,1,0,2.697418036404997
3278,128128,1,0,2.7024869923479855
3279,128129,1,0,2.778157009743154
3280,128130,1,0,2.717485011089593
3281,128131,1,0,2.6993220089934766
3282,128132,1,0,2.717294031754136
3283,128133,1,0,2.721583005040884
3284,128134,1,0,2.713137015234679
3285,128135,1,0,2.6908660074695945
3286,128136,1,0,2.6971169863827527
3287,128137,1,0,2.724357007537037
3288,128138,1,0,2.7103819884359837
3289,128139,1,0,2.706794999539852
3290,128140,1,0,2.703058999031782
3291,128141,1,1,2.73866398492828
3292,128142,1,0,2.7606150251813233
3293,128143,1,0,2.7271630242466927
3294,128144,1,0,2.702386991586536
3295,128145,1,0,2.697456977330148
3296,128146,1,0,2.7022360009141266
3297,128147,1,0,2.6882209931500256
3298,128148,1,0,2.704199985601008
3299,128149,1,0,2.717816038057208
3300,128150,1,0,2.7005039737559855
3301,128151,1,0,2.687569009140134
3302,128152,1,0,2.835855004377663
3303,128153,1,0,2.6900340453721583
3304,128154,1,0,2.6970679755322635
3305,128155,1,0,2.6872289599850774
3306,128156,1,0,2.700123004615307
3307,128157,1,0,2.695664996281266
3308,128158,1,1,2.6940510142594576
3309,128159,1,0,2.6800360064953566
3310,128160,1,0,2.6952640037052333
3311,128161,1,0,2.7000330155715346
3312,128162,1,0,2.6836619945243
3313,128163,1,0,2.6777409948408604
3314,128164,1,0,2.691826957743615
3315,128165,1,0,2.697788004297763
3316,128166,1,0,2.676919975783676
3317,128167,1,0,2.704370010178536
3318,128168,1,0,2.6912959874607623
3319,128169,1,0,2.682470018044114
3320,128170,1,0,2.6880900259129703
3321,128171,1,0,2.6917769573628902
3322,128172,1,0,2.7007239987142384
3323,128173,1,0,2.6773109566420317
3324,128174,1,0,2.6967559824697673
3325,128175,1,1,2.6906560524366796
3326,128176,1,0,2.6927690487354994
3327,128177,1,0,2.6813080185092986
3328,128178,1,0,2.6945529971271753
3329,128179,1,0,2.8169399593025446
3330,128180,1,0,2.6871589943766594
3331,128181,1,0,2.6894729817286134
3332,128182,1,0,2.6971270563080907
3333,128183,1,0,2.6915770140476525
3334,128184,1,0,2.696856972761452
3335,128185,1,0,2.7366100111976266
3336,128186,1,0,2.6950539904646575
3337,128187,1,0,2.735197020228952
3338,128188,1,0,2.7304990217089653
3339,128189,1,0,2.688871987629682
3340,128190,1,0,2.705192018765956
3341,128191,1,0,2.6827810215763748
3342,128192,1,1,2.6776010054163635
3343,128193,1,0,2.7016460080631077
3344,128194,1,0,2.689623972401023
3345,128195,1,0,2.68705899361521
3346,128196,1,0,2.687299042008817
3347,128197,1,0,2.695885021239519
3348,128198,1,0,2.687087981030345
3349,128199,1,0,2.6721610338427126
3350,128200,1,0,2.683993021491915
3351,128201,1,0,2.690213965252042
3352,128202,1,0,2.698959957342595
3353,128203,1,0,2.6973169879056513
3354,128204,1,0,2.704621001612395
3355,128205,1,0,2.8120600036345422
3356,128206,1,0,2.674243994988501
3357,128207,1,0,2.681777987163514
3358,128208,1,0,2.705812978092581
3359,128209,1,1,2.6952740154229105
3360,128210,1,0,2.6859869831241667
3361,128211,1,0,2.7536519919522107
3362,128212,1,0,2.6932500186376274
3363,128213,1,0,2.6897229836322367
3364,128214,1,0,2.6719500310719013
3365,128215,1,0,2.6896229828707874
3366,128216,1,0,2.6889729779213667
3367,128217,1,0,2.6796250022016466
3368,128218,1,0,2.6793339638970792
3369,128219,1,0,2.687540021724999
3370,128220,1,0,2.696856972761452
3371,128221,1,0,2.669605950359255
3372,128222,1,0,2.6997519889846444
3373,128223,1,0,2.6887719868682325
3374,128224,1,0,2.6880899677053094
3375,128225,1,0,2.6817580219358206
3376,128226,1,1,2.6929400046356022
3377,128227,1,0,2.6989009929820895
3378,128228,1,0,2.6842139777727425
3379,128229,1,0,2.7099609724245965
3380,128230,1,0,2.696645969990641
3381,128231,1,0,2.709860971663147
3382,128232,1,0,2.8680440154857934
3383,128233,1,0,2.6839729980565608
3384,128234,1,0,2.7048420161008835
3385,128235,1,0,2.69321002997458
3386,128236,1,0,2.6802760548889637
3387,128237,1,0,2.6956049841828644
3388,128238,1,0,2.701035002246499
3389,128239,1,0,2.685195009689778
3390,128240,1,0,2.687891013920307
3391,128241,1,0,2.7031979989260435
3392,128242,1,0,2.7130069793201983
3393,128243,1,1,2.694993047043681
3394,128244,1,0,2.7243280201219022
3395,128245,1,0,2.7454670052975416
3396,128246,1,0,2.700334007386118
3397,128247,1,0,2.684283012058586
3398,128248,1,0,2.694402006454766
3399,128249,1,0,2.702927973587066
3400,128250,1,0,2.7288159471936524
3401,128251,1,0,2.6723110349848866
3402,128252,1,0,2.693150017876178
3403,128253,1,0,2.698711003176868
3404,128254,1,0,2.684863982722163
3405,128255,1,0,2.7205110527575016
3406,128256,1,0,2.7028379845432937
3407,128257,1,0,2.695464005228132
3408,128258,1,0,2.8548400150611997
3409,128259,1,0,2.6768390089273453
3410,128260,1,1,2.6915359776467085
3411,128261,1,0,2.6894030161201954
3412,128262,1,0,2.676498959772289
3413,128263,1,0,2.6992710190825164
3414,128264,1,0,2.696426003240049
3415,128265,1,0,2.6895430055446923
3416,128266,1,0,2.6839529746212065
3417,128267,1,0,2.7049919590353966
3418,128268,1,0,2.7550450176931918
3419,128269,1,0,2.7529909857548773
3420,128270,1,0,2.6815879973582923
3421,128271,1,0,2.69756797933951
3422,128272,1,0,2.705953025724739
3423,128273,1,0,2.680616977158934
3424,128274,1,0,2.6865180116146803
3425,128275,1,0,2.6977889938279986
3426,128276,1,0,2.6903750258497894
3427,128277,1,1,2.685115032363683
3428,128278,1,0,2.7092600357718766
3429,128279,1,0,2.696506038773805
3430,128280,1,0,2.6931900065392256
3431,128281,1,0,2.6798159815371037
3432,128282,1,0,2.695593982934952
3433,128283,1,0,2.7003830182366073
3434,128284,1,0,2.6891420129686594
3435,128285,1,0,2.812861988786608
3436,128286,1,0,2.6858759811148047
3437,128287,1,0,2.6949230232276022
3438,128288,1,0,2.683351980522275
3439,128289,1,0,2.682670019567013
3440,128290,1,0,2.689313027076423
3441,128291,1,0,2.68087798031047
3442,128292,1,0,2.6755270082503557
3443,128293,1,0,2.6879400247707963
3444,128294,1,1,2.683432016056031
3445,128295,1,0,2.682379970792681
3446,128296,1,0,2.697847958188504
3447,128297,1,0,2.694874012377113
3448,128298,1,0,2.685115032363683
3449,128299,1,0,2.674805000424385
3450,128300,1,0,2.7009350014850497
3451,128301,1,0,2.6879010256379843
3452,128302,1,0,2.6833119918592274
3453,128303,1,0,2.6845940155908465
3454,128304,1,0,2.698038995731622
3455,128305,1,0,2.696235023904592
3456,128306,1,0,2.717815979849547
3457,128307,1,0,2.738423994742334
3458,128308,1,0,2.699823002330959
3459,128309,1,0,2.703820005990565
3460,128310,1,0,2.6863369857892394
3461,128311,1,1,2.8260560357011855
3462,128312,1,0,2.688993001356721
3463,128313,1,0,2.7032989892177284
3464,128314,1,0,2.6789240073412657
3465,128315,1,0,2.705722989048809
3466,128316,1,0,2.687348984181881
3467,128317,1,0,2.680846955627203
3468,128318,1,0,2.6907960418611765
3469,128319,1,0,2.7015249943360686
3470,128320,1,0,2.696376002859324
3471,128321,1,0,2.717914991080761
3472,128322,1,0,2.7294569881632924
3473,128323,1,0,2.7047120383940637
3474,128324,1,0,2.749353996478021
3475,128325,1,0,2.681978978216648
3476,128326,1,0,2.6929189916700125
3477,128327,1,0,2.687348984181881
3478,128328,1,1,2.7028080075979233
3479,128329,1,0,2.68190901260823
3480,128330,1,0,2.6982889976352453
3481,128331,1,0,2.6909360312856734
3482,128332,1,0,2.6968970196321607
3483,128333,1,0,2.6947929873131216
3484,128334,1,0,2.7154720155522227
3485,128335,1,0,2.695935021620244
3486,128336,1,0,2.7345269918441772
3487,128337,1,0,2.6864070096053183
3488,128338,1,0,2.822640002705157
3489,128339,1,0,2.702376979868859
3490,128340,1,0,2.6880609802901745
3491,128341,1,0,2.68407299881801
3492,128342,1,0,2.6948529994115233
3493,128343,1,0,2.693972026463598
3494,128344,1,0,2.704561047721654
3495,128345,1,0,2.7118550497107208
3496,128346,1,1,2.720008953474462
3497,128347,1,0,2.700994024053216
3498,128348,1,0,2.6898939977400005
3499,128349,1,0,2.703058999031782
3500,128350,1,0,2.7030189521610737
3501,128351,1,0,2.691606990993023
3502,128352,1,0,2.7428020257502794
3503,128353,1,0,2.7474999660626054
3504,128354,1,0,2.69810896134004
3505,128355,1,0,2.787425008136779
3506,128356,1,0,2.6825800305232406
3507,128357,1,0,2.6991210179403424
3508,128358,1,0,2.69542500609532
3509,128359,1,0,2.6907449937425554
3510,128360,1,0,2.691957983188331
3511,128361,1,0,2.6992219500243664
3512,128362,1,0,2.701756020542234
3513,128363,1,1,2.692107984330505
3514,128364,1,0,2.8260359540581703
3515,128365,1,0,2.6973880012519658
3516,128366,1,0,2.7017660322599113
3517,128367,1,0,2.688801963813603
3518,128368,1,0,2.6945119607262313
3519,128369,1,0,2.7057830011472106
3520,128370,1,0,2.703409001696855
3521,128371,1,0,2.6954240165650845
3522,128372,1,0,2.7052629739046097
3523,128373,1,0,2.705381950363517
3524,128374,1,0,2.6994520449079573
3525,128375,1,0,2.685466024558991
3526,128376,1,0,2.694542985409498
3527,128377,1,0,2.6949140010401607
3528,128378,1,0,2.6815080200321972
3529,128379,1,0,2.685816027224064
3530,128380,1,1,2.6974169886671007
3531,128381,1,0,2.70886899670586
3532,128382,1,0,2.685665967874229
3533,128383,1,0,2.6987509918399155
3534,128384,1,0,2.7018460095860064
3535,128385,1,0,2.7020660345442593
3536,128386,1,0,2.688661974389106
3537,128387,1,0,2.703259000554681
3538,128388,1,0,2.7033989899791777
3539,128389,1,0,2.698470023460686
3540,128390,1,0,2.6983600109815598
3541,128391,1,0,2.8134030289947987
3542,128392,1,0,2.706364030018449
3543,128393,1,0,2.6882000383920968
3544,128394,1,0,2.694102004170418
3545,128395,1,0,2.696105046197772
3546,128396,1,0,2.693320973776281
3547,128397,1,1,2.676518983207643
3548,128398,1,0,2.7276939945295453
3549,128399,1,0,2.70109495613724
3550,128400,1,0,2.6993819628842175
3551,128401,1,0,2.6791139971464872
3552,128402,1,0,2.6962049887515604
3553,128403,1,0,2.6993019855581224
3554,128404,1,0,2.7005940210074186
3555,128405,1,0,2.6964659919030964
3556,128406,1,0,2.7052430086769164
3557,128407,1,0,2.696846961043775
3558,128408,1,0,2.687139029148966
3559,128409,1,0,2.7010649791918695
3560,128410,1,0,2.6950829778797925
3561,128411,1,0,2.6864270330406725
3562,128412,1,0,2.6832009898498654
3563,128413,1,0,2.6973269996233284
3564,128414,1,1,2.700773999094963
3565,128415,1,0,2.6925989659503102
3566,128416,1,0,2.7006739983335137
3567,128417,1,0,2.826937008649111
3568,128418,1,0,2.691537025384605
3569,128419,1,0,2.693770977202803
3570,128420,1,0,2.6862769736908376
3571,128421,1,0,2.7097410056740046
3572,128422,1,0,2.7469799970276654
3573,128423,1,0,2.6944230194203556
3574,128424,1,0,2.697909018024802
3575,128425,1,0,2.6992009952664375
3576,128426,1,0,2.69027502508834
3577,128427,1,0,2.682930964510888
3578,128428,1,0,2.7104319888167083
3579,128429,1,0,2.696596027817577
3580,128430,1,0,2.6883610407821834
3581,128431,1,1,2.679944969713688
3582,128432,1,0,2.689432993065566
3583,128433,1,0,2.6881799567490816
3584,128434,1,0,2.671849972102791
3585,128435,1,0,2.6960460236296058
3586,128436,1,0,2.6892019668594003
3587,128437,1,0,2.6938110240735114
3588,128438,1,0,2.695644972845912
3589,128439,1,0,2.6951739564538
3590,128440,1,0,2.708628016989678
3591,128441,1,0,2.696024952456355
3592,128442,1,0,2.6953340275213122
3593,128443,1,0,2.696857030969113
3594,128444,1,0,2.8189130243845284
3595,128445,1,0,2.7259709895588458
3596,128446,1,0,2.6929800515063107
3597,128447,1,0,2.6851650327444077
3598,128448,1,1,2.692428999580443
3599,128449,1,0,2.6690049562603235
3600,128450,1,0,2.6942009571939707
3601,128451,1,0,2.703579026274383
3602,128452,1,0,2.6936609647236764
3603,128453,1,0,2.682749996893108
3604,128454,1,0,2.698610012885183
3605,128455,1,0,2.6889219880104065
3606,128456,1,0,2.68623698502779
3607,128457,1,0,2.6940720272250473
3608,128458,1,0,2.6902739773504436
3609,128459,1,0,2.679735014680773
3610,128460,1,0,2.6752169942483306
3611,128461,1,0,2.7050719945691526
3612,128462,1,0,2.6964159915223718
3613,128463,1,0,2.6804960216395557
3614,128464,1,0,2.7005629963241518
3615,128465,1,1,2.70191696472466
3616,128466,1,0,2.693851012736559
3617,128467,1,0,2.6895729824900627
3618,128468,1,0,2.709199965465814
3619,128469,1,0,2.9248290229588747
3620,128470,1,0,2.815376967191696
3621,128471,1,0,2.6919679949060082
3622,128472,1,0,2.6855560136027634
3623,128473,1,0,2.6975380023941398
3624,128474,1,0,2.7001030393876135
3625,128475,1,0,2.6952140033245087
3626,128476,1,0,2.6951729669235647
3627,128477,1,0,2.697117975912988
3628,128478,1,0,2.7039499836973846
3629,128479,1,0,2.686327032279223
3630,128480,1,0,2.7027580072171986
3631,128481,1,0,2.7013050275854766
3632,128482,1,1,2.686386986169964
3633,128483,1,0,2.6711190002970397
3634,128484,1,0,2.6972180348820984
3635,128485,1,0,2.6887920103035867
3636,128486,1,0,2.6844239910133183
3637,128487,1,0,2.696394978556782
3638,128488,1,0,2.7006440213881433
3639,128489,1,0,2.686497988179326
3640,128490,1,0,2.688971988391131
3641,128491,1,0,2.6943619595840573
3642,128492,1,0,2.6921179960481822
3643,128493,1,0,2.6811379939317703
3644,128494,1,0,2.68343195784837
3645,128495,1,0,2.6878599892370403
3646,128496,1,0,2.6822190266102552
3647,128497,1,0,2.8011800022795796
3648,128498,1,0,2.686096995603293
3649,128499,1,1,2.6873889728449285
3650,128500,1,0,2.6896230410784483
3651,128501,1,0,2.6787029928527772
3652,128502,1,0,2.7122749597765505
3653,128503,1,0,2.6943120174109936
3654,128504,1,0,2.681398007553071
3655,128505,1,0,2.72920704446733
3656,128506,1,0,2.688962034881115
3657,128507,1,0,2.6948729646392167
3658,128508,1,0,2.69501400180161
3659,128509,1,0,2.746838959865272
3660,128510,1,0,2.701464982237667
3661,128511,1,0,2.697468036785722
3662,128512,1,0,2.6754970313049853
3663,128513,1,0,2.7388849994167686
3664,128514,1,0,2.7508969651535153
3665,128515,1,0,2.7027769829146564
3666,128516,1,1,2.6797749451361597
3667,128517,1,0,2.69998301519081
3668,128518,1,0,2.753200998995453
3669,128519,1,0,2.7006539748981595
3670,128520,1,0,2.742431010119617
3671,128521,1,0,2.7108819922432303
3672,128522,1,0,2.7188879903405905
3673,128523,1,0,2.820635971147567
3674,128524,1,0,2.686428022570908
3675,128525,1,0,2.690895984414965
3676,128526,1,0,2.694823022466153
3677,128527,1,0,2.700903976801783
3678,128528,1,0,2.6813680306077003
3679,128529,1,0,2.7068050112575293
3680,128530,1,0,2.696185023523867
3681,128531,1,0,2.6927089784294367
3682,128532,1,0,2.6983889983966947
3683,128533,1,1,2.696376002859324
3684,128534,1,0,2.69875000230968
3685,128535,1,0,2.6748559903353453
3686,128536,1,0,2.6885109837166965
3687,128537,1,0,2.6899839867837727
3688,128538,1,0,2.681698009837419
3689,128539,1,0,2.7340450324118137
3690,128540,1,0,2.6941709802486002
3691,128541,1,0,2.69063503947109
3692,128542,1,0,2.6757369632832706
3693,128543,1,0,2.697076997719705
3694,128544,1,0,2.6941419928334653
3695,128545,1,0,2.693860966246575
3696,128546,1,0,2.674504998140037
3697,128547,1,0,2.6894930051639676
3698,128548,1,0,2.6972180348820984
3699,128549,1,0,2.697137009818107
3700,128550,1,1,2.807411947287619
3701,128551,1,0,2.696315001230687
3702,128552,1,0,2.6959950337186456
3703,128553,1,0,2.6811380521394312
3704,128554,1,0,2.6951730251312256
3705,128555,1,0,2.6887720450758934
3706,128556,1,0,2.68190901260823
3707,128557,1,0,2.6731129619292915
3708,128558,1,0,2.694352006074041
3709,128559,1,0,2.689261978957802
3710,128560,1,0,2.676358970347792
3711,128561,1,0,2.6862869854085147
3712,128562,1,0,2.7301579830236733
3713,128563,1,0,2.6926790014840662
3714,128564,1,0,2.691216010134667
3715,128565,1,0,2.6923789991997182
3716,128566,1,0,2.681888989172876
3717,128567,1,1,2.6776110171340406
3718,128568,1,0,2.676518983207643
3719,128569,1,0,2.6954140048474073
3720,128570,1,0,2.6983789866790175
3721,128571,1,0,2.6877900236286223
3722,128572,1,0,2.703759993892163
3723,128573,1,0,2.6982600102201104
3724,128574,1,0,2.6963060372509062
3725,128575,1,0,2.684974984731525
3726,128576,1,0,2.8317260439507663
3727,128577,1,0,2.706485043745488
3728,128578,1,0,2.693140006158501
3729,128579,1,0,2.7005039737559855
3730,128580,1,0,2.703198988456279
3731,128581,1,0,2.6975880027748644
3732,128582,1,0,2.7026970055885613
3733,128583,1,0,2.6797550381161273
3734,128584,1,1,2.7002940187230706
3735,128585,1,0,2.697627991437912
3736,128586,1,0,2.742541953921318
3737,128587,1,0,2.686708001419902
3738,128588,1,0,2.7006539748981595
3739,128589,1,0,2.694402006454766
3740,128590,1,0,2.6872989838011563
3741,128591,1,0,2.6949230232276022
3742,128592,1,0,2.7004940202459693
3743,128593,1,0,2.7024680166505277
3744,128594,1,0,2.683942031580955
3745,128595,1,0,2.705252030864358
3746,128596,1,0,2.6991110062226653
3747,128597,1,0,2.6915770140476525
3748,128598,1,0,2.7607950032688677
3749,128599,1,0,2.6993920328095555
3750,128600,1,0,2.705673046875745
3751,128601,1,1,2.6845940155908465
3752,128602,1,0,2.6911169989034534
3753,128603,1,0,2.818531997036189
3754,128604,1,0,2.700554032344371
3755,128605,1,0,2.779508999083191
3756,128606,1,0,2.6712690014392138
3757,128607,1,0,2.69699702039361
3758,128608,1,0,2.701254968997091
3759,128609,1,0,2.743553020991385
3760,128610,1,0,2.687048981897533
3761,128611,1,0,2.6873790193349123
3762,128612,1,0,2.6920679956674576
3763,128613,1,0,2.6842239894904196
3764,128614,1,0,2.694701950531453
3765,128615,1,0,2.6991910417564213
3766,128616,1,0,2.679324010387063
3767,128617,1,0,2.6808870024979115
3768,128618,1,1,2.693690999876708
3769,128619,1,0,2.705311984755099
3770,128620,1,0,2.6903850375674665
3771,128621,1,0,2.6936609647236764
3772,128622,1,0,2.6952929911203682
3773,128623,1,0,2.7013649814762175
3774,128624,1,0,2.678613003809005
3775,128625,1,0,2.7035190141759813
3776,128626,1,0,2.702938043512404
3777,128627,1,0,2.6890430017374456
3778,128628,1,0,2.692990005016327
3779,128629,1,0,2.832929021678865
3780,128630,1,0,2.69578502047807
3781,128631,1,0,2.6826109969988465
3782,128632,1,0,2.6840930222533643
3783,128633,1,0,2.6960050454363227
3784,128634,1,0,2.7189680258743465
3785,128635,1,1,2.6998919784091413
3786,128636,1,0,2.6948029990307987
3787,128637,1,0,2.7086579939350486
3788,128638,1,0,2.706594008486718
3789,128639,1,0,2.6910160086117685
3790,128640,1,0,2.7057729894295335
3791,128641,1,0,2.6886509731411934
3792,128642,1,0,2.690055000130087
3793,128643,1,0,2.6842239894904196
3794,128644,1,0,2.6954440400004387
3795,128645,1,0,2.701705030631274
3796,128646,1,0,2.682239981368184
3797,128647,1,0,2.696426003240049
3798,128648,1,0,2.694682974833995
3799,128649,1,0,2.694822964258492
3800,128650,1,0,2.676609030459076
3801,128651,1,0,2.703829959500581
3802,128652,1,1,2.704150974750519
3803,128653,1,0,2.681427984498441
3804,128654,1,0,2.68646702170372
3805,128655,1,0,2.702517027501017
3806,128656,1,0,2.814615028910339
3807,128657,1,0,2.6881800149567425
3808,128658,1,0,2.689522982109338
3809,128659,1,0,2.692007983569056
3810,128660,1,0,2.695693983696401
3811,128661,1,0,2.684002975001931
3812,128662,1,0,2.7111429953947663
3813,128663,1,0,2.6945529971271753
3814,128664,1,0,2.6888319989666343
3815,128665,1,0,2.674194984138012
3816,128666,1,0,2.698830037843436
3817,128667,1,0,2.6950030005536973
3818,128668,1,0,2.6793249999172986
3819,128669,1,0,2.693962014745921
3820,128670,1,1,2.6994309737347066
3821,128671,1,0,2.683741971850395
3822,128672,1,0,2.677140000741929
3823,128673,1,0,2.6967269950546324
3824,128674,1,0,2.6937410002574325
3825,128675,1,0,2.6773710269480944
3826,128676,1,0,2.691246976610273
3827,128677,1,0,2.702275989577174
3828,128678,1,0,2.695053000934422
3829,128679,1,0,2.696777053643018
3830,128680,1,0,2.7072459924966097
3831,128681,1,0,2.6978380046784878
3832,128682,1,0,2.8223390108905733
3833,128683,1,0,2.6878800126723945
3834,128684,1,0,2.6987100136466324
3835,128685,1,0,2.7107829810120165
3836,128686,1,0,2.6980189722962677
3837,128687,1,1,2.6848140405490994
3838,128688,1,0,2.7540429728105664
3839,128689,1,0,2.7492839726619422
3840,128690,1,0,2.7038599946536124
3841,128691,1,0,2.6835420285351574
3842,128692,1,0,2.6991309714503586
3843,128693,1,0,2.7015760424546897
3844,128694,1,0,2.6919979718513787
3845,128695,1,0,2.6956539950333536
3846,128696,1,0,2.7061139699071646
3847,128697,1,0,2.696446026675403
3848,128698,1,0,2.6836820179596543
3849,128699,1,0,2.6914470363408327
3850,128700,1,0,2.695945033337921
3851,128701,1,0,2.7211509877815843
3852,128702,1,0,2.6817789766937494
3853,128703,1,0,2.809325000271201
3854,128704,1,1,2.6973779895342886
3855,128705,1,0,2.696505980566144
3856,128706,1,0,2.6786630041897297
3857,128707,1,0,2.7022470021620393
3858,128708,1,0,2.698659955058247
3859,128709,1,0,2.8184829861856997
3860,128710,1,0,2.6905849808827043
3861,128711,1,0,2.689072978682816
3862,128712,1,0,2.696937008295208
3863,128713,1,0,2.6776909944601357
3864,128714,1,0,2.6879910146817565
3865,128715,1,0,2.6884409599006176
3866,128716,1,0,2.6912559987977147
3867,128717,1,0,2.6805270463228226
3868,128718,1,0,2.692328009288758
3869,128719,1,0,2.696556970477104
3870,128720,1,0,2.694202004931867
3871,128721,1,1,2.6935000205412507
3872,128722,1,0,2.7007540338672698
3873,128723,1,0,2.7003739960491657
3874,128724,1,0,2.727814018726349
3875,128725,1,0,2.6994619984179735
3876,128726,1,0,2.750386018306017
3877,128727,1,0,2.6913659530691803
3878,128728,1,0,2.6872589951381087
3879,128729,1,0,2.697077055927366
3880,128730,1,0,2.6927090366370976
3881,128731,1,0,2.6965460274368525
3882,128732,1,0,2.6826010434888303
3883,128733,1,0,2.704240963794291
3884,128734,1,0,2.704059996176511
3885,128735,1,0,2.815586980432272
3886,128736,1,0,2.6803860091604292
3887,128737,1,0,2.6883919490501285
3888,128738,1,1,2.7054829988628626
3889,128739,1,0,2.6826499961316586
3890,128740,1,0,2.693079994060099
3891,128741,1,0,2.6931099710054696
3892,128742,1,0,2.7061940054409206
3893,128743,1,0,2.6873190072365105
3894,128744,1,0,2.7101709856651723
3895,128745,1,0,2.699300996027887
3896,128746,1,0,2.707256004214287
3897,128747,1,0,2.6895430055446923
3898,128748,1,0,2.700994024053216
3899,128749,1,0,2.702286990825087
3900,128750,1,0,2.6878200005739927
3901,128751,1,0,2.693571033887565
3902,128752,1,0,2.69576400751248
3903,128753,1,0,2.694481983780861
3904,128754,1,0,2.6866080006584525
3905,128755,1,1,2.6964859571307898
3906,128756,1,0,2.692599024157971
3907,128757,1,0,2.6861370424740016
3908,128758,1,0,2.673864015378058
3909,128759,1,0,2.6978490059264004
3910,128760,1,0,2.69581499742344
3911,128761,1,0,2.6944329729303718
3912,128762,1,0,2.821256988681853
3913,128763,1,0,2.707746985834092
3914,128764,1,0,2.6980990078300238
3915,128765,1,0,2.690274966880679
3916,128766,1,0,2.6858660276047885
3917,128767,1,0,2.698278985917568
3918,128768,1,0,2.7135370182804763
3919,128769,1,0,2.6872989838011563
3920,128770,1,0,2.6941720279864967
3921,128771,1,0,2.695885021239519
3922,128772,1,1,2.689191955141723
3923,128773,1,0,2.686797990463674
3924,128774,1,0,2.691607049200684
3925,128775,1,0,2.698348951525986
3926,128776,1,0,2.6821490027941763
3927,128777,1,0,2.697056974284351
3928,128778,1,0,2.6933400076813996
3929,128779,1,0,2.697638003155589
3930,128780,1,0,2.6831920258700848
3931,128781,1,0,2.688390959519893
3932,128782,1,0,2.6958949747495353
3933,128783,1,0,2.679654979147017
3934,128784,1,0,2.6931100292131305
3935,128785,1,0,2.6953440392389894
3936,128786,1,0,2.687438973225653
3937,128787,1,0,2.6783820358105004
3938,128788,1,0,2.8164690011180937
3939,128789,1,1,2.690285036806017
3940,128790,1,0,2.6970470207743347
3941,128791,1,0,2.677490992937237
3942,128792,1,0,2.6934309862554073
3943,128793,1,0,2.691426023375243
3944,128794,1,0,2.6829310227185488
3945,128795,1,0,2.6834720047190785
3946,128796,1,0,2.69578502047807
3947,128797,1,0,2.913176955189556
3948,128798,1,0,2.6995419757440686
3949,128799,1,0,2.680216042790562
3950,128800,1,0,2.693168993573636
3951,128801,1,0,2.69756797933951
3952,128802,1,0,2.6922079850919545
3953,128803,1,0,2.6870580040849745
3954,128804,1,0,2.693010028451681
3955,128805,1,0,2.695373957976699
3956,128806,1,1,2.680056029930711
3957,128807,1,0,2.708568994421512
3958,128808,1,0,2.701675985008478
3959,128809,1,0,2.7011650381609797
3960,128810,1,0,2.6803960208781064
3961,128811,1,0,2.7028879849240184
3962,128812,1,0,2.7080580475740135
3963,128813,1,0,2.693540998734534
3964,128814,1,0,2.6898339856415987
3965,128815,1,0,2.82505399081856
3966,128816,1,0,2.6953539927490056
3967,128817,1,0,2.6855060132220387
3968,128818,1,0,2.68327200319618
3969,128819,1,0,2.7007239987142384
3970,128820,1,0,2.7130969683639705
3971,128821,1,0,2.6884920080192387
3972,128822,1,0,2.6956540532410145
3973,128823,1,1,2.69735703477636
3974,128824,1,0,2.695234026759863
3975,128825,1,0,2.6823499938473105
3976,128826,1,0,2.702046011108905
3977,128827,1,0,2.708018000703305
3978,128828,1,0,2.6963360141962767
3979,128829,1,0,2.683302038349211
3980,128830,1,0,2.6988100144080818
3981,128831,1,0,2.7032080106437206
3982,128832,1,0,2.6869880384765565
3983,128833,1,0,2.705161983612925
3984,128834,1,0,2.695794973988086
3985,128835,1,0,2.6987799792550504
3986,128836,1,0,2.681988989934325
3987,128837,1,0,2.69202800700441
3988,128838,1,0,2.7070159558206797
3989,128839,1,0,2.6989610050804913
3990,128840,1,1,2.693551010452211
3991,128841,1,0,2.827698946930468
3992,128842,1,0,2.693620976060629
3993,128843,1,0,2.69524403847754
3994,128844,1,0,2.7155009447596967
3995,128845,1,0,2.6977380039170384
3996,128846,1,0,2.6973470230586827
3997,128847,1,0,2.686948049813509
3998,128848,1,0,2.696446026675403
3999,128849,1,0,2.69797898363322
4000,128850,1,0,2.693490998353809
4001,128851,1,0,2.682299993466586
4002,128852,1,0,2.701345016248524
4003,128853,1,0,2.706725033931434
4004,128854,1,0,2.695384027902037
4005,128855,1,0,2.690554945729673
4006,128856,1,0,2.7139189769513905
4007,128857,1,1,2.7077969862148166
4008,128858,1,0,2.684724982827902
4009,128859,1,0,2.703018020838499
4010,128860,1,0,2.699732023756951
4011,128861,1,0,2.6954439817927778
4012,128862,1,0,2.673323964700103
4013,128863,1,0,2.6936609647236764
4014,128864,1,0,2.712325018364936
4015,128865,1,0,2.6920369709841907
4016,128866,1,0,2.6843739906325936
4017,128867,1,0,2.699491975363344
4018,128868,1,0,2.820576017256826
4019,128869,1,0,2.6836729957722127
4020,128870,1,0,2.68623698502779
4021,128871,1,0,2.700934011954814
4022,128872,1,0,2.709550957661122
4023,128873,1,0,2.683241036720574
4024,128874,1,1,2.6976080262102187
4025,128875,1,0,2.6990409824065864
4026,128876,1,0,2.691236964892596
4027,128877,1,0,2.675106981769204
4028,128878,1,0,2.6907959836535156
4029,128879,1,0,2.691317000426352
4030,128880,1,0,2.691596979275346
4031,128881,1,0,2.6910160086117685
4032,128882,1,0,2.6925590354949236
4033,128883,1,0,2.6947329752147198
4034,128884,1,0,2.6844230014830828
4035,128885,1,0,2.7011040365323424
4036,128886,1,0,2.6994820218533278
4037,128887,1,0,2.6908660074695945
4038,128888,1,0,2.693540998734534
4039,128889,1,0,2.701084013096988
4040,128890,1,0,2.7281540096737444
4041,128891,1,1,2.689443004783243
4042,128892,1,0,2.704241022001952
4043,128893,1,0,2.699021017178893
4044,128894,1,0,2.835594001226127
4045,128895,1,0,2.694161026738584
4046,128896,1,0,2.6814889861270785
4047,128897,1,0,2.700924000237137
4048,128898,1,0,2.69797898363322
4049,128899,1,0,2.692938956897706
4050,128900,1,0,2.7015049709007144
4051,128901,1,0,2.6976079680025578
4052,128902,1,0,2.7018869877792895
4053,128903,1,0,2.68221995793283
4054,128904,1,0,2.6989210164174438
4055,128905,1,0,2.697659016121179
4056,128906,1,0,2.689554006792605
4057,128907,1,0,2.696014998946339
4058,128908,1,1,2.7040800196118653
4059,128909,1,0,2.7027279720641673
4060,128910,1,0,2.691446978133172
4061,128911,1,0,2.701314981095493
4062,128912,1,0,2.704631013330072
4063,128913,1,0,2.704059996176511
4064,128914,1,0,2.7351879980415106
4065,128915,1,0,2.6967269950546324
4066,128916,1,0,2.702436991967261
4067,128917,1,0,2.701185003388673
4068,128918,1,0,2.7013549697585404
4069,128919,1,0,2.709350024815649
4070,128920,1,0,2.7031279751099646
4071,128921,1,0,2.827207965310663
4072,128922,1,0,2.68502498511225
4073,128923,1,0,2.7009439654648304
4074,128924,1,0,2.7032680227421224
4075,128925,1,1,2.703007950913161
4076,128926,1,0,2.696345967706293
4077,128927,1,0,2.7018460095860064
4078,128928,1,0,2.7044310118071735
4079,128929,1,0,2.6901140226982534
4080,128930,1,0,2.7033689548261464
4081,128931,1,0,2.7044809539802372
4082,128932,1,0,2.7042499859817326
4083,128933,1,0,2.6886920095421374
4084,128934,1,0,2.7018760447390378
4085,128935,1,0,2.700223005376756
4086,128936,1,0,2.6973679778166115
4087,128937,1,0,2.6874690083786845
4088,128938,1,0,2.706794999539852
4089,128939,1,0,2.7075859834440053
4090,128940,1,0,2.6978380046784878
4091,128941,1,0,2.7006439631804824
4092,128942,1,1,2.695725008379668
4093,128943,1,0,2.7033789665438235
4094,128944,1,0,2.6854450115934014
4095,128945,1,0,2.696537005249411
4096,128946,1,0,2.6952640037052333
4097,128947,1,0,2.8225090354681015
4098,128948,1,0,2.6843430241569877
4099,128949,1,0,2.708767948206514
4100,128950,1,0,2.697857969906181
4101,128951,1,0,2.695233968552202
4102,128952,1,0,2.6828510453924537
4103,128953,1,0,2.697137009818107
4104,128954,1,0,2.699011005461216
4105,128955,1,0,2.7032489888370037
4106,128956,1,0,2.690265013370663
4107,128957,1,0,2.6989610050804913
4108,128958,1,0,2.6970779872499406
4109,128959,1,1,2.684113977011293
4110,128960,1,0,2.7019870467483997
4111,128961,1,0,2.7582600014284253
4112,128962,1,0,2.6964159915223718
4113,128963,1,0,2.686858002562076
4114,128964,1,0,2.701806020922959
4115,128965,1,0,2.696495968848467
4116,128966,1,0,2.690234046895057
4117,128967,1,0,2.6976679801009595
4118,128968,1,0,2.7070450014434755
4119,128969,1,0,2.7086379704996943
4120,128970,1,0,2.697498013731092
4121,128971,1,0,2.712927001994103
4122,128972,1,0,2.700433018617332
4123,128973,1,0,2.7068950003013015
4124,128974,1,0,2.817209984641522
4125,128975,1,0,2.7008940232917666
4126,128976,1,0,2.7075459947809577
4127,128977,1,1,2.705582999624312
4128,128978,1,0,2.69027502508834
4129,128979,1,0,2.7004239964298904
4130,128980,1,0,2.698059019166976
4131,128981,1,0,2.698289987165481
4132,128982,1,0,2.6767099625431
4133,128983,1,0,2.6895839837379754
4134,128984,1,0,2.6964150019921362
4135,128985,1,0,2.7006639866158366
4136,128986,1,0,2.6859460049308836
4137,128987,1,0,2.7026880416087806
4138,128988,1,0,2.7059129788540304
4139,128989,1,0,2.6781719643622637
4140,128990,1,0,2.6960960240103304
4141,128991,1,0,2.707576029933989
4142,128992,1,0,2.6937509537674487
4143,128993,1,0,2.6789330295287073
4144,128994,1,1,2.701666031498462
4145,128995,1,0,2.701544959563762
4146,128996,1,0,2.694463008083403
4147,128997,1,0,2.6968269958160818
4148,128998,1,0,2.6930790045298636
4149,128999,1,0,2.6980790426023304
4150,129000,1,0,2.817670989315957
4151,129001,1,0,2.7029180200770497
4152,129002,1,0,2.713388006668538
4153,129003,1,0,2.695884963031858
4154,129004,1,0,2.672041009645909
4155,129005,1,0,2.7082570013590157
4156,129006,1,0,2.692738955374807
4157,129007,1,0,2.675878000445664
4158,129008,1,0,2.731110027525574
4159,129009,1,0,2.6894930051639676
4160,129010,1,0,2.6868380373343825
4161,129011,1,1,2.6801860076375306
4162,129012,1,0,2.695384027902037
4163,129013,1,0,2.695955045055598
4164,129014,1,0,2.6883200043812394
4165,129015,1,0,2.67356401309371
4166,129016,1,0,2.691686968319118
4167,129017,1,0,2.6963260024785995
4168,129018,1,0,2.6817090110853314
4169,129019,1,0,2.696865994948894
4170,129020,1,0,2.7013050275854766
4171,129021,1,0,2.701554971281439
4172,129022,1,0,2.680446021258831
4173,129023,1,0,2.705854014493525
4174,129024,1,0,2.7073260280303657
4175,129025,1,0,2.6857469929382205
4176,129026,1,0,2.67611799063161
4177,129027,1,0,2.8245129506103694
4178,129028,1,1,2.703247999306768
4179,129029,1,0,2.6926089776679873
4180,129030,1,0,2.6774409925565124
4181,129031,1,0,2.737933013122529
4182,129032,1,0,2.6989710167981684
4183,129033,1,0,2.6812769938260317
4184,129034,1,0,2.7017859974876046
4185,129035,1,0,2.7056930121034384
4186,129036,1,0,2.7072160155512393
4187,129037,1,0,2.6878900243900716
4188,129038,1,0,2.700734999962151
4189,129039,1,0,2.689713961444795
4190,129040,1,0,2.718546020332724
4191,129041,1,0,2.6821900391951203
4192,129042,1,0,2.695053000934422
4193,129043,1,0,2.708157990127802
4194,129044,1,0,2.6860470534302294
4195,129045,1,1,2.677140000741929
4196,129046,1,0,2.7057139668613672
4197,129047,1,0,2.6940510142594576
4198,129048,1,0,2.682079968508333
4199,129049,1,0,2.6988110039383173
4200,129050,1,0,2.693229995202273
4201,129051,1,0,2.698760014027357
4202,129052,1,0,2.683501981664449
4203,129053,1,0,2.8231610194779932
4204,129054,1,0,2.7805219870060682
4205,129055,1,0,2.6973079657182097
4206,129056,1,0,2.6824300293810666
4207,129057,1,0,2.6992110069841146
4208,129058,1,0,2.6993409846909344
4209,129059,1,0,2.693981979973614
4210,129060,1,0,2.6851650327444077
4211,129061,1,0,2.706544997636229
4212,129062,1,1,2.696496027056128
4213,129063,1,0,2.6878099888563156
4214,129064,1,0,2.681968966498971
4215,129065,1,0,2.695593982934952
4216,129066,1,0,2.6894930051639676
4217,129067,1,0,2.6755069848150015
4218,129068,1,0,2.703628968447447
4219,129069,1,0,2.697878982871771
4220,129070,1,0,2.683100989088416
4221,129071,1,0,2.697759016882628
4222,129072,1,0,2.7005330193787813
4223,129073,1,0,2.6940720272250473
4224,129074,1,0,2.6919670053757727
4225,129075,1,0,2.7105119661428034
4226,129076,1,0,2.705672988668084
4227,129077,1,0,2.703338977880776
4228,129078,1,0,2.77854799060151
4229,129079,1,1,2.709740016143769
4230,129080,1,0,2.832658006809652
4231,129081,1,0,2.698309952393174
4232,129082,1,0,2.69496301189065
4233,129083,1,0,2.696646028198302
4234,129084,1,0,2.6993509964086115
4235,129085,1,0,2.6969669852405787
4236,129086,1,0,2.6825800305232406
4237,129087,1,0,2.704120008274913
4238,129088,1,0,2.709008986130357
4239,129089,1,0,2.700422948691994
4240,129090,1,0,2.678502001799643
4241,129091,1,0,2.700022014323622
4242,129092,1,0,2.6982490089721978
4243,129093,1,0,2.6886709965765476
4244,129094,1,0,2.6937209768220782
4245,129095,1,0,2.697128045838326
4246,129096,1,1,2.6934409979730844
4247,129097,1,0,2.6735830469988286
4248,129098,1,0,2.6977480156347156
4249,129099,1,0,2.7031279751099646
4250,129100,1,0,2.6913670008070767
4251,129101,1,0,2.684184000827372
4252,129102,1,0,2.705593011341989
4253,129103,1,0,2.6922780089080334
4254,129104,1,0,2.686658001039177
4255,129105,1,0,2.6960649993270636
4256,129106,1,0,2.824573020916432
4257,129107,1,0,2.6938810478895903
4258,129108,1,0,2.6812879950739443
4259,129109,1,0,2.6858460041694343
4260,129110,1,0,2.6897540083155036
4261,129111,1,0,2.6882299571298063
4262,129112,1,0,2.683783008251339
4263,129113,1,1,2.689843997359276
4264,129114,1,0,2.712646033614874
4265,129115,1,0,2.686086983885616
4266,129116,1,0,2.6926890132017434
4267,129117,1,0,2.7036300161853433
4268,129118,1,0,2.705812978092581
4269,129119,1,0,2.6861969963647425
4270,129120,1,0,2.7002629940398037
4271,129121,1,0,2.695063012652099
4272,129122,1,0,2.7020059642381966
4273,129123,1,0,2.681427984498441
4274,129124,1,0,2.6985699660144746
4275,129125,1,0,2.6954039931297302
4276,129126,1,0,2.6824810192920268
4277,129127,1,0,2.694753056857735
4278,129128,1,0,2.701575984247029
4279,129129,1,0,2.7108530048280954
4280,129130,1,1,2.7046220493502915
4281,129131,1,0,2.7117340359836817
4282,129132,1,0,2.7070060023106635
4283,129133,1,0,2.827938995324075
4284,129134,1,0,2.6889920118264854
4285,129135,1,0,2.6980589609593153
4286,129136,1,0,2.69792799372226
4287,129137,1,0,2.6938010123558342
4288,129138,1,0,2.6825310196727514
4289,129139,1,0,2.706503961235285
4290,129140,1,0,2.710112021304667
4291,129141,1,0,2.6951439795084298
4292,129142,1,0,2.689933986403048
4293,129143,1,0,2.7088700444437563
4294,129144,1,0,2.7174149872735143
4295,129145,1,0,2.7299679932184517
4296,129146,1,0,2.7007240569218993
4297,129147,1,1,2.711533976253122
4298,129148,1,0,2.794548054225743
4299,129149,1,0,2.6940410025417805
4300,129150,1,0,2.684473991394043
4301,129151,1,0,2.702297002542764
4302,129152,1,0,2.6978490059264004
4303,129153,1,0,2.690644992981106
4304,129154,1,0,2.696356037631631
4305,129155,1,0,2.703700040001422
4306,129156,1,0,2.696787007153034
4307,129157,1,0,2.687348984181881
4308,129158,1,0,2.693841001018882
4309,129159,1,0,2.8132119914516807
4310,129160,1,0,2.684293023776263
4311,129161,1,0,2.6774609577842057
4312,129162,1,0,2.695554052479565
4313,129163,1,0,2.7017859974876046
4314,129164,1,1,2.6868379791267216
4315,129165,1,0,2.693219983484596
4316,129166,1,0,2.689682994969189
4317,129167,1,0,2.6938809896819293
4318,129168,1,0,2.689382992684841
4319,129169,1,0,2.68770003458485
4320,129170,1,0,2.6997019886039197
4321,129171,1,0,2.678883960470557
4322,129172,1,0,2.688671986106783
4323,129173,1,0,2.7038800180889666
4324,129174,1,0,2.7126259519718587
4325,129175,1,0,2.699150994885713
4326,129176,1,0,2.682539983652532
4327,129177,1,0,2.694572031032294
4328,129178,1,0,2.6975079672411084
4329,129179,1,0,2.691306988708675
4330,129180,1,0,2.6867379783652723
4331,129181,1,1,2.703157952055335
4332,129182,1,0,2.696174953598529
4333,129183,1,0,2.6764589711092412
4334,129184,1,0,2.7073369710706174
4335,129185,1,0,2.6995519874617457
4336,129186,1,0,2.8225990245118737
4337,129187,1,0,2.686658001039177
4338,129188,1,0,2.7008139877580106
4339,129189,1,0,2.7164830244146287
4340,129190,1,0,2.687508997041732
4341,129191,1,0,2.683982951566577
4342,129192,1,0,2.700523007661104
4343,129193,1,0,2.699461008887738
4344,129194,1,0,2.690035034902394
4345,129195,1,0,2.9084589914418757
4346,129196,1,0,2.6974380016326904
4347,129197,1,0,2.693771035410464
4348,129198,1,1,2.6922679971903563
4349,129199,1,0,2.679084020201117
4350,129200,1,0,2.6985000004060566
4351,129201,1,0,2.6923679979518056
4352,129202,1,0,2.684222999960184
4353,129203,1,0,2.6920379605144262
4354,129204,1,0,2.70173599710688
4355,129205,1,0,2.701435994822532
4356,129206,1,0,2.675606985576451
4357,129207,1,0,2.6989210164174438
4358,129208,1,0,2.702265977859497
4359,129209,1,0,2.6834619930014014
4360,129210,1,0,2.690905996132642
4361,129211,1,0,2.705672988668084
4362,129212,1,0,2.829723001923412
4363,129213,1,0,2.68407299881801
4364,129214,1,0,2.6729420060291886
4365,129215,1,1,2.688770997337997
4366,129216,1,0,2.7020570123568177
4367,129217,1,0,2.6796250022016466
4368,129218,1,0,2.6956250076182187
4369,129219,1,0,2.696776995435357
4370,129220,1,0,2.69342097453773
4371,129221,1,0,2.6736640138551593
4372,129222,1,0,2.700924000237137
4373,129223,1,0,2.6981390547007322
4374,129224,1,0,2.6899739750660956
4375,129225,1,0,2.6845040265470743
4376,129226,1,0,2.6912670000456274
4377,129227,1,0,2.696687006391585
4378,129228,1,0,2.6762980269268155
4379,129229,1,0,2.689564018510282
4380,129230,1,0,2.701365971006453
4381,129231,1,0,2.684494014829397
4382,129232,1,1,2.6858660276047885
4383,129233,1,0,2.693891990929842
4384,129234,1,0,2.702736994251609
4385,129235,1,0,2.690634981263429
4386,129236,1,0,2.7085589827038348
4387,129237,1,0,2.695223956834525
4388,129238,1,0,2.701624995097518
4389,129239,1,0,2.802471979521215
4390,129240,1,0,2.7011740021407604
4391,129241,1,0,2.6961559779010713
4392,129242,1,0,2.7003230061382055
4393,129243,1,0,2.677379990927875
4394,129244,1,0,2.7022570138797164
4395,129245,1,0,2.697749005164951
4396,129246,1,0,2.6908660074695945
4397,129247,1,0,2.6966860168613493
4398,129248,1,0,2.7070660144090652
4399,129249,1,1,2.7049719938077033
4400,129250,1,0,2.6868379791267216
4401,129251,1,0,2.695153991226107
4402,129252,1,0,2.6999819674529135
4403,129253,1,0,2.679244033060968
4404,129254,1,0,2.6764890062622726
4405,129255,1,0,2.695624018087983
4406,129256,1,0,2.7102919993922114
4407,129257,1,0,2.6899739750660956
4408,129258,1,0,2.697037998586893
4409,129259,1,0,2.6923379627987742
4410,129260,1,0,2.694001013878733
4411,129261,1,0,2.672873029951006
4412,129262,1,0,2.6890630251728
4413,129263,1,0,2.693079994060099
4414,129264,1,0,2.6915870257653296
4415,129265,1,0,2.8500999906100333
4416,129266,1,1,2.7122650062665343
4417,129267,1,0,2.6963860145770013
4418,129268,1,0,2.679996017832309
4419,129269,1,0,2.6723520131781697
4420,129270,1,0,2.6973970234394073
4421,129271,1,0,2.701635006815195
4422,129272,1,0,2.6924890116788447
4423,129273,1,0,2.69442202989012
4424,129274,1,0,2.695645031053573
4425,129275,1,0,2.703259000554681
4426,129276,1,0,2.6927589788101614
4427,129277,1,0,2.7049019699916244
4428,129278,1,0,2.69401102559641
4429,129279,1,0,2.695342991501093
4430,129280,1,0,2.682930964510888
4431,129281,1,0,2.700273005757481
4432,129282,1,0,2.6964159915223718
4433,129283,1,1,2.693952003028244
4434,129284,1,0,2.6950829778797925
4435,129285,1,0,2.6961160474456847
4436,129286,1,0,2.7076060068793595
4437,129287,1,0,2.6833420270122588
4438,129288,1,0,2.704481012187898
4439,129289,1,0,2.806600008625537
4440,129290,1,0,2.69455200759694
4441,129291,1,0,2.6783330249600112
4442,129292,1,0,2.8249239549040794
4443,129293,1,0,2.7019960107281804
4444,129294,1,0,2.70547199761495
4445,129295,1,0,2.6887310086749494
4446,129296,1,0,2.701415040064603
4447,129297,1,0,2.7100220322608948
4448,129298,1,0,2.696426003240049
4449,129299,1,0,2.6837530313059688
4450,129300,1,0,2.697006973903626
4451,129301,1,1,2.702265977859497
4452,129302,1,0,2.6852249866351485
4453,129303,1,0,2.6938010123558342
4454,129304,1,0,2.7076059486716986
4455,129305,1,0,2.6951429899781942
4456,129306,1,0,2.6820690254680812
4457,129307,1,0,2.6986300363205373
4458,129308,1,0,2.6966470177285373
4459,129309,1,0,2.687819942366332
4460,129310,1,0,2.680637000594288
4461,129311,1,0,2.704070007894188
4462,129312,1,0,2.6930500171147287
4463,129313,1,0,2.6949240127578378
4464,129314,1,0,2.6959750102832913
4465,129315,1,0,2.7109329821541905
4466,129316,1,0,2.7019259869121015
4467,129317,1,0,2.6821899809874594
4468,129318,1,1,2.8253140044398606
4469,129319,1,0,2.7012950158677995
4470,129320,1,0,2.693941001780331
4471,129321,1,0,2.6897640200331807
4472,129322,1,0,2.6992009952664375
4473,129323,1,0,2.699951990507543
4474,129324,1,0,2.6935909991152585
4475,129325,1,0,2.6765589718706906
4476,129326,1,0,2.6928699808195233
4477,129327,1,0,2.69594497513026
4478,129328,1,0,2.678613003809005
4479,129329,1,0,2.6940120151266456
4480,129330,1,0,2.6925290003418922
4481,129331,1,0,2.6930399471893907
4482,129332,1,0,2.6778019964694977
4483,129333,1,0,2.690424968022853
4484,129334,1,0,2.699582022614777
4485,129335,1,1,2.6931900065392256
4486,129336,1,0,2.7964109904132783
4487,129337,1,0,2.697226998861879
4488,129338,1,0,2.7059330022893846
4489,129339,1,0,2.688090957235545
4490,129340,1,0,2.6856260374188423
4491,129341,1,0,2.71090300520882
4492,129342,1,0,2.722053963225335
4493,129343,1,0,2.6883810060098767
4494,129344,1,0,2.703638980165124
4495,129345,1,0,2.8223390108905733
4496,129346,1,0,2.698349009733647
4497,129347,1,0,2.6781719643622637
4498,129348,1,0,2.6926990249194205
4499,129349,1,0,2.6835320168174803
4500,129350,1,0,2.692038018722087
4501,129351,1,0,2.6758380117826164
4502,129352,1,1,2.6967760059051216
4503,129353,1,0,2.6921480312012136
4504,129354,1,0,2.676909964065999
4505,129355,1,0,2.690414956305176
4506,129356,1,0,2.6900439988821745
4507,129357,1,0,2.6913269539363682
4508,129358,1,0,2.6746559888124466
4509,129359,1,0,2.689213026314974
4510,129360,1,0,2.697488002013415
4511,129361,1,0,2.6884409599006176
4512,129362,1,0,2.688341017346829
4513,129363,1,0,2.6898030191659927
4514,129364,1,0,2.6993510546162724
4515,129365,1,0,2.6803159853443503
4516,129366,1,0,2.71682400489226
4517,129367,1,0,2.7217529714107513
4518,129368,1,0,2.7053029625676572
4519,129369,1,1,2.679534023627639
4520,129370,1,0,2.695032977499068
4521,129371,1,0,2.815255953464657
4522,129372,1,0,2.7044410235248506
4523,129373,1,0,2.6885519619099796
4524,129374,1,0,2.7133470284752548
4525,129375,1,0,2.6965459692291915
4526,129376,1,0,2.681017038412392
4527,129377,1,0,2.6868279674090445
4528,129378,1,0,2.704802027437836
4529,129379,1,0,2.7192189591005445
4530,129380,1,0,2.6897729840129614
4531,129381,1,0,2.6890920125879347
4532,129382,1,0,2.7433729846961796
4533,129383,1,0,2.703830017708242
4534,129384,1,0,2.6764690410345793
4535,129385,1,0,2.6947330334223807
4536,129386,1,1,2.6925280108116567
4537,129387,1,0,2.684993960428983
4538,129388,1,0,2.679965051356703
4539,129389,1,0,2.6962659903801978
4540,129390,1,0,2.6943719713017344
4541,129391,1,0,2.683330967556685
4542,129392,1,0,2.696205978281796
4543,129393,1,0,2.712506044190377
4544,129394,1,0,2.697456977330148
4545,129395,1,0,2.6807569665834308
4546,129396,1,0,2.7116640121676028
4547,129397,1,0,2.704910992179066
4548,129398,1,0,2.837406995240599
4549,129399,1,0,2.6749560493044555
4550,129400,1,0,2.6876299525611103
4551,129401,1,0,2.6884310063906014
4552,129402,1,0,2.678542979992926
4553,129403,1,1,2.6854449533857405
4554,129404,1,0,2.6873400202021003
4555,129405,1,0,2.6837519835680723
4556,129406,1,0,2.6714399573393166
4557,129407,1,0,2.698439988307655
4558,129408,1,0,2.693571033887565
4559,129409,1,0,2.6848340057767928
4560,129410,1,0,2.6860670186579227
4561,129411,1,0,2.7037800173275173
4562,129412,1,0,2.701756020542234
4563,129413,1,0,2.691477013286203
4564,129414,1,0,2.6980889961123466
4565,129415,1,0,2.697899006307125
4566,129416,1,0,2.706774976104498
4567,129417,1,0,2.67595803597942
4568,129418,1,0,2.725869999267161
4569,129419,1,0,2.6984389987774193
4570,129420,1,1,2.688390959519893
4571,129421,1,0,2.6910449960269034
4572,129422,1,0,2.7040999848395586
4573,129423,1,0,2.696756972000003
4574,129424,1,0,2.810777979902923
4575,129425,1,0,2.6911459863185883
4576,129426,1,0,2.7764540282078087
4577,129427,1,0,2.709841006435454
4578,129428,1,0,2.7008739998564124
4579,129429,1,0,2.70091398851946
4580,129430,1,0,2.705914026591927
4581,129431,1,0,2.7004930307157338
4582,129432,1,0,2.6863269740715623
4583,129433,1,0,2.704150043427944
4584,129434,1,0,2.6996019878424704
4585,129435,1,0,2.697787946090102
4586,129436,1,0,2.6836220058612525
4587,129437,1,1,2.6986199663951993
4588,129438,1,0,2.697659016121179
4589,129439,1,0,2.681899000890553
4590,129440,1,0,2.694282040465623
4591,129441,1,0,2.6975179789587855
4592,129442,1,0,2.697878982871771
4593,129443,1,0,2.6871590525843203
4594,129444,1,0,2.701024990528822
4595,129445,1,0,2.6889820001088083
4596,129446,1,0,2.67140002688393
4597,129447,1,0,2.677940996363759
4598,129448,1,0,2.7061239816248417
4599,129449,1,0,2.690555003937334
4600,129450,1,0,2.692017995286733
4601,129451,1,0,2.8008699882775545
4602,129452,1,0,2.694122027605772
4603,129453,1,0,2.778077032417059
4604,129454,1,1,2.691276022233069
4605,129455,1,0,2.6910260203294456
4606,129456,1,0,2.7071660151705146
4607,129457,1,0,2.683672006241977
4608,129458,1,0,2.676449017599225
4609,129459,1,0,2.6974279899150133
4610,129460,1,0,2.691606990993023
4611,129461,1,0,2.6856159674935043
4612,129462,1,0,2.676578995306045
4613,129463,1,0,2.700764045584947
4614,129464,1,0,2.699310949537903
4615,129465,1,0,2.682660997379571
4616,129466,1,0,2.7005140436813235
4617,129467,1,0,2.6926190475933254
4618,129468,1,0,2.69553397083655
4619,129469,1,0,2.6809470145963132
4620,129470,1,0,2.691527013666928
4621,129471,1,1,2.6951630134135485
4622,129472,1,0,2.685916959308088
4623,129473,1,0,2.700042969081551
4624,129474,1,0,2.6957049849443138
4625,129475,1,0,2.6945819845423102
4626,129476,1,0,2.6943229604512453
4627,129477,1,0,2.82453402178362
4628,129478,1,0,2.6951339677907526
4629,129479,1,0,2.702056022826582
4630,129480,1,0,2.68407299881801
4631,129481,1,0,2.690575027372688
4632,129482,1,0,2.6915970374830067
4633,129483,1,0,2.6945819845423102
4634,129484,1,0,2.685896004550159
4635,129485,1,0,2.700283017475158
4636,129486,1,0,2.696126000955701
4637,129487,1,0,2.685675979591906
4638,129488,1,1,2.683111000806093
4639,129489,1,0,2.693039015866816
4640,129490,1,0,2.6905860286206007
4641,129491,1,0,2.676519041415304
4642,129492,1,0,2.70593399181962
4643,129493,1,0,2.6994110085070133
4644,129494,1,0,2.6907349820248783
4645,129495,1,0,2.682960999663919
4646,129496,1,0,2.6943819830194116
4647,129497,1,0,2.6899839867837727
4648,129498,1,0,2.672672038897872
4649,129499,1,0,2.699461008887738
4650,129500,1,0,2.6978080277331173
4651,129501,1,0,2.6897229836322367
4652,129502,1,0,2.6864680112339556
4653,129503,1,0,2.7042709989473224
4654,129504,1,0,2.828511002007872
4655,129505,1,1,2.7066150214523077
4656,129506,1,0,2.6891930028796196
4657,129507,1,0,2.709649968892336
4658,129508,1,0,2.700273005757481
4659,129509,1,0,2.695394039619714
4660,129510,1,0,2.679735014680773
4661,129511,1,0,2.697959018405527
4662,129512,1,0,2.6966960285790265
4663,129513,1,0,2.6906650164164603
4664,129514,1,0,2.6938010123558342
4665,129515,1,0,2.693129994440824
4666,129516,1,0,2.699561999179423
4667,129517,1,0,2.687128959223628
4668,129518,1,0,2.6941520045511425
4669,129519,1,0,2.6892630266956985
4670,129520,1,0,2.699661999940872
4671,129521,1,0,2.699712000321597
4672,129522,1,1,2.7045109891332686
4673,129523,1,0,2.7758529759012163
4674,129524,1,0,2.691276022233069
4675,129525,1,0,2.694481983780861
4676,129526,1,0,2.695304050575942
4677,129527,1,0,2.6926189893856645
4678,129528,1,0,2.6991820195689797
4679,129529,1,0,2.7111530071124434
4680,129530,1,0,2.8179610380902886
4681,129531,1,0,2.696787007153034
4682,129532,1,0,2.7051419601775706
4683,129533,1,0,2.6864270330406725
4684,129534,1,0,2.6915970374830067
4685,129535,1,0,2.6885310071520507
4686,129536,1,0,2.6833610027097166
4687,129537,1,0,2.7045609895139933
4688,129538,1,0,2.696496027056128
4689,129539,1,1,2.6902849785983562
4690,129540,1,0,2.687960979528725
4691,129541,1,0,2.7056129765696824
4692,129542,1,0,2.6966360164806247
4693,129543,1,0,2.690705005079508
4694,129544,1,0,2.7061240398325026
4695,129545,1,0,2.703989972360432
4696,129546,1,0,2.737681963481009
4697,129547,1,0,2.680446021258831
4698,129548,1,0,2.7000830159522593
4699,129549,1,0,2.700042037758976
4700,129550,1,0,2.6838419726118445
4701,129551,1,0,2.685755956918001
4702,129552,1,0,2.6920479722321033
4703,129553,1,0,2.696547016967088
4704,129554,1,0,2.6869780267588794
4705,129555,1,0,2.691896981559694
4706,129556,1,1,2.6991310296580195
4707,129557,1,0,2.8238219674676657
4708,129558,1,0,2.6942419935949147
4709,129559,1,0,2.7054029633291066
4710,129560,1,0,2.6937410002574325
4711,129561,1,0,2.6999530382454395
4712,129562,1,0,2.681006968487054
4713,129563,1,0,2.69378098892048
4714,129564,1,0,2.6964760036207736
4715,129565,1,0,2.6825900422409177
4716,129566,1,0,2.6864579995162785
4717,129567,1,0,2.6899740332737565
4718,129568,1,0,2.6944230194203556
4719,129569,1,0,2.6715100393630564
4720,129570,1,0,2.8029740205965936
4721,129571,1,0,2.68945301650092
4722,129572,1,0,2.688230015337467
4723,129573,1,1,2.6880610384978354
4724,129574,1,0,2.704039972741157
4725,129575,1,0,2.6866479893215
4726,129576,1,0,2.6871890295296907
4727,129577,1,0,2.680837002117187
4728,129578,1,0,2.6896229828707874
4729,129579,1,0,2.696645969990641
4730,129580,1,0,2.690494991838932
4731,129581,1,0,2.734246023464948
4732,129582,1,0,2.741169009823352
4733,129583,1,0,2.8227100265212357
4734,129584,1,0,2.6761690387502313
4735,129585,1,0,2.690715016797185
4736,129586,1,0,2.688330947421491
4737,129587,1,0,2.6935909991152585
4738,129588,1,0,2.686738036572933
4739,129589,1,0,2.6902250247076154
4740,129590,1,1,2.694131981115788
4741,129591,1,0,2.677831973414868
4742,129592,1,0,2.679434954188764
4743,129593,1,0,2.6836819597519934
4744,129594,1,0,2.693490998353809
4745,129595,1,0,2.7766950079239905
4746,129596,1,0,2.7132880059070885
4747,129597,1,0,2.7050719945691526
4748,129598,1,0,2.6886319974437356
4749,129599,1,0,2.6766799855977297
4750,129600,1,0,2.6956850197166204
4751,129601,1,0,2.681609010323882
4752,129602,1,0,2.681899000890553
4753,129603,1,0,2.69635597942397
4754,129604,1,0,2.704962040297687
4755,129605,1,0,2.7005040319636464
4756,129606,1,0,2.692098030820489
4757,129607,1,0,2.6899740332737565
4758,129608,1,1,2.718025993090123
4759,129609,1,0,2.6934099732898176
4760,129610,1,0,2.811740036122501
4761,129611,1,0,2.699091040994972
4762,129612,1,0,2.698670024983585
4763,129613,1,0,2.7040200075134635
4764,129614,1,0,2.681067038793117
4765,129615,1,0,2.7044910239055753
4766,129616,1,0,2.6966470177285373
4767,129617,1,0,2.6850849972106516
4768,129618,1,0,2.6870089932344854
4769,129619,1,0,2.6983499992638826
4770,129620,1,0,2.701265038922429
4771,129621,1,0,2.6761479675769806
4772,129622,1,0,2.703839971218258
4773,129623,1,0,2.6900849770754576
4774,129624,1,0,2.6864379760809243
4775,129625,1,1,2.670507994480431
4776,129626,1,0,2.7079780120402575
4777,129627,1,0,2.692418987862766
4778,129628,1,0,2.6899540098384023
4779,129629,1,0,2.6913670008070767
4780,129630,1,0,2.696707029826939
4781,129631,1,0,2.692317997571081
4782,129632,1,0,2.6783020002767444
4783,129633,1,0,2.6951429899781942
4784,129634,1,0,2.7102819876745343
4785,129635,1,0,2.6904349797405303
4786,129636,1,0,2.8265180299058557
4787,129637,1,0,2.695674018468708
4788,129638,1,0,2.7100809966214
4789,129639,1,0,2.683783008251339
4790,129640,1,0,2.697659016121179
4791,129641,1,0,2.7061240398325026
4792,129642,1,1,2.6924380217678845
4793,129643,1,0,2.6767789968289435
4794,129644,1,0,2.6950930478051305
4795,129645,1,0,2.704861981328577
4796,129646,1,0,2.706715022213757
4797,129647,1,0,2.676769974641502
4798,129648,1,0,2.7002429706044495
4799,129649,1,0,2.7324429829604924
4800,129650,1,0,2.6957039954140782
4801,129651,1,0,2.7254600427113473
4802,129652,1,0,2.7310599689371884
4803,129653,1,0,2.7102319872938097
4804,129654,1,0,2.6985000004060566
4805,129655,1,0,2.730089006945491
4806,129656,1,0,2.73528799880296
4807,129657,1,0,2.7252600411884487
4808,129658,1,0,2.7054130332544446
4809,129659,1,1,2.715530979912728
4810,129660,1,0,2.716544026043266
4811,129661,1,0,2.7386050205677748
4812,129662,1,0,2.7112929965369403
4813,129663,1,0,2.8201949899084866
4814,129664,1,0,2.7785280253738165
4815,129665,1,0,2.7144700288772583
4816,129666,1,0,2.6989810285158455
4817,129667,1,0,2.691116009373218
4818,129668,1,0,2.692579000722617
4819,129669,1,0,2.7070959913544357
4820,129670,1,0,2.7026779716834426
4821,129671,1,0,2.6732729747891426
4822,129672,1,0,2.706995001062751
4823,129673,1,0,2.6933899498544633
4824,129674,1,0,2.680295961908996
4825,129675,1,0,2.6826999965123832
4826,129676,1,1,2.706784987822175
4827,129677,1,0,2.6996609522029757
4828,129678,1,0,2.6929089799523354
4829,129679,1,0,2.7010439662262797
4830,129680,1,0,2.695032977499068
4831,129681,1,0,2.6727619697339833
4832,129682,1,0,2.673793991561979
4833,129683,1,0,2.6933500193990767
4834,129684,1,0,2.7103309985250235
4835,129685,1,0,2.6960859540849924
4836,129686,1,0,2.73248297162354
4837,129687,1,0,2.708117011934519
4838,129688,1,0,2.701635006815195
4839,129689,1,0,2.807941986247897
4840,129690,1,0,2.758239977993071
4841,129691,1,0,2.733203989919275
4842,129692,1,0,2.70307797472924
4843,129693,1,1,2.725079015363008
4844,129694,1,0,2.718507021199912
4845,129695,1,0,2.770542982034385
4846,129696,1,0,2.756517962552607
4847,129697,1,0,2.7787680155597627
4848,129698,1,0,2.692910027690232
4849,129699,1,0,2.694662951398641
4850,129700,1,0,2.702697995118797
4851,129701,1,0,2.6931099710054696
4852,129702,1,0,2.6775310398079455
4853,129703,1,0,2.691477013286203
4854,129704,1,0,2.691677014809102
4855,129705,1,0,2.6803259970620275
4856,129706,1,0,2.6862569502554834
4857,129707,1,0,2.6971870101988316
4858,129708,1,0,2.7132670511491597
4859,129709,1,0,2.6812080177478492
4860,129710,1,1,2.768208971247077
4861,129711,1,0,2.689823042601347
4862,129712,1,0,2.6923480327241123
4863,129713,1,0,2.6740640169009566
4864,129714,1,0,2.7037799591198564
4865,129715,1,0,2.6994909858331084
4866,129716,1,0,2.8194240294396877
4867,129717,1,0,2.6838829508051276
4868,129718,1,0,2.692289010155946
4869,129719,1,0,2.7329539880156517
4870,129720,1,0,2.6829109992831945
4871,129721,1,0,2.689643995836377
4872,129722,1,0,2.702637983020395
4873,129723,1,0,2.6947730220854282
4874,129724,1,0,2.68244999460876
4875,129725,1,0,2.7022360009141266
4876,129726,1,0,2.6944130077026784
4877,129727,1,1,2.6896129711531103
4878,129728,1,0,2.6763989590108395
4879,129729,1,0,2.689874032512307
4880,129730,1,0,2.7062050066888332
4881,129731,1,0,2.687729021999985
4882,129732,1,0,2.721643017139286
4883,129733,1,0,2.758320013526827
4884,129734,1,0,2.75357102509588
4885,129735,1,0,2.695575007237494
4886,129736,1,0,2.6868879795074463
4887,129737,1,0,2.709249034523964
4888,129738,1,0,2.700003038626164
4889,129739,1,0,2.6898240321315825
4890,129740,1,0,2.7006440213881433
4891,129741,1,0,2.697548014111817
4892,129742,1,0,2.833629958331585
4893,129743,1,0,2.6897540083155036
4894,129744,1,1,2.6947130099870265
4895,129745,1,0,2.7020269772037864
4896,129746,1,0,2.6956339715979993
4897,129747,1,0,2.692097972612828
4898,129748,1,0,2.6996820233762264
4899,129749,1,0,2.694252005312592
4900,129750,1,0,2.6927589788101614
4901,129751,1,0,2.677090000361204
4902,129752,1,0,2.6930689928121865
4903,129753,1,0,2.698610012885183
4904,129754,1,0,2.6884509716182947
4905,129755,1,0,2.6910760207101703
4906,129756,1,0,2.6993019855581224
4907,129757,1,0,2.7391950134187937
4908,129758,1,0,2.687138970941305
4909,129759,1,0,2.69378098892048
4910,129760,1,0,2.7135180425830185
4911,129761,1,1,2.700323995668441
4912,129762,1,0,2.683090977370739
4913,129763,1,0,2.7053619851358235
4914,129764,1,0,2.704771002754569
4915,129765,1,0,2.690966008231044
4916,129766,1,0,2.691285975743085
4917,129767,1,0,2.7053619851358235
4918,129768,1,0,2.7037389809265733
4919,129769,1,0,2.808384015224874
4920,129770,1,0,2.688502019736916
4921,129771,1,0,2.7145399944856763
4922,129772,1,0,2.7002430288121104
4923,129773,1,0,2.6979990070685744
4924,129774,1,0,2.6909959851764143
4925,129775,1,0,2.7039599954150617
4926,129776,1,0,2.709930995479226
4927,129777,1,0,2.683100989088416
4928,129778,1,1,2.714979986194521
4929,129779,1,0,2.707325969822705
4930,129780,1,0,2.6849950081668794
4931,129781,1,0,2.682610007468611
4932,129782,1,0,2.6969369500875473
4933,129783,1,0,2.7131669921800494
4934,129784,1,0,2.692038018722087
4935,129785,1,0,2.691276022233069
4936,129786,1,0,2.700362994801253
4937,129787,1,0,2.699843025766313
4938,129788,1,0,2.6770199765451252
4939,129789,1,0,2.69594497513026
4940,129790,1,0,2.6984300347976387
4941,129791,1,0,2.6771900011226535
4942,129792,1,0,2.6881509693339467
4943,129793,1,0,2.6996720116585493
4944,129794,1,0,2.68935295753181
4945,129795,1,1,2.8077419847249985
4946,129796,1,0,2.6803259970620275
4947,129797,1,0,2.6852950104512274
4948,129798,1,0,2.7155420393683016
4949,129799,1,0,2.6921179960481822
4950,129800,1,0,2.694832975976169
4951,129801,1,0,2.6946230209432542
4952,129802,1,0,2.693701011594385
4953,129803,1,0,2.6763990172185004
4954,129804,1,0,2.69581499742344
4955,129805,1,0,2.689753018785268
4956,129806,1,0,2.68108700402081
4957,129807,1,0,2.688752021640539
4958,129808,1,0,2.706084051169455
4959,129809,1,0,2.694752998650074
4960,129810,1,0,2.6823089574463665
4961,129811,1,0,2.695603994652629
4962,129812,1,1,2.699039992876351
4963,129813,1,0,2.691537025384605
4964,129814,1,0,2.686376974452287
4965,129815,1,0,2.7009740006178617
4966,129816,1,0,2.6996919768862426
4967,129817,1,0,2.6831619907170534
4968,129818,1,0,2.703278965782374
4969,129819,1,0,2.697067044209689
4970,129820,1,0,2.6910260203294456
4971,129821,1,0,2.678442979231477
4972,129822,1,0,2.820596972014755
4973,129823,1,0,2.6967269950546324
4974,129824,1,0,2.70173599710688
4975,129825,1,0,2.675087016541511
4976,129826,1,0,2.688470995053649
4977,129827,1,0,3.4982810029760003
4978,129828,1,0,5.299248034134507
4979,129829,1,1,2.861121029127389
4980,129830,1,0,2.768088015727699
4981,129831,1,0,2.7354590129107237
4982,129832,1,0,2.75655701989308
4983,129833,1,0,2.743093005847186
4984,129834,1,0,2.748792991042137
4985,129835,1,0,2.7498750132508576
4986,129836,1,0,2.7422710554674268
4987,129837,1,0,2.7354290359653533
4988,129838,1,0,2.731510961893946
4989,129839,1,0,2.7232859865762293
4990,129840,1,0,2.720991033129394
4991,129841,1,0,2.7238359907642007
4992,129842,1,0,2.7201499906368554
4993,129843,1,0,2.7251190040260553
4994,129844,1,0,2.729297033511102
4995,129845,1,0,2.7280350332148373
4996,129846,1,1,2.7286760159768164
4997,129847,1,0,2.7216729940846562
4998,129848,1,0,2.859978994820267
4999,129849,1,0,2.7128169895149767
5000,129850,1,0,2.7220830088481307
5001,129851,1,0,2.717635012231767
5002,129852,1,0,2.7146500069648027
5003,129853,1,0,2.7167630032636225
5004,129854,1,0,2.722434001043439
5005,129855,1,0,2.7158320299349725
5006,129856,1,0,2.705293009057641
5007,129857,1,0,2.7130669914186
5008,129858,1,0,2.713688008952886
5009,129859,1,0,2.7094510151073337
5010,129860,1,0,2.693952003028244
5011,129861,1,0,2.7075259713456035
5012,129862,1,0,2.709219988901168
5013,129863,1,1,2.7114240219816566
5014,129864,1,0,2.6973680360242724
5015,129865,1,0,2.715792041271925
5016,129866,1,0,2.7138779987581074
5017,129867,1,0,2.697076997719705
5018,129868,1,0,2.7126370114274323
5019,129869,1,0,2.718465984798968
5020,129870,1,0,2.718687988817692
5021,129871,1,0,2.7074270183220506
5022,129872,1,0,2.7184770442545414
5023,129873,1,0,2.741308999247849
5024,129874,1,0,2.7211420238018036
5025,129875,1,0,2.84593302058056
5026,129876,1,0,2.7013050275854766
5027,129877,1,0,2.7167240041308105
5028,129878,1,0,2.7167630032636225
5029,129879,1,0,2.7138980221934617
5030,129880,1,1,2.694993047043681
5031,129881,1,0,2.7145989588461816
5032,129882,1,0,2.7087790076620877
5033,129883,1,0,2.6998830144293606
5034,129884,1,0,2.6956149959005415
5035,129885,1,0,2.7106429915875196
5036,129886,1,0,2.7073260280303657
5037,129887,1,0,2.703970007132739
5038,129888,1,0,2.713216992560774
5039,129889,1,0,2.706433995626867
5040,129890,1,0,2.708628016989678
5041,129891,1,0,2.6965870056301355
5042,129892,1,0,2.708687970880419
5043,129893,1,0,2.7093099779449403
5044,129894,1,0,2.709991007577628
5045,129895,1,0,2.6912559987977147
5046,129896,1,0,2.8363449964672327
5047,129897,1,1,2.707656007260084
5048,129898,1,0,2.7082180022262037
5049,129899,1,0,2.7061940054409206
5050,129900,1,0,2.7156619471497834
5051,129901,1,0,2.8278089594095945
5052,129902,1,0,2.7040300192311406
5053,129903,1,0,2.6897640200331807
5054,129904,1,0,2.698931028135121
5055,129905,1,0,2.708178013563156
5056,129906,1,0,2.708238025661558
5057,129907,1,0,2.6931000174954534
5058,129908,1,0,2.701474993955344
5059,129909,1,0,2.710421977099031
5060,129910,1,0,2.7190980035811663
5061,129911,1,0,2.6887719868682325
5062,129912,1,0,2.7119650039821863
5063,129913,1,0,2.702707948628813
5064,129914,1,1,2.692038018722087
5065,129915,1,0,2.6933400076813996
5066,129916,1,0,2.703289035707712
5067,129917,1,0,2.700203040149063
5068,129918,1,0,2.7001930284313858
5069,129919,1,0,2.7313510072417557
5070,129920,1,0,2.759383001830429
5071,129921,1,0,2.701885998249054
5072,129922,1,0,2.6895430055446923
5073,129923,1,0,2.6983499992638826
5074,129924,1,0,2.7070759679190814
5075,129925,1,0,2.723746991250664
5076,129926,1,0,2.7110030059702694
5077,129927,1,0,2.701806020922959
5078,129928,1,0,2.832799043972045
5079,129929,1,0,2.702157013118267
5080,129930,1,0,2.694763010367751
5081,129931,1,0,2.691596979275346
5082,129932,1,1,2.7024680166505277
5083,129933,1,0,2.7117740246467292
5084,129934,1,0,2.6948729646392167
5085,129935,1,0,2.6982490089721978
5086,129936,1,0,2.6956849615089595
5087,129937,1,0,2.6968969614244998
5088,129938,1,0,2.68069701269269
5089,129939,1,0,2.6984200230799615
5090,129940,1,0,2.698711003176868
5091,129941,1,0,2.691136032808572
5092,129942,1,0,2.6961450348608196
5093,129943,1,0,2.924128028098494
5094,129944,1,0,2.701335004530847
5095,129945,1,0,2.701675985008478
5096,129946,1,0,2.6762390043586493
5097,129947,1,0,2.7019460103474557
5098,129948,1,0,2.721121010836214
5099,129949,1,1,2.693860966246575
5100,129950,1,0,2.6914869667962193
5101,129951,1,0,2.6957549853250384
5102,129952,1,0,2.7296270127408206
5103,129953,1,0,2.715451002586633
5104,129954,1,0,2.8274489450268447
5105,129955,1,0,2.6982389972545207
5106,129956,1,0,2.701806020922959
5107,129957,1,0,2.6906650164164603
5108,129958,1,0,2.689532993827015
5109,129959,1,0,2.7013150393031538
5110,129960,1,0,2.710942004341632
5111,129961,1,0,2.6928199804387987
5112,129962,1,0,2.7265719836577773
5113,129963,1,0,2.7569789672270417
5114,129964,1,0,2.7158220182172954
5115,129965,1,0,2.7407979941926897
5116,129966,1,1,2.6910759625025094
5117,129967,1,0,2.7063540183007717
5118,129968,1,0,2.7134179836139083
5119,129969,1,0,2.717746014241129
5120,129970,1,0,2.7030990459024906
5121,129971,1,0,2.71049200091511
5122,129972,1,0,2.722714969422668
5123,129973,1,0,2.702297002542764
5124,129974,1,0,2.701525983866304
5125,129975,1,0,2.7159120072610676
5126,129976,1,0,2.7092089876532555
5127,129977,1,0,2.7061039581894875
5128,129978,1,0,2.7038700063712895
5129,129979,1,0,2.700693963561207
5130,129980,1,0,2.703840029425919
5131,129981,1,0,2.820064953994006
5132,129982,1,0,2.6966159930452704
5133,129983,1,1,2.703168021980673
5134,129984,1,0,2.7028380427509546
5135,129985,1,0,2.695153991226107
5136,129986,1,0,2.717485011089593
5137,129987,1,0,2.7126260101795197
5138,129988,1,0,2.7072459924966097
5139,129989,1,0,2.69717798801139
5140,129990,1,0,2.708056999836117
5141,129991,1,0,2.704760991036892
5142,129992,1,0,2.700853976421058
5143,129993,1,0,2.6981489500030875
5144,129994,1,0,2.6970170438289642
5145,129995,1,0,2.7039500419050455
5146,129996,1,0,2.70132499281317
5147,129997,1,0,2.6901449891738594
5148,129998,1,0,2.6960159884765744
5149,129999,1,0,2.6936500216834247
5150,130000,1,1,2.688962034881115
5151,130001,1,0,2.7030190103687346
5152,130002,1,0,2.705722989048809
5153,130003,1,0,2.6929790037684143
5154,130004,1,0,2.6832520379684865
5155,130005,1,0,2.711604000069201
5156,130006,1,0,2.697648014873266
5157,130007,1,0,2.8165080002509058
5158,130008,1,0,2.6898739743046463
5159,130009,1,0,2.7054930105805397
5160,130010,1,0,2.708028012420982
5161,130011,1,0,2.6860369835048914
5162,130012,1,0,2.711303997784853
5163,130013,1,0,2.7939770370721817
5164,130014,1,0,2.7003229479305446
5165,130015,1,0,2.688932989258319
5166,130016,1,0,2.694452996365726
5167,130017,1,1,2.6973169879056513
5168,130018,1,0,2.6974480133503675
5169,130019,1,0,2.6850149733945727
5170,130020,1,0,2.7091490337625146
5171,130021,1,0,2.6985900476574898
5172,130022,1,0,2.6985500007867813
5173,130023,1,0,2.687208994757384
5174,130024,1,0,2.7137179858982563
5175,130025,1,0,2.70078401081264
5176,130026,1,0,2.6931699831038713
5177,130027,1,0,2.691416011657566
5178,130028,1,0,2.703498990740627
5179,130029,1,0,2.6954039931297302
5180,130030,1,0,2.6868180138990283
5181,130031,1,0,2.7046719915233552
5182,130032,1,0,2.702236990444362
5183,130033,1,0,2.710010972805321
5184,130034,1,1,2.8115190216340125
5185,130035,1,0,2.703349047806114
5186,130036,1,0,2.7352769975550473
5187,130037,1,0,2.704320999328047
5188,130038,1,0,2.6865979889407754
5189,130039,1,0,2.69501400180161
5190,130040,1,0,2.6987799792550504
5191,130041,1,0,2.6807370013557374
5192,130042,1,0,2.6884819963015616
5193,130043,1,0,2.699150994885713
5194,130044,1,0,2.6949329767376184
5195,130045,1,0,2.6870190049521625
5196,130046,1,0,2.6926189893856645
5197,130047,1,0,2.6987509918399155
5198,130048,1,0,2.6935809873975813
5199,130049,1,0,2.6790540432557464
5200,130050,1,0,2.697548014111817
5201,130051,1,1,2.687588974367827
5202,130052,1,0,2.6868180138990283
5203,130053,1,0,2.687338972464204
5204,130054,1,0,2.6870479923672974
5205,130055,1,0,2.701014978811145
5206,130056,1,0,2.6846950058825314
5207,130057,1,0,2.69851996563375
5208,130058,1,0,2.701655961573124
5209,130059,1,0,2.688961976673454
5210,130060,1,0,2.818141016177833
5211,130061,1,0,2.6940819807350636
5212,130062,1,0,2.7078670100308955
5213,130063,1,0,2.6904449914582074
5214,130064,1,0,2.675396972335875
5215,130065,1,0,2.696205978281796
5216,130066,1,0,2.6970470207743347
5217,130067,1,0,2.6813580188900232
5218,130068,1,1,2.6971769984811544
5219,130069,1,0,2.709630993194878
5220,130070,1,0,2.6925389538519084
5221,130071,1,0,2.6761280023492873
5222,130072,1,0,2.705854014493525
5223,130073,1,0,2.704290032852441
5224,130074,1,0,2.6914870250038803
5225,130075,1,0,2.6760189794003963
5226,130076,1,0,2.693480986636132
5227,130077,1,0,2.6977990055456758
5228,130078,1,0,2.6903750258497894
5229,130079,1,0,2.704320999328047
5230,130080,1,0,2.691397035960108
5231,130081,1,0,2.6872290181927383
5232,130082,1,0,2.675556985195726
5233,130083,1,0,2.762668998911977
5234,130084,1,0,2.699951990507543
5235,130085,1,1,2.694652008358389
5236,130086,1,0,2.6740740286186337
5237,130087,1,0,2.8243130072951317
5238,130088,1,0,2.6993820210918784
5239,130089,1,0,2.698700991459191
5240,130090,1,0,2.6756380102597177
5241,130091,1,0,2.6953640044666827
5242,130092,1,0,2.6980789843946695
5243,130093,1,0,2.6901340461336076
5244,130094,1,0,2.686797990463674
5245,130095,1,0,2.6930499589070678
5246,130096,1,0,2.7286059921607375
5247,130097,1,0,2.7258609770797193
5248,130098,1,0,2.703328966163099
5249,130099,1,0,2.694812952540815
5250,130100,1,0,2.710122033022344
5251,130101,1,0,2.6816489989869297
5252,130102,1,1,2.698268974199891
5253,130103,1,0,2.6949039893224835
5254,130104,1,0,2.6881310041062534
5255,130105,1,0,2.6888520224019885
5256,130106,1,0,2.6950929895974696
5257,130107,1,0,2.6907160063274205
5258,130108,1,0,2.6811679708771408
5259,130109,1,0,2.707666950300336
5260,130110,1,0,2.720129967201501
5261,130111,1,0,2.7013649814762175
5262,130112,1,0,2.7234459994360805
5263,130113,1,0,2.887781010940671
5264,130114,1,0,2.7158320299349725
5265,130115,1,0,2.7183470083400607
5266,130116,1,0,2.7104620239697397
5267,130117,1,0,2.694271970540285
5268,130118,1,0,2.7037099935114384
5269,130119,1,1,2.7252989821135998
5270,130120,1,0,2.7129669906571507
5271,130121,1,0,2.7002330170944333
5272,130122,1,0,2.7649630210362375
5273,130123,1,0,2.7010540361516178
5274,130124,1,0,2.7492439839988947
5275,130125,1,0,2.7297879569232464
5276,130126,1,0,2.7246280224062502
5277,130127,1,0,2.718437055591494
5278,130128,1,0,2.7074560057371855
5279,130129,1,0,2.7069259667769074
5280,130130,1,0,2.6940819807350636
5281,130131,1,0,2.70021305186674
5282,130132,1,0,2.6746949879452586
5283,130133,1,0,2.726140955928713
5284,130134,1,0,2.6917969807982445
5285,130135,1,0,2.70645396085456
5286,130136,1,1,2.7383730048313737
5287,130137,1,0,2.7785280253738165
5288,130138,1,0,2.718927979003638
5289,130139,1,0,2.745225967373699
5290,130140,1,0,2.8593980241566896
5291,130141,1,0,2.685585990548134
5292,130142,1,0,2.7377319638617337
5293,130143,1,0,2.7309100260026753
5294,130144,1,0,2.696335024666041
5295,130145,1,0,2.6955950306728482
5296,130146,1,0,2.7161629986949265
5297,130147,1,0,2.7112229727208614
5298,130148,1,0,2.692038018722087
5299,130149,1,0,2.6870089932344854
5300,130150,1,0,2.693450020160526
5301,130151,1,0,2.7188080130144954
5302,130152,1,0,2.7112129610031843
5303,130153,1,1,2.705251972656697
5304,130154,1,0,2.702847996260971
5305,130155,1,0,2.702086989302188
5306,130156,1,0,2.694341994356364
5307,130157,1,0,2.7210410335101187
5308,130158,1,0,2.726692007854581
5309,130159,1,0,2.6908760191872716
5310,130160,1,0,2.697777992580086
5311,130161,1,0,2.7016159729100764
5312,130162,1,0,2.7579499874264
5313,130163,1,0,2.713557973038405
5314,130164,1,0,2.68842198420316
5315,130165,1,0,2.700384007766843
5316,130166,1,0,2.8289210167713463
5317,130167,1,0,2.7488230261951685
5318,130168,1,0,2.7061240398325026
5319,130169,1,0,2.709290012717247
5320,130170,1,1,2.69342097453773
5321,130171,1,0,2.702898986171931
5322,130172,1,0,2.670728019438684
5323,130173,1,0,2.6935109635815024
5324,130174,1,0,2.7004029834643006
5325,130175,1,0,2.7382540283724666
5326,130176,1,0,2.8017410077154636
5327,130177,1,0,2.7083479799330235
5328,130178,1,0,2.699432021472603
5329,130179,1,0,2.6931100292131305
5330,130180,1,0,2.706976025365293
5331,130181,1,0,2.7138180448673666
5332,130182,1,0,2.701596007682383
5333,130183,1,0,2.6916370261460543
5334,130184,1,0,2.69120599841699
5335,130185,1,0,2.70278804237023
5336,130186,1,0,2.7031079516746104
5337,130187,1,1,2.7047520270571113
5338,130188,1,0,2.693379996344447
5339,130189,1,0,2.6954439817927778
5340,130190,1,0,2.690555003937334
5341,130191,1,0,2.6793750002980232
5342,130192,1,0,2.699091040994972
5343,130193,1,0,2.843978989403695
5344,130194,1,0,2.7257099864073098
5345,130195,1,0,2.7256199973635375
5346,130196,1,0,2.712115994654596
5347,130197,1,0,2.7099609724245965
5348,130198,1,0,2.7161529869772494
5349,130199,1,0,2.736841037403792
5350,130200,1,0,2.6993509964086115
5351,130201,1,0,2.7134480187669396
5352,130202,1,0,2.6942419935949147
5353,130203,1,0,2.703530015423894
5354,130204,1,1,2.7463590377010405
5355,130205,1,0,2.728866005782038
5356,130206,1,0,2.6975179789587855
5357,130207,1,0,2.696286013815552
5358,130208,1,0,2.7019870467483997
5359,130209,1,0,2.700393961276859
5360,130210,1,0,2.6974579668603837
5361,130211,1,0,2.697638003155589
5362,130212,1,0,2.711543987970799
5363,130213,1,0,2.706383995246142
5364,130214,1,0,2.6870089932344854
5365,130215,1,0,2.7127659996040165
5366,130216,1,0,2.7080579893663526
5367,130217,1,0,2.7056129765696824
5368,130218,1,0,2.6798450271598995
5369,130219,1,0,2.8252049814909697
5370,130220,1,0,2.7091800002381206
5371,130221,1,1,2.6954340282827616
5372,130222,1,0,2.69512296654284
5373,130223,1,0,2.7150509995408356
5374,130224,1,0,2.700984012335539
5375,130225,1,0,2.6998519897460938
5376,130226,1,0,2.677000011317432
5377,130227,1,0,2.7029879856854677
5378,130228,1,0,2.7137980214320123
5379,130229,1,0,2.6910659507848322
5380,130230,1,0,2.6903650141321123
5381,130231,1,0,2.6988910394720733
5382,130232,1,0,2.688470995053649
5383,130233,1,0,2.6860369835048914
5384,130234,1,0,2.7032290236093104
5385,130235,1,0,2.707677020225674
5386,130236,1,0,2.699912991374731
5387,130237,1,0,2.6872989838011563
5388,130238,1,1,2.697206975426525
5389,130239,1,0,2.7021559653803706
5390,130240,1,0,2.6894540060311556
5391,130241,1,0,2.6933999615721405
5392,130242,1,0,2.6969670434482396
5393,130243,1,0,2.7044109883718193
5394,130244,1,0,2.6832320145331323
5395,130245,1,0,2.7022769791074097
5396,130246,1,0,2.8727229801006615
5397,130247,1,0,2.7042400324717164
5398,130248,1,0,2.6924890116788447
5399,130249,1,0,2.686868014279753
5400,130250,1,0,2.6954649947583675
5401,130251,1,0,2.698199008591473
5402,130252,1,0,2.6846040273085237
5403,130253,1,0,2.701134013477713
5404,130254,1,0,2.704481012187898
5405,130255,1,0,2.684734994545579
5406,130256,1,1,2.6864479877986014
5407,130257,1,0,2.70132499281317
5408,130258,1,0,2.6958549860864878
5409,130259,1,0,2.6808769907802343
5410,130260,1,0,2.6977990055456758
5411,130261,1,0,2.6918670046143234
5412,130262,1,0,2.6945419958792627
5413,130263,1,0,2.6761280023492873
5414,130264,1,0,2.6971969637088478
5415,130265,1,0,2.698940981645137
5416,130266,1,0,2.6844540261663496
5417,130267,1,0,2.6862769736908376
5418,130268,1,0,2.6932000182569027
5419,130269,1,0,2.6922080432996154
5420,130270,1,0,2.962358994409442
5421,130271,1,0,2.686989028006792
5422,130272,1,0,2.8352730441838503
5423,130273,1,1,2.6952039916068316
5424,130274,1,0,2.6858869823627174
5425,130275,1,0,2.6759780012071133
5426,130276,1,0,2.69671599380672
5427,130277,1,0,2.697437012102455
5428,130278,1,0,2.688341017346829
5429,130279,1,0,2.6870390283875167
5430,130280,1,0,2.6955640059895813
5431,130281,1,0,2.692418987862766
5432,130282,1,0,2.6734729763120413
5433,130283,1,0,2.6976880035363138
5434,130284,1,0,2.704781014472246
5435,130285,1,0,2.6836320175789297
5436,130286,1,0,2.6719209854491055
5437,130287,1,0,2.69336998462677
5438,130288,1,0,2.701185003388673
5439,130289,1,0,2.691015019081533
5440,130290,1,1,2.7026369934901595
5441,130291,1,0,2.692349022254348
5442,130292,1,0,2.7018660330213606
5443,130293,1,0,2.6904449914582074
5444,130294,1,0,2.702607016544789
5445,130295,1,0,2.6938420487567782
5446,130296,1,0,2.6881099911406636
5447,130297,1,0,2.6756770093925297
5448,130298,1,0,2.696655981708318
5449,130299,1,0,2.82518396852538
5450,130300,1,0,2.691596979275346
5451,130301,1,0,2.6821200153790414
5452,130302,1,0,2.7016960084438324
5453,130303,1,0,2.6940209791064262
5454,130304,1,0,2.693631045985967
5455,130305,1,0,2.694471972063184
5456,130306,1,0,2.694712020456791
5457,130307,1,1,2.6975380023941398
5458,130308,1,0,2.6813679724000394
5459,130309,1,0,2.691677014809102
5460,130310,1,0,2.7009740006178617
5461,130311,1,0,2.684442966710776
5462,130312,1,0,2.6858969940803945
5463,130313,1,0,2.6933399494737387
5464,130314,1,0,2.697066986002028
5465,130315,1,0,2.679906028788537
5466,130316,1,0,2.704811980947852
5467,130317,1,0,2.699722012039274
5468,130318,1,0,2.6865570107474923
5469,130319,1,0,2.6730219833552837
5470,130320,1,0,2.6991820195689797
5471,130321,1,0,2.6968970196321607
5472,130322,1,0,2.6852049631997943
5473,130323,1,0,2.6909360312856734
5474,130324,1,1,2.6912870234809816
5475,130325,1,0,2.8207070427015424
5476,130326,1,0,2.6824899832718074
5477,130327,1,0,2.6848450070247054
5478,130328,1,0,2.6864369865506887
5479,130329,1,0,2.7001930284313858
5480,130330,1,0,2.68338096793741
5481,130331,1,0,2.6900850352831185
5482,130332,1,0,2.7005840092897415
5483,130333,1,0,2.692188019864261
5484,130334,1,0,2.7201499906368554
5485,130335,1,0,2.7211109991185367
5486,130336,1,0,2.7165430365130305
5487,130337,1,0,2.6909150183200836
5488,130338,1,0,2.69432197092101
5489,130339,1,0,2.7027580072171986
5490,130340,1,0,2.701395016629249
5491,130341,1,1,2.7385340072214603
5492,130342,1,0,2.695042989216745
5493,130343,1,0,2.699812001083046
5494,130344,1,0,2.691827015951276
5495,130345,1,0,2.6973169879056513
5496,130346,1,0,2.729726955294609
5497,130347,1,0,2.715381036978215
5498,130348,1,0,2.694874012377113
5499,130349,1,0,2.6980089605785906
5500,130350,1,0,2.703409001696855
5501,130351,1,0,2.71600199630484
5502,130352,1,0,2.8308960027061403
5503,130353,1,0,2.682790975086391
5504,130354,1,0,2.692968992050737
5505,130355,1,0,2.6992519851773977
5506,130356,1,0,2.688710985239595
5507,130357,1,0,2.685366023797542
5508,130358,1,1,2.707115956582129
5509,130359,1,0,2.7011549682356417
5510,130360,1,0,2.6803159853443503
5511,130361,1,0,2.696276002097875
5512,130362,1,0,2.69578502047807
5513,130363,1,0,2.695063012652099
5514,130364,1,0,2.679895027540624
5515,130365,1,0,2.699600998312235
5516,130366,1,0,2.7077069971710443
5517,130367,1,0,2.6846840046346188
5518,130368,1,0,2.695624018087983
5519,130369,1,0,2.701404970139265
5520,130370,1,0,2.6910260203294456
5521,130371,1,0,2.6799750048667192
5522,130372,1,0,2.701695018913597
5523,130373,1,0,2.697678981348872
5524,130374,1,0,2.691878005862236
5525,130375,1,1,2.6894130278378725
5526,130376,1,0,2.7004830189980567
5527,130377,1,0,2.697969030123204
5528,130378,1,0,2.8083240031264722
5529,130379,1,0,2.6846150285564363
5530,130380,1,0,2.6924089761450887
5531,130381,1,0,2.692359033972025
5532,130382,1,0,2.6755069848150015
5533,130383,1,0,2.697066986002028
5534,130384,1,0,2.6888620341196656
5535,130385,1,0,2.695885021239519
5536,130386,1,0,2.673232986126095
5537,130387,1,0,2.7675169985741377
5538,130388,1,0,2.6976679801009595
5539,130389,1,0,2.6889920118264854
5540,130390,1,0,2.6875289622694254
5541,130391,1,0,2.6904449914582074
5542,130392,1,1,2.695164002943784
5543,130393,1,0,2.676599018741399
5544,130394,1,0,2.692909969482571
5545,130395,1,0,2.6983690331690013
5546,130396,1,0,2.6781820342876017
5547,130397,1,0,2.6874500326812267
5548,130398,1,0,2.699181961361319
5549,130399,1,0,2.70091398851946
5550,130400,1,0,2.687438973225653
5551,130401,1,0,2.7012540376745164
5552,130402,1,0,2.6935400092042983
5553,130403,1,0,2.7070550131611526
5554,130404,1,0,2.6821899809874594
5555,130405,1,0,2.8112889849580824
5556,130406,1,0,2.6896839844994247
5557,130407,1,0,2.6872290181927383
5558,130408,1,0,2.6728619704954326
5559,130409,1,1,2.694763010367751
5560,130410,1,0,2.7134069823659956
5561,130411,1,0,2.684975042939186
5562,130412,1,0,2.6837820187211037
5563,130413,1,0,2.7003230061382055
5564,130414,1,0,2.6926089776679873
5565,130415,1,0,2.677871030755341
5566,130416,1,0,2.6945419958792627
5567,130417,1,0,2.701095014344901
5568,130418,1,0,2.6903949910774827
5569,130419,1,0,2.687369007617235
5570,130420,1,0,2.704150043427944
5571,130421,1,0,2.691687026526779
5572,130422,1,0,2.685746003407985
5573,130423,1,0,2.695613948162645
5574,130424,1,0,2.6943919947370887
5575,130425,1,0,2.68904201220721
5576,130426,1,1,2.7679780032485723
5577,130427,1,0,2.6994519867002964
5578,130428,1,0,2.707555948290974
5579,130429,1,0,2.7059229905717075
5580,130430,1,0,2.689313027076423
5581,130431,1,0,2.8262760024517775
5582,130432,1,0,2.69740802468732
5583,130433,1,0,2.6956949732266366
5584,130434,1,0,2.6846040273085237
5585,130435,1,0,2.697979041840881
5586,130436,1,0,2.6968769961968064
5587,130437,1,0,2.6868879795074463
5588,130438,1,0,2.692398033104837
5589,130439,1,0,2.6995919761247933
5590,130440,1,0,2.7032489888370037
5591,130441,1,0,2.6883609825745225
5592,130442,1,0,2.692167996428907
5593,130443,1,1,2.699791977647692
5594,130444,1,0,2.6966860168613493
5595,130445,1,0,2.676118048839271
5596,130446,1,0,2.6974480133503675
5597,130447,1,0,2.701053977943957
5598,130448,1,0,2.6867680135183036
5599,130449,1,0,2.6941419928334653
5600,130450,1,0,2.6976989465765655
5601,130451,1,0,2.690004010219127
5602,130452,1,0,2.692178008146584
5603,130453,1,0,2.699862001463771
5604,130454,1,0,2.7058630366809666
5605,130455,1,0,2.69326101988554
5606,130456,1,0,2.6783719658851624
5607,130457,1,0,2.7880159905180335
5608,130458,1,0,2.823590999469161
5609,130459,1,0,2.6962850242853165
5610,130460,1,1,2.6815980090759695
5611,130461,1,0,2.7094000251963735
5612,130462,1,0,2.727272978518158
5613,130463,1,0,2.6905860286206007
5614,130464,1,0,2.685685991309583
5615,130465,1,0,2.688170992769301
5616,130466,1,0,2.6957649970427155
5617,130467,1,0,2.6861769729293883
5618,130468,1,0,2.692860027309507
5619,130469,1,0,2.702708006836474
5620,130470,1,0,2.6939510134980083
5621,130471,1,0,2.690916007850319
5622,130472,1,0,2.698428987059742
5623,130473,1,0,2.7037590043619275
5624,130474,1,0,2.6916170027107
5625,130475,1,0,2.6771299890242517
5626,130476,1,0,2.7053229860030115
5627,130477,1,1,2.698119031265378
5628,130478,1,0,2.704481012187898
5629,130479,1,0,2.6884510298259556
5630,130480,1,0,2.6941720279864967
5631,130481,1,0,2.7547539793886244
5632,130482,1,0,2.6882209931500256
5633,130483,1,0,2.7055630343966186
5634,130484,1,0,2.8212780016474426
5635,130485,1,0,2.69256898900494
5636,130486,1,0,2.6809669798240066
5637,130487,1,0,2.685916027985513
5638,130488,1,0,2.684373001102358
5639,130489,1,0,2.689923974685371
5640,130490,1,0,2.678112010471523
5641,130491,1,0,2.692188019864261
5642,130492,1,0,2.697808959055692
5643,130493,1,0,2.6834119926206768
5644,130494,1,1,2.6845739921554923
5645,130495,1,0,2.6892919559031725
5646,130496,1,0,2.6852459996007383
5647,130497,1,0,2.6866680127568543
5648,130498,1,0,2.6933999615721405
5649,130499,1,0,2.697007032111287
5650,130500,1,0,2.6913059991784394
5651,130501,1,0,2.6898839860223234
5652,130502,1,0,2.6958349626511335
5653,130503,1,0,2.7012749924324453
5654,130504,1,0,2.6815590099431574
5655,130505,1,0,2.7044910239055753
5656,130506,1,0,2.698460011743009
5657,130507,1,0,2.6887819985859096
5658,130508,1,0,2.67951498972252
5659,130509,1,0,2.699331031180918
5660,130510,1,0,2.695393981412053
5661,130511,1,1,2.806660020723939
5662,130512,1,0,2.6715099811553955
5663,130513,1,0,2.6980090187862515
5664,130514,1,0,2.6884509716182947
5665,130515,1,0,2.691387024242431
5666,130516,1,0,2.6963860145770013
5667,130517,1,0,2.693519985768944
5668,130518,1,0,2.6922589750029147
5669,130519,1,0,2.6799850165843964
5670,130520,1,0,2.697477990295738
5671,130521,1,0,2.6880200020968914
5672,130522,1,0,2.6999220135621727
5673,130523,1,0,2.6982599520124495
5674,130524,1,0,2.6954439817927778
5675,130525,1,0,2.6922280085273087
5676,130526,1,0,2.678973018191755
5677,130527,1,0,2.6921879616566002
5678,130528,1,1,2.7564670308493078
5679,130529,1,0,2.698048949241638
5680,130530,1,0,2.684773993678391
5681,130531,1,0,2.6902140234597027
5682,130532,1,0,2.6965769939124584
5683,130533,1,0,2.6976080262102187
5684,130534,1,0,2.692257985472679
5685,130535,1,0,2.691526955459267
5686,130536,1,0,2.692537964321673
5687,130537,1,0,2.8072709683328867
5688,130538,1,0,2.6880999794229865
5689,130539,1,0,2.698219963349402
5690,130540,1,0,2.703709003981203
5691,130541,1,0,2.683702972717583
5692,130542,1,0,2.6987000019289553
5693,130543,1,0,2.696795971132815
5694,130544,1,0,2.680687000975013
5695,130545,1,1,2.683792030438781
5696,130546,1,0,2.6964760036207736
5697,130547,1,0,2.6977789821103215
5698,130548,1,0,2.6886919513344765
5699,130549,1,0,2.693290007300675
5700,130550,1,0,2.7021669666282833
5701,130551,1,0,2.732102992013097
5702,130552,1,0,2.689502958673984
5703,130553,1,0,2.6989610050804913
5704,130554,1,0,2.7018560213036835
5705,130555,1,0,2.692449023015797
5706,130556,1,0,2.668104018084705
5707,130557,1,0,2.698369964491576
5708,130558,1,0,2.6961659896187484
5709,130559,1,0,2.6769000105559826
5710,130560,1,0,2.6933810440823436
5711,130561,1,0,2.6977480156347156
5712,130562,1,0,2.6967659941874444
5713,130563,1,1,2.6840129867196083
5714,130564,1,0,2.8215579804964364
5715,130565,1,0,2.6891729794442654
5716,130566,1,0,2.6900749653577805
5717,130567,1,0,2.6721610338427126
5718,130568,1,0,2.6948730228468776
5719,130569,1,0,2.6977480156347156
5720,130570,1,0,2.6882910169661045
5721,130571,1,0,2.6862979866564274
5722,130572,1,0,2.712154993787408
5723,130573,1,0,2.6945219724439085
5724,130574,1,0,2.6739140157587826
5725,130575,1,0,2.68822000361979
5726,130576,1,0,2.6995319640263915
5727,130577,1,0,2.6896229828707874
5728,130578,1,0,2.688470995053649
5729,130579,1,0,2.694502007216215
5730,130580,1,1,2.6905860286206007
5731,130581,1,0,2.6809569681063294
5732,130582,1,0,2.693300019018352
5733,130583,1,0,2.696254989132285
5734,130584,1,0,2.6853849994949996
5735,130585,1,0,2.6674719993025064
5736,130586,1,0,2.7004340081475675
5737,130587,1,0,2.698910015169531
5738,130588,1,0,2.686246996745467
5739,130589,1,0,2.6871690060943365
5740,130590,1,0,2.825154981110245
5741,130591,1,0,2.691477013286203
5742,130592,1,0,2.6839019847102463
5743,130593,1,0,2.6950030005536973
5744,130594,1,0,2.6982990093529224
5745,130595,1,0,2.6963159907609224
5746,130596,1,0,2.6767889503389597
5747,130597,1,1,2.697839052416384
5748,130598,1,0,2.690115012228489
5749,130599,1,0,2.6762689813040197
5750,130600,1,0,2.677620970644057
5751,130601,1,0,2.6989009929820895
5752,130602,1,0,2.6851750444620848
5753,130603,1,0,2.6743150083348155
5754,130604,1,0,2.6890019653365016
5755,130605,1,0,2.6898040086962283
5756,130606,1,0,2.679575001820922
5757,130607,1,0,2.6939610252156854
5758,130608,1,0,2.6962360134348273
5759,130609,1,0,2.6941719697788358
5760,130610,1,0,2.6710890233516693
5761,130611,1,0,2.689321991056204
5762,130612,1,0,2.6941520045511425
5763,130613,1,0,2.6841729995794594
5764,130614,1,1,2.6910760207101703
5765,130615,1,0,2.6944229612126946
5766,130616,1,0,2.695032977499068
5767,130617,1,0,2.80752097023651
5768,130618,1,0,2.680717036128044
5769,130619,1,0,2.690755994990468
5770,130620,1,0,2.6887310086749494
5771,130621,1,0,2.6724719791673124
5772,130622,1,0,2.6988110039383173
5773,130623,1,0,2.6979490066878498
5774,130624,1,0,2.6873989845626056
5775,130625,1,0,2.6836320175789297
5776,130626,1,0,2.6945029967464507
5777,130627,1,0,2.6863570092245936
5778,130628,1,0,2.6931000174954534
5779,130629,1,0,2.6989710167981684
5780,130630,1,0,2.6919979718513787
5781,130631,1,1,2.6865170220844448
5782,130632,1,0,2.6763490168377757
5783,130633,1,0,2.6966470177285373
5784,130634,1,0,2.7015559608116746
5785,130635,1,0,2.685826038941741
5786,130636,1,0,2.69594497513026
5787,130637,1,0,2.6989610050804913
5788,130638,1,0,2.6943719713017344
5789,130639,1,0,2.6744460337795317
5790,130640,1,0,2.707456995267421
5791,130641,1,0,2.698289987165481
5792,130642,1,0,2.6821589563041925
5793,130643,1,0,2.8142340015619993
5794,130644,1,0,2.6957449736073613
5795,130645,1,0,2.754242974333465
5796,130646,1,0,2.708429004997015
5797,130647,1,0,2.683031023479998
5798,130648,1,1,2.6973470230586827
5799,130649,1,0,2.7067759656347334
5800,130650,1,0,2.683983009774238
5801,130651,1,0,2.6929990272037685
5802,130652,1,0,2.694562019314617
5803,130653,1,0,2.693631045985967
5804,130654,1,0,2.68069701269269
5805,130655,1,0,2.686226973310113
5806,130656,1,0,2.69339099759236
5807,130657,1,0,2.691045985557139
5808,130658,1,0,2.6887619751505554
5809,130659,1,0,2.701345016248524
5810,130660,1,0,2.703279023990035
5811,130661,1,0,2.6906749699264765
5812,130662,1,0,2.689163025934249
5813,130663,1,0,2.701875986531377
5814,130664,1,0,2.6988100144080818
5815,130665,1,1,2.699892036616802
5816,130666,1,0,2.6966059813275933
5817,130667,1,0,2.7010839548893273
5818,130668,1,0,2.9656949918717146
5819,130669,1,0,2.7059739804826677
5820,130670,1,0,2.8118600021116436
5821,130671,1,0,2.6945630088448524
5822,130672,1,0,2.701896009966731
5823,130673,1,0,2.693509974051267
5824,130674,1,0,2.6758969761431217
5825,130675,1,0,2.695693983696401
5826,130676,1,0,2.700703975278884
5827,130677,1,0,2.6861170190386474
5828,130678,1,0,2.686819003429264
5829,130679,1,0,2.6940720272250473
5830,130680,1,0,2.698839991353452
5831,130681,1,0,2.6838629855774343
5832,130682,1,1,2.696726005524397
5833,130683,1,0,2.693871036171913
5834,130684,1,0,2.6904750266112387
5835,130685,1,0,2.6749360258691013
5836,130686,1,0,2.691557048819959
5837,130687,1,0,2.69022403517738
5838,130688,1,0,2.6894929469563067
5839,130689,1,0,2.7106719790026546
5840,130690,1,0,2.6918170042335987
5841,130691,1,0,2.696746028959751
5842,130692,1,0,2.681187994312495
5843,130693,1,0,2.699941978789866
5844,130694,1,0,2.698941039852798
5845,130695,1,0,2.703409001696855
5846,130696,1,0,2.8189829899929464
5847,130697,1,0,2.7067349874414504
5848,130698,1,0,2.6902449899353087
5849,130699,1,1,2.687069005332887
5850,130700,1,0,2.687358995899558
5851,130701,1,0,2.692307985853404
5852,130702,1,0,2.6990800397470593
5853,130703,1,0,2.6898339856415987
5854,130704,1,0,2.6955139474011958
5855,130705,1,0,2.694452996365726
5856,130706,1,0,2.6896530180238187
5857,130707,1,0,2.6809570263139904
5858,130708,1,0,2.693861024454236
5859,130709,1,0,2.690435037948191
5860,130710,1,0,2.6964159915223718
5861,130711,1,0,2.681707963347435
5862,130712,1,0,2.7002629940398037
5863,130713,1,0,2.6886219857260585
5864,130714,1,0,2.6736040017567575
5865,130715,1,0,2.7248479891568422
5866,130716,1,1,2.702456957194954
5867,130717,1,0,2.6885310071520507
5868,130718,1,0,2.690063964109868
5869,130719,1,0,2.7047109906561673
5870,130720,1,0,2.703509002458304
5871,130721,1,0,2.6964970165863633
5872,130722,1,0,2.6977789821103215
5873,130723,1,0,2.819293993525207
5874,130724,1,0,2.709008986130357
5875,130725,1,0,2.690715016797185
5876,130726,1,0,2.689923974685371
5877,130727,1,0,2.703569014556706
5878,130728,1,0,2.6999120018444955
5879,130729,1,0,2.6762490160763264
5880,130730,1,0,2.6964660501107574
5881,130731,1,0,2.70389998331666
5882,130732,1,0,2.6857260381802917
5883,130733,1,1,2.689843997359276
5884,130734,1,0,2.6984490104950964
5885,130735,1,0,2.7001830167137086
5886,130736,1,0,2.689232991542667
5887,130737,1,0,2.692648966331035
5888,130738,1,0,2.6903950492851436
5889,130739,1,0,2.695384027902037
5890,130740,1,0,2.685535990167409
5891,130741,1,0,2.7011949568986893
5892,130742,1,0,2.689882996492088
5893,130743,1,0,2.6871689478866756
5894,130744,1,0,2.6947330334223807
5895,130745,1,0,2.694523020181805
5896,130746,1,0,2.6961449766531587
5897,130747,1,0,2.682640973944217
5898,130748,1,0,2.6996019878424704
5899,130749,1,0,2.8280699625611305
5900,130750,1,1,2.694532973691821
5901,130751,1,0,2.682128979358822
5902,130752,1,0,2.6900439988821745
5903,130753,1,0,2.68368300748989
5904,130754,1,0,2.684644015971571
5905,130755,1,0,2.690575027372688
5906,130756,1,0,2.6912260218523443
5907,130757,1,0,2.6944520068354905
5908,130758,1,0,2.6845340034924448
5909,130759,1,0,2.701666031498462
5910,130760,1,0,2.6996019878424704
5911,130761,1,0,2.690905996132642
5912,130762,1,0,2.690074034035206
5913,130763,1,0,2.7067449991591275
5914,130764,1,0,2.707697043661028
5915,130765,1,0,2.6890920125879347
5916,130766,1,0,2.6801960193552077
5917,130767,1,1,2.7051620418205857
5918,130768,1,0,2.700012002605945
5919,130769,1,0,2.688672044314444
5920,130770,1,0,2.709158987272531
5921,130771,1,0,2.706555009353906
5922,130772,1,0,2.70634499611333
5923,130773,1,0,2.694080991204828
5924,130774,1,0,2.709851018153131
5925,130775,1,0,2.722934994380921
5926,130776,1,0,2.877802005968988
5927,130777,1,0,2.7470989734865725
5928,130778,1,0,2.6936709764413536
5929,130779,1,0,2.7055629761889577
5930,130780,1,0,2.7035290258936584
5931,130781,1,0,2.685466024558991
5932,130782,1,0,2.6990710175596178
5933,130783,1,0,2.6938709779642522
5934,130784,1,1,2.7103120228275657
5935,130785,1,0,2.6829810230992734
5936,130786,1,0,2.771735016722232
5937,130787,1,0,2.703569014556706
5938,130788,1,0,2.684884995687753
5939,130789,1,0,2.6798949693329632
5940,130790,1,0,2.6959660463035107
5941,130791,1,0,2.6995720108971
5942,130792,1,0,2.6972569758072495
5943,130793,1,0,2.6972180348820984
5944,130794,1,0,2.696707029826939
5945,130795,1,0,2.708368992898613
5946,130796,1,0,2.6818689657375216
5947,130797,1,0,2.70524196093902
5948,130798,1,0,2.6990199694409966
5949,130799,1,0,2.687177970074117
5950,130800,1,0,2.682180027477443
5951,130801,1,1,2.7063339948654175
5952,130802,1,0,2.831726975273341
5953,130803,1,0,2.7155419811606407
5954,130804,1,0,2.678042044863105
5955,130805,1,0,2.694502007216215
5956,130806,1,0,2.693229995202273
5957,130807,1,0,2.6988909812644124
5958,130808,1,0,2.700202981941402
5959,130809,1,0,2.6919780066236854
5960,130810,1,0,2.6907759602181613
5961,130811,1,0,2.675396972335875
5962,130812,1,0,2.6992419734597206
5963,130813,1,0,2.6932000182569027
5964,130814,1,0,2.684463979676366
5965,130815,1,0,2.684373001102358
5966,130816,1,0,2.6880799559876323
5967,130817,1,0,2.689672983251512
5968,130818,1,1,2.6780120097100735
5969,130819,1,0,2.6910460437648
5970,130820,1,0,2.6968170423060656
5971,130821,1,0,2.679153985809535
5972,130822,1,0,2.6781419874168932
5973,130823,1,0,2.69635597942397
5974,130824,1,0,2.690916007850319
5975,130825,1,0,2.6833009906113148
5976,130826,1,0,2.695603994652629
5977,130827,1,0,2.7015849482268095
5978,130828,1,0,2.725429949350655
5979,130829,1,0,2.8088950202800333
5980,130830,1,0,2.6874589966610074
5981,130831,1,0,2.692188019864261
5982,130832,1,0,2.7354779886081815
5983,130833,1,0,2.678902994375676
5984,130834,1,0,2.690205001272261
5985,130835,1,1,2.684854029212147
5986,130836,1,0,2.6791340205818415
5987,130837,1,0,2.68999399850145
5988,130838,1,0,2.689924032893032
5989,130839,1,0,2.6948429876938462
5990,130840,1,0,2.6863680104725063
5991,130841,1,0,2.696606970857829
5992,130842,1,0,2.698310010600835
5993,130843,1,0,2.682380029000342
5994,130844,1,0,2.6786330272443593
5995,130845,1,0,2.7020759880542755
5996,130846,1,0,2.692668989766389
5997,130847,1,0,2.687549975235015
5998,130848,1,0,2.7072050143033266
5999,130849,1,0,2.6964760036207736
6000,130850,1,0,2.6871790178120136
6001,130851,1,0,2.670698973815888
6002,130852,1,1,2.7097309939563274
6003,130853,1,0,2.6967970188707113
6004,130854,1,0,2.6898839860223234
6005,130855,1,0,2.802743052598089
6006,130856,1,0,2.6934000197798014
6007,130857,1,0,2.687920001335442
6008,130858,1,0,2.6786839589476585
6009,130859,1,0,2.682670019567013
6010,130860,1,0,2.6855460018850863
6011,130861,1,0,2.684955019503832
6012,130862,1,0,2.6780529879033566
6013,130863,1,0,2.6977480156347156
6014,130864,1,0,2.694752998650074
6015,130865,1,0,2.6935010100714862
6016,130866,1,0,2.6856560143642128
6017,130867,1,0,2.703909995034337
6018,130868,1,0,2.696805982850492
6019,130869,1,1,2.6810180279426277
6020,130870,1,0,2.697738993447274
6021,130871,1,0,2.695174014661461
6022,130872,1,0,2.685274987015873
6023,130873,1,0,2.671289024874568
6024,130874,1,0,2.6934100314974785
6025,130875,1,0,2.689522982109338
6026,130876,1,0,2.6767990202642977
6027,130877,1,0,2.6812879950739443
6028,130878,1,0,2.6864969986490905
6029,130879,1,0,2.684874983970076
6030,130880,1,0,2.6763289934024215
6031,130881,1,0,2.6972380001097918
6032,130882,1,0,2.8150350553914905
6033,130883,1,0,2.6882310048677027
6034,130884,1,0,2.6811669813469052
6035,130885,1,0,2.697007032111287
6036,130886,1,0,2.697488002013415
6037,130887,1,1,2.683721948415041
6038,130888,1,0,2.699400996789336
6039,130889,1,0,2.7069359784945846
6040,130890,1,0,2.6908150175586343
6041,130891,1,0,2.6750360266305506
6042,130892,1,0,2.702367026358843
6043,130893,1,0,2.6992810308001935
6044,130894,1,0,2.688742009922862
6045,130895,1,0,2.68126797163859
6046,130896,1,0,2.7038800180889666
6047,130897,1,0,2.6915870257653296
6048,130898,1,0,2.680937002878636
6049,130899,1,0,2.6936110225506127
6050,130900,1,0,2.69362103426829
6051,130901,1,0,2.6968460297212005
6052,130902,1,0,2.6782220229506493
6053,130903,1,0,2.7718450292013586
6054,130904,1,1,2.703569014556706
6055,130905,1,0,2.6980090187862515
6056,130906,1,0,2.6764089707285166
6057,130907,1,0,2.695464005228132
6058,130908,1,0,2.823612012434751
6059,130909,1,0,2.6930300518870354
6060,130910,1,0,2.673563954886049
6061,130911,1,0,2.6976680383086205
6062,130912,1,0,2.6968870079144835
6063,130913,1,0,2.6946919970214367
6064,130914,1,0,2.6875000330619514
6065,130915,1,0,2.6922179968096316
6066,130916,1,0,2.713688008952886
6067,130917,1,0,2.685996994841844
6068,130918,1,0,2.6979580288752913
6069,130919,1,0,2.709700958803296
6070,130920,1,0,2.68126797163859
6071,130921,1,1,2.673783979844302
6072,130922,1,0,2.6967570302076638
6073,130923,1,0,2.7000129921361804
6074,130924,1,0,2.6900239754468203
6075,130925,1,0,2.6995809748768806
6076,130926,1,0,2.735227986704558
6077,130927,1,0,2.6962250121869147
6078,130928,1,0,2.678181976079941
6079,130929,1,0,2.6943720295093954
6080,130930,1,0,2.69581499742344
6081,130931,1,0,2.6983889983966947
6082,130932,1,0,2.697638003155589
6083,130933,1,0,2.7069549541920424
6084,130934,1,0,2.7010540361516178
6085,130935,1,0,2.809053985401988
6086,130936,1,0,2.685655956156552
6087,130937,1,0,2.69578502047807
6088,130938,1,1,2.697899006307125
6089,130939,1,0,2.6878000353462994
6090,130940,1,0,2.6884209946729243
6091,130941,1,0,2.6932700420729816
6092,130942,1,0,2.695515053346753
6093,130943,1,0,2.6734230341389775
6094,130944,1,0,2.6960049872286618
6095,130945,1,0,2.7081570005975664
6096,130946,1,0,2.6865180116146803
6097,130947,1,0,2.678132033906877
6098,130948,1,0,2.6974480133503675
6099,130949,1,0,2.6888420106843114
6100,130950,1,0,2.737172006163746
6101,130951,1,0,2.757598995231092
6102,130952,1,0,2.6936709764413536
6103,130953,1,0,2.6936609647236764
6104,130954,1,0,2.6708189980126917
6105,130955,1,1,2.6936010108329356
6106,130956,1,0,2.683511993382126
6107,130957,1,0,2.6874400209635496
6108,130958,1,0,2.6874089962802827
6109,130959,1,0,2.6995320222340524
6110,130960,1,0,2.6965260040014982
6111,130961,1,0,2.8097560280002654
6112,130962,1,0,2.6838629855774343
6113,130963,1,0,2.6930200401693583
6114,130964,1,0,2.7041799621656537
6115,130965,1,0,2.6829310227185488
6116,130966,1,0,2.6939419913105667
6117,130967,1,0,2.6867580018006265
6118,130968,1,0,2.687658998183906
6119,130969,1,0,2.6755169965326786
6120,130970,1,0,2.6863980456255376
6121,130971,1,0,2.6943919947370887
6122,130972,1,1,2.692188019864261
6123,130973,1,0,2.7546140481717885
6124,130974,1,0,2.6870580040849745
6125,130975,1,0,2.690505003556609
6126,130976,1,0,2.6750159449875355
6127,130977,1,0,2.6965360157191753
6128,130978,1,0,2.6917679933831096
6129,130979,1,0,2.676920033991337
6130,130980,1,0,2.682610007468611
6131,130981,1,0,2.6953539927490056
6132,130982,1,0,2.6960449758917093
6133,130983,1,0,2.697467978578061
6134,130984,1,0,2.700464043300599
6135,130985,1,0,2.6996119995601475
6136,130986,1,0,2.6912559987977147
6137,130987,1,0,2.677701006177813
6138,130988,1,0,2.8398020076565444
6139,130989,1,1,2.693411021027714
6140,130990,1,0,2.694853988941759
6141,130991,1,0,2.6735240244306624
6142,130992,1,0,2.69699702039361
6143,130993,1,0,2.6897640200331807
6144,130994,1,0,2.6811069692485034
6145,130995,1,0,2.6877199998125434
6146,130996,1,0,2.7034489903599024
6147,130997,1,0,2.696435956750065
6148,130998,1,0,2.6882010279223323
6149,130999,1,0,2.696445968467742
6150,131000,1,0,2.703989972360432
6151,131001,1,0,2.686526975594461
6152,131002,1,0,2.694341994356364
6153,131003,1,0,2.6943220291286707
6154,131004,1,0,2.691477013286203
6155,131005,1,0,2.685616025701165
6156,131006,1,1,2.7002629940398037
6157,131007,1,0,2.697418036404997
6158,131008,1,0,2.701495017390698
6159,131009,1,0,2.6734439888969064
6160,131010,1,0,2.6910760207101703
6161,131011,1,0,2.7012249920517206
6162,131012,1,0,2.688521984964609
6163,131013,1,0,2.6928290026262403
6164,131014,1,0,2.8241320396773517
6165,131015,1,0,2.6937509537674487
6166,131016,1,0,2.6723910123109818
6167,131017,1,0,2.680316974874586
6168,131018,1,0,2.6854060124605894
6169,131019,1,0,2.693510032258928
6170,131020,1,0,2.6777720195241272
6171,131021,1,0,2.7031180215999484
6172,131022,1,0,2.69256898900494
6173,131023,1,1,2.6812570285983384
6174,131024,1,0,2.6855850010178983
6175,131025,1,0,2.691527013666928
6176,131026,1,0,2.72184400819242
6177,131027,1,0,2.6926790014840662
6178,131028,1,0,2.70992104196921
6179,131029,1,0,2.6971569750458
6180,131030,1,0,2.688591950573027
6181,131031,1,0,2.6755969738587737
6182,131032,1,0,2.697749005164951
6183,131033,1,0,2.6951530016958714
6184,131034,1,0,2.6916569913737476
6185,131035,1,0,2.690766006708145
6186,131036,1,0,2.692449023015797
6187,131037,1,0,2.6990710175596178
6188,131038,1,0,2.6816779864020646
6189,131039,1,0,2.7058429550379515
6190,131040,1,1,2.696837007533759
6191,131041,1,0,2.8192829922772944
6192,131042,1,0,2.6831409777514637
6193,131043,1,0,2.6938809896819293
6194,131044,1,0,2.783306990750134
6195,131045,1,0,2.696025010664016
6196,131046,1,0,2.683181024622172
6197,131047,1,0,2.696014998946339
6198,131048,1,0,2.6988910394720733
6199,131049,1,0,2.6884410181082785
6200,131050,1,0,2.6737239677459
6201,131051,1,0,2.6980889961123466
6202,131052,1,0,2.6974479551427066
6203,131053,1,0,2.689143002498895
6204,131054,1,0,2.695875009521842
6205,131055,1,0,2.6854860479943454
6206,131056,1,0,2.694121969398111
6207,131057,1,1,2.6790029951371253
6208,131058,1,0,2.6976490044035017
6209,131059,1,0,2.690303954295814
6210,131060,1,0,2.679062949027866
6211,131061,1,0,2.700192970223725
6212,131062,1,0,2.688731998205185
6213,131063,1,0,2.689773973543197
6214,131064,1,0,2.680205972865224
6215,131065,1,0,2.697498013731092
6216,131066,1,0,2.6898430078290403
6217,131067,1,0,2.8188229771330953
6218,131068,1,0,2.676920033991337
6219,131069,1,0,2.6889420114457607
6220,131070,1,0,2.6875390321947634
6221,131071,1,0,2.684113977011293
6222,131072,1,0,2.693129994440824
6223,131073,1,0,2.6955039938911796
6224,131074,1,1,2.6844730018638074
6225,131075,1,0,2.6748860254883766
6226,131076,1,0,2.7081379666924477
6227,131077,1,0,2.698670024983585
6228,131078,1,0,2.691055997274816
6229,131079,1,0,2.6914370246231556
6230,131080,1,0,2.7012749924324453
6231,131081,1,0,2.7074459940195084
6232,131082,1,0,2.689663029741496
6233,131083,1,0,2.69496301189065
6234,131084,1,0,2.6919679949060082
6235,131085,1,0,2.6926390128210187
6236,131086,1,0,2.670779009349644
6237,131087,1,0,2.6988110039383173
6238,131088,1,0,2.6893430040217936
6239,131089,1,0,2.6837519835680723
6240,131090,1,0,2.6894729817286134
6241,131091,1,1,2.693279995582998
6242,131092,1,0,2.696917043067515
6243,131093,1,0,2.6814789744094014
6244,131094,1,0,2.818842011038214
6245,131095,1,0,2.7018660330213606
6246,131096,1,0,2.6977990055456758
6247,131097,1,0,2.6789040421135724
6248,131098,1,0,2.689213026314974
6249,131099,1,0,2.6915670023299754
6250,131100,1,0,2.695593982934952
6251,131101,1,0,2.6804470107890666
6252,131102,1,0,2.7123259496875107
6253,131103,1,0,2.6962459669448435
6254,131104,1,0,2.693220041692257
6255,131105,1,0,2.697418036404997
6256,131106,1,0,2.6956440415233374
6257,131107,1,0,2.702356956433505
6258,131108,1,1,2.680375997442752
6259,131109,1,0,2.692007983569056
6260,131110,1,0,2.6929989689961076
6261,131111,1,0,2.7202399796806276
6262,131112,1,0,2.682950987946242
6263,131113,1,0,2.6898939977400005
6264,131114,1,0,2.7354679768905044
6265,131115,1,0,2.6855460018850863
6266,131116,1,0,2.6857859920710325
6267,131117,1,0,2.6914970367215574
6268,131118,1,0,2.6805770467035472
6269,131119,1,0,2.675817988347262
6270,131120,1,0,2.82963301287964
6271,131121,1,0,2.698711003176868
6272,131122,1,0,2.6983999996446073
6273,131123,1,0,2.6906250277534127
6274,131124,1,0,2.6997620007023215
6275,131125,1,1,2.6976880035363138
6276,131126,1,0,2.683651982806623
6277,131127,1,0,2.6909260195679963
6278,131128,1,0,2.708237967453897
6279,131129,1,0,2.714960020966828
6280,131130,1,0,2.722054021432996
6281,131131,1,0,2.721622004173696
6282,131132,1,0,2.738765033427626
6283,131133,1,0,2.7231459971517324
6284,131134,1,0,2.7195289731025696
6285,131135,1,0,2.7629190008156
6286,131136,1,0,2.7226239908486605
6287,131137,1,0,2.7428219909779727
6288,131138,1,0,2.6972179766744375
6289,131139,1,0,2.6874589966610074
6290,131140,1,0,2.71010200958699
6291,131141,1,0,2.7151500107720494
6292,131142,1,1,2.687168016564101
6293,131143,1,0,2.688240958377719
6294,131144,1,0,2.7131569804623723
6295,131145,1,0,2.70886899670586
6296,131146,1,0,2.6900749653577805
6297,131147,1,0,2.814615028910339
6298,131148,1,0,2.69797898363322
6299,131149,1,0,2.689854009076953
6300,131150,1,0,2.679474011529237
6301,131151,1,0,2.70647497382015
6302,131152,1,0,2.6972880004905164
6303,131153,1,0,2.678041986655444
6304,131154,1,0,2.674995979759842
6305,131155,1,0,2.6885709958150983
6306,131156,1,0,2.719910000450909
6307,131157,1,0,2.7304189861752093
6308,131158,1,0,2.683452039491385
6309,131159,1,1,2.697187999729067
6310,131160,1,0,2.6948630111292005
6311,131161,1,0,2.685916027985513
6312,131162,1,0,2.7143890038132668
6313,131163,1,0,2.6972980122081935
6314,131164,1,0,2.699090982787311
6315,131165,1,0,2.6735440478660166
6316,131166,1,0,2.7032389771193266
6317,131167,1,0,2.692579000722617
6318,131168,1,0,2.6873600436374545
6319,131169,1,0,2.68389203120023
6320,131170,1,0,2.780181006528437
6321,131171,1,0,2.697076997719705
6322,131172,1,0,2.681187994312495
6323,131173,1,0,2.8153059538453817
6324,131174,1,0,2.698809956200421
6325,131175,1,0,2.6907650171779096
6326,131176,1,1,2.6816180325113237
6327,131177,1,0,2.690285036806017
6328,131178,1,0,2.706694998778403
6329,131179,1,0,2.6891419547609985
6330,131180,1,0,2.6757369632832706
6331,131181,1,0,2.700021956115961
6332,131182,1,0,2.698820026125759
6333,131183,1,0,2.6797959581017494
6334,131184,1,0,2.7653840370476246
6335,131185,1,0,2.724127029068768
6336,131186,1,0,2.6970970211550593
6337,131187,1,0,2.6783120119944215
6338,131188,1,0,2.691728004720062
6339,131189,1,0,2.694161026738584
6340,131190,1,0,2.6958449743688107
6341,131191,1,0,2.6785830268636346
6342,131192,1,0,2.694392984267324
6343,131193,1,0,2.6921879616566002
6344,131194,1,1,2.685535990167409
6345,131195,1,0,2.710742992348969
6346,131196,1,0,2.7240379713475704
6347,131197,1,0,2.7072160155512393
6348,131198,1,0,2.692178008146584
6349,131199,1,0,2.701255027204752
6350,131200,1,0,2.8437389992177486
6351,131201,1,0,2.719899988733232
6352,131202,1,0,2.6850950089283288
6353,131203,1,0,2.69017496611923
6354,131204,1,0,2.7010049670934677
6355,131205,1,0,2.7308499556966126
6356,131206,1,0,2.6982490089721978
6357,131207,1,0,2.7010049670934677
6358,131208,1,0,2.808033023029566
6359,131209,1,0,2.6948939776048064
6360,131210,1,0,2.680525998584926
6361,131211,1,1,2.6963159907609224
6362,131212,1,0,2.7131569804623723
6363,131213,1,0,2.7007139869965613
6364,131214,1,0,2.6789630064740777
6365,131215,1,0,2.6910859742201865
6366,131216,1,0,2.7004540315829217
6367,131217,1,0,2.680505975149572
6368,131218,1,0,2.6899640215560794
6369,131219,1,0,2.696435956750065
6370,131220,1,0,2.6976880035363138
6371,131221,1,0,2.6825100067071617
6372,131222,1,0,2.691456989850849
6373,131223,1,0,2.6980889961123466
6374,131224,1,0,2.696916984859854
6375,131225,1,0,2.673933980986476
6376,131226,1,0,2.8327989857643843
6377,131227,1,0,2.690223976969719
6378,131228,1,1,2.6929189916700125
6379,131229,1,0,2.679505036212504
6380,131230,1,0,2.694080991204828
6381,131231,1,0,2.693440008442849
6382,131232,1,0,2.6877999771386385
6383,131233,1,0,2.686446998268366
6384,131234,1,0,2.694010967388749
6385,131235,1,0,2.6926890132017434
6386,131236,1,0,2.6750669931061566
6387,131237,1,0,2.6976579683832824
6388,131238,1,0,2.7302890084683895
6389,131239,1,0,2.6921179960481822
6390,131240,1,0,2.6904449914582074
6391,131241,1,0,2.6993819628842175
6392,131242,1,0,2.701115037780255
6393,131243,1,0,2.689303015358746
6394,131244,1,0,2.6992910425178707
6395,131245,1,1,2.6955549838021398
6396,131246,1,0,2.6951939798891544
6397,131247,1,0,2.680006029549986
6398,131248,1,0,2.7015350060537457
6399,131249,1,0,2.69630498951301
6400,131250,1,0,2.684944018255919
6401,131251,1,0,2.6880709920078516
6402,131252,1,0,2.7016050298698246
6403,131253,1,0,2.816910040564835
6404,131254,1,0,2.6934309862554073
6405,131255,1,0,2.6864379760809243
6406,131256,1,0,2.7039399719797075
6407,131257,1,0,2.703659003600478
6408,131258,1,0,2.6816679746843874
6409,131259,1,0,2.7012749924324453
6410,131260,1,0,2.6898240321315825
6411,131261,1,0,2.6947230217047036
6412,131262,1,1,2.6873190072365105
6413,131263,1,0,2.6991209597326815
6414,131264,1,0,2.699000993743539
6415,131265,1,0,2.6861170190386474
6416,131266,1,0,2.693069982342422
6417,131267,1,0,2.692658978048712
6418,131268,1,0,2.7080480358563364
6419,131269,1,0,2.684773993678391
6420,131270,1,0,2.7019769768230617
6421,131271,1,0,2.686728024855256
6422,131272,1,0,2.6779419858939946
6423,131273,1,0,2.687588974367827
6424,131274,1,0,2.6924380217678845
6425,131275,1,0,2.6968870079144835
6426,131276,1,0,2.6863980456255376
6427,131277,1,0,2.6996220112778246
6428,131278,1,0,2.701595949474722
6429,131279,1,1,2.818943001329899
6430,131280,1,0,2.6822190266102552
6431,131281,1,0,2.6948830345645547
6432,131282,1,0,2.694592985790223
6433,131283,1,0,2.6903749676421285
6434,131284,1,0,2.677701006177813
6435,131285,1,0,2.6991309714503586
6436,131286,1,0,2.69419199321419
6437,131287,1,0,2.6826299726963043
6438,131288,1,0,2.690966008231044
6439,131289,1,0,2.69432197092101
6440,131290,1,0,2.687128959223628
6441,131291,1,0,2.6762179913930595
6442,131292,1,0,2.6977279921993613
6443,131293,1,0,2.6944419951178133
6444,131294,1,0,2.6822600048035383
6445,131295,1,0,2.6813780423253775
6446,131296,1,1,2.6919780066236854
6447,131297,1,0,2.6982889976352453
6448,131298,1,0,2.6811379939317703
6449,131299,1,0,2.6989210164174438
6450,131300,1,0,2.6999629917554557
6451,131301,1,0,2.687839965801686
6452,131302,1,0,2.6832110015675426
6453,131303,1,0,2.699220960494131
6454,131304,1,0,2.688491018489003
6455,131305,1,0,2.6826210087165236
6456,131306,1,0,2.812241029459983
6457,131307,1,0,2.70078401081264
6458,131308,1,0,2.702356956433505
6459,131309,1,0,2.680926991160959
6460,131310,1,0,2.6973680360242724
6461,131311,1,0,2.6906959828920662
6462,131312,1,0,2.6941419928334653
6463,131313,1,1,2.6759280008263886
6464,131314,1,0,2.6990410406142473
6465,131315,1,0,2.6917580398730934
6466,131316,1,0,2.683762984815985
6467,131317,1,0,2.691527013666928
6468,131318,1,0,2.692238020244986
6469,131319,1,0,2.6955539942719042
6470,131320,1,0,2.676599018741399
6471,131321,1,0,2.691987028811127
6472,131322,1,0,2.6929499581456184
6473,131323,1,0,2.6898939977400005
6474,131324,1,0,2.692749025300145
6475,131325,1,0,2.717404975555837
6476,131326,1,0,2.695725008379668
6477,131327,1,0,2.6759080355986953
6478,131328,1,0,2.709499967750162
6479,131329,1,0,2.696937008295208
6480,131330,1,1,2.702226978726685
6481,131331,1,0,2.6770809781737626
6482,131332,1,0,2.814474981278181
6483,131333,1,0,2.694641996640712
6484,131334,1,0,2.692648966331035
6485,131335,1,0,2.68244999460876
6486,131336,1,0,2.6929390151053667
6487,131337,1,0,2.689452958293259
6488,131338,1,0,2.689924032893032
6489,131339,1,0,2.6906559942290187
6490,131340,1,0,2.6997230015695095
6491,131341,1,0,2.69622600171715
6492,131342,1,0,2.6720509631559253
6493,131343,1,0,2.6948529994115233
6494,131344,1,0,2.69833899801597
6495,131345,1,0,2.6905250269919634
6496,131346,1,0,2.679383964277804
6497,131347,1,1,2.696857030969113
6498,131348,1,0,2.695534029044211
6499,131349,1,0,2.676728996448219
6500,131350,1,0,2.693380054552108
6501,131351,1,0,2.689152956008911
6502,131352,1,0,2.6990610058419406
6503,131353,1,0,2.686477964743972
6504,131354,1,0,2.6976989465765655
6505,131355,1,0,2.7032889775000513
6506,131356,1,0,2.6870390283875167
6507,131357,1,0,2.695654984563589
6508,131358,1,0,2.7109530055895448
6509,131359,1,0,2.818873035721481
6510,131360,1,0,2.69225804368034
6511,131361,1,0,2.688982989639044
6512,131362,1,0,2.704241022001952
6513,131363,1,0,2.711464010644704
6514,131364,1,1,2.6847340050153434
6515,131365,1,0,2.689602959435433
6516,131366,1,0,2.690013963729143
6517,131367,1,0,2.705112041439861
6518,131368,1,0,2.6724410126917064
6519,131369,1,0,2.7004839503206313
6520,131370,1,0,2.6883709942921996
6521,131371,1,0,2.684414037503302
6522,131372,1,0,2.7331439778208733
6523,131373,1,0,2.7017960092052817
6524,131374,1,0,2.695023955311626
6525,131375,1,0,2.6819990016520023
6526,131376,1,0,2.691216010134667
6527,131377,1,0,2.689822984393686
6528,131378,1,0,2.6843739906325936
6529,131379,1,0,2.6738749584183097
6530,131380,1,0,2.700763987377286
6531,131381,1,1,2.69617501180619
6532,131382,1,0,2.6872390299104154
6533,131383,1,0,2.7024070150218904
6534,131384,1,0,2.701395016629249
6535,131385,1,0,2.830063982401043
6536,131386,1,0,2.6800549821928144
6537,131387,1,0,2.687219006475061
6538,131388,1,0,2.7037689578719437
6539,131389,1,0,2.7044910239055753
6540,131390,1,0,2.676209027413279
6541,131391,1,0,2.699400996789336
6542,131392,1,0,2.7021070127375424
6543,131393,1,0,2.683292026631534
6544,131394,1,0,2.6897439965978265
6545,131395,1,0,2.9068549629300833
6546,131396,1,0,2.690905996132642
6547,131397,1,0,2.6894829934462905
6548,131398,1,1,2.675507974345237
6549,131399,1,0,2.7010150370188057
6550,131400,1,0,2.703119011130184
6551,131401,1,0,2.7092290110886097
6552,131402,1,0,2.682108955923468
6553,131403,1,0,2.7091199881397188
6554,131404,1,0,2.742370998021215
6555,131405,1,0,2.6849040295928717
6556,131406,1,0,2.700063050724566
6557,131407,1,0,2.698380034416914
6558,131408,1,0,2.7006640448234975
6559,131409,1,0,2.6872989838011563
6560,131410,1,0,2.7121249586343765
6561,131411,1,0,2.700955024920404
6562,131412,1,0,2.834120998159051
6563,131413,1,0,2.695103990845382
6564,131414,1,0,2.7081469888798892
6565,131415,1,1,2.7036889805458486
6566,131416,1,0,2.7038489934056997
6567,131417,1,0,2.6784230140037835
6568,131418,1,0,2.7055530226789415
6569,131419,1,0,2.757469017524272
6570,131420,1,0,2.703067963011563
6571,131421,1,0,2.7097910060547292
6572,131422,1,0,2.6985100121237338
6573,131423,1,0,2.6889730361290276
6574,131424,1,0,2.6976579683832824
6575,131425,1,0,2.6924879639409482
6576,131426,1,0,2.700694021768868
6577,131427,1,0,2.7165639912709594
6578,131428,1,0,2.7089889626950026
6579,131429,1,0,2.693300019018352
6580,131430,1,0,2.6975279906764627
6581,131431,1,0,2.7052820078097284
6582,131432,1,1,2.6799149927683175
6583,131433,1,0,2.7016260428354144
6584,131434,1,0,2.6964059798046947
6585,131435,1,0,2.6797750033438206
6586,131436,1,0,2.684704028069973
6587,131437,1,0,2.704801969230175
6588,131438,1,0,2.827638993039727
6589,131439,1,0,2.7001130511052907
6590,131440,1,0,2.6809179689735174
6591,131441,1,0,2.694331982638687
6592,131442,1,0,2.6909459847956896
6593,131443,1,0,2.679645025637001
6594,131444,1,0,2.699641976505518
6595,131445,1,0,2.688731998205185
6596,131446,1,0,2.680146018974483
6597,131447,1,0,2.6721510221250355
6598,131448,1,0,2.696235023904592
6599,131449,1,1,2.691677014809102
6600,131450,1,0,2.69820902030915
6601,131451,1,0,2.69378098892048
6602,131452,1,0,2.6834110030904412
6603,131453,1,0,2.6897930074483156
6604,131454,1,0,2.6785130030475557
6605,131455,1,0,2.6972569758072495
6606,131456,1,0,2.7020159759558737
6607,131457,1,0,2.6965559809468687
6608,131458,1,0,2.68584699369967
6609,131459,1,0,2.699712000321597
6610,131460,1,0,2.6957449736073613
6611,131461,1,0,2.676128991879523
6612,131462,1,0,2.6939919916912913
6613,131463,1,0,2.6964659919030964
6614,131464,1,0,2.689372980967164
6615,131465,1,0,2.813433005940169
6616,131466,1,1,2.7424010331742465
6617,131467,1,0,2.6907059946097434
6618,131468,1,0,2.7109330403618515
6619,131469,1,0,2.683622995391488
6620,131470,1,0,2.692328009288758
6621,131471,1,0,2.6836320175789297
6622,131472,1,0,2.6900640223175287
6623,131473,1,0,2.6890519657172263
6624,131474,1,0,2.7027680189348757
6625,131475,1,0,2.7078770217485726
6626,131476,1,0,2.689943998120725
6627,131477,1,0,2.719307958614081
6628,131478,1,0,2.704840968362987
6629,131479,1,0,2.6979390531778336
6630,131480,1,0,2.679964993149042
6631,131481,1,0,2.6957549853250384
6632,131482,1,0,2.696515992283821
6633,131483,1,1,2.703559002839029
6634,131484,1,0,2.6977579691447318
6635,131485,1,0,2.709029009565711
6636,131486,1,0,2.6933810440823436
6637,131487,1,0,2.758330956567079
6638,131488,1,0,2.7003830182366073
6639,131489,1,0,2.7779070078395307
6640,131490,1,0,2.7291469741612673
6641,131491,1,0,2.8935910086147487
6642,131492,1,0,2.688191016204655
6643,131493,1,0,2.7015250525437295
6644,131494,1,0,2.6896839844994247
6645,131495,1,0,2.6986710145138204
6646,131496,1,0,2.679003984667361
6647,131497,1,0,2.6975179789587855
6648,131498,1,0,2.696837007533759
6649,131499,1,0,2.689943998120725
6650,131500,1,1,2.696987008675933
6651,131501,1,0,2.6937819784507155
6652,131502,1,0,2.6965269935317338
6653,131503,1,0,2.671149035450071
6654,131504,1,0,2.6969769969582558
6655,131505,1,0,2.6992809725925326
6656,131506,1,0,2.7010750491172075
6657,131507,1,0,2.686658001039177
6658,131508,1,0,2.7042299625463784
6659,131509,1,0,2.702697995118797
6660,131510,1,0,2.6943119592033327
6661,131511,1,0,2.7016159729100764
6662,131512,1,0,2.7123350300826132
6663,131513,1,0,2.698398951906711
6664,131514,1,0,2.724828023929149
6665,131515,1,0,2.718217030633241
6666,131516,1,0,2.698028984013945
6667,131517,1,0,2.7065149624831975
6668,131518,1,1,2.822960028424859
6669,131519,1,0,2.691878005862236
6670,131520,1,0,2.7043800218962133
6671,131521,1,0,2.7065949980169535
6672,131522,1,0,2.6914970367215574
6673,131523,1,0,2.7033190126530826
6674,131524,1,0,2.706303959712386
6675,131525,1,0,2.7405269793234766
6676,131526,1,0,2.6769500109367073
6677,131527,1,0,2.697207033634186
6678,131528,1,0,2.705042017623782
6679,131529,1,0,2.687579020857811
6680,131530,1,0,2.700062992516905
6681,131531,1,0,2.7065440081059933
6682,131532,1,0,2.7084280154667795
6683,131533,1,0,2.691236964892596
6684,131534,1,0,2.690555003937334
6685,131535,1,1,2.6863670209422708
6686,131536,1,0,2.737172006163746
6687,131537,1,0,2.6727819931693375
6688,131538,1,0,2.697317977435887
6689,131539,1,0,2.687800966668874
6690,131540,1,0,2.6845040265470743
6691,131541,1,0,2.687138970941305
6692,131542,1,0,2.691606990993023
6693,131543,1,0,2.702297002542764
6694,131544,1,0,2.809245022945106
6695,131545,1,0,2.683201979380101
6696,131546,1,0,2.6927790022455156
6697,131547,1,0,2.6867580018006265
6698,131548,1,0,2.677090000361204
6699,131549,1,0,2.690666005946696
6700,131550,1,0,2.702647994738072
6701,131551,1,0,2.6819490012712777
6702,131552,1,1,2.693229995202273
6703,131553,1,0,2.706714964006096
6704,131554,1,0,2.7028669719584286
6705,131555,1,0,2.688251028303057
6706,131556,1,0,2.690575027372688
6707,131557,1,0,2.6973169879056513
6708,131558,1,0,2.688721986487508
6709,131559,1,0,2.679393975995481
6710,131560,1,0,2.6847939589060843
6711,131561,1,0,2.7045620372518897
6712,131562,1,0,2.729416999500245
6713,131563,1,0,2.6979190297424793
6714,131564,1,0,2.6969569735229015
6715,131565,1,0,2.6952640037052333
6716,131566,1,0,2.6784720248542726
6717,131567,1,0,2.6909250300377607
6718,131568,1,0,2.702007011976093
6719,131569,1,1,2.6846739929169416
6720,131570,1,0,2.6768299867399037
6721,131571,1,0,2.8144349926151335
6722,131572,1,0,2.6968169840984046
6723,131573,1,0,2.6890719891525805
6724,131574,1,0,2.6761689805425704
6725,131575,1,0,2.6956539950333536
6726,131576,1,0,2.699492033571005
6727,131577,1,0,2.685264975298196
6728,131578,1,0,2.6916670030914247
6729,131579,1,0,2.6947730220854282
6730,131580,1,0,2.6965970173478127
6731,131581,1,0,2.684163977392018
6732,131582,1,0,2.6989610050804913
6733,131583,1,0,2.8355339891277254
6734,131584,1,0,2.7073260280303657
6735,131585,1,0,2.688411041162908
6736,131586,1,1,2.711053006350994
6737,131587,1,0,2.703739970456809
6738,131588,1,0,2.7045710012316704
6739,131589,1,0,2.6797750033438206
6740,131590,1,0,2.69068602938205
6741,131591,1,0,2.7105429908260703
6742,131592,1,0,2.680626988876611
6743,131593,1,0,2.691066008992493
6744,131594,1,0,2.703628968447447
6745,131595,1,0,2.6891930028796196
6746,131596,1,0,2.6768899988383055
6747,131597,1,0,2.825545030646026
6748,131598,1,0,2.6949429884552956
6749,131599,1,0,2.6982490089721978
6750,131600,1,0,2.6901140226982534
6751,131601,1,0,2.6981690316461027
6752,131602,1,0,2.7010339545086026
6753,131603,1,1,2.692798967473209
6754,131604,1,0,2.6842040242627263
6755,131605,1,0,2.698038995731622
6756,131606,1,0,2.740738040301949
6757,131607,1,0,2.7367010479792953
6758,131608,1,0,2.676178002730012
6759,131609,1,0,2.6910159504041076
6760,131610,1,0,2.692349022254348
6761,131611,1,0,2.6877400232478976
6762,131612,1,0,2.6925489655695856
6763,131613,1,0,2.700181968975812
6764,131614,1,0,2.6958249509334564
6765,131615,1,0,2.6757580344565213
6766,131616,1,0,2.698539989069104
6767,131617,1,0,2.69081600708887
6768,131618,1,0,2.690494991838932
6769,131619,1,0,2.688491018489003
6770,131620,1,1,2.699300996027887
6771,131621,1,0,2.7040099957957864
6772,131622,1,0,2.6711589889600873
6773,131623,1,0,2.699862001463771
6774,131624,1,0,2.821907983161509
6775,131625,1,0,2.6993410428985953
6776,131626,1,0,2.6731530088
6777,131627,1,0,2.695714996661991
6778,131628,1,0,2.6978179812431335
6779,131629,1,0,2.6821300270967185
6780,131630,1,0,2.677812008187175
6781,131631,1,0,2.6949230232276022
6782,131632,1,0,2.7016859967261553
6783,131633,1,0,2.6898839860223234
6784,131634,1,0,2.6943329721689224
6785,131635,1,0,2.7051129727624357
6786,131636,1,0,2.7026779716834426
6787,131637,1,1,2.6894230395555496
6788,131638,1,0,2.700914046727121
6789,131639,1,0,2.7033789665438235
6790,131640,1,0,2.6945529971271753
6791,131641,1,0,2.679533965419978
6792,131642,1,0,2.698600001167506
6793,131643,1,0,2.69202800700441
6794,131644,1,0,2.681968966498971
6795,131645,1,0,2.678491990081966
6796,131646,1,0,2.691658039111644
6797,131647,1,0,2.7211420238018036
6798,131648,1,0,2.715090988203883
6799,131649,1,0,2.712997025810182
6800,131650,1,0,2.8205860289745033
6801,131651,1,0,2.6907349820248783
6802,131652,1,0,2.679585013538599
6803,131653,1,0,2.7390039758756757
6804,131654,1,1,2.69699702039361
6805,131655,1,0,2.701596007682383
6806,131656,1,0,2.6784029905684292
6807,131657,1,0,2.692278998438269
6808,131658,1,0,2.697718038689345
6809,131659,1,0,2.686537045519799
6810,131660,1,0,2.687941014301032
6811,131661,1,0,2.6987900491803885
6812,131662,1,0,2.6975180371664464
6813,131663,1,0,2.681588986888528
6814,131664,1,0,2.690494991838932
6815,131665,1,0,2.696065988857299
6816,131666,1,0,2.6692950050346553
6817,131667,1,0,2.6744460337795317
6818,131668,1,0,2.711304055992514
6819,131669,1,0,2.6909559965133667
6820,131670,1,0,2.6846640394069254
6821,131671,1,1,2.697979041840881
6822,131672,1,0,2.6955950306728482
6823,131673,1,0,2.6899540098384023
6824,131674,1,0,2.683372003957629
6825,131675,1,0,2.6922780089080334
6826,131676,1,0,2.6958549860864878
6827,131677,1,0,2.822399022988975
6828,131678,1,0,2.6852249866351485
6829,131679,1,0,2.7003729483112693
6830,131680,1,0,2.692599024157971
6831,131681,1,0,2.679814992006868
6832,131682,1,0,2.6808269903995097
6833,131683,1,0,2.691035973839462
6834,131684,1,0,2.696365991141647
6835,131685,1,0,2.680575998965651
6836,131686,1,0,2.6960550458170474
6837,131687,1,0,2.689483982976526
6838,131688,1,1,2.682118967641145
6839,131689,1,0,2.6798449689522386
6840,131690,1,0,2.6862979866564274
6841,131691,1,0,2.692718990147114
6842,131692,1,0,2.6865179534070194
6843,131693,1,0,2.7056229882873595
6844,131694,1,0,2.7024970040656626
6845,131695,1,0,2.6810469571501017
6846,131696,1,0,2.681819023564458
6847,131697,1,0,2.6896530180238187
6848,131698,1,0,2.6907860301434994
6849,131699,1,0,2.6925989659503102
6850,131700,1,0,2.696025010664016
6851,131701,1,0,2.6938910013996065
6852,131702,1,0,2.6912559987977147
6853,131703,1,0,2.803293988108635
6854,131704,1,0,2.693270973395556
6855,131705,1,1,2.6902249664999545
6856,131706,1,0,2.708397980313748
6857,131707,1,0,2.6833319570869207
6858,131708,1,0,2.6896639610640705
6859,131709,1,0,2.6966360164806247
6860,131710,1,0,2.683833008632064
6861,131711,1,0,2.6861070073209703
6862,131712,1,0,2.694341994356364
6863,131713,1,0,2.691686968319118
6864,131714,1,0,2.6758380117826164
6865,131715,1,0,2.697809017263353
6866,131716,1,0,2.705672988668084
6867,131717,1,0,2.683992963284254
6868,131718,1,0,2.673574024811387
6869,131719,1,0,2.6964059798046947
6870,131720,1,0,2.6935009518638253
6871,131721,1,0,2.6852049631997943
6872,131722,1,1,2.6917769573628902
6873,131723,1,0,2.8999840142205358
6874,131724,1,0,2.6945630088448524
6875,131725,1,0,2.6901349774561822
6876,131726,1,0,2.6851859875023365
6877,131727,1,0,2.6971070328727365
6878,131728,1,0,2.697658957913518
6879,131729,1,0,2.6877399650402367
6880,131730,1,0,2.821528003551066
6881,131731,1,0,2.692999958526343
6882,131732,1,0,2.6990299811586738
6883,131733,1,0,2.6849840069189668
6884,131734,1,0,2.6924789999611676
6885,131735,1,0,2.687438973225653
6886,131736,1,0,2.67853302648291
6887,131737,1,0,2.670197980478406
6888,131738,1,0,2.6913370238617063
6889,131739,1,1,2.7011940255761147
6890,131740,1,0,2.7019960107281804
6891,131741,1,0,2.691116009373218
6892,131742,1,0,2.6913670008070767
6893,131743,1,0,2.677930984646082
6894,131744,1,0,2.694262017030269
6895,131745,1,0,2.6946230209432542
6896,131746,1,0,2.69321002997458
6897,131747,1,0,2.7348269941285253
6898,131748,1,0,2.6855850010178983
6899,131749,1,0,2.7045210008509457
6900,131750,1,0,2.687269006855786
6901,131751,1,0,2.6755069848150015
6902,131752,1,0,2.694973023608327
6903,131753,1,0,2.692818990908563
6904,131754,1,0,2.697777992580086
6905,131755,1,0,2.676278993021697
6906,131756,1,1,2.816729014739394
6907,131757,1,0,2.6866880361922085
6908,131758,1,0,2.685375977307558
6909,131759,1,0,2.674826013389975
6910,131760,1,0,2.703198988456279
6911,131761,1,0,2.6970370090566576
6912,131762,1,0,2.678463002666831
6913,131763,1,0,2.6883509708568454
6914,131764,1,0,2.705021994188428
6915,131765,1,0,2.6951839681714773
6916,131766,1,0,2.6808069669641554
6917,131767,1,0,2.703530015423894
6918,131768,1,0,2.7033580117858946
6919,131769,1,0,2.6910059968940914
6920,131770,1,0,2.6925490237772465
6921,131771,1,0,2.6964859571307898
6922,131772,1,0,2.6975079672411084
6923,131773,1,1,2.687619999051094
6924,131774,1,0,2.7061239816248417
6925,131775,1,0,2.6999630499631166
6926,131776,1,0,2.6953339693136513
6927,131777,1,0,2.674465999007225
6928,131778,1,0,2.705822989810258
6929,131779,1,0,2.7284450479783118
6930,131780,1,0,2.6821789797395468
6931,131781,1,0,2.698759955819696
6932,131782,1,0,2.7739189681597054
6933,131783,1,0,2.8430380043573678
6934,131784,1,0,2.7114429976791143
6935,131785,1,0,2.6812879950739443
6936,131786,1,0,2.7282549999654293
6937,131787,1,0,2.7253400185145438
6938,131788,1,0,2.700864046346396
6939,131789,1,0,2.6841540238820016
6940,131790,1,1,2.704610989894718
6941,131791,1,0,2.7041599969379604
6942,131792,1,0,2.6875800103880465
6943,131793,1,0,2.713857975322753
6944,131794,1,0,2.8179609798826277
6945,131795,1,0,2.7056430117227137
6946,131796,1,0,2.6872589951381087
6947,131797,1,0,2.678112010471523
6948,131798,1,0,2.7025979943573475
6949,131799,1,0,2.6957449736073613
6950,131800,1,0,2.680847013834864
6951,131801,1,0,2.7496250113472342
6952,131802,1,0,2.71682400489226
6953,131803,1,0,2.7384639834053814
6954,131804,1,0,2.686908992473036
6955,131805,1,0,2.7041099965572357
6956,131806,1,0,2.6961760013364255
6957,131807,1,1,2.6959749520756304
6958,131808,1,0,2.6739549939520657
6959,131809,1,0,2.8174500330351293
6960,131810,1,0,2.6901839883066714
6961,131811,1,0,2.684703969862312
6962,131812,1,0,2.6749360258691013
6963,131813,1,0,2.699661999940872
6964,131814,1,0,2.706144005060196
6965,131815,1,0,2.6908760191872716
6966,131816,1,0,2.6773010031320155
6967,131817,1,0,2.6953640044666827
6968,131818,1,0,2.6966060395352542
6969,131819,1,0,2.6847340050153434
6970,131820,1,0,2.7091600350104272
6971,131821,1,0,2.7037590043619275
6972,131822,1,0,2.6879299548454583
6973,131823,1,0,2.684854029212147
6974,131824,1,1,2.6947830338031054
6975,131825,1,0,2.703750040382147
6976,131826,1,0,2.6864679530262947
6977,131827,1,0,2.6814889861270785
6978,131828,1,0,2.6950439787469804
6979,131829,1,0,2.699011005461216
6980,131830,1,0,2.679645025637001
6981,131831,1,0,2.6876400224864483
6982,131832,1,0,2.6946430443786085
6983,131833,1,0,2.699773001950234
6984,131834,1,0,2.6732829865068197
6985,131835,1,0,2.690244000405073
6986,131836,1,0,2.819193003233522
6987,131837,1,0,2.6877400232478976
6988,131838,1,0,2.6799759943969548
6989,131839,1,0,2.6952840271405876
6990,131840,1,0,2.7347870054654777
6991,131841,1,0,2.694533031899482
6992,131842,1,1,2.686568011995405
6993,131843,1,0,2.694463008083403
6994,131844,1,0,2.6907059946097434
6995,131845,1,0,2.674476010724902
6996,131846,1,0,2.6938309893012047
6997,131847,1,0,2.6895839837379754
6998,131848,1,0,2.6838629855774343
6999,131849,1,0,2.6879000361077487
7000,131850,1,0,2.698240044992417
7001,131851,1,0,2.684655017219484
7002,131852,1,0,2.684655017219484
7003,131853,1,0,2.693710965104401
7004,131854,1,0,2.688080014195293
7005,131855,1,0,2.6813779841177166
7006,131856,1,0,2.6844440144486725
7007,131857,1,0,2.6994110085070133
7008,131858,1,0,2.7088389615528286
7009,131859,1,1,2.688822045456618
7010,131860,1,0,2.6989809703081846
7011,131861,1,0,2.701414981856942
7012,131862,1,0,2.8234110213816166
7013,131863,1,0,2.6753569836728275
7014,131864,1,0,2.6958450325764716
7015,131865,1,0,2.6919280062429607
7016,131866,1,0,2.687459986191243
7017,131867,1,0,2.6808379916474223
7018,131868,1,0,2.6966860168613493
7019,131869,1,0,2.6910859742201865
7020,131870,1,0,2.6861769729293883
7021,131871,1,0,2.6836319593712687
7022,131872,1,0,2.697749005164951
7023,131873,1,0,2.695243980269879
7024,131874,1,0,2.675766998436302
7025,131875,1,0,2.7006439631804824
7026,131876,1,1,2.692238020244986
7027,131877,1,0,2.6865280233323574
7028,131878,1,0,2.683211991097778
7029,131879,1,0,2.6947730220854282
7030,131880,1,0,2.7030690107494593
7031,131881,1,0,2.6897829957306385
7032,131882,1,0,2.693219983484596
7033,131883,1,0,2.6912559987977147
7034,131884,1,0,2.6775409933179617
7035,131885,1,0,2.6719809975475073
7036,131886,1,0,2.684955019503832
7037,131887,1,0,2.686808002181351
7038,131888,1,0,2.6879499782808125
7039,131889,1,0,2.8112090076319873
7040,131890,1,0,2.6956949732266366
7041,131891,1,0,2.698178985156119
7042,131892,1,0,2.6850340072996914
7043,131893,1,1,2.6893930044025183
7044,131894,1,0,2.691836969461292
7045,131895,1,0,2.685596002265811
7046,131896,1,0,2.6780720218084753
7047,131897,1,0,2.693411021027714
7048,131898,1,0,2.698289987165481
7049,131899,1,0,2.6699270238168538
7050,131900,1,0,2.686858002562076
7051,131901,1,0,2.690784982405603
7052,131902,1,0,2.6841629878617823
7053,131903,1,0,2.677229989785701
7054,131904,1,0,2.6964159915223718
7055,131905,1,0,2.6979990070685744
7056,131906,1,0,2.675588009878993
7057,131907,1,0,2.685045008547604
7058,131908,1,0,2.690916007850319
7059,131909,1,0,2.6840330101549625
7060,131910,1,1,2.677962009329349
7061,131911,1,0,2.6938709779642522
7062,131912,1,0,2.698871016036719
7063,131913,1,0,2.690484980121255
7064,131914,1,0,2.6897239731624722
7065,131915,1,0,2.824192983098328
7066,131916,1,0,2.6900339871644974
7067,131917,1,0,2.689153014216572
7068,131918,1,0,2.6888319989666343
7069,131919,1,0,2.6954940403811634
7070,131920,1,0,2.7031379868276417
7071,131921,1,0,2.6762589695863426
7072,131922,1,0,2.6962150004692376
7073,131923,1,0,2.6977089582942426
7074,131924,1,0,2.6824100059457123
7075,131925,1,0,2.677912008948624
7076,131926,1,0,2.6925490237772465
7077,131927,1,1,2.6974669890478253
7078,131928,1,0,2.7163929771631956
7079,131929,1,0,2.697187999729067
7080,131930,1,0,2.692369045689702
7081,131931,1,0,2.688701031729579
7082,131932,1,0,2.6732829865068197
7083,131933,1,0,2.695614006370306
7084,131934,1,0,2.7346870047040284
7085,131935,1,0,2.6790639967657626
7086,131936,1,0,2.69442202989012
7087,131937,1,0,2.6871480513364077
7088,131938,1,0,2.6926990249194205
7089,131939,1,0,2.6896329945884645
7090,131940,1,0,2.6922880206257105
7091,131941,1,0,2.6976990047842264
7092,131942,1,0,2.8245230205357075
7093,131943,1,0,2.683742030058056
7094,131944,1,1,2.6992910425178707
7095,131945,1,0,2.692579000722617
7096,131946,1,0,2.688470995053649
7097,131947,1,0,2.6737540028989315
7098,131948,1,0,2.694272028747946
7099,131949,1,0,2.6957649970427155
7100,131950,1,0,2.6819799677468836
7101,131951,1,0,2.692808979190886
7102,131952,1,0,2.6859769714064896
7103,131953,1,0,2.695735020097345
7104,131954,1,0,2.6776010054163635
7105,131955,1,0,2.7051729848608375
7106,131956,1,0,2.7017059619538486
7107,131957,1,0,2.6835729950107634
7108,131958,1,0,2.792924002278596
7109,131959,1,0,2.689634042326361
7110,131960,1,0,2.6931199827231467
7111,131961,1,1,2.6836320175789297
7112,131962,1,0,2.682881022337824
7113,131963,1,0,2.690916007850319
7114,131964,1,0,2.713457972276956
7115,131965,1,0,2.680397010408342
7116,131966,1,0,2.6987200253643095
7117,131967,1,0,2.698128984775394
7118,131968,1,0,2.824032970238477
7119,131969,1,0,2.672712958883494
7120,131970,1,0,2.694923954550177
7121,131971,1,0,2.694122027605772
7122,131972,1,0,2.714349015150219
7123,131973,1,0,2.681128040421754
7124,131974,1,0,2.7475999668240547
7125,131975,1,0,2.711224020458758
7126,131976,1,0,2.6897829957306385
7127,131977,1,0,2.6960959658026695
7128,131978,1,1,2.7056830003857613
7129,131979,1,0,2.705042017623782
7130,131980,1,0,2.693060028832406
7131,131981,1,0,2.7843990246765316
7132,131982,1,0,2.696426003240049
7133,131983,1,0,2.6977689703926444
7134,131984,1,0,2.6846539694815874
7135,131985,1,0,2.704070007894188
7136,131986,1,0,2.7176449657417834
7137,131987,1,0,2.6969669852405787
7138,131988,1,0,2.671540016308427
7139,131989,1,0,2.694902999792248
7140,131990,1,0,2.693440008442849
7141,131991,1,0,2.6783219655044377
7142,131992,1,0,2.6905949926003814
7143,131993,1,0,2.6915170019492507
7144,131994,1,0,2.6905949926003814
7145,131995,1,1,2.8031039983034134
7146,131996,1,0,2.6799150509759784
7147,131997,1,0,2.6949329767376184
7148,131998,1,0,2.6848340057767928
7149,131999,1,0,2.6670810184441507
7150,132000,1,0,2.6927590370178223
7151,132001,1,0,2.6854450115934014
7152,132002,1,0,2.677851007319987
7153,132003,1,0,2.6853049639612436
7154,132004,1,0,2.689713961444795
7155,132005,1,0,2.6891030138358474
7156,132006,1,0,2.672020986210555
7157,132007,1,0,2.686157007701695
7158,132008,1,0,2.686637977603823
7159,132009,1,0,2.6803259970620275
7160,132010,1,0,2.7024479932151735
7161,132011,1,0,2.698048949241638
7162,132012,1,1,2.6877300115302205
7163,132013,1,0,2.672801958397031
7164,132014,1,0,2.693440008442849
7165,132015,1,0,2.6860060170292854
7166,132016,1,0,2.680847013834864
7167,132017,1,0,2.700273005757481
7168,132018,1,0,2.6987100136466324
7169,132019,1,0,2.692397974897176
7170,132020,1,0,2.6771200355142355
7171,132021,1,0,2.8247039881534874
7172,132022,1,0,2.6921179960481822
7173,132023,1,0,2.69606604706496
7174,132024,1,0,2.677501004654914
7175,132025,1,0,2.693690999876708
7176,132026,1,0,2.6947829755954444
7177,132027,1,0,2.675606985576451
7178,132028,1,0,2.687749976757914
7179,132029,1,1,2.6947130099870265
7180,132030,1,0,2.6855350006371737
7181,132031,1,0,2.6604500017128885
7182,132032,1,0,2.682400052435696
7183,132033,1,0,2.685707004275173
7184,132034,1,0,2.683731960132718
7185,132035,1,0,2.705021994188428
7186,132036,1,0,2.721593016758561
7187,132037,1,0,2.694010967388749
7188,132038,1,0,2.6801159838214517
7189,132039,1,0,2.707756997551769
7190,132040,1,0,2.692038018722087
7191,132041,1,0,2.701035002246499
7192,132042,1,0,2.677551005035639
7193,132043,1,0,2.7378530357964337
7194,132044,1,0,2.7321730158291757
7195,132045,1,0,2.74020794313401
7196,132046,1,1,2.7707439730875194
7197,132047,1,0,2.7797999791800976
7198,132048,1,0,2.9080379754304886
7199,132049,1,0,2.745486970525235
7200,132050,1,0,2.7257510228082538
7201,132051,1,0,2.7253400185145438
7202,132052,1,0,2.7699419879354537
7203,132053,1,0,2.772766980342567
7204,132054,1,0,2.7213720022700727
7205,132055,1,0,2.7340459637343884
7206,132056,1,0,2.752769971266389
7207,132057,1,0,2.7025979943573475
7208,132058,1,0,2.7193379937671125
7209,132059,1,0,2.704711048863828
7210,132060,1,0,2.727994986344129
7211,132061,1,0,2.7746710111387074
7212,132062,1,0,2.737722999881953
7213,132063,1,1,2.7755829505622387
7214,132064,1,0,2.7649729745462537
7215,132065,1,0,2.7582800248637795
7216,132066,1,0,2.780982991680503
7217,132067,1,0,2.7151209651492536
7218,132068,1,0,2.7390149771235883
7219,132069,1,0,2.6773909921757877
7220,132070,1,0,2.724678022786975
7221,132071,1,0,2.745346981100738
7222,132072,1,0,2.772476989775896
7223,132073,1,0,2.736961003392935
7224,132074,1,0,2.8108180267736316
7225,132075,1,0,2.708528016228229
7226,132076,1,0,2.6883509708568454
7227,132077,1,0,2.6861769729293883
7228,132078,1,0,2.6853149756789207
7229,132079,1,0,2.699561999179423
7230,132080,1,1,2.696436014957726
7231,132081,1,0,2.672762027941644
7232,132082,1,0,2.6924380217678845
7233,132083,1,0,2.693359972909093
7234,132084,1,0,2.677550946827978
7235,132085,1,0,2.697698015253991
7236,132086,1,0,2.696576004382223
7237,132087,1,0,2.687348984181881
7238,132088,1,0,2.671139023732394
7239,132089,1,0,2.690895984414965
7240,132090,1,0,2.6909360312856734
7241,132091,1,0,2.691275964025408
7242,132092,1,0,2.685355022549629
7243,132093,1,0,2.6981689734384418
7244,132094,1,0,2.69202800700441
7245,132095,1,0,2.6781019987538457
7246,132096,1,0,2.6899540098384023
7247,132097,1,1,2.6892019668594003
7248,132098,1,0,2.677662007045001
7249,132099,1,0,2.666641026735306
7250,132100,1,0,2.6935600326396525
7251,132101,1,0,2.8124809614382684
7252,132102,1,0,2.6797550381161273
7253,132103,1,0,2.685216022655368
7254,132104,1,0,2.706303959712386
7255,132105,1,0,2.694121969398111
7256,132106,1,0,2.6742549962364137
7257,132107,1,0,2.6937209768220782
7258,132108,1,0,2.6981689734384418
7259,132109,1,0,2.694763010367751
7260,132110,1,0,2.6745859649963677
7261,132111,1,0,2.701686054933816
7262,132112,1,0,2.693971968255937
7263,132113,1,0,2.678201999515295
7264,132114,1,1,2.7009950135834515
7265,132115,1,0,2.6946429861709476
7266,132116,1,0,2.693018992431462
7267,132117,1,0,2.677490992937237
7268,132118,1,0,2.6941720279864967
7269,132119,1,0,2.696856972761452
7270,132120,1,0,2.6898939977400005
7271,132121,1,0,2.69444304285571
7272,132122,1,0,2.745767997112125
7273,132123,1,0,2.7003929717466235
7274,132124,1,0,2.6847149711102247
7275,132125,1,0,2.6965860160999
7276,132126,1,0,2.692840003874153
7277,132127,1,0,2.8200550004839897
7278,132128,1,0,2.682049002032727
7279,132129,1,0,2.6893430040217936
7280,132130,1,0,2.6983589632436633
7281,132131,1,1,2.692038018722087
7282,132132,1,0,2.6732130208984017
7283,132133,1,0,2.690705005079508
7284,132134,1,0,2.69537401618436
7285,132135,1,0,2.6752259582281113
7286,132136,1,0,2.6840829523280263
7287,132137,1,0,2.691276022233069
7288,132138,1,0,2.6962559786625206
7289,132139,1,0,2.6706079952418804
7290,132140,1,0,2.702186000533402
7291,132141,1,0,2.706774976104498
7292,132142,1,0,2.687539963517338
7293,132143,1,0,2.6810679701156914
7294,132144,1,0,2.7036499814130366
7295,132145,1,0,2.909190021455288
7296,132146,1,0,2.6926990249194205
7297,132147,1,0,2.6951939798891544
7298,132148,1,0,2.698188996873796
7299,132149,1,1,2.7281450456939638
7300,132150,1,0,2.691547037102282
7301,132151,1,0,2.6789639960043132
7302,132152,1,0,2.7017659740522504
7303,132153,1,0,2.70173599710688
7304,132154,1,0,2.8196449857205153
7305,132155,1,0,2.6741140172816813
7306,132156,1,0,2.6957049849443138
7307,132157,1,0,2.686988969799131
7308,132158,1,0,2.679163997527212
7309,132159,1,0,2.6949230232276022
7310,132160,1,0,2.6966360164806247
7311,132161,1,0,2.6892220485024154
7312,132162,1,0,2.673303009942174
7313,132163,1,0,2.693952003028244
7314,132164,1,0,2.7032989892177284
7315,132165,1,0,2.6937919901683927
7316,132166,1,1,2.685766026843339
7317,132167,1,0,2.695954986847937
7318,132168,1,0,2.7305189869366586
7319,132169,1,0,2.6773710269480944
7320,132170,1,0,2.7000019908882678
7321,132171,1,0,2.7063940069638193
7322,132172,1,0,2.6846040273085237
7323,132173,1,0,2.678331977222115
7324,132174,1,0,2.704311045818031
7325,132175,1,0,2.6970370090566576
7326,132176,1,0,2.6857859920710325
7327,132177,1,0,2.6935909991152585
7328,132178,1,0,2.7364909765310585
7329,132179,1,0,2.7014350052922964
7330,132180,1,0,2.8143749805167317
7331,132181,1,0,2.6875199982896447
7332,132182,1,0,2.695603994652629
7333,132183,1,1,2.6875389739871025
7334,132184,1,0,2.6786630041897297
7335,132185,1,0,2.691285975743085
7336,132186,1,0,2.6950130122713745
7337,132187,1,0,2.6819899794645607
7338,132188,1,0,2.677560958545655
7339,132189,1,0,2.6922390097752213
7340,132190,1,0,2.6876699994318187
7341,132191,1,0,2.676678996067494
7342,132192,1,0,2.7326929848641157
7343,132193,1,0,2.697878982871771
7344,132194,1,0,2.6867679553106427
7345,132195,1,0,2.6729520177468657
7346,132196,1,0,2.694853988941759
7347,132197,1,0,2.697398012969643
7348,132198,1,0,2.6814379962161183
7349,132199,1,0,2.6813680306077003
7350,132200,1,1,2.6863369857892394
7351,132201,1,0,2.6853960007429123
7352,132202,1,0,2.67477601300925
7353,132203,1,0,2.694412018172443
7354,132204,1,0,2.692407986614853
7355,132205,1,0,2.6872489834204316
7356,132206,1,0,2.6851550210267305
7357,132207,1,0,2.832858997862786
7358,132208,1,0,2.701446006540209
7359,132209,1,0,2.6853649760596454
7360,132210,1,0,2.6874489849433303
7361,132211,1,0,2.6942919939756393
7362,132212,1,0,2.6838930207304657
7363,132213,1,0,2.6889419532381
7364,132214,1,0,2.692889014724642
7365,132215,1,0,2.7462479774840176
7366,132216,1,0,2.693229995202273
7367,132217,1,1,2.675738011021167
7368,132218,1,0,2.687609987333417
7369,132219,1,0,2.690705005079508
7370,132220,1,0,2.6779220206663013
7371,132221,1,0,2.686497988179326
7372,132222,1,0,2.695935021620244
7373,132223,1,0,2.685385989025235
7374,132224,1,0,2.673292998224497
7375,132225,1,0,2.6947929873131216
7376,132226,1,0,2.69151694374159
7377,132227,1,0,2.6722809998318553
7378,132228,1,0,2.6853950112126768
7379,132229,1,0,2.7007239987142384
7380,132230,1,0,2.6910260203294456
7381,132231,1,0,2.672211965546012
7382,132232,1,0,2.6901550008915365
7383,132233,1,0,2.825295028742403
7384,132234,1,1,2.6895630289800465
7385,132235,1,0,2.6664900360628963
7386,132236,1,0,2.6910760207101703
7387,132237,1,0,2.6876499759964645
7388,132238,1,0,2.6802660431712866
7389,132239,1,0,2.6901140226982534
7390,132240,1,0,2.6941620162688196
7391,132241,1,0,2.6908150175586343
7392,132242,1,0,2.6738139567896724
7393,132243,1,0,2.7012149803340435
7394,132244,1,0,2.7058639680035412
7395,132245,1,0,2.680014993529767
7396,132246,1,0,2.68741900799796
7397,132247,1,0,2.6959950337186456
7398,132248,1,0,2.691426023375243
7399,132249,1,0,2.668173983693123
7400,132250,1,0,2.6926290011033416
7401,132251,1,1,2.699651988223195
7402,132252,1,0,2.682941034436226
7403,132253,1,0,2.6894930051639676
7404,132254,1,0,2.6885310071520507
7405,132255,1,0,2.6901349774561822
7406,132256,1,0,2.683201979380101
7407,132257,1,0,2.6910360320471227
7408,132258,1,0,2.702647994738072
7409,132259,1,0,2.696285955607891
7410,132260,1,0,2.818663022480905
7411,132261,1,0,2.70873901899904
7412,132262,1,0,2.744716010056436
7413,132263,1,0,2.698370022699237
7414,132264,1,0,2.679654979147017
7415,132265,1,0,2.704882004763931
7416,132266,1,0,2.699181030038744
7417,132267,1,0,2.6997620007023215
7418,132268,1,1,2.692658978048712
7419,132269,1,0,2.701104967854917
7420,132270,1,0,2.6934309862554073
7421,132271,1,0,2.6822600048035383
7422,132272,1,0,2.6926290011033416
7423,132273,1,0,2.6999719557352364
7424,132274,1,0,2.6933810440823436
7425,132275,1,0,2.672420989256352
7426,132276,1,0,2.70132499281317
7427,132277,1,0,2.69419199321419
7428,132278,1,0,2.701495017390698
7429,132279,1,0,2.672120986972004
7430,132280,1,0,2.699311007745564
7431,132281,1,0,2.6918870280496776
7432,132282,1,0,2.6903949910774827
7433,132283,1,0,2.6956350193358958
7434,132284,1,0,2.6939919916912913
7435,132285,1,1,2.6936010108329356
7436,132286,1,0,2.805447031278163
7437,132287,1,0,2.6901239762082696
7438,132288,1,0,2.7004029834643006
7439,132289,1,0,2.6907160063274205
7440,132290,1,0,2.674665010999888
7441,132291,1,0,2.694313006941229
7442,132292,1,0,2.6945730205625296
7443,132293,1,0,2.7050520293414593
7444,132294,1,0,2.7089400100521743
7445,132295,1,0,2.696487004868686
7446,132296,1,0,2.6958450325764716
7447,132297,1,0,2.6902639656327665
7448,132298,1,0,2.715712005738169
7449,132299,1,0,2.706022991333157
7450,132300,1,0,2.736079040914774
7451,132301,1,0,2.6807470130734146
7452,132302,1,1,2.697076997719705
7453,132303,1,0,2.706484985537827
7454,132304,1,0,2.6879599899984896
7455,132305,1,0,2.6838829508051276
7456,132306,1,0,2.691116009373218
7457,132307,1,0,2.6987799792550504
7458,132308,1,0,2.6875199982896447
7459,132309,1,0,2.7008739998564124
7460,132310,1,0,2.696065988857299
7461,132311,1,0,2.6936510112136602
7462,132312,1,0,2.6820790371857584
7463,132313,1,0,2.8098560287617147
7464,132314,1,0,2.7013850049115717
7465,132315,1,0,2.6966769946739078
7466,132316,1,0,2.680616977158934
7467,132317,1,0,2.699942036997527
7468,132318,1,0,2.696805982850492
7469,132319,1,1,2.6927400031127036
7470,132320,1,0,2.6923990226350725
7471,132321,1,0,2.700282959267497
7472,132322,1,0,2.6880500372499228
7473,132323,1,0,2.6835729950107634
7474,132324,1,0,2.7010850026272237
7475,132325,1,0,2.702606958337128
7476,132326,1,0,2.697828982491046
7477,132327,1,0,2.680767036508769
7478,132328,1,0,2.7007340104319155
7479,132329,1,0,2.694091002922505
7480,132330,1,0,2.685135987121612
7481,132331,1,0,2.6934199850074947
7482,132332,1,0,2.723204961512238
7483,132333,1,0,2.7105119661428034
7484,132334,1,0,2.6931000174954534
7485,132335,1,0,2.707387029659003
7486,132336,1,1,2.7083479799330235
7487,132337,1,0,2.7050419594161212
7488,132338,1,0,2.6796150486916304
7489,132339,1,0,2.827538992278278
7490,132340,1,0,2.7058430132456124
7491,132341,1,0,2.7062250301241875
7492,132342,1,0,2.676529053132981
7493,132343,1,0,2.706475032027811
7494,132344,1,0,2.706283994484693
7495,132345,1,0,2.6886609848588705
7496,132346,1,0,2.676209027413279
7497,132347,1,0,2.696515992283821
7498,132348,1,0,2.6919980300590396
7499,132349,1,0,2.6853250456042588
7500,132350,1,0,2.6909260195679963
7501,132351,1,0,2.6929990272037685
7502,132352,1,0,2.705432998482138
7503,132353,1,1,2.674686023965478
7504,132354,1,0,2.698558964766562
7505,132355,1,0,2.7073660166934133
7506,132356,1,0,2.7566279750317335
7507,132357,1,0,2.7185470098629594
7508,132358,1,0,2.700142969843
7509,132359,1,0,2.710171975195408
7510,132360,1,0,2.696805982850492
7511,132361,1,0,2.71921802777797
7512,132362,1,0,2.7125559863634408
7513,132363,1,0,2.693721035029739
7514,132364,1,0,2.687568950932473
7515,132365,1,0,2.72936699911952
7516,132366,1,0,2.8253250056877732
7517,132367,1,0,2.7320319786667824
7518,132368,1,0,2.7063440065830946
7519,132369,1,0,2.6808970142155886
7520,132370,1,1,2.711693989112973
7521,132371,1,0,2.7271629660390317
7522,132372,1,0,2.698959957342595
7523,132373,1,0,2.6876790216192603
7524,132374,1,0,2.7052120422013104
7525,132375,1,0,2.7067249757237732
7526,132376,1,0,2.6852849987335503
7527,132377,1,0,2.700844022911042
7528,132378,1,0,2.7064550085924566
7529,132379,1,0,2.691777015570551
7530,132380,1,0,2.6736140134744346
7531,132381,1,0,2.6873289607465267
7532,132382,1,0,2.6957649970427155
7533,132383,1,0,2.685034996829927
7534,132384,1,0,2.7025979943573475
7535,132385,1,0,2.7644720394164324
7536,132386,1,0,2.6870480505749583
7537,132387,1,1,2.6795350131578743
7538,132388,1,0,2.6933099725283682
7539,132389,1,0,2.691285975743085
7540,132390,1,0,2.6790639967657626
7541,132391,1,0,2.675696974620223
7542,132392,1,0,2.8109780396334827
7543,132393,1,0,2.6837519835680723
7544,132394,1,0,2.6800259947776794
7545,132395,1,0,2.691177011001855
7546,132396,1,0,2.701245015487075
7547,132397,1,0,2.692959038540721
7548,132398,1,0,2.685835992451757
7549,132399,1,0,2.693561022169888
7550,132400,1,0,2.688821987248957
7551,132401,1,0,2.6794050354510546
7552,132402,1,0,2.6715800049714744
7553,132403,1,0,2.735949994530529
7554,132404,1,1,2.7004139847122133
7555,132405,1,0,2.6833920273929834
7556,132406,1,0,2.691477013286203
7557,132407,1,0,2.698049007449299
7558,132408,1,0,2.687780011910945
7559,132409,1,0,2.672341011930257
7560,132410,1,0,2.687780011910945
7561,132411,1,0,2.687780011910945
7562,132412,1,0,2.678233024198562
7563,132413,1,0,2.678272023331374
7564,132414,1,0,2.691976958885789
7565,132415,1,0,2.6948829763568938
7566,132416,1,0,2.6783819776028395
7567,132417,1,0,2.694392984267324
7568,132418,1,0,2.6852559531107545
7569,132419,1,0,2.8210769523866475
7570,132420,1,0,2.685525978449732
7571,132421,1,1,2.7160529862158
7572,132422,1,0,2.6935210335068405
7573,132423,1,0,2.680547011550516
7574,132424,1,0,2.706555009353906
7575,132425,1,0,2.6916470378637314
7576,132426,1,0,2.6949229650199413
7577,132427,1,0,2.684784005396068
7578,132428,1,0,2.693620976060629
7579,132429,1,0,2.6939009549096227
7580,132430,1,0,2.686477964743972
7581,132431,1,0,2.6749869575724006
7582,132432,1,0,2.682960999663919
7583,132433,1,0,2.6866780244745314
7584,132434,1,0,2.6777119492180645
7585,132435,1,0,2.7009350014850497
7586,132436,1,0,2.6877999771386385
7587,132437,1,0,2.6914059999398887
7588,132438,1,1,2.6745760114863515
7589,132439,1,0,2.69740802468732
7590,132440,1,0,2.705182007048279
7591,132441,1,0,2.683933009393513
7592,132442,1,0,2.6902639656327665
7593,132443,1,0,2.700223005376756
7594,132444,1,0,2.6984699652530253
7595,132445,1,0,2.8008799999952316
7596,132446,1,0,2.687759988475591
7597,132447,1,0,2.733754983637482
7598,132448,1,0,2.7192580164410174
7599,132449,1,0,2.6829109992831945
7600,132450,1,0,2.7453870279714465
7601,132451,1,0,2.69339099759236
7602,132452,1,0,2.690575027372688
7603,132453,1,0,2.676368982065469
7604,132454,1,0,2.691116009373218
7605,132455,1,1,2.6845139800570905
7606,132456,1,0,2.6852849987335503
7607,132457,1,0,2.6922280085273087
7608,132458,1,0,2.7039499836973846
7609,132459,1,0,2.699531032703817
7610,132460,1,0,2.686016960069537
7611,132461,1,0,2.6908350409939885
7612,132462,1,0,2.704530954360962
7613,132463,1,0,2.699100994504988
7614,132464,1,0,2.67611799063161
7615,132465,1,0,2.6975380023941398
7616,132466,1,0,2.69243901129812
7617,132467,1,0,2.687108004465699
7618,132468,1,0,2.693841001018882
7619,132469,1,0,2.693079994060099
7620,132470,1,0,2.693791000638157
7621,132471,1,0,2.689143002498895
7622,132472,1,0,2.81436403747648
7623,132473,1,1,2.7454570517875254
7624,132474,1,0,2.697648014873266
7625,132475,1,0,2.6900539523921907
7626,132476,1,0,2.712857036385685
7627,132477,1,0,2.698289987165481
7628,132478,1,0,2.6999819674529135
7629,132479,1,0,2.676209027413279
7630,132480,1,0,2.6997019886039197
7631,132481,1,0,2.6950730243697762
7632,132482,1,0,2.6859670178964734
7633,132483,1,0,2.684334001969546
7634,132484,1,0,2.694262017030269
7635,132485,1,0,2.6905449922196567
7636,132486,1,0,2.66777299111709
7637,132487,1,0,2.6960359537042677
7638,132488,1,0,2.6953440392389894
7639,132489,1,0,2.681899000890553
7640,132490,1,1,2.6824999949894845
7641,132491,1,0,2.695203002076596
7642,132492,1,0,2.712977002374828
7643,132493,1,0,2.710963017307222
7644,132494,1,0,2.6871589943766594
7645,132495,1,0,2.699651988223195
7646,132496,1,0,2.696365991141647
7647,132497,1,0,2.7044510352425277
7648,132498,1,0,2.8173000318929553
7649,132499,1,0,2.6905559934675694
7650,132500,1,0,2.707756997551769
7651,132501,1,0,2.684013044927269
7652,132502,1,0,2.6973079657182097
7653,132503,1,0,2.6991309714503586
7654,132504,1,0,2.6928390143439174
7655,132505,1,0,2.695693983696401
7656,132506,1,0,2.689252025447786
7657,132507,1,1,2.7066150214523077
7658,132508,1,0,2.6923390105366707
7659,132509,1,0,2.6962559786625206
7660,132510,1,0,2.698488999158144
7661,132511,1,0,2.6956850197166204
7662,132512,1,0,2.7107829810120165
7663,132513,1,0,2.7215330046601593
7664,132514,1,0,2.6952940388582647
7665,132515,1,0,2.723406010773033
7666,132516,1,0,2.7235759771429002
7667,132517,1,0,2.7323620161041617
7668,132518,1,0,2.6968460297212005
7669,132519,1,0,2.6875199982896447
7670,132520,1,0,2.6858969940803945
7671,132521,1,0,2.6960449758917093
7672,132522,1,0,2.6935210335068405
7673,132523,1,0,2.6981689734384418
7674,132524,1,1,2.6914470363408327
7675,132525,1,0,2.8251850162632763
7676,132526,1,0,2.6987710152752697
7677,132527,1,0,2.6835420285351574
7678,132528,1,0,2.69256898900494
7679,132529,1,0,2.7029180200770497
7680,132530,1,0,2.6955739594995975
7681,132531,1,0,2.6763680507428944
7682,132532,1,0,2.694202004931867
7683,132533,1,0,2.7126470231451094
7684,132534,1,0,2.681277983356267
7685,132535,1,0,2.6900439988821745
7686,132536,1,0,2.715611015446484
7687,132537,1,0,2.7009350014850497
7688,132538,1,0,2.7021560235880315
7689,132539,1,0,2.6839119964279234
7690,132540,1,0,2.706363971810788
7691,132541,1,1,2.702217025216669
7692,132542,1,0,2.6716800057329237
7693,132543,1,0,2.695233968552202
7694,132544,1,0,2.748452010564506
7695,132545,1,0,2.684954961296171
7696,132546,1,0,2.685675979591906
7697,132547,1,0,2.695174014661461
7698,132548,1,0,2.698600001167506
7699,132549,1,0,2.6827509864233434
7700,132550,1,0,2.687891013920307
7701,132551,1,0,2.8179609798826277
7702,132552,1,0,2.691266010515392
7703,132553,1,0,2.680425997823477
7704,132554,1,0,2.691696980036795
7705,132555,1,0,2.6953640044666827
7706,132556,1,0,2.689554006792605
7707,132557,1,0,2.675867988727987
7708,132558,1,1,2.6975779910571873
7709,132559,1,0,2.6904750266112387
7710,132560,1,0,2.685345010831952
7711,132561,1,0,2.6846840046346188
7712,132562,1,0,2.6990610058419406
7713,132563,1,0,2.6926889549940825
7714,132564,1,0,2.6719809975475073
7715,132565,1,0,2.6962049887515604
7716,132566,1,0,2.694070979487151
7717,132567,1,0,2.7210310217924416
7718,132568,1,0,2.684142964426428
7719,132569,1,0,2.7043410227634013
7720,132570,1,0,2.7056430117227137
7721,132571,1,0,2.678463002666831
7722,132572,1,0,2.693529997486621
7723,132573,1,0,2.6987000019289553
7724,132574,1,0,2.6909360312856734
7725,132575,1,1,2.6783430366776884
7726,132576,1,0,2.7658549952320755
7727,132577,1,0,2.696426003240049
7728,132578,1,0,2.824684022925794
7729,132579,1,0,2.6866479893215
7730,132580,1,0,2.694913011509925
7731,132581,1,0,2.706073981244117
7732,132582,1,0,2.6938720257021487
7733,132583,1,0,2.6733329868875444
7734,132584,1,0,2.687540021724999
7735,132585,1,0,2.692889014724642
7736,132586,1,0,2.6737439911812544
7737,132587,1,0,2.6969769969582558
7738,132588,1,0,2.7075670077465475
7739,132589,1,0,2.6974580250680447
7740,132590,1,0,2.6766289956867695
7741,132591,1,0,2.739636052865535
7742,132592,1,1,2.698889991734177
7743,132593,1,0,2.692167996428907
7744,132594,1,0,2.682020014617592
7745,132595,1,0,2.6977580273523927
7746,132596,1,0,2.691146975848824
7747,132597,1,0,2.683281956706196
7748,132598,1,0,2.6974579668603837
7749,132599,1,0,2.689522982109338
7750,132600,1,0,2.69875000230968
7751,132601,1,0,2.681669022422284
7752,132602,1,0,2.692909969482571
7753,132603,1,0,2.6953640044666827
7754,132604,1,0,2.82231904566288
7755,132605,1,0,2.678313001524657
7756,132606,1,0,2.701485005673021
7757,132607,1,0,2.6942319818772376
7758,132608,1,0,2.68705899361521
7759,132609,1,1,2.6805270463228226
7760,132610,1,0,2.685916027985513
7761,132611,1,0,2.686979016289115
7762,132612,1,0,2.67057801829651
7763,132613,1,0,2.697268035262823
7764,132614,1,0,2.686727966647595
7765,132615,1,0,2.6751160039566457
7766,132616,1,0,2.6826209505088627
7767,132617,1,0,2.686808002181351
7768,132618,1,0,2.6865769759751856
7769,132619,1,0,2.6744850329123437
7770,132620,1,0,2.69256898900494
7771,132621,1,0,2.694813010748476
7772,132622,1,0,2.6803159853443503
7773,132623,1,0,2.6935209752991796
7774,132624,1,0,2.7081380249001086
7775,132625,1,0,2.6945730205625296
7776,132626,1,1,2.679585013538599
7777,132627,1,0,2.7725669788196683
7778,132628,1,0,2.706325030885637
7779,132629,1,0,2.7426420128904283
7780,132630,1,0,2.721812983509153
7781,132631,1,0,2.840622968506068
7782,132632,1,0,2.698889991734177
7783,132633,1,0,2.7021070127375424
7784,132634,1,0,2.687399974092841
7785,132635,1,0,2.6864170213229954
7786,132636,1,0,2.70294799702242
7787,132637,1,0,2.719307958614081
7788,132638,1,0,2.6726219803094864
7789,132639,1,0,2.696456969715655
7790,132640,1,0,2.6880999794229865
7791,132641,1,0,2.678292046766728
7792,132642,1,0,2.6832009898498654
7793,132643,1,1,2.69336998462677
7794,132644,1,0,2.68625799799338
7795,132645,1,0,2.6714690029621124
7796,132646,1,0,2.6914969785138965
7797,132647,1,0,2.6845039683394134
7798,132648,1,0,2.682800986804068
7799,132649,1,0,2.6790739502757788
7800,132650,1,0,2.692829992156476
7801,132651,1,0,2.6849150308407843
7802,132652,1,0,2.6703570038080215
7803,132653,1,0,2.690484980121255
7804,132654,1,0,2.68384296214208
7805,132655,1,0,2.6817190228030086
7806,132656,1,0,2.685936982743442
7807,132657,1,0,2.811358019243926
7808,132658,1,0,2.689463028218597
7809,132659,1,0,2.672361966688186
7810,132660,1,1,2.7070759679190814
7811,132661,1,0,2.7582909679040313
7812,132662,1,0,2.694562019314617
7813,132663,1,0,2.677731972653419
7814,132664,1,0,2.712365996558219
7815,132665,1,0,2.7166130021214485
7816,132666,1,0,2.6874199975281954
7817,132667,1,0,2.6736040017567575
7818,132668,1,0,2.6934199850074947
7819,132669,1,0,2.68741900799796
7820,132670,1,0,2.692017995286733
7821,132671,1,0,2.6849249843508005
7822,132672,1,0,2.6908759609796107
7823,132673,1,0,2.6854259776882827
7824,132674,1,0,2.6765590300783515
7825,132675,1,0,2.692968992050737
7826,132676,1,0,2.6896740309894085
7827,132677,1,1,2.678953984286636
7828,132678,1,0,2.684062987100333
7829,132679,1,0,2.6940820389427245
7830,132680,1,0,2.698418975342065
7831,132681,1,0,2.6771699776872993
7832,132682,1,0,2.6956749497912824
7833,132683,1,0,2.7027769829146564
7834,132684,1,0,2.8608510037884116
7835,132685,1,0,2.6925179990939796
7836,132686,1,0,2.6862869854085147
7837,132687,1,0,2.6965969591401517
7838,132688,1,0,2.7054520323872566
7839,132689,1,0,2.6711589889600873
7840,132690,1,0,2.6888420106843114
7841,132691,1,0,2.6965260040014982
7842,132692,1,0,2.687149040866643
7843,132693,1,0,2.683171012904495
7844,132694,1,1,2.6921879616566002
7845,132695,1,0,2.6898240321315825
7846,132696,1,0,2.6653590030036867
7847,132697,1,0,2.689564018510282
7848,132698,1,0,2.691126021090895
7849,132699,1,0,2.68525502178818
7850,132700,1,0,2.6814989978447556
7851,132701,1,0,2.699903037864715
7852,132702,1,0,2.6847939589060843
7853,132703,1,0,2.6907349820248783
7854,132704,1,0,2.708518994040787
7855,132705,1,0,2.7070860378444195
7856,132706,1,0,2.686526975594461
7857,132707,1,0,2.6856460026465356
7858,132708,1,0,2.7558659785427153
7859,132709,1,0,2.6952740154229105
7860,132710,1,0,2.81828100560233
7861,132711,1,1,2.664466970600188
7862,132712,1,0,2.69321002997458
7863,132713,1,0,2.7014350052922964
7864,132714,1,0,2.6810879935510457
7865,132715,1,0,2.686808002181351
7866,132716,1,0,2.689714019652456
7867,132717,1,0,2.690966008231044
7868,132718,1,0,2.6721309986896813
7869,132719,1,0,2.6816989993676543
7870,132720,1,0,2.6897340430878103
7871,132721,1,0,2.6841229991987348
7872,132722,1,0,2.679034019820392
7873,132723,1,0,2.692238020244986
7874,132724,1,0,2.6808170368894935
7875,132725,1,0,2.667842956725508
7876,132726,1,0,2.684283012058586
7877,132727,1,0,2.69197701709345
7878,132728,1,1,2.68718897132203
7879,132729,1,0,2.6926790014840662
7880,132730,1,0,2.6917780051007867
7881,132731,1,0,2.733835019171238
7882,132732,1,0,2.6913670008070767
7883,132733,1,0,2.701014978811145
7884,132734,1,0,2.701365971006453
7885,132735,1,0,2.705854014493525
7886,132736,1,0,2.677962009329349
7887,132737,1,0,2.8170199948363006
7888,132738,1,0,2.691696980036795
7889,132739,1,0,2.6948730228468776
7890,132740,1,0,2.684905019123107
7891,132741,1,0,2.695243980269879
7892,132742,1,0,2.7025570161640644
7893,132743,1,0,2.722103032283485
7894,132744,1,0,2.6814379962161183
7895,132745,1,1,2.693540998734534
7896,132746,1,0,2.6894229813478887
7897,132747,1,0,2.6913160108961165
7898,132748,1,0,2.688100968953222
7899,132749,1,0,2.6931199827231467
7900,132750,1,0,2.6875290204770863
7901,132751,1,0,2.6761580375023186
7902,132752,1,0,2.69297999329865
7903,132753,1,0,2.6927190483547747
7904,132754,1,0,2.6885810075327754
7905,132755,1,0,2.6813879958353937
7906,132756,1,0,2.6971580227836967
7907,132757,1,0,2.712375018745661
7908,132758,1,0,2.686347987037152
7909,132759,1,0,2.696856972761452
7910,132760,1,0,2.6931799948215485
7911,132761,1,0,2.689013024792075
7912,132762,1,1,2.6778519968502223
7913,132763,1,0,2.8237520018592477
7914,132764,1,0,2.692317997571081
7915,132765,1,0,2.6895430055446923
7916,132766,1,0,2.678362012375146
7917,132767,1,0,2.697167976293713
7918,132768,1,0,2.701705030631274
7919,132769,1,0,2.685184997972101
7920,132770,1,0,2.6923990226350725
7921,132771,1,0,2.7014650404453278
7922,132772,1,0,2.703969948925078
7923,132773,1,0,2.6829909766092896
7924,132774,1,0,2.701725985389203
7925,132775,1,0,2.697749005164951
7926,132776,1,0,2.6904449914582074
7927,132777,1,0,2.692338021006435
7928,132778,1,0,2.6970170438289642
7929,132779,1,0,2.7013049693778157
7930,132780,1,1,2.6898939977400005
7931,132781,1,0,2.69512296654284
7932,132782,1,0,2.688521984964609
7933,132783,1,0,2.6917370269075036
7934,132784,1,0,2.674215007573366
7935,132785,1,0,2.692428999580443
7936,132786,1,0,2.6886810082942247
7937,132787,1,0,2.691236964892596
7938,132788,1,0,2.6991110062226653
7939,132789,1,0,2.6946329744532704
7940,132790,1,0,2.81846197322011
7941,132791,1,0,2.683721948415041
7942,132792,1,0,2.6879000361077487
7943,132793,1,0,2.6945629506371915
7944,132794,1,0,2.689232991542667
7945,132795,1,0,2.673323964700103
7946,132796,1,0,2.685665967874229
7947,132797,1,1,2.6868690038099885
7948,132798,1,0,2.6748059899546206
7949,132799,1,0,2.6852349983528256
7950,132800,1,0,2.6964159915223718
7951,132801,1,0,2.688610984478146
7952,132802,1,0,2.725981001276523
7953,132803,1,0,2.6947029982693493
7954,132804,1,0,2.6896640192717314
7955,132805,1,0,2.6813779841177166
7956,132806,1,0,2.681568032130599
7957,132807,1,0,2.694031980354339
7958,132808,1,0,2.69442202989012
7959,132809,1,0,2.690644992981106
7960,132810,1,0,2.6976580265909433
7961,132811,1,0,2.7055529644712806
7962,132812,1,0,2.697548014111817
7963,132813,1,0,2.6834720047190785
7964,132814,1,1,2.703559002839029
7965,132815,1,0,2.6910859742201865
7966,132816,1,0,2.819373970851302
7967,132817,1,0,2.6754169957712293
7968,132818,1,0,2.702307014260441
7969,132819,1,0,2.700303040910512
7970,132820,1,0,2.6899739750660956
7971,132821,1,0,2.686477033421397
7972,132822,1,0,2.7032989892177284
7973,132823,1,0,2.693551010452211
7974,132824,1,0,2.6781519991345704
7975,132825,1,0,2.761857002042234
7976,132826,1,0,2.7228749822825193
7977,132827,1,0,2.699951990507543
7978,132828,1,0,2.689774031750858
7979,132829,1,0,2.696776995435357
7980,132830,1,0,2.6882910169661045
7981,132831,1,1,2.67652899492532
7982,132832,1,0,2.696926996577531
7983,132833,1,0,2.6940719690173864
7984,132834,1,0,2.6820600032806396
7985,132835,1,0,2.6667810161598027
7986,132836,1,0,2.6938809896819293
7987,132837,1,0,2.694383030757308
7988,132838,1,0,2.6824999949894845
7989,132839,1,0,2.6871489826589823
7990,132840,1,0,2.6946020079776645
7991,132841,1,0,2.693822025321424
7992,132842,1,0,2.6876000338234007
7993,132843,1,0,2.816068008542061
7994,132844,1,0,2.6963159907609224
7995,132845,1,0,2.690233988687396
7996,132846,1,0,2.679594967048615
7997,132847,1,0,2.6902950485236943
7998,132848,1,1,2.683693019207567
7999,132849,1,0,2.732333028689027
8000,132850,1,0,2.672762027941644
8001,132851,1,0,2.7012149803340435
8002,132852,1,0,2.684544015210122
8003,132853,1,0,2.681147016119212
8004,132854,1,0,2.6831119903363287
8005,132855,1,0,2.68976396182552
8006,132856,1,0,2.6873089955188334
8007,132857,1,0,2.6740850298665464
8008,132858,1,0,2.6881099911406636
8009,132859,1,0,2.689293003641069
8010,132860,1,0,2.6833120500668883
8011,132861,1,0,2.694463008083403
8012,132862,1,0,2.6897829957306385
8013,132863,1,0,2.695272967685014
8014,132864,1,0,2.679083961993456
8015,132865,1,1,2.6869979919865727
8016,132866,1,0,2.693620976060629
8017,132867,1,0,2.6895630289800465
8018,132868,1,0,2.688341017346829
8019,132869,1,0,2.81436403747648
8020,132870,1,0,2.6966360164806247
8021,132871,1,0,2.68728903029114
8022,132872,1,0,2.8561820508912206
8023,132873,1,0,2.694892988074571
8024,132874,1,0,2.684184000827372
8025,132875,1,0,2.682399994228035
8026,132876,1,0,2.6908449945040047
8027,132877,1,0,2.689021988771856
8028,132878,1,0,2.697617979720235
8029,132879,1,0,2.6714589912444353
8030,132880,1,0,2.696585957892239
8031,132881,1,0,2.6945319841615856
8032,132882,1,1,2.690115012228489
8033,132883,1,0,2.676257980056107
8034,132884,1,0,2.6972569758072495
8035,132885,1,0,2.7148700319230556
8036,132886,1,0,2.867272007279098
8037,132887,1,0,2.734395966399461
8038,132888,1,0,2.7464390150271356
8039,132889,1,0,2.7390449540689588
8040,132890,1,0,2.7611960540525615
8041,132891,1,0,2.734096022322774
8042,132892,1,0,2.72774399491027
8043,132893,1,0,2.7415300137363374
8044,132894,1,0,2.7427420136518776
8045,132895,1,0,2.747520979028195
8046,132896,1,0,2.8588870191015303
8047,132897,1,0,2.738674054853618
8048,132898,1,0,2.730618987698108
8049,132899,1,1,2.7375019853934646
8050,132900,1,0,2.7273129671812057
8051,132901,1,0,2.7078569983132184
8052,132902,1,0,2.7374019846320152
8053,132903,1,0,2.731071028392762
8054,132904,1,0,2.6912870234809816
8055,132905,1,0,2.675577998161316
8056,132906,1,0,2.6997419772669673
8057,132907,1,0,2.7054420206695795
8058,132908,1,0,2.676930045709014
8059,132909,1,0,2.7029080083593726
8060,132910,1,0,2.696104987990111
8061,132911,1,0,2.711332985199988
8062,132912,1,0,2.6769000105559826
8063,132913,1,0,2.690905996132642
8064,132914,1,0,2.7022059657610953
8065,132915,1,0,2.6828410336747766
8066,132916,1,1,2.6813080185092986
8067,132917,1,0,2.6951739564538
8068,132918,1,0,2.689223038032651
8069,132919,1,0,2.7942670276388526
8070,132920,1,0,2.6819490012712777
8071,132921,1,0,2.6980600086972117
8072,132922,1,0,2.816046995576471
8073,132923,1,0,2.6858460041694343
8074,132924,1,0,2.6912460452876985
8075,132925,1,0,2.702125988435
8076,132926,1,0,2.688661974389106
8077,132927,1,0,2.6757270097732544
8078,132928,1,0,2.700844022911042
8079,132929,1,0,2.6996720116585493
8080,132930,1,0,2.68824101658538
8081,132931,1,0,2.683161001186818
8082,132932,1,0,2.698610012885183
8083,132933,1,1,2.697618037927896
8084,132934,1,0,2.682941034436226
8085,132935,1,0,2.6908759609796107
8086,132936,1,0,2.6929089799523354
8087,132937,1,0,2.6896329945884645
8088,132938,1,0,2.6827800320461392
8089,132939,1,0,2.690143999643624
8090,132940,1,0,2.697788004297763
8091,132941,1,0,2.682549995370209
8092,132942,1,0,2.77367903618142
8093,132943,1,0,2.6998830144293606
8094,132944,1,0,2.703709003981203
8095,132945,1,0,2.679553988855332
8096,132946,1,0,2.6887020212598145
8097,132947,1,0,2.6848739944398403
8098,132948,1,0,2.698871016036719
8099,132949,1,0,2.822078997269273
8100,132950,1,1,2.705733000766486
8101,132951,1,0,2.699230972211808
8102,132952,1,0,2.691677014809102
8103,132953,1,0,2.676167991012335
8104,132954,1,0,2.6885009719990194
8105,132955,1,0,2.68945301650092
8106,132956,1,0,2.6797449681907892
8107,132957,1,0,2.690596040338278
8108,132958,1,0,2.6895030168816447
8109,132959,1,0,2.692088019102812
8110,132960,1,0,2.683983009774238
8111,132961,1,0,2.696254989132285
8112,132962,1,0,2.691087021958083
8113,132963,1,0,2.6827810215763748
8114,132964,1,0,2.682160004042089
8115,132965,1,0,2.687519008759409
8116,132966,1,0,2.687219006475061
8117,132967,1,1,2.671609981916845
8118,132968,1,0,2.694752998650074
8119,132969,1,0,2.6967659941874444
8120,132970,1,0,2.68190901260823
8121,132971,1,0,2.6762790512293577
8122,132972,1,0,2.6991110062226653
8123,132973,1,0,2.6982600102201104
8124,132974,1,0,2.6860160287469625
8125,132975,1,0,2.823351009283215
8126,132976,1,0,2.6955350185744464
8127,132977,1,0,2.7040400309488177
8128,132978,1,0,2.6873689494095743
8129,132979,1,0,2.6898739743046463
8130,132980,1,0,2.700443030335009
8131,132981,1,0,2.7052219957113266
8132,132982,1,0,2.684644015971571
8133,132983,1,0,2.6970470207743347
8134,132984,1,1,2.69893096992746
8135,132985,1,0,2.675145980902016
8136,132986,1,0,2.6835929602384567
8137,132987,1,0,2.6942120166495442
8138,132988,1,0,2.701174991670996
8139,132989,1,0,2.7366799768060446
8140,132990,1,0,2.690415014512837
8141,132991,1,0,2.6909260195679963
8142,132992,1,0,2.694402006454766
8143,132993,1,0,2.668884990271181
8144,132994,1,0,2.6956250076182187
8145,132995,1,0,2.6981689734384418
8146,132996,1,0,2.681097947061062
8147,132997,1,0,2.6914970367215574
8148,132998,1,0,2.70171498414129
8149,132999,1,0,2.691387024242431
8150,133000,1,0,2.6889319997280836
8151,133001,1,1,2.7096099802292883
8152,133002,1,0,2.8179510263726115
8153,133003,1,0,2.692087960895151
8154,133004,1,0,2.6862070080824196
8155,133005,1,0,2.6919679949060082
8156,133006,1,0,2.6937309885397553
8157,133007,1,0,2.6793740107677877
8158,133008,1,0,2.6773109566420317
8159,133009,1,0,2.700062992516905
8160,133010,1,0,2.6964859571307898
8161,133011,1,0,2.6799659826792777
8162,133012,1,0,2.696505980566144
8163,133013,1,0,2.728123974520713
8164,133014,1,0,2.6939110248349607
8165,133015,1,0,2.6803859509527683
8166,133016,1,0,2.692779991775751
8167,133017,1,0,2.699492033571005
8168,133018,1,1,2.6838229969143867
8169,133019,1,0,2.695593982934952
8170,133020,1,0,2.6977480156347156
8171,133021,1,0,2.69040500279516
8172,133022,1,0,2.683240978512913
8173,133023,1,0,2.698589989449829
8174,133024,1,0,2.7001030393876135
8175,133025,1,0,2.687930013053119
8176,133026,1,0,2.6907550054602325
8177,133027,1,0,2.7247790130786598
8178,133028,1,0,2.850411052349955
8179,133029,1,0,2.7243169606663287
8180,133030,1,0,2.688481006771326
8181,133031,1,0,2.7094900142401457
8182,133032,1,0,2.6991310296580195
8183,133033,1,0,2.6965559809468687
8184,133034,1,0,2.679403987713158
8185,133035,1,1,2.695524017326534
8186,133036,1,0,2.6891320012509823
8187,133037,1,0,2.6832519797608256
8188,133038,1,0,2.694752998650074
8189,133039,1,0,2.6961659896187484
8190,133040,1,0,2.690024033654481
8191,133041,1,0,2.6717499713413417
8192,133042,1,0,2.6983590214513242
8193,133043,1,0,2.694953989703208
8194,133044,1,0,2.6848650304600596
8195,133045,1,0,2.714049012865871
8196,133046,1,0,2.7445050072856247
8197,133047,1,0,2.697828982491046
8198,133048,1,0,2.7462580474093556
8199,133049,1,0,2.7007939643226564
8200,133050,1,0,2.714829985052347
8201,133051,1,0,2.699712000321597
8202,133052,1,1,2.6961350231431425
8203,133053,1,0,2.7045810129493475
8204,133054,1,0,2.7016460080631077
8205,133055,1,0,2.826786949299276
8206,133056,1,0,2.690425026230514
8207,133057,1,0,2.6916569913737476
8208,133058,1,0,2.69916100660339
8209,133059,1,0,2.6974969659931958
8210,133060,1,0,2.6788829709403217
8211,133061,1,0,2.699101052712649
8212,133062,1,0,2.706554951146245
8213,133063,1,0,2.6833610027097166
8214,133064,1,0,2.69476295216009
8215,133065,1,0,2.704331011045724
8216,133066,1,0,2.699872013181448
8217,133067,1,0,2.6844939566217363
8218,133068,1,0,2.707025967538357
8219,133069,1,1,2.705011982470751
8220,133070,1,0,2.688540960662067
8221,133071,1,0,2.723886980675161
8222,133072,1,0,2.7191080152988434
8223,133073,1,0,2.720471005886793
8224,133074,1,0,2.702286990825087
8225,133075,1,0,2.6881800149567425
8226,133076,1,0,2.7006040327250957
8227,133077,1,0,2.6997930253855884
8228,133078,1,0,2.688672044314444
8229,133079,1,0,2.6959850220009685
8230,133080,1,0,2.6984899886883795
8231,133081,1,0,2.8237220249138772
8232,133082,1,0,2.6736840372905135
8233,133083,1,0,2.7493939851410687
8234,133084,1,0,2.6995210209861398
8235,133085,1,0,2.6990509941242635
8236,133086,1,1,2.686076972167939
8237,133087,1,0,2.688822045456618
8238,133088,1,0,2.7017660322599113
8239,133089,1,0,2.6878000353462994
8240,133090,1,0,2.6795039884746075
8241,133091,1,0,2.6880810037255287
8242,133092,1,0,2.703648991882801
8243,133093,1,0,2.6886420091614127
8244,133094,1,0,2.6999820256605744
8245,133095,1,0,2.6859159697778523
8246,133096,1,0,2.692247973755002
8247,133097,1,0,2.6727329823188484
8248,133098,1,0,2.6836619945243
8249,133099,1,0,2.6900239754468203
8250,133100,1,0,2.6866080006584525
8251,133101,1,0,2.685755956918001
8252,133102,1,0,2.692017995286733
8253,133103,1,0,2.6942319818772376
8254,133104,1,1,2.6751869590952992
8255,133105,1,0,2.6989600155502558
8256,133106,1,0,2.792753977701068
8257,133107,1,0,2.6995220105163753
8258,133108,1,0,2.814945997670293
8259,133109,1,0,2.683622995391488
8260,133110,1,0,2.6966859586536884
8261,133111,1,0,2.689072978682816
8262,133112,1,0,2.6786429807543755
8263,133113,1,0,2.694902999792248
8264,133114,1,0,2.6829109992831945
8265,133115,1,0,2.6793339638970792
8266,133116,1,0,2.6777220191434026
8267,133117,1,0,2.690474968403578
8268,133118,1,0,2.6972179766744375
8269,133119,1,0,2.690805005840957
8270,133120,1,0,2.7063940069638193
8271,133121,1,1,2.690063964109868
8272,133122,1,0,2.6867579435929656
8273,133123,1,0,2.6783819776028395
8274,133124,1,0,2.6925290003418922
8275,133125,1,0,2.701815974432975
8276,133126,1,0,2.680094970855862
8277,133127,1,0,2.6916369679383934
8278,133128,1,0,2.693150017876178
8279,133129,1,0,2.6851349975913763
8280,133130,1,0,2.717314986512065
8281,133131,1,0,2.6985500007867813
8282,133132,1,0,2.6989909820258617
8283,133133,1,0,2.691947971470654
8284,133134,1,0,2.809646015521139
8285,133135,1,0,2.6942630065605044
8286,133136,1,0,2.699801989365369
8287,133137,1,0,2.6811480056494474
8288,133138,1,1,2.6882910169661045
8289,133139,1,0,2.6959050446748734
8290,133140,1,0,2.6917769573628902
8291,133141,1,0,2.694052003789693
8292,133142,1,0,2.707035979256034
8293,133143,1,0,2.7028379845432937
8294,133144,1,0,2.694752998650074
8295,133145,1,0,2.6757779996842146
8296,133146,1,0,2.6951339677907526
8297,133147,1,0,2.703909995034337
8298,133148,1,0,2.6844239910133183
8299,133149,1,0,2.694252005312592
8300,133150,1,0,2.6956849615089595
8301,133151,1,0,2.694913011509925
8302,133152,1,0,2.676159027032554
8303,133153,1,0,2.695804985705763
8304,133154,1,0,2.6988210156559944
8305,133155,1,1,2.6853359886445105
8306,133156,1,0,2.688260981813073
8307,133157,1,0,2.70593399181962
8308,133158,1,0,2.690976019948721
8309,133159,1,0,2.694252005312592
8310,133160,1,0,2.7027580072171986
8311,133161,1,0,2.809997007716447
8312,133162,1,0,2.698600001167506
8313,133163,1,0,2.6903540128841996
8314,133164,1,0,2.693079994060099
8315,133165,1,0,2.6940510142594576
8316,133166,1,0,2.6931000174954534
8317,133167,1,0,2.675606985576451
8318,133168,1,0,2.697216987144202
8319,133169,1,0,2.7044310118071735
8320,133170,1,0,2.682380029000342
8321,133171,1,0,2.6868180138990283
8322,133172,1,1,2.6949429884552956
8323,133173,1,0,2.7081879670731723
8324,133174,1,0,2.714889997150749
8325,133175,1,0,2.686989028006792
8326,133176,1,0,2.7015560190193355
8327,133177,1,0,2.739926043432206
8328,133178,1,0,2.6801160420291126
8329,133179,1,0,2.6957549853250384
8330,133180,1,0,2.6959250099025667
8331,133181,1,0,2.682580961845815
8332,133182,1,0,2.6864070096053183
8333,133183,1,0,2.6874089962802827
8334,133184,1,0,2.690985973458737
8335,133185,1,0,2.6829809648916125
8336,133186,1,0,2.6947829755954444
8337,133187,1,0,2.8318569529801607
8338,133188,1,0,2.694982977118343
8339,133189,1,1,2.68232001690194
8340,133190,1,0,2.704900980461389
8341,133191,1,0,2.6999320252798498
8342,133192,1,0,2.691407047677785
8343,133193,1,0,2.6829810230992734
8344,133194,1,0,2.6933510089293122
8345,133195,1,0,2.699801989365369
8346,133196,1,0,2.680997014977038
8347,133197,1,0,2.68798996694386
8348,133198,1,0,2.6961149997077882
8349,133199,1,0,2.6834819582290947
8350,133200,1,0,2.6870290166698396
8351,133201,1,0,2.6992009952664375
8352,133202,1,0,2.6887119747698307
8353,133203,1,0,2.6831720024347305
8354,133204,1,0,2.6961059775203466
8355,133205,1,0,2.70214700140059
8356,133206,1,1,2.7054629754275084
8357,133207,1,0,2.6976479566656053
8358,133208,1,0,2.693841001018882
8359,133209,1,0,2.701614983379841
8360,133210,1,0,2.6929000159725547
8361,133211,1,0,2.6837829500436783
8362,133212,1,0,2.697267977055162
8363,133213,1,0,2.6951439795084298
8364,133214,1,0,2.819573972374201
8365,133215,1,0,2.6838029734790325
8366,133216,1,0,2.710712025873363
8367,133217,1,0,2.7025580056943
8368,133218,1,0,2.691596979275346
8369,133219,1,0,2.683792030438781
8370,133220,1,0,2.6994519867002964
8371,133221,1,0,2.692449023015797
8372,133222,1,0,2.6879400247707963
8373,133223,1,1,2.6896129711531103
8374,133224,1,0,2.7008739998564124
8375,133225,1,0,2.6951739564538
8376,133226,1,0,2.680275996681303
8377,133227,1,0,2.6980889961123466
8378,133228,1,0,2.7037300169467926
8379,133229,1,0,2.695453993510455
8380,133230,1,0,2.696595969609916
8381,133231,1,0,2.709659980610013
8382,133232,1,0,2.699923003092408
8383,133233,1,0,2.700142969843
8384,133234,1,0,2.704871993046254
8385,133235,1,0,2.6930900057777762
8386,133236,1,0,2.697157033253461
8387,133237,1,0,2.677751996088773
8388,133238,1,0,2.7010439662262797
8389,133239,1,0,2.6958250091411173
8390,133240,1,1,2.8180719818919897
8391,133241,1,0,2.674194984138012
8392,133242,1,0,2.6955640059895813
8393,133243,1,0,2.703048987314105
8394,133244,1,0,2.6916670030914247
8395,133245,1,0,2.683592028915882
8396,133246,1,0,2.695735020097345
8397,133247,1,0,2.715942042414099
8398,133248,1,0,2.6805769884958863
8399,133249,1,0,2.694402006454766
8400,133250,1,0,2.684913983102888
8401,133251,1,0,2.68461398081854
8402,133252,1,0,2.666660991962999
8403,133253,1,0,2.691296976990998
8404,133254,1,0,2.6938110240735114
8405,133255,1,0,2.6771100237965584
8406,133256,1,0,2.6931900065392256
8407,133257,1,1,2.6930299936793745
8408,133258,1,0,2.694402006454766
8409,133259,1,0,2.688821987248957
8410,133260,1,0,2.7022570138797164
8411,133261,1,0,2.7047019684687257
8412,133262,1,0,2.6958350208587945
8413,133263,1,0,2.6995720108971
8414,133264,1,0,2.694352006074041
8415,133265,1,0,2.6940410025417805
8416,133266,1,0,2.6855660253204405
8417,133267,1,0,2.8214179910719395
8418,133268,1,0,2.701024990528822
8419,133269,1,0,2.7000430272892118
8420,133270,1,0,2.690905996132642
8421,133271,1,0,2.6920479722321033
8422,133272,1,0,2.6912169996649027
8423,133273,1,0,2.6996720116585493
8424,133274,1,1,2.673462964594364
8425,133275,1,0,2.695784962270409
8426,133276,1,0,2.6911270106211305
8427,133277,1,0,2.6891029556281865
8428,133278,1,0,2.6888619759120047
8429,133279,1,0,2.6957549853250384
8430,133280,1,0,2.695645031053573
8431,133281,1,0,2.683983009774238
8432,133282,1,0,2.7072159573435783
8433,133283,1,0,2.7042709989473224
8434,133284,1,0,2.692990005016327
8435,133285,1,0,2.6815879973582923
8436,133286,1,0,2.693981979973614
8437,133287,1,0,2.704600978177041
8438,133288,1,0,2.6916170027107
8439,133289,1,0,2.704189973883331
8440,133290,1,0,2.7058839914388955
8441,133291,1,1,2.6887819985859096
8442,133292,1,0,2.68783001229167
8443,133293,1,0,2.8255959623493254
8444,133294,1,0,2.7504860190674663
8445,133295,1,0,2.7001730049960315
8446,133296,1,0,2.6906359707936645
8447,133297,1,0,2.6959950337186456
8448,133298,1,0,2.698509953916073
8449,133299,1,0,2.700523007661104
8450,133300,1,0,2.6852459996007383
8451,133301,1,0,2.699361997656524
8452,133302,1,0,2.700684010051191
8453,133303,1,0,2.689554006792605
8454,133304,1,0,2.6997419772669673
8455,133305,1,0,2.699520962778479
8456,133306,1,0,2.6991720078513026
8457,133307,1,0,2.682871010620147
8458,133308,1,1,2.7026080060750246
8459,133309,1,0,2.6978790410794318
8460,133310,1,0,2.696787007153034
8461,133311,1,0,2.6743849739432335
8462,133312,1,0,2.6926390128210187
8463,133313,1,0,2.693871036171913
8464,133314,1,0,2.684884995687753
8465,133315,1,0,2.690666005946696
8466,133316,1,0,2.6923390105366707
8467,133317,1,0,2.7390950126573443
8468,133318,1,0,2.6906650164164603
8469,133319,1,0,2.7036190149374306
8470,133320,1,0,2.82278994563967
8471,133321,1,0,2.696515992283821
8472,133322,1,0,2.6799459592439234
8473,133323,1,0,2.694302995223552
8474,133324,1,0,2.6971669867634773
8475,133325,1,1,2.700854034628719
8476,133326,1,0,2.670096990186721
8477,133327,1,0,2.6899140211753547
8478,133328,1,0,2.696244977414608
8479,133329,1,0,2.683512051589787
8480,133330,1,0,2.6997820241376758
8481,133331,1,0,2.6971069746650755
8482,133332,1,0,2.6910759625025094
8483,133333,1,0,2.6793040451593697
8484,133334,1,0,2.700073004234582
8485,133335,1,0,2.696345967706293
8486,133336,1,0,2.6857859920710325
8487,133337,1,0,2.692317997571081
8488,133338,1,0,2.6905249687843025
8489,133339,1,0,2.6945419958792627
8490,133340,1,0,2.6844239910133183
8491,133341,1,0,2.7062749722972512
8492,133342,1,1,2.70237703807652
8493,133343,1,0,2.7116640121676028
8494,133344,1,0,2.6877999771386385
8495,133345,1,0,2.6978489477187395
8496,133346,1,0,2.831335994414985
8497,133347,1,0,2.6911059976555407
8498,133348,1,0,2.6807470130734146
8499,133349,1,0,2.7026679599657655
8500,133350,1,0,2.70348897902295
8501,133351,1,0,2.6948429876938462
8502,133352,1,0,2.690024964977056
8503,133353,1,0,2.7025879826396704
8504,133354,1,0,2.697398012969643
8505,133355,1,0,2.6883709942921996
8506,133356,1,0,2.703840029425919
8507,133357,1,0,2.694923954550177
8508,133358,1,0,2.6959459646604955
8509,133359,1,1,2.6865879772230983
8510,133360,1,0,2.7034490485675633
8511,133361,1,0,2.7012149803340435
8512,133362,1,0,2.6848550187423825
8513,133363,1,0,2.6984899886883795
8514,133364,1,0,2.689032000489533
8515,133365,1,0,2.693450020160526
8516,133366,1,0,2.6797150494530797
8517,133367,1,0,2.690916007850319
8518,133368,1,0,2.693540998734534
8519,133369,1,0,2.6811769930645823
8520,133370,1,0,2.696384966839105
8521,133371,1,0,2.691035973839462
8522,133372,1,0,2.698669966775924
8523,133373,1,0,2.8078719624318182
8524,133374,1,0,2.6943820412270725
8525,133375,1,0,2.697356976568699
8526,133376,1,1,2.7032879879698157
8527,133377,1,0,2.689673041459173
8528,133378,1,0,2.6985089643858373
8529,133379,1,0,2.7028280310332775
8530,133380,1,0,2.6935400092042983
8531,133381,1,0,2.6727120275609195
8532,133382,1,0,2.692840003874153
8533,133383,1,0,2.6893930044025183
8534,133384,1,0,2.6846739929169416
8535,133385,1,0,2.6914170011878014
8536,133386,1,0,2.6924979756586254
8537,133387,1,0,2.6968260062858462
8538,133388,1,0,2.73528799880296
8539,133389,1,0,2.6981590199284256
8540,133390,1,0,2.6977889938279986
8541,133391,1,0,2.6978180394507945
8542,133392,1,0,2.695614006370306
8543,133393,1,1,2.7449560002423823
8544,133394,1,0,2.690474968403578
8545,133395,1,0,2.6823700172826648
8546,133396,1,0,2.702718018554151
8547,133397,1,0,2.704050042666495
8548,133398,1,0,2.7273630257695913
8549,133399,1,0,2.82031501410529
8550,133400,1,0,2.6748059899546206
8551,133401,1,0,2.698600001167506
8552,133402,1,0,2.695303992368281
8553,133403,1,0,2.684964973013848
8554,133404,1,0,2.6811070274561644
8555,133405,1,0,2.6878200005739927
8556,133406,1,0,2.6872289599850774
8557,133407,1,0,2.684274048078805
8558,133408,1,0,2.691958041395992
8559,133409,1,0,2.696665993425995
8560,133410,1,1,2.6751160039566457
8561,133411,1,0,2.718175994232297
8562,133412,1,0,2.6909359730780125
8563,133413,1,0,2.689924032893032
8564,133414,1,0,2.6761890039779246
8565,133415,1,0,2.696595969609916
8566,133416,1,0,2.687428961507976
8567,133417,1,0,2.6805069646798074
8568,133418,1,0,2.686858002562076
8569,133419,1,0,2.6974279899150133
8570,133420,1,0,2.6955950306728482
8571,133421,1,0,2.689202025067061
8572,133422,1,0,2.6998419780284166
8573,133423,1,0,2.68976396182552
8574,133424,1,0,2.68407299881801
8575,133425,1,0,2.6705979835242033
8576,133426,1,0,2.808343037031591
8577,133427,1,0,2.6908760191872716
8578,133428,1,1,2.6911069871857762
8579,133429,1,0,2.6792139979079366
8580,133430,1,0,2.6985289878211915
8581,133431,1,0,2.694332040846348
8582,133432,1,0,2.6957240188494325
8583,133433,1,0,2.6997519889846444
8584,133434,1,0,2.6991910417564213
8585,133435,1,0,2.7425920125097036
8586,133436,1,0,2.69401102559641
8587,133437,1,0,2.702175988815725
8588,133438,1,0,2.704251033719629
8589,133439,1,0,2.6905349805019796
8590,133440,1,0,2.683722006622702
8591,133441,1,0,2.6974979555234313
8592,133442,1,0,2.694873954169452
8593,133443,1,0,2.6948529994115233
8594,133444,1,0,2.6983499992638826
8595,133445,1,1,2.692098030820489
8596,133446,1,0,2.6858460041694343
8597,133447,1,0,2.680416975636035
8598,133448,1,0,2.7035389794036746
8599,133449,1,0,2.7033989899791777
8600,133450,1,0,2.6902150129899383
8601,133451,1,0,2.6800860068760812
8602,133452,1,0,2.8238119557499886
8603,133453,1,0,2.690555003937334
8604,133454,1,0,2.688951964955777
8605,133455,1,0,2.6873089955188334
8606,133456,1,0,2.6915869675576687
8607,133457,1,0,2.7036399696953595
8608,133458,1,0,2.8093449654988945
8609,133459,1,0,2.681278041563928
8610,133460,1,0,2.6894130278378725
8611,133461,1,0,2.6905150152742863
8612,133462,1,1,2.6794850127771497
8613,133463,1,0,2.6890020235441625
8614,133464,1,0,2.681988989934325
8615,133465,1,0,2.6828309637494385
8616,133466,1,0,2.6746460353024304
8617,133467,1,0,2.698871016036719
8618,133468,1,0,2.70791701041162
8619,133469,1,0,2.686427964363247
8620,133470,1,0,2.684052975382656
8621,133471,1,0,2.694742986932397
8622,133472,1,0,2.707457053475082
8623,133473,1,0,2.679595025256276
8624,133474,1,0,2.7096609701402485
8625,133475,1,0,2.697738993447274
8626,133476,1,0,2.7004629955627024
8627,133477,1,0,2.677369979210198
8628,133478,1,0,2.6979889953508973
8629,133479,1,1,2.827367978170514
8630,133480,1,0,2.7003430295735598
8631,133481,1,0,2.6851060101762414
8632,133482,1,0,2.7599140303209424
8633,133483,1,0,2.694202004931867
8634,133484,1,0,2.6933199842460454
8635,133485,1,0,2.6869779685512185
8636,133486,1,0,2.6955539942719042
8637,133487,1,0,2.693860966246575
8638,133488,1,0,2.681258018128574
8639,133489,1,0,2.692948968615383
8640,133490,1,0,2.691888017579913
8641,133491,1,0,2.6967869489453733
8642,133492,1,0,2.675888012163341
8643,133493,1,0,2.68728903029114
8644,133494,1,0,2.689313027076423
8645,133495,1,0,2.6864479877986014
8646,133496,1,1,2.701164979953319
8647,133497,1,0,2.6938009541481733
8648,133498,1,0,2.694743045140058
8649,133499,1,0,2.6763990172185004
8650,133500,1,0,2.698600001167506
8651,133501,1,0,2.6950339670293033
8652,133502,1,0,2.6888620341196656
8653,133503,1,0,2.6965659926645458
8654,133504,1,0,2.6976779918186367
8655,133505,1,0,2.8351430082693696
8656,133506,1,0,2.6859769714064896
8657,133507,1,0,2.683852973859757
8658,133508,1,0,2.6997330132871866
8659,133509,1,0,2.700484008528292
8660,133510,1,0,2.6920780073851347
8661,133511,1,0,2.6925589772872627
8662,133512,1,0,2.6947730220854282
8663,133513,1,1,2.6910669985227287
8664,133514,1,0,2.675967989489436
8665,133515,1,0,2.6888319989666343
8666,133516,1,0,2.6884209946729243
8667,133517,1,0,2.6718609733507037
8668,133518,1,0,2.684634004253894
8669,133519,1,0,2.6968870079144835
8670,133520,1,0,2.6865070103667676
8671,133521,1,0,2.6877199998125434
8672,133522,1,0,2.706975967157632
8673,133523,1,0,2.6990610058419406
8674,133524,1,0,2.6819490012712777
8675,133525,1,0,2.6894930051639676
8676,133526,1,0,2.689554006792605
8677,133527,1,0,2.694864000659436
8678,133528,1,0,2.6808269903995097
8679,133529,1,0,2.6995319640263915
8680,133530,1,1,2.702227036934346
8681,133531,1,0,2.683582017198205
8682,133532,1,0,2.8117899782955647
8683,133533,1,0,2.6952840271405876
8684,133534,1,0,2.686947991605848
8685,133535,1,0,2.680547011550516
8686,133536,1,0,2.6801250060088933
8687,133537,1,0,2.6851349975913763
8688,133538,1,0,2.6938520022667944
8689,133539,1,0,2.6683940086513758
8690,133540,1,0,2.690855006221682
8691,133541,1,0,2.691546978894621
8692,133542,1,0,2.6894629700109363
8693,133543,1,0,2.676490054000169
8694,133544,1,0,2.6952640037052333
8695,133545,1,0,2.6805870002135634
8696,133546,1,0,2.6632350054569542
8697,133547,1,1,2.688871987629682
8698,133548,1,0,2.693229995202273
8699,133549,1,0,2.6786329690366983
8700,133550,1,0,2.676759962923825
8701,133551,1,0,2.69004498841241
8702,133552,1,0,2.695564995519817
8703,133553,1,0,2.6775909936986864
8704,133554,1,0,2.6902040117420256
8705,133555,1,0,2.6918280054815114
8706,133556,1,0,2.6819190243259072
8707,133557,1,0,2.684634004253894
8708,133558,1,0,2.819984045345336
8709,133559,1,0,2.6983889983966947
8710,133560,1,0,2.691627014428377
8711,133561,1,0,2.69227905664593
8712,133562,1,0,2.695684030186385
8713,133563,1,0,2.699361997656524
8714,133564,1,1,2.684153034351766
8715,133565,1,0,2.6930790045298636
8716,133566,1,0,2.6944929850287735
8717,133567,1,0,2.6946430443786085
8718,133568,1,0,2.683752973098308
8719,133569,1,0,2.6907160063274205
8720,133570,1,0,2.693630987778306
8721,133571,1,0,2.6771299890242517
8722,133572,1,0,2.6912459870800376
8723,133573,1,0,2.695234026759863
8724,133574,1,0,2.696795971132815
8725,133575,1,0,2.674406045116484
8726,133576,1,0,3.547232015989721
8727,133577,1,0,4.037711012642831
8728,133578,1,0,2.702568017411977
8729,133579,1,0,2.6777919847518206
8730,133580,1,0,2.686017018277198
8731,133581,1,1,2.6890119770541787
8732,133582,1,0,2.6821589563041925
8733,133583,1,0,2.673804003279656
8734,133584,1,0,2.6890519657172263
8735,133585,1,0,2.8123310185037553
8736,133586,1,0,2.684644015971571
8737,133587,1,0,2.6848650304600596
8738,133588,1,0,2.6975979562848806
8739,133589,1,0,2.6955940411426127
8740,133590,1,0,2.679804980289191
8741,133591,1,0,2.6853260351344943
8742,133592,1,0,2.693850954528898
8743,133593,1,0,2.6727320509962738
8744,133594,1,0,2.6763289934024215
8745,133595,1,0,2.6834620512090623
8746,133596,1,0,2.693991002161056
8747,133597,1,0,2.681206970009953
8748,133598,1,1,2.690143999643624
8749,133599,1,0,2.69833899801597
8750,133600,1,0,2.678132033906877
8751,133601,1,0,2.675878000445664
8752,133602,1,0,2.685215964447707
8753,133603,1,0,2.6811579591594636
8754,133604,1,0,2.6778909959830344
8755,133605,1,0,2.6857159682549536
8756,133606,1,0,2.682529971934855
8757,133607,1,0,2.674204995855689
8758,133608,1,0,2.6931799948215485
8759,133609,1,0,2.7020270354114473
8760,133610,1,0,2.6964159915223718
8761,133611,1,0,2.8143040253780782
8762,133612,1,0,2.684713981579989
8763,133613,1,0,2.6929600280709565
8764,133614,1,0,2.6910159504041076
8765,133615,1,1,2.688871987629682
8766,133616,1,0,2.7044310118071735
8767,133617,1,0,2.731290995143354
8768,133618,1,0,2.7325429837219417
8769,133619,1,0,2.7167240041308105
8770,133620,1,0,2.7387539739720523
8771,133621,1,0,2.6978490059264004
8772,133622,1,0,2.7368710143491626
8773,133623,1,0,2.717875991947949
8774,133624,1,0,2.723726036492735
8775,133625,1,0,2.7418400277383626
8776,133626,1,0,2.7304490213282406
8777,133627,1,0,2.6746249641291797
8778,133628,1,0,2.6928490260615945
8779,133629,1,0,2.6931099710054696
8780,133630,1,0,2.6926989667117596
8781,133631,1,0,2.673404000233859
8782,133632,1,1,2.694603055715561
8783,133633,1,0,2.7292969753034413
8784,133634,1,0,2.755535999312997
8785,133635,1,0,2.6724719791673124
8786,133636,1,0,2.690966008231044
8787,133637,1,0,2.688571985345334
8788,133638,1,0,2.8336200048215687
8789,133639,1,0,2.7068050112575293
8790,133640,1,0,2.6905150152742863
8791,133641,1,0,2.679955039639026
8792,133642,1,0,2.6840020436793566
8793,133643,1,0,2.676859963685274
8794,133644,1,0,2.692107984330505
8795,133645,1,0,2.6915870257653296
8796,133646,1,0,2.6752360281534493
8797,133647,1,0,2.6884209946729243
8798,133648,1,0,2.682208956684917
8799,133649,1,1,2.675306983292103
8800,133650,1,0,2.759051974862814
8801,133651,1,0,2.6958250091411173
8802,133652,1,0,2.699812001083046
8803,133653,1,0,2.696345967706293
8804,133654,1,0,2.6953439810313284
8805,133655,1,0,2.690163964871317
8806,133656,1,0,2.686167019419372
8807,133657,1,0,2.6767099625431
8808,133658,1,0,2.6956949732266366
8809,133659,1,0,2.696154988370836
8810,133660,1,0,2.6819990016520023
8811,133661,1,0,2.692588954232633
8812,133662,1,0,2.6909559965133667
8813,133663,1,0,2.691166999284178
8814,133664,1,0,2.807792043313384
8815,133665,1,0,2.6962849660776556
8816,133666,1,1,2.69810896134004
8817,133667,1,0,2.6971169863827527
8818,133668,1,0,2.6922389515675604
8819,133669,1,0,2.703028032556176
8820,133670,1,0,2.701395016629249
8821,133671,1,0,2.6922980323433876
8822,133672,1,0,2.683922997675836
8823,133673,1,0,2.696906973142177
8824,133674,1,0,2.7003439608961344
8825,133675,1,0,2.687941014301032
8826,133676,1,0,2.697759016882628
8827,133677,1,0,2.703328966163099
8828,133678,1,0,2.689783985260874
8829,133679,1,0,2.6789740077219903
8830,133680,1,0,2.7007540338672698
8831,133681,1,0,2.694070979487151
8832,133682,1,0,2.6890329900197685
8833,133683,1,1,2.68605601741001
8834,133684,1,0,2.6953439810313284
8835,133685,1,0,2.700202981941402
8836,133686,1,0,2.6839729980565608
8837,133687,1,0,2.6848839479498565
8838,133688,1,0,2.6887920103035867
8839,133689,1,0,2.684114035218954
8840,133690,1,0,2.6772500132210553
8841,133691,1,0,2.821238012984395
8842,133692,1,0,2.7007139869965613
8843,133693,1,0,2.6796350139193237
8844,133694,1,0,2.68566602608189
8845,133695,1,0,2.6894029579125345
8846,133696,1,0,2.6857269695028663
8847,133697,1,0,2.6808769907802343
8848,133698,1,0,2.6915569906122983
8849,133699,1,0,2.6912360335700214
8850,133700,1,1,2.6840330101549625
8851,133701,1,0,2.676578995306045
8852,133702,1,0,2.686769003048539
8853,133703,1,0,2.6891930028796196
8854,133704,1,0,2.682310005184263
8855,133705,1,0,2.685105020646006
8856,133706,1,0,2.6825600070878863
8857,133707,1,0,2.685516024939716
8858,133708,1,0,2.6857960037887096
8859,133709,1,0,2.68922297982499
8860,133710,1,0,2.6936610229313374
8861,133711,1,0,2.683993021491915
8862,133712,1,0,2.693290007300675
8863,133713,1,0,2.6914660120382905
8864,133714,1,0,2.697398012969643
8865,133715,1,0,2.6742449845187366
8866,133716,1,0,2.690485038328916
8867,133717,1,1,2.8162680100649595
8868,133718,1,0,2.6830010465346277
8869,133719,1,0,2.6749660028144717
8870,133720,1,0,2.690836030524224
8871,133721,1,0,2.695875009521842
8872,133722,1,0,2.6818789774551988
8873,133723,1,0,2.678623015526682
8874,133724,1,0,2.6813780423253775
8875,133725,1,0,2.6882109814323485
8876,133726,1,0,2.6737540028989315
8877,133727,1,0,2.6930499589070678
8878,133728,1,0,2.690874971449375
8879,133729,1,0,2.6775009464472532
8880,133730,1,0,2.6816489989869297
8881,133731,1,0,2.6830220012925565
8882,133732,1,0,2.6812079595401883
8883,133733,1,0,2.670508052688092
8884,133734,1,0,2.687589032575488
8885,133735,1,1,2.687348984181881
8886,133736,1,0,2.6939010131172836
8887,133737,1,0,2.691757050342858
8888,133738,1,0,2.6886819978244603
8889,133739,1,0,2.6900439988821745
8890,133740,1,0,2.6755870203487575
8891,133741,1,0,2.6853649760596454
8892,133742,1,0,2.6898839860223234
8893,133743,1,0,2.6811170391738415
8894,133744,1,0,2.8113180305808783
8895,133745,1,0,2.6902539539150894
8896,133746,1,0,2.697397954761982
8897,133747,1,0,2.685115032363683
8898,133748,1,0,2.688971988391131
8899,133749,1,0,2.7039400301873684
8900,133750,1,0,2.693481044843793
8901,133751,1,0,2.670507994480431
8902,133752,1,1,2.6852349983528256
8903,133753,1,0,2.697066986002028
8904,133754,1,0,2.676068979781121
8905,133755,1,0,2.689974964596331
8906,133756,1,0,2.689954999368638
8907,133757,1,0,2.694402006454766
8908,133758,1,0,2.6723610353656113
8909,133759,1,0,2.7499860152602196
8910,133760,1,0,2.6991409831680357
8911,133761,1,0,2.67438602168113
8912,133762,1,0,2.698439988307655
8913,133763,1,0,2.7253389707766473
8914,133764,1,0,2.6863670209422708
8915,133765,1,0,2.6855149772018194
8916,133766,1,0,2.6793439756147563
8917,133767,1,0,2.693219983484596
8918,133768,1,0,2.69998301519081
8919,133769,1,1,2.6739949826151133
8920,133770,1,0,2.8218079824000597
8921,133771,1,0,2.6943919947370887
8922,133772,1,0,2.6922179968096316
8923,133773,1,0,2.6852250448428094
8924,133774,1,0,2.6925589772872627
8925,133775,1,0,2.6913260226137936
8926,133776,1,0,2.679655037354678
8927,133777,1,0,2.681066980585456
8928,133778,1,0,2.684393955860287
8929,133779,1,0,2.68425396643579
8930,133780,1,0,2.6731229736469686
8931,133781,1,0,2.6969469618052244
8932,133782,1,0,2.6876699994318187
8933,133783,1,0,2.686027029994875
8934,133784,1,0,2.682540041860193
8935,133785,1,0,2.6886810082942247
8936,133786,1,1,2.699380973353982
8937,133787,1,0,2.675878000445664
8938,133788,1,0,2.6972180348820984
8939,133789,1,0,2.692307985853404
8940,133790,1,0,2.680295961908996
8941,133791,1,0,2.6772809796966612
8942,133792,1,0,2.6970880571752787
8943,133793,1,0,2.6957339723594487
8944,133794,1,0,2.6930890162475407
8945,133795,1,0,2.698589989449829
8946,133796,1,0,2.6994019863195717
8947,133797,1,0,2.815827028825879
8948,133798,1,0,2.703088044654578
8949,133799,1,0,2.7121449820697308
8950,133800,1,0,2.694613009225577
8951,133801,1,0,2.6978389942087233
8952,133802,1,0,2.6795939775183797
8953,133803,1,1,2.69256898900494
8954,133804,1,0,2.6867379783652723
8955,133805,1,0,2.6890920125879347
8956,133806,1,0,2.6809070259332657
8957,133807,1,0,2.697678981348872
8958,133808,1,0,2.688160981051624
8959,133809,1,0,2.672602015081793
8960,133810,1,0,2.691687026526779
8961,133811,1,0,2.6809280388988554
8962,133812,1,0,2.676629985217005
8963,133813,1,0,2.684955019503832
8964,133814,1,0,2.6926890132017434
8965,133815,1,0,2.683731960132718
8966,133816,1,0,2.6701469905674458
8967,133817,1,0,2.6948529994115233
8968,133818,1,0,2.6785730151459575
8969,133819,1,0,2.6942220283672214
8970,133820,1,1,2.685805957298726
8971,133821,1,0,2.6940720272250473
8972,133822,1,0,2.687358995899558
8973,133823,1,0,2.7921340079046786
8974,133824,1,0,2.6811379939317703
8975,133825,1,0,2.6844540261663496
8976,133826,1,0,2.68190901260823
8977,133827,1,0,2.6724219787865877
8978,133828,1,0,2.6884020189754665
8979,133829,1,0,2.6875699986703694
8980,133830,1,0,2.6698760339058936
8981,133831,1,0,2.6811480056494474
8982,133832,1,0,2.691677014809102
8983,133833,1,0,2.748612954746932
8984,133834,1,0,2.681407961063087
8985,133835,1,0,2.6945819845423102
8986,133836,1,0,2.6872189482674003
8987,133837,1,1,2.6746350340545177
8988,133838,1,0,2.679313998669386
8989,133839,1,0,2.6828510453924537
8990,133840,1,0,2.6858969940803945
8991,133841,1,0,2.673504000995308
8992,133842,1,0,2.6944830315187573
8993,133843,1,0,2.696537005249411
8994,133844,1,0,2.6890020235441625
8995,133845,1,0,2.6879209908656776
8996,133846,1,0,2.700192970223725
8997,133847,1,0,2.6944420533254743
8998,133848,1,0,2.6940410025417805
8999,133849,1,0,2.6991210179403424
9000,133850,1,0,2.8104179655201733
9001,133851,1,0,2.6932000182569027
9002,133852,1,0,2.6918569928966463
9003,133853,1,0,2.7051219949498773
9004,133854,1,1,2.691327012144029
9005,133855,1,0,2.6920480304397643
9006,133856,1,0,2.673232986126095
9007,133857,1,0,2.6954039931297302
9008,133858,1,0,2.7172149857506156
9009,133859,1,0,2.733064000494778
9010,133860,1,0,2.6804369990713894
9011,133861,1,0,2.76925100479275
9012,133862,1,0,2.703339036088437
9013,133863,1,0,2.6945829740725458
9014,133864,1,0,2.689232991542667
9015,133865,1,0,2.6958449743688107
9016,133866,1,0,2.6979490066878498
9017,133867,1,0,2.6729119708761573
9018,133868,1,0,2.690344990696758
9019,133869,1,0,2.6940119569189847
9020,133870,1,0,2.676257980056107
9021,133871,1,1,2.679714991245419
9022,133872,1,0,2.692167996428907
9023,133873,1,0,2.6921380194835365
9024,133874,1,0,2.6880300138145685
9025,133875,1,0,2.686728024855256
9026,133876,1,0,2.823862014338374
9027,133877,1,0,2.695164002943784
9028,133878,1,0,2.6866080006584525
9029,133879,1,0,2.698109019547701
9030,133880,1,0,2.6947929873131216
9031,133881,1,0,2.6917370269075036
9032,133882,1,0,2.685375977307558
9033,133883,1,0,2.6888619759120047
9034,133884,1,0,2.7332850149832666
9035,133885,1,0,2.6824810192920268
9036,133886,1,0,2.683822007384151
9037,133887,1,0,2.7647929964587092
9038,133888,1,1,2.737061004154384
9039,133889,1,0,2.7006040327250957
9040,133890,1,0,2.6829310227185488
9041,133891,1,0,2.6878800126723945
9042,133892,1,0,2.691788016818464
9043,133893,1,0,2.686627965886146
9044,133894,1,0,2.683722006622702
9045,133895,1,0,2.6932400069199502
9046,133896,1,0,2.683811995666474
9047,133897,1,0,2.6858060155063868
9048,133898,1,0,2.7072959928773344
9049,133899,1,0,2.702868019696325
9050,133900,1,0,2.6989210164174438
9051,133901,1,0,2.6882310048677027
9052,133902,1,0,2.6991210179403424
9053,133903,1,0,2.825506031513214
9054,133904,1,0,2.697097952477634
9055,133905,1,1,2.6912069879472256
9056,133906,1,0,2.700603974517435
9057,133907,1,0,2.699642034713179
9058,133908,1,0,2.7019769768230617
9059,133909,1,0,2.7020559646189213
9060,133910,1,0,2.7043410227634013
9061,133911,1,0,2.704681013710797
9062,133912,1,0,2.7059040148742497
9063,133913,1,0,2.7207810198888183
9064,133914,1,0,2.7004630537703633
9065,133915,1,0,2.684463979676366
9066,133916,1,0,2.6817889884114265
9067,133917,1,0,2.692648966331035
9068,133918,1,0,2.690836030524224
9069,133919,1,0,2.6826499961316586
9070,133920,1,0,2.6910160086117685
9071,133921,1,0,2.6922780089080334
9072,133922,1,1,2.6993720093742013
9073,133923,1,0,2.6804659864865243
9074,133924,1,0,2.7067249757237732
9075,133925,1,0,2.702607016544789
9076,133926,1,0,2.685184997972101
9077,133927,1,0,2.6947929873131216
9078,133928,1,0,2.694752998650074
9079,133929,1,0,2.8213580371811986
9080,133930,1,0,2.6876399642787874
9081,133931,1,0,2.6806070236489177
9082,133932,1,0,2.698049007449299
9083,133933,1,0,2.692098030820489
9084,133934,1,0,2.678131975699216
9085,133935,1,0,2.701956022065133
9086,133936,1,0,2.6972279883921146
9087,133937,1,0,2.6899540098384023
9088,133938,1,0,2.681759011466056
9089,133939,1,1,2.698059019166976
9090,133940,1,0,2.6979389949701726
9091,133941,1,0,2.686396997887641
9092,133942,1,0,2.691717993002385
9093,133943,1,0,2.688410982955247
9094,133944,1,0,2.693129994440824
9095,133945,1,0,2.6806359528563917
9096,133946,1,0,2.6901349774561822
9097,133947,1,0,2.69581499742344
9098,133948,1,0,2.6934100314974785
9099,133949,1,0,2.6878799544647336
9100,133950,1,0,2.6939920498989522
9101,133951,1,0,2.6894829934462905
9102,133952,1,0,2.679324010387063
9103,133953,1,0,2.6973779895342886
9104,133954,1,0,2.6938209775835276
9105,133955,1,0,2.6921179960481822
9106,133956,1,1,2.8054480208083987
9107,133957,1,0,2.6934200432151556
9108,133958,1,0,2.6902949903160334
9109,133959,1,0,2.6737640146166086
9110,133960,1,0,2.6956750079989433
9111,133961,1,0,2.680968027561903
9112,133962,1,0,2.6902949903160334
9113,133963,1,0,2.674084040336311
9114,133964,1,0,2.6925390120595694
9115,133965,1,0,2.694121969398111
9116,133966,1,0,2.6790539850480855
9117,133967,1,0,2.677170967217535
9118,133968,1,0,2.684403967577964
9119,133969,1,0,2.6829310227185488
9120,133970,1,0,2.6671820087358356
9121,133971,1,0,2.6877089985646307
9122,133972,1,0,2.6844440144486725
9123,133973,1,1,2.6762689813040197
9124,133974,1,0,2.6723010232672095
9125,133975,1,0,2.6850050198845565
9126,133976,1,0,2.689443004783243
9127,133977,1,0,2.674626011867076
9128,133978,1,0,2.6873090537264943
9129,133979,1,0,2.6884819963015616
9130,133980,1,0,2.6768999523483217
9131,133981,1,0,2.6831409777514637
9132,133982,1,0,2.810025995131582
9133,133983,1,0,2.686738036572933
9134,133984,1,0,2.677821961697191
9135,133985,1,0,2.69838998792693
9136,133986,1,0,2.7033690130338073
9137,133987,1,0,2.684362989384681
9138,133988,1,0,2.6770500116981566
9139,133989,1,0,2.694902999792248
9140,133990,1,1,2.688952023163438
9141,133991,1,0,2.680366043932736
9142,133992,1,0,2.6851650327444077
9143,133993,1,0,2.6918670046143234
9144,133994,1,0,2.6887920103035867
9145,133995,1,0,2.6815590099431574
9146,133996,1,0,2.6955449720844626
9147,133997,1,0,2.690174034796655
9148,133998,1,0,2.6992810308001935
9149,133999,1,0,2.684063045307994
9150,134000,1,0,2.6956350193358958
9151,134001,1,0,2.696857030969113
9152,134002,1,0,2.6887819985859096
9153,134003,1,0,2.7000830159522593
9154,134004,1,0,2.703889971598983
9155,134005,1,0,2.698049007449299
9156,134006,1,0,2.679234021343291
9157,134007,1,1,2.6944319834001362
9158,134008,1,0,2.697809017263353
9159,134009,1,0,2.8276490047574043
9160,134010,1,0,2.686507999897003
9161,134011,1,0,2.6936809881590307
9162,134012,1,0,2.6956850197166204
9163,134013,1,0,2.7134580304846168
9164,134014,1,0,2.7178559685125947
9165,134015,1,0,2.7540330193005502
9166,134016,1,0,2.702997997403145
9167,134017,1,0,2.6909360312856734
9168,134018,1,0,2.6921979733742774
9169,134019,1,0,2.6916980277746916
9170,134020,1,0,2.687860047444701
9171,134021,1,0,2.68566602608189
9172,134022,1,0,2.695925999432802
9173,134023,1,0,2.6914970367215574
9174,134024,1,1,2.683330967556685
9175,134025,1,0,2.698199008591473
9176,134026,1,0,2.6891930028796196
9177,134027,1,0,2.6987000019289553
9178,134028,1,0,2.6907349820248783
9179,134029,1,0,2.6875599869526923
9180,134030,1,0,2.6916470378637314
9181,134031,1,0,2.693279995582998
9182,134032,1,0,2.6792740100063384
9183,134033,1,0,2.6860469952225685
9184,134034,1,0,2.697659016121179
9185,134035,1,0,2.7993659605272114
9186,134036,1,0,2.676439005881548
9187,134037,1,0,2.6948029990307987
9188,134038,1,0,2.6952739572152495
9189,134039,1,0,2.675878000445664
9190,134040,1,0,2.7000929694622755
9191,134041,1,1,2.684002975001931
9192,134042,1,0,2.6855760370381176
9193,134043,1,0,2.675177005585283
9194,134044,1,0,2.692990005016327
9195,134045,1,0,2.6886610430665314
9196,134046,1,0,2.6800750056281686
9197,134047,1,0,2.688881999347359
9198,134048,1,0,2.693010028451681
9199,134049,1,0,2.693129994440824
9200,134050,1,0,2.6814090088009834
9201,134051,1,0,2.6944229612126946
9202,134052,1,0,2.70173599710688
9203,134053,1,0,2.6756980223581195
9204,134054,1,0,2.688951964955777
9205,134055,1,0,2.6936610229313374
9206,134056,1,0,2.6936709764413536
9207,134057,1,0,2.6750959805212915
9208,134058,1,0,2.6991909835487604
9209,134059,1,1,2.6956049841828644
9210,134060,1,0,2.6910059968940914
9211,134061,1,0,2.6899839867837727
9212,134062,1,0,2.814885985571891
9213,134063,1,0,2.6956949732266366
9214,134064,1,0,2.6778309838846326
9215,134065,1,0,2.6811679708771408
9216,134066,1,0,2.6914660120382905
9217,134067,1,0,2.6850749854929745
9218,134068,1,0,2.678874006960541
9219,134069,1,0,2.6951429899781942
9220,134070,1,0,2.686857944354415
9221,134071,1,0,2.6815379969775677
9222,134072,1,0,2.686027029994875
9223,134073,1,0,2.7051829965785146
9224,134074,1,0,2.6920679956674576
9225,134075,1,0,2.67974502639845
9226,134076,1,1,2.6959649985656142
9227,134077,1,0,2.69342097453773
9228,134078,1,0,2.6776519953273237
9229,134079,1,0,2.676278993021697
9230,134080,1,0,2.6915069902315736
9231,134081,1,0,2.690004010219127
9232,134082,1,0,2.671469992492348
9233,134083,1,0,2.6850849972106516
9234,134084,1,0,2.6890519657172263
9235,134085,1,0,2.6780919870361686
9236,134086,1,0,2.6815379969775677
9237,134087,1,0,2.691547037102282
9238,134088,1,0,2.816448046360165
9239,134089,1,0,2.685516024939716
9240,134090,1,0,2.6777719613164663
9241,134091,1,0,2.68448400311172
9242,134092,1,0,2.6944829733110964
9243,134093,1,1,2.681408019270748
9244,134094,1,0,2.68543598940596
9245,134095,1,0,2.6857859920710325
9246,134096,1,0,2.682871010620147
9247,134097,1,0,2.673484035767615
9248,134098,1,0,2.689282991923392
9249,134099,1,0,2.6860670186579227
9250,134100,1,0,2.6817480102181435
9251,134101,1,0,2.687840024009347
9252,134102,1,0,2.6823499938473105
9253,134103,1,0,2.6719809975475073
9254,134104,1,0,2.677090000361204
9255,134105,1,0,2.688993001356721
9256,134106,1,0,2.6870190049521625
9257,134107,1,0,2.6818789774551988
9258,134108,1,0,2.69419199321419
9259,134109,1,0,2.6963059790432453
9260,134110,1,1,2.698781026992947
9261,134111,1,0,2.6731329853646457
9262,134112,1,0,2.700352983083576
9263,134113,1,0,2.700945013202727
9264,134114,1,0,2.683171012904495
9265,134115,1,0,2.812110004015267
9266,134116,1,0,2.684724982827902
9267,134117,1,0,2.6866479893215
9268,134118,1,0,2.680275996681303
9269,134119,1,0,2.692589012440294
9270,134120,1,0,2.692769980058074
9271,134121,1,0,2.6843230007216334
9272,134122,1,0,2.6757779996842146
9273,134123,1,0,2.6887719868682325
9274,134124,1,0,2.6983789866790175
9275,134125,1,0,2.6803459622897208
9276,134126,1,0,2.699600998312235
9277,134127,1,1,2.689602959435433
9278,134128,1,0,2.7753119939006865
9279,134129,1,0,2.7103720349259675
9280,134130,1,0,2.7110830415040255
9281,134131,1,0,2.693411021027714
9282,134132,1,0,2.696837007533759
9283,134133,1,0,2.6770199765451252
9284,134134,1,0,2.697488002013415
9285,134135,1,0,2.690014021936804
9286,134136,1,0,2.6848040288314223
9287,134137,1,0,2.6771299890242517
9288,134138,1,0,2.6975080254487693
9289,134139,1,0,2.691285975743085
9290,134140,1,0,2.682399994228035
9291,134141,1,0,2.821207046508789
9292,134142,1,0,2.6972980122081935
9293,134143,1,0,2.6966759469360113
9294,134144,1,1,2.688571054022759
9295,134145,1,0,2.697617979720235
9296,134146,1,0,2.692537964321673
9297,134147,1,0,2.6951339677907526
9298,134148,1,0,2.6819489430636168
9299,134149,1,0,2.6936809881590307
9300,134150,1,0,2.6898040086962283
9301,134151,1,0,2.6793149881996214
9302,134152,1,0,2.685034996829927
9303,134153,1,0,2.6922979741357267
9304,134154,1,0,2.690035034902394
9305,134155,1,0,2.687119005713612
9306,134156,1,0,2.7102319872938097
9307,134157,1,0,2.7014060178771615
9308,134158,1,0,2.6898839860223234
9309,134159,1,0,2.6938910013996065
9310,134160,1,0,2.6947520091198385
9311,134161,1,1,2.6927299913950264
9312,134162,1,0,2.6752270059660077
9313,134163,1,0,2.70294799702242
9314,134164,1,0,2.7049320051446557
9315,134165,1,0,2.690505003556609
9316,134166,1,0,2.6810370036400855
9317,134167,1,0,2.6971070328727365
9318,134168,1,0,2.832848986145109
9319,134169,1,0,2.7040300192311406
9320,134170,1,0,2.6770399999804795
9321,134171,1,0,2.6953640044666827
9322,134172,1,0,2.697066986002028
9323,134173,1,0,2.679234021343291
9324,134174,1,0,2.670096990186721
9325,134175,1,0,2.685055020265281
9326,134176,1,0,2.686627965886146
9327,134177,1,0,2.6827800320461392
9328,134178,1,1,2.694352006074041
9329,134179,1,0,2.6940919924527407
9330,134180,1,0,2.676028001587838
9331,134181,1,0,2.684824983589351
9332,134182,1,0,2.6865280233323574
9333,134183,1,0,2.6881099911406636
9334,134184,1,0,2.6797459577210248
9335,134185,1,0,2.692478010430932
9336,134186,1,0,2.6858969940803945
9337,134187,1,0,2.681619022041559
9338,134188,1,0,2.685516024939716
9339,134189,1,0,2.6875800103880465
9340,134190,1,0,2.6859460049308836
9341,134191,1,0,2.6712490362115204
9342,134192,1,0,2.690826018806547
9343,134193,1,0,2.6820889906957746
9344,134194,1,0,2.805547963362187
9345,134195,1,1,2.670376969035715
9346,134196,1,0,2.6834820164367557
9347,134197,1,0,2.688560984097421
9348,134198,1,0,2.6769799878820777
9349,134199,1,0,2.7060339925810695
9350,134200,1,0,2.7008239994756877
9351,134201,1,0,2.687699976377189
9352,134202,1,0,2.6844640378840268
9353,134203,1,0,2.6959049864672124
9354,134204,1,0,2.6891829911619425
9355,134205,1,0,2.686507999897003
9356,134206,1,0,2.6903949910774827
9357,134207,1,0,2.695895964279771
9358,134208,1,0,2.697638003155589
9359,134209,1,0,2.7564570191316307
9360,134210,1,0,2.688320993911475
9361,134211,1,0,2.686637977603823
9362,134212,1,1,2.6923479745164514
9363,134213,1,0,2.673633978702128
9364,134214,1,0,2.690004010219127
9365,134215,1,0,2.686086983885616
9366,134216,1,0,2.6807370013557374
9367,134217,1,0,2.6833820156753063
9368,134218,1,0,2.6884610415436327
9369,134219,1,0,2.6920170057564974
9370,134220,1,0,2.677481039427221
9371,134221,1,0,2.8130420250818133
9372,134222,1,0,2.6928290026262403
9373,134223,1,0,2.684152976144105
9374,134224,1,0,2.674055052921176
9375,134225,1,0,2.689483982976526
9376,134226,1,0,2.688752021640539
9377,134227,1,0,2.6769800460897386
9378,134228,1,0,2.695473958738148
9379,134229,1,1,2.6863470557145774
9380,134230,1,0,2.691777015570551
9381,134231,1,0,2.670518006198108
9382,134232,1,0,2.686558000277728
9383,134233,1,0,2.6840429636649787
9384,134234,1,0,2.6793849538080394
9385,134235,1,0,2.6914269546978176
9386,134236,1,0,2.691125962883234
9387,134237,1,0,2.6919880183413625
9388,134238,1,0,2.675126015674323
9389,134239,1,0,2.6845039683394134
9390,134240,1,0,2.6876190095208585
9391,134241,1,0,2.6853849994949996
9392,134242,1,0,2.6868179556913674
9393,134243,1,0,2.6899839867837727
9394,134244,1,0,2.6920780073851347
9395,134245,1,0,2.6740849716588855
9396,134246,1,1,2.6837819605134428
9397,134247,1,0,2.8122100047767162
9398,134248,1,0,2.690735971555114
9399,134249,1,0,2.674634975846857
9400,134250,1,0,2.6912169996649027
9401,134251,1,0,2.691807982046157
9402,134252,1,0,2.6797460159286857
9403,134253,1,0,2.6886409614235163
9404,134254,1,0,2.6909460430033505
9405,134255,1,0,2.6878410135395825
9406,134256,1,0,2.673223032616079
9407,134257,1,0,2.6962249539792538
9408,134258,1,0,2.7030989876948297
9409,134259,1,0,2.68325099023059
9410,134260,1,0,2.685675979591906
9411,134261,1,0,2.69663700601086
9412,134262,1,0,2.689923974685371
9413,134263,1,1,2.6875099865719676
9414,134264,1,0,2.6906050043180585
9415,134265,1,0,2.690985973458737
9416,134266,1,0,2.6855759788304567
9417,134267,1,0,2.6861170190386474
9418,134268,1,0,2.689261978957802
9419,134269,1,0,2.683533006347716
9420,134270,1,0,2.670157002285123
9421,134271,1,0,2.6817689649760723
9422,134272,1,0,2.6914470363408327
9423,134273,1,0,2.6796440361067653
9424,134274,1,0,2.811338985338807
9425,134275,1,0,2.6904550031758845
9426,134276,1,0,2.684774051886052
9427,134277,1,0,2.673654002137482
9428,134278,1,0,2.6847239932976663
9429,134279,1,0,2.6900640223175287
9430,134280,1,1,2.6851549628190696
9431,134281,1,0,2.674125018529594
9432,134282,1,0,2.6849149726331234
9433,134283,1,0,2.6860770303756
9434,134284,1,0,2.671279013156891
9435,134285,1,0,2.6896329945884645
9436,134286,1,0,2.6840330101549625
9437,134287,1,0,2.694743045140058
9438,134288,1,0,2.67290195915848
9439,134289,1,0,2.680135949049145
9440,134290,1,0,2.683081023860723
9441,134291,1,0,2.671730995643884
9442,134292,1,0,2.6880999794229865
9443,134293,1,0,2.693360031116754
9444,134294,1,0,2.6905849808827043
9445,134295,1,0,2.6712300023064017
9446,134296,1,0,2.6851450093090534
9447,134297,1,1,2.6940020034089684
9448,134298,1,0,2.6865769759751856
9449,134299,1,0,2.688871987629682
9450,134300,1,0,2.816569001879543
9451,134301,1,0,2.695885021239519
9452,134302,1,0,2.678752993233502
9453,134303,1,0,2.6847340050153434
9454,134304,1,0,2.693129994440824
9455,134305,1,0,2.6924590347334743
9456,134306,1,0,2.6672620442695916
9457,134307,1,0,2.6850849972106516
9458,134308,1,0,2.6918869698420167
9459,134309,1,0,2.681919955648482
9460,134310,1,0,2.684713981579989
9461,134311,1,0,2.6873190072365105
9462,134312,1,0,2.6949040475301445
9463,134313,1,0,2.676439005881548
9464,134314,1,1,2.6881099911406636
9465,134315,1,0,2.681528974790126
9466,134316,1,0,2.682160004042089
9467,134317,1,0,2.6820299681276083
9468,134318,1,0,2.686226973310113
9469,134319,1,0,2.681177982594818
9470,134320,1,0,2.669686044100672
9471,134321,1,0,2.685746003407985
9472,134322,1,0,2.685254963580519
9473,134323,1,0,2.6730329846031964
9474,134324,1,0,2.6940909447148442
9475,134325,1,0,2.6823600055649877
9476,134326,1,0,2.679295022971928
9477,134327,1,0,2.79881595633924
9478,134328,1,0,2.688672044314444
9479,134329,1,0,2.686578023713082
9480,134330,1,0,2.6735839783214033
9481,134331,1,1,2.6741749607026577
9482,134332,1,0,2.6849249843508005
9483,134333,1,0,2.675798023119569
9484,134334,1,0,2.6611199718900025
9485,134335,1,0,2.6873989845626056
9486,134336,1,0,2.690265013370663
9487,134337,1,0,2.6732530095614493
9488,134338,1,0,2.6710890233516693
9489,134339,1,0,2.6871790178120136
9490,134340,1,0,2.686096995603293
9491,134341,1,0,2.6683149626478553
9492,134342,1,0,2.6824800297617912
9493,134343,1,0,2.6824099477380514
9494,134344,1,0,2.671901020221412
9495,134345,1,0,2.670026966370642
9496,134346,1,0,2.684153034351766
9497,134347,1,0,2.6828210102394223
9498,134348,1,1,2.6687249774113297
9499,134349,1,0,2.6844239910133183
9500,134350,1,0,2.6836530305445194
9501,134351,1,0,2.683030965272337
9502,134352,1,0,2.6908660074695945
9503,134353,1,0,2.813942963257432
9504,134354,1,0,2.682250051293522
9505,134355,1,0,2.6714790146797895
9506,134356,1,0,2.6918179937638342
9507,134357,1,0,2.6861769729293883
9508,134358,1,0,2.6756669976748526
9509,134359,1,0,2.6813989970833063
9510,134360,1,0,2.6925489655695856
9511,134361,1,0,2.69122701138258
9512,134362,1,0,2.6872589951381087
9513,134363,1,0,2.6881310041062534
9514,134364,1,0,2.6916780043393373
9515,134365,1,0,2.696235023904592
9516,134366,1,1,2.6759490137919784
9517,134367,1,0,2.6894930051639676
9518,134368,1,0,2.69081600708887
9519,134369,1,0,2.673593000508845
9520,134370,1,0,2.680285950191319
9521,134371,1,0,2.689753018785268
9522,134372,1,0,2.6891229790635407
9523,134373,1,0,2.681669022422284
9524,134374,1,0,2.6946620200760663
9525,134375,1,0,2.6897729840129614
9526,134376,1,0,2.6778809842653573
9527,134377,1,0,2.679094031918794
9528,134378,1,0,2.695153991226107
9529,134379,1,0,2.6871090522035956
9530,134380,1,0,2.801130001898855
9531,134381,1,0,2.6852659648284316
9532,134382,1,0,2.6833409792743623
9533,134383,1,1,2.6806569658219814
9534,134384,1,0,2.67748098121956
9535,134385,1,0,2.694823022466153
9536,134386,1,0,2.685376035515219
9537,134387,1,0,2.6814190205186605
9538,134388,1,0,2.6939509552903473
9539,134389,1,0,2.6944619603455067
9540,134390,1,0,2.690505003556609
9541,134391,1,0,2.674835966899991
9542,134392,1,0,2.696885960176587
9543,134393,1,0,2.69120599841699
9544,134394,1,0,2.6782730128616095
9545,134395,1,0,2.6860269717872143
9546,134396,1,0,2.689933986403048
9547,134397,1,0,2.686466963496059
9548,134398,1,0,2.6674920227378607
9549,134399,1,0,2.6833820156753063
9550,134400,1,1,2.692227950319648
9551,134401,1,0,2.688491018489003
9552,134402,1,0,2.676930045709014
9553,134403,1,0,2.6914170011878014
9554,134404,1,0,2.6906260172836483
9555,134405,1,0,2.6805969537235796
9556,134406,1,0,2.8095049783587456
9557,134407,1,0,2.6990509941242635
9558,134408,1,0,2.68958299420774
9559,134409,1,0,2.681738988030702
9560,134410,1,0,2.6931799948215485
9561,134411,1,0,2.689523040316999
9562,134412,1,0,2.6900439988821745
9563,134413,1,0,2.689143002498895
9564,134414,1,0,2.695524017326534
9565,134415,1,0,2.6933500193990767
9566,134416,1,0,2.6788130053319037
9567,134417,1,1,2.68085696734488
9568,134418,1,0,2.697788004297763
9569,134419,1,0,2.682310005184263
9570,134420,1,0,2.686969004571438
9571,134421,1,0,2.6928700390271842
9572,134422,1,0,2.6914170011878014
9573,134423,1,0,2.670287969522178
9574,134424,1,0,2.6942120166495442
9575,134425,1,0,2.685616025701165
9576,134426,1,0,2.675906987860799
9577,134427,1,0,2.6883119717240334
9578,134428,1,0,2.6920370291918516
9579,134429,1,0,2.68489500740543
9580,134430,1,0,2.6727020158432424
9581,134431,1,0,2.6845039683394134
9582,134432,1,0,2.6869589928537607
9583,134433,1,0,2.811398997437209
9584,134434,1,1,2.678041986655444
9585,134435,1,0,2.692668989766389
9586,134436,1,0,2.692358975764364
9587,134437,1,0,2.6808070251718163
9588,134438,1,0,2.6808769907802343
9589,134439,1,0,2.688391017727554
9590,134440,1,0,2.696837007533759
9591,134441,1,0,2.660088997799903
9592,134442,1,0,2.688881999347359
9593,134443,1,0,2.682880964130163
9594,134444,1,0,2.6851160218939185
9595,134445,1,0,2.679804980289191
9596,134446,1,0,2.6825100067071617
9597,134447,1,0,2.6819600025191903
9598,134448,1,0,2.680045028682798
9599,134449,1,0,2.691236964892596
9600,134450,1,0,2.686027029994875
9601,134451,1,1,2.6784619549289346
9602,134452,1,0,2.681337995454669
9603,134453,1,0,2.682109014131129
9604,134454,1,0,2.6847439585253596
9605,134455,1,0,2.6743850321508944
9606,134456,1,0,2.6867580018006265
9607,134457,1,0,2.6922690449282527
9608,134458,1,0,2.6777609600685537
9609,134459,1,0,2.803234034217894
9610,134460,1,0,2.6973079657182097
9611,134461,1,0,2.685525978449732
9612,134462,1,0,2.6859869831241667
9613,134463,1,0,2.6841930230148137
9614,134464,1,0,2.6934199850074947
9615,134465,1,0,2.692088019102812
9616,134466,1,0,2.673494047485292
9617,134467,1,0,2.6920379605144262
9618,134468,1,1,2.7020169654861093
9619,134469,1,0,2.677940996363759
9620,134470,1,0,2.694954047910869
9621,134471,1,0,2.6900749653577805
9622,134472,1,0,2.700153039768338
9623,134473,1,0,2.6856259792111814
9624,134474,1,0,2.6876190095208585
9625,134475,1,0,2.698310010600835
9626,134476,1,0,2.681838988792151
9627,134477,1,0,2.678913006093353
9628,134478,1,0,2.696496027056128
9629,134479,1,0,2.6922780089080334
9630,134480,1,0,2.682149992324412
9631,134481,1,0,2.692268986720592
9632,134482,1,0,2.691807982046157
9633,134483,1,0,2.6890620356425643
9634,134484,1,0,2.6740949833765626
9635,134485,1,1,2.6904139667749405
9636,134486,1,0,2.814555016811937
9637,134487,1,0,2.6733330450952053
9638,134488,1,0,2.6772209675982594
9639,134489,1,0,2.689332002773881
9640,134490,1,0,2.693300019018352
9641,134491,1,0,2.6876399642787874
9642,134492,1,0,2.6963050477206707
9643,134493,1,0,2.6989909820258617
9644,134494,1,0,2.6906949933618307
9645,134495,1,0,2.676359028555453
9646,134496,1,0,2.699101052712649
9647,134497,1,0,2.698309952393174
9648,134498,1,0,2.6877899654209614
9649,134499,1,0,2.678884018678218
9650,134500,1,0,2.68881197553128
9651,134501,1,0,2.6893930044025183
9652,134502,1,1,2.6719009620137513
9653,134503,1,0,2.6849639834836125
9654,134504,1,0,2.68273102119565
9655,134505,1,0,2.671170048415661
9656,134506,1,0,2.7162229525856674
9657,134507,1,0,2.692428999580443
9658,134508,1,0,2.722684992477298
9659,134509,1,0,2.6689950027503073
9660,134510,1,0,2.6793350116349757
9661,134511,1,0,2.6964559801854193
9662,134512,1,0,2.8159269713796675
9663,134513,1,0,2.677931042853743
9664,134514,1,0,2.737472008448094
9665,134515,1,0,2.7421110426075757
9666,134516,1,0,2.722513978369534
9667,134517,1,0,2.7307900018058717
9668,134518,1,0,2.695614006370306
9669,134519,1,1,2.7202400378882885
9670,134520,1,0,2.7028079493902624
9671,134521,1,0,2.6887619751505554
9672,134522,1,0,2.6856359909288585
9673,134523,1,0,2.692368987482041
9674,134524,1,0,2.7034200029447675
9675,134525,1,0,2.6902349782176316
9676,134526,1,0,2.7384540298953652
9677,134527,1,0,2.690035034902394
9678,134528,1,0,2.682149992324412
9679,134529,1,0,2.6929599698632956
9680,134530,1,0,2.6855560136027634
9681,134531,1,0,2.6863370439969003
9682,134532,1,0,2.673854003660381
9683,134533,1,0,2.6948529994115233
9684,134534,1,0,2.687380008865148
9685,134535,1,0,2.6788630057126284
9686,134536,1,1,2.6919879601337016
9687,134537,1,0,2.701314981095493
9688,134538,1,0,2.7009640471078455
9689,134539,1,0,2.8099160408601165
9690,134540,1,0,2.6894130278378725
9691,134541,1,0,2.693620976060629
9692,134542,1,0,2.684222999960184
9693,134543,1,0,2.669957000762224
9694,134544,1,0,2.701596007682383
9695,134545,1,0,2.689213026314974
9696,134546,1,0,2.6811080169864
9697,134547,1,0,2.685045008547604
9698,134548,1,0,2.690986031666398
9699,134549,1,0,2.690264955163002
9700,134550,1,0,11.012243980076164
9701,134551,1,0,2.6716800057329237
9702,134552,1,0,2.6950830360874534
9703,134553,1,1,2.6964159915223718
9704,134554,1,0,2.6755870203487575
9705,134555,1,0,2.67776200780645
9706,134556,1,0,2.7002330170944333
9707,134557,1,0,2.6899740332737565
9708,134558,1,0,2.675756986718625
9709,134559,1,0,2.6998930261470377
9710,134560,1,0,2.694631984923035
9711,134561,1,0,2.684152976144105
9712,134562,1,0,2.696467039640993
9713,134563,1,0,2.69817904336378
9714,134564,1,0,2.699231030419469
9715,134565,1,0,2.8147349948994815
9716,134566,1,0,2.6655590045265853
9717,134567,1,0,2.6846040273085237
9718,134568,1,0,2.6917680515907705
9719,134569,1,0,2.675106981769204
9720,134570,1,1,2.6807370013557374
9721,134571,1,0,2.6901940000243485
9722,134572,1,0,2.689111977815628
9723,134573,1,0,2.6707780198194087
9724,134574,1,0,2.6920679956674576
9725,134575,1,0,2.681999991182238
9726,134576,1,0,2.6776010054163635
9727,134577,1,0,2.6880610384978354
9728,134578,1,0,2.694452996365726
9729,134579,1,0,2.6849950081668794
9730,134580,1,0,2.681819023564458
9731,134581,1,0,2.6984799769707024
9732,134582,1,0,2.755295019596815
9733,134583,1,0,2.686578023713082
9734,134584,1,0,2.6821689680218697
9735,134585,1,0,2.689021988771856
9736,134586,1,0,2.690154011361301
9737,134587,1,1,2.6685039629228413
9738,134588,1,0,2.686296997126192
9739,134589,1,0,2.6905660051852465
9740,134590,1,0,2.67882295884192
9741,134591,1,0,2.68190901260823
9742,134592,1,0,2.8151259757578373
9743,134593,1,0,2.6982289855368435
9744,134594,1,0,2.6800860068760812
9745,134595,1,0,2.681449055671692
9746,134596,1,0,2.6942119584418833
9747,134597,1,0,2.697617979720235
9748,134598,1,0,2.685965970158577
9749,134599,1,0,2.686296997126192
9750,134600,1,0,2.691035973839462
9751,134601,1,0,2.677972021047026
9752,134602,1,0,2.6771410484798253
9753,134603,1,0,2.692418987862766
9754,134604,1,1,2.694752998650074
9755,134605,1,0,2.685525978449732
9756,134606,1,0,2.6966570294462144
9757,134607,1,0,2.696596027817577
9758,134608,1,0,2.6934510096907616
9759,134609,1,0,2.7242869837209582
9760,134610,1,0,2.7334950282238424
9761,134611,1,0,2.698199008591473
9762,134612,1,0,2.6819389895536005
9763,134613,1,0,2.6756080333143473
9764,134614,1,0,2.690425026230514
9765,134615,1,0,2.693079994060099
9766,134616,1,0,2.6797549799084663
9767,134617,1,0,2.695714996661991
9768,134618,1,0,2.827348012942821
9769,134619,1,0,2.6914759655483067
9770,134620,1,0,2.689753018785268
9771,134621,1,1,2.696787007153034
9772,134622,1,0,2.695324015803635
9773,134623,1,0,2.703247999306768
9774,134624,1,0,2.684283012058586
9775,134625,1,0,2.6978389942087233
9776,134626,1,0,2.694832975976169
9777,134627,1,0,2.6862980448640883
9778,134628,1,0,2.6873889728449285
9779,134629,1,0,2.6981590199284256
9780,134630,1,0,2.705582999624312
9781,134631,1,0,2.6882909587584436
9782,134632,1,0,2.697338000871241
9783,134633,1,0,2.692499023396522
9784,134634,1,0,2.711272973101586
9785,134635,1,0,2.6789840194396675
9786,134636,1,0,2.6953850174322724
9787,134637,1,0,2.6994519867002964
9788,134638,1,1,2.6992809725925326
9789,134639,1,0,2.692499023396522
9790,134640,1,0,2.7026080060750246
9791,134641,1,0,2.7007239987142384
9792,134642,1,0,2.7247979887761176
9793,134643,1,0,2.6946529978886247
9794,134644,1,0,2.6967970188707113
9795,134645,1,0,2.8540980420075357
9796,134646,1,0,2.7368610026314855
9797,134647,1,0,2.7162230107933283
9798,134648,1,0,2.70091398851946
9799,134649,1,0,2.696205978281796
9800,134650,1,0,2.715240989346057
9801,134651,1,0,2.7162329643033445
9802,134652,1,0,2.7766539715230465
9803,134653,1,0,2.7003330178558826
9804,134654,1,0,2.7063940069638193
9805,134655,1,1,2.6790639967657626
9806,134656,1,0,2.683983009774238
9807,134657,1,0,2.727053011767566
9808,134658,1,0,2.670518006198108
9809,134659,1,0,2.7229050174355507
9810,134660,1,0,2.6939010131172836
9811,134661,1,0,2.6858759811148047
9812,134662,1,0,2.6841029757633805
9813,134663,1,0,2.6818790356628597
9814,134664,1,0,2.7010650373995304
9815,134665,1,0,2.791282022371888
9816,134666,1,0,2.689874032512307
9817,134667,1,0,2.699010947253555
9818,134668,1,0,2.7052219957113266
9819,134669,1,0,2.683432016056031
9820,134670,1,0,2.698199008591473
9821,134671,1,0,2.819604007527232
9822,134672,1,1,2.7606349904090166
9823,134673,1,0,2.6806470123119652
9824,134674,1,0,2.6898839860223234
9825,134675,1,0,2.701414981856942
9826,134676,1,0,2.6996019878424704
9827,134677,1,0,2.689843997359276
9828,134678,1,0,2.725869999267161
9829,134679,1,0,2.7396660298109055
9830,134680,1,0,2.6908860309049487
9831,134681,1,0,2.6783820358105004
9832,134682,1,0,2.703028963878751
9833,134683,1,0,2.7003129944205284
9834,134684,1,0,2.690394001547247
9835,134685,1,0,2.692589012440294
9836,134686,1,0,2.7147100190632045
9837,134687,1,0,2.708788961172104
9838,134688,1,0,2.6997930253855884
9839,134689,1,0,2.7054729871451855
9840,134690,1,1,2.7083579916507006
9841,134691,1,0,2.696906973142177
9842,134692,1,0,2.6776610175147653
9843,134693,1,0,2.710252010729164
9844,134694,1,0,2.712916990276426
9845,134695,1,0,2.683752973098308
9846,134696,1,0,2.6795550365932286
9847,134697,1,0,2.7492940425872803
9848,134698,1,0,2.865509013645351
9849,134699,1,0,2.711683977395296
9850,134700,1,0,2.6880110381171107
9851,134701,1,0,2.7318020001985133
9852,134702,1,0,2.711192995775491
9853,134703,1,0,2.700362994801253
9854,134704,1,0,2.685034996829927
9855,134705,1,0,2.703690028283745
9856,134706,1,0,2.7073060045950115
9857,134707,1,1,2.6984300347976387
9858,134708,1,0,2.6852760347537696
9859,134709,1,0,2.78297602199018
9860,134710,1,0,2.7042609872296453
9861,134711,1,0,2.762969001196325
9862,134712,1,0,2.675126015674323
9863,134713,1,0,2.6961559779010713
9864,134714,1,0,2.692218986339867
9865,134715,1,0,2.712205983698368
9866,134716,1,0,2.6865279651246965
9867,134717,1,0,2.6979189715348184
9868,134718,1,0,2.706324972677976
9869,134719,1,0,2.7634010184556246
9870,134720,1,0,2.6987710152752697
9871,134721,1,0,2.702857949770987
9872,134722,1,0,2.7099709841422737
9873,134723,1,0,2.6864170213229954
9874,134724,1,1,2.914419979788363
9875,134725,1,0,2.7015850064344704
9876,134726,1,0,2.6954240165650845
9877,134727,1,0,2.680365985725075
9878,134728,1,0,2.6857960037887096
9879,134729,1,0,2.702236990444362
9880,134730,1,0,2.6988600147888064
9881,134731,1,0,2.685946994461119
9882,134732,1,0,2.7033889782615006
9883,134733,1,0,2.700292970985174
9884,134734,1,0,2.701314981095493
9885,134735,1,0,2.678041986655444
9886,134736,1,0,2.7045609895139933
9887,134737,1,0,2.712015004362911
9888,134738,1,0,2.7284359675832093
9889,134739,1,0,2.679303986951709
9890,134740,1,0,2.7186269871890545
9891,134741,1,1,2.6878700009547174
9892,134742,1,0,2.6775909936986864
9893,134743,1,0,2.6926790014840662
9894,134744,1,0,2.7267319965176284
9895,134745,1,0,2.736058959271759
9896,134746,1,0,2.703739970456809
9897,134747,1,0,2.7015350060537457
9898,134748,1,0,2.712827001232654
9899,134749,1,0,2.6946029975079
9900,134750,1,0,2.6793539873324335
9901,134751,1,0,2.8136930195614696
9902,134752,1,0,2.699611010029912
9903,134753,1,0,2.6958659873344004
9904,134754,1,0,2.6755669969134033
9905,134755,1,0,2.7319620130583644
9906,134756,1,0,2.74527701549232
9907,134757,1,0,2.6974479551427066
9908,134758,1,1,2.680637000594288
9909,134759,1,0,2.7002629940398037
9910,134760,1,0,2.697076997719705
9911,134761,1,0,2.684463979676366
9912,134762,1,0,2.6923679979518056
9913,134763,1,0,2.707617008127272
9914,134764,1,0,2.691345987841487
9915,134765,1,0,2.6866280240938067
9916,134766,1,0,2.6942419935949147
9917,134767,1,0,2.699240983929485
9918,134768,1,0,2.6893329923041165
9919,134769,1,0,2.7055430109612644
9920,134770,1,0,2.6980790426023304
9921,134771,1,0,2.6928900042548776
9922,134772,1,0,2.686087042093277
9923,134773,1,0,2.7006040327250957
9924,134774,1,0,2.70160601940006
9925,134775,1,1,2.7451259666122496
9926,134776,1,0,2.6718000299297273
9927,134777,1,0,2.8223100234754384
9928,134778,1,0,2.689624030608684
9929,134779,1,0,2.687860047444701
9930,134780,1,0,2.663295017555356
9931,134781,1,0,2.7279740315862
9932,134782,1,0,2.759912982583046
9933,134783,1,0,2.6913670008070767
9934,134784,1,0,2.689874032512307
9935,134785,1,0,2.697659016121179
9936,134786,1,0,2.694481983780861
9937,134787,1,0,2.68033699830994
9938,134788,1,0,2.686558000277728
9939,134789,1,0,2.6888520224019885
9940,134790,1,0,2.686588035430759
9941,134791,1,0,2.6718509616330266
9942,134792,1,1,2.686526975594461
9943,134793,1,0,2.6953640044666827
9944,134794,1,0,2.7783880359493196
9945,134795,1,0,2.6781929773278534
9946,134796,1,0,2.6965260040014982
9947,134797,1,0,2.692729001864791
9948,134798,1,0,2.6900150114670396
9949,134799,1,0,2.683282014913857
9950,134800,1,0,2.7000929694622755
9951,134801,1,0,2.693701011594385
9952,134802,1,0,2.6822899817489088
9953,134803,1,0,2.6912459870800376
9954,134804,1,0,2.8170690056867898
9955,134805,1,0,2.6886609848588705
9956,134806,1,0,2.674565010238439
9957,134807,1,0,2.6907260180450976
9958,134808,1,0,2.695603994652629
9959,134809,1,1,2.683783008251339
9960,134810,1,0,2.684173989109695
9961,134811,1,0,2.6923990226350725
9962,134812,1,0,2.739285002462566
9963,134813,1,0,2.7210210100747645
9964,134814,1,0,2.6870790170505643
9965,134815,1,0,2.6812079595401883
9966,134816,1,0,2.6939009549096227
9967,134817,1,0,2.6753569836728275
9968,134818,1,0,2.7737299678847194
9969,134819,1,0,2.7342959656380117
9970,134820,1,0,2.691938017960638
9971,134821,1,0,2.674204995855689
9972,134822,1,0,2.776955021545291
9973,134823,1,0,2.700212993659079
9974,134824,1,0,2.6940120151266456
9975,134825,1,0,2.6896229828707874
9976,134826,1,1,2.693471033126116
9977,134827,1,0,2.7005239971913397
9978,134828,1,0,2.736420021392405
9979,134829,1,0,2.6771799894049764
9980,134830,1,0,2.839271037373692
9981,134831,1,0,2.7112839743494987
9982,134832,1,0,2.694613009225577
9983,134833,1,0,2.678763004951179
9984,134834,1,0,2.69179797032848
9985,134835,1,0,2.6976080262102187
9986,134836,1,0,2.685525978449732
9987,134837,1,0,2.697407966479659
9988,134838,1,0,2.703209000173956
9989,134839,1,0,2.7039499836973846
9990,134840,1,0,2.6824300293810666
9991,134841,1,0,2.6902140234597027
9992,134842,1,0,2.695954986847937
9993,134843,1,1,2.69038398982957
9994,134844,1,0,2.689593005925417
9995,134845,1,0,2.697708026971668
9996,134846,1,0,2.690996043384075
9997,134847,1,0,2.693290007300675
9998,134848,1,0,2.701725985389203
9999,134849,1,0,2.7123059844598174
10000,134850,1,0,2.706325030885637
10001,134851,1,0,2.721722994465381
10002,134852,1,0,2.697297022677958
10003,134853,1,0,2.747480000834912
10004,134854,1,0,2.7344669797457755
10005,134855,1,0,2.8209160082042217
10006,134856,1,0,2.6986399898305535
10007,134857,1,0,2.8663910343311727
10008,134858,1,0,2.740297990385443
10009,134859,1,0,2.698760014027357
10010,134860,1,1,2.6791940326802433
10011,134861,1,0,2.692238020244986
10012,134862,1,0,2.6990409824065864
10013,134863,1,0,2.680566976778209
10014,134864,1,0,2.6889420114457607
10015,134865,1,0,2.685766958165914
10016,134866,1,0,2.695804985705763
10017,134867,1,0,2.780101029202342
10018,134868,1,0,2.780721988528967
10019,134869,1,0,2.693150017876178
10020,134870,1,0,2.766647026874125
10021,134871,1,0,2.6855560136027634
10022,134872,1,0,2.730239008087665
10023,134873,1,0,2.6958349626511335
10024,134874,1,0,2.6923990226350725
10025,134875,1,0,2.674585033673793
10026,134876,1,0,2.68981303088367
10027,134877,1,1,2.6944520068354905
10028,134878,1,0,2.6959250099025667
10029,134879,1,0,2.70039401948452
10030,134880,1,0,2.7013749931938946
10031,134881,1,0,2.686708001419902
10032,134882,1,0,2.6885420083999634
10033,134883,1,0,2.8153160237707198
10034,134884,1,0,2.6971579645760357
10035,134885,1,0,2.6977479574270546
10036,134886,1,0,2.6957449736073613
10037,134887,1,0,2.684153034351766
10038,134888,1,0,2.7008239994756877
10039,134889,1,0,2.69120599841699
10040,134890,1,0,2.6754970313049853
10041,134891,1,0,2.6927900034934282
10042,134892,1,0,2.6895939954556525
10043,134893,1,0,2.681328041944653
10044,134894,1,1,2.6836820179596543
10045,134895,1,0,2.6934799971058965
10046,134896,1,0,2.686938038095832
10047,134897,1,0,2.6777410530485213
10048,134898,1,0,2.7005940210074186
10049,134899,1,0,2.694752998650074
10050,134900,1,0,2.681819023564458
10051,134901,1,0,2.6813879958353937
10052,134902,1,0,2.6902849785983562
10053,134903,1,0,2.6970180333591998
10054,134904,1,0,2.686979016289115
10055,134905,1,0,2.695955045055598
10056,134906,1,0,2.700384007766843
10057,134907,1,0,2.69401102559641
10058,134908,1,0,2.678964054211974
10059,134909,1,0,2.698059019166976
10060,134910,1,0,3.003695048391819
10061,134911,1,1,2.7312900056131184
10062,134912,1,0,2.708177955355495
10063,134913,1,0,2.723907004110515
10064,134914,1,0,2.6911969762295485
10065,134915,1,0,2.7420910191722214
10066,134916,1,0,2.715712005738169
10067,134917,1,0,2.6818690239451826
10068,134918,1,0,2.696014998946339
10069,134919,1,0,2.696837007533759
10070,134920,1,0,2.719980024266988
10071,134921,1,0,2.713398018386215
10072,134922,1,0,2.7021269779652357
10073,134923,1,0,2.704871993046254
10074,134924,1,0,2.6948529994115233
10075,134925,1,0,2.7008139877580106
10076,134926,1,0,2.7697119512595236
10077,134927,1,0,2.7325929841026664
10078,134928,1,1,2.7102120220661163
10079,134929,1,0,2.731200016569346
10080,134930,1,0,2.7490740176290274
10081,134931,1,0,2.6937309885397553
10082,134932,1,0,2.679373952560127
10083,134933,1,0,2.697777992580086
10084,134934,1,0,2.7005330193787813
10085,134935,1,0,2.6960749528370798
10086,134936,1,0,2.805959025863558
10087,134937,1,0,2.6860670186579227
10088,134938,1,0,2.6873889728449285
10089,134939,1,0,2.687279018573463
10090,134940,1,0,2.674755989573896
10091,134941,1,0,2.695585018955171
10092,134942,1,0,2.739266026765108
10093,134943,1,0,2.754663990344852
10094,134944,1,0,2.6854549651034176
10095,134945,1,1,2.6921980315819383
10096,134946,1,0,2.6917969807982445
10097,134947,1,0,2.6789940311573446
10098,134948,1,0,2.6907360297627747
10099,134949,1,0,2.688149979803711
10100,134950,1,0,2.691728004720062
10101,134951,1,0,2.672933042049408
10102,134952,1,0,2.6966470177285373
10103,134953,1,0,2.700283017475158
10104,134954,1,0,2.6851759757846594
10105,134955,1,0,2.6961560361087322
10106,134956,1,0,2.786302997265011
10107,134957,1,0,2.696466981433332
10108,134958,1,0,2.683912985958159
10109,134959,1,0,2.6916670030914247
10110,134960,1,0,2.699361997656524
10111,134961,1,0,2.742532000411302
10112,134962,1,1,2.721783996094018
10113,134963,1,0,2.815517014823854
10114,134964,1,0,2.7107420028187335
10115,134965,1,0,2.6925589772872627
10116,134966,1,0,2.6807269896380603
10117,134967,1,0,2.6873289607465267
10118,134968,1,0,2.694471972063184
10119,134969,1,0,2.692888956516981
10120,134970,1,0,2.673162962310016
10121,134971,1,0,2.6904650148935616
10122,134972,1,0,2.6850849972106516
10123,134973,1,0,2.6819990016520023
10124,134974,1,0,2.766927005723119
10125,134975,1,0,2.69944203319028
10126,134976,1,0,2.6918479707092047
10127,134977,1,0,2.678362012375146
10128,134978,1,0,2.6900750235654414
10129,134979,1,1,2.6898339856415987
10130,134980,1,0,2.720750984735787
10131,134981,1,0,2.6711790123954415
10132,134982,1,0,2.693551010452211
10133,134983,1,0,2.6921979733742774
10134,134984,1,0,2.6741750189103186
10135,134985,1,0,2.686858002562076
10136,134986,1,0,2.6958949747495353
10137,134987,1,0,2.691606990993023
10138,134988,1,0,2.6851550210267305
10139,134989,1,0,2.824342984240502
10140,134990,1,0,2.691857982426882
10141,134991,1,0,2.693129994440824
10142,134992,1,0,2.6778019964694977
10143,134993,1,0,2.690073975827545
10144,134994,1,0,2.6901139644905925
10145,134995,1,0,2.672581991646439
10146,134996,1,1,2.6877199998125434
10147,134997,1,0,2.698439988307655
10148,134998,1,0,2.6939509552903473
10149,134999,1,0,2.764100965578109
10150,135000,1,0,2.682982012629509
10151,135001,1,0,2.774070017039776
10152,135002,1,0,2.7420910191722214
10153,135003,1,0,2.6785029913298786
10154,135004,1,0,2.6823499938473105
10155,135005,1,0,2.7424719883129
10156,135006,1,0,2.6962750125676394
10157,135007,1,0,2.6858460041694343
10158,135008,1,0,2.7057239785790443
10159,135009,1,0,2.7016549720428884
10160,135010,1,0,2.6996220112778246
10161,135011,1,0,2.696805982850492
10162,135012,1,0,2.7173749986104667
10163,135013,1,0,2.7039599954150617
10164,135014,1,1,2.7396060177125037
10165,135015,1,0,2.748591999989003
10166,135016,1,0,2.83179699908942
10167,135017,1,0,2.7096709818579257
10168,135018,1,0,2.708858984988183
10169,135019,1,0,2.6900949887931347
10170,135020,1,0,2.694953989703208
10171,135021,1,0,2.7019359986297786
10172,135022,1,0,2.690074034035206
10173,135023,1,0,2.6723220362327993
10174,135024,1,0,2.6947929873131216
10175,135025,1,0,2.6895030168816447
10176,135026,1,0,2.686937979888171
10177,135027,1,0,2.685385989025235
10178,135028,1,0,2.6988000026904047
10179,135029,1,0,2.6990509941242635
10180,135030,1,0,2.6755770086310804
10181,135031,1,1,2.698770025745034
10182,135032,1,0,2.710422035306692
10183,135033,1,0,2.688452019356191
10184,135034,1,0,2.6926990249194205
10185,135035,1,0,2.700623997952789
10186,135036,1,0,2.698509953916073
10187,135037,1,0,2.6900540105998516
10188,135038,1,0,2.6947730220854282
10189,135039,1,0,2.756075991783291
10190,135040,1,0,2.7284850366413593
10191,135041,1,0,2.7128359652124345
10192,135042,1,0,2.827549003995955
10193,135043,1,0,2.6959750102832913
10194,135044,1,0,2.6936809881590307
10195,135045,1,0,2.6896129711531103
10196,135046,1,0,2.694262017030269
10197,135047,1,0,2.6956750079989433
10198,135048,1,1,2.7893380029127
10199,135049,1,0,2.6996720116585493
10200,135050,1,0,2.700031967833638
10201,135051,1,0,2.709499967750162
10202,135052,1,0,2.7083680033683777
10203,135053,1,0,2.6913569890893996
10204,135054,1,0,2.7091800002381206
10205,135055,1,0,2.7032190118916333
10206,135056,1,0,2.693920978344977
10207,135057,1,0,2.6695560081861913
10208,135058,1,0,2.6912069879472256
10209,135059,1,0,2.69934197422117
10210,135060,1,0,2.680397010408342
10211,135061,1,0,2.683191967662424
10212,135062,1,0,2.7004030416719615
10213,135063,1,0,2.698780968785286
10214,135064,1,0,2.685275045223534
10215,135065,1,1,2.696426003240049
10216,135066,1,0,2.697076997719705
10217,135067,1,0,2.6827810215763748
10218,135068,1,0,2.6987300370819867
10219,135069,1,0,2.8237320366315544
10220,135070,1,0,2.6997620007023215
10221,135071,1,0,2.69578502047807
10222,135072,1,0,2.689072978682816
10223,135073,1,0,2.711143984925002
10224,135074,1,0,2.705663035158068
10225,135075,1,0,2.687097992748022
10226,135076,1,0,2.6844340027309954
10227,135077,1,0,2.697698015253991
10228,135078,1,0,2.6937410002574325
10229,135079,1,0,2.675797964911908
10230,135080,1,0,2.691317000426352
10231,135081,1,0,2.6863979874178767
10232,135082,1,1,2.6748250238597393
10233,135083,1,0,2.6916370261460543
10234,135084,1,0,2.686759049538523
10235,135085,1,0,2.6984389987774193
10236,135086,1,0,2.6761479675769806
10237,135087,1,0,2.6865979889407754
10238,135088,1,0,2.698940981645137
10239,135089,1,0,2.684062987100333
10240,135090,1,0,2.680898003745824
10241,135091,1,0,2.698229975067079
10242,135092,1,0,2.707928011659533
10243,135093,1,0,2.686858002562076
10244,135094,1,0,2.6951530016958714
10245,135095,1,0,2.8137729968875647
10246,135096,1,0,2.6920379605144262
10247,135097,1,0,2.675577998161316
10248,135098,1,0,2.690575027372688
10249,135099,1,1,2.6937309885397553
10250,135100,1,0,2.681058016605675
10251,135101,1,0,2.6705380296334624
10252,135102,1,0,2.6881200028583407
10253,135103,1,0,2.6900540105998516
10254,135104,1,0,2.6888319989666343
10255,135105,1,0,2.691387024242431
10256,135106,1,0,2.684344013687223
10257,135107,1,0,2.6718800072558224
10258,135108,1,0,2.665487991180271
10259,135109,1,0,2.692107984330505
10260,135110,1,0,2.6977690286003053
10261,135111,1,0,2.683622995391488
10262,135112,1,0,2.694331982638687
10263,135113,1,0,2.685045008547604
10264,135114,1,0,2.6788240065798163
10265,135115,1,0,2.677440003026277
10266,135116,1,1,2.6878310018219054
10267,135117,1,0,2.696926996577531
10268,135118,1,0,2.6821490027941763
10269,135119,1,0,2.698278985917568
10270,135120,1,0,2.7472200454212725
10271,135121,1,0,2.699582022614777
10272,135122,1,0,2.8089850093238056
10273,135123,1,0,2.690264955163002
10274,135124,1,0,2.6995220105163753
10275,135125,1,0,2.6999630499631166
10276,135126,1,0,2.6786330272443593
10277,135127,1,0,2.6851450093090534
10278,135128,1,0,2.689592947717756
10279,135129,1,0,2.691377012524754
10280,135130,1,0,2.673392998985946
10281,135131,1,0,2.685835992451757
10282,135132,1,0,2.682049002032727
10283,135133,1,1,2.678323013242334
10284,135134,1,0,2.6871589943766594
10285,135135,1,0,2.689443004783243
10286,135136,1,0,2.681438985746354
10287,135137,1,0,2.6789740077219903
10288,135138,1,0,2.692188019864261
10289,135139,1,0,2.6932600303553045
10290,135140,1,0,2.6752270059660077
10291,135141,1,0,2.6950740139000118
10292,135142,1,0,2.6820789789780974
10293,135143,1,0,2.670497982762754
10294,135144,1,0,2.7692210278473794
10295,135145,1,0,2.690194989554584
10296,135146,1,0,2.695445029530674
10297,135147,1,0,2.676107978913933
10298,135148,1,0,2.8125509852543473
10299,135149,1,0,2.686727966647595
10300,135150,1,1,2.688691020011902
10301,135151,1,0,2.676028001587838
10302,135152,1,0,2.686207997612655
10303,135153,1,0,2.7003329596482217
10304,135154,1,0,2.6832419680431485
10305,135155,1,0,2.6696259737946093
10306,135156,1,0,2.6881599915213883
10307,135157,1,0,2.69266904797405
10308,135158,1,0,2.6727719814516604
10309,135159,1,0,2.6876289630308747
10310,135160,1,0,2.6767299859784544
10311,135161,1,0,2.683100989088416
10312,135162,1,0,2.6666910271160305
10313,135163,1,0,2.688031003344804
10314,135164,1,0,2.6878000353462994
10315,135165,1,0,2.681277983356267
10316,135166,1,0,2.6908349827863276
10317,135167,1,1,2.7289660065434873
10318,135168,1,0,2.69321002997458
10319,135169,1,0,2.6705379714258015
10320,135170,1,0,2.6935709756799042
10321,135171,1,0,2.698229975067079
10322,135172,1,0,2.6877299533225596
10323,135173,1,0,2.6789939729496837
10324,135174,1,0,2.6995419757440686
10325,135175,1,0,2.8180210501886904
10326,135176,1,0,2.6830119895748794
10327,135177,1,0,2.6880010263994336
10328,135178,1,0,2.691687026526779
10329,135179,1,0,2.6843930245377123
10330,135180,1,0,2.6727320509962738
10331,135181,1,0,2.688961976673454
10332,135182,1,0,2.6929700397886336
10333,135183,1,0,2.6864579995162785
10334,135184,1,1,2.692359033972025
10335,135185,1,0,2.7012150385417044
10336,135186,1,0,2.688481006771326
10337,135187,1,0,2.679795026779175
10338,135188,1,0,2.7073660166934133
10339,135189,1,0,2.698178985156119
10340,135190,1,0,2.6794549776241183
10341,135191,1,0,2.721862983889878
10342,135192,1,0,2.6862570084631443
10343,135193,1,0,2.6932699838653207
10344,135194,1,0,2.6897640200331807
10345,135195,1,0,2.6886219857260585
10346,135196,1,0,2.697728981729597
10347,135197,1,0,2.6900640223175287
10348,135198,1,0,2.680014993529767
10349,135199,1,0,2.688090957235545
10350,135200,1,0,2.697207033634186
10351,135201,1,1,2.811979968100786
10352,135202,1,0,2.6752069825306535
10353,135203,1,0,2.6887119747698307
10354,135204,1,0,2.697498013731092
10355,135205,1,0,2.6775909936986864
10356,135206,1,0,2.6844340027309954
10357,135207,1,0,2.694021037314087
10358,135208,1,0,2.6992009952664375
10359,135209,1,0,2.6781620108522475
10360,135210,1,0,2.691055997274816
10361,135211,1,0,2.6882709935307503
10362,135212,1,0,2.6969769969582558
10363,135213,1,0,2.6894729817286134
10364,135214,1,0,2.697268035262823
10365,135215,1,0,2.6901650126092136
10366,135216,1,0,2.692788955755532
10367,135217,1,0,2.699923003092408
10368,135218,1,1,2.6933900080621243
10369,135219,1,0,2.6861869846470654
10370,135220,1,0,2.673504000995308
10371,135221,1,0,2.6890920125879347
10372,135222,1,0,2.7103920001536608
10373,135223,1,0,2.7413690113462508
10374,135224,1,0,2.6870890287682414
10375,135225,1,0,2.6895040064118803
10376,135226,1,0,2.6966860168613493
10377,135227,1,0,2.68056703498587
10378,135228,1,0,2.8119810158386827
10379,135229,1,0,2.701134013477713
10380,135230,1,0,2.699641976505518
10381,135231,1,0,2.684874983970076
10382,135232,1,0,2.6983090210705996
10383,135233,1,0,2.6895339833572507
10384,135234,1,0,2.6880200020968914
10385,135235,1,1,2.6735530118457973
10386,135236,1,0,2.7121850289404392
10387,135237,1,0,2.693710965104401
10388,135238,1,0,2.7147200307808816
10389,135239,1,0,2.688892011065036
10390,135240,1,0,2.6958550442941487
10391,135241,1,0,2.708327956497669
10392,135242,1,0,2.6956950314342976
10393,135243,1,0,2.6941620162688196
10394,135244,1,0,2.6878900243900716
10395,135245,1,0,2.6830509887076914
10396,135246,1,0,2.6742949848994613
10397,135247,1,0,2.690135035663843
10398,135248,1,0,2.6945120189338923
10399,135249,1,0,2.6797750033438206
10400,135250,1,0,2.6929290033876896
10401,135251,1,0,2.6914470363408327
10402,135252,1,1,2.69349996233359
10403,135253,1,0,2.6787830283865333
10404,135254,1,0,2.8185329865664244
10405,135255,1,0,2.683801983948797
10406,135256,1,0,2.6767690433189273
10407,135257,1,0,2.6626429753378034
10408,135258,1,0,2.6907760184258223
10409,135259,1,0,2.692649024538696
10410,135260,1,0,2.68461398081854
10411,135261,1,0,2.777356014121324
10412,135262,1,0,2.839510969351977
10413,135263,1,0,2.6891130255535245
10414,135264,1,0,2.6782730128616095
10415,135265,1,0,2.6795350131578743
10416,135266,1,0,2.679725002963096
10417,135267,1,0,2.6994520449079573
10418,135268,1,0,2.6829909766092896
10419,135269,1,1,2.6959249516949058
10420,135270,1,0,2.6979679823853076
10421,135271,1,0,2.6731030084192753
10422,135272,1,0,2.6788539835251868
10423,135273,1,0,2.704439975786954
10424,135274,1,0,2.7016359963454306
10425,135275,1,0,2.687780011910945
10426,135276,1,0,2.69797898363322
10427,135277,1,0,2.696345967706293
10428,135278,1,0,2.6922080432996154
10429,135279,1,0,2.679323952179402
10430,135280,1,0,2.701746008824557
10431,135281,1,0,2.8235609643161297
10432,135282,1,0,2.6925489655695856
10433,135283,1,0,2.6752169942483306
10434,135284,1,0,2.6932600303553045
10435,135285,1,0,2.7936960104852915
10436,135286,1,1,2.7081180014647543
10437,135287,1,0,2.6765589718706906
10438,135288,1,0,2.6947929873131216
10439,135289,1,0,2.6930689928121865
10440,135290,1,0,2.6785319787450135
10441,135291,1,0,2.6765490183606744
10442,135292,1,0,2.695523959118873
10443,135293,1,0,2.6876500342041254
10444,135294,1,0,2.672672038897872
10445,135295,1,0,2.6874690083786845
10446,135296,1,0,2.698028984013945
10447,135297,1,0,2.6910059968940914
10448,135298,1,0,2.6825899840332568
10449,135299,1,0,2.701746008824557
10450,135300,1,0,2.6901340461336076
10451,135301,1,0,2.6712100370787084
10452,135302,1,0,2.6864170213229954
10453,135303,1,1,2.691467001568526
10454,135304,1,0,2.6943720295093954
10455,135305,1,0,2.696384966839105
10456,135306,1,0,2.6994210202246904
10457,135307,1,0,2.825295028742403
10458,135308,1,0,2.779459988232702
10459,135309,1,0,2.66421603737399
10460,135310,1,0,2.6933099725283682
10461,135311,1,0,2.6832010480575264
10462,135312,1,0,2.6782219647429883
10463,135313,1,0,2.68015603069216
10464,135314,1,0,2.692888956516981
10465,135315,1,0,2.691937959752977
10466,135316,1,0,2.671490015927702
10467,135317,1,0,2.697557967621833
10468,135318,1,0,2.7060339925810695
10469,135319,1,0,2.6859460049308836
10470,135320,1,0,2.688581997063011
10471,135321,1,1,2.6936810463666916
10472,135322,1,0,2.693710965104401
10473,135323,1,0,2.6808379916474223
10474,135324,1,0,2.693229995202273
10475,135325,1,0,2.6971069746650755
10476,135326,1,0,2.6785730151459575
10477,135327,1,0,2.6756079751066864
10478,135328,1,0,2.7037389809265733
10479,135329,1,0,2.70078401081264
10480,135330,1,0,2.686216961592436
10481,135331,1,0,2.694562019314617
10482,135332,1,0,2.7505159960128367
10483,135333,1,0,2.7028180193156004
10484,135334,1,0,2.811509999446571
10485,135335,1,0,2.6747260126285255
10486,135336,1,0,2.691536967176944
10487,135337,1,0,2.7040699496865273
10488,135338,1,1,2.6761690387502313
10489,135339,1,0,2.6873500319197774
10490,135340,1,0,2.698199008591473
10491,135341,1,0,2.6912959874607623
10492,135342,1,0,2.671999973244965
10493,135343,1,0,2.6964160497300327
10494,135344,1,0,2.691857051104307
10495,135345,1,0,2.6849249843508005
10496,135346,1,0,2.6875899638980627
10497,135347,1,0,2.6887619751505554
10498,135348,1,0,2.682240039575845
10499,135349,1,0,2.6780819753184915
10500,135350,1,0,2.6851450093090534
10501,135351,1,0,2.6862070080824196
10502,135352,1,0,2.6830009883269668
10503,135353,1,0,2.6909850421361625
10504,135354,1,0,2.6865280233323574
10505,135355,1,1,2.681278041563928
10506,135356,1,0,2.6779519976116717
10507,135357,1,0,2.6962660485878587
10508,135358,1,0,2.7012249920517206
10509,135359,1,0,2.687840024009347
10510,135360,1,0,2.8135039610788226
10511,135361,1,0,2.692749025300145
10512,135362,1,0,2.6833320152945817
10513,135363,1,0,2.6845239917747676
10514,135364,1,0,2.685755956918001
10515,135365,1,0,2.6799850165843964
10516,135366,1,0,2.6802360080182552
10517,135367,1,0,2.6685239863581955
10518,135368,1,0,2.7350870077498257
10519,135369,1,0,2.70418100990355
10520,135370,1,0,2.6842940133064985
10521,135371,1,0,2.6847440167330205
10522,135372,1,1,2.692889014724642
10523,135373,1,0,2.686558000277728
10524,135374,1,0,2.7008139877580106
10525,135375,1,0,2.7244879747740924
10526,135376,1,0,2.7231560088694096
10527,135377,1,0,2.695614006370306
10528,135378,1,0,2.6764189824461937
10529,135379,1,0,2.749473962467164
10530,135380,1,0,2.6903849793598056
10531,135381,1,0,2.6798960170708597
10532,135382,1,0,2.6880500372499228
10533,135383,1,0,2.6959849637933075
10534,135384,1,0,2.6924589765258133
10535,135385,1,0,2.6842429651878774
10536,135386,1,0,2.6859960053116083
10537,135387,1,0,2.818492997903377
10538,135388,1,0,2.6874799514189363
10539,135389,1,1,2.683572005480528
10540,135390,1,0,2.6868180138990283
10541,135391,1,0,2.686958003323525
10542,135392,1,0,2.686167019419372
10543,135393,1,0,2.678523014765233
10544,135394,1,0,2.6894229813478887
10545,135395,1,0,2.693812013603747
10546,135396,1,0,2.678223012480885
10547,135397,1,0,2.6858869823627174
10548,135398,1,0,2.6878099888563156
10549,135399,1,0,2.6814479497261345
10550,135400,1,0,2.676028001587838
10551,135401,1,0,2.6768800453282893
10552,135402,1,0,2.738012990448624
10553,135403,1,0,2.6785730151459575
10554,135404,1,0,2.6882010279223323
10555,135405,1,0,2.6881800149567425
10556,135406,1,1,2.6802660431712866
10557,135407,1,0,2.668925968464464
10558,135408,1,0,2.6937509537674487
10559,135409,1,0,2.6906250277534127
10560,135410,1,0,2.6796850143000484
10561,135411,1,0,2.699833014048636
10562,135412,1,0,2.683030965272337
10563,135413,1,0,2.812310995068401
10564,135414,1,0,2.69769795704633
10565,135415,1,0,2.684212988242507
10566,135416,1,0,2.6817290345206857
10567,135417,1,0,2.697878982871771
10568,135418,1,0,2.6665309560485184
10569,135419,1,0,2.691798028536141
10570,135420,1,0,2.7001940179616213
10571,135421,1,0,2.6817690231837332
10572,135422,1,0,2.6819189661182463
10573,135423,1,1,2.6930689928121865
10574,135424,1,0,2.686787978745997
10575,135425,1,0,2.660860016476363
10576,135426,1,0,2.7661650092341006
10577,135427,1,0,2.6862279628403485
10578,135428,1,0,2.6829210110008717
10579,135429,1,0,2.6790740084834397
10580,135430,1,0,2.6892219902947545
10581,135431,1,0,2.689783985260874
10582,135432,1,0,2.6726220385171473
10583,135433,1,0,2.685946994461119
10584,135434,1,0,2.683072001673281
10585,135435,1,0,2.682670019567013
10586,135436,1,0,2.6886119740083814
10587,135437,1,0,2.700032026041299
10588,135438,1,0,2.7006230084225535
10589,135439,1,0,2.692508976906538
10590,135440,1,1,2.8067909879609942
10591,135441,1,0,2.696025010664016
10592,135442,1,0,2.6995110092684627
10593,135443,1,0,2.6838129851967096
10594,135444,1,0,2.696366049349308
10595,135445,1,0,2.698268974199891
10596,135446,1,0,2.711635024752468
10597,135447,1,0,2.689102024305612
10598,135448,1,0,2.710402011871338
10599,135449,1,0,2.6922589750029147
10600,135450,1,0,2.6890430017374456
10601,135451,1,0,2.682249993085861
10602,135452,1,0,2.6968869497068226
10603,135453,1,0,2.694032038562
10604,135454,1,0,2.71949905436486
10605,135455,1,0,2.710771979764104
10606,135456,1,0,2.708307991269976
10607,135457,1,1,2.697557967621833
10608,135458,1,0,2.671420050319284
10609,135459,1,0,2.7040709974244237
10610,135460,1,0,2.703279023990035
10611,135461,1,0,2.6840929640457034
10612,135462,1,0,2.6874900213442743
10613,135463,1,0,2.697488002013415
10614,135464,1,0,2.739826973993331
10615,135465,1,0,2.724518009927124
10616,135466,1,0,2.8021219768561423
10617,135467,1,0,2.693150017876178
10618,135468,1,0,2.6945119607262313
10619,135469,1,0,2.6810370036400855
10620,135470,1,0,2.725499973166734
10621,135471,1,0,2.685596002265811
10622,135472,1,0,2.6784829678945243
10623,135473,1,0,2.6645769830793142
10624,135474,1,1,2.681929967366159
10625,135475,1,0,2.692499023396522
10626,135476,1,0,2.678243035916239
10627,135477,1,0,2.683361992239952
10628,135478,1,0,2.6872489834204316
10629,135479,1,0,2.6877199998125434
10630,135480,1,0,2.6689759688451886
10631,135481,1,0,2.6920579839497805
10632,135482,1,0,2.6947329752147198
10633,135483,1,0,2.6857859920710325
10634,135484,1,0,2.6868690038099885
10635,135485,1,0,2.6994910440407693
10636,135486,1,0,2.6858270284719765
10637,135487,1,0,2.6867479900829494
10638,135488,1,0,2.698539989069104
10639,135489,1,0,2.6992009952664375
10640,135490,1,0,2.7057540137320757
10641,135491,1,1,2.6752069825306535
10642,135492,1,0,2.7025470044463873
10643,135493,1,0,2.816137974150479
10644,135494,1,0,2.6841229991987348
10645,135495,1,0,2.6641570148058236
10646,135496,1,0,2.6861270307563245
10647,135497,1,0,2.6864769752137363
10648,135498,1,0,2.6883709942921996
10649,135499,1,0,2.689163025934249
10650,135500,1,0,2.6993710198439658
10651,135501,1,0,2.6869389694184065
10652,135502,1,0,2.675556985195726
10653,135503,1,0,2.696576004382223
10654,135504,1,0,2.6981690316461027
10655,135505,1,0,2.683011000044644
10656,135506,1,0,2.683442027773708
10657,135507,1,0,2.6968069723807275
10658,135508,1,1,2.7251100400462747
10659,135509,1,0,2.680045028682798
10660,135510,1,0,2.6882810052484274
10661,135511,1,0,2.687839965801686
10662,135512,1,0,2.6809879927895963
10663,135513,1,0,2.671469992492348
10664,135514,1,0,2.6868280256167054
10665,135515,1,0,2.693039015866816
10666,135516,1,0,2.677340991795063
10667,135517,1,0,2.7028380427509546
10668,135518,1,0,2.7025569579564035
10669,135519,1,0,2.888582006562501
10670,135520,1,0,2.6909260195679963
10671,135521,1,0,2.6829210110008717
10672,135522,1,0,2.6952329790219665
10673,135523,1,0,2.696706971619278
10674,135524,1,0,2.670278016012162
10675,135525,1,1,2.69040500279516
10676,135526,1,0,2.6929189916700125
10677,135527,1,0,2.684864040929824
10678,135528,1,0,2.688721986487508
10679,135529,1,0,2.693160029593855
10680,135530,1,0,2.692167996428907
10681,135531,1,0,2.677701006177813
10682,135532,1,0,2.6926390128210187
10683,135533,1,0,2.699491975363344
10684,135534,1,0,2.679153985809535
10685,135535,1,0,2.690494991838932
10686,135536,1,0,2.682209014892578
10687,135537,1,0,2.6963960262946784
10688,135538,1,0,2.688020991627127
10689,135539,1,0,2.693160029593855
10690,135540,1,0,2.695164002943784
10691,135541,1,0,2.7135779964737594
10692,135542,1,1,2.7190480032004416
10693,135543,1,0,2.7254599845036864
10694,135544,1,0,2.7004029834643006
10695,135545,1,0,2.691957983188331
10696,135546,1,0,2.8052579727955163
10697,135547,1,0,2.696856972761452
10698,135548,1,0,2.6912459870800376
10699,135549,1,0,2.680595964193344
10700,135550,1,0,2.6713000261224806
10701,135551,1,0,2.6805659872479737
10702,135552,1,0,2.686497988179326
10703,135553,1,0,2.6810570270754397
10704,135554,1,0,2.6890229783020914
10705,135555,1,0,2.6895529590547085
10706,135556,1,0,2.674515009857714
10707,135557,1,0,2.6838930207304657
10708,135558,1,0,2.6929089799523354
10709,135559,1,1,2.688100968953222
10710,135560,1,0,2.686327032279223
10711,135561,1,0,2.6899540098384023
10712,135562,1,0,2.7029489865526557
10713,135563,1,0,2.680866979062557
10714,135564,1,0,2.6828210102394223
10715,135565,1,0,2.7019960107281804
10716,135566,1,0,2.684222999960184
10717,135567,1,0,2.686638035811484
10718,135568,1,0,2.6851349975913763
10719,135569,1,0,2.686717954929918
10720,135570,1,0,2.691947971470654
10721,135571,1,0,2.6817090110853314
10722,135572,1,0,2.815806947182864
10723,135573,1,0,2.6918380171991885
10724,135574,1,0,2.689261978957802
10725,135575,1,0,2.666230022441596
10726,135576,1,1,2.6923480327241123
10727,135577,1,0,2.6883009704761207
10728,135578,1,0,2.718646952416748
10729,135579,1,0,2.6778409956023097
10730,135580,1,0,2.7009040350094438
10731,135581,1,0,2.6862670201808214
10732,135582,1,0,2.6775310398079455
10733,135583,1,0,2.6903850375674665
10734,135584,1,0,2.699300996027887
10735,135585,1,0,2.6867580018006265
10736,135586,1,0,2.672551025170833
10737,135587,1,0,2.695174014661461
10738,135588,1,0,2.6972980122081935
10739,135589,1,0,2.683801983948797
10740,135590,1,0,2.7285260148346424
10741,135591,1,0,2.6907160063274205
10742,135592,1,0,2.6823299704119563
10743,135593,1,1,2.672051021363586
10744,135594,1,0,2.6913059991784394
10745,135595,1,0,2.6883509708568454
10746,135596,1,0,2.678212011232972
10747,135597,1,0,2.6869780267588794
10748,135598,1,0,2.689923974685371
10749,135599,1,0,2.817750966642052
10750,135600,1,0,2.681759011466056
10751,135601,1,0,2.6824399828910828
10752,135602,1,0,2.691677014809102
10753,135603,1,0,2.714739996008575
10754,135604,1,0,2.7391660260036588
10755,135605,1,0,2.72179301828146
10756,135606,1,0,2.702647994738072
10757,135607,1,0,2.6871089939959347
10758,135608,1,0,2.6703779585659504
10759,135609,1,0,2.6826810208149254
10760,135610,1,1,2.69622600171715
10761,135611,1,0,2.6761479675769806
10762,135612,1,0,2.6888620341196656
10763,135613,1,0,2.74219096172601
10764,135614,1,0,2.6924590347334743
10765,135615,1,0,2.670487971045077
10766,135616,1,0,2.6876699994318187
10767,135617,1,0,2.688470995053649
10768,135618,1,0,2.6790639967657626
10769,135619,1,0,2.6792350108735263
10770,135620,1,0,2.6912069879472256
10771,135621,1,0,2.688902022782713
10772,135622,1,0,2.6704680058173835
10773,135623,1,0,2.6875900221057236
10774,135624,1,0,2.692167996428907
10775,135625,1,0,2.8123899828642607
10776,135626,1,0,2.6677929563447833
10777,135627,1,1,2.6890119770541787
10778,135628,1,0,2.691537025384605
10779,135629,1,0,2.676017989870161
10780,135630,1,0,2.692798967473209
10781,135631,1,0,2.6907760184258223
10782,135632,1,0,2.8202050016261637
10783,135633,1,0,2.681838988792151
10784,135634,1,0,2.696576004382223
10785,135635,1,0,2.6936400099657476
10786,135636,1,0,2.6893430040217936
10787,135637,1,0,2.688410982955247
10788,135638,1,0,2.688160981051624
10789,135639,1,0,2.686658001039177
10790,135640,1,0,2.6880810037255287
10791,135641,1,0,2.688821987248957
10792,135642,1,0,2.6827009860426188
10793,135643,1,0,2.6822200161404908
10794,135644,1,0,2.6804059743881226
10795,135645,1,1,2.6908059953711927
10796,135646,1,0,2.691757050342858
10797,135647,1,0,2.689493994694203
10798,135648,1,0,2.6793639990501106
10799,135649,1,0,2.687870990484953
10800,135650,1,0,2.6907449937425554
10801,135651,1,0,2.669926965609193
10802,135652,1,0,2.8005490312352777
10803,135653,1,0,2.6902639656327665
10804,135654,1,0,2.6911970344372094
10805,135655,1,0,2.6735530118457973
10806,135656,1,0,2.695224015042186
10807,135657,1,0,2.6925290003418922
10808,135658,1,0,2.682571008335799
10809,135659,1,0,2.678843040484935
10810,135660,1,0,2.7197590097784996
10811,135661,1,0,2.6888620341196656
10812,135662,1,1,2.7577090077102184
10813,135663,1,0,2.693360031116754
10814,135664,1,0,2.6855460018850863
10815,135665,1,0,2.6982100098393857
10816,135666,1,0,2.6730429963208735
10817,135667,1,0,2.691687026526779
10818,135668,1,0,2.6938209775835276
10819,135669,1,0,2.6801159838214517
10820,135670,1,0,2.6816989993676543
10821,135671,1,0,2.686428022570908
10822,135672,1,0,2.6882709935307503
10823,135673,1,0,2.671961032319814
10824,135674,1,0,2.6978589594364166
10825,135675,1,0,2.6916469796560705
10826,135676,1,0,2.6801450294442475
10827,135677,1,0,2.6773010031320155
10828,135678,1,0,2.810657024383545
10829,135679,1,1,2.6833019801415503
10830,135680,1,0,2.675776951946318
10831,135681,1,0,2.6805870002135634
10832,135682,1,0,2.6844439562410116
10833,135683,1,0,2.682299993466586
10834,135684,1,0,2.6714400155469775
10835,135685,1,0,2.680847013834864
10836,135686,1,0,2.6880610384978354
10837,135687,1,0,2.6796250022016466
10838,135688,1,0,2.6807780377566814
10839,135689,1,0,2.681448997464031
10840,135690,1,0,2.6723920018412173
10841,135691,1,0,2.6619730051606894
10842,135692,1,0,2.679585013538599
10843,135693,1,0,2.6879700017161667
10844,135694,1,0,2.6673219981603324
10845,135695,1,0,2.685104962438345
10846,135696,1,1,2.6862869854085147
10847,135697,1,0,2.680486999452114
10848,135698,1,0,2.6926290011033416
10849,135699,1,0,2.6980690308846533
10850,135700,1,0,2.694972965400666
10851,135701,1,0,2.673002949450165
10852,135702,1,0,2.6951939798891544
10853,135703,1,0,2.6941010146401823
10854,135704,1,0,2.693411021027714
10855,135705,1,0,2.808963996358216
10856,135706,1,0,2.6859869831241667
10857,135707,1,0,2.732753986492753
10858,135708,1,0,2.685516024939716
10859,135709,1,0,2.669226028956473
10860,135710,1,0,2.688470995053649
10861,135711,1,0,2.690634981263429
10862,135712,1,0,2.688821987248957
10863,135713,1,1,2.6817690231837332
10864,135714,1,0,2.6840229984372854
10865,135715,1,0,2.6876290212385356
10866,135716,1,0,2.667351975105703
10867,135717,1,0,2.6890519657172263
10868,135718,1,0,2.684874983970076
10869,135719,1,0,2.673152950592339
10870,135720,1,0,2.692498965188861
10871,135721,1,0,2.689132990781218
10872,135722,1,0,2.677981974557042
10873,135723,1,0,2.6785130030475557
10874,135724,1,0,2.707906998693943
10875,135725,1,0,2.6930500171147287
10876,135726,1,0,2.6828509871847928
10877,135727,1,0,2.681839046999812
10878,135728,1,0,2.696136012673378
10879,135729,1,0,2.686797990463674
10880,135730,1,1,2.6764189824461937
10881,135731,1,0,2.819593995809555
10882,135732,1,0,2.6960449758917093
10883,135733,1,0,2.6967859594151378
10884,135734,1,0,2.6782730128616095
10885,135735,1,0,2.69120599841699
10886,135736,1,0,2.701564982999116
10887,135737,1,0,2.685505955014378
10888,135738,1,0,2.683202037587762
10889,135739,1,0,2.6979089598171413
10890,135740,1,0,2.691957983188331
10891,135741,1,0,2.6821100036613643
10892,135742,1,0,2.6958450325764716
10893,135743,1,0,2.698861004319042
10894,135744,1,0,2.6943719713017344
10895,135745,1,0,2.679062949027866
10896,135746,1,0,2.684063045307994
10897,135747,1,1,2.683011000044644
10898,135748,1,0,2.681669022422284
10899,135749,1,0,2.700313983950764
10900,135750,1,0,2.6861769729293883
10901,135751,1,0,2.6901550008915365
10902,135752,1,0,2.678163000382483
10903,135753,1,0,2.689382992684841
10904,135754,1,0,2.707606996409595
10905,135755,1,0,2.6830710121430457
10906,135756,1,0,2.6908059953711927
10907,135757,1,0,2.6981800328940153
10908,135758,1,0,2.814815961755812
10909,135759,1,0,2.6769799878820777
10910,135760,1,0,2.679494966287166
10911,135761,1,0,2.6819189661182463
10912,135762,1,0,2.6886119740083814
10913,135763,1,0,2.671079011633992
10914,135764,1,1,2.685905958060175
10915,135765,1,0,2.7003830182366073
10916,135766,1,0,2.673623966984451
10917,135767,1,0,2.6832620496861637
10918,135768,1,0,2.689452958293259
10919,135769,1,0,2.6843439554795623
10920,135770,1,0,2.6731130201369524
10921,135771,1,0,2.6816489989869297
10922,135772,1,0,2.6882000383920968
10923,135773,1,0,2.67789198551327
10924,135774,1,0,2.688802022021264
10925,135775,1,0,2.686797990463674
10926,135776,1,0,2.6943020056933165
10927,135777,1,0,2.6683640317060053
10928,135778,1,0,2.6904650148935616
10929,135779,1,0,2.6909260195679963
10930,135780,1,0,2.682950987946242
10931,135781,1,1,2.686046005692333
10932,135782,1,0,2.689313027076423
10933,135783,1,0,2.686306950636208
10934,135784,1,0,2.7983849868178368
10935,135785,1,0,2.694943977985531
10936,135786,1,0,2.6973269996233284
10937,135787,1,0,2.6912359753623605
10938,135788,1,0,2.6722309994511306
10939,135789,1,0,2.689313027076423
10940,135790,1,0,2.6970969629473984
10941,135791,1,0,2.678392978850752
10942,135792,1,0,2.7037800173275173
10943,135793,1,0,2.6937309885397553
10944,135794,1,0,2.689102024305612
10945,135795,1,0,2.668694010935724
10946,135796,1,0,2.695774019230157
10947,135797,1,0,2.692658978048712
10948,135798,1,1,2.6930299936793745
10949,135799,1,0,2.6855560136027634
10950,135800,1,0,2.6934099732898176
10951,135801,1,0,2.907496993429959
10952,135802,1,0,2.6917269569821656
10953,135803,1,0,2.6754970313049853
10954,135804,1,0,2.6930690510198474
10955,135805,1,0,2.699600998312235
10956,135806,1,0,2.687269006855786
10957,135807,1,0,2.6906559942290187
10958,135808,1,0,2.699171018321067
10959,135809,1,0,2.6965260040014982
10960,135810,1,0,2.671490015927702
10961,135811,1,0,2.8122100047767162
10962,135812,1,0,2.694382972549647
10963,135813,1,0,2.689052023924887
10964,135814,1,0,2.673863957170397
10965,135815,1,1,2.687369007617235
10966,135816,1,0,2.6903850375674665
10967,135817,1,0,2.679094031918794
10968,135818,1,0,2.689153014216572
10969,135819,1,0,2.6892430032603443
10970,135820,1,0,2.696235023904592
10971,135821,1,0,2.6750260149128735
10972,135822,1,0,2.6922679971903563
10973,135823,1,0,2.68623698502779
10974,135824,1,0,2.68865202087909
10975,135825,1,0,2.7138880104757845
10976,135826,1,0,2.70335900131613
10977,135827,1,0,2.6991409831680357
10978,135828,1,0,2.6900949887931347
10979,135829,1,0,2.732563007157296
10980,135830,1,0,2.7138779987581074
10981,135831,1,0,2.695213013794273
10982,135832,1,1,2.6765000075101852
10983,135833,1,0,2.698398951906711
10984,135834,1,0,2.697207033634186
10985,135835,1,0,2.742952958215028
10986,135836,1,0,2.705122053157538
10987,135837,1,0,2.848106960300356
10988,135838,1,0,2.738634997513145
10989,135839,1,0,2.692779991775751
10990,135840,1,0,2.7079079882241786
10991,135841,1,0,2.7441849815659225
10992,135842,1,0,2.685105020646006
10993,135843,1,0,2.699642034713179
10994,135844,1,0,2.6777820312418044
10995,135845,1,0,2.69321002997458
10996,135846,1,0,2.687920001335442
10997,135847,1,0,2.671490015927702
10998,135848,1,0,2.7033889782615006
10999,135849,1,1,2.6843430241569877
11000,135850,1,0,2.69414100330323
11001,135851,1,0,2.6716399588622153
11002,135852,1,0,2.6906650164164603
11003,135853,1,0,2.6964559801854193
11004,135854,1,0,2.685285988263786
11005,135855,1,0,2.6879909564740956
11006,135856,1,0,2.693209971766919
11007,135857,1,0,2.694832975976169
11008,135858,1,0,2.6766800438053906
11009,135859,1,0,2.684383012820035
11010,135860,1,0,2.6904750266112387
11011,135861,1,0,2.6852950104512274
11012,135862,1,0,2.6862879749387503
11013,135863,1,0,2.6938009541481733
11014,135864,1,0,2.8206660063005984
11015,135865,1,0,2.677701006177813
11016,135866,1,1,2.6828909758478403
11017,135867,1,0,2.6871690060943365
11018,135868,1,0,2.6940510142594576
11019,135869,1,0,2.6783719658851624
11020,135870,1,0,2.6912169996649027
11021,135871,1,0,2.6905149570666254
11022,135872,1,0,2.681198006030172
11023,135873,1,0,2.695715054869652
11024,135874,1,0,2.7137889992445707
11025,135875,1,0,2.6890720473602414
11026,135876,1,0,2.6826599496416748
11027,135877,1,0,2.683722006622702
11028,135878,1,0,2.690565015655011
11029,135879,1,0,2.6913370238617063
11030,135880,1,0,2.6863670209422708
11031,135881,1,0,2.688331005629152
11032,135882,1,0,2.686958003323525
11033,135883,1,1,2.6788029936142266
11034,135884,1,0,2.7186580118723214
11035,135885,1,0,2.6849539717659354
11036,135886,1,0,2.6859159697778523
11037,135887,1,0,2.6661099982447922
11038,135888,1,0,2.6900250231847167
11039,135889,1,0,2.6815779856406152
11040,135890,1,0,2.808563003782183
11041,135891,1,0,2.665398991666734
11042,135892,1,0,2.6996720116585493
11043,135893,1,0,2.688100968953222
11044,135894,1,0,2.6752869598567486
11045,135895,1,0,2.7242079959250987
11046,135896,1,0,2.7684999513439834
11047,135897,1,0,2.6913160108961165
11048,135898,1,0,2.694122027605772
11049,135899,1,0,2.6991110062226653
11050,135900,1,1,2.687480009626597
11051,135901,1,0,2.690645051188767
11052,135902,1,0,2.67408398212865
11053,135903,1,0,2.691416011657566
11054,135904,1,0,2.7007339522242546
11055,135905,1,0,2.6884409599006176
11056,135906,1,0,2.6830009883269668
11057,135907,1,0,2.695303992368281
11058,135908,1,0,2.686386986169964
11059,135909,1,0,2.681268029846251
11060,135910,1,0,2.7021659770980477
11061,135911,1,0,2.693971968255937
11062,135912,1,0,2.6900150114670396
11063,135913,1,0,2.680506033357233
11064,135914,1,0,2.6879700017161667
11065,135915,1,0,2.6909459847956896
11066,135916,1,0,2.673943992704153
11067,135917,1,1,2.8039259486831725
11068,135918,1,0,2.688511973246932
11069,135919,1,0,2.7460780111141503
11070,135920,1,0,2.6769000105559826
11071,135921,1,0,2.6829909766092896
11072,135922,1,0,2.6828909758478403
11073,135923,1,0,2.6759280008263886
11074,135924,1,0,2.6690849917940795
11075,135925,1,0,2.683742030058056
11076,135926,1,0,2.6799559709616005
11077,135927,1,0,2.709841006435454
11078,135928,1,0,2.6908150175586343
11079,135929,1,0,2.6934610214084387
11080,135930,1,0,2.6757880114018917
11081,135931,1,0,2.6799459592439234
11082,135932,1,0,2.6857060147449374
11083,135933,1,0,2.6962359552271664
11084,135934,1,1,2.687699976377189
11085,135935,1,0,2.693359972909093
11086,135936,1,0,2.6982100098393857
11087,135937,1,0,2.7518089627847075
11088,135938,1,0,2.67438602168113
11089,135939,1,0,2.690966008231044
11090,135940,1,0,2.699823002330959
11091,135941,1,0,2.685766026843339
11092,135942,1,0,2.6956950314342976
11093,135943,1,0,2.809505967888981
11094,135944,1,0,2.6820090133696795
11095,135945,1,0,2.6695759734138846
11096,135946,1,0,2.6749870157800615
11097,135947,1,0,2.684543957002461
11098,135948,1,0,2.6965970173478127
11099,135949,1,0,2.6907860301434994
11100,135950,1,0,2.699400996789336
11101,135951,1,0,2.696024952456355
11102,135952,1,1,2.7066440088674426
11103,135953,1,0,2.6858170167542994
11104,135954,1,0,2.6886019622907043
11105,135955,1,0,2.6908660074695945
11106,135956,1,0,2.6780119515024126
11107,135957,1,0,2.6926400023512542
11108,135958,1,0,2.6937410002574325
11109,135959,1,0,2.693561022169888
11110,135960,1,0,2.6679830043576658
11111,135961,1,0,2.682730962987989
11112,135962,1,0,2.685526036657393
11113,135963,1,0,2.6885310071520507
11114,135964,1,0,2.6911169989034534
11115,135965,1,0,2.6882209931500256
11116,135966,1,0,2.6932810433208942
11117,135967,1,0,2.678752993233502
11118,135968,1,0,2.6959049864672124
11119,135969,1,1,2.689083048608154
11120,135970,1,0,2.847716968972236
11121,135971,1,0,2.7039999840781093
11122,135972,1,0,2.699021017178893
11123,135973,1,0,2.693029004149139
11124,135974,1,0,2.6853149756789207
11125,135975,1,0,2.6764589711092412
11126,135976,1,0,2.697728981729597
11127,135977,1,0,2.686407999135554
11128,135978,1,0,2.6877199998125434
11129,135979,1,0,2.711885026656091
11130,135980,1,0,2.70845799241215
11131,135981,1,0,2.696104987990111
11132,135982,1,0,2.6750669931061566
11133,135983,1,0,2.6907860301434994
11134,135984,1,0,2.691077010240406
11135,135985,1,0,2.6866670232266188
11136,135986,1,1,2.677560958545655
11137,135987,1,0,2.688031003344804
11138,135988,1,0,2.699450997170061
11139,135989,1,0,2.6743359630927444
11140,135990,1,0,2.693630987778306
11141,135991,1,0,2.6966569712385535
11142,135992,1,0,2.692910027690232
11143,135993,1,0,2.6944330311380327
11144,135994,1,0,2.6919880183413625
11145,135995,1,0,2.690083987545222
11146,135996,1,0,2.8003380284644663
11147,135997,1,0,2.6827509864233434
11148,135998,1,0,2.691107045393437
11149,135999,1,0,2.6961149997077882
11150,136000,1,0,2.6773809804581106
11151,136001,1,0,2.6929599698632956
11152,136002,1,0,2.69197701709345
11153,136003,1,1,2.687480009626597
11154,136004,1,0,2.6927890139631927
11155,136005,1,0,2.6963260024785995
11156,136006,1,0,2.6862070080824196
11157,136007,1,0,2.67297204118222
11158,136008,1,0,2.692658978048712
11159,136009,1,0,2.6874690083786845
11160,136010,1,0,2.6804060325957835
11161,136011,1,0,2.6966470177285373
11162,136012,1,0,2.688181004486978
11163,136013,1,0,2.690244000405073
11164,136014,1,0,2.6727020158432424
11165,136015,1,0,2.6838229969143867
11166,136016,1,0,2.692949026823044
11167,136017,1,0,2.6815379969775677
11168,136018,1,0,2.6745449868030846
11169,136019,1,0,2.6961950352415442
11170,136020,1,1,2.703830017708242
11171,136021,1,0,2.677440003026277
11172,136022,1,0,2.692238020244986
11173,136023,1,0,2.8208770090714097
11174,136024,1,0,2.6929599698632956
11175,136025,1,0,2.680215984582901
11176,136026,1,0,2.69081600708887
11177,136027,1,0,2.685466024558991
11178,136028,1,0,2.6903650141321123
11179,136029,1,0,2.6679830043576658
11180,136030,1,0,2.6936099748127162
11181,136031,1,0,2.690294000785798
11182,136032,1,0,2.67652899492532
11183,136033,1,0,2.6866880361922085
11184,136034,1,0,2.6884310063906014
11185,136035,1,0,2.674045041203499
11186,136036,1,0,2.673943992704153
11187,136037,1,1,2.686978958081454
11188,136038,1,0,2.6928300503641367
11189,136039,1,0,2.6848240522667766
11190,136040,1,0,2.6923579862341285
11191,136041,1,0,2.6882310048677027
11192,136042,1,0,2.69362103426829
11193,136043,1,0,2.676560019608587
11194,136044,1,0,2.6880010263994336
11195,136045,1,0,2.69202800700441
11196,136046,1,0,2.689743007067591
11197,136047,1,0,2.6879499782808125
11198,136048,1,0,2.690143999643624
11199,136049,1,0,2.8116790344938636
11200,136050,1,0,2.6747160009108484
11201,136051,1,0,2.6875199982896447
11202,136052,1,0,2.687669009901583
11203,136053,1,0,2.6951839681714773
11204,136054,1,1,2.6696969871409237
11205,136055,1,0,2.7315610204823315
11206,136056,1,0,2.6957050431519747
11207,136057,1,0,2.6773809804581106
11208,136058,1,0,2.6946029975079
11209,136059,1,0,2.689153014216572
11210,136060,1,0,2.742130949627608
11211,136061,1,0,2.6770110125653446
11212,136062,1,0,2.683912985958159
11213,136063,1,0,2.691366011276841
11214,136064,1,0,2.682540041860193
11215,136065,1,0,2.669726964086294
11216,136066,1,0,2.685145998839289
11217,136067,1,0,2.694471972063184
11218,136068,1,0,2.6810180279426277
11219,136069,1,0,2.685766026843339
11220,136070,1,0,2.696105046197772
11221,136071,1,1,2.6776609593071043
11222,136072,1,0,2.679805038496852
11223,136073,1,0,2.7025379822589457
11224,136074,1,0,2.705592953134328
11225,136075,1,0,2.6831409777514637
11226,136076,1,0,2.821698028128594
11227,136077,1,0,2.6903050020337105
11228,136078,1,0,2.693219983484596
11229,136079,1,0,2.681688987649977
11230,136080,1,0,2.689302957151085
11231,136081,1,0,2.6869179564528167
11232,136082,1,0,2.687749976757914
11233,136083,1,0,2.6816989993676543
11234,136084,1,0,2.694742986932397
11235,136085,1,0,2.680125995539129
11236,136086,1,0,2.676289004739374
11237,136087,1,0,2.6785529917106032
11238,136088,1,1,2.6871479931287467
11239,136089,1,0,2.690966008231044
11240,136090,1,0,2.665859996341169
11241,136091,1,0,2.6835519820451736
11242,136092,1,0,2.686396997887641
11243,136093,1,0,2.6761390035972
11244,136094,1,0,2.681949990801513
11245,136095,1,0,2.68986402079463
11246,136096,1,0,2.67730001360178
11247,136097,1,0,2.6666810153983533
11248,136098,1,0,2.6826109969988465
11249,136099,1,0,2.6840330101549625
11250,136100,1,0,2.677219978068024
11251,136101,1,0,2.691557980142534
11252,136102,1,0,2.8161979862488806
11253,136103,1,0,2.688130014576018
11254,136104,1,0,2.678853052202612
11255,136105,1,1,2.7014350052922964
11256,136106,1,0,2.68641795264557
11257,136107,1,0,2.7312610181979835
11258,136108,1,0,2.6748860254883766
11259,136109,1,0,2.6901840465143323
11260,136110,1,0,2.6955250068567693
11261,136111,1,0,2.678373013623059
11262,136112,1,0,2.6836220058612525
11263,136113,1,0,2.688993001356721
11264,136114,1,0,2.6808169786818326
11265,136115,1,0,2.6703180046752095
11266,136116,1,0,2.6965260040014982
11267,136117,1,0,2.703097998164594
11268,136118,1,0,2.680626988876611
11269,136119,1,0,2.683211991097778
11270,136120,1,0,2.6849349960684776
11271,136121,1,0,2.6851649745367467
11272,136122,1,1,2.678842982277274
11273,136123,1,0,2.6982490089721978
11274,136124,1,0,2.691536967176944
11275,136125,1,0,2.680766978301108
11276,136126,1,0,2.679094031918794
11277,136127,1,0,2.69238802138716
11278,136128,1,0,2.6966059813275933
11279,136129,1,0,2.802972972858697
11280,136130,1,0,2.8247740119695663
11281,136131,1,0,2.6877300115302205
11282,136132,1,0,2.6879810029640794
11283,136133,1,0,2.6793539873324335
11284,136134,1,0,2.6882009697146714
11285,136135,1,0,2.699641976505518
11286,136136,1,0,2.7020960114896297
11287,136137,1,0,2.6737740263342857
11288,136138,1,0,2.685555024072528
11289,136139,1,1,2.6929499581456184
11290,136140,1,0,2.674926014151424
11291,136141,1,0,2.684974984731525
11292,136142,1,0,2.7078569983132184
11293,136143,1,0,2.6940720272250473
11294,136144,1,0,2.674465999007225
11295,136145,1,0,2.6940920506604016
11296,136146,1,0,2.6874689501710236
11297,136147,1,0,2.677000011317432
11298,136148,1,0,2.693861024454236
11299,136149,1,0,2.699892967939377
11300,136150,1,0,2.6868179556913674
11301,136151,1,0,2.6767399976961315
11302,136152,1,0,2.694132039323449
11303,136153,1,0,2.694593043997884
11304,136154,1,0,2.737822011113167
11305,136155,1,0,2.7989569935016334
11306,136156,1,1,2.6949929888360202
11307,136157,1,0,2.689923974685371
11308,136158,1,0,2.687488973606378
11309,136159,1,0,2.6719309971667826
11310,136160,1,0,2.690125023946166
11311,136161,1,0,2.6870790170505643
11312,136162,1,0,2.677150012459606
11313,136163,1,0,2.685316023416817
11314,136164,1,0,2.689682994969189
11315,136165,1,0,2.6887819985859096
11316,136166,1,0,2.677340991795063
11317,136167,1,0,2.6904449914582074
11318,136168,1,0,2.6877199998125434
11319,136169,1,0,2.6758380117826164
11320,136170,1,0,2.6880099903792143
11321,136171,1,0,2.6885420083999634
11322,136172,1,0,2.678322955034673
11323,136173,1,1,2.6694759726524353
11324,136174,1,0,2.691686968319118
11325,136175,1,0,2.693579997867346
11326,136176,1,0,2.6863469975069165
11327,136177,1,0,2.695243980269879
11328,136178,1,0,2.702236990444362
11329,136179,1,0,2.7118039433844388
11330,136180,1,0,2.6906849816441536
11331,136181,1,0,2.69833899801597
11332,136182,1,0,2.819583984091878
11333,136183,1,0,2.6971069746650755
11334,136184,1,0,2.68543598940596
11335,136185,1,0,2.6916670030914247
11336,136186,1,0,2.6914870250038803
11337,136187,1,0,2.6750160031951964
11338,136188,1,0,2.68646702170372
11339,136189,1,0,2.6919280062429607
11340,136190,1,1,2.7042599976994097
11341,136191,1,0,2.6915770140476525
11342,136192,1,0,2.6926890132017434
11343,136193,1,0,2.7004529838450253
11344,136194,1,0,2.701655961573124
11345,136195,1,0,2.6769700343720615
11346,136196,1,0,2.6960460236296058
11347,136197,1,0,2.690986031666398
11348,136198,1,0,2.691195986699313
11349,136199,1,0,2.684013044927269
11350,136200,1,0,2.6987610035575926
11351,136201,1,0,2.705704013351351
11352,136202,1,0,2.680766978301108
11353,136203,1,0,2.6943020056933165
11354,136204,1,0,2.688871987629682
11355,136205,1,0,2.688881999347359
11356,136206,1,0,2.6735139545053244
11357,136207,1,1,2.6926390128210187
11358,136208,1,0,2.8170490404590964
11359,136209,1,0,2.674455987289548
11360,136210,1,0,2.664818021003157
11361,136211,1,0,2.688090957235545
11362,136212,1,0,2.6907859719358385
11363,136213,1,0,2.675546973478049
11364,136214,1,0,2.68502498511225
11365,136215,1,0,2.691306988708675
11366,136216,1,0,2.672752016223967
11367,136217,1,0,2.683612983673811
11368,136218,1,0,2.6864479877986014
11369,136219,1,0,2.6863680104725063
11370,136220,1,0,2.6681440067477524
11371,136221,1,0,2.691756992135197
11372,136222,1,0,2.691527013666928
11373,136223,1,0,2.6890430017374456
11374,136224,1,1,2.684703969862312
11375,136225,1,0,2.691557980142534
11376,136226,1,0,2.6890229783020914
11377,136227,1,0,2.670738031156361
11378,136228,1,0,2.697477990295738
11379,136229,1,0,2.6905049453489482
11380,136230,1,0,2.6867379783652723
11381,136231,1,0,2.6774409925565124
11382,136232,1,0,2.6893930044025183
11383,136233,1,0,2.700223005376756
11384,136234,1,0,2.678111952263862
11385,136235,1,0,2.813283004797995
11386,136236,1,0,2.695313945878297
11387,136237,1,0,2.681959012988955
11388,136238,1,0,2.6761480257846415
11389,136239,1,0,2.6893330505117774
11390,136240,1,0,2.701244957279414
11391,136241,1,1,2.685686049517244
11392,136242,1,0,2.6752870180644095
11393,136243,1,0,2.6991210179403424
11394,136244,1,0,2.6908559957519174
11395,136245,1,0,2.6892120367847383
11396,136246,1,0,2.695774019230157
11397,136247,1,0,2.6977789821103215
11398,136248,1,0,2.73328396724537
11399,136249,1,0,2.6808870024979115
11400,136250,1,0,2.6967559824697673
11401,136251,1,0,2.6905250269919634
11402,136252,1,0,2.687770000193268
11403,136253,1,0,2.6829009875655174
11404,136254,1,0,2.6959250099025667
11405,136255,1,0,2.696496027056128
11406,136256,1,0,2.682599995750934
11407,136257,1,0,2.6941520045511425
11408,136258,1,1,2.6944329729303718
11409,136259,1,0,2.700142969843
11410,136260,1,0,2.6807370013557374
11411,136261,1,0,2.81238101888448
11412,136262,1,0,2.6940620155073702
11413,136263,1,0,2.697147021535784
11414,136264,1,0,2.673041948582977
11415,136265,1,0,2.697207033634186
11416,136266,1,0,2.692478010430932
11417,136267,1,0,2.6832619914785028
11418,136268,1,0,2.6866479893215
11419,136269,1,0,2.6921380194835365
11420,136270,1,0,2.6891930028796196
11421,136271,1,0,2.6793249999172986
11422,136272,1,0,2.693519985768944
11423,136273,1,0,2.7061639702878892
11424,136274,1,0,2.6903949910774827
11425,136275,1,0,2.683843020349741
11426,136276,1,1,2.691087021958083
11427,136277,1,0,2.689624030608684
11428,136278,1,0,2.6662099990062416
11429,136279,1,0,2.685405022930354
11430,136280,1,0,2.693108981475234
11431,136281,1,0,2.6823700172826648
11432,136282,1,0,2.681738988030702
11433,136283,1,0,2.6988000026904047
11434,136284,1,0,2.6954240165650845
11435,136285,1,0,2.6792040443979204
11436,136286,1,0,2.68822000361979
11437,136287,1,0,2.7033989899791777
11438,136288,1,0,2.818582986947149
11439,136289,1,0,2.6741750189103186
11440,136290,1,0,2.691728004720062
11441,136291,1,0,2.689543995074928
11442,136292,1,0,2.6932599721476436
11443,136293,1,1,2.679564990103245
11444,136294,1,0,2.6978690293617547
11445,136295,1,0,2.7165840147063136
11446,136296,1,0,2.686157007701695
11447,136297,1,0,2.686146995984018
11448,136298,1,0,2.703820005990565
11449,136299,1,0,2.697467978578061
11450,136300,1,0,2.679986006114632
11451,136301,1,0,2.6973180356435478
11452,136302,1,0,2.6867780252359807
11453,136303,1,0,2.678051998373121
11454,136304,1,0,2.6909459847956896
11455,136305,1,0,2.6887719868682325
11456,136306,1,0,2.691738016437739
11457,136307,1,0,2.6748559903353453
11458,136308,1,0,2.6953439810313284
11459,136309,1,0,2.6928700390271842
11460,136310,1,1,2.684544015210122
11461,136311,1,0,2.688951964955777
11462,136312,1,0,2.6962460251525044
11463,136313,1,0,2.6980889961123466
11464,136314,1,0,2.803935029078275
11465,136315,1,0,2.685835992451757
11466,136316,1,0,2.697669027838856
11467,136317,1,0,2.686718013137579
11468,136318,1,0,2.7173349517397583
11469,136319,1,0,2.6901739765889943
11470,136320,1,0,2.691066008992493
11471,136321,1,0,2.6811080169864
11472,136322,1,0,2.6750460383482277
11473,136323,1,0,2.7015950181521475
11474,136324,1,0,2.703920006752014
11475,136325,1,0,2.685585990548134
11476,136326,1,0,2.683641971088946
11477,136327,1,1,2.6950539904646575
11478,136328,1,0,2.6966260047629476
11479,136329,1,0,2.682310005184263
11480,136330,1,0,2.70389998331666
11481,136331,1,0,2.7059029671363533
11482,136332,1,0,2.6884410181082785
11483,136333,1,0,2.6908860309049487
11484,136334,1,0,2.6915069902315736
11485,136335,1,0,2.691125962883234
11486,136336,1,0,2.6815179735422134
11487,136337,1,0,2.7321819798089564
11488,136338,1,0,2.7212020359002054
11489,136339,1,0,2.694412018172443
11490,136340,1,0,2.6820299681276083
11491,136341,1,0,2.8063589707016945
11492,136342,1,0,2.7449160115793347
11493,136343,1,0,2.712104993406683
11494,136344,1,1,2.690194989554584
11495,136345,1,0,2.7031489880755544
11496,136346,1,0,2.6940509560517967
11497,136347,1,0,2.6954439817927778
11498,136348,1,0,2.679905970580876
11499,136349,1,0,2.7035800158046186
11500,136350,1,0,2.6950539904646575
11501,136351,1,0,2.6890120352618396
11502,136352,1,0,2.6913759647868574
11503,136353,1,0,2.6902150129899383
11504,136354,1,0,2.6909260195679963
11505,136355,1,0,2.674495044630021
11506,136356,1,0,2.697377000004053
11507,136357,1,0,2.6830820133909583
11508,136358,1,0,2.6860159705393016
11509,136359,1,0,2.676589007023722
11510,136360,1,0,2.693660033401102
11511,136361,1,1,2.6931589818559587
11512,136362,1,0,2.67776200780645
11513,136363,1,0,2.6832210132852197
11514,136364,1,0,2.6927890139631927
11515,136365,1,0,2.727103012148291
11516,136366,1,0,2.6820290368050337
11517,136367,1,0,2.8246240108273923
11518,136368,1,0,2.6968269958160818
11519,136369,1,0,2.6836020406335592
11520,136370,1,0,2.6785129448398948
11521,136371,1,0,2.692509035114199
11522,136372,1,0,2.6857759803533554
11523,136373,1,0,2.6872189482674003
11524,136374,1,0,2.6896540075540543
11525,136375,1,0,2.6875699986703694
11526,136376,1,0,2.689672983251512
11527,136377,1,0,2.670738031156361
11528,136378,1,1,2.6883609825745225
11529,136379,1,0,2.6865380350500345
11530,136380,1,0,2.674004004802555
11531,136381,1,0,2.6893930044025183
11532,136382,1,0,2.6898240321315825
11533,136383,1,0,2.6965659926645458
11534,136384,1,0,2.68180895363912
11535,136385,1,0,2.7071249787695706
11536,136386,1,0,2.700523007661104
11537,136387,1,0,2.6810879935510457
11538,136388,1,0,2.694692986551672
11539,136389,1,0,2.7975630364380777
11540,136390,1,0,2.692889014724642
11541,136391,1,0,2.684133010916412
11542,136392,1,0,2.6954340282827616
11543,136393,1,0,2.6930400053970516
11544,136394,1,0,2.820075023919344
11545,136395,1,1,2.6810779818333685
11546,136396,1,0,2.692307985853404
11547,136397,1,0,2.7021360001526773
11548,136398,1,0,2.7029580087400973
11549,136399,1,0,2.690233988687396
11550,136400,1,0,2.704531012568623
11551,136401,1,0,2.690836030524224
11552,136402,1,0,2.6916269562207162
11553,136403,1,0,2.67611799063161
11554,136404,1,0,2.7089290088042617
11555,136405,1,0,2.6940620155073702
11556,136406,1,0,2.687609987333417
11557,136407,1,0,2.6886920095421374
11558,136408,1,0,2.697547955904156
11559,136409,1,0,2.707035979256034
11560,136410,1,0,2.681177982594818
11561,136411,1,0,2.6959250099025667
11562,136412,1,1,2.767316997051239
11563,136413,1,0,2.6929800515063107
11564,136414,1,0,2.679795026779175
11565,136415,1,0,2.700484008528292
11566,136416,1,0,2.6933199842460454
11567,136417,1,0,2.6903749676421285
11568,136418,1,0,2.687689964659512
11569,136419,1,0,2.69880099222064
11570,136420,1,0,2.822459035087377
11571,136421,1,0,2.6861070073209703
11572,136422,1,0,2.6839430211111903
11573,136423,1,0,2.697268035262823
11574,136424,1,0,2.6914560003206134
11575,136425,1,0,2.683341968804598
11576,136426,1,0,2.69893096992746
11577,136427,1,0,2.690084045752883
11578,136428,1,0,2.678734017536044
11579,136429,1,1,2.673484035767615
11580,136430,1,0,2.692690002731979
11581,136431,1,0,2.6864269748330116
11582,136432,1,0,2.679173951037228
11583,136433,1,0,2.6896930066868663
11584,136434,1,0,2.6918670046143234
11585,136435,1,0,2.683853032067418
11586,136436,1,0,2.670157002285123
11587,136437,1,0,2.6880200020968914
11588,136438,1,0,2.686296997126192
11589,136439,1,0,2.687438973225653
11590,136440,1,0,2.6934409979730844
11591,136441,1,0,2.6996119995601475
11592,136442,1,0,2.680306031834334
11593,136443,1,0,2.679664990864694
11594,136444,1,0,2.691627014428377
11595,136445,1,0,2.7000929694622755
11596,136446,1,1,2.682749996893108
11597,136447,1,0,2.8119099442847073
11598,136448,1,0,2.7018359978683293
11599,136449,1,0,2.6952640037052333
11600,136450,1,0,2.683912985958159
11601,136451,1,0,2.6899149524979293
11602,136452,1,0,2.694912953302264
11603,136453,1,0,2.6906050043180585
11604,136454,1,0,2.6747059891931713
11605,136455,1,0,2.6881100493483245
11606,136456,1,0,2.693529997486621
11607,136457,1,0,2.6818899787031114
11608,136458,1,0,2.6831920258700848
11609,136459,1,0,2.7402169653214514
11610,136460,1,0,2.7007239987142384
11611,136461,1,0,2.686558000277728
11612,136462,1,0,2.6966059813275933
11613,136463,1,1,2.700334007386118
11614,136464,1,0,2.692418987862766
11615,136465,1,0,2.679174009244889
11616,136466,1,0,2.694392984267324
11617,136467,1,0,2.6895630289800465
11618,136468,1,0,2.684463979676366
11619,136469,1,0,2.695875009521842
11620,136470,1,0,2.6921580429188907
11621,136471,1,0,2.704961982090026
11622,136472,1,0,2.681348007172346
11623,136473,1,0,2.8277200181037188
11624,136474,1,0,2.705032005906105
11625,136475,1,0,2.697247953619808
11626,136476,1,0,2.6694959960877895
11627,136477,1,0,2.699631964787841
11628,136478,1,0,2.6928989682346582
11629,136479,1,0,2.687198983039707
11630,136480,1,1,2.689082990400493
11631,136481,1,0,2.689822984393686
11632,136482,1,0,2.909189963247627
11633,136483,1,0,2.6909259613603354
11634,136484,1,0,2.677812008187175
11635,136485,1,0,2.690666005946696
11636,136486,1,0,2.694812952540815
11637,136487,1,0,2.67951498972252
11638,136488,1,0,2.679013996385038
11639,136489,1,0,2.6918970397673547
11640,136490,1,0,2.6928290026262403
11641,136491,1,0,2.668905013706535
11642,136492,1,0,2.693700953386724
11643,136493,1,0,2.6841930230148137
11644,136494,1,0,2.6757679879665375
11645,136495,1,0,2.6784930378198624
11646,136496,1,0,2.6942219701595604
11647,136497,1,1,2.69740802468732
11648,136498,1,0,2.6735240244306624
11649,136499,1,0,2.6877900236286223
11650,136500,1,0,2.813092025462538
11651,136501,1,0,2.693540998734534
11652,136502,1,0,2.6795449666678905
11653,136503,1,0,2.694252005312592
11654,136504,1,0,2.6905860286206007
11655,136505,1,0,2.675167052075267
11656,136506,1,0,2.727123035583645
11657,136507,1,0,2.6862570084631443
11658,136508,1,0,2.6942219701595604
11659,136509,1,0,2.6682839961722493
11660,136510,1,0,2.6978880050592124
11661,136511,1,0,2.6865070103667676
11662,136512,1,0,2.6849949499592185
11663,136513,1,0,2.6980689726769924
11664,136514,1,1,2.6975980144925416
11665,136515,1,0,2.6946329744532704
11666,136516,1,0,2.683612983673811
11667,136517,1,0,2.6918380171991885
11668,136518,1,0,2.6876990450546145
11669,136519,1,0,2.677209966350347
11670,136520,1,0,2.6752070407383144
11671,136521,1,0,2.6973180356435478
11672,136522,1,0,2.699661999940872
11673,136523,1,0,2.6831509894691408
11674,136524,1,0,2.692268986720592
11675,136525,1,0,2.6831509894691408
11676,136526,1,0,2.815116022247821
11677,136527,1,0,2.6838930207304657
11678,136528,1,0,2.695875009521842
11679,136529,1,0,2.6881909579969943
11680,136530,1,0,2.6930500171147287
11681,136531,1,1,2.6680240407586098
11682,136532,1,0,2.6860570069402456
11683,136533,1,0,2.6849249843508005
11684,136534,1,0,2.67611799063161
11685,136535,1,0,2.697187999729067
11686,136536,1,0,2.6912169996649027
11687,136537,1,0,2.6840330101549625
11688,136538,1,0,2.6739549939520657
11689,136539,1,0,2.691767003852874
11690,136540,1,0,2.6885520201176405
11691,136541,1,0,2.681838988792151
11692,136542,1,0,2.6901940000243485
11693,136543,1,0,2.690255001652986
11694,136544,1,0,2.6933900080621243
11695,136545,1,0,2.674846036825329
11696,136546,1,0,2.6887519634328783
11697,136547,1,0,2.687849977519363
11698,136548,1,1,2.6788139948621392
11699,136549,1,0,2.692088019102812
11700,136550,1,0,2.694513008464128
11701,136551,1,0,2.6913670008070767
11702,136552,1,0,2.683422004338354
11703,136553,1,0,2.8128220001235604
11704,136554,1,0,2.6943020056933165
11705,136555,1,0,2.685835992451757
11706,136556,1,0,2.6805369998328388
11707,136557,1,0,2.6995419757440686
11708,136558,1,0,2.693701011594385
11709,136559,1,0,2.6762489578686655
11710,136560,1,0,2.6849149726331234
11711,136561,1,0,2.691136032808572
11712,136562,1,0,2.6879700017161667
11713,136563,1,0,2.6793540455400944
11714,136564,1,0,2.6870290166698396
11715,136565,1,1,2.6913360343314707
11716,136566,1,0,2.6791749987751245
11717,136567,1,0,2.6845840038731694
11718,136568,1,0,2.6996220112778246
11719,136569,1,0,2.69599596504122
11720,136570,1,0,2.674535964615643
11721,136571,1,0,2.696595969609916
11722,136572,1,0,2.696787007153034
11723,136573,1,0,2.6810370036400855
11724,136574,1,0,2.6797750033438206
11725,136575,1,0,2.690093999262899
11726,136576,1,0,2.770734019577503
11727,136577,1,0,2.7812329935841262
11728,136578,1,0,2.7126959757879376
11729,136579,1,0,2.819893998093903
11730,136580,1,0,2.688380947802216
11731,136581,1,0,2.6890129665844142
11732,136582,1,1,2.6712800026871264
11733,136583,1,0,2.681888989172876
11734,136584,1,0,2.685525978449732
11735,136585,1,0,2.677251002751291
11736,136586,1,0,2.6823499938473105
11737,136587,1,0,2.6894229813478887
11738,136588,1,0,2.678543038200587
11739,136589,1,0,2.6702870381996036
11740,136590,1,0,2.685535990167409
11741,136591,1,0,2.691788016818464
11742,136592,1,0,2.6777409948408604
11743,136593,1,0,2.687529951799661
11744,136594,1,0,2.685777028091252
11745,136595,1,0,2.670868008863181
11746,136596,1,0,2.667842956725508
11747,136597,1,0,2.6870889705605805
11748,136598,1,0,2.6963059790432453
11749,136599,1,0,2.6812979485839605
11750,136600,1,1,2.741398988291621
11751,136601,1,0,2.696837007533759
11752,136602,1,0,2.6930300518870354
11753,136603,1,0,2.6799560291692615
11754,136604,1,0,2.709980995859951
11755,136605,1,0,2.696616982575506
11756,136606,1,0,2.8209160082042217
11757,136607,1,0,2.681439043954015
11758,136608,1,0,2.7010850026272237
11759,136609,1,0,2.6918670046143234
11760,136610,1,0,2.6960750110447407
11761,136611,1,0,2.6774710277095437
11762,136612,1,0,2.6876289630308747
11763,136613,1,0,2.689623972401023
11764,136614,1,0,2.6748960372060537
11765,136615,1,0,2.6875899638980627
11766,136616,1,0,2.686167019419372
11767,136617,1,1,2.6734129642136395
11768,136618,1,0,2.682791033294052
11769,136619,1,0,2.687619999051094
11770,136620,1,0,2.6929290033876896
11771,136621,1,0,2.6776909944601357
11772,136622,1,0,2.692968992050737
11773,136623,1,0,2.7347070281393826
11774,136624,1,0,2.6976889930665493
11775,136625,1,0,2.67693999921903
11776,136626,1,0,2.689933986403048
11777,136627,1,0,2.700763987377286
11778,136628,1,0,2.6878410135395825
11779,136629,1,0,2.6930200401693583
11780,136630,1,0,2.6949929888360202
11781,136631,1,0,2.697056974284351
11782,136632,1,0,2.8110379935242236
11783,136633,1,0,2.6814680313691497
11784,136634,1,1,2.6976990047842264
11785,136635,1,0,2.697858028113842
11786,136636,1,0,2.6798659819178283
11787,136637,1,0,2.6987000019289553
11788,136638,1,0,2.6928700390271842
11789,136639,1,0,2.678431977983564
11790,136640,1,0,2.6778409956023097
11791,136641,1,0,2.6892730384133756
11792,136642,1,0,2.6885109837166965
11793,136643,1,0,2.6818590122275054
11794,136644,1,0,2.6953640044666827
11795,136645,1,0,2.691836969461292
11796,136646,1,0,2.6794439763762057
11797,136647,1,0,2.7008139877580106
11798,136648,1,0,2.687338972464204
11799,136649,1,0,2.680606034118682
11800,136650,1,0,2.6764990179799497
11801,136651,1,1,2.691477013286203
11802,136652,1,0,2.6950440369546413
11803,136653,1,0,2.686246996745467
11804,136654,1,0,2.681548008695245
11805,136655,1,0,2.6933400076813996
11806,136656,1,0,2.693000016734004
11807,136657,1,0,2.685295999981463
11808,136658,1,0,2.6873089955188334
11809,136659,1,0,2.8123609954491258
11810,136660,1,0,2.684254024643451
11811,136661,1,0,2.672681992407888
11812,136662,1,0,2.683362050447613
11813,136663,1,0,2.6918280054815114
11814,136664,1,0,2.6873889728449285
11815,136665,1,0,2.6691060047596693
11816,136666,1,0,2.6971379993483424
11817,136667,1,0,2.691696980036795
11818,136668,1,1,2.6828909758478403
11819,136669,1,0,2.6916679926216602
11820,136670,1,0,2.775533008389175
11821,136671,1,0,2.691527013666928
11822,136672,1,0,2.678693039342761
11823,136673,1,0,2.6922980323433876
11824,136674,1,0,2.693310030736029
11825,136675,1,0,2.6778209721669555
11826,136676,1,0,2.675357973203063
11827,136677,1,0,2.693551010452211
11828,136678,1,0,2.691115951165557
11829,136679,1,0,2.6777409948408604
11830,136680,1,0,2.6935810456052423
11831,136681,1,0,2.697477990295738
11832,136682,1,0,2.6973580243065953
11833,136683,1,0,2.680275996681303
11834,136684,1,0,2.690774970687926
11835,136685,1,1,2.8188329888507724
11836,136686,1,0,2.6838320191018283
11837,136687,1,0,2.6745060458779335
11838,136688,1,0,2.6939809904433787
11839,136689,1,0,2.696346025913954
11840,136690,1,0,2.681669022422284
11841,136691,1,0,2.685606013983488
11842,136692,1,0,2.6933900080621243
11843,136693,1,0,2.6908660074695945
11844,136694,1,0,2.6742350310087204
11845,136695,1,0,2.689223038032651
11846,136696,1,0,2.694533031899482
11847,136697,1,0,2.6919179945252836
11848,136698,1,0,2.6892530149780214
11849,136699,1,0,2.69862002460286
11850,136700,1,0,2.6904449914582074
11851,136701,1,0,2.675106981769204
11852,136702,1,1,2.6838129851967096
11853,136703,1,0,2.6905759586952627
11854,136704,1,0,2.725108992308378
11855,136705,1,0,2.697468036785722
11856,136706,1,0,2.7002629940398037
11857,136707,1,0,2.685585990548134
11858,136708,1,0,2.681619022041559
11859,136709,1,0,2.69297999329865
11860,136710,1,0,2.693742047995329
11861,136711,1,0,2.69081600708887
11862,136712,1,0,2.8023620252497494
11863,136713,1,0,2.6937309885397553
11864,136714,1,0,2.6932700420729816
11865,136715,1,0,2.6901739765889943
11866,136716,1,0,2.6810470153577626
11867,136717,1,0,2.68677796702832
11868,136718,1,0,2.6937310467474163
11869,136719,1,1,2.6771100237965584
11870,136720,1,0,2.69063503947109
11871,136721,1,0,2.6843039668165147
11872,136722,1,0,2.6924979756586254
11873,136723,1,0,2.6702669565565884
11874,136724,1,0,2.688129956368357
11875,136725,1,0,2.688059990759939
11876,136726,1,0,2.670679008588195
11877,136727,1,0,2.6867780252359807
11878,136728,1,0,2.6878599892370403
11879,136729,1,0,2.686988969799131
11880,136730,1,0,2.6676030247472227
11881,136731,1,0,2.6827799738384783
11882,136732,1,0,2.6906150160357356
11883,136733,1,0,2.6761990156956017
11884,136734,1,0,2.691738016437739
11885,136735,1,0,2.687539963517338
11886,136736,1,1,2.6932809851132333
11887,136737,1,0,2.6788730174303055
11888,136738,1,0,2.8169690049253404
11889,136739,1,0,2.6846450055018067
11890,136740,1,0,2.680687000975013
11891,136741,1,0,2.674104005564004
11892,136742,1,0,2.7324529946781695
11893,136743,1,0,2.694592985790223
11894,136744,1,0,2.681037993170321
11895,136745,1,0,2.685596002265811
11896,136746,1,0,2.68625799799338
11897,136747,1,0,2.6953439810313284
11898,136748,1,0,2.676178002730012
11899,136749,1,0,2.690905996132642
11900,136750,1,0,2.698529977351427
11901,136751,1,0,2.679836004972458
11902,136752,1,0,2.688902022782713
11903,136753,1,1,2.697809017263353
11904,136754,1,0,2.6863469975069165
11905,136755,1,0,2.667712979018688
11906,136756,1,0,2.692889014724642
11907,136757,1,0,2.687960979528725
11908,136758,1,0,2.6817090110853314
11909,136759,1,0,2.6847750414162874
11910,136760,1,0,2.6960550458170474
11911,136761,1,0,2.688320993911475
11912,136762,1,0,2.669706998858601
11913,136763,1,0,2.6901339879259467
11914,136764,1,0,2.780230948701501
11915,136765,1,0,2.83774797571823
11916,136766,1,0,2.68343195784837
11917,136767,1,0,2.6887409621849656
11918,136768,1,0,2.6931100292131305
11919,136769,1,0,2.687519008759409
11920,136770,1,1,2.668564033228904
11921,136771,1,0,2.6913269539363682
11922,136772,1,0,2.6830010465346277
11923,136773,1,0,2.6764890062622726
11924,136774,1,0,2.682580961845815
11925,136775,1,0,2.6881510275416076
11926,136776,1,0,2.6926790014840662
11927,136777,1,0,2.6738449814729393
11928,136778,1,0,2.7003930299542844
11929,136779,1,0,2.687439031433314
11930,136780,1,0,2.6770710246637464
11931,136781,1,0,2.690825960598886
11932,136782,1,0,2.6892030145972967
11933,136783,1,0,2.6794340228661895
11934,136784,1,0,2.672051021363586
11935,136785,1,0,2.690425026230514
11936,136786,1,0,2.6842739898711443
11937,136787,1,1,2.6769000105559826
11938,136788,1,0,2.770613005850464
11939,136789,1,0,2.703709003981203
11940,136790,1,0,2.697066986002028
11941,136791,1,0,2.802823029924184
11942,136792,1,0,2.679484023246914
11943,136793,1,0,2.6878100470639765
11944,136794,1,0,2.682520018424839
11945,136795,1,0,2.679444965906441
11946,136796,1,0,2.689202025067061
11947,136797,1,0,2.6972469640895724
11948,136798,1,0,2.676968986634165
11949,136799,1,0,2.670137968380004
11950,136800,1,0,2.685877028852701
11951,136801,1,0,2.685324987396598
11952,136802,1,0,2.677612006664276
11953,136803,1,0,2.7040200075134635
11954,136804,1,1,2.6912260218523443
11955,136805,1,0,2.679575001820922
11956,136806,1,0,2.6739350287243724
11957,136807,1,0,2.6836630422621965
11958,136808,1,0,2.6949329767376184
11959,136809,1,0,2.6791240088641644
11960,136810,1,0,2.689213026314974
11961,136811,1,0,2.6850849972106516
11962,136812,1,0,2.678592980373651
11963,136813,1,0,2.6767889503389597
11964,136814,1,0,2.6938010123558342
11965,136815,1,0,2.7070160140283406
11966,136816,1,0,2.6915569906122983
11967,136817,1,0,2.6874500326812267
11968,136818,1,0,2.806370030157268
11969,136819,1,0,2.6923289988189936
11970,136820,1,0,2.691397035960108
11971,136821,1,1,2.6866679545491934
11972,136822,1,0,2.6831309660337865
11973,136823,1,0,2.691826957743615
11974,136824,1,0,2.6673219981603324
11975,136825,1,0,2.687960979528725
11976,136826,1,0,2.6748760137706995
11977,136827,1,0,2.6709489757195115
11978,136828,1,0,2.6917369686998427
11979,136829,1,0,2.6871379814110696
11980,136830,1,0,2.6909549487754703
11981,136831,1,0,2.678191987797618
11982,136832,1,0,2.690255001652986
11983,136833,1,0,2.690143999643624
11984,136834,1,0,2.6745659997686744
11985,136835,1,0,2.738493960350752
11986,136836,1,0,2.6980789843946695
11987,136837,1,0,2.6946330326609313
11988,136838,1,1,2.674334973562509
11989,136839,1,0,2.6855460018850863
11990,136840,1,0,2.6859770296141505
11991,136841,1,0,2.7051829965785146
11992,136842,1,0,2.682941034436226
11993,136843,1,0,2.693490998353809
11994,136844,1,0,2.822879992891103
11995,136845,1,0,2.686146995984018
11996,136846,1,0,2.6821200153790414
11997,136847,1,0,2.689111977815628
11998,136848,1,0,2.695614006370306
11999,136849,1,0,2.683612983673811
12000,136850,1,0,2.697617979720235
12001,136851,1,0,2.6965260040014982
12002,136852,1,0,2.697206975426525
12003,136853,1,0,2.6775909936986864
12004,136854,1,0,2.6942220283672214
12005,136855,1,1,2.6892219902947545
12006,136856,1,0,2.6777920429594815
12007,136857,1,0,2.67935503507033
12008,136858,1,0,2.7444050065241754
12009,136859,1,0,2.7023570146411657
12010,136860,1,0,2.6803259970620275
12011,136861,1,0,2.7035499806515872
12012,136862,1,0,2.6902449899353087
12013,136863,1,0,2.682009944692254
12014,136864,1,0,2.683442027773708
12015,136865,1,0,2.6967370067723095
12016,136866,1,0,2.6940220268443227
12017,136867,1,0,2.684655017219484
12018,136868,1,0,2.688341017346829
12019,136869,1,0,2.6981299743056297
12020,136870,1,0,2.6971269981004298
12021,136871,1,0,2.808874996844679
12022,136872,1,1,2.6856460026465356
12023,136873,1,0,2.6986400480382144
12024,136874,1,0,2.693321031983942
12025,136875,1,0,2.6715300045907497
12026,136876,1,0,2.700473996810615
12027,136877,1,0,2.695715054869652
12028,136878,1,0,2.683341968804598
12029,136879,1,0,2.698450000025332
12030,136880,1,0,2.6935709756799042
12031,136881,1,0,2.705322054680437
12032,136882,1,0,2.7926950133405626
12033,136883,1,0,2.6857960037887096
12034,136884,1,0,2.6973370113410056
12035,136885,1,0,2.7045210008509457
12036,136886,1,0,2.6869080029428005
12037,136887,1,0,2.7021460118703544
12038,136888,1,0,2.6960649993270636
12039,136889,1,1,2.6796950260177255
12040,136890,1,0,2.681438985746354
12041,136891,1,0,2.6975980144925416
12042,136892,1,0,2.6924089761450887
12043,136893,1,0,2.691738016437739
12044,136894,1,0,2.6917679933831096
12045,136895,1,0,2.6916369679383934
12046,136896,1,0,2.6942420518025756
12047,136897,1,0,2.8010300011374056
12048,136898,1,0,2.692038018722087
12049,136899,1,0,2.6887920103035867
12050,136900,1,0,2.683132013771683
12051,136901,1,0,2.6661999872885644
12052,136902,1,0,2.6907259598374367
12053,136903,1,0,2.6880799559876323
12054,136904,1,0,2.6809770497493446
12055,136905,1,0,2.7000129921361804
12056,136906,1,0,2.6931900065392256
12057,136907,1,1,2.6826300309039652
12058,136908,1,0,2.6700670132413507
12059,136909,1,0,2.6945830322802067
12060,136910,1,0,2.695032977499068
12061,136911,1,0,2.6775409933179617
12062,136912,1,0,2.6890229783020914
12063,136913,1,0,2.691927016712725
12064,136914,1,0,2.6928390143439174
12065,136915,1,0,2.674916002433747
12066,136916,1,0,2.6944720302708447
12067,136917,1,0,2.7092300006188452
12068,136918,1,0,2.680417033843696
12069,136919,1,0,2.690014021936804
12070,136920,1,0,2.6979490066878498
12071,136921,1,0,2.702175988815725
12072,136922,1,0,2.6877900236286223
12073,136923,1,0,2.6923289988189936
12074,136924,1,1,2.817620988935232
12075,136925,1,0,2.7201399789191782
12076,136926,1,0,2.7237359900027514
12077,136927,1,0,2.694331982638687
12078,136928,1,0,2.7065050089731812
12079,136929,1,0,2.6870390283875167
12080,136930,1,0,2.6754470309242606
12081,136931,1,0,2.6997019886039197
12082,136932,1,0,2.688752021640539
12083,136933,1,0,2.6814789744094014
12084,136934,1,0,2.6846039691008627
12085,136935,1,0,2.6893930044025183
12086,136936,1,0,2.6932600303553045
12087,136937,1,0,2.6795350131578743
12088,136938,1,0,2.6952039916068316
12089,136939,1,0,2.6945029967464507
12090,136940,1,0,2.68126797163859
12091,136941,1,1,2.691477013286203
12092,136942,1,0,2.694692986551672
12093,136943,1,0,2.6935010100714862
12094,136944,1,0,2.689021988771856
12095,136945,1,0,2.693150017876178
12096,136946,1,0,2.6915970374830067
12097,136947,1,0,2.6864780229516327
12098,136948,1,0,2.6841440121643245
12099,136949,1,0,2.7022770373150706
12100,136950,1,0,2.819865010678768
12101,136951,1,0,2.6895030168816447
12102,136952,1,0,2.6866880361922085
12103,136953,1,0,2.6951939798891544
12104,136954,1,0,2.691396977752447
12105,136955,1,0,2.7017759857699275
12106,136956,1,0,2.6882910169661045
12107,136957,1,0,2.6865379768423736
12108,136958,1,1,2.697687945328653
12109,136959,1,0,2.6738340384326875
12110,136960,1,0,2.6955740177072585
12111,136961,1,0,2.692919981200248
12112,136962,1,0,2.680155972484499
12113,136963,1,0,2.683722006622702
12114,136964,1,0,2.689163025934249
12115,136965,1,0,2.6957140071317554
12116,136966,1,0,2.6701079914346337
12117,136967,1,0,2.686758991330862
12118,136968,1,0,2.692599024157971
12119,136969,1,0,2.6848040288314223
12120,136970,1,0,2.6882709935307503
12121,136971,1,0,2.695603994652629
12122,136972,1,0,2.7073060045950115
12123,136973,1,0,2.6805870002135634
12124,136974,1,0,2.6884209946729243
12125,136975,1,1,2.6827710098586977
12126,136976,1,0,2.7524600154720247
12127,136977,1,0,2.8103479999117553
12128,136978,1,0,2.6899140211753547
12129,136979,1,0,2.6992909843102098
12130,136980,1,0,2.6970269973389804
12131,136981,1,0,2.68005597172305
12132,136982,1,0,2.6910360320471227
12133,136983,1,0,2.686797990463674
12134,136984,1,0,2.693690999876708
12135,136985,1,0,2.6875800103880465
12136,136986,1,0,2.6908459840342402
12137,136987,1,0,2.6842529769055545
12138,136988,1,0,2.666871005203575
12139,136989,1,0,2.6867580018006265
12140,136990,1,0,2.6862979866564274
12141,136991,1,0,2.678201999515295
12142,136992,1,1,2.6786630041897297
12143,136993,1,0,2.686958003323525
12144,136994,1,0,2.689943998120725
12145,136995,1,0,2.6753770071081817
12146,136996,1,0,2.694452996365726
12147,136997,1,0,2.6953539927490056
12148,136998,1,0,2.6866180123761296
12149,136999,1,0,2.676028001587838
12150,137000,1,0,2.6945729623548687
12151,137001,1,0,2.6931900065392256
12152,137002,1,0,2.6894230395555496
12153,137003,1,0,2.8157670167274773
12154,137004,1,0,2.6807269896380603
12155,137005,1,0,2.694892988074571
12156,137006,1,0,2.65765399672091
12157,137007,1,0,2.6997720124199986
12158,137008,1,0,2.691355999559164
12159,137009,1,1,2.6747449883259833
12160,137010,1,0,2.6846540276892483
12161,137011,1,0,2.6852950104512274
12162,137012,1,0,2.6932209730148315
12163,137013,1,0,2.6665609912015498
12164,137014,1,0,2.689513028599322
12165,137015,1,0,2.6825410313904285
12166,137016,1,0,2.672371978405863
12167,137017,1,0,2.685344952624291
12168,137018,1,0,2.6860670186579227
12169,137019,1,0,2.6969469618052244
12170,137020,1,0,2.678292978089303
12171,137021,1,0,2.6945219724439085
12172,137022,1,0,2.701245015487075
12173,137023,1,0,2.72627203958109
12174,137024,1,0,2.6801759959198534
12175,137025,1,0,2.694421971682459
12176,137026,1,1,2.7005739975720644
12177,137027,1,0,2.6829709531739354
12178,137028,1,0,2.6954050408676267
12179,137029,1,0,2.701265038922429
12180,137030,1,0,2.8244529967196286
12181,137031,1,0,2.6817379985004663
12182,137032,1,0,2.6925989659503102
12183,137033,1,0,2.696567040402442
12184,137034,1,0,2.700703975278884
12185,137035,1,0,2.6741449837572873
12186,137036,1,0,2.6896930066868663
12187,137037,1,0,2.6948429876938462
12188,137038,1,0,2.6841930230148137
12189,137039,1,0,2.683422004338354
12190,137040,1,0,2.6932700420729816
12191,137041,1,0,2.685114974156022
12192,137042,1,0,2.678833028767258
12193,137043,1,1,2.6972880004905164
12194,137044,1,0,2.7048320043832064
12195,137045,1,0,2.679163997527212
12196,137046,1,0,2.676678996067494
12197,137047,1,0,2.6904349797405303
12198,137048,1,0,2.6938209775835276
12199,137049,1,0,2.7178560267202556
12200,137050,1,0,2.6906849816441536
12201,137051,1,0,2.678613003809005
12202,137052,1,0,2.690344990696758
12203,137053,1,0,2.671469992492348
12204,137054,1,0,2.6887719868682325
12205,137055,1,0,2.6831909781321883
12206,137056,1,0,2.810056961607188
12207,137057,1,0,2.6699869777075946
12208,137058,1,0,2.694763010367751
12209,137059,1,0,2.705391962081194
12210,137060,1,1,2.682620019186288
12211,137061,1,0,2.685194951482117
12212,137062,1,0,2.6890020235441625
12213,137063,1,0,2.6839119964279234
12214,137064,1,0,2.6691859820857644
12215,137065,1,0,2.684884995687753
12216,137066,1,0,2.688372042030096
12217,137067,1,0,2.68221995793283
12218,137068,1,0,2.689373039174825
12219,137069,1,0,2.6855759788304567
12220,137070,1,0,2.685324987396598
12221,137071,1,0,2.6891729794442654
12222,137072,1,0,2.7223139768466353
12223,137073,1,0,2.6940510142594576
12224,137074,1,0,2.6885310071520507
12225,137075,1,0,2.6828210102394223
12226,137076,1,0,2.6973079657182097
12227,137077,1,1,2.700844022911042
12228,137078,1,0,2.6929290033876896
12229,137079,1,0,2.7000329573638737
12230,137080,1,0,2.698539989069104
12231,137081,1,0,2.698520023841411
12232,137082,1,0,2.6806569658219814
12233,137083,1,0,2.8475860017351806
12234,137084,1,0,2.692428999580443
12235,137085,1,0,2.6900439988821745
12236,137086,1,0,2.67395400442183
12237,137087,1,0,2.6870680158026516
12238,137088,1,0,2.6996720116585493
12239,137089,1,0,2.6825100067071617
12240,137090,1,0,2.689662971533835
12241,137091,1,0,2.697979041840881
12242,137092,1,0,2.7028180193156004
12243,137093,1,0,2.7437739772722125
12244,137094,1,1,2.694832975976169
12245,137095,1,0,2.693379996344447
12246,137096,1,0,2.7038190164603293
12247,137097,1,0,2.679184020962566
12248,137098,1,0,2.6964659919030964
12249,137099,1,0,2.6980090187862515
12250,137100,1,0,2.6980789843946695
12251,137101,1,0,2.6938310475088656
12252,137102,1,0,2.699390985071659
12253,137103,1,0,2.6937209768220782
12254,137104,1,0,2.676439005881548
12255,137105,1,0,2.7003540308214724
12256,137106,1,0,2.7008139877580106
12257,137107,1,0,2.6908660074695945
12258,137108,1,0,2.6813680306077003
12259,137109,1,0,2.8228300507180393
12260,137110,1,0,2.6933099725283682
12261,137111,1,1,2.6921179960481822
12262,137112,1,0,2.6781419874168932
12263,137113,1,0,2.700123004615307
12264,137114,1,0,2.7012850041501224
12265,137115,1,0,2.687348984181881
12266,137116,1,0,2.6899740332737565
12267,137117,1,0,2.6959149981848896
12268,137118,1,0,2.6930400053970516
12269,137119,1,0,2.681598998606205
12270,137120,1,0,2.6900339871644974
12271,137121,1,0,2.695514995139092
12272,137122,1,0,2.687198983039707
12273,137123,1,0,2.688121050596237
12274,137124,1,0,2.7015560190193355
12275,137125,1,0,2.7042400324717164
12276,137126,1,0,2.6863179518841207
12277,137127,1,0,2.7024170267395675
12278,137128,1,1,2.6984899886883795
12279,137129,1,0,2.6910360320471227
12280,137130,1,0,2.689021988771856
12281,137131,1,0,2.710130997002125
12282,137132,1,0,2.7052719960920513
12283,137133,1,0,2.697829040698707
12284,137134,1,0,2.695714996661991
12285,137135,1,0,2.6967969606630504
12286,137136,1,0,2.8166089905425906
12287,137137,1,0,2.6764189824461937
12288,137138,1,0,2.68842198420316
12289,137139,1,0,2.6971480110660195
12290,137140,1,0,2.746859041508287
12291,137141,1,0,2.687990025151521
12292,137142,1,0,2.6865380350500345
12293,137143,1,0,2.692779991775751
12294,137144,1,0,2.6855759788304567
12295,137145,1,1,2.675306983292103
12296,137146,1,0,2.6845139800570905
12297,137147,1,0,2.6848349953070283
12298,137148,1,0,2.680818026419729
12299,137149,1,0,2.694953989703208
12300,137150,1,0,2.6860570069402456
12301,137151,1,0,2.6847849949263036
12302,137152,1,0,2.676317992154509
12303,137153,1,0,2.703659003600478
12304,137154,1,0,2.693791000638157
12305,137155,1,0,2.690394001547247
12306,137156,1,0,2.6922980323433876
12307,137157,1,0,2.697198011446744
12308,137158,1,0,2.692499023396522
12309,137159,1,0,2.68824101658538
12310,137160,1,0,2.7050829958170652
12311,137161,1,0,2.7017659740522504
12312,137162,1,1,2.8218579827807844
12313,137163,1,0,2.6797850150614977
12314,137164,1,0,2.798174973577261
12315,137165,1,0,2.6989009929820895
12316,137166,1,0,2.6858759811148047
12317,137167,1,0,2.672762027941644
12318,137168,1,0,2.695954986847937
12319,137169,1,0,2.696645969990641
12320,137170,1,0,2.679003984667361
12321,137171,1,0,2.691888017579913
12322,137172,1,0,2.6954339700751007
12323,137173,1,0,2.693509974051267
12324,137174,1,0,2.6869390276260674
12325,137175,1,0,2.7280549984425306
12326,137176,1,0,2.6952839689329267
12327,137177,1,0,2.695202943868935
12328,137178,1,0,2.6841830112971365
12329,137179,1,1,2.697216987144202
12330,137180,1,0,2.6826109969988465
12331,137181,1,0,2.6910859742201865
12332,137182,1,0,2.698370022699237
12333,137183,1,0,2.69362103426829
12334,137184,1,0,2.6982800336554646
12335,137185,1,0,2.6885009719990194
12336,137186,1,0,2.7044410235248506
12337,137187,1,0,2.6973679778166115
12338,137188,1,0,2.701185003388673
12339,137189,1,0,2.798273984808475
12340,137190,1,0,2.7014249935746193
12341,137191,1,0,2.6955950306728482
12342,137192,1,0,2.6956350193358958
12343,137193,1,0,2.68126797163859
12344,137194,1,0,2.6923390105366707
12345,137195,1,0,2.6957239606417716
12346,137196,1,1,2.687119005713612
12347,137197,1,0,2.6874690083786845
12348,137198,1,0,2.687638974748552
12349,137199,1,0,2.692589012440294
12350,137200,1,0,2.6817289763130248
12351,137201,1,0,2.691826957743615
12352,137202,1,0,2.6906749699264765
12353,137203,1,0,2.685474988538772
12354,137204,1,0,2.681198006030172
12355,137205,1,0,2.7033090009354055
12356,137206,1,0,2.6840330101549625
12357,137207,1,0,2.665880019776523
12358,137208,1,0,2.7031689533032477
12359,137209,1,0,2.692088019102812
12360,137210,1,0,2.681588986888528
12361,137211,1,0,2.963912033010274
12362,137212,1,0,2.68917198991403
12363,137213,1,1,2.6904550031758845
12364,137214,1,0,2.6880999794229865
12365,137215,1,0,2.7984760235995054
12366,137216,1,0,2.6933400076813996
12367,137217,1,0,2.6891729794442654
12368,137218,1,0,2.6861969963647425
12369,137219,1,0,2.669937035534531
12370,137220,1,0,2.6911459863185883
12371,137221,1,0,2.6880709920078516
12372,137222,1,0,2.6779010077007115
12373,137223,1,0,2.6768300449475646
12374,137224,1,0,2.6991310296580195
12375,137225,1,0,2.6808170368894935
12376,137226,1,0,2.677290001884103
12377,137227,1,0,2.6951340259984136
12378,137228,1,0,2.705513034015894
12379,137229,1,0,2.686027029994875
12380,137230,1,0,2.6800259947776794
12381,137231,1,1,2.685145998839289
12382,137232,1,0,2.688391017727554
12383,137233,1,0,2.6727720396593213
12384,137234,1,0,2.7268219855614007
12385,137235,1,0,2.6947329752147198
12386,137236,1,0,2.6799659826792777
12387,137237,1,0,2.6822800282388926
12388,137238,1,0,2.6937510119751096
12389,137239,1,0,2.6927890139631927
12390,137240,1,0,2.6789240073412657
12391,137241,1,0,2.700142969843
12392,137242,1,0,2.8142639785073698
12393,137243,1,0,2.6903949910774827
12394,137244,1,0,2.6776710292324424
12395,137245,1,0,2.6854259776882827
12396,137246,1,0,2.6998419780284166
12397,137247,1,0,2.686317020561546
12398,137248,1,1,2.6781519991345704
12399,137249,1,0,2.6914869667962193
12400,137250,1,0,2.7011450147256255
12401,137251,1,0,2.7151210233569145
12402,137252,1,0,2.6862769736908376
12403,137253,1,0,2.7008350007236004
12404,137254,1,0,2.6976079680025578
12405,137255,1,0,2.673222974408418
12406,137256,1,0,2.69378098892048
12407,137257,1,0,2.6948529994115233
12408,137258,1,0,2.682960999663919
12409,137259,1,0,2.6869280263781548
12410,137260,1,0,2.6995710213668644
12411,137261,1,0,2.697909018024802
12412,137262,1,0,2.688020991627127
12413,137263,1,0,2.711593988351524
12414,137264,1,0,2.7098910068161786
12415,137265,1,1,2.6991110062226653
12416,137266,1,0,2.6735939900390804
12417,137267,1,0,2.6932810433208942
12418,137268,1,0,2.836845989804715
12419,137269,1,0,2.686096995603293
12420,137270,1,0,2.676509029697627
12421,137271,1,0,2.720921009313315
12422,137272,1,0,2.718367031775415
12423,137273,1,0,2.6720709865912795
12424,137274,1,0,2.71481997333467
12425,137275,1,0,2.7216129819862545
12426,137276,1,0,2.6932409964501858
12427,137277,1,0,2.711684035602957
12428,137278,1,0,2.717374009080231
12429,137279,1,0,2.7146190404891968
12430,137280,1,0,2.725430007558316
12431,137281,1,0,2.704300975892693
12432,137282,1,1,2.744945988524705
12433,137283,1,0,2.7301880181767046
12434,137284,1,0,2.740747993811965
12435,137285,1,0,2.6793150464072824
12436,137286,1,0,2.6868379791267216
12437,137287,1,0,2.7078769635409117
12438,137288,1,0,2.727293991483748
12439,137289,1,0,2.721872995607555
12440,137290,1,0,2.697348012588918
12441,137291,1,0,2.696435956750065
12442,137292,1,0,2.704320999328047
12443,137293,1,0,2.6744749629870057
12444,137294,1,0,2.696726005524397
12445,137295,1,0,2.818751963786781
12446,137296,1,0,2.6941419928334653
12447,137297,1,0,2.6869389694184065
12448,137298,1,0,2.7077679987996817
12449,137299,1,1,2.7043709997087717
12450,137300,1,0,2.701376040931791
12451,137301,1,0,2.6988909812644124
12452,137302,1,0,2.719148003961891
12453,137303,1,0,2.780240960419178
12454,137304,1,0,2.7009850018657744
12455,137305,1,0,2.6801860076375306
12456,137306,1,0,2.706914965528995
12457,137307,1,0,2.7287060511298478
12458,137308,1,0,2.7341560344211757
12459,137309,1,0,2.71319696912542
12460,137310,1,0,2.7606149669736624
12461,137311,1,0,2.781143004540354
12462,137312,1,0,2.781143004540354
12463,137313,1,0,2.730969979893416
12464,137314,1,0,2.757459005806595
12465,137315,1,0,2.73585895774886
12466,137316,1,1,2.696445968467742
12467,137317,1,0,2.6832320145331323
12468,137318,1,0,2.6913159526884556
12469,137319,1,0,2.6929499581456184
12470,137320,1,0,2.6965459692291915
12471,137321,1,0,2.80444702366367
12472,137322,1,0,2.679494966287166
12473,137323,1,0,2.68986402079463
12474,137324,1,0,2.6911860331892967
12475,137325,1,0,2.7149810339324176
12476,137326,1,0,2.6930500171147287
12477,137327,1,0,3.5393679863773286
12478,137328,1,0,2.6840430218726397
12479,137329,1,0,3.9611090323887765
12480,137330,1,0,2.7072459924966097
12481,137331,1,0,2.691888017579913
12482,137332,1,0,2.682710997760296
12483,137333,1,1,2.67274200450629
12484,137334,1,0,2.697808959055692
12485,137335,1,0,2.696837007533759
12486,137336,1,0,2.6851349975913763
12487,137337,1,0,2.698539989069104
12488,137338,1,0,2.6905350387096405
12489,137339,1,0,2.7004830189980567
12490,137340,1,0,2.685174986254424
12491,137341,1,0,2.693711023312062
12492,137342,1,0,2.6830009883269668
12493,137343,1,0,2.6832320145331323
12494,137344,1,0,2.692749025300145
12495,137345,1,0,2.699431963264942
12496,137346,1,0,2.691788016818464
12497,137347,1,0,2.6748559903353453
12498,137348,1,0,2.812671009451151
12499,137349,1,0,2.6833409792743623
12500,137350,1,1,2.7248989790678024
12501,137351,1,0,2.677010023035109
12502,137352,1,0,2.6959049864672124
12503,137353,1,0,2.692167996428907
12504,137354,1,0,2.677881973795593
12505,137355,1,0,2.6802559732459486
12506,137356,1,0,2.688310982193798
12507,137357,1,0,2.68244999460876
12508,137358,1,0,2.677261014468968
12509,137359,1,0,2.6928900042548776
12510,137360,1,0,2.703579026274383
12511,137361,1,0,2.6805169763974845
12512,137362,1,0,2.686167019419372
12513,137363,1,0,2.7032180223613977
12514,137364,1,0,2.696987008675933
12515,137365,1,0,2.6807269896380603
12516,137366,1,0,2.696094976272434
12517,137367,1,1,2.6857960037887096
12518,137368,1,0,2.6908760191872716
12519,137369,1,0,2.673944050911814
12520,137370,1,0,2.6874099858105183
12521,137371,1,0,2.6864869869314134
12522,137372,1,0,2.679664990864694
12523,137373,1,0,2.6851750444620848
12524,137374,1,0,2.8072010027244687
12525,137375,1,0,2.686718013137579
12526,137376,1,0,2.685675979591906
12527,137377,1,0,2.6893930044025183
12528,137378,1,0,2.6861070073209703
12529,137379,1,0,2.6812080177478492
12530,137380,1,0,2.6839729980565608
12531,137381,1,0,2.6892920141108334
12532,137382,1,0,2.6856670156121254
12533,137383,1,0,2.6755069848150015
12534,137384,1,1,2.690916007850319
12535,137385,1,0,2.681147016119212
12536,137386,1,0,2.6824899832718074
12537,137387,1,0,2.6667100028134882
12538,137388,1,0,2.694561961106956
12539,137389,1,0,2.69202800700441
12540,137390,1,0,2.673212962690741
12541,137391,1,0,2.7003029827028513
12542,137392,1,0,2.6921280077658594
12543,137393,1,0,2.685045008547604
12544,137394,1,0,2.682960999663919
12545,137395,1,0,2.6991110062226653
12546,137396,1,0,2.699122007470578
12547,137397,1,0,2.721862983889878
12548,137398,1,0,2.6870390283875167
12549,137399,1,0,2.6890530134551227
12550,137400,1,0,2.6930900057777762
12551,137401,1,1,2.800219052005559
12552,137402,1,0,2.687619999051094
12553,137403,1,0,2.684002975001931
12554,137404,1,0,2.695233968552202
12555,137405,1,0,2.674616000149399
12556,137406,1,0,2.6940120151266456
12557,137407,1,0,2.6955739594995975
12558,137408,1,0,2.6896839844994247
12559,137409,1,0,2.6838929625228047
12560,137410,1,0,2.6826210087165236
12561,137411,1,0,2.684394014067948
12562,137412,1,0,2.6785829686559737
12563,137413,1,0,2.6891420129686594
12564,137414,1,0,2.696145966183394
12565,137415,1,0,2.673745038919151
12566,137416,1,0,2.6818090118467808
12567,137417,1,0,2.695253991987556
12568,137418,1,1,2.70201702369377
12569,137419,1,0,2.67413497203961
12570,137420,1,0,2.690766006708145
12571,137421,1,0,2.7427920140326023
12572,137422,1,0,2.690474968403578
12573,137423,1,0,2.672452013939619
12574,137424,1,0,2.7021869900636375
12575,137425,1,0,2.6938110240735114
12576,137426,1,0,2.6823400403372943
12577,137427,1,0,2.8141739894635975
12578,137428,1,0,2.684062987100333
12579,137429,1,0,2.6887819985859096
12580,137430,1,0,2.67974502639845
12581,137431,1,0,2.6877999771386385
12582,137432,1,0,2.700052980799228
12583,137433,1,0,2.70037300651893
12584,137434,1,0,2.6784930378198624
12585,137435,1,1,2.691276022233069
12586,137436,1,0,2.7009639889001846
12587,137437,1,0,2.701345016248524
12588,137438,1,0,2.7217629831284285
12589,137439,1,0,2.694402006454766
12590,137440,1,0,2.697738993447274
12591,137441,1,0,2.703097998164594
12592,137442,1,0,2.6981689734384418
12593,137443,1,0,2.7213419671170413
12594,137444,1,0,2.6936109643429518
12595,137445,1,0,2.678613003809005
12596,137446,1,0,2.6904550031758845
12597,137447,1,0,2.6954240165650845
12598,137448,1,0,2.6773909921757877
12599,137449,1,0,2.69056495744735
12600,137450,1,0,2.6987200253643095
12601,137451,1,0,2.6973580243065953
12602,137452,1,1,2.6935909991152585
12603,137453,1,0,2.702787984162569
12604,137454,1,0,2.8214979683980346
12605,137455,1,0,2.694131981115788
12606,137456,1,0,2.6777120074257255
12607,137457,1,0,2.6885209954343736
12608,137458,1,0,2.6959049864672124
12609,137459,1,0,2.677501004654914
12610,137460,1,0,2.670337969902903
12611,137461,1,0,2.6970469625666738
12612,137462,1,0,2.693721035029739
12613,137463,1,0,2.681277983356267
12614,137464,1,0,2.6910160086117685
12615,137465,1,0,2.6946020079776645
12616,137466,1,0,2.689643995836377
12617,137467,1,0,2.671769994776696
12618,137468,1,0,2.6948730228468776
12619,137469,1,1,2.6926799910143018
12620,137470,1,0,2.6871790178120136
12621,137471,1,0,2.687540021724999
12622,137472,1,0,2.6955450302921236
12623,137473,1,0,2.695916045922786
12624,137474,1,0,2.6722020120359957
12625,137475,1,0,2.6951630134135485
12626,137476,1,0,2.692739013582468
12627,137477,1,0,2.6851349975913763
12628,137478,1,0,2.6915069902315736
12629,137479,1,0,2.703008009120822
12630,137480,1,0,2.815457002725452
12631,137481,1,0,2.6891629677265882
12632,137482,1,0,2.6849349960684776
12633,137483,1,0,2.69256898900494
12634,137484,1,0,2.691938017960638
12635,137485,1,0,2.6679940056055784
12636,137486,1,1,2.6901339879259467
12637,137487,1,0,2.6848349953070283
12638,137488,1,0,2.683522005099803
12639,137489,1,0,2.6949429884552956
12640,137490,1,0,2.694742986932397
12641,137491,1,0,2.774020016659051
12642,137492,1,0,2.68213904928416
12643,137493,1,0,2.6924489648081362
12644,137494,1,0,2.7051230426877737
12645,137495,1,0,2.6924190460704267
12646,137496,1,0,2.6754680438898504
12647,137497,1,0,2.697097952477634
12648,137498,1,0,2.6954339700751007
12649,137499,1,0,2.6865979889407754
12650,137500,1,0,2.6878700009547174
12651,137501,1,0,2.6894229813478887
12652,137502,1,0,2.6886810082942247
12653,137503,1,1,2.675878000445664
12654,137504,1,0,2.6968670426867902
12655,137505,1,0,2.6983190327882767
12656,137506,1,0,2.6866180123761296
12657,137507,1,0,2.8092749998904765
12658,137508,1,0,2.706004015635699
12659,137509,1,0,2.692418987862766
12660,137510,1,0,2.6727719814516604
12661,137511,1,0,2.6743360213004053
12662,137512,1,0,2.6933400076813996
12663,137513,1,0,2.6919469819404185
12664,137514,1,0,2.6854060124605894
12665,137515,1,0,2.7891669888049364
12666,137516,1,0,2.6974280481226742
12667,137517,1,0,2.6913670008070767
12668,137518,1,0,2.681459009181708
12669,137519,1,0,2.689943998120725
12670,137520,1,1,2.694763010367751
12671,137521,1,0,2.674424962606281
12672,137522,1,0,2.684494014829397
12673,137523,1,0,2.699661999940872
12674,137524,1,0,2.6991909835487604
12675,137525,1,0,2.688170992769301
12676,137526,1,0,2.6913659530691803
12677,137527,1,0,2.6996920350939035
12678,137528,1,0,2.694652008358389
12679,137529,1,0,2.686146995984018
12680,137530,1,0,2.7004139847122133
12681,137531,1,0,2.697248011827469
12682,137532,1,0,2.684443024918437
12683,137533,1,0,2.802021976094693
12684,137534,1,0,2.687941014301032
12685,137535,1,0,2.693160029593855
12686,137536,1,0,2.676278993021697
12687,137537,1,0,2.6723220362327993
12688,137538,1,1,2.7212220011278987
12689,137539,1,0,2.685295999981463
12690,137540,1,0,2.687498985324055
12691,137541,1,0,2.6856159674935043
12692,137542,1,0,2.6911860331892967
12693,137543,1,0,2.686919004190713
12694,137544,1,0,2.6772100245580077
12695,137545,1,0,2.696296025533229
12696,137546,1,0,2.6947929873131216
12697,137547,1,0,2.6853560120798647
12698,137548,1,0,2.6912159519270062
12699,137549,1,0,2.697899006307125
12700,137550,1,0,2.6938709779642522
12701,137551,1,0,2.6763289934024215
12702,137552,1,0,2.6938419905491173
12703,137553,1,0,2.6928490260615945
12704,137554,1,0,2.68286099890247
12705,137555,1,1,2.6840940117836
12706,137556,1,0,2.686027029994875
12707,137557,1,0,2.684203034732491
12708,137558,1,0,2.6754470309242606
12709,137559,1,0,2.688962034881115
12710,137560,1,0,2.8114489978179336
12711,137561,1,0,2.6822189684025943
12712,137562,1,0,2.6690560043789446
12713,137563,1,0,2.6932400069199502
12714,137564,1,0,2.7028379845432937
12715,137565,1,0,2.6855759788304567
12716,137566,1,0,2.6814579614438117
12717,137567,1,0,2.684955019503832
12718,137568,1,0,2.6872589951381087
12719,137569,1,0,2.6761280023492873
12720,137570,1,0,2.6859359932132065
12721,137571,1,0,2.6908459840342402
12722,137572,1,1,2.6786630041897297
12723,137573,1,0,2.6831619907170534
12724,137574,1,0,2.686919004190713
12725,137575,1,0,2.6840829523280263
12726,137576,1,0,2.673392998985946
12727,137577,1,0,2.6948029990307987
12728,137578,1,0,2.6989210164174438
12729,137579,1,0,2.675807976629585
12730,137580,1,0,2.687960979528725
12731,137581,1,0,2.692668989766389
12732,137582,1,0,2.702927973587066
12733,137583,1,0,2.67910398542881
12734,137584,1,0,2.6941720279864967
12735,137585,1,0,2.913256990723312
12736,137586,1,0,2.8186620329506695
12737,137587,1,0,2.689111977815628
12738,137588,1,0,2.6776419836096466
12739,137589,1,1,2.6901940000243485
12740,137590,1,0,2.7005040319636464
12741,137591,1,0,2.6921480312012136
12742,137592,1,0,2.6905949926003814
12743,137593,1,0,2.6977279921993613
12744,137594,1,0,2.688952023163438
12745,137595,1,0,2.6722820475697517
12746,137596,1,0,2.6875989860855043
12747,137597,1,0,2.688410982955247
12748,137598,1,0,2.6876400224864483
12749,137599,1,0,2.681076992303133
12750,137600,1,0,2.6894729817286134
12751,137601,1,0,2.697888994589448
12752,137602,1,0,2.665598993189633
12753,137603,1,0,2.6817279867827892
12754,137604,1,0,2.696606970857829
12755,137605,1,0,2.683843020349741
12756,137606,1,1,2.6831310242414474
12757,137607,1,0,2.6923989644274116
12758,137608,1,0,2.734507026616484
12759,137609,1,0,2.676208969205618
12760,137610,1,0,2.692668989766389
12761,137611,1,0,2.68448400311172
12762,137612,1,0,2.6790540432557464
12763,137613,1,0,2.808813995216042
12764,137614,1,0,2.697107964195311
12765,137615,1,0,2.6925590354949236
12766,137616,1,0,2.6799849583767354
12767,137617,1,0,2.679665049072355
12768,137618,1,0,2.685675979591906
12769,137619,1,0,2.6964859571307898
12770,137620,1,0,2.693160029593855
12771,137621,1,0,2.687941014301032
12772,137622,1,0,2.6877999771386385
12773,137623,1,1,2.6827710098586977
12774,137624,1,0,2.6805169763974845
12775,137625,1,0,2.69735703477636
12776,137626,1,0,2.6852060109376907
12777,137627,1,0,2.6912569883279502
12778,137628,1,0,2.703178965020925
12779,137629,1,0,2.7373519842512906
12780,137630,1,0,2.7075069956481457
12781,137631,1,0,2.6969469618052244
12782,137632,1,0,2.7588619850575924
12783,137633,1,0,2.6980190305039287
12784,137634,1,0,2.6903250254690647
12785,137635,1,0,2.67748098121956
12786,137636,1,0,2.703259000554681
12787,137637,1,0,2.6955549838021398
12788,137638,1,0,2.7005739975720644
12789,137639,1,0,2.8157569468021393
12790,137640,1,1,2.6890619774349034
12791,137641,1,0,2.686798048671335
12792,137642,1,0,2.6870789588429034
12793,137643,1,0,2.6798449689522386
12794,137644,1,0,2.693480986636132
12795,137645,1,0,2.6828210102394223
12796,137646,1,0,2.6679430156946182
12797,137647,1,0,2.6846040273085237
12798,137648,1,0,2.6895339833572507
12799,137649,1,0,2.685676037799567
12800,137650,1,0,2.6798450271598995
12801,137651,1,0,2.6860570069402456
12802,137652,1,0,2.6889629662036896
12803,137653,1,0,2.679163997527212
12804,137654,1,0,2.693902002647519
12805,137655,1,0,2.6890120352618396
12806,137656,1,0,2.6826210087165236
12807,137657,1,1,2.6820789789780974
12808,137658,1,0,2.688560984097421
12809,137659,1,0,2.6942919939756393
12810,137660,1,0,2.6797259924933314
12811,137661,1,0,2.6975779910571873
12812,137662,1,0,2.705182007048279
12813,137663,1,0,2.689532993827015
12814,137664,1,0,2.6956250076182187
12815,137665,1,0,2.69851996563375
12816,137666,1,0,2.8262960258871317
12817,137667,1,0,2.684563980437815
12818,137668,1,0,2.686076972167939
12819,137669,1,0,2.7444550069049
12820,137670,1,0,2.735127985943109
12821,137671,1,0,2.7049219934269786
12822,137672,1,0,2.699150994885713
12823,137673,1,0,2.757369016762823
12824,137674,1,1,2.735949994530529
12825,137675,1,0,2.690435037948191
12826,137676,1,0,2.681978978216648
12827,137677,1,0,2.6944319834001362
12828,137678,1,0,2.6978780515491962
12829,137679,1,0,2.6852249866351485
12830,137680,1,0,2.695795032195747
12831,137681,1,0,2.7344960253685713
12832,137682,1,0,2.6889319997280836
12833,137683,1,0,2.6727020158432424
12834,137684,1,0,2.6897540083155036
12835,137685,1,0,2.6818080223165452
12836,137686,1,0,2.680898003745824
12837,137687,1,0,2.686568011995405
12838,137688,1,0,2.695864997804165
12839,137689,1,0,2.692860027309507
12840,137690,1,0,2.665598993189633
12841,137691,1,1,2.6938010123558342
12842,137692,1,0,2.8197249630466104
12843,137693,1,0,2.674425020813942
12844,137694,1,0,2.6666009798645973
12845,137695,1,0,2.6884310063906014
12846,137696,1,0,2.6907349820248783
12847,137697,1,0,2.6767299859784544
12848,137698,1,0,2.677551005035639
12849,137699,1,0,2.6833820156753063
12850,137700,1,0,2.6828909758478403
12851,137701,1,0,2.6694259722717106
12852,137702,1,0,2.7553050313144922
12853,137703,1,0,2.6930499589070678
12854,137704,1,0,2.6842739898711443
12855,137705,1,0,2.680125995539129
12856,137706,1,0,2.698439988307655
12857,137707,1,0,2.6894729817286134
12858,137708,1,1,2.6817190228030086
12859,137709,1,0,2.6951429899781942
12860,137710,1,0,2.6968970196321607
12861,137711,1,0,2.68087798031047
12862,137712,1,0,2.6788130053319037
12863,137713,1,0,2.6919679949060082
12864,137714,1,0,2.697609015740454
12865,137715,1,0,2.6835419703274965
12866,137716,1,0,2.6840129867196083
12867,137717,1,0,2.694752998650074
12868,137718,1,0,2.7019070112146437
12869,137719,1,0,2.8090139967389405
12870,137720,1,0,2.6816489989869297
12871,137721,1,0,2.6869180146604776
12872,137722,1,0,2.680787001736462
12873,137723,1,0,2.66805401770398
12874,137724,1,0,2.691867994144559
12875,137725,1,1,2.691247034817934
12876,137726,1,0,2.7239469927735627
12877,137727,1,0,2.681337995454669
12878,137728,1,0,2.696576004382223
12879,137729,1,0,2.6841130456887186
12880,137730,1,0,2.6696459972299635
12881,137731,1,0,2.689532993827015
12882,137732,1,0,2.7004139847122133
12883,137733,1,0,2.692098030820489
12884,137734,1,0,2.677871030755341
12885,137735,1,0,2.684965031221509
12886,137736,1,0,2.684362989384681
12887,137737,1,0,2.672943053767085
12888,137738,1,0,2.6874099858105183
12889,137739,1,0,2.692589012440294
12890,137740,1,0,2.685926971025765
12891,137741,1,0,2.68728903029114
12892,137742,1,1,2.688972046598792
12893,137743,1,0,2.6939109666273
12894,137744,1,0,2.677630982361734
12895,137745,1,0,2.8149260324425995
12896,137746,1,0,2.6864269748330116
12897,137747,1,0,2.68770003458485
12898,137748,1,0,2.684383012820035
12899,137749,1,0,2.6882109814323485
12900,137750,1,0,2.686948049813509
12901,137751,1,0,2.6969570317305624
12902,137752,1,0,2.675787953194231
12903,137753,1,0,2.690906054340303
12904,137754,1,0,2.6957339723594487
12905,137755,1,0,2.6869389694184065
12906,137756,1,0,2.6861170190386474
12907,137757,1,0,2.6919880183413625
12908,137758,1,0,2.6876499759964645
12909,137759,1,1,2.6768199750222266
12910,137760,1,0,2.6992909843102098
12911,137761,1,0,2.6798059698194265
12912,137762,1,0,2.6778110186569393
12913,137763,1,0,2.6846039691008627
12914,137764,1,0,2.6930199819616973
12915,137765,1,0,2.695174014661461
12916,137766,1,0,2.6726220385171473
12917,137767,1,0,2.6986299781128764
12918,137768,1,0,2.6997929671779275
12919,137769,1,0,2.6897640200331807
12920,137770,1,0,2.6941520045511425
12921,137771,1,0,2.6970779872499406
12922,137772,1,0,2.821116999257356
12923,137773,1,0,2.7279849746264517
12924,137774,1,0,2.679575001820922
12925,137775,1,0,2.693010028451681
12926,137776,1,1,2.693560963962227
12927,137777,1,0,2.685404964722693
12928,137778,1,0,2.699511998798698
12929,137779,1,0,2.6974279899150133
12930,137780,1,0,2.6980189722962677
12931,137781,1,0,2.6760189794003963
12932,137782,1,0,2.695062954444438
12933,137783,1,0,2.696445968467742
12934,137784,1,0,2.683783008251339
12935,137785,1,0,2.691246976610273
12936,137786,1,0,2.6878909557126462
12937,137787,1,0,2.6936110225506127
12938,137788,1,0,2.6827609981410205
12939,137789,1,0,2.6942319818772376
12940,137790,1,0,2.693710965104401
12941,137791,1,0,2.6831619907170534
12942,137792,1,0,2.6851750444620848
12943,137793,1,1,2.696857030969113
12944,137794,1,0,2.694562019314617
12945,137795,1,0,2.6894729817286134
12946,137796,1,0,2.749163017142564
12947,137797,1,0,2.7005639858543873
12948,137798,1,0,2.809346013236791
12949,137799,1,0,2.6752169942483306
12950,137800,1,0,2.676368982065469
12951,137801,1,0,2.6844340027309954
12952,137802,1,0,2.695324015803635
12953,137803,1,0,2.6973779895342886
12954,137804,1,0,2.727914950810373
12955,137805,1,0,2.7010240009985864
12956,137806,1,0,2.6805970119312406
12957,137807,1,0,2.6873699971474707
12958,137808,1,0,2.7200700133107603
12959,137809,1,0,2.7199300238862634
12960,137810,1,1,2.6850250433199108
12961,137811,1,0,2.689724031370133
12962,137812,1,0,2.6842430233955383
12963,137813,1,0,2.6882909587584436
12964,137814,1,0,2.6978590176440775
12965,137815,1,0,2.691016998142004
12966,137816,1,0,2.6949430466629565
12967,137817,1,0,2.697206975426525
12968,137818,1,0,2.6854450115934014
12969,137819,1,0,2.6900439988821745
12970,137820,1,0,2.697348012588918
12971,137821,1,0,2.6780819753184915
12972,137822,1,0,2.695164002943784
12973,137823,1,0,2.695564995519817
12974,137824,1,0,2.6897539501078427
12975,137825,1,0,2.8474360005930066
12976,137826,1,0,2.7144799823872745
12977,137827,1,1,2.696576004382223
12978,137828,1,0,2.7074269601143897
12979,137829,1,0,2.6736240251921117
12980,137830,1,0,2.69150803796947
12981,137831,1,0,2.699661999940872
12982,137832,1,0,2.682380029000342
12983,137833,1,0,2.6841729995794594
12984,137834,1,0,2.6934610214084387
12985,137835,1,0,2.6876499759964645
12986,137836,1,0,2.6731530088
12987,137837,1,0,2.6851450093090534
12988,137838,1,0,2.6968769961968064
12989,137839,1,0,2.6852459996007383
12990,137840,1,0,2.6882700040005147
12991,137841,1,0,2.6879599899984896
12992,137842,1,0,2.7105119661428034
12993,137843,1,0,2.7776460046879947
12994,137844,1,1,2.689793996978551
12995,137845,1,0,2.694823022466153
12996,137846,1,0,2.6889319997280836
12997,137847,1,0,2.67191999591887
12998,137848,1,0,2.699913049582392
12999,137849,1,0,2.691958041395992
13000,137850,1,0,2.6776419836096466
13001,137851,1,0,2.797202963847667
13002,137852,1,0,2.6933809858746827
13003,137853,1,0,2.734546025749296
13004,137854,1,0,2.73013801779598
13005,137855,1,0,2.6717999717220664
13006,137856,1,0,2.6965260040014982
13007,137857,1,0,2.6946119614876807
13008,137858,1,0,2.6847640401683748
13009,137859,1,0,2.688481006771326
13010,137860,1,0,2.6823399821296334
13011,137861,1,0,2.686216961592436
13012,137862,1,1,2.6703079929575324
13013,137863,1,0,2.6962360134348273
13014,137864,1,0,2.6953539927490056
13015,137865,1,0,2.6716109714470804
13016,137866,1,0,2.6891730376519263
13017,137867,1,0,2.699240983929485
13018,137868,1,0,2.7118150028400123
13019,137869,1,0,2.6744650094769895
13020,137870,1,0,2.7137480210512877
13021,137871,1,0,2.692859969101846
13022,137872,1,0,2.676299016457051
13023,137873,1,0,2.674766001291573
13024,137874,1,0,2.6844939566217363
13025,137875,1,0,2.691477013286203
13026,137876,1,0,2.6650679646991193
13027,137877,1,0,2.69501400180161
13028,137878,1,0,2.8121699579060078
13029,137879,1,1,2.688460983335972
13030,137880,1,0,2.685685991309583
13031,137881,1,0,2.6976889930665493
13032,137882,1,0,2.701185003388673
13033,137883,1,0,2.682520018424839
13034,137884,1,0,2.715129987336695
13035,137885,1,0,2.7005940210074186
13036,137886,1,0,2.735709014814347
13037,137887,1,0,2.670568006578833
13038,137888,1,0,2.693000016734004
13039,137889,1,0,2.6831409777514637
13040,137890,1,0,2.7281250222586095
13041,137891,1,0,2.6878200005739927
13042,137892,1,0,2.7138779987581074
13043,137893,1,0,2.6900849770754576
13044,137894,1,0,2.6791839627549052
13045,137895,1,0,2.6830009883269668
13046,137896,1,1,2.6871690060943365
13047,137897,1,0,2.684595005121082
13048,137898,1,0,2.661270962562412
13049,137899,1,0,2.6917870272882283
13050,137900,1,0,2.6872290181927383
13051,137901,1,0,2.681959012988955
13052,137902,1,0,2.6805169763974845
13053,137903,1,0,2.6888619759120047
13054,137904,1,0,2.8040760080330074
13055,137905,1,0,2.6877300115302205
13056,137906,1,0,2.6825100067071617
13057,137907,1,0,2.6885420083999634
13058,137908,1,0,2.710271975956857
13059,137909,1,0,2.673212962690741
13060,137910,1,0,2.6926989667117596
13061,137911,1,0,2.685174986254424
13062,137912,1,0,2.679163997527212
13063,137913,1,1,2.6836119941435754
13064,137914,1,0,2.717736002523452
13065,137915,1,0,2.689373039174825
13066,137916,1,0,2.6724819908849895
13067,137917,1,0,2.6812279829755425
13068,137918,1,0,2.6900339871644974
13069,137919,1,0,2.6837530313059688
13070,137920,1,0,2.68958299420774
13071,137921,1,0,2.6858969940803945
13072,137922,1,0,2.6817580219358206
13073,137923,1,0,2.681988989934325
13074,137924,1,0,2.6979290414601564
13075,137925,1,0,2.688442007638514
13076,137926,1,0,2.6783020002767444
13077,137927,1,0,2.6757270097732544
13078,137928,1,0,2.699411998037249
13079,137929,1,0,2.6882709935307503
13080,137930,1,1,2.6852060109376907
13081,137931,1,0,2.816729014739394
13082,137932,1,0,2.6954440400004387
13083,137933,1,0,2.697498013731092
13084,137934,1,0,2.6926189893856645
13085,137935,1,0,2.6859769714064896
13086,137936,1,0,2.690766006708145
13087,137937,1,0,2.683422004338354
13088,137938,1,0,2.668895001988858
13089,137939,1,0,2.691937959752977
13090,137940,1,0,2.6859570061787963
13091,137941,1,0,2.6860369835048914
13092,137942,1,0,2.690013963729143
13093,137943,1,0,2.6875800103880465
13094,137944,1,0,2.6933900080621243
13095,137945,1,0,2.6776110171340406
13096,137946,1,0,2.708888961933553
13097,137947,1,1,2.690474968403578
13098,137948,1,0,2.677612006664276
13099,137949,1,0,2.6878000353462994
13100,137950,1,0,2.693450020160526
13101,137951,1,0,2.698188996873796
13102,137952,1,0,2.679515047930181
13103,137953,1,0,2.685776969883591
13104,137954,1,0,2.6896740309894085
13105,137955,1,0,2.6893329923041165
13106,137956,1,0,2.692478010430932
13107,137957,1,0,2.8268780442886055
13108,137958,1,0,2.6899639633484185
13109,137959,1,0,2.6854159659706056
13110,137960,1,0,2.682810998521745
13111,137961,1,0,2.740587980952114
13112,137962,1,0,2.68718897132203
13113,137963,1,0,2.680866979062557
13114,137964,1,1,2.7004129951819777
13115,137965,1,0,2.6915170019492507
13116,137966,1,0,2.697187999729067
13117,137967,1,0,2.679163997527212
13118,137968,1,0,2.694111957680434
13119,137969,1,0,2.6884819963015616
13120,137970,1,0,2.6808870024979115
13121,137971,1,0,2.6843040250241756
13122,137972,1,0,2.7044909656979144
13123,137973,1,0,2.70575302420184
13124,137974,1,0,2.6776809827424586
13125,137975,1,0,2.7016160311177373
13126,137976,1,0,2.6947129517793655
13127,137977,1,0,2.6812279829755425
13128,137978,1,0,2.67735100351274
13129,137979,1,0,2.6958950329571962
13130,137980,1,0,2.6974279899150133
13131,137981,1,1,2.6842040242627263
13132,137982,1,0,2.692509035114199
13133,137983,1,0,2.7001629932783544
13134,137984,1,0,2.8855669661425054
13135,137985,1,0,2.687690022867173
13136,137986,1,0,2.6848649722523987
13137,137987,1,0,2.6989910402335227
13138,137988,1,0,2.6964859571307898
13139,137989,1,0,2.6912569883279502
13140,137990,1,0,2.6964559801854193
13141,137991,1,0,2.689192013349384
13142,137992,1,0,2.696907031349838
13143,137993,1,0,2.6789939729496837
13144,137994,1,0,2.708789019379765
13145,137995,1,0,2.7359890518710017
13146,137996,1,0,2.682790975086391
13147,137997,1,0,2.6812279829755425
13148,137998,1,1,2.6929290033876896
13149,137999,1,0,2.6938110240735114
13150,138000,1,0,2.6752660050988197
13151,138001,1,0,2.6988310273736715
13152,138002,1,0,2.738934999797493
13153,138003,1,0,2.6917470386251807
13154,138004,1,0,2.682982012629509
13155,138005,1,0,2.6874789618887007
13156,138006,1,0,2.694641996640712
13157,138007,1,0,2.6839429629035294
13158,138008,1,0,2.7047209441661835
13159,138009,1,0,2.698268974199891
13160,138010,1,0,2.825525007210672
13161,138011,1,0,2.6748960372060537
13162,138012,1,0,2.6808480033650994
13163,138013,1,0,2.688410982955247
13164,138014,1,0,2.685156010556966
13165,138015,1,1,2.6625030441209674
13166,138016,1,0,2.6879400247707963
13167,138017,1,0,2.6867680135183036
13168,138018,1,0,2.6799350162036717
13169,138019,1,0,2.681248006410897
13170,138020,1,0,2.676909964065999
13171,138021,1,0,2.671048976480961
13172,138022,1,0,2.670086978469044
13173,138023,1,0,2.6888419524766505
13174,138024,1,0,2.6949530001729727
13175,138025,1,0,2.724378020502627
13176,138026,1,0,2.673894981853664
13177,138027,1,0,2.6881610392592847
13178,138028,1,0,2.6870790170505643
13179,138029,1,0,2.671129012014717
13180,138030,1,0,2.6886009727604687
13181,138031,1,0,2.729347033891827
13182,138032,1,1,2.685996994841844
13183,138033,1,0,2.6883409591391683
13184,138034,1,0,2.6870989822782576
13185,138035,1,0,2.6891420129686594
13186,138036,1,0,2.6833220035769045
13187,138037,1,0,2.812872000504285
13188,138038,1,0,2.6927689905278385
13189,138039,1,0,2.690966008231044
13190,138040,1,0,2.677551005035639
13191,138041,1,0,2.6857370394282043
13192,138042,1,0,2.683181024622172
13193,138043,1,0,2.6800259947776794
13194,138044,1,0,2.681929967366159
13195,138045,1,0,2.6859869831241667
13196,138046,1,0,2.6790830306708813
13197,138047,1,0,2.668483997695148
13198,138048,1,0,2.6824399828910828
13199,138049,1,1,2.685735991690308
13200,138050,1,0,2.67910398542881
13201,138051,1,0,2.686849038582295
13202,138052,1,0,2.6907959836535156
13203,138053,1,0,2.6839430211111903
13204,138054,1,0,2.674204995855689
13205,138055,1,0,2.7353879995644093
13206,138056,1,0,2.696365991141647
13207,138057,1,0,2.6789839612320065
13208,138058,1,0,2.680776990018785
13209,138059,1,0,2.6929090381599963
13210,138060,1,0,2.7068749768659472
13211,138061,1,0,2.68074800260365
13212,138062,1,0,2.6934099732898176
13213,138063,1,0,2.821868984028697
13214,138064,1,0,2.6981389964930713
13215,138065,1,0,2.686146995984018
13216,138066,1,1,2.691377012524754
13217,138067,1,0,2.6868489803746343
13218,138068,1,0,2.677261014468968
13219,138069,1,0,2.6702670147642493
13220,138070,1,0,2.699791977647692
13221,138071,1,0,2.6822700165212154
13222,138072,1,0,2.677491051144898
13223,138073,1,0,2.6899140211753547
13224,138074,1,0,2.6966670411638916
13225,138075,1,0,2.682810998521745
13226,138076,1,0,2.6727429940365255
13227,138077,1,0,2.706144005060196
13228,138078,1,0,2.739005023613572
13229,138079,1,0,2.6826910325326025
13230,138080,1,0,2.692668989766389
13231,138081,1,0,2.6885619736276567
13232,138082,1,0,2.6932909968309104
13233,138083,1,1,2.6638060226105154
13234,138084,1,0,2.6874589966610074
13235,138085,1,0,2.6919780066236854
13236,138086,1,0,2.6796750025823712
13237,138087,1,0,2.6851750444620848
13238,138088,1,0,2.7033890364691615
13239,138089,1,0,2.6943720295093954
13240,138090,1,0,2.8052180423401296
13241,138091,1,0,2.686658001039177
13242,138092,1,0,2.6945630088448524
13243,138093,1,0,2.681048004887998
13244,138094,1,0,2.6642970042303205
13245,138095,1,0,2.6863369857892394
13246,138096,1,0,2.6951439795084298
13247,138097,1,0,2.6750569813884795
13248,138098,1,0,2.6791340205818415
13249,138099,1,0,2.6928690494969487
13250,138100,1,1,2.6856960030272603
13251,138101,1,0,2.678041986655444
13252,138102,1,0,2.6939809904433787
13253,138103,1,0,2.6938009541481733
13254,138104,1,0,2.6772000128403306
13255,138105,1,0,2.6864769752137363
13256,138106,1,0,2.688802022021264
13257,138107,1,0,2.69120599841699
13258,138108,1,0,2.6811379939317703
13259,138109,1,0,2.683783008251339
13260,138110,1,0,2.6855560136027634
13261,138111,1,0,2.679354976862669
13262,138112,1,0,2.685375977307558
13263,138113,1,0,2.696595969609916
13264,138114,1,0,2.690244000405073
13265,138115,1,0,2.677561016753316
13266,138116,1,0,2.828880969900638
13267,138117,1,1,2.6879010256379843
13268,138118,1,0,2.6865280233323574
13269,138119,1,0,2.6625629980117083
13270,138120,1,0,2.684323990251869
13271,138121,1,0,2.6788730174303055
13272,138122,1,0,2.6781330234371126
13273,138123,1,0,2.6875699986703694
13274,138124,1,0,2.6902150129899383
13275,138125,1,0,2.732522028964013
13276,138126,1,0,2.67789198551327
13277,138127,1,0,2.68945301650092
13278,138128,1,0,2.6916469796560705
13279,138129,1,0,2.682760008610785
13280,138130,1,0,2.6884410181082785
13281,138131,1,0,2.6930999592877924
13282,138132,1,0,2.690855006221682
13283,138133,1,0,2.6873190072365105
13284,138134,1,1,2.685777028091252
13285,138135,1,0,2.686457009986043
13286,138136,1,0,2.6874690083786845
13287,138137,1,0,2.6684639742597938
13288,138138,1,0,2.6897439965978265
13289,138139,1,0,2.6881209923885763
13290,138140,1,0,2.6804159861057997
13291,138141,1,0,2.694973023608327
13292,138142,1,0,2.688742009922862
13293,138143,1,0,2.8142849914729595
13294,138144,1,0,2.6811680290848017
13295,138145,1,0,2.6954339700751007
13296,138146,1,0,2.6889219880104065
13297,138147,1,0,2.674295043107122
13298,138148,1,0,2.671219001058489
13299,138149,1,0,2.733594970777631
13300,138150,1,0,2.6875900221057236
13301,138151,1,1,2.6814480079337955
13302,138152,1,0,2.692938956897706
13303,138153,1,0,2.687679952941835
13304,138154,1,0,2.686919004190713
13305,138155,1,0,2.664427040144801
13306,138156,1,0,2.6956950314342976
13307,138157,1,0,2.6833919691853225
13308,138158,1,0,2.670868008863181
13309,138159,1,0,2.6833119918592274
13310,138160,1,0,2.6864270330406725
13311,138161,1,0,2.690355002414435
13312,138162,1,0,2.6672620442695916
13313,138163,1,0,2.6870390283875167
13314,138164,1,0,2.690836030524224
13315,138165,1,0,2.685696992557496
13316,138166,1,0,2.6948529994115233
13317,138167,1,0,2.6947740116156638
13318,138168,1,1,2.6984800351783633
13319,138169,1,0,2.8098159818910062
13320,138170,1,0,2.7127760113216937
13321,138171,1,0,2.687198983039707
13322,138172,1,0,2.7622879715636373
13323,138173,1,0,2.6836119941435754
13324,138174,1,0,2.694632043130696
13325,138175,1,0,2.7021769783459604
13326,138176,1,0,2.6907959836535156
13327,138177,1,0,2.6795039884746075
13328,138178,1,0,2.6924789999611676
13329,138179,1,0,2.6890119770541787
13330,138180,1,0,2.684152976144105
13331,138181,1,0,2.691596979275346
13332,138182,1,0,2.6925389538519084
13333,138183,1,0,2.7196190203540027
13334,138184,1,0,2.6780220214277506
13335,138185,1,0,2.6989809703081846
13336,138186,1,1,2.6988110039383173
13337,138187,1,0,2.6855660253204405
13338,138188,1,0,2.701405028346926
13339,138189,1,0,2.722423989325762
13340,138190,1,0,2.6946120196953416
13341,138191,1,0,2.6845840038731694
13342,138192,1,0,2.721172000747174
13343,138193,1,0,2.7006639866158366
13344,138194,1,0,2.701314981095493
13345,138195,1,0,2.6901650126092136
13346,138196,1,0,2.8230909956619143
13347,138197,1,0,2.705032005906105
13348,138198,1,0,2.702928031794727
13349,138199,1,0,2.6898030191659927
13350,138200,1,0,2.6931900065392256
13351,138201,1,0,2.7000930276699364
13352,138202,1,0,2.697888994589448
13353,138203,1,1,2.680216042790562
13354,138204,1,0,2.708397980313748
13355,138205,1,0,2.7009250479750335
13356,138206,1,0,2.690294000785798
13357,138207,1,0,2.6863280218094587
13358,138208,1,0,2.6951340259984136
13359,138209,1,0,2.7050519711337984
13360,138210,1,0,2.6943120174109936
13361,138211,1,0,2.7341259992681444
13362,138212,1,0,2.7066540205851197
13363,138213,1,0,2.699021017178893
13364,138214,1,0,2.679234021343291
13365,138215,1,0,2.69068602938205
13366,138216,1,0,2.6956149959005415
13367,138217,1,0,2.6812980067916214
13368,138218,1,0,2.7095910045318305
13369,138219,1,0,2.7624890208244324
13370,138220,1,1,2.7210519765503705
13371,138221,1,0,2.7077069971710443
13372,138222,1,0,2.804206043947488
13373,138223,1,0,2.6908449945040047
13374,138224,1,0,2.697888994589448
13375,138225,1,0,2.7156120049767196
13376,138226,1,0,2.703980018850416
13377,138227,1,0,2.69975297851488
13378,138228,1,0,2.771154046058655
13379,138229,1,0,2.7691710274666548
13380,138230,1,0,2.680706966202706
13381,138231,1,0,2.6893530157394707
13382,138232,1,0,2.694673021323979
13383,138233,1,0,2.7745210099965334
13384,138234,1,0,2.6727530057542026
13385,138235,1,0,2.715921960771084
13386,138236,1,0,2.7481819852255285
13387,138237,1,1,2.6907059946097434
13388,138238,1,0,2.745137026067823
13389,138239,1,0,2.719548996537924
13390,138240,1,0,2.7725769905373454
13391,138241,1,0,2.6962250121869147
13392,138242,1,0,2.7425019652582705
13393,138243,1,0,2.6891419547609985
13394,138244,1,0,2.7411190094426274
13395,138245,1,0,2.7033689548261464
13396,138246,1,0,2.6758579770103097
13397,138247,1,0,2.7784380363300443
13398,138248,1,0,2.7069160132668912
13399,138249,1,0,2.8998839552514255
13400,138250,1,0,2.6857160264626145
13401,138251,1,0,2.698269032407552
13402,138252,1,0,2.742771990597248
13403,138253,1,0,2.7060339925810695
13404,138254,1,1,2.764863020274788
13405,138255,1,0,2.6784830261021852
13406,138256,1,0,2.6921179960481822
13407,138257,1,0,2.697668969631195
13408,138258,1,0,2.7554649859666824
13409,138259,1,0,2.72679200861603
13410,138260,1,0,2.6936709764413536
13411,138261,1,0,2.737411006819457
13412,138262,1,0,2.714499016292393
13413,138263,1,0,2.745626959949732
13414,138264,1,0,2.703349047806114
13415,138265,1,0,2.697338000871241
13416,138266,1,0,2.7088189963251352
13417,138267,1,0,2.6915070484392345
13418,138268,1,0,2.694982977118343
13419,138269,1,0,2.680225996300578
13420,138270,1,0,2.6619219570420682
13421,138271,1,1,2.683572005480528
13422,138272,1,0,2.6983189745806158
13423,138273,1,0,2.689933986403048
13424,138274,1,0,2.7126859640702605
13425,138275,1,0,2.815857995301485
13426,138276,1,0,2.6933709741570055
13427,138277,1,0,2.6895529590547085
13428,138278,1,0,2.6871589943766594
13429,138279,1,0,2.700903976801783
13430,138280,1,0,2.6891619781963527
13431,138281,1,0,2.669306006282568
13432,138282,1,0,2.6909459847956896
13433,138283,1,0,2.687119005713612
13434,138284,1,0,2.6817789766937494
13435,138285,1,0,2.6848450070247054
13436,138286,1,0,2.699250995647162
13437,138287,1,0,2.6906949933618307
13438,138288,1,1,2.6726419455371797
13439,138289,1,0,2.7324429829604924
13440,138290,1,0,2.692518988624215
13441,138291,1,0,2.6783120119944215
13442,138292,1,0,2.6909260195679963
13443,138293,1,0,2.6957039954140782
13444,138294,1,0,2.7056930121034384
13445,138295,1,0,2.6815980090759695
13446,138296,1,0,2.6972380001097918
13447,138297,1,0,2.686396997887641
13448,138298,1,0,2.6799850165843964
13449,138299,1,0,2.6704779593273997
13450,138300,1,0,2.7203899808228016
13451,138301,1,0,2.701084013096988
13452,138302,1,0,2.8174109756946564
13453,138303,1,0,2.6670219958759844
13454,138304,1,0,2.6907159481197596
13455,138305,1,1,2.6981490082107484
13456,138306,1,0,2.679244033060968
13457,138307,1,0,2.685055020265281
13458,138308,1,0,2.6949840248562396
13459,138309,1,0,2.6958949747495353
13460,138310,1,0,2.6765390066429973
13461,138311,1,0,2.6898139622062445
13462,138312,1,0,2.7384329587221146
13463,138313,1,0,2.680506033357233
13464,138314,1,0,2.678062010090798
13465,138315,1,0,2.693300019018352
13466,138316,1,0,2.695435017812997
13467,138317,1,0,2.6828909758478403
13468,138318,1,0,2.690905996132642
13469,138319,1,0,2.704420010559261
13470,138320,1,0,2.6835419703274965
13471,138321,1,0,2.6832009898498654
13472,138322,1,1,2.69537401618436
13473,138323,1,0,2.6949740131385624
13474,138324,1,0,2.678933960851282
13475,138325,1,0,2.6913369656540453
13476,138326,1,0,2.68840097123757
13477,138327,1,0,2.688149979803711
13478,138328,1,0,2.8065599617548287
13479,138329,1,0,2.68876098562032
13480,138330,1,0,2.692509035114199
13481,138331,1,0,2.6858060155063868
13482,138332,1,0,2.680766978301108
13483,138333,1,0,2.6993719511665404
13484,138334,1,0,2.691355999559164
13485,138335,1,0,2.68379197223112
13486,138336,1,0,2.760155010037124
13487,138337,1,0,2.6971769984811544
13488,138338,1,0,2.7006040327250957
13489,138339,1,1,2.6823500520549715
13490,138340,1,0,2.6880110381171107
13491,138341,1,0,2.6881509693339467
13492,138342,1,0,2.678933960851282
13493,138343,1,0,2.6795939775183797
13494,138344,1,0,2.6858769706450403
13495,138345,1,0,2.68571701599285
13496,138346,1,0,2.677901997230947
13497,138347,1,0,2.6934610214084387
13498,138348,1,0,2.6966760051436722
13499,138349,1,0,2.6939219678752124
13500,138350,1,0,2.669526031240821
13501,138351,1,0,2.7124949847348034
13502,138352,1,0,2.6948829763568938
13503,138353,1,0,2.687619999051094
13504,138354,1,0,2.6998129906132817
13505,138355,1,0,2.8209559968672693
13506,138356,1,1,2.693841001018882
13507,138357,1,0,2.6884310063906014
13508,138358,1,0,2.6833019801415503
13509,138359,1,0,2.7685799868777394
13510,138360,1,0,2.6984490104950964
13511,138361,1,0,2.680257020983845
13512,138362,1,0,2.690966008231044
13513,138363,1,0,2.688070002477616
13514,138364,1,0,2.6832110015675426
13515,138365,1,0,2.669055014848709
13516,138366,1,0,2.6876089978031814
13517,138367,1,0,2.688561042305082
13518,138368,1,0,2.684212988242507
13519,138369,1,0,2.6985000004060566
13520,138370,1,0,2.6936109643429518
13521,138371,1,0,2.6903650141321123
13522,138372,1,0,2.672923030331731
13523,138373,1,1,2.6844340027309954
13524,138374,1,0,2.6920480304397643
13525,138375,1,0,2.6865179534070194
13526,138376,1,0,2.6904339902102947
13527,138377,1,0,2.689944056328386
13528,138378,1,0,2.6919179945252836
13529,138379,1,0,2.6812379946932197
13530,138380,1,0,2.6911559980362654
13531,138381,1,0,2.8052880079485476
13532,138382,1,0,2.6820700149983168
13533,138383,1,0,2.6705890195444226
13534,138384,1,0,2.6837429613806307
13535,138385,1,0,2.6750070392154157
13536,138386,1,0,2.6727020158432424
13537,138387,1,0,2.6829210110008717
13538,138388,1,0,2.6884819963015616
13539,138389,1,0,2.6967369485646486
13540,138390,1,1,2.6756979641504586
13541,138391,1,0,2.68286099890247
13542,138392,1,0,2.6799360057339072
13543,138393,1,0,2.6647779741324484
13544,138394,1,0,2.674004004802555
13545,138395,1,0,2.6831619907170534
13546,138396,1,0,2.679554047062993
13547,138397,1,0,2.6790639967657626
13548,138398,1,0,2.6868980494327843
13549,138399,1,0,2.687470056116581
13550,138400,1,0,2.673704002518207
13551,138401,1,0,2.6973269996233284
13552,138402,1,0,2.70253699272871
13553,138403,1,0,2.6903150137513876
13554,138404,1,0,2.6769600226543844
13555,138405,1,0,2.697898948099464
13556,138406,1,0,2.6963260024785995
13557,138407,1,1,2.6946519501507282
13558,138408,1,0,2.8112789732404053
13559,138409,1,0,2.688721986487508
13560,138410,1,0,2.686797990463674
13561,138411,1,0,2.6803860091604292
13562,138412,1,0,2.694341994356364
13563,138413,1,0,2.687219006475061
13564,138414,1,0,2.673854003660381
13565,138415,1,0,2.6682240422815084
13566,138416,1,0,2.693561022169888
13567,138417,1,0,2.6916780043393373
13568,138418,1,0,2.6837229961529374
13569,138419,1,0,2.69756797933951
13570,138420,1,0,2.6822699583135545
13571,138421,1,0,2.6987000019289553
13572,138422,1,0,2.674285031389445
13573,138423,1,0,2.6880010263994336
13574,138424,1,1,2.69432197092101
13575,138425,1,0,2.6853950112126768
13576,138426,1,0,2.698038995731622
13577,138427,1,0,2.7144700288772583
13578,138428,1,0,2.6924890116788447
13579,138429,1,0,2.6806669775396585
13580,138430,1,0,2.70109495613724
13581,138431,1,0,2.6978690293617547
13582,138432,1,0,2.6931000174954534
13583,138433,1,0,2.6834720047190785
13584,138434,1,0,2.818732988089323
13585,138435,1,0,2.692739013582468
13586,138436,1,0,2.6950640021823347
13587,138437,1,0,2.675466996151954
13588,138438,1,0,2.6905250269919634
13589,138439,1,0,2.6910759625025094
13590,138440,1,0,2.680937002878636
13591,138441,1,1,2.6956850197166204
13592,138442,1,0,2.730328997131437
13593,138443,1,0,2.7009149780496955
13594,138444,1,0,2.679224999155849
13595,138445,1,0,2.700003038626164
13596,138446,1,0,2.696846961043775
13597,138447,1,0,2.691596979275346
13598,138448,1,0,2.684835053514689
13599,138449,1,0,2.6982190320268273
13600,138450,1,0,2.6943120174109936
13601,138451,1,0,2.6832519797608256
13602,138452,1,0,2.687269006855786
13603,138453,1,0,2.7530210209079087
13604,138454,1,0,2.6954039931297302
13605,138455,1,0,2.677140000741929
13606,138456,1,0,2.6863779639825225
13607,138457,1,0,2.7027580072171986
13608,138458,1,1,2.6868489803746343
13609,138459,1,0,2.6880099903792143
13610,138460,1,0,2.6942120166495442
13611,138461,1,0,2.823270973749459
13612,138462,1,0,2.686347987037152
13613,138463,1,0,2.691416011657566
13614,138464,1,0,2.7054519741795957
13615,138465,1,0,2.7163230115547776
13616,138466,1,0,2.679624012671411
13617,138467,1,0,2.695725008379668
13618,138468,1,0,2.6998419780284166
13619,138469,1,0,2.699481963645667
13620,138470,1,0,2.676919975783676
13621,138471,1,0,2.6917080394923687
13622,138472,1,0,2.7021460118703544
13623,138473,1,0,2.6811170391738415
13624,138474,1,0,2.6878800126723945
13625,138475,1,1,2.6994520449079573
13626,138476,1,0,2.694902999792248
13627,138477,1,0,2.67210096353665
13628,138478,1,0,2.6896040071733296
13629,138479,1,0,2.6889019645750523
13630,138480,1,0,2.68822000361979
13631,138481,1,0,2.6791340205818415
13632,138482,1,0,2.6926990249194205
13633,138483,1,0,2.6926390128210187
13634,138484,1,0,2.6820090133696795
13635,138485,1,0,2.6976779918186367
13636,138486,1,0,2.6845039683394134
13637,138487,1,0,2.8107379912398756
13638,138488,1,0,2.6789840194396675
13639,138489,1,0,2.7032389771193266
13640,138490,1,0,2.6974580250680447
13641,138491,1,0,2.6770600234158337
13642,138492,1,0,2.694513008464128
13643,138493,1,1,2.692508976906538
13644,138494,1,0,2.691086963750422
13645,138495,1,0,2.685867017135024
13646,138496,1,0,2.6943919947370887
13647,138497,1,0,2.689262037165463
13648,138498,1,0,2.681988989934325
13649,138499,1,0,2.6732729747891426
13650,138500,1,0,2.7023369912058115
13651,138501,1,0,2.6919879601337016
13652,138502,1,0,2.674766001291573
13653,138503,1,0,2.6980189722962677
13654,138504,1,0,2.696505980566144
13655,138505,1,0,2.691055997274816
13656,138506,1,0,2.676028001587838
13657,138507,1,0,2.692518988624215
13658,138508,1,0,2.69378098892048
13659,138509,1,0,2.6752669946290553
13660,138510,1,1,2.688481006771326
13661,138511,1,0,2.6857469929382205
13662,138512,1,0,2.6856159674935043
13663,138513,1,0,2.675126015674323
13664,138514,1,0,2.8150859870947897
13665,138515,1,0,2.730839012656361
13666,138516,1,0,2.6917579816654325
13667,138517,1,0,2.6728230295702815
13668,138518,1,0,2.689132990781218
13669,138519,1,0,2.6893229805864394
13670,138520,1,0,2.673554001376033
13671,138521,1,0,2.683582017198205
13672,138522,1,0,2.6852850569412112
13673,138523,1,0,2.6816989993676543
13674,138524,1,0,2.7997770230285823
13675,138525,1,0,2.6935209752991796
13676,138526,1,0,2.6860569487325847
13677,138527,1,1,2.6800360064953566
13678,138528,1,0,2.6784929796122015
13679,138529,1,0,2.6945219724439085
13680,138530,1,0,2.682539983652532
13681,138531,1,0,2.682058955542743
13682,138532,1,0,2.6876699994318187
13683,138533,1,0,2.6861070073209703
13684,138534,1,0,2.69063503947109
13685,138535,1,0,2.6773809804581106
13686,138536,1,0,2.6943919947370887
13687,138537,1,0,2.723175974097103
13688,138538,1,0,2.7204410289414227
13689,138539,1,0,2.677000011317432
13690,138540,1,0,2.813913975842297
13691,138541,1,0,2.7042300207540393
13692,138542,1,0,2.6808870024979115
13693,138543,1,0,2.6787039823830128
13694,138544,1,1,2.6914560003206134
13695,138545,1,0,2.687680011149496
13696,138546,1,0,2.683731960132718
13697,138547,1,0,2.7351079625077546
13698,138548,1,0,2.699502045288682
13699,138549,1,0,2.6979990070685744
13700,138550,1,0,2.6735939900390804
13701,138551,1,0,2.686387044377625
13702,138552,1,0,2.6884019607678056
13703,138553,1,0,2.6797550381161273
13704,138554,1,0,2.6796150486916304
13705,138555,1,0,2.6896530180238187
13706,138556,1,0,2.6940620155073702
13707,138557,1,0,2.6715300045907497
13708,138558,1,0,2.688481006771326
13709,138559,1,0,2.6926890132017434
13710,138560,1,0,2.6852459996007383
13711,138561,1,1,2.6872900198213756
13712,138562,1,0,2.68623698502779
13713,138563,1,0,2.691906993277371
13714,138564,1,0,2.679964993149042
13715,138565,1,0,2.697128045838326
13716,138566,1,0,2.715412003453821
13717,138567,1,0,2.8302950086072087
13718,138568,1,0,2.6850050198845565
13719,138569,1,0,2.6991210179403424
13720,138570,1,0,2.6870290166698396
13721,138571,1,0,2.784410025924444
13722,138572,1,0,2.6817189645953476
13723,138573,1,0,2.697157033253461
13724,138574,1,0,2.69027502508834
13725,138575,1,0,2.68368300748989
13726,138576,1,0,2.6726420037448406
13727,138577,1,0,2.6877099880948663
13728,138578,1,1,2.6922589750029147
13729,138579,1,0,2.677369979210198
13730,138580,1,0,2.7042909641750157
13731,138581,1,0,2.688802022021264
13732,138582,1,0,2.6852149749174714
13733,138583,1,0,2.6747059891931713
13734,138584,1,0,2.69040500279516
13735,138585,1,0,2.692648966331035
13736,138586,1,0,2.6785729569382966
13737,138587,1,0,2.687871048692614
13738,138588,1,0,2.6960960240103304
13739,138589,1,0,2.702286990825087
13740,138590,1,0,2.671330003067851
13741,138591,1,0,2.6876399642787874
13742,138592,1,0,2.6965459692291915
13743,138593,1,0,2.8086939710192382
13744,138594,1,0,2.6847849949263036
13745,138595,1,1,2.689192013349384
13746,138596,1,0,2.707687031943351
13747,138597,1,0,2.6920679956674576
13748,138598,1,0,2.684474049601704
13749,138599,1,0,2.690714958589524
13750,138600,1,0,2.692668989766389
13751,138601,1,0,2.666159998625517
13752,138602,1,0,2.6845940155908465
13753,138603,1,0,2.6950640021823347
13754,138604,1,0,2.6822000509127975
13755,138605,1,0,2.6796049787662923
13756,138606,1,0,2.6835319586098194
13757,138607,1,0,2.6907859719358385
13758,138608,1,0,2.6716800057329237
13759,138609,1,0,2.6913059991784394
13760,138610,1,0,2.689213026314974
13761,138611,1,0,2.6864269748330116
13762,138612,1,1,2.6877999771386385
13763,138613,1,0,2.701585995964706
13764,138614,1,0,2.6931199827231467
13765,138615,1,0,2.6896840427070856
13766,138616,1,0,2.7015559608116746
13767,138617,1,0,2.6911059976555407
13768,138618,1,0,2.6972370105795562
13769,138619,1,0,2.6773210265673697
13770,138620,1,0,2.8150560101494193
13771,138621,1,0,2.691777015570551
13772,138622,1,0,2.684413979295641
13773,138623,1,0,2.678481978364289
13774,138624,1,0,2.6931799948215485
13775,138625,1,0,2.68935295753181
13776,138626,1,0,2.6770399999804795
13777,138627,1,0,2.685045008547604
13778,138628,1,0,2.692349022254348
13779,138629,1,1,2.6811480056494474
13780,138630,1,0,2.67595803597942
13781,138631,1,0,2.690644992981106
13782,138632,1,0,2.70096497843042
13783,138633,1,0,2.6867479900829494
13784,138634,1,0,2.6936609647236764
13785,138635,1,0,2.694953989703208
13786,138636,1,0,2.6958039961755276
13787,138637,1,0,2.676589007023722
13788,138638,1,0,2.6936110225506127
13789,138639,1,0,2.699170960113406
13790,138640,1,0,2.6834519812837243
13791,138641,1,0,2.6942120166495442
13792,138642,1,0,2.693149959668517
13793,138643,1,0,2.6970969629473984
13794,138644,1,0,2.677140000741929
13795,138645,1,0,2.702517027501017
13796,138646,1,1,2.8333599912002683
13797,138647,1,0,2.705091959796846
13798,138648,1,0,2.6912870234809816
13799,138649,1,0,2.6955640059895813
13800,138650,1,0,2.710582979489118
13801,138651,1,0,2.69838998792693
13802,138652,1,0,2.6809070259332657
13803,138653,1,0,2.7023270376957953
13804,138654,1,0,2.6911059976555407
13805,138655,1,0,2.682259015273303
13806,138656,1,0,2.7036290266551077
13807,138657,1,0,2.713286958169192
13808,138658,1,0,2.691777015570551
13809,138659,1,0,2.683491969946772
13810,138660,1,0,2.6924979756586254
13811,138661,1,0,2.6940620155073702
13812,138662,1,0,2.6940620155073702
13813,138663,1,1,2.675097028259188
13814,138664,1,0,2.6935209752991796
13815,138665,1,0,2.7277340414002538
13816,138666,1,0,2.6840429636649787
13817,138667,1,0,2.694582042749971
13818,138668,1,0,2.6983400457538664
13819,138669,1,0,2.705461985897273
13820,138670,1,0,2.6822800282388926
13821,138671,1,0,2.7007239987142384
13822,138672,1,0,2.707586972974241
13823,138673,1,0,2.820315945427865
13824,138674,1,0,2.689241955522448
13825,138675,1,0,2.695664996281266
13826,138676,1,0,2.6982100098393857
13827,138677,1,0,2.6968269958160818
13828,138678,1,0,2.674504998140037
13829,138679,1,0,2.703339036088437
13830,138680,1,1,2.701746008824557
13831,138681,1,0,2.681608952116221
13832,138682,1,0,2.681417972780764
13833,138683,1,0,2.6954240165650845
13834,138684,1,0,2.6884209946729243
13835,138685,1,0,2.6713699917308986
13836,138686,1,0,2.69496301189065
13837,138687,1,0,2.6974580250680447
13838,138688,1,0,2.9229859937913716
13839,138689,1,0,2.6869179564528167
13840,138690,1,0,2.6888420106843114
13841,138691,1,0,2.68986402079463
13842,138692,1,0,2.7018359978683293
13843,138693,1,0,2.6782830245792866
13844,138694,1,0,2.6903949910774827
13845,138695,1,0,2.7034489903599024
13846,138696,1,0,2.687278960365802
13847,138697,1,1,2.6808769907802343
13848,138698,1,0,2.6916369679383934
13849,138699,1,0,2.8143450035713613
13850,138700,1,0,2.680205972865224
13851,138701,1,0,2.6942219701595604
13852,138702,1,0,2.695524017326534
13853,138703,1,0,2.6988500030711293
13854,138704,1,0,2.6806569658219814
13855,138705,1,0,2.702487981878221
13856,138706,1,0,2.7001830167137086
13857,138707,1,0,2.6799659826792777
13858,138708,1,0,2.675156982149929
13859,138709,1,0,2.689513028599322
13860,138710,1,0,2.6899840449914336
13861,138711,1,0,2.6703180046752095
13862,138712,1,0,2.7522399905137718
13863,138713,1,0,2.6936509530059993
13864,138714,1,1,2.680515986867249
13865,138715,1,0,2.6673920219764113
13866,138716,1,0,2.687909989617765
13867,138717,1,0,2.6926290011033416
13868,138718,1,0,2.688041015062481
13869,138719,1,0,2.69120599841699
13870,138720,1,0,2.6960960240103304
13871,138721,1,0,2.685055020265281
13872,138722,1,0,2.6724610361270607
13873,138723,1,0,2.6906850398518145
13874,138724,1,0,2.699461008887738
13875,138725,1,0,2.7000719564966857
13876,138726,1,0,2.8072919812984765
13877,138727,1,0,2.6890019653365016
13878,138728,1,0,2.6890019653365016
13879,138729,1,0,2.6898939977400005
13880,138730,1,0,2.6881310041062534
13881,138731,1,1,2.6988110039383173
13882,138732,1,0,2.700684010051191
13883,138733,1,0,2.6736140134744346
13884,138734,1,0,2.6936610229313374
13885,138735,1,0,2.7045010356232524
13886,138736,1,0,2.6774200377985835
13887,138737,1,0,2.6830820133909583
13888,138738,1,0,2.690526016522199
13889,138739,1,0,2.686226973310113
13890,138740,1,0,2.678602992091328
13891,138741,1,0,2.6838029734790325
13892,138742,1,0,2.6879700017161667
13893,138743,1,0,2.6829109992831945
13894,138744,1,0,2.68746999790892
13895,138745,1,0,2.6838619960471988
13896,138746,1,0,2.6938209775835276
13897,138747,1,0,2.6629840140230954
13898,138748,1,1,2.688171050976962
13899,138749,1,0,2.6887620333582163
13900,138750,1,0,2.683201979380101
13901,138751,1,0,2.6863269740715623
13902,138752,1,0,2.8237120131962
13903,138753,1,0,2.6942319818772376
13904,138754,1,0,2.68489500740543
13905,138755,1,0,2.689602959435433
13906,138756,1,0,2.6941010146401823
13907,138757,1,0,2.6905149570666254
13908,138758,1,0,2.6810079580172896
13909,138759,1,0,2.6859669596888125
13910,138760,1,0,2.692438953090459
13911,138761,1,0,2.67789198551327
13912,138762,1,0,2.673142997082323
13913,138763,1,0,2.68741900799796
13914,138764,1,0,2.6910759625025094
13915,138765,1,1,2.673162962310016
13916,138766,1,0,2.691467001568526
13917,138767,1,0,2.684334001969546
13918,138768,1,0,2.681528974790126
13919,138769,1,0,2.688100968953222
13920,138770,1,0,2.6909159496426582
13921,138771,1,0,2.6959460228681564
13922,138772,1,0,2.6817889884114265
13923,138773,1,0,2.703028032556176
13924,138774,1,0,2.6977979578077793
13925,138775,1,0,2.6929989689961076
13926,138776,1,0,2.674895978998393
13927,138777,1,0,2.6941620162688196
13928,138778,1,0,2.6875489857047796
13929,138779,1,0,2.8128420235589147
13930,138780,1,0,2.6726920041255653
13931,138781,1,0,2.6902849785983562
13932,138782,1,1,2.7389039751142263
13933,138783,1,0,2.6838229969143867
13934,138784,1,0,2.689122047740966
13935,138785,1,0,2.6918179937638342
13936,138786,1,0,2.690766006708145
13937,138787,1,0,2.6697369758039713
13938,138788,1,0,2.6915670023299754
13939,138789,1,0,2.689432993065566
13940,138790,1,0,2.6784430374391377
13941,138791,1,0,2.686507999897003
13942,138792,1,0,2.685676037799567
13943,138793,1,0,2.6874089962802827
13944,138794,1,0,2.6723109767772257
13945,138795,1,0,2.6861060177907348
13946,138796,1,0,2.6932000182569027
13947,138797,1,0,2.673223032616079
13948,138798,1,0,2.6809570263139904
13949,138799,1,1,2.691306988708675
13950,138800,1,0,2.6843840023502707
13951,138801,1,0,2.6634850073605776
13952,138802,1,0,2.6862070080824196
13953,138803,1,0,2.692930051125586
13954,138804,1,0,2.6807760004885495
13955,138805,1,0,2.8117700130678713
13956,138806,1,0,2.6813590084202588
13957,138807,1,0,2.6916370261460543
13958,138808,1,0,2.6787929818965495
13959,138809,1,0,2.680225996300578
13960,138810,1,0,2.688171050976962
13961,138811,1,0,2.6925290003418922
13962,138812,1,0,2.6782630011439323
13963,138813,1,0,2.6973679778166115
13964,138814,1,0,2.693360031116754
13965,138815,1,0,2.6733429986052215
13966,138816,1,0,2.6882009697146714
13967,138817,1,1,2.6913959882222116
13968,138818,1,0,2.691216010134667
13969,138819,1,0,2.6780220214277506
13970,138820,1,0,2.6913859765045345
13971,138821,1,0,2.688731998205185
13972,138822,1,0,2.683582017198205
13973,138823,1,0,2.6786429807543755
13974,138824,1,0,2.6912770117633045
13975,138825,1,0,2.6882010279223323
13976,138826,1,0,2.674565010238439
13977,138827,1,0,2.692729001864791
13978,138828,1,0,2.6964659919030964
13979,138829,1,0,2.7411289629526436
13980,138830,1,0,2.6824800297617912
13981,138831,1,0,2.7031180215999484
13982,138832,1,0,2.8221190441399813
13983,138833,1,0,2.6823399821296334
13984,138834,1,1,2.6761890039779246
13985,138835,1,0,2.693991002161056
13986,138836,1,0,2.6930089807137847
13987,138837,1,0,2.6807970134541392
13988,138838,1,0,2.687048981897533
13989,138839,1,0,2.6815589517354965
13990,138840,1,0,2.6912169996649027
13991,138841,1,0,2.6604990125633776
13992,138842,1,0,2.689854009076953
13993,138843,1,0,2.6828509871847928
13994,138844,1,0,2.6690950035117567
13995,138845,1,0,2.690014021936804
13996,138846,1,0,2.6912169996649027
13997,138847,1,0,2.681567973922938
13998,138848,1,0,2.6782919885590672
13999,138849,1,0,2.6957649970427155
14000,138850,1,0,2.6910059968940914
14001,138851,1,1,2.676518983207643
14002,138852,1,0,2.6863079983741045
14003,138853,1,0,2.7454770170152187
14004,138854,1,0,2.684563980437815
14005,138855,1,0,2.6707390206865966
14006,138856,1,0,2.699872013181448
14007,138857,1,0,2.6896229828707874
14008,138858,1,0,2.817499975208193
14009,138859,1,0,2.661972015630454
14010,138860,1,0,2.6911069871857762
14011,138861,1,0,2.6868879795074463
14012,138862,1,0,2.6791939744725823
14013,138863,1,0,2.685446001123637
14014,138864,1,0,2.694672963116318
14015,138865,1,0,2.6970970211550593
14016,138866,1,0,2.6710290112532675
14017,138867,1,0,2.689743007067591
14018,138868,1,1,2.694032038562
14019,138869,1,0,2.673362963832915
14020,138870,1,0,2.682188991457224
14021,138871,1,0,2.6938210357911885
14022,138872,1,0,2.6929990272037685
14023,138873,1,0,2.6728929951786995
14024,138874,1,0,2.695644972845912
14025,138875,1,0,2.696616982575506
14026,138876,1,0,2.690344990696758
14027,138877,1,0,2.686637977603823
14028,138878,1,0,2.695053000934422
14029,138879,1,0,2.6985000004060566
14030,138880,1,0,2.6912870234809816
14031,138881,1,0,2.701245015487075
14032,138882,1,0,2.69524403847754
14033,138883,1,0,2.697397954761982
14034,138884,1,0,2.6866780244745314
14035,138885,1,1,2.8136330074630678
14036,138886,1,0,2.6984389987774193
14037,138887,1,0,2.689032000489533
14038,138888,1,0,2.690805005840957
14039,138889,1,0,2.7071560034528375
14040,138890,1,0,2.7002430288121104
14041,138891,1,0,2.685425046365708
14042,138892,1,0,2.6909359730780125
14043,138893,1,0,2.6985100121237338
14044,138894,1,0,2.696646028198302
14045,138895,1,0,2.682069956790656
14046,138896,1,0,2.700603974517435
14047,138897,1,0,2.693891990929842
14048,138898,1,0,2.6895240298472345
14049,138899,1,0,2.679575001820922
14050,138900,1,0,2.7360900421626866
14051,138901,1,0,2.690425026230514
14052,138902,1,1,2.688341017346829
14053,138903,1,0,2.6943820412270725
14054,138904,1,0,2.712726010940969
14055,138905,1,0,2.709991007577628
14056,138906,1,0,2.6835320168174803
14057,138907,1,0,2.694373019039631
14058,138908,1,0,2.701104967854917
14059,138909,1,0,2.696726005524397
14060,138910,1,0,2.6771609554998577
14061,138911,1,0,2.822099020704627
14062,138912,1,0,2.6941620162688196
14063,138913,1,0,2.688411041162908
14064,138914,1,0,2.6646570186130702
14065,138915,1,0,2.6984899886883795
14066,138916,1,0,2.686477964743972
14067,138917,1,0,2.684404025785625
14068,138918,1,0,2.6920579839497805
14069,138919,1,1,2.688020991627127
14070,138920,1,0,2.686446998268366
14071,138921,1,0,2.6792039861902595
14072,138922,1,0,2.6877900236286223
14073,138923,1,0,2.7446449967101216
14074,138924,1,0,2.6820790371857584
14075,138925,1,0,2.681248006410897
14076,138926,1,0,2.6971279876306653
14077,138927,1,0,2.6933900080621243
14078,138928,1,0,2.6732630212791264
14079,138929,1,0,2.6939220260828733
14080,138930,1,0,2.694463008083403
14081,138931,1,0,2.688331005629152
14082,138932,1,0,2.690666005946696
14083,138933,1,0,2.7008650358766317
14084,138934,1,0,2.6909459847956896
14085,138935,1,0,2.6829709531739354
14086,138936,1,1,2.690124965738505
14087,138937,1,0,2.6967659941874444
14088,138938,1,0,2.8204559930600226
14089,138939,1,0,2.674354996997863
14090,138940,1,0,2.6950339670293033
14091,138941,1,0,2.693991002161056
14092,138942,1,0,2.6956049841828644
14093,138943,1,0,2.6782319764606655
14094,138944,1,0,2.687979955226183
14095,138945,1,0,2.6894829934462905
14096,138946,1,0,2.706115017645061
14097,138947,1,0,2.692648966331035
14098,138948,1,0,2.7014060178771615
14099,138949,1,0,2.695864997804165
14100,138950,1,0,2.6725620264187455
14101,138951,1,0,2.692188019864261
14102,138952,1,0,2.6879400247707963
14103,138953,1,1,2.6838030316866934
14104,138954,1,0,2.6832519797608256
14105,138955,1,0,2.7260209899395704
14106,138956,1,0,2.7068349882028997
14107,138957,1,0,2.6874789618887007
14108,138958,1,0,2.707897045183927
14109,138959,1,0,2.743873978033662
14110,138960,1,0,2.7380840037949383
14111,138961,1,0,2.6821899809874594
14112,138962,1,0,2.731601009145379
14113,138963,1,0,2.696606970857829
14114,138964,1,0,2.84634402487427
14115,138965,1,0,2.688742009922862
14116,138966,1,0,2.68986402079463
14117,138967,1,0,2.690826018806547
14118,138968,1,0,2.6887019630521536
14119,138969,1,0,2.6816679746843874
14120,138970,1,1,2.7670669951476157
14121,138971,1,0,2.69297999329865
14122,138972,1,0,2.707886975258589
14123,138973,1,0,2.6877500349655747
14124,138974,1,0,2.6947029982693493
14125,138975,1,0,2.6987999444827437
14126,138976,1,0,2.6840829523280263
14127,138977,1,0,2.693991002161056
14128,138978,1,0,2.694292983505875
14129,138979,1,0,2.6983589632436633
14130,138980,1,0,2.6782419881783426
14131,138981,1,0,2.7241670177318156
14132,138982,1,0,2.692188019864261
14133,138983,1,0,2.7513779932633042
14134,138984,1,0,2.6756779989227653
14135,138985,1,0,2.699993026908487
14136,138986,1,0,2.6936009526252747
14137,138987,1,1,2.694663009606302
14138,138988,1,0,2.6940220268443227
14139,138989,1,0,2.6999220135621727
14140,138990,1,0,2.690355002414435
14141,138991,1,0,2.798133995383978
14142,138992,1,0,2.6834719465114176
14143,138993,1,0,2.731380984187126
14144,138994,1,0,2.693330985493958
14145,138995,1,0,2.6834619930014014
14146,138996,1,0,2.6962559786625206
14147,138997,1,0,2.69243901129812
14148,138998,1,0,2.6926290011033416
14149,138999,1,0,2.6671919622458518
14150,139000,1,0,2.684874983970076
14151,139001,1,0,2.6905759586952627
14152,139002,1,0,2.679153985809535
14153,139003,1,0,2.6919280062429607
14154,139004,1,1,2.692167996428907
14155,139005,1,0,2.700613986235112
14156,139006,1,0,2.683992963284254
14157,139007,1,0,2.6854859897866845
14158,139008,1,0,2.6875599869526923
14159,139009,1,0,2.6747550000436604
14160,139010,1,0,2.6830509887076914
14161,139011,1,0,2.719419018831104
14162,139012,1,0,2.6920579839497805
14163,139013,1,0,2.6968769961968064
14164,139014,1,0,2.704039972741157
14165,139015,1,0,2.6897439965978265
14166,139016,1,0,2.682721009477973
14167,139017,1,0,2.8168789576739073
14168,139018,1,0,2.685066021513194
14169,139019,1,0,2.6865280233323574
14170,139020,1,0,2.666240034159273
14171,139021,1,1,2.6735839783214033
14172,139022,1,0,2.6866679545491934
14173,139023,1,0,2.6895430055446923
14174,139024,1,0,2.667292021214962
14175,139025,1,0,2.6935909991152585
14176,139026,1,0,2.6872989838011563
14177,139027,1,0,2.677299955394119
14178,139028,1,0,2.679184020962566
14179,139029,1,0,2.6941720279864967
14180,139030,1,0,2.681698009837419
14181,139031,1,0,2.668254019226879
14182,139032,1,0,2.693000016734004
14183,139033,1,0,2.6915069902315736
14184,139034,1,0,2.684473991394043
14185,139035,1,0,2.6825100067071617
14186,139036,1,0,2.6853259769268334
14187,139037,1,0,2.686689025722444
14188,139038,1,1,2.6732630212791264
14189,139039,1,0,2.6916879578493536
14190,139040,1,0,2.772075997199863
14191,139041,1,0,2.6813579606823623
14192,139042,1,0,2.678623015526682
14193,139043,1,0,2.7050020289607346
14194,139044,1,0,2.8259659884497523
14195,139045,1,0,2.6906050043180585
14196,139046,1,0,2.666960994247347
14197,139047,1,0,2.6940120151266456
14198,139048,1,0,2.693710965104401
14199,139049,1,0,2.678602992091328
14200,139050,1,0,2.6974480133503675
14201,139051,1,0,2.6984799769707024
14202,139052,1,0,2.6893930044025183
14203,139053,1,0,2.6774000143632293
14204,139054,1,0,2.691327012144029
14205,139055,1,1,2.6885310071520507
14206,139056,1,0,2.6786429807543755
14207,139057,1,0,2.6771309785544872
14208,139058,1,0,2.6901940000243485
14209,139059,1,0,2.6909559965133667
14210,139060,1,0,2.6759980246424675
14211,139061,1,0,2.6856460026465356
14212,139062,1,0,2.6908660074695945
14213,139063,1,0,2.6741850306279957
14214,139064,1,0,2.806930977385491
14215,139065,1,0,2.693630987778306
14216,139066,1,0,2.6872490416280925
14217,139067,1,0,2.6779919862747192
14218,139068,1,0,2.69040500279516
14219,139069,1,0,2.6899739750660956
14220,139070,1,0,2.809464989695698
14221,139071,1,0,2.6739549939520657
14222,139072,1,1,2.6835830067284405
14223,139073,1,0,2.683992963284254
14224,139074,1,0,2.679794968571514
14225,139075,1,0,2.669095993041992
14226,139076,1,0,2.6963260024785995
14227,139077,1,0,2.6900339871644974
14228,139078,1,0,2.6756279985420406
14229,139079,1,0,2.6879709912464023
14230,139080,1,0,2.680997014977038
14231,139081,1,0,2.6793249999172986
14232,139082,1,0,2.667021006345749
14233,139083,1,0,2.6893329923041165
14234,139084,1,0,2.6926189893856645
14235,139085,1,0,2.6785730151459575
14236,139086,1,0,2.7003930299542844
14237,139087,1,0,2.720300981309265
14238,139088,1,0,2.6924979756586254
14239,139089,1,1,2.676909964065999
14240,139090,1,0,2.6945630088448524
14241,139091,1,0,2.694502007216215
14242,139092,1,0,2.677570970263332
14243,139093,1,0,2.6884310063906014
14244,139094,1,0,2.691606990993023
14245,139095,1,0,2.692668989766389
14246,139096,1,0,2.6829710113815963
14247,139097,1,0,2.81413400080055
14248,139098,1,0,2.696154988370836
14249,139099,1,0,2.7084179455414414
14250,139100,1,0,2.6850849972106516
14251,139101,1,0,2.698861004319042
14252,139102,1,0,2.694652008358389
14253,139103,1,0,2.6967469602823257
14254,139104,1,0,2.6832810253836215
14255,139105,1,0,2.699080971069634
14256,139106,1,1,2.690575027372688
14257,139107,1,0,2.683152037207037
14258,139108,1,0,2.6906050043180585
14259,139109,1,0,2.6997019886039197
14260,139110,1,0,2.695664996281266
14261,139111,1,0,2.697467978578061
14262,139112,1,0,2.690265013370663
14263,139113,1,0,2.707377017941326
14264,139114,1,0,2.7146099600940943
14265,139115,1,0,2.704792015720159
14266,139116,1,0,2.713426947593689
14267,139117,1,0,2.7013549697585404
14268,139118,1,0,2.6918980292975903
14269,139119,1,0,2.703778969589621
14270,139120,1,0,2.7067550108768046
14271,139121,1,0,2.709220047108829
14272,139122,1,0,2.7217729948461056
14273,139123,1,0,2.8551099821925163
14274,139124,1,1,2.706223982386291
14275,139125,1,0,2.704381011426449
14276,139126,1,0,2.6879810029640794
14277,139127,1,0,2.6857060147449374
14278,139128,1,0,2.7108429931104183
14279,139129,1,0,2.7026679599657655
14280,139130,1,0,2.6821399806067348
14281,139131,1,0,2.729026018641889
14282,139132,1,0,2.695885021239519
14283,139133,1,0,2.698529977351427
14284,139134,1,0,2.6731729740276933
14285,139135,1,0,2.69419199321419
14286,139136,1,0,2.689111977815628
14287,139137,1,0,2.6801760541275144
14288,139138,1,0,2.687048981897533
14289,139139,1,0,2.7450660127215087
14290,139140,1,0,2.6980889961123466
14291,139141,1,1,2.6863569510169327
14292,139142,1,0,2.695303992368281
14293,139143,1,0,2.6934900088235736
14294,139144,1,0,2.6938010123558342
14295,139145,1,0,2.6723910123109818
14296,139146,1,0,2.684463979676366
14297,139147,1,0,2.6948630111292005
14298,139148,1,0,2.687049040105194
14299,139149,1,0,2.6938619557768106
14300,139150,1,0,2.816558990161866
14301,139151,1,0,2.6878099888563156
14302,139152,1,0,2.6811170391738415
14303,139153,1,0,2.6823499938473105
14304,139154,1,0,2.68489500740543
14305,139155,1,0,2.695103990845382
14306,139156,1,0,2.6776709710247815
14307,139157,1,0,2.684674982447177
14308,139158,1,1,2.696025010664016
14309,139159,1,0,2.6768899988383055
14310,139160,1,0,2.6924090343527496
14311,139161,1,0,2.683261001948267
14312,139162,1,0,2.6866479893215
14313,139163,1,0,2.6717300061136484
14314,139164,1,0,2.68935295753181
14315,139165,1,0,2.6913370238617063
14316,139166,1,0,2.6760880136862397
14317,139167,1,0,2.6826399844139814
14318,139168,1,0,2.6884610415436327
14319,139169,1,0,2.672873029951006
14320,139170,1,0,2.669245994184166
14321,139171,1,0,2.68244999460876
14322,139172,1,0,2.6877899654209614
14323,139173,1,0,2.6846740511246026
14324,139174,1,0,2.691526955459267
14325,139175,1,1,2.6930190506391227
14326,139176,1,0,2.8089050319977105
14327,139177,1,0,2.6759780012071133
14328,139178,1,0,2.6885810075327754
14329,139179,1,0,2.685045008547604
14330,139180,1,0,2.6906950515694916
14331,139181,1,0,2.677751996088773
14332,139182,1,0,2.6956350193358958
14333,139183,1,0,2.683511993382126
14334,139184,1,0,2.6773909921757877
14335,139185,1,0,2.6852949522435665
14336,139186,1,0,2.6949839666485786
14337,139187,1,0,2.690485038328916
14338,139188,1,0,2.673453011084348
14339,139189,1,0,2.689724031370133
14340,139190,1,0,2.6913059991784394
14341,139191,1,0,2.6739640161395073
14342,139192,1,1,2.692268055398017
14343,139193,1,0,2.6870190049521625
14344,139194,1,0,2.6895529590547085
14345,139195,1,0,2.6597680407576263
14346,139196,1,0,2.689863962586969
14347,139197,1,0,2.7005139854736626
14348,139198,1,0,2.6872489834204316
14349,139199,1,0,2.6964860153384507
14350,139200,1,0,2.6963159907609224
14351,139201,1,0,2.694982977118343
14352,139202,1,0,2.6754270074889064
14353,139203,1,0,2.847825991921127
14354,139204,1,0,2.691606990993023
14355,139205,1,0,2.7055530226789415
14356,139206,1,0,2.6725619682110846
14357,139207,1,0,2.683622995391488
14358,139208,1,0,2.689502958673984
14359,139209,1,1,2.6817379985004663
14360,139210,1,0,2.6748760137706995
14361,139211,1,0,2.6860269717872143
14362,139212,1,0,2.6929790037684143
14363,139213,1,0,2.6753070414997637
14364,139214,1,0,2.6803159853443503
14365,139215,1,0,2.687069005332887
14366,139216,1,0,2.684203034732491
14367,139217,1,0,2.67892301781103
14368,139218,1,0,2.6858460041694343
14369,139219,1,0,2.6907259598374367
14370,139220,1,0,2.675798023119569
14371,139221,1,0,2.691346046049148
14372,139222,1,0,2.6911760214716196
14373,139223,1,0,2.680937002878636
14374,139224,1,0,2.6764990179799497
14375,139225,1,0,2.685194951482117
14376,139226,1,1,2.6858769706450403
14377,139227,1,0,2.676668984349817
14378,139228,1,0,2.6985000004060566
14379,139229,1,0,2.8156269690953195
14380,139230,1,0,2.6890329900197685
14381,139231,1,0,2.669226028956473
14382,139232,1,0,2.6955140056088567
14383,139233,1,0,2.6907959836535156
14384,139234,1,0,2.6830820133909583
14385,139235,1,0,2.6818490005098283
14386,139236,1,0,2.6993710198439658
14387,139237,1,0,2.6914069894701242
14388,139238,1,0,2.6723709888756275
14389,139239,1,0,2.7075359830632806
14390,139240,1,0,2.692840003874153
14391,139241,1,0,2.677822019904852
14392,139242,1,0,2.682030026335269
14393,139243,1,1,2.6998029788956046
14394,139244,1,0,2.6808069669641554
14395,139245,1,0,2.666660991962999
14396,139246,1,0,2.683641971088946
14397,139247,1,0,2.6817990001291037
14398,139248,1,0,2.6910760207101703
14399,139249,1,0,2.67559802159667
14400,139250,1,0,2.6909360312856734
14401,139251,1,0,2.682620019186288
14402,139252,1,0,2.7159819728694856
14403,139253,1,0,2.6978389942087233
14404,139254,1,0,2.696996962185949
14405,139255,1,0,2.681048004887998
14406,139256,1,0,2.8040449833497405
14407,139257,1,0,2.686157007701695
14408,139258,1,0,2.690013963729143
14409,139259,1,0,2.6773910503834486
14410,139260,1,1,2.6773909921757877
14411,139261,1,0,2.6879009674303234
14412,139262,1,0,2.723886980675161
14413,139263,1,0,2.682972000911832
14414,139264,1,0,2.693470974918455
14415,139265,1,0,2.6882399688474834
14416,139266,1,0,2.6757880114018917
14417,139267,1,0,2.6714500272646546
14418,139268,1,0,2.7031379868276417
14419,139269,1,0,2.6909260195679963
14420,139270,1,0,2.681428042706102
14421,139271,1,0,2.7705240063369274
14422,139272,1,0,2.7049019699916244
14423,139273,1,0,2.7117139543406665
14424,139274,1,0,2.6965669821947813
14425,139275,1,0,2.821748028509319
14426,139276,1,0,2.693962014745921
14427,139277,1,1,2.7317419881001115
14428,139278,1,0,2.7258209884166718
14429,139279,1,0,2.783317002467811
14430,139280,1,0,2.7444850420579314
14431,139281,1,0,2.7441949932835996
14432,139282,1,0,2.819765009917319
14433,139283,1,0,2.6843539671972394
14434,139284,1,0,2.7390350005589426
14435,139285,1,0,2.720750984735787
14436,139286,1,0,2.790400991216302
14437,139287,1,0,2.7052330551669
14438,139288,1,0,2.682119025848806
14439,139289,1,0,2.693299960810691
14440,139290,1,0,2.6889729779213667
14441,139291,1,0,2.6721920003183186
14442,139292,1,0,2.6885109837166965
14443,139293,1,0,2.6907360297627747
14444,139294,1,1,2.687069005332887
14445,139295,1,0,2.6758480235002935
14446,139296,1,0,2.680847013834864
14447,139297,1,0,2.6819189661182463
14448,139298,1,0,2.6735339779406786
14449,139299,1,0,2.7333039906807244
14450,139300,1,0,2.7667360263876617
14451,139301,1,0,2.680375997442752
14452,139302,1,0,2.666080021299422
14453,139303,1,0,2.688641019631177
14454,139304,1,0,2.6894829934462905
14455,139305,1,0,2.6797650498338044
14456,139306,1,0,2.6921379612758756
14457,139307,1,0,2.696286013815552
14458,139308,1,0,2.7176449657417834
14459,139309,1,0,2.841454988811165
14460,139310,1,0,2.708238025661558
14461,139311,1,1,2.68193002557382
14462,139312,1,0,2.703008009120822
14463,139313,1,0,2.713026013225317
14464,139314,1,0,2.7664650115184486
14465,139315,1,0,2.7705139946192503
14466,139316,1,0,2.849620010238141
14467,139317,1,0,2.7517479611560702
14468,139318,1,0,2.7427010354585946
14469,139319,1,0,2.7629389660432935
14470,139320,1,0,2.732012013439089
14471,139321,1,0,2.698931028135121
14472,139322,1,0,2.852756006177515
14473,139323,1,0,2.69903102889657
14474,139324,1,0,2.707425970584154
14475,139325,1,0,2.7406479930505157
14476,139326,1,0,2.6899839867837727
14477,139327,1,0,2.6829909766092896
14478,139328,1,1,2.7052629739046097
14479,139329,1,0,2.697749005164951
14480,139330,1,0,2.6920780073851347
14481,139331,1,0,2.6868980494327843
14482,139332,1,0,2.6974580250680447
14483,139333,1,0,2.697899006307125
14484,139334,1,0,2.6899840449914336
14485,139335,1,0,2.8201249660924077
14486,139336,1,0,2.6970869512297213
14487,139337,1,0,2.68327200319618
14488,139338,1,0,2.683452039491385
14489,139339,1,0,2.693540998734534
14490,139340,1,0,2.6967169833369553
14491,139341,1,0,2.697557967621833
14492,139342,1,0,2.6760579785332084
14493,139343,1,0,2.7056830003857613
14494,139344,1,0,2.6983499992638826
14495,139345,1,1,2.7250389684922993
14496,139346,1,0,2.691266010515392
14497,139347,1,0,2.6957050431519747
14498,139348,1,0,2.7004629955627024
14499,139349,1,0,2.6827409747056663
14500,139350,1,0,2.6968669844791293
14501,139351,1,0,2.6907449937425554
14502,139352,1,0,2.6775110163725913
14503,139353,1,0,2.6815590099431574
14504,139354,1,0,2.6905449922196567
14505,139355,1,0,2.6986809680238366
14506,139356,1,0,2.688331005629152
14507,139357,1,0,2.6960750110447407
14508,139358,1,0,2.686317020561546
14509,139359,1,0,2.6911869645118713
14510,139360,1,0,2.7578400331549346
14511,139361,1,0,2.704300975892693
14512,139362,1,1,2.8170390287414193
14513,139363,1,0,2.695324015803635
14514,139364,1,0,2.680586010683328
14515,139365,1,0,2.695174014661461
14516,139366,1,0,2.6827609981410205
14517,139367,1,0,2.6721309986896813
14518,139368,1,0,2.6689759688451886
14519,139369,1,0,2.6858659693971276
14520,139370,1,0,2.679093973711133
14521,139371,1,0,2.6804960216395557
14522,139372,1,0,2.6944720302708447
14523,139373,1,0,2.6883709942921996
14524,139374,1,0,2.673754992429167
14525,139375,1,0,2.6958450325764716
14526,139376,1,0,2.6900239754468203
14527,139377,1,0,2.69756797933951
14528,139378,1,0,2.679594967048615
14529,139379,1,1,2.6878700009547174
14530,139380,1,0,2.692088019102812
14531,139381,1,0,2.685857005417347
14532,139382,1,0,2.6702380273491144
14533,139383,1,0,2.6872989838011563
14534,139384,1,0,2.699292032048106
14535,139385,1,0,2.682930964510888
14536,139386,1,0,2.6925589772872627
14537,139387,1,0,2.692088019102812
14538,139388,1,0,2.812321006786078
14539,139389,1,0,2.680375997442752
14540,139390,1,0,2.6983090210705996
14541,139391,1,0,2.6943329721689224
14542,139392,1,0,2.7009539771825075
14543,139393,1,0,2.683341968804598
14544,139394,1,0,2.6868790155276656
14545,139395,1,0,2.6870790170505643
14546,139396,1,1,2.686558000277728
14547,139397,1,0,2.6932500186376274
14548,139398,1,0,2.6940919924527407
14549,139399,1,0,2.6956640067510307
14550,139400,1,0,2.67034798162058
14551,139401,1,0,2.692349022254348
14552,139402,1,0,2.6903849793598056
14553,139403,1,0,2.6797850150614977
14554,139404,1,0,2.677561016753316
14555,139405,1,0,2.691156987566501
14556,139406,1,0,2.6844129897654057
14557,139407,1,0,2.6739040040411055
14558,139408,1,0,2.687909989617765
14559,139409,1,0,2.693129994440824
14560,139410,1,0,2.684853971004486
14561,139411,1,0,2.6777409948408604
14562,139412,1,0,2.6898040086962283
14563,139413,1,1,2.692809037398547
14564,139414,1,0,2.676149015314877
14565,139415,1,0,2.811638987623155
14566,139416,1,0,2.722854958847165
14567,139417,1,0,2.6940209791064262
14568,139418,1,0,2.6736229774542153
14569,139419,1,0,2.6936710346490145
14570,139420,1,0,2.69202800700441
14571,139421,1,0,2.6747360243462026
14572,139422,1,0,2.671480004210025
14573,139423,1,0,2.6844440144486725
14574,139424,1,0,2.6876500342041254
14575,139425,1,0,2.676759962923825
14576,139426,1,0,2.6935010100714862
14577,139427,1,0,2.6828309637494385
14578,139428,1,0,2.6831019786186516
14579,139429,1,0,2.6789240073412657
14580,139430,1,1,2.6798350154422224
14581,139431,1,0,2.6880509685724974
14582,139432,1,0,2.6656999834813178
14583,139433,1,0,2.687749976757914
14584,139434,1,0,2.6884410181082785
14585,139435,1,0,2.688932989258319
14586,139436,1,0,2.6834820164367557
14587,139437,1,0,2.6875599869526923
14588,139438,1,0,2.687488973606378
14589,139439,1,0,2.665538981091231
14590,139440,1,0,2.6940919924527407
14591,139441,1,0,2.8112389845773578
14592,139442,1,0,2.688091015443206
14593,139443,1,0,2.670838963240385
14594,139444,1,0,2.691066008992493
14595,139445,1,0,2.6842629886232316
14596,139446,1,0,2.6834719465114176
14597,139447,1,0,2.688721986487508
14598,139448,1,1,2.6895430055446923
14599,139449,1,0,2.6854349998757243
14600,139450,1,0,2.668665023520589
14601,139451,1,0,2.6905449922196567
14602,139452,1,0,2.6944419951178133
14603,139453,1,0,2.6885910192504525
14604,139454,1,0,2.690003952011466
14605,139455,1,0,2.700704033486545
14606,139456,1,0,2.6942819822579622
14607,139457,1,0,2.6632649824023247
14608,139458,1,0,2.6836529723368585
14609,139459,1,0,2.6878410135395825
14610,139460,1,0,2.678863995242864
14611,139461,1,0,2.683852973859757
14612,139462,1,0,2.6923389523290098
14613,139463,1,0,2.9331640107557178
14614,139464,1,0,2.6854659663513303
14615,139465,1,1,2.6701270253397524
14616,139466,1,0,2.695414994377643
14617,139467,1,0,2.702046011108905
14618,139468,1,0,2.8112989966757596
14619,139469,1,0,2.672661968972534
14620,139470,1,0,2.687920001335442
14621,139471,1,0,2.6792240096256137
14622,139472,1,0,2.677000011317432
14623,139473,1,0,2.6865379768423736
14624,139474,1,0,2.6947830338031054
14625,139475,1,0,2.679996017832309
14626,139476,1,0,2.6754169957712293
14627,139477,1,0,2.691738016437739
14628,139478,1,0,2.698861004319042
14629,139479,1,0,2.6829109992831945
14630,139480,1,0,2.685135987121612
14631,139481,1,0,2.6815279852598906
14632,139482,1,1,2.682871010620147
14633,139483,1,0,2.671870985068381
14634,139484,1,0,2.689783985260874
14635,139485,1,0,2.6921179960481822
14636,139486,1,0,2.676038013305515
14637,139487,1,0,2.68448400311172
14638,139488,1,0,2.6995519874617457
14639,139489,1,0,2.6956539950333536
14640,139490,1,0,2.67210096353665
14641,139491,1,0,2.6895939954556525
14642,139492,1,0,2.7004139847122133
14643,139493,1,0,2.6929189916700125
14644,139494,1,0,2.8075320296920836
14645,139495,1,0,2.762407995760441
14646,139496,1,0,2.6979289832524955
14647,139497,1,0,2.697216987144202
14648,139498,1,0,2.6887719868682325
14649,139499,1,1,2.705924038309604
14650,139500,1,0,2.699722012039274
14651,139501,1,0,2.6776609593071043
14652,139502,1,0,2.685184997972101
14653,139503,1,0,2.7234360459260643
14654,139504,1,0,2.7172539848834276
14655,139505,1,0,2.703338977880776
14656,139506,1,0,2.7244279626756907
14657,139507,1,0,2.6899840449914336
14658,139508,1,0,2.686226973310113
14659,139509,1,0,2.6904550031758845
14660,139510,1,0,2.7326539857313037
14661,139511,1,0,2.7324319817125797
14662,139512,1,0,2.6821389910764992
14663,139513,1,0,2.6733240229077637
14664,139514,1,0,2.7766349958255887
14665,139515,1,0,2.694452996365726
14666,139516,1,1,2.6896129711531103
14667,139517,1,0,2.6945730205625296
14668,139518,1,0,2.7030680212192237
14669,139519,1,0,2.691596979275346
14670,139520,1,0,2.6914459886029363
14671,139521,1,0,2.810927981045097
14672,139522,1,0,2.699801989365369
14673,139523,1,0,2.692818990908563
14674,139524,1,0,2.6762590277940035
14675,139525,1,0,2.6949230232276022
14676,139526,1,0,2.687839965801686
14677,139527,1,0,2.679564990103245
14678,139528,1,0,2.6720009627752006
14679,139529,1,0,2.6905049453489482
14680,139530,1,0,2.697098010685295
14681,139531,1,0,2.67531699500978
14682,139532,1,0,2.689974964596331
14683,139533,1,1,2.6838729972951114
14684,139534,1,0,2.694542985409498
14685,139535,1,0,2.676188014447689
14686,139536,1,0,2.6911869645118713
14687,139537,1,0,2.6892430032603443
14688,139538,1,0,2.6814989978447556
14689,139539,1,0,2.689414017368108
14690,139540,1,0,2.689783985260874
14691,139541,1,0,2.6850049616768956
14692,139542,1,0,2.6785130030475557
14693,139543,1,0,2.695132978260517
14694,139544,1,0,2.696445968467742
14695,139545,1,0,2.683352038729936
14696,139546,1,0,2.689934044610709
14697,139547,1,0,2.8216990176588297
14698,139548,1,0,2.7007940225303173
14699,139549,1,0,2.6862070080824196
14700,139550,1,1,2.6866479893215
14701,139551,1,0,2.6944230194203556
14702,139552,1,0,2.7004030416719615
14703,139553,1,0,2.6860259822569788
14704,139554,1,0,2.697969030123204
14705,139555,1,0,2.7044109883718193
14706,139556,1,0,2.778268011752516
14707,139557,1,0,2.6802659849636257
14708,139558,1,0,2.6985599542967975
14709,139559,1,0,2.6872589951381087
14710,139560,1,0,2.726631995756179
14711,139561,1,0,2.7100919978693128
14712,139562,1,0,2.6858560158871114
14713,139563,1,0,2.697777992580086
14714,139564,1,0,2.6902840472757816
14715,139565,1,0,2.689282991923392
14716,139566,1,0,2.6884510298259556
14717,139567,1,1,2.699571952689439
14718,139568,1,0,2.684344013687223
14719,139569,1,0,2.6973779895342886
14720,139570,1,0,2.701063989661634
14721,139571,1,0,2.6875800103880465
14722,139572,1,0,2.6865480467677116
14723,139573,1,0,2.7042810106649995
14724,139574,1,0,2.815035986714065
14725,139575,1,0,2.689643995836377
14726,139576,1,0,2.669445995707065
14727,139577,1,0,2.6913569890893996
14728,139578,1,0,2.6894029579125345
14729,139579,1,0,2.677811949979514
14730,139580,1,0,2.7134580304846168
14731,139581,1,0,2.694752998650074
14732,139582,1,0,2.6942120166495442
14733,139583,1,0,2.679664990864694
14734,139584,1,1,2.679425000678748
14735,139585,1,0,2.6853749877773225
14736,139586,1,0,2.6828909758478403
14737,139587,1,0,2.6887409621849656
14738,139588,1,0,2.6955450302921236
14739,139589,1,0,2.6926189893856645
14740,139590,1,0,2.670668007340282
14741,139591,1,0,2.681557962205261
14742,139592,1,0,2.697738993447274
14743,139593,1,0,2.683472994249314
14744,139594,1,0,2.687759988475591
14745,139595,1,0,2.6842840015888214
14746,139596,1,0,2.6833920273929834
14747,139597,1,0,2.669866953510791
14748,139598,1,0,2.696006034966558
14749,139599,1,0,2.694112015888095
14750,139600,1,0,2.8113489970564842
14751,139601,1,1,2.6703280163928866
14752,139602,1,0,2.6836630422621965
14753,139603,1,0,2.735908958129585
14754,139604,1,0,2.6923189871013165
14755,139605,1,0,2.696136012673378
14756,139606,1,0,2.688561042305082
14757,139607,1,0,2.68976396182552
14758,139608,1,0,2.6679530274122953
14759,139609,1,0,2.6904550031758845
14760,139610,1,0,2.695935021620244
14761,139611,1,0,2.6818690239451826
14762,139612,1,0,2.683783008251339
14763,139613,1,0,2.684944949578494
14764,139614,1,0,2.6906849816441536
14765,139615,1,0,2.674034971278161
14766,139616,1,0,2.6944620185531676
14767,139617,1,0,2.6931699831038713
14768,139618,1,1,2.6862870436161757
14769,139619,1,0,2.6802460197359324
14770,139620,1,0,2.6858070050366223
14771,139621,1,0,2.6876599877141416
14772,139622,1,0,2.66923604067415
14773,139623,1,0,2.7518689748831093
14774,139624,1,0,2.700763987377286
14775,139625,1,0,2.694052003789693
14776,139626,1,0,2.6774409925565124
14777,139627,1,0,2.8114389861002564
14778,139628,1,0,2.688971988391131
14779,139629,1,0,2.695874951314181
14780,139630,1,0,2.6626840117387474
14781,139631,1,0,2.69027502508834
14782,139632,1,0,2.6856359909288585
14783,139633,1,0,2.6817890466190875
14784,139634,1,0,2.687699976377189
14785,139635,1,1,2.702708006836474
14786,139636,1,0,2.68958299420774
14787,139637,1,0,2.6871589943766594
14788,139638,1,0,2.726201026234776
14789,139639,1,0,2.692948968615383
14790,139640,1,0,2.680776990018785
14791,139641,1,0,2.708028012420982
14792,139642,1,0,2.720751042943448
14793,139643,1,0,2.7021769783459604
14794,139644,1,0,2.7763639809563756
14795,139645,1,0,2.6808680268004537
14796,139646,1,0,2.684584993403405
14797,139647,1,0,2.6887819985859096
14798,139648,1,0,2.6721609756350517
14799,139649,1,0,2.6978979585692286
14800,139650,1,0,2.732633030973375
14801,139651,1,0,2.6833420270122588
14802,139652,1,1,2.6798250037245452
14803,139653,1,0,2.8163790120743215
14804,139654,1,0,2.6862769736908376
14805,139655,1,0,2.6824899832718074
14806,139656,1,0,2.665319014340639
14807,139657,1,0,2.6913469773717225
14808,139658,1,0,2.6905849808827043
14809,139659,1,0,2.672320988494903
14810,139660,1,0,2.6921890093944967
14811,139661,1,0,2.695233968552202
14812,139662,1,0,2.673602954018861
14813,139663,1,0,2.664247003849596
14814,139664,1,0,2.6891419547609985
14815,139665,1,0,2.6931100292131305
14816,139666,1,0,2.6712690014392138
14817,139667,1,0,2.6905760169029236
14818,139668,1,0,2.68728903029114
14819,139669,1,1,2.6740150060504675
14820,139670,1,0,2.6840430218726397
14821,139671,1,0,2.6970370090566576
14822,139672,1,0,2.694562019314617
14823,139673,1,0,2.680926991160959
14824,139674,1,0,2.745897974818945
14825,139675,1,0,2.698109019547701
14826,139676,1,0,2.6921379612758756
14827,139677,1,0,2.673484035767615
14828,139678,1,0,2.6936110225506127
14829,139679,1,0,2.6960550458170474
14830,139680,1,0,2.819994988385588
14831,139681,1,0,2.677912008948624
14832,139682,1,0,2.6975180371664464
14833,139683,1,0,2.693149959668517
14834,139684,1,0,2.6730719837360084
14835,139685,1,0,2.6787230162881315
14836,139686,1,1,2.6840129867196083
14837,139687,1,0,2.6847239932976663
14838,139688,1,0,2.6751169934868813
14839,139689,1,0,2.6903149555437267
14840,139690,1,0,2.690115012228489
14841,139691,1,0,2.6774099678732455
14842,139692,1,0,2.691648027393967
14843,139693,1,0,2.6856560143642128
14844,139694,1,0,2.688571985345334
14845,139695,1,0,2.666169952135533
14846,139696,1,0,2.6936809881590307
14847,139697,1,0,2.7609450044110417
14848,139698,1,0,2.687348984181881
14849,139699,1,0,2.66777299111709
14850,139700,1,0,2.696275943890214
14851,139701,1,0,2.690494991838932
14852,139702,1,0,2.682299993466586
14853,139703,1,1,2.6987800374627113
14854,139704,1,0,2.6963960262946784
14855,139705,1,0,2.6917170034721494
14856,139706,1,0,2.796811982989311
14857,139707,1,0,2.689432993065566
14858,139708,1,0,2.687348984181881
14859,139709,1,0,2.6860570069402456
14860,139710,1,0,2.6709689991548657
14861,139711,1,0,2.684494014829397
14862,139712,1,0,2.698711003176868
14863,139713,1,0,2.6847440167330205
14864,139714,1,0,2.691807982046157
14865,139715,1,0,2.693752001505345
14866,139716,1,0,2.683592028915882
14867,139717,1,0,2.6775309816002846
14868,139718,1,0,2.690985973458737
14869,139719,1,0,2.691276022233069
14870,139720,1,1,2.681478043086827
14871,139721,1,0,2.72261502686888
14872,139722,1,0,2.6782930362969637
14873,139723,1,0,2.6951530016958714
14874,139724,1,0,2.6735439896583557
14875,139725,1,0,2.697276999242604
14876,139726,1,0,2.6884209946729243
14877,139727,1,0,2.68044596305117
14878,139728,1,0,2.6916679926216602
14879,139729,1,0,2.6958449743688107
14880,139730,1,0,2.697899006307125
14881,139731,1,0,2.675867988727987
14882,139732,1,0,2.7057030238211155
14883,139733,1,0,2.816368010826409
14884,139734,1,0,2.686648047529161
14885,139735,1,0,2.6687749777920544
14886,139736,1,0,2.6993610081262887
14887,139737,1,1,2.6909260195679963
14888,139738,1,0,2.6757369632832706
14889,139739,1,0,2.685746003407985
14890,139740,1,0,2.695734961889684
14891,139741,1,0,2.6927689905278385
14892,139742,1,0,2.6805170346051455
14893,139743,1,0,2.6946529978886247
14894,139744,1,0,2.688971988391131
14895,139745,1,0,2.6863979874178767
14896,139746,1,0,2.6737740263342857
14897,139747,1,0,2.6852450100705028
14898,139748,1,0,2.696706971619278
14899,139749,1,0,2.680125995539129
14900,139750,1,0,2.6827009860426188
14901,139751,1,0,2.6823400403372943
14902,139752,1,0,2.678973018191755
14903,139753,1,0,2.673573966603726
14904,139754,1,1,2.6908860309049487
14905,139755,1,0,2.6925489655695856
14906,139756,1,0,2.682249993085861
14907,139757,1,0,2.6937309885397553
14908,139758,1,0,2.69512296654284
14909,139759,1,0,2.7014650404453278
14910,139760,1,0,2.809816040098667
14911,139761,1,0,2.6935210335068405
14912,139762,1,0,2.6960649993270636
14913,139763,1,0,2.6868280256167054
14914,139764,1,0,2.6692560059018433
14915,139765,1,0,2.6860370417125523
14916,139766,1,0,2.6928489678539336
14917,139767,1,0,2.6771410484798253
14918,139768,1,0,2.733264002017677
14919,139769,1,0,2.687749976757914
14920,139770,1,0,2.691285975743085
14921,139771,1,0,2.6793849538080394
14922,139772,1,1,2.6964860153384507
14923,139773,1,0,2.7087589842267334
14924,139774,1,0,2.6824299711734056
14925,139775,1,0,2.677780983503908
14926,139776,1,0,2.7075459947809577
14927,139777,1,0,2.6942320400848985
14928,139778,1,0,2.680066041648388
14929,139779,1,0,2.690874971449375
14930,139780,1,0,2.687940956093371
14931,139781,1,0,2.6908860309049487
14932,139782,1,0,2.675717987585813
14933,139783,1,0,2.689672983251512
14934,139784,1,0,2.7015049709007144
14935,139785,1,0,2.694692986551672
14936,139786,1,0,2.81295197783038
14937,139787,1,0,2.69079499412328
14938,139788,1,0,2.6935210335068405
14939,139789,1,1,2.6768699754029512
14940,139790,1,0,2.6830009883269668
14941,139791,1,0,2.7669870178215206
14942,139792,1,0,2.7073969831690192
14943,139793,1,0,2.6843230007216334
14944,139794,1,0,2.6948029990307987
14945,139795,1,0,2.6886919513344765
14946,139796,1,0,2.691446978133172
14947,139797,1,0,2.6788630057126284
14948,139798,1,0,2.6924789999611676
14949,139799,1,0,2.6914969785138965
14950,139800,1,0,2.6866780244745314
14951,139801,1,0,2.6870390283875167
14952,139802,1,0,2.6840840000659227
14953,139803,1,0,2.6886319974437356
14954,139804,1,0,2.676309028174728
14955,139805,1,0,2.696276002097875
14956,139806,1,1,2.683141967281699
14957,139807,1,0,2.6797649916261435
14958,139808,1,0,2.6871690060943365
14959,139809,1,0,2.693160029593855
14960,139810,1,0,2.695373957976699
14961,139811,1,0,2.6775620062835515
14962,139812,1,0,2.6981800328940153
14963,139813,1,0,2.8221089742146432
14964,139814,1,0,2.692499023396522
14965,139815,1,0,2.7833469794131815
14966,139816,1,0,2.69256898900494
14967,139817,1,0,2.6883009704761207
14968,139818,1,0,2.6932699838653207
14969,139819,1,0,2.6731530088
14970,139820,1,0,2.698739990592003
14971,139821,1,0,2.6959949755109847
14972,139822,1,0,2.6790540432557464
14973,139823,1,1,2.6832520379684865
14974,139824,1,0,2.7016359963454306
14975,139825,1,0,2.6824899832718074
14976,139826,1,0,2.672723028808832
14977,139827,1,0,2.6962460251525044
14978,139828,1,0,2.6887719868682325
14979,139829,1,0,2.6861369842663407
14980,139830,1,0,2.6797449681907892
14981,139831,1,0,2.6924589765258133
14982,139832,1,0,2.6915480266325176
14983,139833,1,0,2.666981949005276
14984,139834,1,0,2.6895730406977236
14985,139835,1,0,2.7012350037693977
14986,139836,1,0,2.685857005417347
14987,139837,1,0,2.6827899855561554
14988,139838,1,0,2.7372119948267937
14989,139839,1,0,2.828670956660062
14990,139840,1,1,2.6844440144486725
14991,139841,1,0,2.6862170198000968
14992,139842,1,0,2.686758991330862
14993,139843,1,0,2.6909459847956896
14994,139844,1,0,2.679575001820922
14995,139845,1,0,2.691888017579913
14996,139846,1,0,2.687759988475591
14997,139847,1,0,2.677501004654914
14998,139848,1,0,2.6836430188268423
14999,139849,1,0,2.69483303418383
15000,139850,1,0,2.6912069879472256
15001,139851,1,0,2.677962009329349
15002,139852,1,0,2.6919670053757727
15003,139853,1,0,2.6876399642787874
15004,139854,1,0,2.6800860068760812
15005,139855,1,0,2.6706180069595575
15006,139856,1,0,2.697307034395635
15007,139857,1,1,2.688993001356721
15008,139858,1,0,2.672671980690211
15009,139859,1,0,2.6946429861709476
15010,139860,1,0,2.689493994694203
15011,139861,1,0,2.6788529939949512
15012,139862,1,0,2.672101021744311
15013,139863,1,0,2.69537401618436
15014,139864,1,0,2.69717798801139
15015,139865,1,0,2.7984660118818283
15016,139866,1,0,2.6714190025813878
15017,139867,1,0,2.696085022762418
15018,139868,1,0,2.693411021027714
15019,139869,1,0,2.6794049772433937
15020,139870,1,0,2.6922289980575442
15021,139871,1,0,2.686969004571438
15022,139872,1,0,2.67771101789549
15023,139873,1,0,2.680456032976508
15024,139874,1,1,2.6849450077861547
15025,139875,1,0,2.6915569906122983
15026,139876,1,0,2.6782830245792866
15027,139877,1,0,2.6990610058419406
15028,139878,1,0,2.69635597942397
15029,139879,1,0,2.68986402079463
15030,139880,1,0,2.6705179479904473
15031,139881,1,0,2.6858460041694343
15032,139882,1,0,2.6915569906122983
15033,139883,1,0,2.688331005629152
15034,139884,1,0,2.691717993002385
15035,139885,1,0,2.695645031053573
15036,139886,1,0,2.6804060325957835
15037,139887,1,0,2.6792639982886612
15038,139888,1,0,2.6886709965765476
15039,139889,1,0,2.6890330482274294
15040,139890,1,0,2.6796949678100646
15041,139891,1,1,2.682240039575845
15042,139892,1,0,2.819304005242884
15043,139893,1,0,2.6865180116146803
15044,139894,1,0,2.672731992788613
15045,139895,1,0,2.6907059946097434
15046,139896,1,0,2.693560963962227
15047,139897,1,0,2.6878599892370403
15048,139898,1,0,2.6799360057339072
15049,139899,1,0,2.693690999876708
15050,139900,1,0,2.6991809718310833
15051,139901,1,0,2.684955019503832
15052,139902,1,0,2.685385989025235
15053,139903,1,0,2.6839319616556168
15054,139904,1,0,2.696426003240049
15055,139905,1,0,2.6788240065798163
15056,139906,1,0,2.6866479893215
15057,139907,1,0,2.6957649970427155
15058,139908,1,1,2.6799360057339072
15059,139909,1,0,2.7401369879953563
15060,139910,1,0,2.6907759602181613
15061,139911,1,0,2.6845340034924448
15062,139912,1,0,2.6866680127568543
15063,139913,1,0,2.6833220035769045
15064,139914,1,0,2.695564995519817
15065,139915,1,0,2.6799149927683175
15066,139916,1,0,2.6759780012071133
15067,139917,1,0,2.691125962883234
15068,139918,1,0,2.808583958540112
15069,139919,1,0,2.6715800049714744
15070,139920,1,0,2.670368005055934
15071,139921,1,0,2.6879499782808125
15072,139922,1,0,2.689302957151085
15073,139923,1,0,2.6773010031320155
15074,139924,1,0,2.722584002185613
15075,139925,1,1,2.689603017643094
15076,139926,1,0,2.670688962098211
15077,139927,1,0,2.674526011105627
15078,139928,1,0,2.6949740131385624
15079,139929,1,0,2.6855759788304567
15080,139930,1,0,2.6825310196727514
15081,139931,1,0,2.6895729824900627
15082,139932,1,0,2.7069960488006473
15083,139933,1,0,2.7250390266999602
15084,139934,1,0,2.669385983608663
15085,139935,1,0,2.6841930230148137
15086,139936,1,0,2.6828100089915097
15087,139937,1,0,2.678253047633916
15088,139938,1,0,2.6955949724651873
15089,139939,1,0,2.7401570114307106
15090,139940,1,0,2.7407279703766108
15091,139941,1,0,2.717245020903647
15092,139942,1,1,2.733274013735354
15093,139943,1,0,2.7354080229997635
15094,139944,1,0,2.702436991967261
15095,139945,1,0,2.8346420149318874
15096,139946,1,0,2.676920033991337
15097,139947,1,0,2.6966669829562306
15098,139948,1,0,2.692579000722617
15099,139949,1,0,2.6832520379684865
15100,139950,1,0,2.7050020289607346
15101,139951,1,0,2.7327529969625175
15102,139952,1,0,2.700212993659079
15103,139953,1,0,2.6846739929169416
15104,139954,1,0,2.700954966712743
15105,139955,1,0,2.690976019948721
15106,139956,1,0,2.753952983766794
15107,139957,1,0,2.7103020111098886
15108,139958,1,0,2.7370909810997546
15109,139959,1,1,2.716101997066289
15110,139960,1,0,2.744565950706601
15111,139961,1,0,2.725931000895798
15112,139962,1,0,2.714179048780352
15113,139963,1,0,2.6899640215560794
15114,139964,1,0,2.68566602608189
15115,139965,1,0,2.706444007344544
15116,139966,1,0,2.740688039921224
15117,139967,1,0,2.7188180247321725
15118,139968,1,0,2.732123015448451
15119,139969,1,0,2.6860770303756
15120,139970,1,0,2.7337949723005295
15121,139971,1,0,2.9013159801252186
15122,139972,1,0,2.6933509507216513
15123,139973,1,0,2.6862769736908376
15124,139974,1,0,2.701264980714768
15125,139975,1,0,2.6958449743688107
15126,139976,1,1,2.6845340034924448
15127,139977,1,0,2.6966469595208764
15128,139978,1,0,2.7154810377396643
15129,139979,1,0,2.7004930307157338
15130,139980,1,0,2.733395027462393
15131,139981,1,0,2.693971968255937
15132,139982,1,0,2.727053011767566
15133,139983,1,0,2.688971988391131
15134,139984,1,0,2.6811379939317703
15135,139985,1,0,2.734597015660256
15136,139986,1,0,2.7107230271212757
15137,139987,1,0,2.7261910145170987
15138,139988,1,0,2.6817090110853314
15139,139989,1,0,2.6881310041062534
15140,139990,1,0,2.7217030292376876
15141,139991,1,0,2.7051219949498773
15142,139992,1,0,2.683422004338354
15143,139993,1,1,2.6974580250680447
15144,139994,1,0,2.716342976782471
15145,139995,1,0,2.6851349975913763
15146,139996,1,0,2.689213026314974
15147,139997,1,0,2.7130169910378754
15148,139998,1,0,2.8339609852992
15149,139999,1,0,2.7061040163971484
15150,140000,1,0,2.711112960241735
15151,140001,1,0,2.6912770117633045
15152,140002,1,0,2.6981100090779364
15153,140003,1,0,2.738845010753721
15154,140004,1,0,2.708087966311723
15155,140005,1,0,2.704711980186403
15156,140006,1,0,2.7330039883963764
15157,140007,1,0,2.700694021768868
15158,140008,1,0,2.6817379985004663
15159,140009,1,0,2.727122977375984
15160,140010,1,1,2.721542026847601
15161,140011,1,0,2.6863469975069165
15162,140012,1,0,2.6963159907609224
15163,140013,1,0,2.711534034460783
15164,140014,1,0,2.710673026740551
15165,140015,1,0,2.720310993026942
15166,140016,1,0,2.7134169940836728
15167,140017,1,0,2.7170450193807483
15168,140018,1,0,2.695725008379668
15169,140019,1,0,2.6823600055649877
15170,140020,1,0,2.697548014111817
15171,140021,1,0,2.6913670008070767
15172,140022,1,0,2.6864579995162785
15173,140023,1,0,2.686727966647595
15174,140024,1,0,2.883312990888953
15175,140025,1,0,2.699792035855353
15176,140026,1,0,2.7509070350788534
15177,140027,1,1,2.690996043384075
15178,140028,1,0,2.7115039993077517
15179,140029,1,0,2.6971069746650755
15180,140030,1,0,2.6928000152111053
15181,140031,1,0,2.6830819551832974
15182,140032,1,0,2.7127169887535274
15183,140033,1,0,2.7023570146411657
15184,140034,1,0,2.6918479707092047
15185,140035,1,0,2.6974580250680447
15186,140036,1,0,2.6982600102201104
15187,140037,1,0,2.701395016629249
15188,140038,1,0,2.6866479893215
15189,140039,1,0,2.6967470184899867
15190,140040,1,0,2.6953539927490056
15191,140041,1,0,2.6964159915223718
15192,140042,1,0,2.6758580352179706
15193,140043,1,0,2.701045013964176
15194,140044,1,1,2.696505980566144
15195,140045,1,0,2.679654979147017
15196,140046,1,0,2.6774309808388352
15197,140047,1,0,2.68935295753181
15198,140048,1,0,2.688721986487508
15199,140049,1,0,2.740046998951584
15200,140050,1,0,2.69932096125558
15201,140051,1,0,2.805588999763131
15202,140052,1,0,2.6884620310738683
15203,140053,1,0,2.6608399930410087
15204,140054,1,0,2.6874589966610074
15205,140055,1,0,2.6964860153384507
15206,140056,1,0,2.680296020116657
15207,140057,1,0,2.6769599644467235
15208,140058,1,0,2.703690028283745
15209,140059,1,0,2.6930089807137847
15210,140060,1,0,2.68244999460876
15211,140061,1,1,2.6979190297424793
15212,140062,1,0,2.689372980967164
15213,140063,1,0,2.7047620387747884
15214,140064,1,0,2.690093999262899
15215,140065,1,0,2.6950740139000118
15216,140066,1,0,2.694823022466153
15217,140067,1,0,2.67518701730296
15218,140068,1,0,2.68788100220263
15219,140069,1,0,2.6865379768423736
15220,140070,1,0,2.6861969963647425
15221,140071,1,0,2.6784929796122015
15222,140072,1,0,2.6985909789800644
15223,140073,1,0,2.697818970773369
15224,140074,1,0,2.6786929811351
15225,140075,1,0,2.6864870451390743
15226,140076,1,0,2.6955449720844626
15227,140077,1,0,2.815928019117564
15228,140078,1,0,2.6804060325957835
15229,140079,1,1,2.687550033442676
15230,140080,1,0,2.6897439965978265
15231,140081,1,0,2.6939220260828733
15232,140082,1,0,2.6647470076568425
15233,140083,1,0,2.6866080006584525
15234,140084,1,0,2.685926971025765
15235,140085,1,0,2.6873290189541876
15236,140086,1,0,2.6884519611485302
15237,140087,1,0,2.6861769729293883
15238,140088,1,0,2.686787978745997
15239,140089,1,0,2.6763579808175564
15240,140090,1,0,2.690756053198129
15241,140091,1,0,2.6910260203294456
15242,140092,1,0,2.681118028704077
15243,140093,1,0,2.6795250014401972
15244,140094,1,0,2.6902949903160334
15245,140095,1,0,2.6777120074257255
15246,140096,1,1,2.674695977475494
15247,140097,1,0,2.6917869690805674
15248,140098,1,0,2.6830610004253685
15249,140099,1,0,2.6861169608309865
15250,140100,1,0,2.695534029044211
15251,140101,1,0,2.6801660424098372
15252,140102,1,0,2.68824101658538
15253,140103,1,0,2.673854003660381
15254,140104,1,0,2.8124210075475276
15255,140105,1,0,2.690905996132642
15256,140106,1,0,2.6904140249826014
15257,140107,1,0,2.66962603200227
15258,140108,1,0,2.688191016204655
15259,140109,1,0,2.6903850375674665
15260,140110,1,0,2.6782630011439323
15261,140111,1,0,2.6824100059457123
15262,140112,1,0,2.6876299525611103
15263,140113,1,1,2.6971769984811544
15264,140114,1,0,2.678352000657469
15265,140115,1,0,2.6840930222533643
15266,140116,1,0,2.6874890318140388
15267,140117,1,0,2.686958003323525
15268,140118,1,0,2.6896329945884645
15269,140119,1,0,2.6839629863388836
15270,140120,1,0,2.693229995202273
15271,140121,1,0,2.676439005881548
15272,140122,1,0,2.692088019102812
15273,140123,1,0,2.687459986191243
15274,140124,1,0,2.6780119515024126
15275,140125,1,0,2.6833220035769045
15276,140126,1,0,2.674926014151424
15277,140127,1,0,2.6857060147449374
15278,140128,1,0,2.670797985047102
15279,140129,1,0,2.6875389739871025
15280,140130,1,1,2.8092850116081536
15281,140131,1,0,2.6731729740276933
15282,140132,1,0,2.6773500139825046
15283,140133,1,0,2.682400052435696
15284,140134,1,0,2.6762390043586493
15285,140135,1,0,2.6736939908005297
15286,140136,1,0,2.7019670233130455
15287,140137,1,0,2.6885310071520507
15288,140138,1,0,2.6897030184045434
15289,140139,1,0,2.6877789641730487
15290,140140,1,0,2.6973269996233284
15291,140141,1,0,2.7481320430524647
15292,140142,1,0,2.7232160209678113
15293,140143,1,0,2.688049979042262
15294,140144,1,0,2.698059019166976
15295,140145,1,0,2.6892030145972967
15296,140146,1,0,2.6690650265663862
15297,140147,1,1,2.695073955692351
15298,140148,1,0,2.6939010131172836
15299,140149,1,0,2.6835519820451736
15300,140150,1,0,2.683641971088946
15301,140151,1,0,2.693519985768944
15302,140152,1,0,2.6959649985656142
15303,140153,1,0,2.690805005840957
15304,140154,1,0,2.6890220469795167
15305,140155,1,0,2.694662951398641
15306,140156,1,0,2.691387024242431
15307,140157,1,0,2.810657024383545
15308,140158,1,0,2.6875900221057236
15309,140159,1,0,2.694513008464128
15310,140160,1,0,2.6959659880958498
15311,140161,1,0,2.677551005035639
15312,140162,1,0,2.6866880361922085
15313,140163,1,0,2.695474016945809
15314,140164,1,1,2.6807370013557374
15315,140165,1,0,2.6876299525611103
15316,140166,1,0,2.6981100090779364
15317,140167,1,0,2.7334850165061653
15318,140168,1,0,2.6706880307756364
15319,140169,1,0,2.692289010155946
15320,140170,1,0,2.6890630251728
15321,140171,1,0,2.687488973606378
15322,140172,1,0,2.686708001419902
15323,140173,1,0,2.6942919939756393
15324,140174,1,0,2.6932000182569027
15325,140175,1,0,2.685685991309583
15326,140176,1,0,2.694813010748476
15327,140177,1,0,2.690294000785798
15328,140178,1,0,2.6811269926838577
15329,140179,1,0,2.683282014913857
15330,140180,1,0,2.693331043701619
15331,140181,1,1,2.701795950997621
15332,140182,1,0,2.6991309714503586
15333,140183,1,0,2.81173997791484
15334,140184,1,0,2.688160981051624
15335,140185,1,0,2.6859570061787963
15336,140186,1,0,2.6800860068760812
15337,140187,1,0,2.6857570046558976
15338,140188,1,0,2.695945033337921
15339,140189,1,0,2.6842340012080967
15340,140190,1,0,2.7850399492308497
15341,140191,1,0,2.6809569681063294
15342,140192,1,0,2.681448997464031
15343,140193,1,0,2.675867988727987
15344,140194,1,0,2.6769699761644006
15345,140195,1,0,2.6815690216608346
15346,140196,1,0,2.6738140149973333
15347,140197,1,0,2.6677229907363653
15348,140198,1,1,2.6785529917106032
15349,140199,1,0,2.685334999114275
15350,140200,1,0,2.6815080200321972
15351,140201,1,0,2.6839119964279234
15352,140202,1,0,2.6882310048677027
15353,140203,1,0,2.6876190095208585
15354,140204,1,0,2.6746660005301237
15355,140205,1,0,2.6946529978886247
15356,140206,1,0,2.697118034120649
15357,140207,1,0,2.6886810082942247
15358,140208,1,0,2.688000036869198
15359,140209,1,0,2.6987309684045613
15360,140210,1,0,2.8171989833936095
15361,140211,1,0,2.6862869854085147
15362,140212,1,0,2.6760679902508855
15363,140213,1,0,2.69419199321419
15364,140214,1,0,2.7094599790871143
15365,140215,1,1,2.6715100393630564
15366,140216,1,0,2.6869290159083903
15367,140217,1,0,2.691126021090895
15368,140218,1,0,2.6799460174515843
15369,140219,1,0,2.678793971426785
15370,140220,1,0,2.694262017030269
15371,140221,1,0,2.698589989449829
15372,140222,1,0,2.6935810456052423
15373,140223,1,0,2.69419199321419
15374,140224,1,0,2.7041799621656537
15375,140225,1,0,2.704871993046254
15376,140226,1,0,2.6780120097100735
15377,140227,1,0,2.6899540098384023
15378,140228,1,0,2.698889991734177
15379,140229,1,0,2.6899840449914336
15380,140230,1,0,2.6961250114254653
15381,140231,1,0,2.7024869923479855
15382,140232,1,1,2.695794973988086
15383,140233,1,0,2.6945819845423102
15384,140234,1,0,2.6990509941242635
15385,140235,1,0,2.7018359978683293
15386,140236,1,0,2.8323180158622563
15387,140237,1,0,2.691306988708675
15388,140238,1,0,2.689163025934249
15389,140239,1,0,2.6886810082942247
15390,140240,1,0,2.7031589997932315
15391,140241,1,0,2.6770300464704633
15392,140242,1,0,2.6938709779642522
15393,140243,1,0,2.694402006454766
15394,140244,1,0,2.684494014829397
15395,140245,1,0,2.6853460003621876
15396,140246,1,0,2.686477964743972
15397,140247,1,0,2.6895739720202982
15398,140248,1,0,2.6769599644467235
15399,140249,1,1,2.6910759625025094
15400,140250,1,0,2.692289010155946
15401,140251,1,0,2.6779319741763175
15402,140252,1,0,2.691728004720062
15403,140253,1,0,2.6953950291499496
15404,140254,1,0,2.6890930021181703
15405,140255,1,0,2.6743749622255564
15406,140256,1,0,2.692648966331035
15407,140257,1,0,2.701345016248524
15408,140258,1,0,2.6861969963647425
15409,140259,1,0,2.6939609670080245
15410,140260,1,0,2.690745983272791
15411,140261,1,0,2.7379129896871746
15412,140262,1,0,2.6845840038731694
15413,140263,1,0,2.813082013744861
15414,140264,1,0,2.7027680189348757
15415,140265,1,0,2.7068849885836244
15416,140266,1,1,2.685405022930354
15417,140267,1,0,2.6947029982693493
15418,140268,1,0,2.6956439833156765
15419,140269,1,0,2.6962559786625206
15420,140270,1,0,2.67735100351274
15421,140271,1,0,2.7004340081475675
15422,140272,1,0,2.6967270532622933
15423,140273,1,0,2.692808979190886
15424,140274,1,0,2.6910160086117685
15425,140275,1,0,2.693069982342422
15426,140276,1,0,2.6854960015043616
15427,140277,1,0,2.6903650141321123
15428,140278,1,0,2.697056974284351
15429,140279,1,0,2.6915670023299754
15430,140280,1,0,2.685265033505857
15431,140281,1,0,2.6717499713413417
15432,140282,1,0,2.6939219678752124
15433,140283,1,1,2.700042037758976
15434,140284,1,0,2.757709997240454
15435,140285,1,0,2.687609987333417
15436,140286,1,0,2.6896640192717314
15437,140287,1,0,2.677780983503908
15438,140288,1,0,2.6821999927051365
15439,140289,1,0,2.8317770338617265
15440,140290,1,0,2.6996820233762264
15441,140291,1,0,2.68489500740543
15442,140292,1,0,2.675536961760372
15443,140293,1,0,2.6954049826599658
15444,140294,1,0,2.691126021090895
15445,140295,1,0,2.6866369880735874
15446,140296,1,0,2.6829109992831945
15447,140297,1,0,2.7064449968747795
15448,140298,1,0,2.6881099911406636
15449,140299,1,0,2.679856028407812
15450,140300,1,1,2.694533031899482
15451,140301,1,0,2.6895939954556525
15452,140302,1,0,2.679163997527212
15453,140303,1,0,2.680305973626673
15454,140304,1,0,2.693579997867346
15455,140305,1,0,2.696515992283821
15456,140306,1,0,2.6867679553106427
15457,140307,1,0,2.6903950492851436
15458,140308,1,0,2.686858002562076
15459,140309,1,0,2.6939120143651962
15460,140310,1,0,2.6850150316022336
15461,140311,1,0,2.6885319966822863
15462,140312,1,0,2.699351985938847
15463,140313,1,0,2.682239981368184
15464,140314,1,0,2.689313027076423
15465,140315,1,0,2.698129042983055
15466,140316,1,0,2.811398997437209
15467,140317,1,1,2.6840539649128914
15468,140318,1,0,2.6879700017161667
15469,140319,1,0,2.6970370090566576
15470,140320,1,0,2.6944620185531676
15471,140321,1,0,2.6682839961722493
15472,140322,1,0,2.687429019715637
15473,140323,1,0,2.6939009549096227
15474,140324,1,0,2.687358995899558
15475,140325,1,0,2.682230027858168
15476,140326,1,0,2.6907760184258223
15477,140327,1,0,2.684824983589351
15478,140328,1,0,2.6739739696495235
15479,140329,1,0,2.695453993510455
15480,140330,1,0,2.685114974156022
15481,140331,1,0,2.784028009045869
15482,140332,1,0,2.689372980967164
15483,140333,1,0,2.6929399464279413
15484,140334,1,1,2.694763010367751
15485,140335,1,0,2.6755270082503557
15486,140336,1,0,2.677822019904852
15487,140337,1,0,2.684133010916412
15488,140338,1,0,2.682460006326437
15489,140339,1,0,2.6682530296966434
15490,140340,1,0,2.6923679979518056
15491,140341,1,0,2.690634981263429
15492,140342,1,0,2.8123699594289064
15493,140343,1,0,2.6662200107239187
15494,140344,1,0,2.6911270106211305
15495,140345,1,0,2.6817990001291037
15496,140346,1,0,2.6748160016722977
15497,140347,1,0,2.6793149881996214
15498,140348,1,0,2.6870390283875167
15499,140349,1,0,2.6746559888124466
15500,140350,1,0,2.6632549706846476
15501,140351,1,1,2.681759011466056
15502,140352,1,0,2.6790740084834397
15503,140353,1,0,2.6797849568538368
15504,140354,1,0,2.683902974240482
15505,140355,1,0,2.684254024643451
15506,140356,1,0,2.6831920258700848
15507,140357,1,0,2.6803259970620275
15508,140358,1,0,2.6867790147662163
15509,140359,1,0,2.6908059953711927
15510,140360,1,0,2.666641026735306
15511,140361,1,0,2.6909359730780125
15512,140362,1,0,2.682641032151878
15513,140363,1,0,2.673873968888074
15514,140364,1,0,2.6904650148935616
15515,140365,1,0,2.6894829934462905
15516,140366,1,0,2.684574050363153
15517,140367,1,0,2.6799659826792777
15518,140368,1,1,2.6963959680870175
15519,140369,1,0,2.8174209874123335
15520,140370,1,0,2.687400032300502
15521,140371,1,0,2.701656019780785
15522,140372,1,0,2.690644992981106
15523,140373,1,0,2.7142890030518174
15524,140374,1,0,2.6684150216169655
15525,140375,1,0,2.669055014848709
15526,140376,1,0,2.6947130099870265
15527,140377,1,0,2.7025979943573475
15528,140378,1,0,2.6764189824461937
15529,140379,1,0,2.6899839867837727
15530,140380,1,0,2.6843040250241756
15531,140381,1,0,2.674295043107122
15532,140382,1,0,2.6745350332930684
15533,140383,1,0,2.6914069894701242
15534,140384,1,0,2.6959949755109847
15535,140385,1,1,2.681348007172346
15536,140386,1,0,2.6864579995162785
15537,140387,1,0,2.6831119903363287
15538,140388,1,0,2.682249993085861
15539,140389,1,0,2.6670510414987803
15540,140390,1,0,2.701746008824557
15541,140391,1,0,2.69321002997458
15542,140392,1,0,2.683582017198205
15543,140393,1,0,2.6873789611272514
15544,140394,1,0,2.691526955459267
15545,140395,1,0,2.8146959957666695
15546,140396,1,0,2.6705689961090684
15547,140397,1,0,2.6915569906122983
15548,140398,1,0,2.6836730539798737
15549,140399,1,0,2.681567973922938
15550,140400,1,0,2.686146995984018
15551,140401,1,0,2.6936610229313374
15552,140402,1,0,2.702948055230081
15553,140403,1,1,2.6912959874607623
15554,140404,1,0,2.691648027393967
15555,140405,1,0,2.6890220469795167
15556,140406,1,0,2.6874089962802827
15557,140407,1,0,2.678672957699746
15558,140408,1,0,2.688091015443206
15559,140409,1,0,2.687129017431289
15560,140410,1,0,2.682399994228035
15561,140411,1,0,2.681717975065112
15562,140412,1,0,2.6911059976555407
15563,140413,1,0,2.687609987333417
15564,140414,1,0,2.6800860068760812
15565,140415,1,0,2.69342097453773
15566,140416,1,0,2.6988000026904047
15567,140417,1,0,2.6905059930868447
15568,140418,1,0,2.682620019186288
15569,140419,1,0,2.7042709989473224
15570,140420,1,1,2.688511973246932
15571,140421,1,0,2.679084020201117
15572,140422,1,0,2.802722970955074
15573,140423,1,0,2.6917579816654325
15574,140424,1,0,2.6855559553951025
15575,140425,1,0,2.673142997082323
15576,140426,1,0,2.6845840038731694
15577,140427,1,0,2.6866479893215
15578,140428,1,0,2.6852250448428094
15579,140429,1,0,2.677009964827448
15580,140430,1,0,2.6818590122275054
15581,140431,1,0,2.6887120329774916
15582,140432,1,0,2.66643101349473
15583,140433,1,0,2.6814689626917243
15584,140434,1,0,2.678913006093353
15585,140435,1,0,2.67420505406335
15586,140436,1,0,2.6941620162688196
15587,140437,1,1,2.6927790022455156
15588,140438,1,0,2.686357998754829
15589,140439,1,0,2.671330003067851
15590,140440,1,0,2.690766006708145
15591,140441,1,0,2.6868380373343825
15592,140442,1,0,2.6794439763762057
15593,140443,1,0,2.688671986106783
15594,140444,1,0,2.6927499566227198
15595,140445,1,0,2.695314004085958
15596,140446,1,0,2.681557962205261
15597,140447,1,0,2.698398951906711
15598,140448,1,0,2.8277389938011765
15599,140449,1,0,2.740497002378106
15600,140450,1,0,2.6824899832718074
15601,140451,1,0,2.6819389895536005
15602,140452,1,0,2.693630987778306
15603,140453,1,0,2.6900439988821745
15604,140454,1,1,2.6795140001922846
15605,140455,1,0,2.6977479574270546
15606,140456,1,0,2.6966059813275933
15607,140457,1,0,2.683511993382126
15608,140458,1,0,2.6867479900829494
15609,140459,1,0,2.6942120166495442
15610,140460,1,0,2.6842040242627263
15611,140461,1,0,2.6764990179799497
15612,140462,1,0,2.7006639866158366
15613,140463,1,0,2.6919780066236854
15614,140464,1,0,2.6776919839903712
15615,140465,1,0,2.6878099888563156
15616,140466,1,0,2.6878000353462994
15617,140467,1,0,2.6853159652091563
15618,140468,1,0,2.668494009412825
15619,140469,1,0,2.6969569735229015
15620,140470,1,0,2.6921379612758756
15621,140471,1,1,2.682470018044114
15622,140472,1,0,2.6870190049521625
15623,140473,1,0,2.70413001999259
15624,140474,1,0,2.692077949177474
15625,140475,1,0,2.8095259913243353
15626,140476,1,0,2.6920679956674576
15627,140477,1,0,2.6905860286206007
15628,140478,1,0,2.7036599931307137
15629,140479,1,0,2.668905013706535
15630,140480,1,0,2.6918179937638342
15631,140481,1,0,2.689373039174825
15632,140482,1,0,2.6790740084834397
15633,140483,1,0,2.6866780244745314
15634,140484,1,0,2.6937310467474163
15635,140485,1,0,2.6878310018219054
15636,140486,1,0,2.663814986590296
15637,140487,1,0,2.694481983780861
15638,140488,1,1,2.6945529971271753
15639,140489,1,0,2.6901449891738594
15640,140490,1,0,2.6888319989666343
15641,140491,1,0,2.6906649582087994
15642,140492,1,0,2.701906953006983
15643,140493,1,0,2.6799560291692615
15644,140494,1,0,2.694352006074041
15645,140495,1,0,2.6830010465346277
15646,140496,1,0,2.684544015210122
15647,140497,1,0,2.6834119926206768
15648,140498,1,0,2.694612951017916
15649,140499,1,0,2.698128984775394
15650,140500,1,0,2.6997820241376758
15651,140501,1,0,2.8131820145063102
15652,140502,1,0,2.6906250277534127
15653,140503,1,0,2.69432197092101
15654,140504,1,0,2.6900239754468203
15655,140505,1,1,2.688442007638514
15656,140506,1,0,2.6980689726769924
15657,140507,1,0,2.6902849785983562
15658,140508,1,0,2.674916002433747
15659,140509,1,0,2.6889830478467047
15660,140510,1,0,2.687379950657487
15661,140511,1,0,2.6810080162249506
15662,140512,1,0,2.684554026927799
15663,140513,1,0,2.6886819978244603
15664,140514,1,0,2.6947130099870265
15665,140515,1,0,2.672442002221942
15666,140516,1,0,2.6858969940803945
15667,140517,1,0,2.6881899684667587
15668,140518,1,0,2.6892430032603443
15669,140519,1,0,2.78135301778093
15670,140520,1,0,2.7148909866809845
15671,140521,1,0,2.6962050469592214
15672,140522,1,1,2.6873289607465267
15673,140523,1,0,2.6804470107890666
15674,140524,1,0,2.689213026314974
15675,140525,1,0,2.6881200028583407
15676,140526,1,0,2.67331296345219
15677,140527,1,0,2.690644992981106
15678,140528,1,0,2.8099860064685345
15679,140529,1,0,2.6899639633484185
15680,140530,1,0,2.666731015779078
15681,140531,1,0,2.684334001969546
15682,140532,1,0,2.691185974981636
15683,140533,1,0,2.686637977603823
15684,140534,1,0,2.68203899031505
15685,140535,1,0,2.6869589928537607
15686,140536,1,0,2.692798967473209
15687,140537,1,0,2.666721004061401
15688,140538,1,0,2.6873089955188334
15689,140539,1,1,2.6832419680431485
15690,140540,1,0,2.6819900376722217
15691,140541,1,0,2.688731998205185
15692,140542,1,0,2.6811579591594636
15693,140543,1,0,2.727994986344129
15694,140544,1,0,2.669615962076932
15695,140545,1,0,2.6914660120382905
15696,140546,1,0,2.682760008610785
15697,140547,1,0,2.6729219825938344
15698,140548,1,0,2.688341017346829
15699,140549,1,0,2.69297999329865
15700,140550,1,0,2.6833919691853225
15701,140551,1,0,2.6756279985420406
15702,140552,1,0,2.7015149826183915
15703,140553,1,0,2.6879700017161667
15704,140554,1,0,2.8096759924665093
15705,140555,1,0,2.673372975550592
15706,140556,1,1,2.692088019102812
15707,140557,1,0,2.681278041563928
15708,140558,1,0,2.669946989044547
15709,140559,1,0,2.695003990083933
15710,140560,1,0,2.6881099911406636
15711,140561,1,0,2.6903949910774827
15712,140562,1,0,2.671279013156891
15713,140563,1,0,2.6873190072365105
15714,140564,1,0,2.6902739773504436
15715,140565,1,0,2.6765699731186032
15716,140566,1,0,2.7362999971956015
15717,140567,1,0,2.6878800126723945
15718,140568,1,0,2.6929400046356022
15719,140569,1,0,2.675717987585813
15720,140570,1,0,2.7014960069209337
15721,140571,1,0,2.704140031710267
15722,140572,1,0,2.684473991394043
15723,140573,1,1,2.6880110381171107
15724,140574,1,0,2.6874589966610074
15725,140575,1,0,2.7000829577445984
15726,140576,1,0,2.684704028069973
15727,140577,1,0,2.6889419532381
15728,140578,1,0,2.689003013074398
15729,140579,1,0,2.684254024643451
15730,140580,1,0,2.677962009329349
15731,140581,1,0,2.8200250235386193
15732,140582,1,0,2.6903949910774827
15733,140583,1,0,2.68391304416582
15734,140584,1,0,2.675717987585813
15735,140585,1,0,2.6912869652733207
15736,140586,1,0,2.6846739929169416
15737,140587,1,0,2.6774510042741895
15738,140588,1,0,2.6923890109173954
15739,140589,1,0,2.6955740177072585
15740,140590,1,1,2.7182159828953445
15741,140591,1,0,2.6692249812185764
15742,140592,1,0,2.6967160520143807
15743,140593,1,0,2.6851550210267305
15744,140594,1,0,2.684104023501277
15745,140595,1,0,2.679915982298553
15746,140596,1,0,2.70377000560984
15747,140597,1,0,2.695153991226107
15748,140598,1,0,2.668354019988328
15749,140599,1,0,2.6919679949060082
15750,140600,1,0,2.686787978745997
15751,140601,1,0,2.672271046321839
15752,140602,1,0,2.6831409777514637
15753,140603,1,0,2.6815489982254803
15754,140604,1,0,2.6937309885397553
15755,140605,1,0,2.6677229907363653
15756,140606,1,0,2.6906850398518145
15757,140607,1,1,2.81279202317819
15758,140608,1,0,2.7004839503206313
15759,140609,1,0,2.6773710269480944
15760,140610,1,0,2.6837119949050248
15761,140611,1,0,2.6907059946097434
15762,140612,1,0,2.67693999921903
15763,140613,1,0,2.6883510290645063
15764,140614,1,0,2.680627047084272
15765,140615,1,0,2.693770977202803
15766,140616,1,0,2.6647369959391654
15767,140617,1,0,2.6848739944398403
15768,140618,1,0,2.693079994060099
15769,140619,1,0,2.6772309793159366
15770,140620,1,0,2.691377012524754
15771,140621,1,0,2.6914269546978176
15772,140622,1,0,2.688020991627127
15773,140623,1,0,2.6720210444182158
15774,140624,1,1,2.7000829577445984
15775,140625,1,0,2.6837520417757332
15776,140626,1,0,2.6791139971464872
15777,140627,1,0,2.6916469796560705
15778,140628,1,0,2.6912569883279502
15779,140629,1,0,2.6898939977400005
15780,140630,1,0,2.6746660005301237
15781,140631,1,0,2.6959850220009685
15782,140632,1,0,2.699450997170061
15783,140633,1,0,2.685735991690308
15784,140634,1,0,2.811478974763304
15785,140635,1,0,2.692457986995578
15786,140636,1,0,2.6860469952225685
15787,140637,1,0,2.732782973907888
15788,140638,1,0,2.6773610152304173
15789,140639,1,0,2.6986499433405697
15790,140640,1,0,2.6864579995162785
15791,140641,1,1,2.6723910123109818
15792,140642,1,0,2.691327012144029
15793,140643,1,0,2.6886319974437356
15794,140644,1,0,2.70928000099957
15795,140645,1,0,2.6695969863794744
15796,140646,1,0,2.7273529558442533
15797,140647,1,0,2.733273955527693
15798,140648,1,0,2.6771900011226535
15799,140649,1,0,2.681117970496416
15800,140650,1,0,2.6895530172623694
15801,140651,1,0,2.682540041860193
15802,140652,1,0,2.665469015482813
15803,140653,1,0,2.689783985260874
15804,140654,1,0,2.685735991690308
15805,140655,1,0,2.6774409925565124
15806,140656,1,0,2.6907059946097434
15807,140657,1,0,2.689714019652456
15808,140658,1,1,2.69676698371768
15809,140659,1,0,2.671279013156891
15810,140660,1,0,2.8126309625804424
15811,140661,1,0,2.684874983970076
15812,140662,1,0,2.69109703367576
15813,140663,1,0,2.668623987119645
15814,140664,1,0,2.689613029360771
15815,140665,1,0,2.6923789991997182
15816,140666,1,0,2.673222974408418
15817,140667,1,0,2.696376002859324
15818,140668,1,0,2.7022470021620393
15819,140669,1,0,2.6945630088448524
15820,140670,1,0,2.689223038032651
15821,140671,1,0,2.699582022614777
15822,140672,1,0,2.695794973988086
15823,140673,1,0,2.685885992832482
15824,140674,1,0,2.6753070414997637
15825,140675,1,1,2.71167402388528
15826,140676,1,0,2.6908860309049487
15827,140677,1,0,2.687098050955683
15828,140678,1,0,2.6999430265277624
15829,140679,1,0,2.710963017307222
15830,140680,1,0,2.720750984735787
15831,140681,1,0,2.728555991780013
15832,140682,1,0,2.7044409653171897
15833,140683,1,0,2.7024869923479855
15834,140684,1,0,2.698609954677522
15835,140685,1,0,2.686546999029815
15836,140686,1,0,2.703459991607815
15837,140687,1,0,2.823221031576395
15838,140688,1,0,2.6977279921993613
15839,140689,1,0,2.6761479675769806
15840,140690,1,0,2.697708026971668
15841,140691,1,0,2.697759016882628
15842,140692,1,1,2.684975042939186
15843,140693,1,0,2.689182001631707
15844,140694,1,0,2.695324015803635
15845,140695,1,0,2.692519046831876
15846,140696,1,0,2.67987500410527
15847,140697,1,0,2.6958250091411173
15848,140698,1,0,2.693069982342422
15849,140699,1,0,2.6828310219570994
15850,140700,1,0,2.6916170027107
15851,140701,1,0,2.6932000182569027
15852,140702,1,0,2.690083987545222
15853,140703,1,0,2.6868279674090445
15854,140704,1,0,2.6941009564325213
15855,140705,1,0,2.6882209931500256
15856,140706,1,0,2.6977579691447318
15857,140707,1,0,2.6970169856213033
15858,140708,1,0,2.7126159984618425
15859,140709,1,0,2.6972080231644213
15860,140710,1,1,2.6740049943327904
15861,140711,1,0,2.680776990018785
15862,140712,1,0,2.694613009225577
15863,140713,1,0,2.826576994266361
15864,140714,1,0,2.6785630034282804
15865,140715,1,0,2.689072978682816
15866,140716,1,0,2.685675979591906
15867,140717,1,0,2.6906149578280747
15868,140718,1,0,2.6814679731614888
15869,140719,1,0,2.691537025384605
15870,140720,1,0,2.6937309885397553
15871,140721,1,0,2.6804369990713894
15872,140722,1,0,2.6855249889194965
15873,140723,1,0,2.686268009711057
15874,140724,1,0,2.691557048819959
15875,140725,1,0,2.752299013081938
15876,140726,1,0,2.6899839867837727
15877,140727,1,1,2.700042969081551
15878,140728,1,0,2.6894130278378725
15879,140729,1,0,2.6729520177468657
15880,140730,1,0,2.694332040846348
15881,140731,1,0,2.7297380147501826
15882,140732,1,0,2.6905149570666254
15883,140733,1,0,2.6808769907802343
15884,140734,1,0,2.6861269725486636
15885,140735,1,0,2.6857060147449374
15886,140736,1,0,2.668975037522614
15887,140737,1,0,2.6971069746650755
15888,140738,1,0,2.7024769806303084
15889,140739,1,0,2.6919979718513787
15890,140740,1,0,2.810778038110584
15891,140741,1,0,2.6942919939756393
15892,140742,1,0,2.6829810230992734
15893,140743,1,0,2.6813879958353937
15894,140744,1,1,2.690414956305176
15895,140745,1,0,2.691456989850849
15896,140746,1,0,2.6913569890893996
15897,140747,1,0,2.6758979656733572
15898,140748,1,0,2.6995419757440686
15899,140749,1,0,2.6880509685724974
15900,140750,1,0,2.686337975319475
15901,140751,1,0,2.682149992324412
15902,140752,1,0,2.694632043130696
15903,140753,1,0,2.6848550187423825
15904,140754,1,0,2.667993016075343
15905,140755,1,0,2.6897640200331807
15906,140756,1,0,2.6880500372499228
15907,140757,1,0,2.6797049795277417
15908,140758,1,0,2.6778820320032537
15909,140759,1,0,2.682539983652532
15910,140760,1,0,2.688952023163438
15911,140761,1,1,2.67179001821205
15912,140762,1,0,2.69336998462677
15913,140763,1,0,2.69676698371768
15914,140764,1,0,2.6864069513976574
15915,140765,1,0,2.69934197422117
15916,140766,1,0,2.8168990393169224
15917,140767,1,0,2.6965270517393947
15918,140768,1,0,2.681679034139961
15919,140769,1,0,2.6832110015675426
15920,140770,1,0,2.690966008231044
15921,140771,1,0,2.691707981284708
15922,140772,1,0,2.687638974748552
15923,140773,1,0,2.691285975743085
15924,140774,1,0,2.6936810463666916
15925,140775,1,0,2.6797850150614977
15926,140776,1,0,2.668765024282038
15927,140777,1,0,2.6858369819819927
15928,140778,1,1,2.7443839935585856
15929,140779,1,0,2.6794149889610708
15930,140780,1,0,2.6869590510614216
15931,140781,1,0,2.69081600708887
15932,140782,1,0,2.6973079657182097
15933,140783,1,0,2.676909964065999
15934,140784,1,0,2.7101609739474952
15935,140785,1,0,2.7009740006178617
15936,140786,1,0,2.6792740100063384
15937,140787,1,0,2.6860159705393016
15938,140788,1,0,2.700273005757481
15939,140789,1,0,2.716343034990132
15940,140790,1,0,2.6817090110853314
15941,140791,1,0,2.6950439787469804
15942,140792,1,0,2.700854034628719
15943,140793,1,0,2.81828100560233
15944,140794,1,0,2.6741939946077764
15945,140795,1,1,2.6922079850919545
15946,140796,1,0,2.6965659926645458
15947,140797,1,0,2.680837002117187
15948,140798,1,0,2.668755012564361
15949,140799,1,0,2.693930990062654
15950,140800,1,0,2.7003739960491657
15951,140801,1,0,2.7671370189636946
15952,140802,1,0,2.681748999748379
15953,140803,1,0,2.6945830322802067
15954,140804,1,0,2.6932000182569027
15955,140805,1,0,2.6684640324674547
15956,140806,1,0,2.6947929873131216
15957,140807,1,0,2.690966008231044
15958,140808,1,0,2.678051998373121
15959,140809,1,0,2.6788629475049675
15960,140810,1,0,2.690164023078978
15961,140811,1,0,2.695032977499068
15962,140812,1,1,2.684563980437815
15963,140813,1,0,2.6887920103035867
15964,140814,1,0,2.6935810456052423
15965,140815,1,0,2.674825955182314
15966,140816,1,0,2.6888829888775945
15967,140817,1,0,2.6984400465153158
15968,140818,1,0,2.706745988689363
15969,140819,1,0,2.803524024784565
15970,140820,1,0,2.673264010809362
15971,140821,1,0,2.705662976950407
15972,140822,1,0,2.6964860153384507
15973,140823,1,0,2.6728620287030935
15974,140824,1,0,2.6952839689329267
15975,140825,1,0,2.7607650263234973
15976,140826,1,0,2.6847649714909494
15977,140827,1,0,2.670718007721007
15978,140828,1,0,2.707005012780428
15979,140829,1,1,2.6971269981004298
15980,140830,1,0,2.6739639579318464
15981,140831,1,0,2.684674982447177
15982,140832,1,0,2.6923989644274116
15983,140833,1,0,2.6909959851764143
15984,140834,1,0,2.6687950012274086
15985,140835,1,0,2.692488022148609
15986,140836,1,0,2.6905249687843025
15987,140837,1,0,2.670728019438684
15988,140838,1,0,2.6838830090127885
15989,140839,1,0,2.6877299533225596
15990,140840,1,0,2.6954140048474073
15991,140841,1,0,2.6696359855122864
15992,140842,1,0,2.694352006074041
15993,140843,1,0,2.689643995836377
15994,140844,1,0,2.6802659849636257
15995,140845,1,0,2.684794017113745
15996,140846,1,1,2.8140039648860693
15997,140847,1,0,2.68407299881801
15998,140848,1,0,2.6788440300151706
15999,140849,1,0,2.6779220206663013
16000,140850,1,0,2.690976019948721
16001,140851,1,0,2.6820690254680812
16002,140852,1,0,2.67261202679947
16003,140853,1,0,2.698871016036719
16004,140854,1,0,2.685495011974126
16005,140855,1,0,2.6797750033438206
16006,140856,1,0,2.681568032130599
16007,140857,1,0,2.6856359909288585
16008,140858,1,0,2.6924090343527496
16009,140859,1,0,2.6774000143632293
16010,140860,1,0,2.6963260024785995
16011,140861,1,0,2.6832909788936377
16012,140862,1,0,2.679595025256276
16013,140863,1,1,2.6817290345206857
16014,140864,1,0,2.6917370269075036
16015,140865,1,0,2.690105000510812
16016,140866,1,0,2.6838930207304657
16017,140867,1,0,2.694892988074571
16018,140868,1,0,2.6964760036207736
16019,140869,1,0,2.680787001736462
16020,140870,1,0,2.6916180504485965
16021,140871,1,0,2.6987299788743258
16022,140872,1,0,2.8199049993418157
16023,140873,1,0,2.6797750033438206
16024,140874,1,0,2.6861170190386474
16025,140875,1,0,2.6857570046558976
16026,140876,1,0,2.6892320020124316
16027,140877,1,0,2.680275996681303
16028,140878,1,0,2.688310982193798
16029,140879,1,0,2.684974984731525
16030,140880,1,1,2.681198006030172
16031,140881,1,0,2.6815979508683085
16032,140882,1,0,2.6903650141321123
16033,140883,1,0,2.6984699652530253
16034,140884,1,0,2.6750059914775193
16035,140885,1,0,2.686477964743972
16036,140886,1,0,2.6858369819819927
16037,140887,1,0,2.6788139948621392
16038,140888,1,0,2.6930400053970516
16039,140889,1,0,2.691327012144029
16040,140890,1,0,2.686428022570908
16041,140891,1,0,2.681668964214623
16042,140892,1,0,2.6912670000456274
16043,140893,1,0,2.6883510290645063
16044,140894,1,0,2.678242977708578
16045,140895,1,0,2.6840929640457034
16046,140896,1,0,2.705603023059666
16047,140897,1,1,2.69797898363322
16048,140898,1,0,2.6908949948847294
16049,140899,1,0,2.8121809591539204
16050,140900,1,0,2.696286013815552
16051,140901,1,0,2.6894930051639676
16052,140902,1,0,2.6818589540198445
16053,140903,1,0,2.6928699808195233
16054,140904,1,0,2.716332965064794
16055,140905,1,0,2.6963159907609224
16056,140906,1,0,2.683591970708221
16057,140907,1,0,2.701035002246499
16058,140908,1,0,2.695153991226107
16059,140909,1,0,2.6798349572345614
16060,140910,1,0,2.673264010809362
16061,140911,1,0,2.683633007109165
16062,140912,1,0,2.6914370246231556
16063,140913,1,0,2.6761690387502313
16064,140914,1,1,2.6886920095421374
16065,140915,1,0,2.698049007449299
16066,140916,1,0,2.682030026335269
16067,140917,1,0,2.669134992174804
16068,140918,1,0,2.6943119592033327
16069,140919,1,0,2.7316719642840326
16070,140920,1,0,2.678473014384508
16071,140921,1,0,2.687038970179856
16072,140922,1,0,2.6976190274581313
16073,140923,1,0,2.6905350387096405
16074,140924,1,0,2.6775809819810092
16075,140925,1,0,2.818793000187725
16076,140926,1,0,2.684413979295641
16077,140927,1,0,2.683111000806093
16078,140928,1,0,2.6751760160550475
16079,140929,1,0,2.6941910036839545
16080,140930,1,0,2.6822200161404908
16081,140931,1,1,2.677310025319457
16082,140932,1,0,2.683983009774238
16083,140933,1,0,2.698049007449299
16084,140934,1,0,2.685505955014378
16085,140935,1,0,2.6697569992393255
16086,140936,1,0,2.6841440121643245
16087,140937,1,0,2.685366023797542
16088,140938,1,0,2.6681540184654295
16089,140939,1,0,2.691416011657566
16090,140940,1,0,2.6906649582087994
16091,140941,1,0,2.685596002265811
16092,140942,1,0,2.8122809599153697
16093,140943,1,0,2.692007983569056
16094,140944,1,0,2.6906459825113416
16095,140945,1,0,2.7003329596482217
16096,140946,1,0,2.6739549939520657
16097,140947,1,0,2.718928037211299
16098,140948,1,1,2.7214919682592154
16099,140949,1,0,2.7220030315220356
16100,140950,1,0,2.681048004887998
16101,140951,1,0,2.6965659926645458
16102,140952,1,0,2.8503010398708284
16103,140953,1,0,2.7132569812238216
16104,140954,1,0,2.675076015293598
16105,140955,1,0,2.7003739960491657
16106,140956,1,0,2.6992210187017918
16107,140957,1,0,2.707345993258059
16108,140958,1,0,2.6853149756789207
16109,140959,1,0,2.690484980121255
16110,140960,1,0,2.69740802468732
16111,140961,1,0,2.681327983736992
16112,140962,1,0,2.6950330357067287
16113,140963,1,0,2.7020970010198653
16114,140964,1,0,2.673784038051963
16115,140965,1,1,2.6807470130734146
16116,140966,1,0,2.6926790014840662
16117,140967,1,0,2.7007340104319155
16118,140968,1,0,2.7240769704803824
16119,140969,1,0,2.6936809881590307
16120,140970,1,0,2.7016050298698246
16121,140971,1,0,2.6973779895342886
16122,140972,1,0,2.6680140290409327
16123,140973,1,0,2.69179797032848
16124,140974,1,0,2.6899949880316854
16125,140975,1,0,2.679585013538599
16126,140976,1,0,2.67910398542881
16127,140977,1,0,2.688480948563665
16128,140978,1,0,2.820405992679298
16129,140979,1,0,2.688470995053649
16130,140980,1,0,2.67531699500978
16131,140981,1,0,2.69179797032848
16132,140982,1,1,2.683843020349741
16133,140983,1,0,2.659308025613427
16134,140984,1,0,2.6814580196514726
16135,140985,1,0,2.688041015062481
16136,140986,1,0,2.681037993170321
16137,140987,1,0,2.6737439911812544
16138,140988,1,0,2.688059990759939
16139,140989,1,0,2.731590997427702
16140,140990,1,0,2.6662199525162578
16141,140991,1,0,2.6911270106211305
16142,140992,1,0,2.6909559965133667
16143,140993,1,0,2.6765899965539575
16144,140994,1,0,2.677271026186645
16145,140995,1,0,2.6825600070878863
16146,140996,1,0,2.6786330272443593
16147,140997,1,0,2.6663499884307384
16148,140998,1,0,2.6847250410355628
16149,140999,1,1,2.691327012144029
16150,141000,1,0,2.67333397641778
16151,141001,1,0,2.6822899817489088
16152,141002,1,0,2.685344952624291
16153,141003,1,0,2.6903849793598056
16154,141004,1,0,2.672762027941644
16155,141005,1,0,2.8205059934407473
16156,141006,1,0,2.690274966880679
16157,141007,1,0,2.6860060170292854
16158,141008,1,0,2.6743750204332173
16159,141009,1,0,2.6816080207936466
16160,141010,1,0,2.6805070228874683
16161,141011,1,0,2.676209027413279
16162,141012,1,0,2.693129994440824
16163,141013,1,0,2.7402580017223954
16164,141014,1,0,2.6945319841615856
16165,141015,1,0,2.671469992492348
16166,141016,1,1,2.690985973458737
16167,141017,1,0,2.694913011509925
16168,141018,1,0,2.6785529917106032
16169,141019,1,0,2.700133016332984
16170,141020,1,0,2.6866780244745314
16171,141021,1,0,2.6829210110008717
16172,141022,1,0,2.6663499884307384
16173,141023,1,0,2.6809980045072734
16174,141024,1,0,2.692990005016327
16175,141025,1,0,2.6727719814516604
16176,141026,1,0,2.6824399828910828
16177,141027,1,0,2.6936509530059993
16178,141028,1,0,2.6982189738191664
16179,141029,1,0,2.683311002328992
16180,141030,1,0,2.7390450122766197
16181,141031,1,0,2.821688016410917
16182,141032,1,0,2.686167019419372
16183,141033,1,0,2.6824399828910828
16184,141034,1,1,2.687380008865148
16185,141035,1,0,2.6949230232276022
16186,141036,1,0,2.6786429807543755
16187,141037,1,0,2.6811379939317703
16188,141038,1,0,2.7067449991591275
16189,141039,1,0,2.6946329744532704
16190,141040,1,0,2.687480009626597
16191,141041,1,0,2.687759988475591
16192,141042,1,0,2.684334001969546
16193,141043,1,0,2.6788240065798163
16194,141044,1,0,2.669086039531976
16195,141045,1,0,2.694683033041656
16196,141046,1,0,2.6925589772872627
16197,141047,1,0,2.671840018592775
16198,141048,1,0,2.6978389942087233
16199,141049,1,0,2.679765981156379
16200,141050,1,0,2.674895978998393
16201,141051,1,1,2.6686950004659593
16202,141052,1,0,2.679094031918794
16203,141053,1,0,2.6885310071520507
16204,141054,1,0,2.680596022401005
16205,141055,1,0,2.6886920095421374
16206,141056,1,0,2.69297999329865
16207,141057,1,0,2.7060139691457152
16208,141058,1,0,2.7974529657512903
16209,141059,1,0,2.68945301650092
16210,141060,1,0,2.6906250277534127
16211,141061,1,0,2.6810680283233523
16212,141062,1,0,2.6638859999366105
16213,141063,1,0,2.683752973098308
16214,141064,1,0,2.694001013878733
16215,141065,1,0,2.6843040250241756
16216,141066,1,0,2.6916170027107
16217,141067,1,0,2.6823600055649877
16218,141068,1,1,2.674484974704683
16219,141069,1,0,2.6743559865280986
16220,141070,1,0,2.6882709935307503
16221,141071,1,0,2.6951939798891544
16222,141072,1,0,2.720840973779559
16223,141073,1,0,2.6865979889407754
16224,141074,1,0,2.684623992536217
16225,141075,1,0,2.6826710090972483
16226,141076,1,0,2.6728820521384478
16227,141077,1,0,2.6980889961123466
16228,141078,1,0,2.6961760013364255
16229,141079,1,0,2.684975042939186
16230,141080,1,0,2.6893430040217936
16231,141081,1,0,2.697678981348872
16232,141082,1,0,2.69378098892048
16233,141083,1,0,3.373921033926308
16234,141084,1,0,3.0672429711557925
16235,141085,1,1,2.7635199949145317
16236,141086,1,0,2.6821100036613643
16237,141087,1,0,2.670487971045077
16238,141088,1,0,2.6893129688687623
16239,141089,1,0,2.6793249999172986
16240,141090,1,0,2.6622230070643127
16241,141091,1,0,2.675557043403387
16242,141092,1,0,2.6845340034924448
16243,141093,1,0,2.6821789797395468
16244,141094,1,0,2.667221997398883
16245,141095,1,0,2.683591970708221
16246,141096,1,0,2.6785529917106032
16247,141097,1,0,2.6687950012274086
16248,141098,1,0,2.6869390276260674
16249,141099,1,0,2.6836320175789297
16250,141100,1,0,2.6798659819178283
16251,141101,1,0,2.6759780012071133
16252,141102,1,1,2.6824799715541303
16253,141103,1,0,2.6840540231205523
16254,141104,1,0,2.6745659997686744
16255,141105,1,0,2.6900949887931347
16256,141106,1,0,2.702066965866834
16257,141107,1,0,2.6979990070685744
16258,141108,1,0,2.708397980313748
16259,141109,1,0,2.6995420339517295
16260,141110,1,0,2.6976289809681475
16261,141111,1,0,2.8180719818919897
16262,141112,1,0,2.6778820320032537
16263,141113,1,0,2.6882310048677027
16264,141114,1,0,2.6854349998757243
16265,141115,1,0,2.6792450225912035
16266,141116,1,0,2.697959018405527
16267,141117,1,0,2.696937008295208
16268,141118,1,0,2.693140006158501
16269,141119,1,1,2.672401024028659
16270,141120,1,0,2.6919079828076065
16271,141121,1,0,2.701896009966731
16272,141122,1,0,2.685857005417347
16273,141123,1,0,2.6766289956867695
16274,141124,1,0,2.6991110062226653
16275,141125,1,0,2.694313006941229
16276,141126,1,0,2.684263978153467
16277,141127,1,0,2.6986110024154186
16278,141128,1,0,2.690093999262899
16279,141129,1,0,2.687871048692614
16280,141130,1,0,2.672020986210555
16281,141131,1,0,2.6946919970214367
16282,141132,1,0,2.6901750243268907
16283,141133,1,0,2.6809570263139904
16284,141134,1,0,2.692718990147114
16285,141135,1,0,2.6933110202662647
16286,141136,1,1,2.687840024009347
16287,141137,1,0,2.7956999838352203
16288,141138,1,0,2.6899639633484185
16289,141139,1,0,2.688261040020734
16290,141140,1,0,2.6933809858746827
16291,141141,1,0,2.676700009033084
16292,141142,1,0,2.6939120143651962
16293,141143,1,0,2.696776995435357
16294,141144,1,0,2.684773993678391
16295,141145,1,0,2.686407999135554
16296,141146,1,0,2.691827015951276
16297,141147,1,0,2.691596979275346
16298,141148,1,0,2.6759079773910344
16299,141149,1,0,2.6955640059895813
16300,141150,1,0,2.687610045541078
16301,141151,1,0,2.681309008039534
16302,141152,1,0,2.6841930230148137
16303,141153,1,1,2.690205001272261
16304,141154,1,0,2.6851450093090534
16305,141155,1,0,2.6750359684228897
16306,141156,1,0,2.6916780043393373
16307,141157,1,0,2.6952739572152495
16308,141158,1,0,2.6815590099431574
16309,141159,1,0,2.67905299551785
16310,141160,1,0,2.6895530172623694
16311,141161,1,0,2.6873599854297936
16312,141162,1,0,2.674275019671768
16313,141163,1,0,2.6842529769055545
16314,141164,1,0,2.8075820300728083
16315,141165,1,0,2.6869489811360836
16316,141166,1,0,2.6617819676175714
16317,141167,1,0,2.678473014384508
16318,141168,1,0,2.6922080432996154
16319,141169,1,0,2.68126797163859
16320,141170,1,1,2.689163025934249
16321,141171,1,0,2.686428022570908
16322,141172,1,0,2.6796949678100646
16323,141173,1,0,2.6706180069595575
16324,141174,1,0,2.6899640215560794
16325,141175,1,0,2.692038018722087
16326,141176,1,0,2.678383025340736
16327,141177,1,0,2.6849849964492023
16328,141178,1,0,2.6898739743046463
16329,141179,1,0,2.6777510065585375
16330,141180,1,0,2.67490599071607
16331,141181,1,0,2.6961760013364255
16332,141182,1,0,2.688181004486978
16333,141183,1,0,2.6749360258691013
16334,141184,1,0,2.683693019207567
16335,141185,1,0,2.6934409979730844
16336,141186,1,0,2.672251022886485
16337,141187,1,1,2.6697959983721375
16338,141188,1,0,2.7017260435968637
16339,141189,1,0,2.6834720047190785
16340,141190,1,0,2.8097970061935484
16341,141191,1,0,2.6711600366979837
16342,141192,1,0,2.6893530157394707
16343,141193,1,0,2.6821300270967185
16344,141194,1,0,2.6711300015449524
16345,141195,1,0,2.6891420129686594
16346,141196,1,0,2.6889529544860125
16347,141197,1,0,2.684212988242507
16348,141198,1,0,2.6736240251921117
16349,141199,1,0,2.6894030161201954
16350,141200,1,0,2.688802022021264
16351,141201,1,0,2.6798449689522386
16352,141202,1,0,2.691677014809102
16353,141203,1,0,2.693330985493958
16354,141204,1,1,2.6931599713861942
16355,141205,1,0,2.677331038285047
16356,141206,1,0,2.6867580018006265
16357,141207,1,0,2.6944729615934193
16358,141208,1,0,2.6814289740286767
16359,141209,1,0,2.696777053643018
16360,141210,1,0,2.69321002997458
16361,141211,1,0,2.6914869667962193
16362,141212,1,0,2.6697369758039713
16363,141213,1,0,2.700613986235112
16364,141214,1,0,2.6971579645760357
16365,141215,1,0,2.6834519812837243
16366,141216,1,0,2.6916269562207162
16367,141217,1,0,2.8134530293755233
16368,141218,1,0,2.701645018532872
16369,141219,1,0,2.690986031666398
16370,141220,1,0,2.685264975298196
16371,141221,1,1,2.686407999135554
16372,141222,1,0,2.687138970941305
16373,141223,1,0,2.6732829865068197
16374,141224,1,0,2.6894029579125345
16375,141225,1,0,2.688441949430853
16376,141226,1,0,2.6884909602813423
16377,141227,1,0,2.6883010286837816
16378,141228,1,0,2.692198962904513
16379,141229,1,0,2.6882810052484274
16380,141230,1,0,2.6699970476329327
16381,141231,1,0,2.686227031517774
16382,141232,1,0,2.6923679979518056
16383,141233,1,0,2.6800860068760812
16384,141234,1,0,2.678602992091328
16385,141235,1,0,2.693140006158501
16386,141236,1,0,2.686558000277728
16387,141237,1,0,2.676860021892935
16388,141238,1,1,2.684143022634089
16389,141239,1,0,2.692087960895151
16390,141240,1,0,2.6883009704761207
16391,141241,1,0,2.6736140134744346
16392,141242,1,0,2.6866779662668705
16393,141243,1,0,2.806000004056841
16394,141244,1,0,2.6723509654402733
16395,141245,1,0,2.6861369842663407
16396,141246,1,0,2.693551010452211
16397,141247,1,0,2.6899040094576776
16398,141248,1,0,2.677812008187175
16399,141249,1,0,2.69022403517738
16400,141250,1,0,2.683852973859757
16401,141251,1,0,2.676218980923295
16402,141252,1,0,2.6854760362766683
16403,141253,1,0,2.691717993002385
16404,141254,1,0,2.67894403077662
16405,141255,1,1,2.677090000361204
16406,141256,1,0,2.692579000722617
16407,141257,1,0,2.690985973458737
16408,141258,1,0,2.6751169934868813
16409,141259,1,0,2.691045985557139
16410,141260,1,0,2.696697018109262
16411,141261,1,0,2.6902349782176316
16412,141262,1,0,2.667762979399413
16413,141263,1,0,2.6887819985859096
16414,141264,1,0,2.6940610259771347
16415,141265,1,0,2.673073031473905
16416,141266,1,0,2.688181004486978
16417,141267,1,0,2.6903650141321123
16418,141268,1,0,2.6926790014840662
16419,141269,1,0,2.6852560113184154
16420,141270,1,0,2.8136229957453907
16421,141271,1,0,2.6875900221057236
16422,141272,1,1,2.68625799799338
16423,141273,1,0,2.6789229596033692
16424,141274,1,0,2.6858060155063868
16425,141275,1,0,2.6903650141321123
16426,141276,1,0,2.6806769892573357
16427,141277,1,0,2.6822700165212154
16428,141278,1,0,2.6977190282195807
16429,141279,1,0,2.6835320168174803
16430,141280,1,0,2.672601956874132
16431,141281,1,0,2.6906650164164603
16432,141282,1,0,2.7642520144581795
16433,141283,1,0,2.689832996111363
16434,141284,1,0,2.673243056051433
16435,141285,1,0,2.693471033126116
16436,141286,1,0,2.6818689657375216
16437,141287,1,0,2.6714500272646546
16438,141288,1,0,2.6889730361290276
16439,141289,1,1,2.6941720279864967
16440,141290,1,0,2.679564990103245
16441,141291,1,0,2.6877089985646307
16442,141292,1,0,2.7019469998776913
16443,141293,1,0,2.690676017664373
16444,141294,1,0,2.6802559732459486
16445,141295,1,0,2.688602020498365
16446,141296,1,0,2.8104980010539293
16447,141297,1,0,2.6870789588429034
16448,141298,1,0,2.676689997315407
16449,141299,1,0,2.689073036890477
16450,141300,1,0,2.684805018361658
16451,141301,1,0,2.6815080200321972
16452,141302,1,0,2.6693259715102613
16453,141303,1,0,2.681127982214093
16454,141304,1,0,2.685174986254424
16455,141305,1,0,2.671549969818443
16456,141306,1,1,2.677972021047026
16457,141307,1,0,2.6828509871847928
16458,141308,1,0,2.6745859649963677
16459,141309,1,0,2.673372975550592
16460,141310,1,0,2.679575001820922
16461,141311,1,0,2.6817090110853314
16462,141312,1,0,2.666880958713591
16463,141313,1,0,2.672602015081793
16464,141314,1,0,2.6825410313904285
16465,141315,1,0,2.6747059891931713
16466,141316,1,0,2.695804985705763
16467,141317,1,0,2.679495024494827
16468,141318,1,0,2.7312409947626293
16469,141319,1,0,2.6766190421767533
16470,141320,1,0,2.685516024939716
16471,141321,1,0,2.684383012820035
16472,141322,1,0,2.679836004972458
16473,141323,1,1,2.8045560466125607
16474,141324,1,0,2.683111000806093
16475,141325,1,0,2.6812880532816052
16476,141326,1,0,2.6798949693329632
16477,141327,1,0,2.6905949926003814
16478,141328,1,0,2.6893429458141327
16479,141329,1,0,2.725981001276523
16480,141330,1,0,2.677009964827448
16481,141331,1,0,2.7135880081914365
16482,141332,1,0,2.6923780096694827
16483,141333,1,0,2.686797990463674
16484,141334,1,0,2.6828909758478403
16485,141335,1,0,2.6902349782176316
16486,141336,1,0,2.7012850041501224
16487,141337,1,0,2.6798860053531826
16488,141338,1,0,2.6964559801854193
16489,141339,1,0,2.687610045541078
16490,141340,1,1,2.6768000097945333
16491,141341,1,0,2.6696069980971515
16492,141342,1,0,2.711342996917665
16493,141343,1,0,2.6882010279223323
16494,141344,1,0,2.6787829701788723
16495,141345,1,0,2.689443004783243
16496,141346,1,0,2.7040800196118653
16497,141347,1,0,2.7390449540689588
16498,141348,1,0,2.6945530553348362
16499,141349,1,0,2.816597989294678
16500,141350,1,0,2.6918379589915276
16501,141351,1,0,2.686978958081454
16502,141352,1,0,2.676599018741399
16503,141353,1,0,2.6879910146817565
16504,141354,1,0,2.6951939798891544
16505,141355,1,0,2.695393981412053
16506,141356,1,0,2.6729930541478097
16507,141357,1,0,2.6888319989666343
16508,141358,1,1,2.691045985557139
16509,141359,1,0,2.6804470107890666
16510,141360,1,0,2.6903849793598056
16511,141361,1,0,2.7007850003428757
16512,141362,1,0,2.6921890093944967
16513,141363,1,0,2.685526036657393
16514,141364,1,0,2.694111957680434
16515,141365,1,0,2.691888017579913
16516,141366,1,0,2.687899977900088
16517,141367,1,0,2.6864170213229954
16518,141368,1,0,2.693290007300675
16519,141369,1,0,2.6896539493463933
16520,141370,1,0,2.6785729569382966
16521,141371,1,0,2.691687026526779
16522,141372,1,0,2.697327989153564
16523,141373,1,0,2.693429996725172
16524,141374,1,0,2.690093999262899
16525,141375,1,1,2.6933809858746827
16526,141376,1,0,2.8156680054962635
16527,141377,1,0,2.6866879779845476
16528,141378,1,0,2.680766978301108
16529,141379,1,0,2.6902640238404274
16530,141380,1,0,2.68801097990945
16531,141381,1,0,2.6697159628383815
16532,141382,1,0,2.6827810215763748
16533,141383,1,0,2.6867680135183036
16534,141384,1,0,2.6829910348169506
16535,141385,1,0,2.68046697601676
16536,141386,1,0,2.690194989554584
16537,141387,1,0,2.68461398081854
16538,141388,1,0,2.670829009730369
16539,141389,1,0,2.6855060132220387
16540,141390,1,0,2.694341994356364
16541,141391,1,0,2.671409980393946
16542,141392,1,1,2.6791139971464872
16543,141393,1,0,2.686958003323525
16544,141394,1,0,2.6797850150614977
16545,141395,1,0,2.6637549744918942
16546,141396,1,0,2.687648986466229
16547,141397,1,0,2.69133597612381
16548,141398,1,0,2.680926991160959
16549,141399,1,0,2.68904201220721
16550,141400,1,0,2.6904349797405303
16551,141401,1,0,2.6864969986490905
16552,141402,1,0,2.7922140434384346
16553,141403,1,0,2.678602992091328
16554,141404,1,0,2.6884610415436327
16555,141405,1,0,2.6753470301628113
16556,141406,1,0,2.668254019226879
16557,141407,1,0,2.683090977370739
16558,141408,1,0,2.693701011594385
16559,141409,1,1,2.6761990156956017
16560,141410,1,0,2.692478010430932
16561,141411,1,0,2.683201979380101
16562,141412,1,0,2.687309985049069
16563,141413,1,0,2.6718509616330266
16564,141414,1,0,2.685295999981463
16565,141415,1,0,2.6889319997280836
16566,141416,1,0,2.6773810386657715
16567,141417,1,0,2.6942120166495442
16568,141418,1,0,2.695453993510455
16569,141419,1,0,2.686749037820846
16570,141420,1,0,2.677770971786231
16571,141421,1,0,2.6845240499824286
16572,141422,1,0,2.6866180123761296
16573,141423,1,0,2.683741971850395
16574,141424,1,0,2.699631964787841
16575,141425,1,0,2.693860966246575
16576,141426,1,1,2.6899450458586216
16577,141427,1,0,2.6720709865912795
16578,141428,1,0,2.707467006985098
16579,141429,1,0,2.822740003466606
16580,141430,1,0,2.6846349937841296
16581,141431,1,0,2.665229025296867
16582,141432,1,0,2.6841729995794594
16583,141433,1,0,2.6889820001088083
16584,141434,1,0,2.670908987056464
16585,141435,1,0,2.6873290189541876
16586,141436,1,0,2.6936510112136602
16587,141437,1,0,2.6823600055649877
16588,141438,1,0,2.6751270052045584
16589,141439,1,0,2.6968170423060656
16590,141440,1,0,2.682651043869555
16591,141441,1,0,2.674836025107652
16592,141442,1,0,2.6858070050366223
16593,141443,1,1,2.6906949933618307
16594,141444,1,0,2.6649379869922996
16595,141445,1,0,2.6692150277085602
16596,141446,1,0,2.680014993529767
16597,141447,1,0,2.6838420308195055
16598,141448,1,0,2.6761579792946577
16599,141449,1,0,2.6946329744532704
16600,141450,1,0,2.688821987248957
16601,141451,1,0,2.6867790147662163
16602,141452,1,0,2.6765000075101852
16603,141453,1,0,2.6936010108329356
16604,141454,1,0,2.687920001335442
16605,141455,1,0,2.791071019601077
16606,141456,1,0,2.677160024177283
16607,141457,1,0,2.687920001335442
16608,141458,1,0,2.69040500279516
16609,141459,1,0,2.713516994845122
16610,141460,1,1,2.7207309613004327
16611,141461,1,0,2.684544015210122
16612,141462,1,0,2.686457009986043
16613,141463,1,0,2.6707989745773375
16614,141464,1,0,2.6927089784294367
16615,141465,1,0,2.683240978512913
16616,141466,1,0,2.6743150083348155
16617,141467,1,0,2.68149800831452
16618,141468,1,0,2.68502498511225
16619,141469,1,0,2.67572799930349
16620,141470,1,0,2.6734640123322606
16621,141471,1,0,2.6860269717872143
16622,141472,1,0,2.6837619952857494
16623,141473,1,0,2.6982389972545207
16624,141474,1,0,2.6992919738404453
16625,141475,1,0,2.6839530328288674
16626,141476,1,0,2.67588795395568
16627,141477,1,1,2.6787230162881315
16628,141478,1,0,2.6936199865303934
16629,141479,1,0,2.683501981664449
16630,141480,1,0,2.676359028555453
16631,141481,1,0,2.68273102119565
16632,141482,1,0,2.810607955325395
16633,141483,1,0,2.6912260218523443
16634,141484,1,0,2.6857369812205434
16635,141485,1,0,2.7012249920517206
16636,141486,1,0,2.686167019419372
16637,141487,1,0,2.6814679731614888
16638,141488,1,0,2.6687339995987713
16639,141489,1,0,2.6899140211753547
16640,141490,1,0,2.68922297982499
16641,141491,1,0,2.6819189661182463
16642,141492,1,0,2.6926189893856645
16643,141493,1,0,2.693411021027714
16644,141494,1,1,2.6945419958792627
16645,141495,1,0,2.6727820513769984
16646,141496,1,0,2.703820005990565
16647,141497,1,0,2.700123004615307
16648,141498,1,0,2.6824509841389954
16649,141499,1,0,2.6851360453292727
16650,141500,1,0,2.6883709942921996
16651,141501,1,0,2.6992610073648393
16652,141502,1,0,2.6704680058173835
16653,141503,1,0,2.705102029722184
16654,141504,1,0,2.6864579995162785
16655,141505,1,0,2.68623698502779
16656,141506,1,0,2.6846649707295
16657,141507,1,0,2.689363027457148
16658,141508,1,0,2.8185229748487473
16659,141509,1,0,2.6764089707285166
16660,141510,1,0,2.679024008102715
16661,141511,1,1,2.676809031981975
16662,141512,1,0,2.682530030142516
16663,141513,1,0,2.6595869567245245
16664,141514,1,0,2.6797649916261435
16665,141515,1,0,2.6825899840332568
16666,141516,1,0,2.6712490362115204
16667,141517,1,0,2.682099991943687
16668,141518,1,0,2.678733959328383
16669,141519,1,0,2.669316018000245
16670,141520,1,0,2.6710089878179133
16671,141521,1,0,2.678233024198562
16672,141522,1,0,2.678132033906877
16673,141523,1,0,2.6716499705798924
16674,141524,1,0,2.687800966668874
16675,141525,1,0,2.684334001969546
16676,141526,1,0,2.666941029019654
16677,141527,1,0,2.685475046746433
16678,141528,1,1,2.6915069902315736
16679,141529,1,0,2.688881999347359
16680,141530,1,0,2.6678030262701213
16681,141531,1,0,2.684554026927799
16682,141532,1,0,2.716273011174053
16683,141533,1,0,2.6893430040217936
16684,141534,1,0,2.6929390151053667
16685,141535,1,0,2.8242330299690366
16686,141536,1,0,2.702436991967261
16687,141537,1,0,2.68407299881801
16688,141538,1,0,2.6842529769055545
16689,141539,1,0,2.68005597172305
16690,141540,1,0,2.686578023713082
16691,141541,1,0,2.675637020729482
16692,141542,1,0,2.6899540098384023
16693,141543,1,0,2.6867889682762325
16694,141544,1,0,2.6768799871206284
16695,141545,1,1,2.679253986570984
16696,141546,1,0,2.6794050354510546
16697,141547,1,0,2.6856460026465356
16698,141548,1,0,2.6731230318546295
16699,141549,1,0,2.6958549860864878
16700,141550,1,0,2.6860670186579227
16701,141551,1,0,2.67297204118222
16702,141552,1,0,2.6862180093303323
16703,141553,1,0,2.6824300293810666
16704,141554,1,0,2.677551005035639
16705,141555,1,0,2.6759780012071133
16706,141556,1,0,2.6898339856415987
16707,141557,1,0,2.688452019356191
16708,141558,1,0,2.6795549783855677
16709,141559,1,0,2.6895739720202982
16710,141560,1,0,2.690474968403578
16711,141561,1,0,2.809725992847234
16712,141562,1,1,2.681908954400569
16713,141563,1,0,2.6901140226982534
16714,141564,1,0,2.689513028599322
16715,141565,1,0,2.684002975001931
16716,141566,1,0,2.67356401309371
16717,141567,1,0,2.6829109992831945
16718,141568,1,0,2.694532973691821
16719,141569,1,0,2.6817090110853314
16720,141570,1,0,2.6923390105366707
16721,141571,1,0,2.698139986023307
16722,141572,1,0,2.701885998249054
16723,141573,1,0,2.684553968720138
16724,141574,1,0,2.7065749745815992
16725,141575,1,0,2.6886319974437356
16726,141576,1,0,2.6813180302269757
16727,141577,1,0,2.6813879958353937
16728,141578,1,0,2.6929699815809727
16729,141579,1,1,2.6966469595208764
16730,141580,1,0,2.681328041944653
16731,141581,1,0,2.6883920072577894
16732,141582,1,0,2.6958250091411173
16733,141583,1,0,2.70371901569888
16734,141584,1,0,2.6803259970620275
16735,141585,1,0,2.698049007449299
16736,141586,1,0,2.697437012102455
16737,141587,1,0,2.6845139800570905
16738,141588,1,0,2.816398977302015
16739,141589,1,0,2.686578023713082
16740,141590,1,0,2.6911659515462816
16741,141591,1,0,2.6878200005739927
16742,141592,1,0,2.6866880361922085
16743,141593,1,0,2.7066050097346306
16744,141594,1,0,2.6975880027748644
16745,141595,1,0,2.6750470278784633
16746,141596,1,1,2.688491949811578
16747,141597,1,0,2.6925490237772465
16748,141598,1,0,2.6795839658007026
16749,141599,1,0,2.681940037291497
16750,141600,1,0,2.6984200230799615
16751,141601,1,0,2.685766958165914
16752,141602,1,0,2.6680229930207133
16753,141603,1,0,2.690355002414435
16754,141604,1,0,2.6868479908443987
16755,141605,1,0,2.6891619781963527
16756,141606,1,0,2.675807976629585
16757,141607,1,0,2.6965260040014982
16758,141608,1,0,2.6874900213442743
16759,141609,1,0,2.69040500279516
16760,141610,1,0,2.6938309893012047
16761,141611,1,0,2.697098010685295
16762,141612,1,0,2.7359999949112535
16763,141613,1,1,2.695734961889684
16764,141614,1,0,2.810918027535081
16765,141615,1,0,2.6977990055456758
16766,141616,1,0,2.685746003407985
16767,141617,1,0,2.674644987564534
16768,141618,1,0,2.6927689905278385
16769,141619,1,0,2.685515966732055
16770,141620,1,0,2.6886420091614127
16771,141621,1,0,2.685596002265811
16772,141622,1,0,2.6968070305883884
16773,141623,1,0,2.691035973839462
16774,141624,1,0,2.6729420060291886
16775,141625,1,0,2.6846950058825314
16776,141626,1,0,2.6824099477380514
16777,141627,1,0,2.677271026186645
16778,141628,1,0,2.691055997274816
16779,141629,1,0,2.703259000554681
16780,141630,1,1,2.684574981685728
16781,141631,1,0,2.664417028427124
16782,141632,1,0,2.6910259621217847
16783,141633,1,0,2.6876699994318187
16784,141634,1,0,2.674344985280186
16785,141635,1,0,2.681589045096189
16786,141636,1,0,2.6850050198845565
16787,141637,1,0,2.685596002265811
16788,141638,1,0,2.669016015715897
16789,141639,1,0,2.6893430040217936
16790,141640,1,0,2.685114974156022
16791,141641,1,0,2.803223964292556
16792,141642,1,0,2.6719309971667826
16793,141643,1,0,2.692088019102812
16794,141644,1,0,2.683231025002897
16795,141645,1,0,2.6733630220405757
16796,141646,1,0,2.6963860145770013
16797,141647,1,1,2.6938110240735114
16798,141648,1,0,2.6812980067916214
16799,141649,1,0,2.6750160031951964
16800,141650,1,0,2.694621973205358
16801,141651,1,0,2.680425997823477
16802,141652,1,0,2.6724020135588944
16803,141653,1,0,2.6910859742201865
16804,141654,1,0,2.679794968571514
16805,141655,1,0,2.6726420037448406
16806,141656,1,0,2.669577021151781
16807,141657,1,0,2.676989999599755
16808,141658,1,0,2.6804270455613732
16809,141659,1,0,2.664567029569298
16810,141660,1,0,2.6837230543605983
16811,141661,1,0,2.6948729646392167
16812,141662,1,0,2.6806670357473195
16813,141663,1,0,2.686908992473036
16814,141664,1,0,2.6936709764413536
16815,141665,1,1,2.687198983039707
16816,141666,1,0,2.66857398673892
16817,141667,1,0,2.8135640313848853
16818,141668,1,0,2.6880999794229865
16819,141669,1,0,2.6912169996649027
16820,141670,1,0,2.6630039792507887
16821,141671,1,0,2.680215984582901
16822,141672,1,0,2.6909459847956896
16823,141673,1,0,2.6831120485439897
16824,141674,1,0,2.686197985894978
16825,141675,1,0,2.686226973310113
16826,141676,1,0,2.685756015125662
16827,141677,1,0,2.6701869792304933
16828,141678,1,0,2.6892219902947545
16829,141679,1,0,2.6870479923672974
16830,141680,1,0,2.6736040017567575
16831,141681,1,0,2.688251028303057
16832,141682,1,1,2.6958549860864878
16833,141683,1,0,2.6961760013364255
16834,141684,1,0,2.676700009033084
16835,141685,1,0,2.6975780492648482
16836,141686,1,0,2.6887719868682325
16837,141687,1,0,2.682721009477973
16838,141688,1,0,2.683852973859757
16839,141689,1,0,2.7062540175393224
16840,141690,1,0,2.6904550031758845
16841,141691,1,0,2.6763890055008233
16842,141692,1,0,2.694823022466153
16843,141693,1,0,2.690425026230514
16844,141694,1,0,2.835382998455316
16845,141695,1,0,2.6763889472931623
16846,141696,1,0,2.6891030138358474
16847,141697,1,0,2.697698015253991
16848,141698,1,0,2.681248006410897
16849,141699,1,1,2.676509029697627
16850,141700,1,0,2.690644992981106
16851,141701,1,0,2.6848139823414385
16852,141702,1,0,2.667572000063956
16853,141703,1,0,2.6863570092245936
16854,141704,1,0,2.686877967789769
16855,141705,1,0,2.676689997315407
16856,141706,1,0,2.6692659594118595
16857,141707,1,0,2.688812033738941
16858,141708,1,0,2.68999399850145
16859,141709,1,0,2.6726119685918093
16860,141710,1,0,2.677701006177813
16861,141711,1,0,2.68126797163859
16862,141712,1,0,2.6738449814729393
16863,141713,1,0,2.6801859494298697
16864,141714,1,0,2.6891320012509823
16865,141715,1,0,2.6893930044025183
16866,141716,1,1,2.674845978617668
16867,141717,1,0,2.6899639633484185
16868,141718,1,0,2.708678017370403
16869,141719,1,0,2.6833019801415503
16870,141720,1,0,2.8071809792891145
16871,141721,1,0,2.6836220058612525
16872,141722,1,0,2.681298996321857
16873,141723,1,0,2.680136007256806
16874,141724,1,0,2.687770000193268
16875,141725,1,0,2.6805559755302966
16876,141726,1,0,2.684703969862312
16877,141727,1,0,2.6666309568099678
16878,141728,1,0,2.696356037631631
16879,141729,1,0,2.6882010279223323
16880,141730,1,0,2.6727720396593213
16881,141731,1,0,2.6863780221901834
16882,141732,1,0,2.687449974473566
16883,141733,1,1,2.6690150261856616
16884,141734,1,0,2.6667009806260467
16885,141735,1,0,2.6801060303114355
16886,141736,1,0,2.6762880152091384
16887,141737,1,0,2.6613909867592156
16888,141738,1,0,2.6867379783652723
16889,141739,1,0,2.6830019778572023
16890,141740,1,0,2.6827099500223994
16891,141741,1,0,2.681959012988955
16892,141742,1,0,2.6914370246231556
16893,141743,1,0,2.6889820001088083
16894,141744,1,0,2.679795026779175
16895,141745,1,0,2.6940119569189847
16896,141746,1,0,2.683933009393513
16897,141747,1,0,2.8074319707229733
16898,141748,1,0,2.672170987352729
16899,141749,1,0,2.6835519820451736
16900,141750,1,1,2.6863880339078605
16901,141751,1,0,2.6722519542090595
16902,141752,1,0,2.6811080169864
16903,141753,1,0,2.6931699831038713
16904,141754,1,0,2.6793740107677877
16905,141755,1,0,2.671209047548473
16906,141756,1,0,2.688170992769301
16907,141757,1,0,2.684062987100333
16908,141758,1,0,2.6838830090127885
16909,141759,1,0,2.6875099865719676
16910,141760,1,0,2.688571985345334
16911,141761,1,0,2.6831020368263125
16912,141762,1,0,2.6675620465539396
16913,141763,1,0,2.6870890287682414
16914,141764,1,0,2.6915069902315736
16915,141765,1,0,2.690835972316563
16916,141766,1,0,2.6814379962161183
16917,141767,1,1,2.7014949591830373
16918,141768,1,0,2.693069982342422
16919,141769,1,0,2.675567986443639
16920,141770,1,0,2.690355002414435
16921,141771,1,0,2.6880099903792143
16922,141772,1,0,2.6732030091807246
16923,141773,1,0,2.806980977766216
16924,141774,1,0,2.6760780019685626
16925,141775,1,0,2.692579000722617
16926,141776,1,0,2.6809569681063294
16927,141777,1,0,2.6827399851754308
16928,141778,1,0,2.690083987545222
16929,141779,1,0,2.6836820179596543
16930,141780,1,0,2.6684949989430606
16931,141781,1,0,2.6828909758478403
16932,141782,1,0,2.6878700009547174
16933,141783,1,0,2.662643964868039
16934,141784,1,1,2.6822899817489088
16935,141785,1,0,2.6786430389620364
16936,141786,1,0,2.6722109760157764
16937,141787,1,0,2.6757580344565213
16938,141788,1,0,2.6856869808398187
16939,141789,1,0,2.6820700149983168
16940,141790,1,0,2.666851971298456
16941,141791,1,0,2.679453988093883
16942,141792,1,0,2.686787978745997
16943,141793,1,0,2.6821199571713805
16944,141794,1,0,2.6861070073209703
16945,141795,1,0,2.690755994990468
16946,141796,1,0,2.6902949903160334
16947,141797,1,0,2.670887974090874
16948,141798,1,0,2.697678981348872
16949,141799,1,0,2.6915569906122983
16950,141800,1,0,2.824492985382676
16951,141801,1,1,2.6843439554795623
16952,141802,1,0,2.6935600326396525
16953,141803,1,0,2.6869389694184065
16954,141804,1,0,2.68327200319618
16955,141805,1,0,2.6840229984372854
16956,141806,1,0,2.6911169989034534
16957,141807,1,0,2.684955019503832
16958,141808,1,0,2.679986006114632
16959,141809,1,0,2.681598998606205
16960,141810,1,0,2.69081600708887
16961,141811,1,0,2.678392978850752
16962,141812,1,0,2.683933009393513
16963,141813,1,0,2.7037389809265733
16964,141814,1,0,2.6902449899353087
16965,141815,1,0,2.682670019567013
16966,141816,1,0,2.6856159674935043
16967,141817,1,0,2.6911860331892967
16968,141818,1,1,2.6810079580172896
16969,141819,1,0,2.6691549574024975
16970,141820,1,0,2.6888519641943276
16971,141821,1,0,2.6962360134348273
16972,141822,1,0,2.6880200020968914
16973,141823,1,0,2.6874790200963616
16974,141824,1,0,2.693079994060099
16975,141825,1,0,2.673222974408418
16976,141826,1,0,2.7904100134037435
16977,141827,1,0,2.6815879973582923
16978,141828,1,0,2.694052003789693
16979,141829,1,0,2.6733940467238426
16980,141830,1,0,2.6733329868875444
16981,141831,1,0,2.684965031221509
16982,141832,1,0,2.686096995603293
16983,141833,1,0,2.666460000909865
16984,141834,1,0,2.6797650498338044
16985,141835,1,1,2.6834619930014014
16986,141836,1,0,2.7191779809072614
16987,141837,1,0,2.6912459870800376
16988,141838,1,0,2.6790040428750217
16989,141839,1,0,2.6773609570227563
16990,141840,1,0,2.6896329945884645
16991,141841,1,0,2.687588974367827
16992,141842,1,0,2.680365985725075
16993,141843,1,0,2.6804470107890666
16994,141844,1,0,2.677400945685804
16995,141845,1,0,2.6910860324278474
16996,141846,1,0,2.711122971959412
16997,141847,1,0,2.6975880027748644
16998,141848,1,0,2.688961976673454
16999,141849,1,0,2.698090043850243
17000,141850,1,0,2.6794149889610708
17001,141851,1,0,2.6681830058805645
17002,141852,1,1,2.6894829934462905
17003,141853,1,0,2.804345975164324
17004,141854,1,0,2.6757880114018917
17005,141855,1,0,2.678463002666831
17006,141856,1,0,2.684194012545049
17007,141857,1,0,2.6824299711734056
17008,141858,1,0,2.6818690239451826
17009,141859,1,0,2.6994810323230922
17010,141860,1,0,2.689363027457148
17011,141861,1,0,2.6732130208984017
17012,141862,1,0,2.6727619697339833
17013,141863,1,0,2.678724005818367
17014,141864,1,0,2.673404000233859
17015,141865,1,0,2.666440967004746
17016,141866,1,0,2.6857060147449374
17017,141867,1,0,2.682800986804068
17018,141868,1,0,2.6773400022648275
17019,141869,1,1,2.682870952412486
17020,141870,1,0,2.684713981579989
17021,141871,1,0,2.680627047084272
17022,141872,1,0,2.670587971806526
17023,141873,1,0,2.6727920048870146
17024,141874,1,0,2.684704028069973
17025,141875,1,0,2.680687000975013
17026,141876,1,0,2.6833120500668883
17027,141877,1,0,2.681557962205261
17028,141878,1,0,2.6739240274764597
17029,141879,1,0,2.7819040114991367
17030,141880,1,0,2.6736040017567575
17031,141881,1,0,2.6832619914785028
17032,141882,1,0,2.668173983693123
17033,141883,1,0,2.6734030107036233
17034,141884,1,0,2.6830919669009745
17035,141885,1,0,2.687588974367827
17036,141886,1,1,2.663444960489869
17037,141887,1,0,2.6786840171553195
17038,141888,1,0,2.682881022337824
17039,141889,1,0,2.6755969738587737
17040,141890,1,0,2.6887019630521536
17041,141891,1,0,2.682369959075004
17042,141892,1,0,2.6692860410548747
17043,141893,1,0,2.663013990968466
17044,141894,1,0,2.6830709539353848
17045,141895,1,0,2.6789330295287073
17046,141896,1,0,2.6677330024540424
17047,141897,1,0,2.687550033442676
17048,141898,1,0,2.684473991394043
17049,141899,1,0,2.6855560136027634
17050,141900,1,0,2.682079968508333
17051,141901,1,0,2.6883110404014587
17052,141902,1,0,2.690634981263429
17053,141903,1,1,2.6747859665192664
17054,141904,1,0,2.694902999792248
17055,141905,1,0,2.694692986551672
17056,141906,1,0,2.803233976010233
17057,141907,1,0,2.6671219966374338
17058,141908,1,0,2.693781047128141
17059,141909,1,0,2.6929290033876896
17060,141910,1,0,2.6847239932976663
17061,141911,1,0,2.6862179511226714
17062,141912,1,0,2.68746999790892
17063,141913,1,0,2.6848349953070283
17064,141914,1,0,2.672881993930787
17065,141915,1,0,2.688209991902113
17066,141916,1,0,2.6868690038099885
17067,141917,1,0,2.6741650071926415
17068,141918,1,0,2.685815969016403
17069,141919,1,0,2.687459986191243
17070,141920,1,1,2.6854960015043616
17071,141921,1,0,2.6723920018412173
17072,141922,1,0,2.6884510298259556
17073,141923,1,0,2.6798449689522386
17074,141924,1,0,2.679815050214529
17075,141925,1,0,2.679303986951709
17076,141926,1,0,2.678673015907407
17077,141927,1,0,2.6976779918186367
17078,141928,1,0,2.6814289740286767
17079,141929,1,0,2.6895430055446923
17080,141930,1,0,2.6784130022861063
17081,141931,1,0,2.6742450427263975
17082,141932,1,0,2.8063399950042367
17083,141933,1,0,2.6845239917747676
17084,141934,1,0,2.681567973922938
17085,141935,1,0,2.6751660043373704
17086,141936,1,0,2.6895630289800465
17087,141937,1,1,2.6813389849849045
17088,141938,1,0,2.6766799855977297
17089,141939,1,0,2.6748859672807157
17090,141940,1,0,2.679734956473112
17091,141941,1,0,2.682160004042089
17092,141942,1,0,2.6667109923437238
17093,141943,1,0,2.6760579785332084
17094,141944,1,0,2.675477007869631
17095,141945,1,0,2.6716699940152466
17096,141946,1,0,2.6707479846663773
17097,141947,1,0,2.677020034752786
17098,141948,1,0,2.690715016797185
17099,141949,1,0,2.671298978384584
17100,141950,1,0,2.685746003407985
17101,141951,1,0,2.6817290345206857
17102,141952,1,0,2.681027981452644
17103,141953,1,0,2.692088019102812
17104,141954,1,1,2.6866979897022247
17105,141955,1,0,2.6928699808195233
17106,141956,1,0,2.6713499682955444
17107,141957,1,0,2.691658039111644
17108,141958,1,0,2.6931100292131305
17109,141959,1,0,2.8055189759470522
17110,141960,1,0,2.6780220214277506
17111,141961,1,0,2.6844239910133183
17112,141962,1,0,2.6850849972106516
17113,141963,1,0,2.675507974345237
17114,141964,1,0,2.6806669775396585
17115,141965,1,0,2.6836529723368585
17116,141966,1,0,2.670086978469044
17117,141967,1,0,2.664838044438511
17118,141968,1,0,2.6836619945243
17119,141969,1,0,2.6854060124605894
17120,141970,1,0,2.676720032468438
17121,141971,1,1,2.687027968931943
17122,141972,1,0,2.696234965696931
17123,141973,1,0,2.6785130030475557
17124,141974,1,0,2.6717610307969153
17125,141975,1,0,2.689643995836377
17126,141976,1,0,2.696926996577531
17127,141977,1,0,2.698109019547701
17128,141978,1,0,2.6920170057564974
17129,141979,1,0,2.6945529971271753
17130,141980,1,0,2.686718013137579
17131,141981,1,0,2.6710089878179133
17132,141982,1,0,2.6903640246018767
17133,141983,1,0,2.6852450100705028
17134,141984,1,0,2.6798449689522386
17135,141985,1,0,2.8161979862488806
17136,141986,1,0,2.68584699369967
17137,141987,1,0,2.683843020349741
17138,141988,1,0,2.6805070228874683
17139,141989,1,1,2.685105020646006
17140,141990,1,0,2.6800159830600023
17141,141991,1,0,2.675616997294128
17142,141992,1,0,2.6805270463228226
17143,141993,1,0,2.686377032659948
17144,141994,1,0,2.6824999949894845
17145,141995,1,0,2.6697860448621213
17146,141996,1,0,2.6900539523921907
17147,141997,1,0,2.688571985345334
17148,141998,1,0,2.6751469704322517
17149,141999,1,0,2.681688987649977
17150,142000,1,0,2.6882400270551443
17151,142001,1,0,2.761146053671837
17152,142002,1,0,2.6756179868243635
17153,142003,1,0,2.682830032426864
17154,142004,1,0,2.697226998861879
17155,142005,1,0,2.6892030145972967
17156,142006,1,1,2.668323984835297
17157,142007,1,0,2.683483005966991
17158,142008,1,0,2.6841229991987348
17159,142009,1,0,2.672681992407888
17160,142010,1,0,2.6903750258497894
17161,142011,1,0,2.6913159526884556
17162,142012,1,0,2.8119200142100453
17163,142013,1,0,2.671961032319814
17164,142014,1,0,2.6809769915416837
17165,142015,1,0,2.6817990001291037
17166,142016,1,0,2.675076015293598
17167,142017,1,0,2.6792139979079366
17168,142018,1,0,2.688470995053649
17169,142019,1,0,2.6828410336747766
17170,142020,1,0,2.6809069677256048
17171,142021,1,0,2.740618016105145
17172,142022,1,0,2.691707981284708
17173,142023,1,1,2.688752021640539
17174,142024,1,0,2.6767299859784544
17175,142025,1,0,2.6951840263791382
17176,142026,1,0,2.695805043913424
17177,142027,1,0,2.6833220035769045
17178,142028,1,0,2.692199021112174
17179,142029,1,0,2.696084964554757
17180,142030,1,0,2.6949530001729727
17181,142031,1,0,2.6713500265032053
17182,142032,1,0,2.690986031666398
17183,142033,1,0,2.6905949926003814
17184,142034,1,0,2.6864479877986014
17185,142035,1,0,2.688181004486978
17186,142036,1,0,2.6939810486510396
17187,142037,1,0,2.690004010219127
17188,142038,1,0,2.805858966894448
17189,142039,1,0,2.679664990864694
17190,142040,1,1,2.692508976906538
17191,142041,1,0,2.686497988179326
17192,142042,1,0,2.670839021448046
17193,142043,1,0,2.6904449914582074
17194,142044,1,0,2.698299998883158
17195,142045,1,0,2.681328041944653
17196,142046,1,0,2.6777819730341434
17197,142047,1,0,2.6954240165650845
17198,142048,1,0,2.697398012969643
17199,142049,1,0,2.670016954652965
17200,142050,1,0,2.702106023207307
17201,142051,1,0,2.6910860324278474
17202,142052,1,0,2.68502498511225
17203,142053,1,0,2.6768000097945333
17204,142054,1,0,2.684103965293616
17205,142055,1,0,2.6805070228874683
17206,142056,1,0,2.67179001821205
17207,142057,1,1,2.6778519968502223
17208,142058,1,0,2.683731960132718
17209,142059,1,0,2.6767199742607772
17210,142060,1,0,2.6856260374188423
17211,142061,1,0,2.6947130099870265
17212,142062,1,0,2.692178008146584
17213,142063,1,0,2.666350977960974
17214,142064,1,0,2.694702008739114
17215,142065,1,0,2.8103970107622445
17216,142066,1,0,2.6880709920078516
17217,142067,1,0,2.6718000299297273
17218,142068,1,0,2.6959949755109847
17219,142069,1,0,2.688721986487508
17220,142070,1,0,2.6692560059018433
17221,142071,1,0,2.7085780166089535
17222,142072,1,0,2.688721986487508
17223,142073,1,0,2.674836025107652
17224,142074,1,1,2.6614509988576174
17225,142075,1,0,2.684814971871674
17226,142076,1,0,2.687680011149496
17227,142077,1,0,2.6781620108522475
17228,142078,1,0,2.6858969940803945
17229,142079,1,0,2.683572005480528
17230,142080,1,0,2.6825100067071617
17231,142081,1,0,2.6634850073605776
17232,142082,1,0,2.684113977011293
17233,142083,1,0,2.6897640200331807
17234,142084,1,0,2.678763004951179
17235,142085,1,0,2.6840129867196083
17236,142086,1,0,2.6875199982896447
17237,142087,1,0,2.669695997610688
17238,142088,1,0,2.6717809960246086
17239,142089,1,0,2.6860369835048914
17240,142090,1,0,2.6796850143000484
17241,142091,1,1,2.7958209975622594
17242,142092,1,0,2.679034019820392
17243,142093,1,0,2.682810998521745
17244,142094,1,0,2.678051998373121
17245,142095,1,0,2.695042989216745
17246,142096,1,0,2.6806570240296423
17247,142097,1,0,2.6800960185937583
17248,142098,1,0,2.673343988135457
17249,142099,1,0,2.677801006939262
17250,142100,1,0,2.6841829530894756
17251,142101,1,0,2.675717987585813
17252,142102,1,0,2.6742949848994613
17253,142103,1,0,2.684704028069973
17254,142104,1,0,2.683011000044644
17255,142105,1,0,2.670226967893541
17256,142106,1,0,2.676378993783146
17257,142107,1,0,2.674595976714045
17258,142108,1,1,2.6673320098780096
17259,142109,1,0,2.6580850244499743
17260,142110,1,0,2.6792139979079366
17261,142111,1,0,2.6742250192910433
17262,142112,1,0,2.670507994480431
17263,142113,1,0,2.6847539702430367
17264,142114,1,0,2.677059965208173
17265,142115,1,0,2.6895529590547085
17266,142116,1,0,2.681647951249033
17267,142117,1,0,2.6833819574676454
17268,142118,1,0,2.807902987115085
17269,142119,1,0,2.6740150060504675
17270,142120,1,0,2.693290007300675
17271,142121,1,0,2.682670019567013
17272,142122,1,0,2.683441969566047
17273,142123,1,0,2.6753470301628113
17274,142124,1,0,2.6883420068770647
17275,142125,1,1,2.690355002414435
17276,142126,1,0,2.6706590433605015
17277,142127,1,0,2.6751570403575897
17278,142128,1,0,2.688181004486978
17279,142129,1,0,2.690274966880679
17280,142130,1,0,2.67477601300925
17281,142131,1,0,2.701596007682383
17282,142132,1,0,2.6882709935307503
17283,142133,1,0,2.685446001123637
17284,142134,1,0,2.683181024622172
17285,142135,1,0,2.6858369819819927
17286,142136,1,0,2.6867580018006265
17287,142137,1,0,2.6769600226543844
17288,142138,1,0,2.6846640394069254
17289,142139,1,0,2.686497988179326
17290,142140,1,0,2.681117970496416
17291,142141,1,0,2.6780820335261524
17292,142142,1,1,2.6859570061787963
17293,142143,1,0,2.685145998839289
17294,142144,1,0,2.7943369932472706
17295,142145,1,0,2.693551010452211
17296,142146,1,0,2.686187974177301
17297,142147,1,0,2.6731929974630475
17298,142148,1,0,2.6740640169009566
17299,142149,1,0,2.6882910169661045
17300,142150,1,0,2.694763010367751
17301,142151,1,0,2.678042044863105
17302,142152,1,0,2.688501961529255
17303,142153,1,0,2.6868489803746343
17304,142154,1,0,2.6741449837572873
17305,142155,1,0,2.6706979842856526
17306,142156,1,0,2.6860570069402456
17307,142157,1,0,2.6887720450758934
17308,142158,1,0,2.6817290345206857
17309,142159,1,1,2.6856569456867874
17310,142160,1,0,2.6890530134551227
17311,142161,1,0,2.683783008251339
17312,142162,1,0,2.673264010809362
17313,142163,1,0,2.6878800126723945
17314,142164,1,0,2.689672983251512
17315,142165,1,0,2.681469020899385
17316,142166,1,0,2.6954240165650845
17317,142167,1,0,2.6912259636446834
17318,142168,1,0,2.6817990001291037
17319,142169,1,0,2.6726630167104304
17320,142170,1,0,2.688540960662067
17321,142171,1,0,2.812231017742306
17322,142172,1,0,2.6863369857892394
17323,142173,1,0,2.679484023246914
17324,142174,1,0,2.6886120322160423
17325,142175,1,0,2.6956750079989433
17326,142176,1,1,2.6902249664999545
17327,142177,1,0,2.684473991394043
17328,142178,1,0,2.6903250254690647
17329,142179,1,0,2.677560958545655
17330,142180,1,0,2.6757370214909315
17331,142181,1,0,2.6809470145963132
17332,142182,1,0,2.6973780477419496
17333,142183,1,0,2.6756179868243635
17334,142184,1,0,2.68783001229167
17335,142185,1,0,2.684474049601704
17336,142186,1,0,2.6759179891087115
17337,142187,1,0,2.6836220058612525
17338,142188,1,0,2.6830920251086354
17339,142189,1,0,2.6820190250873566
17340,142190,1,0,2.672281989362091
17341,142191,1,0,2.6881700032390654
17342,142192,1,0,2.684724982827902
17343,142193,1,1,2.6837619952857494
17344,142194,1,0,2.680687000975013
17345,142195,1,0,2.6896339841187
17346,142196,1,0,2.689783985260874
17347,142197,1,0,2.7965920162387192
17348,142198,1,0,2.674435032531619
17349,142199,1,0,2.691366011276841
17350,142200,1,0,2.6897539501078427
17351,142201,1,0,2.674525952897966
17352,142202,1,0,2.6862570084631443
17353,142203,1,0,2.686558000277728
17354,142204,1,0,2.6741549954749644
17355,142205,1,0,2.6804269873537123
17356,142206,1,0,2.686317020561546
17357,142207,1,0,2.6849949499592185
17358,142208,1,0,2.699080971069634
17359,142209,1,0,2.6932699838653207
17360,142210,1,1,2.7665660018101335
17361,142211,1,0,2.671480004210025
17362,142212,1,0,2.6863079983741045
17363,142213,1,0,2.694632043130696
17364,142214,1,0,2.7361700194887817
17365,142215,1,0,2.677150012459606
17366,142216,1,0,2.684863982722163
17367,142217,1,0,2.6882910169661045
17368,142218,1,0,2.690505003556609
17369,142219,1,0,2.674145041964948
17370,142220,1,0,2.699582022614777
17371,142221,1,0,2.70191696472466
17372,142222,1,0,2.6915870257653296
17373,142223,1,0,2.687219006475061
17374,142224,1,0,2.821458037942648
17375,142225,1,0,2.693620976060629
17376,142226,1,0,2.6802560314536095
17377,142227,1,1,2.6729219825938344
17378,142228,1,0,2.688171050976962
17379,142229,1,0,2.6824399828910828
17380,142230,1,0,2.661672013346106
17381,142231,1,0,2.6832110015675426
17382,142232,1,0,2.6917679933831096
17383,142233,1,0,2.6660290313884616
17384,142234,1,0,2.677860960830003
17385,142235,1,0,2.686637977603823
17386,142236,1,0,2.6845239917747676
17387,142237,1,0,2.672351023647934
17388,142238,1,0,2.6893930044025183
17389,142239,1,0,2.711874956730753
17390,142240,1,0,2.6810879935510457
17391,142241,1,0,2.6880709920078516
17392,142242,1,0,2.68085696734488
17393,142243,1,0,2.681959012988955
17394,142244,1,1,2.676368982065469
17395,142245,1,0,2.6869290159083903
17396,142246,1,0,2.6930299936793745
17397,142247,1,0,2.678463002666831
17398,142248,1,0,2.6900750235654414
17399,142249,1,0,2.6875199982896447
17400,142250,1,0,2.8125710086897016
17401,142251,1,0,2.6779419858939946
17402,142252,1,0,2.6964859571307898
17403,142253,1,0,2.6974380016326904
17404,142254,1,0,2.697828982491046
17405,142255,1,0,2.671640017069876
17406,142256,1,0,2.685796993318945
17407,142257,1,0,2.6932499604299664
17408,142258,1,0,2.6846840046346188
17409,142259,1,0,2.6787029928527772
17410,142260,1,0,2.7649030089378357
17411,142261,1,1,2.6902250247076154
17412,142262,1,0,2.6793639990501106
17413,142263,1,0,2.6883409591391683
17414,142264,1,0,2.6927299913950264
17415,142265,1,0,2.6833820156753063
17416,142266,1,0,2.6756779989227653
17417,142267,1,0,2.6852459996007383
17418,142268,1,0,2.6895629707723856
17419,142269,1,0,2.6779319741763175
17420,142270,1,0,2.6891720481216908
17421,142271,1,0,2.6842629886232316
17422,142272,1,0,2.6879499782808125
17423,142273,1,0,2.676559961400926
17424,142274,1,0,2.701045013964176
17425,142275,1,0,2.6989709585905075
17426,142276,1,0,2.6793049764819443
17427,142277,1,0,2.806119038723409
17428,142278,1,1,2.6898839860223234
17429,142279,1,0,2.688871987629682
17430,142280,1,0,2.6923089753836393
17431,142281,1,0,2.6918170042335987
17432,142282,1,0,2.6838320191018283
17433,142283,1,0,2.7194080175831914
17434,142284,1,0,2.666299988050014
17435,142285,1,0,2.683372003957629
17436,142286,1,0,2.677651005797088
17437,142287,1,0,2.675697032827884
17438,142288,1,0,2.6875589974224567
17439,142289,1,0,2.6825899840332568
17440,142290,1,0,2.686858002562076
17441,142291,1,0,2.6743150083348155
17442,142292,1,0,2.677420969121158
17443,142293,1,0,2.690205001272261
17444,142294,1,0,2.678543038200587
17445,142295,1,0,2.6817890466190875
17446,142296,1,1,2.6868789573200047
